{"type": "FeatureCollection", "columns": {"count": "Long<0, 4294967295>", "system:index": "String", "water": "Byte<0, 1>"}, "features": [{"type": "Feature", "geometry": {"geodesic": false, "type": "Polygon", "coordinates": [[[78.70944658668377, 10.375942907113918], [78.70953774565267, 10.375941853210428], [78.70953881015627, 10.376032106192438], [78.70962996914315, 10.376031052253014], [78.7096310336827, 10.376121305217058], [78.70972219268754, 10.376120251241701], [78.70972538644092, 10.376391010124852], [78.70981654551763, 10.376389956095597], [78.70981761013802, 10.376480209041675], [78.70972645104335, 10.376481263079913], [78.70972751565475, 10.376571516034975], [78.70945403820905, 10.376574678023927], [78.70944658668377, 10.375942907113918]]]}, "id": "+10635+5064", "properties": {"count": 19, "water": 1}}, {"type": "Feature", "geometry": {"geodesic": false, "type": "MultiPolygon", "coordinates": [[[[78.71212692847183, 10.386743710912356], [78.71212799484394, 10.386833963561989], [78.71203683298246, 10.386835019298044], [78.71203789934559, 10.386925271956661], [78.71194673744817, 10.386926327674749], [78.71194780379332, 10.38701658034235], [78.71185664185998, 10.387017636042472], [78.71185770818717, 10.387107888728037], [78.71176654621789, 10.387108944410194], [78.7117676125361, 10.387199197095761], [78.71167645053089, 10.38720025275995], [78.71167751682215, 10.387290505463483], [78.71158635478099, 10.387291561109706], [78.71158742106327, 10.387381813813239], [78.7114962589862, 10.387382869450478], [78.7114973252505, 10.387473122162994], [78.7114061631375, 10.387474177782268], [78.71140722938384, 10.387564430503767], [78.71122490508596, 10.387566541688415], [78.71122597128738, 10.387656794427881], [78.71104364689067, 10.387658905513714], [78.71104471305617, 10.38774915828013], [78.71049773947979, 10.387755490989656], [78.71049880549258, 10.38784574380997], [78.70995183141314, 10.387852075648134], [78.7099528972822, 10.387942328522346], [78.70967941002688, 10.387945494122524], [78.70968047582406, 10.388035747023688], [78.70958931336071, 10.388036802175836], [78.70958398459037, 10.387585537634093], [78.70967514691898, 10.38758448252686], [78.70967408117569, 10.387494229625696], [78.70976524346837, 10.387493174491514], [78.70976630924758, 10.387583427383692], [78.70994863385988, 10.387581317034478], [78.70994969970198, 10.38767156990869], [78.71013202433225, 10.387669459433711], [78.71013095843625, 10.387579206577465], [78.71022212071095, 10.387578151317518], [78.71022105480597, 10.387487898470255], [78.71040337927454, 10.387485787878495], [78.71040231332464, 10.387395535049198], [78.7104934755185, 10.387394479726368], [78.71049240955064, 10.387304226906053], [78.71058357170855, 10.387303171565257], [78.71058143975486, 10.38712266595158], [78.71067260184991, 10.3871216106018], [78.71067046987824, 10.386941104997106], [78.71094395594778, 10.386937938848954], [78.71094288989907, 10.38684768608254], [78.71103405187733, 10.386846630651911], [78.71103298581065, 10.38675637789448], [78.71121530968632, 10.38675426698831], [78.71121637580691, 10.386844519727775], [78.71130753774924, 10.386843464234266], [78.71130967006226, 10.387023969704213], [78.71140083205849, 10.387022914156805], [78.71140189825094, 10.387113166887287], [78.71158422226137, 10.38711105570264], [78.71158315600603, 10.387020802990124], [78.71167431796633, 10.38701974737085], [78.71167325170202, 10.386929494667317], [78.71176441362638, 10.386928439030077], [78.71176334734412, 10.38683818634451], [78.71185450923254, 10.386837130689305], [78.71185344294129, 10.386746878003738], [78.71212692847183, 10.386743710912356]]], [[[78.71212692847183, 10.386743710912356], [78.7121258621087, 10.386653458253738], [78.71221702390731, 10.386652402517683], [78.71221809029738, 10.386742655158335], [78.71212692847183, 10.386743710912356]]]]}, "id": "+10663+4945", "properties": {"count": 144, "water": 1}}, {"type": "Feature", "geometry": {"geodesic": false, "type": "Polygon", "coordinates": [[[78.71547030800356, 10.399612820587501], [78.71556147321576, 10.399611762596676], [78.7155561297939, 10.39916050144158], [78.71564729486236, 10.39915944346872], [78.71564302020214, 10.398798434576983], [78.71573418515382, 10.39879737662209], [78.7157320478282, 10.398616872194188], [78.715823212726, 10.398615814221328], [78.7158221440452, 10.398525562020852], [78.71591330890706, 10.398524504030027], [78.7159186524996, 10.398975765014441], [78.71582748751199, 10.3989768230412], [78.71583496878048, 10.3996085884625], [78.71574380360421, 10.399609646525192], [78.71574487236585, 10.399699898734651], [78.71565370715365, 10.39970095678836], [78.7156547758973, 10.399791209006802], [78.71547244539207, 10.399793325060319], [78.71547030800356, 10.399612820587501]]]}, "id": "+10702+4813", "properties": {"count": 35, "water": 1}}, {"type": "Feature", "geometry": {"geodesic": false, "type": "Polygon", "coordinates": [[[78.71455662683887, 10.353137049209712], [78.71464777868414, 10.353135996150638], [78.71464458802994, 10.352865238408349], [78.71473573979436, 10.352864185349274], [78.71473148562471, 10.35250317504718], [78.7154606985453, 10.352494749954744], [78.71545963481424, 10.352404497448841], [78.71573308942477, 10.352401337642794], [78.7157341532277, 10.35249159012175], [78.71664566821288, 10.352481055677227], [78.7166467322853, 10.352571308048383], [78.71673788375327, 10.352570254459302], [78.71673894786161, 10.352660506830459], [78.71683009934756, 10.35265945319646], [78.71683116349185, 10.352749705558635], [78.71692231499576, 10.352748651888705], [78.71692444336517, 10.352929156586102], [78.717015594914, 10.35292810288024], [78.71701985187741, 10.353289112230119], [78.71711100351607, 10.353288058461374], [78.71711845375677, 10.353919824736074], [78.7172096055661, 10.353918770868516], [78.71721492759906, 10.354370032427854], [78.71730607952517, 10.354368978497412], [78.71730714398387, 10.354459230796703], [78.71721599203082, 10.35446028474511], [78.71721705647154, 10.354550537053385], [78.71730820846054, 10.354549483095994], [78.71731246643905, 10.354910492293158], [78.7174036185089, 10.354909438272886], [78.71740681218142, 10.355180195134826], [78.7170422034978, 10.355184411170999], [78.71704007458939, 10.355003906518519], [78.71694892244768, 10.35500496044896], [78.7169467936291, 10.354824455778513], [78.71685564152332, 10.354825509655054], [78.71685457715446, 10.354735257310848], [78.71676342507564, 10.35473631116044], [78.7167623607427, 10.354646058798266], [78.71658005659403, 10.354648166398636], [78.71657792806292, 10.354467661647341], [78.716486776029, 10.354468715389135], [78.71648358337157, 10.35419795823075], [78.71639243140952, 10.354199011918647], [78.71639030307603, 10.354018507122435], [78.71629915114991, 10.354019560765416], [78.71629808702359, 10.353929308358326], [78.71620693511544, 10.353930361965373], [78.71620587102505, 10.353840109549301], [78.71611471913488, 10.353841163120416], [78.71611365508042, 10.35375091069536], [78.71602250319923, 10.353751964230543], [78.7160214391807, 10.353661711796505], [78.71593028732644, 10.353662765295754], [78.71592922333488, 10.353572512852733], [78.7158380714986, 10.353573566316049], [78.71583913545423, 10.353663818777038], [78.71574798357304, 10.353664872222389], [78.71575011146635, 10.353845377153347], [78.71556780757818, 10.353847484017098], [78.71556567978368, 10.353666979050207], [78.71547452787553, 10.353668032423693], [78.7154734640277, 10.353577779926772], [78.71538231212853, 10.353578833264324], [78.71538124831662, 10.353488580767404], [78.71483433690365, 10.353494900199832], [78.71483540057183, 10.353585152759635], [78.71456194465874, 10.353588312161438], [78.71455662683887, 10.353137049209712]]]}, "id": "+10706+5324", "properties": {"count": 452, "water": 1}}, {"type": "Feature", "geometry": {"geodesic": false, "type": "Polygon", "coordinates": [[[78.71569432649144, 10.40313054063104], [78.71578549270077, 10.403129482218006], [78.71578442356186, 10.403039230035496], [78.71587558973525, 10.403038171613478], [78.71587131317958, 10.402677162901405], [78.7159624792362, 10.402676104479387], [78.71594965019798, 10.401593078406048], [78.71604081593121, 10.401592020073862], [78.71603867784202, 10.401411515744774], [78.71612984351236, 10.401410457403605], [78.7161277054052, 10.4012299530835], [78.71621887102164, 10.401228894742333], [78.7162156638654, 10.400958138284635], [78.71630682938303, 10.400957079943465], [78.71629934617417, 10.400325314926405], [78.71657284213416, 10.400322139947816], [78.71657818762213, 10.400773400536972], [78.71648702218535, 10.400774458941022], [78.71649343693801, 10.40131597168574], [78.71640227133055, 10.40131703011674], [78.71640547876528, 10.401587786502574], [78.716314313068, 10.401588844933574], [78.7163175205117, 10.40185960135534], [78.71622635472458, 10.40186065978634], [78.7162327697108, 10.402402172656823], [78.71614160377096, 10.402403231123754], [78.71614374212066, 10.402583735425893], [78.71623490812338, 10.402582676940995], [78.71624239285939, 10.40321444192212], [78.716151226677, 10.403215500469901], [78.71615443448901, 10.403486256909634], [78.71606326821681, 10.403487315457415], [78.71606861463904, 10.403938576226235], [78.71570394893035, 10.403942810354478], [78.71570074136089, 10.403672053788982], [78.71579190772293, 10.403670995322049], [78.71578976934627, 10.40349049095703], [78.71569860303813, 10.403491549405995], [78.71569432649144, 10.40313054063104]]]}, "id": "+10709+4793", "properties": {"count": 140, "water": 1}}, {"type": "Feature", "geometry": {"geodesic": false, "type": "MultiPolygon", "coordinates": [[[[78.71984282874122, 10.360748406331112], [78.71993398223938, 10.360747351008284], [78.71993611401342, 10.36092785499601], [78.71984496046136, 10.360928910336806], [78.71984282874122, 10.360748406331112]]], [[[78.72140523313026, 10.3618134844244], [78.72149638677215, 10.3618124285536], [78.72149745321612, 10.361902680376783], [78.72158860687598, 10.361901624470049], [78.7215896733559, 10.36199187628425], [78.72168082703372, 10.361990820341584], [78.72168189354956, 10.3620810721468], [78.72177304723637, 10.362080016168202], [78.72177411378814, 10.362170267973418], [78.72186526750191, 10.362169211958886], [78.72186633408063, 10.362259463746138], [78.7216840265992, 10.362261575766219], [78.7216829600654, 10.362171323961002], [78.72159180634264, 10.362172379921635], [78.72159073984479, 10.362082128107435], [78.72149958613102, 10.362083184032135], [78.72149851966908, 10.36199293220895], [78.72140736597328, 10.36199398809772], [78.72140523313026, 10.3618134844244]]], [[[78.7205741886084, 10.360920466873822], [78.7204830351192, 10.360921522403263], [78.72048196907049, 10.360831270463299], [78.72039081560825, 10.360832325947825], [78.72038974959548, 10.360742073998876], [78.72029859614223, 10.360743129456454], [78.72029539823863, 10.36047237358266], [78.72020424485724, 10.360473428977356], [78.7202031789343, 10.36038317701044], [78.72002087219848, 10.360385287709999], [78.72001767464522, 10.36011453173739], [78.7199265213357, 10.360115587024287], [78.71992758715085, 10.360205839027135], [78.7198364338054, 10.360206894287082], [78.71983749960258, 10.360297146298912], [78.71974634623018, 10.360298201549876], [78.7197484777976, 10.36047870558252], [78.71965732436232, 10.3604797608245], [78.71965625859208, 10.360389508803687], [78.71956510516577, 10.360390564009736], [78.71956403944046, 10.360300311970956], [78.71947288603212, 10.360301367150054], [78.71946968897294, 10.360030611006767], [78.71910507555519, 10.360034831336888], [78.71910400999157, 10.359944579253192], [78.71901285663714, 10.35994563426161], [78.71901179110944, 10.35985538215995], [78.71882948442752, 10.359857492077973], [78.71882735350688, 10.359676987856684], [78.71864504688784, 10.359679097630977], [78.71864398149489, 10.359588845493382], [78.71846167489382, 10.359590955150894], [78.71846060956376, 10.359500703004317], [78.71827830296269, 10.359502812536064], [78.71827936823884, 10.35959306470959], [78.71818821490237, 10.359594119448516], [78.71818928016955, 10.359684371631026], [78.71809812678816, 10.359685426351984], [78.71809493111239, 10.359414669777506], [78.71763916448394, 10.359419942861273], [78.71763703434483, 10.359239438379472], [78.71727242107082, 10.35924365631109], [78.71726390171816, 10.358521638069476], [78.71717274857932, 10.358522692413143], [78.71717381344226, 10.35861294470345], [78.71708266027646, 10.358613999038132], [78.71708159544048, 10.358523746729858], [78.71699044228367, 10.358524801028608], [78.7169893774926, 10.358434548711351], [78.71680707120593, 10.358436657201054], [78.71680174762787, 10.3579853955429], [78.71671059459682, 10.357986449706905], [78.71670846528417, 10.357805945018491], [78.71679961826132, 10.357804890881438], [78.716798553596, 10.357714638546213], [78.71688970653722, 10.35771358438221], [78.71688757717965, 10.357533079738714], [78.71679642429234, 10.357534133875767], [78.7167942950246, 10.357353629196336], [78.71688544785802, 10.357352575077249], [78.71688438321966, 10.357262322751009], [78.71697553601715, 10.357261268613955], [78.71697660068244, 10.357351520931212], [78.7170677534979, 10.35735046676721], [78.71706881820812, 10.357440719075484], [78.71715997104154, 10.357439664866565], [78.7171610357787, 10.357529917165856], [78.71725218863008, 10.357528862929989], [78.71725431819426, 10.357709367510605], [78.71734547108159, 10.357708313220837], [78.71734653590859, 10.357798565502161], [78.71743768881386, 10.357797511176463], [78.71743981853975, 10.357978015721146], [78.71753097148994, 10.35797696135053], [78.71753310130565, 10.358157465868263], [78.71762425430076, 10.358156411461716], [78.71762531925351, 10.358246663707108], [78.71771647225762, 10.358245609264628], [78.71771753724632, 10.358335861501036], [78.71780869026837, 10.358334807022624], [78.71780975528402, 10.358425059250049], [78.71790090832405, 10.358424004735703], [78.71790197338463, 10.358514256954146], [78.71808427949162, 10.35851214782664], [78.7180853446061, 10.358602400027117], [78.71854110982419, 10.35859712671877], [78.71854004457498, 10.358506874572193], [78.71972503264904, 10.358493161088694], [78.71972609823062, 10.35858341311849], [78.71990840399626, 10.358581302948938], [78.71991053530317, 10.358761806963615], [78.72000168821744, 10.35876075182045], [78.72000275391581, 10.358851003823297], [78.72009390684804, 10.358849948644197], [78.72009603831664, 10.359030452622942], [78.72018719129379, 10.359029397398928], [78.72018932285222, 10.359209901359705], [78.72028047587429, 10.359208846090775], [78.72028260752256, 10.359389350024603], [78.72037376058054, 10.359388294710756], [78.7203833537254, 10.360200562305188], [78.72047450700798, 10.360199506883545], [78.720479837009, 10.360650766583369], [78.72057099040835, 10.36064971108986], [78.7205741886084, 10.360920466873822]]], [[[78.7197484777976, 10.36047870558252], [78.71983963123289, 10.36047765031359], [78.71984282874122, 10.360748406331112], [78.71975167523406, 10.360749461626993], [78.7197484777976, 10.36047870558252]]], [[[78.7205741886084, 10.360920466873822], [78.72066534207961, 10.360919411326414], [78.72066854044135, 10.361190167083427], [78.72075969397545, 10.361189111482119], [78.72076076014095, 10.361279363386151], [78.72085191370199, 10.361278307748911], [78.72085404611383, 10.361458811547992], [78.72094519971081, 10.361457755865837], [78.72094626595715, 10.361548007751903], [78.72121972677505, 10.361544840525774], [78.72122079311123, 10.361635092375908], [78.72131194672617, 10.36163403657697], [78.72131301309828, 10.361724288427103], [78.72103955215462, 10.361727455787982], [78.72103848586336, 10.361637203910899], [78.7208561785616, 10.361639315338092], [78.72085511233323, 10.361549063443043], [78.7207639587003, 10.361550119107232], [78.72076289250786, 10.3614598672032], [78.72067173888394, 10.361460922831455], [78.72066960657989, 10.361280418996442], [78.72057845300088, 10.361281474588766], [78.7205741886084, 10.360920466873822]]], [[[78.72131301309828, 10.361724288427103], [78.72140416672221, 10.361723232583252], [78.72140523313026, 10.3618134844244], [78.72131407947937, 10.361814540268254], [78.72131301309828, 10.361724288427103]]]]}, "id": "+10719+5270", "properties": {"count": 602, "water": 1}}, {"type": "Feature", "geometry": {"geodesic": false, "type": "Polygon", "coordinates": [[[78.71751258468286, 10.394985626316943], [78.71760374834098, 10.394984568209336], [78.71760267953444, 10.394894316170557], [78.71769384314763, 10.394893258044984], [78.71768956793045, 10.394532249898848], [78.71778073143585, 10.394531191782258], [78.71777538750196, 10.39407993164226], [78.71786655086362, 10.394078873543636], [78.71786548207506, 10.393988621522823], [78.71795664540977, 10.393987563415216], [78.71795130150282, 10.393536303347082], [78.71822479103986, 10.393533129006295], [78.71822585987336, 10.393623380991176], [78.71831702306434, 10.393622322820686], [78.71831916082115, 10.393802826772482], [78.71822799758525, 10.39380388496992], [78.71823441094553, 10.394345396870222], [78.71814324753893, 10.39434645509461], [78.71814645427297, 10.394617211067217], [78.71805529078554, 10.394618269291605], [78.71805742860523, 10.394798773288317], [78.71796626504594, 10.39479983150372], [78.71796840285666, 10.394980335518397], [78.71787723924345, 10.394981393733802], [78.7178793770362, 10.395161897757463], [78.71778821336012, 10.395162955963885], [78.71778928223853, 10.395253207993681], [78.71769811852651, 10.395254266173152], [78.71769918739594, 10.395344518211934], [78.717608023648, 10.395345576382422], [78.71760588597203, 10.39516507229588], [78.717514722269, 10.395166130421453], [78.71751258468286, 10.394985626316943]]]}, "id": "+10728+4868", "properties": {"count": 75, "water": 1}}, {"type": "Feature", "geometry": {"geodesic": false, "type": "Polygon", "coordinates": [[[78.71779783367901, 10.395975224151204], [78.71788899758866, 10.395974165863935], [78.71788792859347, 10.395883913852105], [78.71807025634088, 10.395881797223666], [78.71806918730977, 10.395791545229802], [78.71834267876919, 10.39578837010748], [78.71834481699312, 10.395968874032326], [78.71825365313738, 10.395969932454344], [78.71825792960323, 10.396330940330984], [78.7181667656307, 10.396331998761983], [78.71816997301153, 10.396602754689678], [78.71807880894917, 10.396603813120677], [78.7180777398372, 10.396513561135796], [78.71798657578383, 10.396514619530864], [78.71798123051144, 10.396063359552562], [78.71779890264725, 10.396065476172017], [78.71779783367901, 10.395975224151204]]]}, "id": "+10729+4843", "properties": {"count": 27, "water": 1}}, {"type": "Feature", "geometry": {"geodesic": false, "type": "Polygon", "coordinates": [[[78.71808637553966, 10.374127881276483], [78.71817753308923, 10.374126825100253], [78.71817646631288, 10.374036572998593], [78.71835878134016, 10.374034460592236], [78.71836198184886, 10.374305216843322], [78.71845313942538, 10.37430416057726], [78.71845527320266, 10.374484664717702], [78.71854643081511, 10.374483608406726], [78.71854963163823, 10.374754364585947], [78.71864078932255, 10.374753308221072], [78.71865679511801, 10.37610708890158], [78.71856563704742, 10.376108145410186], [78.71856030166548, 10.375656885144423], [78.71846914371167, 10.375657941581164], [78.71846594267295, 10.37538718539296], [78.71837478479101, 10.3753882417758], [78.71837371782601, 10.375297989701089], [78.71828255995305, 10.375299046047997], [78.7182804261039, 10.375118541871624], [78.71818926827586, 10.375119598173617], [78.71818180029344, 10.374487833497918], [78.71809064263607, 10.37448888971008], [78.71808637553966, 10.374127881276483]]]}, "id": "+10732+5084", "properties": {"count": 70, "water": 1}}, {"type": "Feature", "geometry": {"geodesic": false, "type": "Polygon", "coordinates": [[[78.71970742638811, 10.364721605317635], [78.71979858104511, 10.364720549635479], [78.71979751479877, 10.3646302976506], [78.72007097864399, 10.364627130469385], [78.72006991232577, 10.364536878511453], [78.72016106690192, 10.364535822739466], [78.72016000056574, 10.364445570790519], [78.72061577314105, 10.364440291607188], [78.72061683960298, 10.364530543502239], [78.72079914862053, 10.36452843163487], [78.72080021515433, 10.364618683520936], [78.72107367867616, 10.364615515486323], [78.7210747452908, 10.36470576734544], [78.72125705431733, 10.364703655172644], [78.72125812099488, 10.364793907013794], [78.72134927550813, 10.364792850882482], [78.7213503422216, 10.364883102705665], [78.72144149676181, 10.364882046538419], [78.72144256351122, 10.36497229835262], [78.72162487260961, 10.364970185928296], [78.72162593942188, 10.365060437724532], [78.72171709398008, 10.36505938145847], [78.72171816082829, 10.365149633245723], [78.72180931540443, 10.36514857694373], [78.72181038228858, 10.365238828721997], [78.72190153688268, 10.365237772393055], [78.72190367072285, 10.365418275922641], [78.72199482536188, 10.365417219548783], [78.72199695930085, 10.365597723060404], [78.72208811397581, 10.365596666632646], [78.72209238206935, 10.365957673610971], [78.72218353684313, 10.365956617129315], [78.72218887231489, 10.366407875787095], [78.72228002720544, 10.366406819233573], [78.722298170075, 10.367941098413104], [78.72220701474427, 10.367942155128322], [78.72220061121156, 10.36740064479109], [78.72210945602457, 10.36740170142546], [78.72210518729322, 10.367040694492049], [78.72201403220504, 10.367041751063537], [78.72201083084292, 10.366770995827547], [78.72191967581762, 10.366772052345135], [78.72191754168101, 10.366591548824532], [78.72182638670063, 10.366592605306188], [78.72182211863404, 10.366231598229048], [78.72173096375246, 10.36623265463884], [78.72172882983145, 10.366052151082304], [78.72163767498581, 10.366053207447179], [78.72163660806574, 10.365962955659926], [78.72154545323805, 10.36596401198887], [78.72154438635391, 10.365873760183652], [78.7214532315442, 10.365874816485645], [78.72145109785676, 10.365694312866227], [78.72135994308299, 10.36569536911432], [78.72135887627968, 10.365605117291137], [78.72126772152387, 10.365606173512282], [78.72126665476549, 10.365515921680114], [78.72108434527183, 10.365518034014606], [78.72108327856736, 10.365427782164472], [78.7209921238385, 10.365428838286803], [78.72099105716994, 10.365338586427686], [78.72080874772121, 10.365340698573531], [78.72080661451885, 10.365160194810382], [78.7207154598349, 10.365161250824915], [78.72071439327416, 10.36507099893885], [78.72062323860818, 10.365072054917448], [78.72062217208337, 10.364981803013416], [78.72053101743535, 10.364982858965067], [78.72052995094646, 10.36489260705205], [78.72025648700243, 10.36489577470039], [78.72025542060337, 10.364805522760424], [78.71970849262547, 10.364811857320483], [78.71970742638811, 10.364721605317635]]]}, "id": "+10758+5190", "properties": {"count": 232, "water": 1}}, {"type": "Feature", "geometry": {"geodesic": false, "type": "Polygon", "coordinates": [[[78.71990805084158, 10.381688969734595], [78.71999921039439, 10.381687912291742], [78.7199981423065, 10.38159766041466], [78.7204539397831, 10.3815923728231], [78.72045287156945, 10.381502120999915], [78.72081750926866, 10.381497890500865], [78.72081857759011, 10.381588142288116], [78.72090973701715, 10.381587084593734], [78.72090866866876, 10.381496832815467], [78.72145562487171, 10.381490486137137], [78.72145776188293, 10.381670989576891], [78.72154892126505, 10.381669931693864], [78.7215499898111, 10.381760183400267], [78.72136767098394, 10.381762299175305], [78.72136873948506, 10.381852550899675], [78.7210041015972, 10.381856782171276], [78.72100517000848, 10.381947033931578], [78.72064053186911, 10.381951264825886], [78.72064160018157, 10.382041516631103], [78.72055044059283, 10.382042574298536], [78.7205493723073, 10.381952322484334], [78.72027589356803, 10.381955495306968], [78.72027482536335, 10.38186524346582], [78.72009250620383, 10.381867358531188], [78.72009143807102, 10.381777106672073], [78.71990911892048, 10.381779221620661], [78.71990805084158, 10.381688969734595]]]}, "id": "+10765+5001", "properties": {"count": 67, "water": 1}}, {"type": "Feature", "geometry": {"geodesic": false, "type": "Polygon", "coordinates": [[[78.72105523717067, 10.339883323402253], [78.72123753186008, 10.339881216242057], [78.72123646780564, 10.339790964266161], [78.72150990968704, 10.339787803373154], [78.72151097382235, 10.339878055322101], [78.72178441569477, 10.3398748941596], [78.7217833514876, 10.339784642237602], [78.7219656459704, 10.33978253469113], [78.72196671023147, 10.339872786595162], [78.72224015195118, 10.339869625046385], [78.72223908761825, 10.339779373178285], [78.72233023481024, 10.339778319283777], [78.72232917045935, 10.33968806742466], [78.72260261191855, 10.339684905624356], [78.72260474078205, 10.339865409297673], [78.72278703513908, 10.339863301266112], [78.7227880996427, 10.339953553089295], [78.72251465801281, 10.339956715123163], [78.72251572245354, 10.340046966964312], [78.7218776914628, 10.340054344207903], [78.72187662721072, 10.339964092303871], [78.72105630118021, 10.339973575396117], [78.72105523717067, 10.339883323402253]]]}, "id": "+10783+5464", "properties": {"count": 38, "water": 1}}, {"type": "Feature", "geometry": {"geodesic": false, "type": "Polygon", "coordinates": [[[78.72331154247902, 10.43030169403325], [78.7235850623881, 10.430298504007878], [78.72358398814676, 10.430208252777582], [78.72394868110133, 10.430203999093015], [78.72394760677015, 10.430113747898652], [78.72412995313965, 10.430111620921622], [78.72413102752472, 10.430201872098019], [78.72422220072295, 10.430200808555604], [78.72422327514396, 10.430291059723018], [78.72413210191878, 10.430292123265431], [78.72413317632183, 10.430382374441828], [78.72404200306971, 10.43038343797526], [78.7240430774548, 10.430473689151658], [78.72395190416674, 10.430474752667122], [78.72395297853386, 10.430565003861485], [78.72386180520986, 10.430566067358983], [78.72386287955902, 10.430656318553346], [78.7237717061991, 10.43065738203288], [78.72377278053926, 10.43074763324521], [78.72368160713442, 10.430748696706775], [78.72367945851698, 10.430568194273132], [78.72358828515706, 10.430569257698766], [78.72358721088877, 10.43047900646847], [78.72349603754681, 10.430480069849187], [78.72349711178816, 10.430570321088467], [78.72340593841028, 10.430571384460201], [78.72340378999046, 10.430390881963676], [78.72331261664851, 10.430391945290495], [78.72331154247902, 10.43030169403325]]]}, "id": "+10788+4462", "properties": {"count": 33, "water": 1}}, {"type": "Feature", "geometry": {"geodesic": false, "type": "Polygon", "coordinates": [[[78.72305026482861, 10.362155481434348], [78.72314141840762, 10.362154425060488], [78.72313928454052, 10.361973921746499], [78.72323043804766, 10.361972865363656], [78.72322937110064, 10.361882613720136], [78.72332052458084, 10.361881557319327], [78.72331839066881, 10.36170105404127], [78.72340954407714, 10.36169999764046], [78.72340847711216, 10.361609746005923], [78.72359078385696, 10.361607633141427], [78.72358971684704, 10.361517381524855], [78.72368087017453, 10.361516325061165], [78.72367660213489, 10.361155318639796], [78.72376775535457, 10.361154262194072], [78.72376668833569, 10.361064010595467], [78.72394899469421, 10.361061897632153], [78.72394792763939, 10.360971646051516], [78.72403908077823, 10.360970589542909], [78.72404014785103, 10.361060841114565], [78.72413130100783, 10.361059784570026], [78.72413236812554, 10.361150036132699], [78.72404121494178, 10.361151092686221], [78.72404228204152, 10.361241344248892], [78.72413343525223, 10.361240287686389], [78.72413556953256, 10.36142079080275], [78.7242267227792, 10.36141973419533], [78.72422885714937, 10.361600237293725], [78.7240465505483, 10.361602350517549], [78.72405295358692, 10.362143859911551], [78.7239618001157, 10.362144916536938], [78.7239628672963, 10.362235168108592], [78.72378056026403, 10.362237281314451], [78.72378269455335, 10.362417784493694], [78.72369154097433, 10.362418841074165], [78.72369260811001, 10.36250909267277], [78.72360145449507, 10.362510149235275], [78.72360358873946, 10.362690652450452], [78.72323897395627, 10.36269487852979], [78.72323790693738, 10.362604626886268], [78.72305559954579, 10.36260673975975], [78.72305026482861, 10.362155481434348]]]}, "id": "+10796+5228", "properties": {"count": 127, "water": 1}}, {"type": "Feature", "geometry": {"geodesic": false, "type": "Polygon", "coordinates": [[[78.72448039150153, 10.352029347053323], [78.72466269248814, 10.352027235509349], [78.72466375880634, 10.35211748707202], [78.72475490930414, 10.352116431246134], [78.72475704202141, 10.35229693434453], [78.7248481925731, 10.352295878473727], [78.72485139179722, 10.352566633080897], [78.72466909054113, 10.352568744840466], [78.72467015691323, 10.352658996394156], [78.72457900624475, 10.35266005223801], [78.7245779398996, 10.352569800675337], [78.7244867892401, 10.352570856492239], [78.72448039150153, 10.352029347053323]]]}, "id": "+10804+5327", "properties": {"count": 21, "water": 1}}, {"type": "Feature", "geometry": {"geodesic": false, "type": "Polygon", "coordinates": [[[78.72443189824162, 10.355640465664585], [78.72452304978147, 10.35563940955124], [78.72452198313987, 10.355549158006532], [78.72470428614768, 10.35554704572594], [78.72470321945218, 10.3554567941992], [78.72479437092015, 10.355455738031955], [78.72479543763362, 10.35554598954971], [78.72488658911956, 10.355544933346533], [78.72488872263632, 10.355725436373064], [78.72479757109649, 10.355726492594208], [78.7247986378459, 10.355816744120947], [78.72488978940369, 10.35581568789082], [78.72489192297435, 10.355996190908368], [78.72498307457708, 10.355995134633323], [78.72498414140733, 10.356085386133113], [78.72507529301903, 10.356084329822137], [78.72507742676038, 10.356264832803753], [78.7248951234112, 10.356266945434689], [78.72489405658993, 10.356176693925914], [78.72480290492433, 10.356177750191975], [78.724801838139, 10.356087498674217], [78.72452838316914, 10.35609066730172], [78.72452731647364, 10.35600041574803], [78.7246184681123, 10.355999359580784], [78.72461633469435, 10.355818856500354], [78.72452518310959, 10.355819912658617], [78.72452624978712, 10.355910164203324], [78.72443509816644, 10.35591122034362], [78.72443189824162, 10.355640465664585]]]}, "id": "+10805+5289", "properties": {"count": 31, "water": 1}}, {"type": "Feature", "geometry": {"geodesic": false, "type": "Polygon", "coordinates": [[[78.72485885700385, 10.353198393804009], [78.72495000779809, 10.353197337816427], [78.72494894129123, 10.35310708629867], [78.72513124279885, 10.353104974269606], [78.72513230935961, 10.353195225769396], [78.7252234601269, 10.353194169709948], [78.72522559333824, 10.353374672691562], [78.72531674415045, 10.353373616587199], [78.72531994412016, 10.35364437103267], [78.7252287932361, 10.353645427163984], [78.72523092654625, 10.353825930136615], [78.72504862463438, 10.35382804236331], [78.72504329169587, 10.353376784828425], [78.72486099000857, 10.353378896857489], [78.72485885700385, 10.353198393804009]]]}, "id": "+10809+5315", "properties": {"count": 23, "water": 1}}, {"type": "Feature", "geometry": {"geodesic": false, "type": "Polygon", "coordinates": [[[78.72569477899142, 10.423684650559993], [78.7260594634749, 10.423680397100004], [78.72606053773421, 10.423770648114704], [78.72733693257744, 10.42375575759564], [78.72733908185964, 10.423936259355544], [78.72724791081738, 10.423937323149488], [78.72724683618975, 10.423847072260552], [78.72715566515647, 10.423848136018561], [78.72715673975715, 10.42393838691648], [78.72697439760974, 10.423940514378602], [78.72697547216549, 10.424030765294487], [78.72679312992825, 10.424032892666776], [78.72679205542639, 10.423942641732925], [78.72615385747477, 10.423950086673555], [78.72615278316155, 10.42385983566784], [78.72569692731243, 10.423865152661259], [78.72569477899142, 10.423684650559993]]]}, "id": "+10810+4533", "properties": {"count": 36, "water": 1}}, {"type": "Feature", "geometry": {"geodesic": false, "type": "Polygon", "coordinates": [[[78.72506038570147, 10.339385684322114], [78.72542497279858, 10.339381465573029], [78.72542603800288, 10.339471717126717], [78.72551718478165, 10.339470662360844], [78.72552038052929, 10.339741416976995], [78.72542923366967, 10.339742471760836], [78.72543029891888, 10.339832723305543], [78.72524800512778, 10.339834832828307], [78.72524693994146, 10.339744581265634], [78.72506464615934, 10.339746690662636], [78.72506038570147, 10.339385684322114]]]}, "id": "+10814+5467", "properties": {"count": 21, "water": 1}}, {"type": "Feature", "geometry": {"geodesic": false, "type": "MultiPolygon", "coordinates": [[[[78.72526186394073, 10.3564432230107], [78.72526506483571, 10.35671397742024], [78.72517391305333, 10.356715033847998], [78.7251728461063, 10.356624782366174], [78.72508169434188, 10.356625838757997], [78.72507956052867, 10.356445335785367], [78.72526186394073, 10.3564432230107]]], [[[78.72526186394073, 10.3564432230107], [78.72526079700268, 10.35635297153786], [78.72553425196357, 10.356349802218656], [78.72552891700384, 10.35589854499818], [78.72562006850774, 10.355897488552458], [78.72561793454182, 10.355716985687623], [78.72570908598284, 10.355715929232916], [78.72571442111325, 10.35616718636356], [78.72562326953748, 10.356168242863182], [78.72562433656536, 10.356258494291108], [78.72571548816808, 10.356257437782501], [78.72571655523188, 10.356347689210427], [78.72562540360222, 10.356348745728015], [78.72562647064807, 10.35643899715594], [78.72526186394073, 10.3564432230107]]]]}, "id": "+10815+5286", "properties": {"count": 20, "water": 1}}, {"type": "Feature", "geometry": {"geodesic": false, "type": "Polygon", "coordinates": [[[78.72513370755142, 10.407172944533476], [78.72622770367134, 10.407160204796797], [78.72622663110984, 10.40706995371023], [78.72668246227327, 10.40706464443334], [78.72668353496951, 10.40715489547499], [78.72695703362444, 10.407151709572885], [78.72695810640154, 10.407241960578602], [78.72732277125682, 10.407237712310877], [78.7273238441507, 10.407327963280661], [78.72741501036003, 10.40732690113962], [78.72741608328984, 10.40741715210042], [78.72723375079931, 10.407419276382505], [78.7272348236932, 10.407509527361272], [78.72696132480469, 10.407512713604737], [78.7269623976267, 10.407602964619437], [78.72668889857651, 10.407606150656289], [78.72668997132666, 10.407696401697939], [78.72659880492868, 10.4076974636683], [78.72659987766986, 10.40778771470995], [78.72641754479305, 10.407789838596777], [78.72641861748032, 10.407880089665376], [78.72614511802588, 10.407883275324936], [78.72614619065025, 10.407973526411501], [78.7257815244565, 10.407977773646165], [78.72578259698206, 10.408068024768662], [78.72550909715932, 10.408071209952114], [78.7255080247056, 10.407980958793685], [78.72541685810103, 10.407982020458618], [78.72541578569223, 10.407891769291206], [78.72532461910562, 10.407892830920208], [78.72532354672379, 10.40780257974381], [78.72523238015512, 10.407803641336882], [78.72522916315334, 10.407532887780741], [78.72513799664758, 10.407533949319912], [78.72513370755142, 10.407172944533476]]]}, "id": "+10819+4717", "properties": {"count": 170, "water": 1}}, {"type": "Feature", "geometry": {"geodesic": false, "type": "Polygon", "coordinates": [[[78.72609463755781, 10.365189153252224], [78.72627694581179, 10.365187038141938], [78.72627801397154, 10.365277289453083], [78.7263691681165, 10.365276231848533], [78.72637023631219, 10.365366483159677], [78.72646139046613, 10.365365425519194], [78.72646245870672, 10.365455676812372], [78.72655361287863, 10.365454619135956], [78.7265568177262, 10.365725372997524], [78.72646566347345, 10.365726430700889], [78.72646673175, 10.365816681994067], [78.72610211455033, 10.365820912573964], [78.72609463755781, 10.365189153252224]]]}, "id": "+10820+5181", "properties": {"count": 28, "water": 1}}, {"type": "Feature", "geometry": {"geodesic": false, "type": "MultiPolygon", "coordinates": [[[[78.72819710738885, 10.381051130076024], [78.72819817777643, 10.381141381099708], [78.72801586068303, 10.381143500521906], [78.72801693103467, 10.38123375157254], [78.72792577244307, 10.381234811252197], [78.72792684277674, 10.38132506230283], [78.72765336688512, 10.381328241225026], [78.72765443714692, 10.381418492302608], [78.72747211978404, 10.38142061147328], [78.72747319000094, 10.381510862568827], [78.72683507874572, 10.3815182789071], [78.72683614879193, 10.381608530074512], [78.7265626723164, 10.381611708143309], [78.72656160235104, 10.381521456948946], [78.72665276115825, 10.381520397628613], [78.72665062120056, 10.381339895257852], [78.72683293868921, 10.381337776572272], [78.72683400871747, 10.381428027739686], [78.72692516747078, 10.381426968347487], [78.72692409741558, 10.381336717189058], [78.72719757354076, 10.381333538895683], [78.72719650342269, 10.381243287764201], [78.72728766208617, 10.381242228291155], [78.7272887322312, 10.381332479413654], [78.7275622082396, 10.38132930080587], [78.72756113801373, 10.38123904971032], [78.72774345525086, 10.381236930530667], [78.72774238498006, 10.381146679462068], [78.72792470212735, 10.381144560192581], [78.72792363182063, 10.381054309141948], [78.72819710738885, 10.381051130076024]]], [[[78.72819710738885, 10.381051130076024], [78.72819603701026, 10.380960879043357], [78.7282871954851, 10.380959819318782], [78.72828826589064, 10.381050070333483], [78.72819710738885, 10.381051130076024]]]]}, "id": "+10840+5006", "properties": {"count": 34, "water": 1}}, {"type": "Feature", "geometry": {"geodesic": false, "type": "Polygon", "coordinates": [[[78.72551185872423, 10.339019404664262], [78.72578529860239, 10.339016240375623], [78.72578742915472, 10.339196743402153], [78.72587857580773, 10.339195688564415], [78.7258796411288, 10.339285940064205], [78.72597078779977, 10.339284885199516], [78.72596865713066, 10.339104382208918], [78.72605980373875, 10.339103327335247], [78.72606193446175, 10.339283830298895], [78.72633537440281, 10.339280665462283], [78.72633430895597, 10.339190414007408], [78.72642545555507, 10.339189359016956], [78.72642439009924, 10.339099107571064], [78.72651553666242, 10.339098052571629], [78.72651340572382, 10.338917549697811], [78.7266045522241, 10.33891649468041], [78.72660348674134, 10.338826243252484], [78.7266946332057, 10.3388251882261], [78.72669356771394, 10.338734936807157], [78.72678471414235, 10.338733881762805], [78.72678364862365, 10.338643630352847], [78.72705708778317, 10.338640465094027], [78.72705602220158, 10.338550213711018], [78.72714716854017, 10.338549158585817], [78.72714610294061, 10.338458907211791], [78.72732839554594, 10.338456796898509], [78.72732732990147, 10.33836654554245], [78.72741847615922, 10.338365490354366], [78.72741741050575, 10.33827523900729], [78.72814658001975, 10.338266796667199], [78.72814764587982, 10.338357047942411], [78.72823879204773, 10.338355992529749], [78.72823985795272, 10.338446243786995], [78.7283310041386, 10.338445188338401], [78.72833526793819, 10.338806193340433], [78.72815297535084, 10.338808304300503], [78.72815723909653, 10.339169309365417], [78.72806609268608, 10.339170364840959], [78.7280682245679, 10.339350867400366], [78.72797707809457, 10.339351922866925], [78.72797920995843, 10.339532425435316], [78.72825264951321, 10.339529258891904], [78.7282579797478, 10.339980515160166], [78.72844027299092, 10.339978403912635], [78.72844347140655, 10.340249157603523], [78.72835232471762, 10.340250213276695], [78.72835658929876, 10.34061121823381], [78.72826544249303, 10.340612273906983], [78.72826757478809, 10.340792776403507], [78.7280852810419, 10.340794887713919], [78.72808421493929, 10.340704636456675], [78.72781077431553, 10.340707803206698], [78.72780970830274, 10.34061755191352], [78.72762741455657, 10.34061966293647], [78.72762634859768, 10.340529411616343], [78.72735290798289, 10.340532577935175], [78.72735184212283, 10.340442326588098], [78.72716954837664, 10.340444437314606], [78.72716848257946, 10.340354185958546], [78.72707733571984, 10.340355241272391], [78.7270762699496, 10.340264989898365], [78.72689397625732, 10.340267100436227], [78.72689291054996, 10.340176849044234], [78.72680176370831, 10.340177904259265], [78.7268006980369, 10.34008765285829], [78.72661840438953, 10.340089763207505], [78.72661733878098, 10.33999951177958], [78.72634389830992, 10.340002677083314], [78.72634283278224, 10.33991242562844], [78.72597824546055, 10.339916645626184], [78.72597718004964, 10.339826394135377], [78.72579488637533, 10.339828503963568], [78.72579062504609, 10.339467497928474], [78.72569947830326, 10.339468552766213], [78.72569841301811, 10.339378301248457], [78.72560726628426, 10.339379356050264], [78.72560620104403, 10.339289104523523], [78.72551505432814, 10.339290159289398], [78.72551185872423, 10.339019404664262]], [[78.72696700697226, 10.338731771602237], [78.72705815337373, 10.338730716477036], [78.72705921898228, 10.338820967860046], [78.72696807255384, 10.33882202299423], [78.72696700697226, 10.338731771602237]]]}, "id": "+10844+5479", "properties": {"count": 493, "water": 1}}, {"type": "Feature", "geometry": {"geodesic": false, "type": "MultiPolygon", "coordinates": [[[[78.72866298319039, 10.366513298331848], [78.72857182892866, 10.366514356717932], [78.7285696910371, 10.366333854571751], [78.72847853682028, 10.366334912903936], [78.72847746791493, 10.36624466181737], [78.72838631371607, 10.366245720122608], [78.7283841759862, 10.36606521793151], [78.72829302182328, 10.36606627619183], [78.72829088418325, 10.365885773982766], [78.72819973007422, 10.365886832189188], [78.72819545500975, 10.365525827735128], [78.72810430099057, 10.365526885878669], [78.72810109487637, 10.365256132502191], [78.72819224882369, 10.365255074385601], [78.7281836994134, 10.364533065423583], [78.72854831425049, 10.364528832993155], [78.7285451080734, 10.36425807973346], [78.72836280082555, 10.364260195939691], [78.72836386948836, 10.364350447044222], [78.72818156215965, 10.364352563169604], [78.72817728775993, 10.363991558670628], [78.7280861341899, 10.363992616661456], [78.72808506563489, 10.36390236552099], [78.72826737273003, 10.36390024953934], [78.72826630414806, 10.363809998425824], [78.72835745765522, 10.363808940408049], [78.72835532044638, 10.363628438190002], [78.72844647389064, 10.363627380163244], [78.7284443366818, 10.363446877963163], [78.7285354900632, 10.363445819927422], [78.72853335283638, 10.363265317745308], [78.72862450615489, 10.363264259700584], [78.72862236891909, 10.363083757536435], [78.7285312156455, 10.363084815554211], [78.72853014707253, 10.362994564458662], [78.72843899381691, 10.362995622440504], [78.72843578821474, 10.36272486912691], [78.72852694138952, 10.362723811172017], [78.72852587285247, 10.362633560067485], [78.72843471970465, 10.362634618022378], [78.72843258270242, 10.362454115804331], [78.72852373579634, 10.362453057876388], [78.72852266728624, 10.362362806771856], [78.72861382035322, 10.362361748825945], [78.72861168330607, 10.362181246643832], [78.72852053030198, 10.362182304571776], [78.72851946181883, 10.362092053476227], [78.72842830882372, 10.362093111368239], [78.7284272403765, 10.362002860254723], [78.72824493441324, 10.362004975939932], [78.7282438660289, 10.36191472480845], [78.72815271306074, 10.361915782601647], [78.72814950804249, 10.361645029180254], [78.72805835514619, 10.361646086919551], [78.7280572868517, 10.361555835770105], [78.72787498106808, 10.361557951158867], [78.72787177640916, 10.36128719763866], [78.7279629292246, 10.361286139989193], [78.7279554518458, 10.360654381826281], [78.72804660447261, 10.360653324212747], [78.7280455362859, 10.360563073054317], [78.72822784145866, 10.36056095777335], [78.72822677322704, 10.360470706632887], [78.72840907830997, 10.360468591271072], [78.7284080100424, 10.360378340148575], [78.72868146751857, 10.360375166930682], [78.72868039917915, 10.360284915835132], [78.7287715516263, 10.36028385805092], [78.7287704832689, 10.360193606964353], [78.72858817841954, 10.360195722487864], [78.72858711013403, 10.360105471383333], [78.72849595772281, 10.360106529086698], [78.72849488946424, 10.360016277973184], [78.72813027981942, 10.360020508517149], [78.7281313479702, 10.36011075967558], [78.72767558556383, 10.36011604732104], [78.72767665359781, 10.360206298524385], [78.72712973823226, 10.360212642912012], [78.727128670351, 10.360122391654766], [78.72703751778707, 10.360123448953889], [78.72703644994172, 10.360033197687661], [78.72667183967707, 10.36003742658771], [78.7266707719485, 10.359947175285548], [78.72630616162095, 10.359951403736439], [78.72630509400918, 10.359861152389362], [78.72566702574733, 10.359868551129638], [78.7256659583242, 10.359778299719679], [78.72593941613273, 10.359775129017068], [78.72593834864672, 10.35968487763406], [78.72666756882569, 10.359676421370082], [78.72666863652731, 10.359766672672244], [78.72712439895164, 10.359761386625784], [78.72712333112426, 10.35967113536854], [78.72903753008872, 10.359648927137238], [78.72903859846407, 10.359739178205837], [78.72931205518564, 10.359736004646583], [78.72931312364184, 10.35982625567925], [78.7294954281229, 10.359824139823363], [78.72949649664199, 10.359914390838062], [78.729678801141, 10.359912274865394], [78.72967986972296, 10.360002525862129], [78.72977102198145, 10.360001467826386], [78.72977209059935, 10.360091718805155], [78.72986324287581, 10.36009066073348], [78.72986431152964, 10.360180911712247], [78.72995546382406, 10.36017985360464], [78.72995760121256, 10.360360355535226], [78.73004875354292, 10.360359297382704], [78.73005195978288, 10.360630050238157], [78.7301431121851, 10.360628992031737], [78.73014738741128, 10.360989995794093], [78.73023853990333, 10.360988937533772], [78.73024495319174, 10.361530443100952], [78.72997149521252, 10.36153361798971], [78.72997256404601, 10.361623868950511], [78.72979025862173, 10.36162598543522], [78.72979132741929, 10.361716236405003], [78.72960902190518, 10.361718352808865], [78.72961009065781, 10.361808603796614], [78.72951893786033, 10.361809661976087], [78.72952000659501, 10.36189991297282], [78.7294288537616, 10.361900971125344], [78.72943099121298, 10.36208147314576], [78.72933983831669, 10.3620825312893], [78.72934304449377, 10.362353284342383], [78.72943419746193, 10.362352226162912], [78.72943526623254, 10.362442477168628], [78.7296175722048, 10.362440360719853], [78.72962184759265, 10.362801364661873], [78.72953069450772, 10.362802422931177], [78.72953283221064, 10.362982924915661], [78.7294416790628, 10.362983983184964], [78.72944274790528, 10.363074234190682], [78.72935159472152, 10.36307529244202], [78.72935266354604, 10.363165543447735], [78.72926151032634, 10.36316660169009], [78.72926044152878, 10.363076350666406], [78.72907813511635, 10.363078467043318], [78.72907920386001, 10.363168718084967], [78.72898805061338, 10.36316977623749], [78.72899339435862, 10.363621031463703], [78.72908454773103, 10.363619973266266], [78.7290866853531, 10.363800475331598], [78.7289955319268, 10.363801533555986], [78.72900194485588, 10.364343039796902], [78.7289107912589, 10.364344098057222], [78.72891399777734, 10.364614851200136], [78.72882284409951, 10.364615909460458], [78.72882605062694, 10.364886662621338], [78.72873489685927, 10.36488772088166], [78.72874237892727, 10.365519478316937], [78.72865122497096, 10.36552053661319], [78.72865443163313, 10.365791289818986], [78.72856327758699, 10.365792348124224], [78.72856862210479, 10.36624360349417], [78.72865977628568, 10.366242545144017], [78.72866298319039, 10.366513298331848]]], [[[78.72894179132884, 10.366961378211162], [78.72903294567142, 10.366960319681347], [78.72903508396722, 10.36714082171973], [78.72894392956175, 10.367141880267512], [78.72894179132884, 10.366961378211162]]], [[[78.72866298319039, 10.366513298331848], [78.72875413743417, 10.366512239927797], [78.72875734450058, 10.366782993088679], [78.72866619017596, 10.366784051519678], [78.72866298319039, 10.366513298331848]]], [[[78.72875734450058, 10.366782993088679], [78.7288484988162, 10.366781934630728], [78.72884956789224, 10.366872185672378], [78.72875841354967, 10.366873244139311], [78.72875734450058, 10.366782993088679]]], [[[78.72884956789224, 10.366872185672378], [78.72894072221686, 10.366871127178495], [78.72894179132884, 10.366961378211162], [78.72885063696829, 10.366962436714028], [78.72884956789224, 10.366872185672378]]]]}, "id": "+10851+5242", "properties": {"count": 955, "water": 1}}, {"type": "Feature", "geometry": {"geodesic": false, "type": "MultiPolygon", "coordinates": [[[[78.72955182105063, 10.372279833063775], [78.72973413268228, 10.372277714566842], [78.72973199291324, 10.372097212726088], [78.72982314865719, 10.37209615345067], [78.72982421856867, 10.372186404366555], [78.72991537433059, 10.372185345055206], [78.7299196541741, 10.372546348655867], [78.73001081003483, 10.372545289290619], [78.73001402009263, 10.372816041948443], [78.72974055224093, 10.372819220071138], [78.72973734241668, 10.372548467314498], [78.72955503063233, 10.372550585874315], [78.72955182105063, 10.372279833063775]]], [[[78.72955182105063, 10.372279833063775], [78.72946066521685, 10.37228089227631], [78.7294595954042, 10.372190641333475], [78.72918612792978, 10.372193818782433], [78.72918077938753, 10.371742563897579], [78.72927193509555, 10.371741504819791], [78.7292730048094, 10.371831755789575], [78.72936416053538, 10.371830696675856], [78.72936523027617, 10.371920947636657], [78.72945638602013, 10.371919888487005], [78.72945745580583, 10.37201013942984], [78.72963976730273, 10.372008021040703], [78.72964083715132, 10.372098271965571], [78.7295496813804, 10.372099331187089], [78.72955182105063, 10.372279833063775]]]]}, "id": "+10852+5108", "properties": {"count": 40, "water": 1}}, {"type": "Feature", "geometry": {"geodesic": false, "type": "Polygon", "coordinates": [[[78.7286172354515, 10.339525036477692], [78.72889067479066, 10.339521869404276], [78.72889174100108, 10.339612120589656], [78.72880059453672, 10.339613176316728], [78.72880166072916, 10.339703427511092], [78.72889280722048, 10.339702371775036], [78.72889387344884, 10.339792622960417], [78.72898501995812, 10.33979156718843], [78.728988218778, 10.340062320726604], [78.72889707219686, 10.34006337652554], [78.72890027102572, 10.340334130081681], [78.72880912435475, 10.340335185880617], [78.72880805809044, 10.340244934686254], [78.72871691143743, 10.340245990458241], [78.72871051422887, 10.339704483229179], [78.7286193677196, 10.339705538911335], [78.7286172354515, 10.339525036477692]]]}, "id": "+10852+5465", "properties": {"count": 21, "water": 1}}, {"type": "Feature", "geometry": {"geodesic": false, "type": "Polygon", "coordinates": [[[78.73228548710347, 10.410519586961906], [78.73237665372602, 10.410518523087115], [78.73237557903552, 10.410428272647337], [78.73246674562213, 10.41042720875458], [78.73248286730924, 10.411780965036845], [78.73257403427316, 10.411779900973409], [78.73257725895553, 10.412050652184945], [78.73248609191077, 10.412051716275332], [78.7324871667989, 10.41214196668816], [78.73239599971822, 10.412143030760582], [78.73237987783348, 10.410789274379502], [78.73228871113007, 10.410790338281242], [78.73228548710347, 10.410519586961906]]]}, "id": "+10882+4679", "properties": {"count": 25, "water": 1}}, {"type": "Feature", "geometry": {"geodesic": false, "type": "Polygon", "coordinates": [[[78.73191959862599, 10.379744150588754], [78.73201075635522, 10.379743089929933], [78.73200968502441, 10.379652839283542], [78.73246547342804, 10.379647535630104], [78.7324665448846, 10.379737786222597], [78.73301349080185, 10.379731420931172], [78.73301670571055, 10.380002172537969], [78.73310786341284, 10.380001111537787], [78.73311536540548, 10.380632865218107], [78.73302420752353, 10.38063392628117], [78.73302313580645, 10.38054367575156], [78.73284082006951, 10.380545797787859], [78.7328397484153, 10.380455547231298], [78.7327485905603, 10.38045660820453], [78.73274751894203, 10.380366357647972], [78.732565203259, 10.38036847948664], [78.73256413170361, 10.38027822890313], [78.73238181602056, 10.380280350634], [78.73237967304453, 10.38009984943105], [78.73228851524344, 10.380100910233603], [78.73228744379585, 10.380010659623144], [78.73201397041053, 10.38001384185114], [78.73201289905278, 10.379923591213732], [78.73192174126065, 10.37992465189052], [78.73191959862599, 10.379744150588754]]]}, "id": "+10886+5020", "properties": {"count": 79, "water": 1}}, {"type": "Feature", "geometry": {"geodesic": false, "type": "Polygon", "coordinates": [[[78.73261236149663, 10.384339504469326], [78.73297699741717, 10.38433525902231], [78.73297806952053, 10.384425509533953], [78.73316038746734, 10.384423386635273], [78.73316145963358, 10.38451363712895], [78.73334377759834, 10.384511514113491], [78.73334484982746, 10.384601764589203], [78.7335271678012, 10.384599641447977], [78.7335293123942, 10.384780142363466], [78.73307351710949, 10.384785450122205], [78.73307244494325, 10.384695199619545], [78.7327078086544, 10.38469944531809], [78.73270673659594, 10.384609194779495], [78.73261557751924, 10.38461025613002], [78.73261236149663, 10.384339504469326]]]}, "id": "+10891+4968", "properties": {"count": 32, "water": 1}}, {"type": "Feature", "geometry": {"geodesic": false, "type": "Polygon", "coordinates": [[[78.73286983671319, 10.375310204282654], [78.73323446206057, 10.375305962195336], [78.73323660452455, 10.375486463272523], [78.73332776088834, 10.375485402667598], [78.73332883215627, 10.37557565319721], [78.7335111449108, 10.375573531879564], [78.73351221624162, 10.375663782391207], [78.73378568537791, 10.375660600208128], [78.73378675679855, 10.37575085068384], [78.73396906955308, 10.375748729078735], [78.73397014103661, 10.375838979545462], [78.73406129742735, 10.37583791868901], [78.73406236894681, 10.375928169146755], [78.73415352535551, 10.375927108254372], [78.73415566846629, 10.376107609142911], [78.73406451201267, 10.376108670044278], [78.73406558355907, 10.37619892049304], [78.73397442706053, 10.376199981385424], [78.73397335554107, 10.376109730927679], [78.7338821990605, 10.376110791775147], [78.73388005610244, 10.375930290841692], [78.73333311733577, 10.375936655306665], [78.7333341886576, 10.376026905827292], [78.73324303213211, 10.376027966495098], [78.73324196083723, 10.375937715956505], [78.7329684912967, 10.375940897771274], [78.73296742009165, 10.375850647205732], [78.73287626358413, 10.375851707747774], [78.73286983671319, 10.375310204282654]]]}, "id": "+10895+5068", "properties": {"count": 62, "water": 1}}, {"type": "Feature", "geometry": {"geodesic": false, "type": "Polygon", "coordinates": [[[78.73323352760606, 10.367543353663423], [78.73414506784287, 10.367532754468336], [78.73414613849995, 10.36762300495303], [78.73441960045871, 10.367619824665397], [78.7344206712146, 10.367710075132123], [78.73487644107698, 10.367704774083801], [78.73487537019533, 10.367614523670971], [78.73514883191154, 10.3676113427635], [78.73514990287404, 10.36770159314938], [78.73542336458127, 10.36769841199038], [78.73542443563359, 10.367788662340327], [78.73560674343841, 10.36778654141794], [78.73560567234117, 10.367696291076978], [78.73569682620764, 10.367695230588835], [78.73569789733183, 10.367785480920816], [78.73651828189656, 10.367775935251926], [78.73651935327229, 10.367866185494076], [78.73661050708486, 10.367865124727455], [78.73661264990818, 10.368045625184804], [78.73670380376568, 10.368044564373267], [78.73670808963688, 10.368405565261016], [78.73679924359318, 10.368404504386598], [78.7368013866321, 10.36858500479903], [78.73671023263087, 10.368586065700399], [78.73670916112938, 10.368495815476216], [78.73661800713714, 10.36849687634165], [78.73661586421501, 10.368316375875319], [78.73652471026769, 10.368317436695838], [78.73652363884705, 10.368227186453689], [78.73643248491769, 10.368228247238275], [78.73643141353298, 10.368137996987143], [78.73615795176288, 10.368141179143272], [78.73615902306673, 10.368231429421353], [78.73606786909245, 10.368232490098142], [78.73606894038733, 10.368322740385208], [78.7357043243016, 10.368326982867783], [78.73570325311451, 10.368236732544785], [78.73561209909532, 10.36823779309581], [78.73561638378973, 10.368598794423733], [78.73552522965376, 10.36859985498374], [78.73552630083185, 10.368690105324704], [78.73543514665995, 10.368691165866744], [78.7354362178111, 10.368781416216692], [78.73516275516963, 10.368784597726034], [78.73516168409034, 10.368694347349138], [78.7350705298825, 10.368695407792364], [78.73506945883916, 10.368605157397502], [78.73488715044145, 10.368607278185141], [78.73488500848951, 10.368426777368466], [78.73433808337724, 10.368433138994764], [78.73433701257643, 10.368342888537018], [78.73424585837758, 10.368343948701767], [78.73424264610094, 10.368073197274635], [78.73415149197395, 10.368074257394467], [78.73415042126298, 10.367984006909774], [78.73424157536301, 10.367982946798923], [78.73424050463409, 10.367892696323212], [78.7343316586982, 10.367891636194395], [78.73433058795129, 10.367801385727669], [78.73423943391413, 10.3678024458475], [78.73423836320316, 10.367712195362808], [78.73396490110966, 10.367715375524677], [78.73396704237888, 10.36789587653898], [78.73387588827885, 10.36789693656], [78.73387695890897, 10.367987187080626], [78.73378580476401, 10.367988247083678], [78.73378473416982, 10.367897996563052], [78.73369358004284, 10.36789905653017], [78.73369143892633, 10.367718555461968], [78.73332682254413, 10.367722795007053], [78.73332575210266, 10.367632544432526], [78.7332345980116, 10.367633604246933], [78.73323352760606, 10.367543353663423]]]}, "id": "+10906+5154", "properties": {"count": 237, "water": 1}}, {"type": "Feature", "geometry": {"geodesic": false, "type": "Polygon", "coordinates": [[[78.7330776754289, 10.34669439476628], [78.73325997153766, 10.346692279431414], [78.73325890334198, 10.346602028740108], [78.7334411993609, 10.346599913324395], [78.73343906287968, 10.346419411959747], [78.73353021082626, 10.346418354229433], [78.73353127908483, 10.346508604902773], [78.73371357499596, 10.346506489352313], [78.73371250668349, 10.346416238705922], [78.73380365459414, 10.346415180894759], [78.7338025862637, 10.346324930257351], [78.7338937341474, 10.346323872437207], [78.73389266579899, 10.346233621799799], [78.73398381364676, 10.346232563961687], [78.73398274528039, 10.346142313333262], [78.73425618867097, 10.346139139702144], [78.73425405182145, 10.345958638499193], [78.73443634726546, 10.345956522652289], [78.73443527880926, 10.345866272077764], [78.73452642648634, 10.34586521412287], [78.73452535801218, 10.345774963548344], [78.73461650565332, 10.345773905584467], [78.7346154371612, 10.345683655018926], [78.73470658476641, 10.3456825970281], [78.73470551625631, 10.345592346480522], [78.73479666383459, 10.34559128847173], [78.73479452678744, 10.345410787385562], [78.73488567430283, 10.345409729376769], [78.7348824687366, 10.34513897776099], [78.73506476356975, 10.34513686172544], [78.7350626264687, 10.344956360684186], [78.73497147910604, 10.344957418701961], [78.73497041060492, 10.344867168172351], [78.73506155794064, 10.34486611016356], [78.73506048941258, 10.344775859642933], [78.73515163671237, 10.344774801625157], [78.73515056817531, 10.344684551113513], [78.73542400993097, 10.34468137692544], [78.73542614718473, 10.344861877894829], [78.73569958901223, 10.344858703419295], [78.73570172645464, 10.3450392043258], [78.73597516835402, 10.345036029571789], [78.73597623716954, 10.3451262799936], [78.73588508985178, 10.345127338280871], [78.7358893651049, 10.345488340013034], [78.73598051252146, 10.345487281689833], [78.7359815813819, 10.345577532111644], [78.73607272881645, 10.345576473752509], [78.73607165992905, 10.34548622333968], [78.73625395471728, 10.345484106558528], [78.73625502365857, 10.34557435695339], [78.73634617106616, 10.345573298513408], [78.73635365411333, 10.346205051187614], [78.7364448016916, 10.346203992657799], [78.73644587075866, 10.346294243025712], [78.73662816593315, 10.346292125867267], [78.73663137336789, 10.346562876926091], [78.73626678265954, 10.346567111242981], [78.73626785171761, 10.34665736162886], [78.73590326074877, 10.346661595586424], [78.735904329717, 10.346751846008235], [78.73490170346346, 10.346763487356851], [78.73490277215323, 10.346853737877478], [78.73417358846382, 10.346862202441889], [78.73417251998066, 10.346771951840413], [78.73344333587804, 10.346780414680058], [78.73344440415457, 10.3468706653534], [78.73326210797394, 10.346872780831994], [78.73326103975131, 10.346782530131705], [78.73307874358866, 10.346784645484536], [78.7330776754289, 10.34669439476628]]]}, "id": "+10923+5407", "properties": {"count": 443, "water": 1}}, {"type": "Feature", "geometry": {"geodesic": false, "type": "Polygon", "coordinates": [[[78.73535249310186, 10.377086568498756], [78.73562596289392, 10.377083384312433], [78.73562489080852, 10.37699313402537], [78.73571604736097, 10.376992072593996], [78.73571497525761, 10.376901822315913], [78.73589728828163, 10.376899699381301], [78.7358983604389, 10.376989949641418], [78.7359895169554, 10.376988888120213], [78.73599166135077, 10.377169388613494], [78.73590050478036, 10.377170450152665], [78.73590264915775, 10.377350950654929], [78.73553802255275, 10.377355196605002], [78.73553695046735, 10.377264946317936], [78.73535463715585, 10.377267069117801], [78.73535249310186, 10.377086568498756]]]}, "id": "+10924+5050", "properties": {"count": 23, "water": 1}}, {"type": "Feature", "geometry": {"geodesic": false, "type": "Polygon", "coordinates": [[[78.73539569032604, 10.357679559235555], [78.73566914326571, 10.357676380906247], [78.7356702133299, 10.357766631292126], [78.73585251529566, 10.357764512256203], [78.73585358541374, 10.357854762624116], [78.7360358873885, 10.357852643462428], [78.73603802776839, 10.358033144153339], [78.73631148081586, 10.358029965168262], [78.73631255110462, 10.358120215482277], [78.73640370212344, 10.358119155757702], [78.73640584276384, 10.358299656376747], [78.73649699383655, 10.358298596607257], [78.73649806419718, 10.358388846903305], [78.73658921527888, 10.358387787106865], [78.73659028567545, 10.35847803739393], [78.73640798344917, 10.35848015698681], [78.7364069131065, 10.35838990668178], [78.73613345977158, 10.358393085864485], [78.73613131926591, 10.35821258519154], [78.73585786600285, 10.358215764086786], [78.73585679583985, 10.358125513718873], [78.73567449366747, 10.358127632826662], [78.73567342356736, 10.358037382449766], [78.73549112141293, 10.358039501440773], [78.73548898134746, 10.357859000633082], [78.7353978303017, 10.357860060070195], [78.73539569032604, 10.357679559235555]]]}, "id": "+10924+5263", "properties": {"count": 42, "water": 1}}, {"type": "Feature", "geometry": {"geodesic": false, "type": "Polygon", "coordinates": [[[78.7362179453359, 10.380867524214603], [78.73630910294835, 10.380866462217291], [78.7363069575918, 10.380685961831807], [78.73639811514136, 10.380684899825512], [78.73639489710652, 10.380414149278728], [78.73648605456626, 10.380413087272434], [78.73648498187899, 10.380322837102149], [78.7365761393028, 10.380321775086871], [78.73658579406309, 10.381134026556543], [78.73622116337074, 10.381138274815285], [78.7362179453359, 10.380867524214603]]]}, "id": "+10931+5012", "properties": {"count": 25, "water": 1}}, {"type": "Feature", "geometry": {"geodesic": false, "type": "Polygon", "coordinates": [[[78.73630525471839, 10.326708841758931], [78.73676096443856, 10.326703558784711], [78.7367620315383, 10.32679380922449], [78.73685317347515, 10.326792752545204], [78.73685744208973, 10.327153754286352], [78.73640173177665, 10.327159037628881], [78.73640066473979, 10.32706878715317], [78.73630952267719, 10.327069843733641], [78.73630525471839, 10.326708841758931]]]}, "id": "+10940+5606", "properties": {"count": 28, "water": 1}}, {"type": "Feature", "geometry": {"geodesic": false, "type": "MultiPolygon", "coordinates": [[[[78.73796825951369, 10.359364638538947], [78.73778595707181, 10.359366759102008], [78.73778488623508, 10.359276508940706], [78.73796718863204, 10.359274388395614], [78.73796825951369, 10.359364638538947]]], [[[78.73796825951369, 10.359364638538947], [78.73805941073013, 10.359363578221485], [78.73806048164772, 10.359453828346853], [78.73815163287315, 10.359452767993458], [78.73815270383565, 10.359543018118826], [78.7379704013219, 10.359545138816634], [78.73796825951369, 10.359364638538947]]], [[[78.73815270383565, 10.359543018118826], [78.73824385507007, 10.359541957729498], [78.73824492606849, 10.3596322078369], [78.73815377479815, 10.35963326823521], [78.73815270383565, 10.359543018118826]]], [[[78.73824492606849, 10.3596322078369], [78.73842722857324, 10.359630086968412], [78.73842829962558, 10.359720337057848], [78.73851945088694, 10.359719276569706], [78.73852052198419, 10.359809526650158], [78.73870282453386, 10.359807405584043], [78.738703895685, 10.359897655646527], [78.73888619824366, 10.359895534454648], [78.73888726946667, 10.359985784499168], [78.73906957203431, 10.359983663190507], [78.73907171459712, 10.360164163234629], [78.7393451685429, 10.360160981015618], [78.73934623991862, 10.360251231015221], [78.73952854254914, 10.36024910939215], [78.73953068543534, 10.360429609337459], [78.73971298812874, 10.360427487570657], [78.73971405963921, 10.360517737525344], [78.73980521099939, 10.360516676597028], [78.7398062825368, 10.36060692653375], [78.73998858528411, 10.360604804578301], [78.73998965688442, 10.36069505450604], [78.7401719596407, 10.360692932424827], [78.74017303131286, 10.360783182325617], [78.7402641827, 10.360782121244586], [78.74026525439912, 10.360872371136391], [78.74044755720031, 10.360870248866533], [78.74044970074227, 10.361050748614213], [78.74054085217432, 10.361049687425385], [78.74054299580612, 10.361230187146115], [78.74072529875104, 10.361228064651677], [78.74072958633803, 10.361589064021272], [78.74054728318649, 10.361591186596558], [78.74054621132568, 10.361500936731701], [78.74036390818311, 10.361503059190206], [78.74036283638519, 10.361412809307383], [78.74027168482738, 10.361413870487228], [78.74027061306538, 10.361323620595423], [78.74017946152554, 10.361324681739335], [78.74017838979049, 10.361234431838545], [78.74008723826861, 10.361235492946525], [78.74008616657848, 10.361145243036754], [78.73999501506559, 10.3611463041088], [78.73999394341139, 10.361056054190046], [78.73990279191646, 10.36105711522616], [78.73989957708861, 10.360786365433961], [78.73971727422452, 10.360788487380425], [78.73971834577092, 10.36087873732613], [78.73962719429397, 10.360879798272414], [78.73962612277451, 10.360789548308743], [78.73953497131552, 10.360790609219093], [78.73953282835747, 10.360610109273784], [78.73944167694339, 10.360611170139219], [78.73944060550478, 10.360520920157581], [78.7392583026946, 10.360523041789637], [78.73925723131887, 10.360432791790032], [78.73916607992277, 10.360433852556653], [78.73916500858297, 10.360343602539082], [78.73907385720483, 10.36034466326977], [78.73907278590097, 10.3602544132522], [78.73898163454079, 10.360255473946955], [78.73898056326388, 10.3601652239204], [78.73879826057048, 10.360167345211096], [78.73879718935646, 10.360077095166577], [78.73861488667204, 10.360079216340491], [78.73861381552987, 10.359988966269022], [78.73852266419665, 10.359990026811063], [78.73852159308143, 10.359899776730611], [78.73833929044193, 10.359901897706894], [78.73833821939859, 10.359811647608476], [78.73824706808333, 10.359812708051702], [78.73824492606849, 10.3596322078369]], [[78.74008616657848, 10.361145243036754], [78.74008509489732, 10.36105499312698], [78.74017624637429, 10.361053932036967], [78.7401773180734, 10.361144181937757], [78.74008616657848, 10.361145243036754]], [[78.74026846956833, 10.36114312081181], [78.74035962105427, 10.361142059658915], [78.74036069281627, 10.361232309541737], [78.74026954131236, 10.361233370703616], [78.74026846956833, 10.36114312081181]]]]}, "id": "+10949+5245", "properties": {"count": 104, "water": 1}}, {"type": "Feature", "geometry": {"geodesic": false, "type": "MultiPolygon", "coordinates": [[[[78.74134657039455, 10.443900942145257], [78.74143774578467, 10.443899872314637], [78.74143882661068, 10.443990121622537], [78.7413476512026, 10.44399119146214], [78.74134657039455, 10.443900942145257]]], [[[78.74134657039455, 10.443900942145257], [78.74125539499546, 10.443902011957912], [78.74125431423235, 10.443811762632045], [78.74116313885122, 10.443812832399784], [78.74116097739685, 10.443632333730083], [78.74106980206064, 10.44363340346189], [78.74106872136939, 10.443543154118055], [78.74097754605114, 10.443544223804947], [78.74097646539582, 10.44345397445213], [78.74088529009553, 10.44345504411207], [78.74088312887473, 10.443274545370505], [78.74070077833706, 10.443276684573606], [78.74070185889356, 10.443366933962356], [78.74079303419384, 10.443365864365296], [78.7407941147773, 10.44345611373608], [78.74070293945006, 10.443457183342122], [78.74070402002454, 10.443547432730872], [78.74052166929822, 10.443549571880075], [78.74051842776345, 10.44327882366891], [78.74042725246316, 10.443279893176138], [78.74042509154779, 10.44309939434474], [78.74033391628343, 10.443100463816036], [78.74033283587066, 10.443010214391354], [78.74024166062428, 10.443011283817732], [78.74024274101909, 10.443101533251397], [78.74015156573678, 10.443102602659811], [78.74015696771082, 10.443553849873053], [78.74006579229376, 10.443554919308417], [78.74007119438458, 10.44400616655759], [78.7399800188238, 10.44400723601092], [78.73998109924555, 10.444097485471534], [78.73961639679578, 10.444101763069254], [78.73961747711873, 10.444192012556819], [78.73943512579054, 10.44419415122093], [78.73943620606856, 10.444284400735445], [78.73934503036403, 10.44428547003606], [78.73934611063308, 10.444375719559558], [78.73925493488365, 10.444376788842206], [78.73925277440844, 10.444196289777246], [78.7391615987129, 10.444197359023962], [78.73916051851572, 10.444107109482498], [78.73906934282917, 10.4441081786843], [78.73906718252464, 10.443927679583407], [78.73897600687401, 10.443928748740293], [78.73897492676667, 10.443838499180863], [78.73851904853153, 10.443843844552061], [78.73852120850368, 10.444024343760752], [78.7384300327812, 10.44402541278289], [78.73843111275379, 10.444115662396218], [78.73824876121898, 10.444117800368629], [78.73824984114667, 10.444208049999922], [78.73815866533435, 10.444209118959177], [78.73816190511741, 10.444479867888996], [78.73807072922423, 10.444480936848251], [78.73806748952204, 10.4442101878825], [78.73797631369175, 10.444211256787858], [78.73797091451146, 10.443760008460705], [78.73787973880694, 10.443761077294196], [78.73787865902298, 10.443670827617986], [78.73778748332745, 10.443671896415545], [78.73778532385835, 10.443491397045157], [78.73769414820774, 10.443492465788816], [78.73769198881949, 10.443311966400463], [78.73760081321377, 10.443313035099207], [78.73759865391537, 10.443132535683905], [78.73750747835457, 10.443133604346716], [78.73750639875028, 10.44304335462559], [78.73741522319847, 10.443044423252468], [78.73741306407074, 10.442863923801234], [78.73732188856386, 10.442864992374213], [78.7373208090404, 10.442774742635121], [78.73659140484155, 10.44278329027573], [78.73659032554268, 10.442693040455788], [78.73695502761515, 10.44268876688252], [78.7369539482085, 10.442598517107497], [78.73777452706085, 10.442588900139322], [78.7377734474386, 10.442498650445145], [78.7385940252489, 10.442489031464747], [78.73859294540208, 10.442398781851418], [78.73895764628878, 10.442394506113212], [78.73895656634312, 10.442304256535815], [78.73923009183073, 10.44230104948737], [78.73922901181322, 10.442210799945906], [78.73950253713015, 10.442207592690847], [78.73950361722852, 10.442297842205361], [78.73995949268787, 10.442292496214323], [78.73996057292098, 10.442382745683922], [78.74041644827253, 10.442377399001183], [78.74041752864937, 10.442467648425865], [78.74069105381359, 10.442464440074861], [78.74069213428027, 10.442554689463611], [78.74087448439573, 10.442552550413222], [78.74087772600237, 10.442823298534554], [78.74096890112298, 10.442822228937496], [78.74097106229888, 10.443002727661096], [78.74106223746442, 10.44300165801912], [78.74106439872115, 10.443182156724754], [78.74115557393161, 10.443181087037864], [78.74115881597841, 10.443451835060381], [78.74124999125173, 10.443450765319591], [78.74125215272407, 10.44363126398031], [78.74134332804232, 10.443630194194604], [78.74134657039455, 10.443900942145257]], [[78.73959695260875, 10.442477272077504], [78.73968812776529, 10.442476202884686], [78.73968704759507, 10.442385953388138], [78.73977822271569, 10.442384884177354], [78.73978038311004, 10.442565383152482], [78.73987155826659, 10.442564313896783], [78.73987695955792, 10.443015561271721], [78.73996813484023, 10.443014491944158], [78.73997029547714, 10.44319499087437], [78.73987912014091, 10.4431960602199], [78.7398802004459, 10.4432863096895], [78.73978902507375, 10.443287379017065], [78.73978794479572, 10.443197129538483], [78.73969676944155, 10.443198198830116], [78.73969568919047, 10.443107949333568], [78.73960451385426, 10.44310901859825], [78.73959695260875, 10.442477272077504]], [[78.74032959467725, 10.442739466108323], [78.7404207698338, 10.442738396681944], [78.74042185024658, 10.442828646097643], [78.74033067506308, 10.442829715533007], [78.74032959467725, 10.442739466108323]]]]}, "id": "+10955+4326", "properties": {"count": 595, "water": 1}}, {"type": "Feature", "geometry": {"geodesic": false, "type": "Polygon", "coordinates": [[[78.73804334806233, 10.358009826197234], [78.73813449887454, 10.358008765996551], [78.73813342808272, 10.357918515871184], [78.7383157296173, 10.357916395406939], [78.73831465878955, 10.357826145290554], [78.73840580951192, 10.357825085035973], [78.7384047386662, 10.357734834928571], [78.73858704003909, 10.357732714347547], [78.73859025277388, 10.358003464597886], [78.73877255426353, 10.358001343855163], [78.738773625244, 10.358091593926632], [78.73913822821433, 10.358087352099828], [78.73913929931159, 10.35817760212638], [78.73923045005192, 10.358176541593322], [78.73923259232726, 10.35835704161948], [78.7389591399176, 10.358360223191704], [78.7389580688473, 10.358269973147184], [78.73877576724085, 10.358272094051605], [78.73877683825725, 10.35836234411409], [78.738594536552, 10.358364464928679], [78.73859560752348, 10.358454715009131], [78.73841330573737, 10.358456835733888], [78.73841437666394, 10.358547085832306], [78.73832322572598, 10.358548146167735], [78.73832215482635, 10.358457896060333], [78.73823100390635, 10.35845895635983], [78.73822993304267, 10.358368706243445], [78.73813878214064, 10.35836976651599], [78.73813664048512, 10.358189266256272], [78.738045489628, 10.358190326474919], [78.73804334806233, 10.358009826197234]]]}, "id": "+10956+5262", "properties": {"count": 57, "water": 1}}, {"type": "Feature", "geometry": {"geodesic": false, "type": "MultiPolygon", "coordinates": [[[[78.73770007604656, 10.382836030110907], [78.73770114934467, 10.382926280146442], [78.73760999128307, 10.38292734275461], [78.73760891800292, 10.382837092701106], [78.73770007604656, 10.382836030110907]]], [[[78.73843685474017, 10.383459278164823], [78.73852801287364, 10.38345821527818], [78.73852908647719, 10.383548465223884], [78.73843792831677, 10.383549528119511], [78.73843685474017, 10.383459278164823]]], [[[78.73957049211221, 10.38678576556933], [78.73957156636254, 10.386876015389271], [78.73966272536738, 10.386874951837875], [78.73966594826211, 10.387145701261764], [78.73957478918541, 10.387146764849094], [78.73957371489914, 10.387056515029153], [78.73948255584041, 10.387057578580551], [78.73947933312535, 10.38678682909378], [78.73957049211221, 10.38678576556933]]], [[[78.73797355009664, 10.382832842187591], [78.73770007604656, 10.382836030110907], [78.73769900275742, 10.38274578007537], [78.73779016075615, 10.382744717467203], [78.73778801415094, 10.382564217414096], [78.7376968562061, 10.382565280004297], [78.73769578294392, 10.38247502996876], [78.73778694087078, 10.382473967387543], [78.73778586759063, 10.382383717352006], [78.7380593412185, 10.382380529491575], [78.73805826787546, 10.38229027949197], [78.73833174134164, 10.382287091424926], [78.73833066792675, 10.382196841452272], [78.73869529896943, 10.382192590372819], [78.7386942254647, 10.382102340436097], [78.73878538317597, 10.382101277612335], [78.73878430965327, 10.382011027675613], [78.73914894029173, 10.382006776155986], [78.73914679306667, 10.381826276381357], [78.73942026578723, 10.381823087523795], [78.7394245605877, 10.382184086974238], [78.73933340292135, 10.382185149986647], [78.73933662404639, 10.382455899599183], [78.73924546629021, 10.382456962611592], [78.73924653999256, 10.382547212494414], [78.73915538220045, 10.38254827549784], [78.73915430852504, 10.382458025606033], [78.73897199296776, 10.382460151514069], [78.73897091934626, 10.382369901604296], [78.73887976158109, 10.382370964508906], [78.73888083516667, 10.382461214427662], [78.73878967736557, 10.382462277314307], [78.73879075094217, 10.382552527242046], [78.73869959309616, 10.382553590110723], [78.73870066665478, 10.382643840047445], [78.73888298237377, 10.38264171425619], [78.73888512962577, 10.382822214084719], [78.73897628752567, 10.382821151135191], [78.73897736118312, 10.382911401035981], [78.7391596770099, 10.382909275038115], [78.73915860328957, 10.38281902515529], [78.73924976116254, 10.382817962124916], [78.73924868742424, 10.382727712251077], [78.73933984526127, 10.382726649202736], [78.73934091901754, 10.382816899067592], [78.73943207687253, 10.382815835983319], [78.73943529828503, 10.38308658555094], [78.73934414034919, 10.383087648662162], [78.73934628796053, 10.383268148391876], [78.73925512997077, 10.383269211494115], [78.73925620376298, 10.383359461367956], [78.73934736177966, 10.383358398256732], [78.7393484355988, 10.383448648112605], [78.73943959363346, 10.383447584974434], [78.73944281525259, 10.383718334524087], [78.73953397335012, 10.383717271323032], [78.73953719513993, 10.383988020845738], [78.73962835330933, 10.383986957590784], [78.73963264925963, 10.38434795690648], [78.73972380752785, 10.384346893588644], [78.7397248815626, 10.384437143408585], [78.73981603984878, 10.384436080054817], [78.73982141031891, 10.384887329082657], [78.73973025191594, 10.38488839248134], [78.73973132601355, 10.38497864230128], [78.73982248444348, 10.38497757888463], [78.73982678104056, 10.385338578101512], [78.73973562250285, 10.385339641545112], [78.73974206753772, 10.385881140401874], [78.73983322623714, 10.385880076904376], [78.73983644896119, 10.386150826292333], [78.7397452901899, 10.386151889825765], [78.73974851293191, 10.38642263924067], [78.73965735407081, 10.386423702774103], [78.7396616510901, 10.386784702026917], [78.73957049211221, 10.38678576556933], [78.73956297261141, 10.386154016811778], [78.73947181381318, 10.386155080273344], [78.73946966551914, 10.38597458059753], [78.73937850676582, 10.38597564401418], [78.73937528448195, 10.385704894473509], [78.73928412579151, 10.385705957827279], [78.73928090367832, 10.385435208259658], [78.7393720622969, 10.38543414493284], [78.73937098825317, 10.38534389508595], [78.73946214682682, 10.385342831741163], [78.73945892467769, 10.385072082218459], [78.7395500831705, 10.385071018873674], [78.73954793506509, 10.384890519206843], [78.73945677662618, 10.384891582533662], [78.7394557026184, 10.384801332686772], [78.73936454418848, 10.384802395977657], [78.73936239625375, 10.384621896274894], [78.73927123786875, 10.38462295951188], [78.73926801611488, 10.38435220991731], [78.73917685780175, 10.384353273109381], [78.7391757839287, 10.384263023235542], [78.73908462563354, 10.384264086391681], [78.73907925654682, 10.3838128369596], [78.73898809836842, 10.383813900043874], [78.73898702460318, 10.383723650143084], [78.73889586644276, 10.383724713191425], [78.73889479272243, 10.383634463281654], [78.73880363457997, 10.38363552629406], [78.7388025608866, 10.383545276375306], [78.73907603520617, 10.383542087293165], [78.73907388770263, 10.383361587509553], [78.73898272965899, 10.38336265054891], [78.73898165593866, 10.38327240064812], [78.73889049791299, 10.383273463642563], [78.73889157159738, 10.383363713552336], [78.73880041353577, 10.383364776537794], [78.7388014872022, 10.38345502645655], [78.73871032910466, 10.383456089424042], [78.7387092554562, 10.383365839496305], [78.73861809737663, 10.383366902427865], [78.73861595016953, 10.383186402545437], [78.7387071082042, 10.383185339631844], [78.73870496097913, 10.383004839776365], [78.73861380299837, 10.383005902671993], [78.73860843525014, 10.382554652961435], [78.73851727738617, 10.382555715776213], [78.73851620389041, 10.382465465821525], [78.73842504605338, 10.382466528609354], [78.73842611952219, 10.382556778573026], [78.73833496164023, 10.382557841342889], [78.73833388819838, 10.382467591370235], [78.7382427303344, 10.382468654104166], [78.73824595061504, 10.382739404049078], [78.73833710855088, 10.3827383412882], [78.73833818202867, 10.38282859125187], [78.73842933998247, 10.382827528455056], [78.73843041348721, 10.382917778418728], [78.73852157146797, 10.382916715585983], [78.73852693927908, 10.383367965332475], [78.73843578118154, 10.383369028210135], [78.73843685474017, 10.383459278164823], [78.73825453845525, 10.383461403866246], [78.73825561197795, 10.383551653838902], [78.73834677015634, 10.383550590997173], [78.73834784371498, 10.383640840960844], [78.73843900191133, 10.383639778083182], [78.73844007550589, 10.38373002803787], [78.73853123371123, 10.383728965115294], [78.73853874934927, 10.384360714717262], [78.73826527414037, 10.38436390359279], [78.73826420052784, 10.384273653620136], [78.73817304213385, 10.384274716515764], [78.73817196855725, 10.384184466534126], [78.73798965179624, 10.38418659223555], [78.73798857828253, 10.384096342235946], [78.7378974199065, 10.384097405032758], [78.73789849339327, 10.384187655041345], [78.7378073349903, 10.384188717829176], [78.73780518807067, 10.384008217794035], [78.73753171294261, 10.384011405932943], [78.73753385970953, 10.384191906030967], [78.73762501814844, 10.384190843323985], [78.7376271649962, 10.384371343395058], [78.73780948194586, 10.384369217864315], [78.7378084084591, 10.384278967846745], [78.737899566898, 10.384277905049933], [78.73790171392542, 10.384458405067107], [78.73781055544161, 10.384459467881886], [78.73781162893735, 10.384549717890472], [78.73772047041761, 10.384550780687285], [78.73772369090486, 10.384821530757963], [78.73790600809707, 10.384819405083489], [78.73790708166467, 10.384909655092075], [78.73827171603114, 10.384905403392786], [78.73827278971552, 10.384995653356457], [78.73854626546343, 10.384992464283298], [78.73854733922867, 10.38508271422002], [78.73863849782028, 10.385081651135748], [78.73863957162146, 10.385171901063487], [78.73882188882266, 10.385169774796124], [78.73882081496758, 10.385079524895335], [78.73891197352326, 10.385078461730213], [78.73891304741427, 10.385168711631003], [78.73900420598791, 10.385167648429947], [78.73901172363819, 10.385799397627675], [78.73910288238251, 10.385798334345772], [78.73910503042504, 10.385978834093452], [78.73901387161783, 10.385979897393321], [78.7390149456346, 10.386070147276143], [78.73892378679146, 10.38607121056703], [78.73892486079026, 10.386161460458835], [78.73883370191119, 10.386162523740738], [78.73883584987286, 10.386343023533334], [78.73920048551493, 10.386338770208093], [78.73920370784371, 10.386609519784697], [78.73911254887481, 10.38661058318338], [78.73911362297243, 10.386700833057219], [78.73902246396759, 10.386701896437938], [78.73902138988794, 10.386611646564099], [78.73883907189622, 10.386613773226719], [78.73884014592198, 10.386704023127507], [78.7387489868812, 10.38670508643636], [78.73875006088899, 10.38679533633715], [78.73865890182127, 10.386796399628034], [78.73866104980989, 10.386976899456563], [78.73856989067929, 10.386977962738467], [78.73857096466911, 10.387068212666204], [78.73838864630909, 10.387070339167128], [78.73838972025399, 10.387160589112833], [78.73848087946544, 10.38715952585788], [78.73848195344628, 10.3872497757946], [78.73884659028312, 10.38724552249631], [78.73884551619447, 10.387155272604504], [78.73911899364019, 10.387152082390486], [78.73912006780068, 10.387242332255342], [78.73921122695825, 10.387241268784793], [78.7392133753601, 10.38742176849654], [78.73912221615763, 10.387422831976073], [78.73912543876489, 10.387693581570643], [78.7392165980482, 10.387692518055177], [78.73921767229854, 10.387782767902069], [78.73930883159983, 10.387781704359654], [78.7393099058771, 10.38787195419756], [78.73912758722064, 10.387874081291372], [78.73912866146199, 10.387964331147247], [78.73903750208883, 10.38796539466271], [78.73903965054458, 10.388145894401408], [78.7392219693897, 10.388143767307596], [78.73922411798918, 10.388324267001376], [78.73895063955533, 10.388327457664552], [78.73895171379667, 10.388417707538391], [78.73886055427081, 10.388418771044874], [78.7388637769679, 10.388689520702325], [78.73877261736119, 10.38869058421779], [78.73877046894138, 10.388510084425194], [78.7386793093706, 10.388511147895743], [78.73867823520112, 10.388420897994955], [78.73858707564831, 10.388421961429572], [78.73858600151475, 10.388331711510816], [78.73840368242709, 10.388333838281234], [78.73840260835642, 10.388243588353495], [78.73822028928673, 10.388245714998149], [78.73821921527895, 10.388155465052444], [78.7379457366744, 10.388158654799339], [78.73794681061032, 10.388248904780976], [78.73785565103057, 10.388249967991014], [78.73785779887547, 10.388430467972254], [78.73776663923282, 10.38843153117331], [78.73776878705975, 10.388612031163534], [78.73785994675629, 10.388610967944514], [78.73786316865389, 10.388881717907392], [78.73795432841331, 10.38888065462549], [78.73794895850912, 10.388429404744251], [78.73822243733824, 10.388426214907525], [78.73822351138196, 10.38851646485323], [78.73840583060436, 10.388514338145695], [78.73840690471097, 10.388604588082416], [78.73849806433564, 10.38860352467475], [78.7384991384692, 10.388693774602489], [78.73859029811184, 10.388692711167872], [78.73859244646877, 10.388873210987416], [78.73868360614735, 10.388872147507884], [78.73868468037074, 10.38896239739969], [78.73914047876362, 10.388957079561854], [78.73913940441447, 10.388866829714964], [78.73932172365484, 10.388864702414539], [78.73932064926078, 10.388774452576632], [78.73941180884054, 10.388773388899471], [78.73941073442852, 10.38868313907953], [78.73950189397235, 10.388682075384402], [78.73950834072299, 10.389223574268115], [78.73959950041055, 10.389222510492138], [78.73960057493038, 10.389312760294112], [78.73941825549238, 10.389314887846066], [78.73941718102645, 10.389224638026125], [78.73932602132092, 10.389225701748202], [78.7393270957599, 10.389315951577126], [78.73923593601845, 10.38931701529022], [78.73923701043945, 10.389407265128128], [78.73914585066207, 10.389408328823254], [78.73914692506511, 10.389498578670146], [78.73923808487844, 10.389497514966035], [78.73923915931742, 10.389587764803942], [78.73933031913973, 10.389586701072881], [78.73933354260937, 10.389857450559653], [78.73942470250354, 10.389856386765711], [78.73942792614388, 10.39012713621655], [78.73933676617784, 10.390128200037442], [78.73933784071563, 10.390218449866365], [78.73924668070468, 10.390219513669292], [78.73924990430908, 10.390490263165047], [78.7393410643919, 10.390489199335171], [78.7393421389746, 10.390579449155112], [78.73925097886483, 10.390580513002954], [78.7392520534206, 10.390670762831878], [78.73916089328388, 10.39067182665277], [78.73916196783065, 10.39076207649966], [78.73907080764901, 10.390763140302585], [78.73907295671562, 10.39094364000535], [78.73898179647111, 10.390944703799292], [78.73898394553771, 10.391125203520023], [78.73916626611657, 10.391123075851288], [78.73916411695116, 10.390942576175474], [78.73925527716872, 10.39094151231865], [78.73925420257703, 10.390851262489726], [78.73934536276765, 10.390850198623918], [78.73934428815798, 10.390759948803977], [78.73952660844938, 10.39075782100948], [78.73952983245803, 10.39102857040642], [78.7397121528662, 10.391026442450226], [78.73971322761061, 10.391116692234235], [78.73980438782817, 10.391115628206729], [78.73980546260852, 10.391205877981754], [78.7396231421105, 10.39120800602778], [78.73962421684593, 10.391298255820772], [78.73953305656548, 10.391299319812344], [78.73953520600938, 10.39147981940731], [78.73944404566605, 10.391480883389898], [78.73944512037453, 10.391571133200856], [78.73953628075378, 10.3915700692003], [78.73953735549819, 10.391660319002275], [78.73962851589542, 10.391659254965788], [78.73963066547405, 10.391839754542788], [78.7399041467466, 10.391836562235694], [78.73990952125914, 10.392287811012006], [78.73981836071817, 10.392288875192223], [78.73981943562428, 10.392379124958266], [78.73972827503842, 10.392380189111535], [78.73972934992655, 10.39247043888656], [78.73954702869192, 10.39247256714818], [78.73954917839632, 10.392653066725181], [78.73982266039648, 10.392649874238426], [78.73982481029853, 10.392830373761527], [78.73991597100118, 10.392829309527409], [78.73991704598814, 10.392919559284469], [78.74009936741142, 10.392917430726403], [78.74009829237056, 10.39282718098731], [78.74028061370402, 10.392825052348396], [78.74027846354146, 10.392644552924109], [78.74018730293761, 10.392645617239074], [78.74018622789677, 10.392555367508965], [78.74027738847366, 10.392554303202983], [78.740275238374, 10.392373803778698], [78.74009291730106, 10.392375932327779], [78.74008969237615, 10.392105183119485], [78.74027201329636, 10.392103054624302], [78.74027308831026, 10.392193304345428], [78.74036424877936, 10.392192240048429], [78.7403653238292, 10.392282489751588], [78.74045648431625, 10.39228142542764], [78.74045863450574, 10.392461924815994], [78.74036747396478, 10.39246298916689], [78.7403696241453, 10.392643488582195], [78.74046078473118, 10.39264242421333], [78.74046185986185, 10.392732673907506], [78.7405530204657, 10.39273160950271], [78.74055732117708, 10.393092608243483], [78.74046616047441, 10.39309367267523], [78.74047046123968, 10.393454671442955], [78.74037930041126, 10.393455735892667], [78.74038145080738, 10.393636235290003], [78.74029028991608, 10.393637299739716], [78.74029244030321, 10.39381779915502], [78.74038360123942, 10.39381673468734], [78.74038682695486, 10.394087483778854], [78.74047798796295, 10.394086419257276], [78.74047906324634, 10.39417666894247], [78.74057022427239, 10.394175604384959], [78.7405712995917, 10.39426585406117], [78.74075362166178, 10.394263724856316], [78.74075577243518, 10.394444224172805], [78.74084693350615, 10.394443159507496], [78.74084800894225, 10.394533409156757], [78.7409391700222, 10.3945323444645], [78.74095315184145, 10.395705589662345], [78.74077082898087, 10.39570771927144], [78.74076975344596, 10.395617469631162], [78.74067859202465, 10.395618534386303], [78.74067644104463, 10.395438035069814], [78.74049411828287, 10.395440164472296], [78.74049519371897, 10.395530414148507], [78.7405863551313, 10.395529349447266], [78.74058743060334, 10.395619599114493], [78.74049626916407, 10.395620663815734], [78.74049949555324, 10.395891412844366], [78.74040833402414, 10.395892477545607], [78.74040725857006, 10.395802227869396], [78.74031609705892, 10.395803292534705], [78.74031502164976, 10.395713042849511], [78.74013269865443, 10.395715172090297], [78.74013377400969, 10.39580542180244], [78.7400426124716, 10.395806486395882], [78.74004476316415, 10.395986985838135], [78.73968011669739, 10.395991244032246], [78.73967796621145, 10.395810744518126], [78.73958680461946, 10.395811808985806], [78.73958465422335, 10.39563130944474], [78.73949349267627, 10.395632373867503], [78.73949241751865, 10.395542124092477], [78.73940125598953, 10.395543188479309], [78.73940233112022, 10.395633438263316], [78.7393111695462, 10.39563450263218], [78.7393122446679, 10.395724752434155], [78.73912992144798, 10.395726881109002], [78.73912777133036, 10.395546381478104], [78.7392189328954, 10.395545317172122], [78.7392178578276, 10.395455067361164], [78.7391266962895, 10.395456131658163], [78.73912454623475, 10.395275632027264], [78.73921570771894, 10.395274567748231], [78.73921355764622, 10.395094068126316], [78.73939588047986, 10.395091939523335], [78.73939480541206, 10.395001689730343], [78.73948596678845, 10.395000625406395], [78.73948381661693, 10.394820125838377], [78.73957497793043, 10.394819061496463], [78.73957067761432, 10.394458062396362], [78.73947951640861, 10.394459126693361], [78.7394730663791, 10.393917627962363], [78.7395642274321, 10.393916563719262], [78.7395577776092, 10.393375065024197], [78.73946661670892, 10.393376129204414], [78.7394644669057, 10.393195629618432], [78.73937330605034, 10.393196693762718], [78.73937223118017, 10.39310644395176], [78.73928107034276, 10.393107508060112], [78.73927784588497, 10.392836758609272], [78.73900436355241, 10.392839950682804], [78.73900328882598, 10.392749700844897], [78.73882096727694, 10.392751828747192], [78.7388220419405, 10.392842078612048], [78.73854855945524, 10.392845270299304], [78.73854963405591, 10.39293552019111], [78.73845847318258, 10.392936584038951], [78.73846062235698, 10.39311708384053], [78.73836946142076, 10.393118147688371], [78.73837053600347, 10.393208397598144], [78.73809705306006, 10.393211589015904], [78.73809812756193, 10.393301838952626], [78.73800696653588, 10.393302902710635], [78.73800589205199, 10.39321265276493], [78.7379147310439, 10.39321371649599], [78.73791580550085, 10.393303966450679], [78.73782464445684, 10.393305030163773], [78.73782249559684, 10.393124530227448], [78.73791365659594, 10.393123466541303], [78.73791043331494, 10.392852716668255], [78.73763695053323, 10.392855907582959], [78.73763480187985, 10.392675407610701], [78.73772596276217, 10.392674344014388], [78.73772381409981, 10.392493844060096], [78.73754149242501, 10.392495971180857], [78.73753934390638, 10.39231547118165], [78.7374481831049, 10.392316534688131], [78.73744710888151, 10.392226284679545], [78.73735594809801, 10.39222734814111], [78.73735272558058, 10.391956598088399], [78.73753504698588, 10.39195447117425], [78.73753289858404, 10.391773971175043], [78.73762405921482, 10.391772907695511], [78.73762083660756, 10.391502157714665], [78.7377119971575, 10.391501094244116], [78.73770662621126, 10.391049844299996], [78.73779778661748, 10.391048780856396], [78.73779563825157, 10.390868280893121], [78.7378867985949, 10.390867217431556], [78.73788572440745, 10.3907769674589], [78.73797688471484, 10.39077590398835], [78.73797366211656, 10.390505154097337], [78.73770018140098, 10.39050834435627], [78.73769910730336, 10.390418094356667], [78.73760794706783, 10.390419157719418], [78.73760472490073, 10.39014840770264], [78.73724008418318, 10.39015266076737], [78.7372411581191, 10.390242910811889], [78.73705883764805, 10.390245037205016], [78.73705776376602, 10.39015478714253], [78.73669312280593, 10.390159039578439], [78.73669419658914, 10.390249289676857], [78.7364207156939, 10.39025247876798], [78.73642178940524, 10.390342728893348], [78.73633062906191, 10.390343791878808], [78.73633170276426, 10.390434042022141], [78.736240542385, 10.390435104989635], [78.73624161606939, 10.390525355132969], [78.73587697433675, 10.390529606796326], [78.73587590076016, 10.39043935661706], [78.73569357988485, 10.390441482273566], [78.7356914328664, 10.390260981870117], [78.73560027246019, 10.39026204463998], [78.7355991989914, 10.39017179442478], [78.73532571781767, 10.39017498256369], [78.73532464442972, 10.390084732321542], [78.73578044620926, 10.39007941868782], [78.73578151972298, 10.390169668876071], [78.73596384041862, 10.390167543228547], [78.735962766851, 10.39007729304928], [78.7360539271584, 10.390076230198568], [78.73605070644658, 10.389805479696701], [78.73614186666414, 10.389804416837006], [78.73613757240267, 10.389443416200786], [78.73604641229291, 10.389444479015564], [78.73604319177872, 10.389173728504714], [78.73613435181662, 10.389172665716885], [78.73613327831188, 10.389082415555583], [78.73604211830093, 10.38908347833443], [78.73604104482315, 10.388993228155163], [78.73594988483016, 10.388994290898076], [78.73594881138831, 10.38890404071881], [78.7358576514133, 10.38890510342579], [78.73585657800739, 10.388814853228558], [78.73576541805032, 10.388815915899606], [78.73576434468035, 10.388725665702372], [78.73567318474126, 10.388726728337488], [78.73566996477503, 10.38845597769189], [78.73557880489884, 10.38845704028209], [78.73557665835649, 10.38827653982474], [78.73548549852521, 10.388277602370026], [78.73548442528997, 10.388187352127877], [78.73539326547665, 10.388188414637229], [78.73539219227733, 10.388098164386097], [78.73530103248198, 10.388099226859515], [78.73529995931861, 10.3880089765994], [78.73520879953223, 10.388010039036887], [78.73520772641378, 10.387919788767787], [78.73529888617321, 10.387918726348268], [78.73529781303678, 10.387828476088153], [78.73538897276028, 10.387827413650665], [78.73539004592365, 10.387917663892814], [78.73557236539757, 10.387915538919028], [78.73557129218031, 10.387825288694845], [78.73566245187685, 10.387824226176509], [78.73565815900777, 10.387463225297745], [78.73574931858754, 10.387462162788394], [78.735747172153, 10.387281662366977], [78.73556485309228, 10.387283787313816], [78.73556270680147, 10.387103286847484], [78.73547154731155, 10.38710434925802], [78.73546940111954, 10.386923848773723], [78.73583403883673, 10.38691959903276], [78.73583296564641, 10.386829348826543], [78.73610644375687, 10.38682616127154], [78.73610537050367, 10.386735911092272], [78.73619652982292, 10.386734848538005], [78.73619545655176, 10.38664459836772], [78.73637777511838, 10.38664247318732], [78.73637884844345, 10.386732723339637], [78.73656116701908, 10.386730598042456], [78.73656009364909, 10.386640347917089], [78.7368335713553, 10.386637159805128], [78.7368314244806, 10.386456659590324], [78.73692258364713, 10.386455596856393], [78.73692151020528, 10.386365346757975], [78.73683035105671, 10.386366409482923], [78.7368292776508, 10.386276159375521], [78.7367381185202, 10.386277222073518], [78.73673597178022, 10.386096721831766], [78.73664481269454, 10.386097784484848], [78.73664373936049, 10.38600753435948], [78.73655258030175, 10.386008596967647], [78.73655150700363, 10.385918346833295], [78.73646034795388, 10.38591940940553], [78.73645927469168, 10.385829159262196], [78.7363681156599, 10.385830221798496], [78.73636704243364, 10.38573997164618], [78.73627588341982, 10.385741034146548], [78.7362748102295, 10.385650783985247], [78.73645712820326, 10.385648658966543], [78.736456054977, 10.385558408814227], [78.73672953177592, 10.38555522111549], [78.7367284584778, 10.385464970999106], [78.73681961737485, 10.385463908390939], [78.73681854405876, 10.385373658274554], [78.73690970291089, 10.385372595657405], [78.73690648294466, 10.3851018453352], [78.73699764171594, 10.38510078271805], [78.73699334846059, 10.384739782333359], [78.73708450711509, 10.384738719716209], [78.737083433799, 10.384648469626773], [78.73699227517146, 10.384649532225957], [78.7369912018913, 10.384559282127539], [78.73680888466316, 10.384561407236074], [78.73680781144589, 10.384471157110706], [78.73689897004648, 10.384470094583387], [78.73689789681124, 10.384379844475985], [78.7368067382376, 10.38438090699432], [78.73680459185695, 10.384200406752568], [78.73671343333721, 10.384201469225987], [78.73671236018282, 10.38411121910062], [78.7365300431523, 10.384113343948643], [78.7365289700608, 10.384023093796324], [78.73616433599078, 10.384027343159996], [78.73616219005032, 10.383846842783495], [78.73643566546583, 10.38384365585731], [78.73643351940859, 10.383663155534709], [78.73652467780258, 10.383662093196039], [78.73652360476497, 10.383571843034737], [78.736614763132, 10.383570780678099], [78.73661583619656, 10.383661030821434], [78.73670699457257, 10.383659968428862], [78.73670806767306, 10.383750218563215], [78.73679922606705, 10.38374915613471], [78.73680029921246, 10.383839406260078], [78.73689145762441, 10.383838343804626], [78.73689253079677, 10.383928593912028], [78.7369836892177, 10.38392753141166], [78.73698046965572, 10.383656781098436], [78.73688931130665, 10.383657843571855], [78.73688609189739, 10.383387093222701], [78.73725072492536, 10.383382843302075], [78.7372517981516, 10.383473093382527], [78.73770758934899, 10.383467780350678], [78.73770544264495, 10.383287280288588], [78.73752312629715, 10.383289405540854], [78.73752097973686, 10.383108905433849], [78.73761213786135, 10.383107842843648], [78.73761106456323, 10.38301759279913], [78.73779338073136, 10.383015467546864], [78.7377923073973, 10.38292521752031], [78.73788346544094, 10.382924154867228], [78.73788561217194, 10.383104654902368], [78.73797677026049, 10.38310359220437], [78.73797569686356, 10.383013342204766], [78.7380668549072, 10.383012279488803], [78.7380657814923, 10.382922029489198], [78.73797462347561, 10.38292309219618], [78.73797355009664, 10.382832842187591]], [[78.73772047041761, 10.384550780687285], [78.73762931188888, 10.384551843457148], [78.73762823843805, 10.384461593421612], [78.73771939693982, 10.384460530660732], [78.73772047041761, 10.384550780687285]], [[78.73797355009664, 10.382832842187591], [78.73797140336566, 10.382652342170418], [78.73806256131049, 10.382651279490386], [78.73806470809537, 10.382831779489594], [78.73797355009664, 10.382832842187591]], [[78.73884659028312, 10.38724552249631], [78.73893774946761, 10.38724445910661], [78.7389388235832, 10.387334708989432], [78.73884766437175, 10.387335772388116], [78.73884659028312, 10.38724552249631]], [[78.73888512962577, 10.382822214084719], [78.73888835057114, 10.38309296382302], [78.7387971925814, 10.383094026781528], [78.73879397171687, 10.382823277007295], [78.73888512962577, 10.382822214084719]], [[78.73934536276765, 10.390850198623918], [78.7394365229403, 10.39084913473116], [78.73943759758589, 10.390939384542119], [78.73934643738629, 10.390940448443859], [78.73934536276765, 10.390850198623918]], [[78.73954917839632, 10.392653066725181], [78.73955132813666, 10.39283356630218], [78.7393690066505, 10.392835694536853], [78.73936793182524, 10.392745444725895], [78.73945909254587, 10.392744380635508], [78.73945801770265, 10.392654130833535], [78.73954917839632, 10.392653066725181]], [[78.73614723470882, 10.390255667625542], [78.73623839504317, 10.390254604702966], [78.7362394687096, 10.3903448548463], [78.73614830833931, 10.39034591777786], [78.73614723470882, 10.390255667625542]], [[78.73708021391363, 10.384377719358467], [78.73717137245134, 10.384376656759285], [78.73717029915322, 10.384286406678832], [78.73726145765501, 10.384285344061682], [78.73726467766615, 10.384556094285072], [78.73717351908351, 10.384557156929171], [78.73717244576743, 10.384466906839737], [78.73708128720277, 10.384467969447902], [78.73708021391363, 10.384377719358467]], [[78.73882618435972, 10.385530774417248], [78.73891734305016, 10.385529711216194], [78.7389184169771, 10.385619961107999], [78.73882725825972, 10.385621024327019], [78.73882618435972, 10.385530774417248]], [[78.73945049408756, 10.392022382228696], [78.73954165459259, 10.392021318183223], [78.73954380420717, 10.392201817769207], [78.73945264364825, 10.392202881832644], [78.73945049408756, 10.392022382228696]], [[78.73946124225927, 10.392924880230474], [78.7395524030248, 10.392923816095172], [78.73955347792192, 10.39301406587918], [78.73946231712944, 10.393015130023466], [78.73946124225927, 10.392924880230474]], [[78.74010151752904, 10.39309793018662], [78.7401926782856, 10.393096865844706], [78.74019590360578, 10.393367615008085], [78.74010474277736, 10.393368679367965], [78.74010151752904, 10.39309793018662]], [[78.73834354953435, 10.383279841097176], [78.73834247601165, 10.383189591133505], [78.73825131794106, 10.3831906539393], [78.73824917097652, 10.383010153985008], [78.7384314870099, 10.383008028373416], [78.73843470762291, 10.383278778255447], [78.73834354953435, 10.383279841097176]], [[78.73834354953435, 10.383279841097176], [78.73834462306603, 10.383370091060847], [78.73825346494154, 10.383371153893592], [78.73825239143682, 10.383280903920937], [78.73834354953435, 10.383279841097176]]]]}, "id": "+10962+4995", "properties": {"count": 3577, "water": 1}}, {"type": "Feature", "geometry": {"geodesic": false, "type": "Polygon", "coordinates": [[[78.73952338453059, 10.390487071594572], [78.73961454457746, 10.39048600768385], [78.73961346993187, 10.390395757890857], [78.73970462995182, 10.390394693962168], [78.7396938837564, 10.389492196068186], [78.73987620323932, 10.38949006833657], [78.73987405402, 10.389309568786521], [78.7399652136896, 10.389308504893764], [78.73996198985164, 10.389037755595638], [78.73987083025392, 10.389038819461446], [78.73986975568917, 10.388948569677437], [78.73977859610042, 10.388949633507313], [78.73977322354621, 10.388498384569305], [78.73986438299123, 10.388497320784346], [78.73986330848038, 10.38840707100932], [78.73977214906232, 10.388408134776313], [78.7397710745874, 10.388317884983323], [78.73967991517831, 10.388318948723366], [78.73967884073934, 10.388228698921392], [78.73977000012147, 10.388227635190331], [78.73976677679555, 10.38795688582034], [78.73958445817502, 10.387959013183647], [78.73958338380791, 10.387868763372689], [78.73967454309123, 10.387867699713492], [78.73967346870614, 10.387777449902536], [78.73976462795353, 10.387776386225374], [78.73976355355049, 10.387686136432382], [78.73967239433004, 10.387687200100562], [78.73967131995396, 10.387596950298587], [78.73958016075149, 10.387598013930832], [78.73957908641131, 10.387507764110891], [78.73967024559582, 10.387506700487629], [78.7396680969155, 10.387326200874696], [78.73975925603712, 10.387325137251434], [78.73976033039524, 10.387415387044426], [78.73994264866543, 10.387413259690103], [78.73994587197339, 10.387684009024161], [78.74003703116688, 10.387682945275133], [78.74003810565077, 10.387773195041175], [78.74012926486222, 10.3877721312652], [78.74013248844865, 10.388042880527392], [78.74022364773197, 10.388041816697518], [78.74022579688841, 10.388222316184685], [78.74031695620765, 10.388221252309894], [78.74033630086136, 10.389845747433895], [78.74042746064774, 10.389844683361476], [78.74042961029824, 10.390025182785761], [78.74033845046695, 10.390026246885132], [78.74033952528322, 10.390116496606257], [78.74043068514146, 10.390115432497904], [78.7404371344074, 10.390656930761779], [78.74052829440937, 10.390655866581561], [78.74053366920039, 10.391107115070412], [78.74044250906368, 10.391108179304528], [78.74044358402368, 10.391198429007687], [78.74035242385104, 10.391199493223839], [78.74035349879307, 10.391289742935982], [78.74044465899266, 10.391288678710849], [78.74044573397063, 10.391378928414008], [78.74035457374409, 10.391379992648124], [78.74035994866985, 10.39183124120884], [78.7401776279293, 10.391833369695041], [78.7401744031032, 10.391562620504713], [78.74008324279579, 10.39156368468493], [78.74008109301053, 10.391383185206745], [78.73998993274806, 10.391384249333065], [78.73998778306162, 10.39120374982793], [78.73989662283506, 10.391204813918318], [78.73989232367778, 10.390843814863132], [78.73980116355004, 10.390844878890638], [78.73980008881462, 10.390754629115612], [78.73961776857712, 10.390756757071806], [78.73961669390458, 10.390666507278816], [78.73952553379482, 10.390667571198522], [78.73952338453059, 10.390487071594572]]]}, "id": "+10965+4934", "properties": {"count": 284, "water": 1}}, {"type": "Feature", "geometry": {"geodesic": false, "type": "MultiPolygon", "coordinates": [[[[78.73958212644499, 10.364761607270287], [78.73967327904484, 10.364760545946712], [78.73967435099549, 10.364850795883433], [78.73985665622213, 10.364848673137468], [78.73985772823566, 10.364938923056224], [78.73994888086247, 10.364937861633832], [78.73994995291193, 10.365028111534622], [78.7400411055477, 10.365027050085283], [78.74004217764208, 10.365117299977088], [78.74013333029583, 10.365116238491817], [78.74013440241717, 10.365206488374639], [78.74022555508888, 10.365205426853434], [78.74022662724614, 10.36529567671829], [78.74031777993582, 10.365294615161153], [78.74031885212901, 10.36538486502601], [78.74050115752634, 10.36538274181292], [78.74050222978242, 10.36547299165981], [78.74059338249006, 10.365471930003858], [78.74059445478207, 10.365562179832782], [78.74077676022432, 10.365560056431047], [78.74077997732492, 10.365830805863919], [78.74041536609008, 10.365835052685357], [78.7404164383731, 10.36592530254123], [78.74014297976505, 10.365928487410272], [78.74014190756289, 10.365838237536433], [78.74005075470252, 10.365839299102554], [78.74004968253628, 10.365749049210748], [78.73986737683352, 10.365751172244174], [78.73986630472118, 10.365660922334403], [78.73968399903639, 10.365663045242064], [78.73968292699591, 10.365572795314327], [78.7398652326268, 10.36557067242463], [78.73986201640656, 10.365299922695312], [78.73977086366297, 10.365300984126685], [78.73976871961796, 10.365120484289175], [78.73967756691928, 10.365121545675633], [78.73967649494169, 10.36503129573891], [78.739585342261, 10.365032357089436], [78.73958212644499, 10.364761607270287]]], [[[78.73958212644499, 10.364761607270287], [78.73949097383615, 10.364762668566913], [78.73948990193941, 10.364672418612225], [78.7395810545213, 10.364671357324582], [78.73958212644499, 10.364761607270287]]]]}, "id": "+10966+5185", "properties": {"count": 75, "water": 1}}, {"type": "Feature", "geometry": {"geodesic": false, "type": "Polygon", "coordinates": [[[78.73816569906218, 10.35295369806559], [78.73834799772214, 10.352951578580509], [78.73834692740644, 10.352861328446158], [78.73843807670049, 10.352860268676668], [78.73843593603313, 10.352679768425933], [78.73861823448648, 10.352677648851019], [78.73861716411687, 10.352587398743617], [78.73879946247142, 10.352585279078873], [78.73879518090314, 10.352224278712148], [78.73943322411098, 10.35221685936452], [78.73943536524546, 10.352397359417626], [78.73934421619394, 10.352398419420679], [78.73934314564468, 10.352308169385143], [78.73925199661113, 10.352309229352262], [78.73925413765578, 10.3524897294413], [78.73934528674322, 10.352488669456216], [78.7393495690571, 10.352849669589379], [78.73907612145342, 10.352852849589551], [78.73907719197574, 10.352943099643054], [78.73880374421037, 10.352946279445598], [78.73880481466082, 10.353036529526051], [78.73816676933298, 10.353043948217909], [78.73816569906218, 10.35295369806559]]]}, "id": "+10966+5323", "properties": {"count": 67, "water": 1}}, {"type": "Feature", "geometry": {"geodesic": false, "type": "Polygon", "coordinates": [[[78.73957270565988, 10.348604738475943], [78.7396638535885, 10.348603678787303], [78.73966171312776, 10.348423178743179], [78.73984400885922, 10.348421059329963], [78.7398429385974, 10.348330809321375], [78.74002523423904, 10.348328689836295], [78.74002630455475, 10.348418939817932], [78.74011745239353, 10.348417880030475], [78.7401195931058, 10.348598379984768], [78.74002844522211, 10.348599439799173], [78.74002951557375, 10.34868968978081], [78.73993836765412, 10.348690749577251], [78.7399394379878, 10.348780999576855], [78.73957484610267, 10.348785238538033], [78.73957270565988, 10.348604738475943]]]}, "id": "+10973+5366", "properties": {"count": 21, "water": 1}}]}