{"type": "FeatureCollection", "columns": {"count": "Long<0, 4294967295>", "system:index": "String", "water": "Byte<0, 1>"}, "features": [{"type": "Feature", "geometry": {"geodesic": false, "type": "Polygon", "coordinates": [[[78.0760960894296, 11.67979161630843], [78.07618771139919, 11.67979063383897], [78.07618571778605, 11.679610024263264], [78.07627733968377, 11.679609041775837], [78.07627634285923, 11.679518736996968], [78.07618472098845, 11.679519719475412], [78.07618372419985, 11.679429414687558], [78.07636696787851, 11.679427449712705], [78.07636597103601, 11.679337144942819], [78.07645759283491, 11.67933616241946], [78.07645559912295, 11.67915555288867], [78.07663884257704, 11.679153587788052], [78.0766398394914, 11.679243892539974], [78.07673146123642, 11.67924290994475], [78.07673345514601, 11.679423519430625], [78.07682507693593, 11.679422536781502], [78.07682707093535, 11.67960314624941], [78.07691869277917, 11.679602163555371], [78.0769196898283, 11.679692468280342], [78.07701131169009, 11.679691485559353], [78.07701230877514, 11.67978179027534], [78.07692068687741, 11.679782773005313], [78.07692168393551, 11.679873077730283], [78.076555196147, 11.679877008407624], [78.07655419920567, 11.679786703655703], [78.07627933336877, 11.679789651333577], [78.07628033022026, 11.679879956112448], [78.0760970862272, 11.679881921096284], [78.0760960894296, 11.67979161630843]]]}, "id": "+3547+711", "properties": {"count": 45, "water": 1}}, {"type": "Feature", "geometry": {"geodesic": false, "type": "MultiPolygon", "coordinates": [[[[78.07945935304437, 11.685626020898065], [78.07955097663991, 11.685625036865536], [78.07955197506345, 11.685715341329995], [78.07946035143198, 11.685716325362524], [78.07945935304437, 11.685626020898065]]], [[[78.07945935304437, 11.685626020898065], [78.07936772943087, 11.68562700489466], [78.07936872780051, 11.685717309377086], [78.07927710415107, 11.685718293355716], [78.07927910084544, 11.685898902320567], [78.07937072454877, 11.685897918323972], [78.07937172293637, 11.685988222806397], [78.07882198041992, 11.68599412638173], [78.07882098221197, 11.685903821854389], [78.0786377346975, 11.685905789470288], [78.07863573842535, 11.685725180388657], [78.07881898581405, 11.68572321280869], [78.07881798763306, 11.685632908281347], [78.0789096112825, 11.685631924464415], [78.07890861307455, 11.685541619946056], [78.07900023669704, 11.68554063609319], [78.07899524563037, 11.68508911353733], [78.07908686909116, 11.685088129702432], [78.07907988175234, 11.684455998145788], [78.07917150499753, 11.684455014337837], [78.07917050680756, 11.684364709828463], [78.07926213001682, 11.684363726002546], [78.07926412645965, 11.684544334985365], [78.07935574971383, 11.68454335110555], [78.0793647343938, 11.685356091456365], [78.0794563579085, 11.685355107477736], [78.07945735627814, 11.685445411951179], [78.0793657327365, 11.685446395938792], [78.07936673107919, 11.685536700421217], [78.07945835465677, 11.68553571642462], [78.07945935304437, 11.685626020898065]], [[78.07891060949942, 11.68572222897379], [78.07900223317581, 11.68572124511194], [78.07900123493194, 11.685630940602566], [78.07918448220386, 11.685628972807004], [78.07918647881738, 11.685809581798805], [78.07891160772533, 11.685812533492149], [78.07891060949942, 11.68572222897379]]]]}, "id": "+3575+653", "properties": {"count": 70, "water": 1}}, {"type": "Feature", "geometry": {"geodesic": false, "type": "Polygon", "coordinates": [[[78.08088439420176, 11.723272066636653], [78.08097603006829, 11.72327107902883], [78.08097001707814, 11.722729254389046], [78.08115328843391, 11.7227272791734], [78.08115128404997, 11.72254667099008], [78.08124291965598, 11.722545683355309], [78.0812399130576, 11.722274771093808], [78.08160645504148, 11.722270820357087], [78.08160445044194, 11.722090212236651], [78.0818793566671, 11.72208724892809], [78.08188035904323, 11.722177552961359], [78.08206362987796, 11.722175577260622], [78.08206463232595, 11.722265881275924], [78.08261444479423, 11.722259953419128], [78.08261544743087, 11.722350257389515], [78.08252381201349, 11.722351245446495], [78.08252481463217, 11.722441549425865], [78.08243317916988, 11.722442537455896], [78.08243418176161, 11.722532841444249], [78.08234254626339, 11.722533829456314], [78.08234956444139, 11.723165957392748], [78.08225792872757, 11.723166945431762], [78.08225893132827, 11.723257249429098], [78.08216729557853, 11.723258237441163], [78.08216829816126, 11.723348541447482], [78.08225993393796, 11.723347553417451], [78.08226193918429, 11.723528161412123], [78.08217030334471, 11.723529149451137], [78.08217531643807, 11.723980669446798], [78.08208368044578, 11.72398165750378], [78.08208869360202, 11.724433177517406], [78.08218032974703, 11.724432189433475], [78.0821823351281, 11.724612797419164], [78.08209069892919, 11.724613785521061], [78.08209270428333, 11.724794393524716], [78.08218434054511, 11.724793405404853], [78.0821853432626, 11.724883709393204], [78.08227697955132, 11.724882721237408], [78.08227798230475, 11.724973025216778], [78.08218634598906, 11.724974013381557], [78.08219236252755, 11.725515837320655], [78.08228399902289, 11.725514849101977], [78.08229001603748, 11.72605667296921], [78.08201510600347, 11.726059637661177], [78.08201410323208, 11.72596933366384], [78.08192246656606, 11.725970321828619], [78.08191945840461, 11.72569940980068], [78.08182782181943, 11.725700397920543], [78.08182381116508, 11.725339181841369], [78.0817321746877, 11.72534016989835], [78.08173117207802, 11.725249865874066], [78.08136462621341, 11.725253817751646], [78.08136362372949, 11.725163513691427], [78.08145526017992, 11.725162525778178], [78.08145225268323, 11.72489161361549], [78.08172716171113, 11.724888649749975], [78.08172515658158, 11.724708041692422], [78.08181679284337, 11.724707053698323], [78.08181579026063, 11.724616749674038], [78.08172415402579, 11.724617737659154], [78.08172315147898, 11.724527433625886], [78.08153987903627, 11.724529409506285], [78.08153887656132, 11.724439105455051], [78.08108069545902, 11.724444044590111], [78.08107568393771, 11.723992524145293], [78.08116732001983, 11.723991536411706], [78.08116932466429, 11.724172144577057], [78.08153586917244, 11.724168193301347], [78.08153286186439, 11.723897281147643], [78.08098304558726, 11.723903207746798], [78.08097903666666, 11.723541991335248], [78.0808874007103, 11.72354297897002], [78.08088439420176, 11.723272066636653]], [[78.0811613062841, 11.723449711897686], [78.08125294218655, 11.723448724182065], [78.08125494679507, 11.723629332347416], [78.08116331082974, 11.72363032007202], [78.0811613062841, 11.723449711897686]], [[78.0817171363778, 11.723985609417293], [78.08180877240603, 11.723984621486077], [78.08180576487341, 11.723713709395254], [78.08198903673222, 11.723711733478922], [78.081990039297, 11.723802037494224], [78.08208167523539, 11.723801049491142], [78.0820826778361, 11.72389135349746], [78.08199104186177, 11.723892341509526], [78.08199605482936, 11.724343861577053], [78.08181278255732, 11.7243458375922], [78.08181178001053, 11.724255533567915], [78.08172014389247, 11.72425652152608], [78.0817171363778, 11.723985609417293]], [[78.08188837840258, 11.722899985218522], [78.0819800140625, 11.722898997314255], [78.08198101654642, 11.72298930133854], [78.0820726522243, 11.72298831339834], [78.08207365474415, 11.723078617413641], [78.08198201903933, 11.723079605353842], [78.08198302154122, 11.723169909378127], [78.08189138580046, 11.72317089730036], [78.08188837840258, 11.722899985218522]], [[78.08206663724889, 11.722446489306527], [78.08224990822735, 11.722444513444094], [78.082251913303, 11.722625121447749], [78.08206864220776, 11.722627097346114], [78.08206663724889, 11.722446489306527]]]}, "id": "+3599+235", "properties": {"count": 383, "water": 1}}, {"type": "Feature", "geometry": {"geodesic": false, "type": "MultiPolygon", "coordinates": [[[[78.0854563573537, 11.69757340645941], [78.08545735874168, 11.697663710348948], [78.08536573169661, 11.697664697265068], [78.08536473034457, 11.69757439337553], [78.0854563573537, 11.69757340645941]]], [[[78.08638464778392, 11.698647181394493], [78.08647627506255, 11.698646194065148], [78.08647727687274, 11.69873649785587], [78.08638564956716, 11.698737485185216], [78.08638464778392, 11.698647181394493]]], [[[78.08638464778392, 11.698647181394493], [78.08620139319972, 11.69864915595437], [78.08620039148833, 11.698558852136697], [78.08601713693108, 11.698560826561827], [78.08601613528258, 11.698470522735171], [78.08592450802192, 11.698471509893837], [78.08592350641834, 11.698381206058198], [78.08583187917564, 11.698382193180931], [78.085830877608, 11.698291889336309], [78.08573925038327, 11.698292876423109], [78.08573724732884, 11.6981122687159], [78.08564562015799, 11.698113255757784], [78.0856446186712, 11.698022951886212], [78.08555299152732, 11.698023938892165], [78.08554798436285, 11.697572419525324], [78.0854563573537, 11.69757340645941], [78.08545435460469, 11.697392798698301], [78.08536272764945, 11.697393785587472], [78.08536172631537, 11.697303481697935], [78.08527009938709, 11.697304468551174], [78.08526909808894, 11.697214164652653], [78.08545235189162, 11.697212190928209], [78.08545335324366, 11.697302494808763], [78.08554498016296, 11.697301507892643], [78.08554598155095, 11.697391811773198], [78.08563760848821, 11.697390824821145], [78.08563860992112, 11.697481128692717], [78.08573023687636, 11.69748014170473], [78.08573324130978, 11.697751053283511], [78.08582486834587, 11.697750066241626], [78.0858258698686, 11.697840370095232], [78.08591749693164, 11.697839383017415], [78.0859184984903, 11.697929686853055], [78.08601012557129, 11.697928699739304], [78.08601112717487, 11.698019003574943], [78.08610275427384, 11.69801801642526], [78.08610375591334, 11.698108320251917], [78.08619538303927, 11.698107333057317], [78.08619638471471, 11.69819763687499], [78.08628801185858, 11.698196649653443], [78.08629001529032, 11.698377257270822], [78.0863816424881, 11.698376269995375], [78.0863826442444, 11.69846657379508], [78.08647427146015, 11.698465586492684], [78.08647527326134, 11.698555890283409], [78.08638364600966, 11.698556877594788], [78.08638464778392, 11.698647181394493]]]]}, "id": "+3641+510", "properties": {"count": 60, "water": 1}}, {"type": "Feature", "geometry": {"geodesic": false, "type": "Polygon", "coordinates": [[[78.08368542179161, 11.69488303146878], [78.0839603005912, 11.694880072939256], [78.08395929993085, 11.694789768905988], [78.08423417856875, 11.69478681013392], [78.08423317783654, 11.6946965061276], [78.08441643015699, 11.69469453349012], [78.08441542937088, 11.694604229492784], [78.08469030770335, 11.69460127033444], [78.08468930682741, 11.694510966364055], [78.08505581103714, 11.694507020442304], [78.08505481006237, 11.694416716507849], [78.0853296880445, 11.694413756774585], [78.08533068910909, 11.694504060691072], [78.0854223151211, 11.69450307405343], [78.08542131402058, 11.694412770145926], [78.08578781784402, 11.694408823316875], [78.0857898202876, 11.694589431069002], [78.08606469825176, 11.694586470590135], [78.08606569956787, 11.694676774443739], [78.0861573255709, 11.694675787545584], [78.08615832693192, 11.694766091390207], [78.08624995295291, 11.694765104465104], [78.08625095434988, 11.69485540829176], [78.08634258038883, 11.694854421330723], [78.08634458327259, 11.69503502897505], [78.08643620936544, 11.6950340419691], [78.08643921383481, 11.695304953413133], [78.08634758765213, 11.695305940446035], [78.08634858912096, 11.695396244263708], [78.08616533667474, 11.695398218257646], [78.08616733953154, 11.695578825937908], [78.08625896582203, 11.695577838931955], [78.08626197026445, 11.695848750411923], [78.08653684934251, 11.695845789169487], [78.08653785092812, 11.695936092978176], [78.08662947729945, 11.695935105828493], [78.086630478921, 11.696025409619217], [78.08653885252271, 11.696026396777881], [78.08653985412629, 11.696116700577589], [78.0863566012309, 11.696118674814072], [78.08635760278058, 11.696208978631745], [78.08626597630145, 11.696209965709562], [78.08626797936488, 11.69639057335389], [78.08599309967596, 11.69639353447056], [78.08599209822509, 11.696303230625938], [78.0859004716741, 11.696304217604942], [78.08589947026815, 11.696213913751336], [78.08580784373513, 11.696214900685423], [78.0858068423651, 11.696124596822836], [78.08562358934397, 11.696126570592194], [78.08562258803683, 11.696036266711639], [78.08543933504264, 11.696038240355234], [78.0854373325721, 11.695857632558193], [78.08534570611992, 11.6958586193216], [78.08534470492957, 11.695768315414096], [78.08516145206114, 11.695770288833112], [78.08516545664288, 11.696131504508044], [78.08498220350496, 11.696133477864178], [78.08498120240444, 11.696043173929723], [78.0844314429727, 11.69604909327049], [78.08443244389356, 11.69613939724986], [78.08424919062088, 11.696141370147854], [78.08424818976292, 11.696051066150519], [78.0843398163678, 11.696050079719488], [78.08433881548288, 11.695959775731135], [78.08443044206082, 11.695958789291122], [78.08442944115794, 11.69586848530277], [78.08452106769097, 11.695867498835806], [78.08451806493738, 11.695596586915665], [78.08442643849419, 11.695597573355679], [78.08442543761825, 11.695507269376309], [78.084333811202, 11.695508255780389], [78.08433180953995, 11.695327647794702], [78.08414855678829, 11.695329620486083], [78.08414755602914, 11.695239316479764], [78.08396430330444, 11.69524128904538], [78.08396330260817, 11.695150985021096], [78.08387167626378, 11.695151971245513], [78.08387067561242, 11.695061667212245], [78.08377904928601, 11.69506265340073], [78.08377804867057, 11.694972349358478], [78.0836864223711, 11.694973335520015], [78.08368542179161, 11.69488303146878]], [[78.08598809251147, 11.695942015238467], [78.08617134535295, 11.695940041271479], [78.08617334830858, 11.696120648933773], [78.08599009535031, 11.696122622936695], [78.08598809251147, 11.695942015238467]]]}, "id": "+3645+541", "properties": {"count": 401, "water": 1}}, {"type": "Feature", "geometry": {"geodesic": false, "type": "MultiPolygon", "coordinates": [[[[78.08645323566503, 11.696569206734786], [78.08645223405247, 11.696478902935079], [78.08636060748351, 11.696479890066795], [78.08635860433924, 11.696299282440433], [78.0865418573514, 11.696297308177002], [78.08654285898193, 11.696387611976707], [78.08663448549699, 11.696386624782109], [78.08663648883889, 11.696567232363556], [78.08645323566503, 11.696569206734786]]], [[[78.08664049561251, 11.696928447517465], [78.08673212229826, 11.696927460251], [78.08673312404557, 11.697017764032742], [78.0866414973239, 11.697018751299204], [78.08664049561251, 11.696928447517465]]], [[[78.08645323566503, 11.696569206734786], [78.08645423728657, 11.696659510543475], [78.08654586390944, 11.696658523366843], [78.08654686556692, 11.696748827157567], [78.08663849220774, 11.696747839945001], [78.08664049561251, 11.696928447517465], [78.08636561549241, 11.69693140912821], [78.08636761874448, 11.697112016745589], [78.08609273837283, 11.697114978140737], [78.08609073529145, 11.696934370469458], [78.08599910854282, 11.696935357529311], [78.08599810704705, 11.696845053693671], [78.08608973376872, 11.696844066642804], [78.086088732246, 11.696753762807164], [78.08627198559951, 11.696751788633563], [78.08626998246423, 11.696571180998218], [78.08645323566503, 11.696569206734786]]]]}, "id": "+3653+520", "properties": {"count": 32, "water": 1}}, {"type": "Feature", "geometry": {"geodesic": false, "type": "Polygon", "coordinates": [[[78.08710464027965, 11.697465333381514], [78.08719626710912, 11.697464345926404], [78.08719526517318, 11.69737404218958], [78.0873785187423, 11.697372067216477], [78.08737952074112, 11.697462370935336], [78.08765440112175, 11.697459408219663], [78.08765640530807, 11.697640015612464], [78.08756477846062, 11.697641003220287], [78.0875657805403, 11.697731306930162], [78.08738252676457, 11.69773328209191], [78.08738352879035, 11.697823585801784], [78.08729190186207, 11.697824573346725], [78.08729290386091, 11.697914877074567], [78.08720127689669, 11.69791586460154], [78.0872002749248, 11.697825560864716], [78.08710864797855, 11.69782654835576], [78.08710464027965, 11.697465333381514]]]}, "id": "+3662+508", "properties": {"count": 23, "water": 1}}, {"type": "Feature", "geometry": {"geodesic": false, "type": "Polygon", "coordinates": [[[78.09105973267958, 11.649194827060398], [78.09115134331243, 11.649193842363117], [78.09115234228393, 11.649284146064009], [78.09133556359455, 11.649282176561647], [78.09133656262895, 11.649372480244573], [78.09170300526814, 11.64936854087154], [78.0917040044283, 11.649458844518533], [78.09152078307277, 11.649460814281404], [78.09152178217903, 11.649551117946364], [78.09143017145635, 11.64955210279636], [78.09143117054464, 11.649642406461318], [78.09124794901844, 11.649644376089444], [78.0912489480618, 11.64973467977237], [78.0911573372493, 11.6497356645505], [78.0911553392344, 11.6495550571577], [78.09106372848478, 11.649556041890914], [78.09105973267958, 11.649194827060398]]]}, "id": "+3709+1041", "properties": {"count": 20, "water": 1}}, {"type": "Feature", "geometry": {"geodesic": false, "type": "Polygon", "coordinates": [[[78.09158301153744, 11.704642169884329], [78.09167464034321, 11.704641180399026], [78.09167363632316, 11.704550877093393], [78.09204015132165, 11.704546918900656], [78.09204115545847, 11.70463722217934], [78.092407670439, 11.704633263483545], [78.09240867470159, 11.704723566726296], [78.09213378839209, 11.704726535811023], [78.09213479257383, 11.704816839080724], [78.09195153492637, 11.70481881833879], [78.09195253906319, 11.704909121626455], [78.09186091019454, 11.704910111219556], [78.09186291842327, 11.705090717794889], [78.09167966055122, 11.70509269692719], [78.09167664840126, 11.704821787019275], [78.0915850195416, 11.704822776513561], [78.09158301153744, 11.704642169884329]]]}, "id": "+3712+428", "properties": {"count": 26, "water": 1}}, {"type": "Feature", "geometry": {"geodesic": false, "type": "Polygon", "coordinates": [[[78.09370726459784, 11.730810262967054], [78.09407381351672, 11.730806293419612], [78.09407482062697, 11.730896596356935], [78.09416645786791, 11.730895603889227], [78.0941674650141, 11.730985906808584], [78.09444237676388, 11.730982929207826], [78.09444338401786, 11.731073232109217], [78.09453502127678, 11.731072239506762], [78.09453703586559, 11.73125284530056], [78.09462867317839, 11.73125185265319], [78.09462766585256, 11.731161549769764], [78.09471930312944, 11.731160557095443], [78.094721317844, 11.731341162853308], [78.09462968051322, 11.731342155536613], [78.09463068785703, 11.73143245842902], [78.0941725009067, 11.731437421441303], [78.09417350810678, 11.731527724369643], [78.09408187065921, 11.731528716891251], [78.09408287784133, 11.731619019819592], [78.09399124035784, 11.731620012323233], [78.09399325468613, 11.73180061819788], [78.09371834201107, 11.731803595583042], [78.09370726459784, 11.730810262967054]]]}, "id": "+3731+137", "properties": {"count": 72, "water": 1}}, {"type": "Feature", "geometry": {"geodesic": false, "type": "MultiPolygon", "coordinates": [[[[78.09543014834114, 11.679764275067662], [78.095431151391, 11.679854578202615], [78.09533953106533, 11.679855566825534], [78.09534153712913, 11.68003617312239], [78.09524991674057, 11.680037161727343], [78.09524891373563, 11.67994685856544], [78.09515729336503, 11.67994784713446], [78.09515528743599, 11.679767240810657], [78.09543014834114, 11.679764275067662]]], [[[78.09543014834114, 11.679764275067662], [78.09542814226836, 11.67958366877979], [78.09524490179669, 11.67958564594478], [78.09524389882768, 11.679495342782879], [78.09542713924544, 11.679493365635853], [78.09542513322657, 11.679312759347981], [78.0955167533636, 11.679311770752012], [78.09551976249521, 11.67958268015687], [78.09561138271309, 11.679581691507002], [78.09561238580787, 11.67967199463297], [78.09579562627057, 11.679670017225435], [78.09579662942824, 11.679760320333438], [78.09588824968203, 11.679759331575772], [78.09588925287562, 11.679849634683775], [78.09598087315638, 11.679848645890175], [78.0959818763859, 11.679938948980212], [78.09607349668462, 11.67993796015068], [78.09607449995009, 11.680028263231733], [78.09616612026677, 11.68002727436627], [78.09616812689652, 11.680207880519394], [78.09607650652592, 11.680208869402826], [78.09607550323352, 11.680118566321772], [78.0958006421487, 11.680121532765453], [78.0957986357705, 11.679940926549445], [78.09570701545381, 11.679941915298128], [78.09570601230513, 11.679851612181142], [78.09561439200641, 11.67985260088491], [78.09561338890265, 11.679762297758941], [78.09543014834114, 11.679764275067662]]]]}, "id": "+3753+707", "properties": {"count": 31, "water": 1}}, {"type": "Feature", "geometry": {"geodesic": false, "type": "Polygon", "coordinates": [[[78.09867997206403, 11.658866712274097], [78.09877158521216, 11.658865724342881], [78.09876958066653, 11.65868511836942], [78.09886119374279, 11.658684130429219], [78.0988601914565, 11.65859382744698], [78.09895180449682, 11.65859283947983], [78.0989497998883, 11.6584122335423], [78.09904141285678, 11.658411245557184], [78.09904041053454, 11.658320942592912], [78.09913202346708, 11.65831995458983], [78.0991310211269, 11.65822965163454], [78.09968069838074, 11.658223723068076], [78.09967969586987, 11.658133420157702], [78.0998629214924, 11.658131443747296], [78.09986392406616, 11.658221746648685], [78.10004714971564, 11.658219770112515], [78.10004614708798, 11.658129467229092], [78.10013775986779, 11.658128478920581], [78.10013976520396, 11.658309084669465], [78.10023137803768, 11.65830809631604], [78.10023438618116, 11.658579004903432], [78.10032599909573, 11.658578016505091], [78.10032800462052, 11.658758622209058], [78.100419617589, 11.658757633756819], [78.10042062039632, 11.65884793660431], [78.1003290074009, 11.658848925056551], [78.10033001018127, 11.658939227913026], [78.10042162321261, 11.658938239451803], [78.10042262602892, 11.659028542290311], [78.1003310129796, 11.659029530760519], [78.10033702991333, 11.659571347854452], [78.10042864314232, 11.659570359330349], [78.10043265472193, 11.659931570684384], [78.10024942801245, 11.65993354775056], [78.10025043086468, 11.660023850598053], [78.10006720406535, 11.660025827574398], [78.10006820687268, 11.660116130439855], [78.0999765934281, 11.660117118883113], [78.09997759621746, 11.660207421757553], [78.09979436924745, 11.660209398590167], [78.09979637471835, 11.660390004366], [78.09961314760463, 11.6603919810998], [78.09961415029517, 11.660482284010174], [78.0995225366889, 11.66048327233665], [78.09952153403428, 11.660392969426276], [78.09906346604784, 11.660397910627461], [78.09906146104406, 11.660217304725865], [78.09887823391236, 11.660219280965592], [78.09887522664924, 11.65994837206379], [78.09878361315974, 11.65994936012077], [78.09877759903773, 11.659407542245301], [78.09868598570993, 11.659408530221432], [78.09867997206403, 11.658866712274097]]]}, "id": "+3806+941", "properties": {"count": 378, "water": 1}}, {"type": "Feature", "geometry": {"geodesic": false, "type": "Polygon", "coordinates": [[[78.10136813298597, 11.694601861578612], [78.10145975763253, 11.694600869802604], [78.10145875132179, 11.694510567269523], [78.10173362511776, 11.694507591797773], [78.10173261873514, 11.694417289291641], [78.10191586783066, 11.694415305515049], [78.10191486139414, 11.694325003017902], [78.10218973488467, 11.694322027159876], [78.10218872836732, 11.694231724689676], [78.10246360169617, 11.694228748589106], [78.10246460830336, 11.694319051032357], [78.10264785721021, 11.694317066797625], [78.10264886388029, 11.694407369231891], [78.1027404883472, 11.694406377060627], [78.10274149506219, 11.69449667948591], [78.10283311954706, 11.694495687278712], [78.10283513305788, 11.694676292111314], [78.10274350851013, 11.694677284327495], [78.10274451524309, 11.694767586743795], [78.1026528906594, 11.69476857894201], [78.10265389736541, 11.694858881367294], [78.10247064810821, 11.694860865691858], [78.10247266144836, 11.695041470578358], [78.10228941203844, 11.69504345481309], [78.10229041865462, 11.695133757274307], [78.10192391961918, 11.69513772542936], [78.10192291311081, 11.695047422941196], [78.10173966360207, 11.695049406834567], [78.10174067004758, 11.695139709331716], [78.10155742044901, 11.695141693126274], [78.10155641405741, 11.695051390602176], [78.10146478927611, 11.695052382450047], [78.10146177026301, 11.694781474859784], [78.10137014556254, 11.694782466653757], [78.10136813298597, 11.694601861578612]]]}, "id": "+3827+541", "properties": {"count": 109, "water": 1}}, {"type": "Feature", "geometry": {"geodesic": false, "type": "Polygon", "coordinates": [[[78.10683329858873, 11.634032854660306], [78.10701650718818, 11.634030877728877], [78.10701550445272, 11.63394057529461], [78.10710710870754, 11.633939586797455], [78.10710510319171, 11.633758981946887], [78.1070134989908, 11.633759970435058], [78.10701049087427, 11.633489063132258], [78.10710209498535, 11.633488074671035], [78.10710109226787, 11.633397772236767], [78.10719269633402, 11.63339678375758], [78.10718968814564, 11.633125876499694], [78.10737289608034, 11.633123899496399], [78.10737189330895, 11.633033597089081], [78.10801312063124, 11.63302667671966], [78.10801211766223, 11.632936374366242], [78.10828692916003, 11.632933408084257], [78.10828793221889, 11.633023710410727], [78.10865434754929, 11.633019754930903], [78.1086553507339, 11.633110057230422], [78.10874695457548, 11.633109068275125], [78.10874896102555, 11.633289672856199], [78.10884056492104, 11.633288683855987], [78.10884257146992, 11.63346928841011], [78.10893417541033, 11.633468299373966], [78.10893517872968, 11.633558601646536], [78.10902678268805, 11.633557612565475], [78.10902979277188, 11.633828519347254], [78.10912139682009, 11.633827530212294], [78.10912240022927, 11.6339178324669], [78.10921400429544, 11.633916843296007], [78.10921500774056, 11.634007145541627], [78.10930661182469, 11.634006156334802], [78.10930962230378, 11.634277063035732], [78.10940122646876, 11.634276073783992], [78.10940323354765, 11.634456678230318], [78.10949483776653, 11.634455688924678], [78.10949684494423, 11.634636293362021], [78.10931363638072, 11.634638271964317], [78.10931263285475, 11.634547969736662], [78.10922102859095, 11.634548958988402], [78.10922002509193, 11.634458656742781], [78.10903681660028, 11.634460635147448], [78.10903581317312, 11.634370332892845], [78.1087610004626, 11.634373300252806], [78.10875999713424, 11.634282997971253], [78.10857678867852, 11.634284976043542], [78.1085737789091, 11.634014069153967], [78.1084821747531, 11.634015058127229], [78.10848317797364, 11.634105360435731], [78.1082083653799, 11.634108327202807], [78.10820736224919, 11.634018024867354], [78.10784094545453, 11.6340219801226], [78.10784194846845, 11.63411228247602], [78.1073839271405, 11.634117225922994], [78.10738292427928, 11.63402692352466], [78.10729132001549, 11.63402791212063], [78.10729232285874, 11.634118214527946], [78.10683430127926, 11.634123157103556], [78.10683329858873, 11.634032854660306]], [[78.10829796327447, 11.633926733666437], [78.1083895674125, 11.633925744756056], [78.10839057059711, 11.634016047073542], [78.10829896642315, 11.634017035983922], [78.10829796327447, 11.633926733666437]]]}, "id": "+3898+1219", "properties": {"count": 272, "water": 1}}, {"type": "Feature", "geometry": {"geodesic": false, "type": "Polygon", "coordinates": [[[78.11327827298527, 11.595670595189226], [78.11327927434631, 11.595760897318065], [78.1131876830991, 11.595761884575547], [78.11318868444216, 11.595852186713369], [78.11309709315005, 11.595853173952884], [78.11310009713432, 11.59612408038432], [78.11346646259027, 11.596120131165751], [78.1134674640591, 11.596210433285608], [78.11383382949707, 11.596206483572967], [78.11383282792045, 11.596116181489043], [78.11429078439004, 11.596111243737386], [78.11429679487387, 11.596653055971437], [78.11438838631871, 11.596652068291748], [78.1143923935864, 11.597013276402866], [78.11448398513903, 11.597012288660295], [78.11448899456727, 11.597463798738556], [78.11458058626363, 11.597462810933102], [78.1145855960422, 11.597914320957464], [78.11467718787331, 11.597913333080147], [78.11468119596746, 11.598274541056517], [78.11477278790638, 11.598273553116316], [78.11477579415441, 11.598544459071645], [78.11486738617417, 11.598543471077546], [78.11487440124398, 11.599175584892462], [78.11478280901761, 11.599176572940461], [78.11478381116916, 11.59926687492557], [78.11487540342247, 11.599265886859607], [78.1148774078244, 11.599446490802876], [78.11496900013161, 11.599445502700979], [78.11497200687371, 11.599716408584442], [78.11451404482558, 11.599721348923246], [78.11450803229359, 11.599179536922758], [78.11441644003129, 11.599180524853974], [78.11441343396292, 11.598909618817798], [78.11450502613539, 11.598908630904548], [78.11450202005804, 11.598637724886338], [78.11431883588378, 11.59863970063199], [78.1143198378377, 11.598730002653031], [78.11422824571015, 11.598730990494417], [78.11422924765508, 11.598821292524443], [78.11404606331014, 11.598823268126365], [78.114044059564, 11.598642664030383], [78.11395246743645, 11.598643651772953], [78.11395146559931, 11.598553349715978], [78.11385987349871, 11.598554337422616], [78.11385887170648, 11.598464035365641], [78.11358409543162, 11.598466998278942], [78.11358609886335, 11.598647602455774], [78.11367769101786, 11.598646614829985], [78.11367869277414, 11.598736916904926], [78.11349550839327, 11.598738892147521], [78.11349751180703, 11.598919496333336], [78.11340591954473, 11.598920483923193], [78.11340692123814, 11.599010786025083], [78.11313214431648, 11.599013748650924], [78.11313314592904, 11.59910405077078], [78.11304155356792, 11.599105038261824], [78.11304455836967, 11.599375944648342], [78.11295296591872, 11.599376932139386], [78.11295396750434, 11.599467234268225], [78.11267919001675, 11.599470196579656], [78.11268119303524, 11.599650800900218], [78.11277278560297, 11.599649813472057], [78.1127747887113, 11.599830417774653], [78.11268319608969, 11.599831405211797], [78.11268419763037, 11.599921707367585], [78.11277579028794, 11.599920719921458], [78.11277779345018, 11.600101324215071], [78.11296097884615, 11.600099349206037], [78.11295897555814, 11.599918744939373], [78.11360012377479, 11.59991183159478], [78.11360212746703, 11.60009243574466], [78.11369372008866, 11.600091447993107], [78.11369772768873, 11.600452656256937], [78.11342294943758, 11.600455619520583], [78.11342395126573, 11.60054592161349], [78.11305758002463, 11.600549872260379], [78.1130555766019, 11.600369268020666], [78.11296398382756, 11.600370255592557], [78.11296498550298, 11.600460557721396], [78.11287339269272, 11.600461545275321], [78.11287539601665, 11.600642149541983], [78.11260061736125, 11.600645112077993], [78.11260161894685, 11.600735414233782], [78.11223524716678, 11.600739363901507], [78.11223624864458, 11.60082966609323], [78.11196146962986, 11.6008326280633], [78.11196247102681, 11.600922930272988], [78.11177928492118, 11.600924904796932], [78.11178028627323, 11.601015207024586], [78.11150550696206, 11.601018168608382], [78.11150650822428, 11.601108470854003], [78.11141491507264, 11.601109458003684], [78.11141591632587, 11.60119976025829], [78.11123272994176, 11.601201734476806], [78.1112337311321, 11.601292036749376], [78.11095895140771, 11.601294997884013], [78.1109599525262, 11.60138530017455], [78.11077676594445, 11.601387274141539], [78.11077776700904, 11.60147757645004], [78.11059458032848, 11.601479550309232], [78.11059558134815, 11.6015698526357], [78.11041239457776, 11.601571826396077], [78.11041039267317, 11.60139122171619], [78.11031879933289, 11.601392208533495], [78.11031379487234, 11.600940696775385], [78.1102222016668, 11.600941683520826], [78.1102171975566, 11.600490171708817], [78.11030879060942, 11.600489184999308], [78.1103047873572, 11.600127975558685], [78.11039638028424, 11.600126988849176], [78.11039537945322, 11.600036686495757], [78.1103037865621, 11.600037673205266], [78.11030178499887, 11.599857068480462], [78.11039337783609, 11.59985608178892], [78.11038236952126, 11.598862755865381], [78.11029077699845, 11.598863742467092], [78.11028377243892, 11.598231625867397], [78.11019218012272, 11.598232612379276], [78.11018817781373, 11.59787140284882], [78.11009658560532, 11.5978723893068], [78.11008257899256, 11.59660815576605], [78.10999098717942, 11.5966091420803], [78.10998798606975, 11.596338234849364], [78.11007957778408, 11.596337248562065], [78.11007757702035, 11.59615664374743], [78.10998598535991, 11.596157630025747], [78.10998398469499, 11.595977025202128], [78.10989239307948, 11.595978011435529], [78.1098903925044, 11.595797406593944], [78.10979880094278, 11.595798392782429], [78.10979780069566, 11.595708090348163], [78.10970620916099, 11.595709076500714], [78.10970320855438, 11.595438169179948], [78.10961161710057, 11.595439155278601], [78.10961061694329, 11.595348852826367], [78.10951902550742, 11.595349838889089], [78.10951602517929, 11.595078931514422], [78.10960761652531, 11.595077945478652], [78.10960561629159, 11.594897340574184], [78.10951402499947, 11.594898326600973], [78.10951202485558, 11.59471772167854], [78.10960361609379, 11.594716735669717], [78.10960161592294, 11.594536130756268], [78.10969320708931, 11.594535144738462], [78.10969220698591, 11.594444842295212], [78.11015016253923, 11.594439911801944], [78.11014916230108, 11.594349609394627], [78.11060711750405, 11.594344678218638], [78.11060811788592, 11.594434980590023], [78.11069970893548, 11.594433994257807], [78.11069870851769, 11.594343691895405], [78.1119809818553, 11.594329880360794], [78.11198198267734, 11.594420182615398], [78.1123483463097, 11.594416235382107], [78.1123493472575, 11.594506537600779], [78.11262411998402, 11.594503576852418], [78.11262512103065, 11.594593879053122], [78.11289989376615, 11.5945909180173], [78.1129038983928, 11.594952126694356], [78.1130870804111, 11.594950152466856], [78.11308507795854, 11.594769548155277], [78.11326825982412, 11.594767573846928], [78.1132692611043, 11.594857875984752], [78.11336085205507, 11.594856888772187], [78.11336786143856, 11.595489003665083], [78.11345945258695, 11.59548801637167], [78.11346045399289, 11.595578318482543], [78.11336886281755, 11.59557930578494], [78.11336986419654, 11.595669607913779], [78.11327827298527, 11.595670595189226]], [[78.11327827298527, 11.595670595189226], [78.11309509053578, 11.595672569659271], [78.11309308795745, 11.595491965365659], [78.1131846791238, 11.595490978162077], [78.11318568043993, 11.5955812802999], [78.11327727163322, 11.595580293060387], [78.11327827298527, 11.595670595189226]], [[78.11258259023963, 11.599019673121072], [78.11267418260972, 11.599018685782742], [78.11267518406956, 11.599108987938532], [78.11258359167252, 11.599109975285844], [78.11258259023963, 11.599019673121072]], [[78.1126601629714, 11.597754455439995], [78.11284334685818, 11.597752480898086], [78.11284234546123, 11.597662178742295], [78.11275075354926, 11.597663166017742], [78.11274574682497, 11.597211655193881], [78.1132037055583, 11.597206718708849], [78.11320771150548, 11.597567927215225], [78.11311611965641, 11.59756891459847], [78.11311812262102, 11.597749518865133], [78.11302653070905, 11.597750506239395], [78.11302753217788, 11.597840808377217], [78.11311912411679, 11.597839820993972], [78.1131211271353, 11.598020425260636], [78.11275475907424, 11.598024374676832], [78.11275275629828, 11.597843770347287], [78.11266116432344, 11.597844757613752], [78.1126601629714, 11.597754455439995]], [[78.11273172911801, 11.595947424788251], [78.11282332046403, 11.595946437656535], [78.11282432170829, 11.596036739830291], [78.11273273032633, 11.596037726962008], [78.11273172911801, 11.595947424788251]], [[78.11299849304936, 11.59522204606594], [78.11318167522936, 11.595220071739625], [78.11318267651853, 11.595310373877448], [78.11299949428462, 11.595312348230712], [78.11299849304936, 11.59522204606594]]]}, "id": "+3943+1646", "properties": {"count": 2901, "water": 1}}, {"type": "Feature", "geometry": {"geodesic": false, "type": "Polygon", "coordinates": [[[78.11096847911928, 11.5938892210598], [78.11124325160326, 11.593886261784675], [78.11124225105969, 11.59379595946719], [78.11142543261087, 11.593793986479366], [78.11142443202239, 11.593703684179845], [78.11179079490915, 11.593699737898769], [78.1117897942039, 11.593609435626197], [78.1120645661938, 11.593606475641405], [78.11206356541668, 11.5935161733868], [78.11224674664446, 11.593514199931851], [78.11224574581342, 11.593423897695214], [78.1125205175069, 11.593420937324144], [78.11252352028743, 11.59369184395321], [78.11261511092377, 11.593690857073021], [78.11261711287328, 11.59387146147443], [78.11270870356353, 11.59387047455831], [78.11271270768712, 11.594231683316215], [78.11243793525705, 11.594234644082544], [78.11243693430026, 11.594144341872855], [78.11225375269518, 11.594146315552383], [78.11225175092534, 11.59396571108809], [78.11234334166949, 11.593964724279768], [78.1123423407666, 11.593874422061097], [78.11243393148379, 11.593873435225824], [78.1124309287392, 11.593602528578794], [78.11215615684812, 11.59360548891393], [78.11215815849219, 11.593786093396188], [78.11206656778398, 11.593787080132646], [78.11206957022316, 11.594057986869508], [78.1119779794251, 11.594058973605966], [78.11197898022918, 11.59414927586057], [78.11179579853427, 11.594151249252636], [78.11179479779308, 11.594060946980067], [78.11115366182945, 11.59406785288661], [78.11115266130386, 11.593977550560142], [78.110969479582, 11.593979523404236], [78.11096847911928, 11.5938892210598]]]}, "id": "+3949+1656", "properties": {"count": 75, "water": 1}}, {"type": "Feature", "geometry": {"geodesic": false, "type": "MultiPolygon", "coordinates": [[[[78.11368432720523, 11.665116715000861], [78.11368835789202, 11.665477921647726], [78.11341351583351, 11.665480901269692], [78.11341250823818, 11.66539059959001], [78.11332089422767, 11.665391592731455], [78.11332290936444, 11.665572196117768], [78.11323129529104, 11.665573189241249], [78.11323431796927, 11.665844094334194], [78.11314270380603, 11.665845087457672], [78.11314371134748, 11.665935389164305], [78.11305209713933, 11.665936382269818], [78.11305310466281, 11.66602668397645], [78.11286987616568, 11.666028670106627], [78.11287088364423, 11.666118971840207], [78.11268765504828, 11.66612095787157], [78.11268866247293, 11.666211259614135], [78.11250543378715, 11.6662132455377], [78.11250442642537, 11.666122943786153], [78.11241281209146, 11.666123936694035], [78.11241180476563, 11.666033634933505], [78.11213696182678, 11.666036613477493], [78.11213394016366, 11.665765708097087], [78.11204232591959, 11.665766700870222], [78.11203829727198, 11.66540549365742], [78.1124047537093, 11.66540152254691], [78.11240374644633, 11.665311220777395], [78.11267858860364, 11.665308242161542], [78.11267758125983, 11.665217940409995], [78.1128608092629, 11.66521595454033], [78.11285980187417, 11.665125652806747], [78.11313464372606, 11.66512267380462], [78.11313363625648, 11.665032372089005], [78.11340847794666, 11.665029392844332], [78.11340747039624, 11.664939091155667], [78.11349908424505, 11.664938098023203], [78.11350109941776, 11.665118701382568], [78.11368432720523, 11.665116715000861]]], [[[78.11368432720523, 11.665116715000861], [78.11368130428447, 11.664845810015715], [78.11395614565126, 11.664842830294933], [78.11395816110245, 11.66502343357345], [78.11404977492431, 11.665022440261325], [78.11405078269932, 11.665112741887109], [78.11414239654813, 11.66511174853905], [78.11414340435009, 11.665202050164833], [78.11423501822586, 11.66520105677186], [78.11423602606374, 11.665291358388659], [78.11396118433763, 11.665294338486733], [78.11395916883254, 11.665113735208216], [78.11368432720523, 11.665116715000861]]]]}, "id": "+3956+865", "properties": {"count": 151, "water": 1}}, {"type": "Feature", "geometry": {"geodesic": false, "type": "Polygon", "coordinates": [[[78.11446595293295, 11.595386852218656], [78.11455754394659, 11.595385864583884], [78.11455654220826, 11.59529556256284], [78.11464813318598, 11.595294574910103], [78.11465414393032, 11.595836386991438], [78.11483732621812, 11.595834411506297], [78.11483532248097, 11.595653807509128], [78.11501850461605, 11.59565183194314], [78.11502050846998, 11.595832435904375], [78.11511209958245, 11.595831448054007], [78.11511710949577, 11.596282957907688], [78.11493392696542, 11.596284933644357], [78.11493492891036, 11.596375235629468], [78.11484333760926, 11.596376223461869], [78.11484433953622, 11.596466525455963], [78.1146611568352, 11.596468501048902], [78.11465815125193, 11.596197595030691], [78.11456655997777, 11.596198582764279], [78.1145615509897, 11.595747072668052], [78.11446995985929, 11.595748060329774], [78.11446595293295, 11.595386852218656]]]}, "id": "+3972+1635", "properties": {"count": 48, "water": 1}}, {"type": "Feature", "geometry": {"geodesic": false, "type": "Polygon", "coordinates": [[[78.11846988353686, 11.699744651569118], [78.11856150838106, 11.699743653900164], [78.11856049607856, 11.69965335287625], [78.11865212087784, 11.699652355180348], [78.11865313321627, 11.699742656195276], [78.11883638285077, 11.699740660713637], [78.11883537045843, 11.699650359716674], [78.11911024476645, 11.699647366287602], [78.11911125724862, 11.699737667266598], [78.11938613157459, 11.69973467355905], [78.11938815674556, 11.699915275463143], [78.11929653191932, 11.699916273410574], [78.11929754449133, 11.700006574371605], [78.11920591962019, 11.700007572301072], [78.11920693217422, 11.700097873271083], [78.118932057444, 11.700100866897785], [78.11893306990821, 11.700191167885764], [78.11874981998625, 11.700193163511134], [78.11874880758492, 11.700102862505188], [78.11865718264191, 11.700103860263974], [78.11865515791114, 11.699923258234117], [78.11856353301303, 11.699924255947987], [78.11856252069256, 11.699833954924076], [78.11847089582142, 11.699834952602012], [78.11846988353686, 11.699744651569118]]]}, "id": "+4008+479", "properties": {"count": 38, "water": 1}}, {"type": "Feature", "geometry": {"geodesic": false, "type": "Polygon", "coordinates": [[[78.12039704219049, 11.699994596981208], [78.12058029169025, 11.699992600340742], [78.12058130468446, 11.700082901184992], [78.12076455421115, 11.700080904409777], [78.12076556726825, 11.700171205245043], [78.12085719204957, 11.700170206803538], [78.1208582051426, 11.700260507629821], [78.12104145474116, 11.700258510647995], [78.12104246790605, 11.70034881145631], [78.1211340927233, 11.700347812907006], [78.12113307952247, 11.700257512107674], [78.12177445278506, 11.70025052155288], [78.12177546618352, 11.700340822298314], [78.12168384142915, 11.700341821045248], [78.12168485480964, 11.700432121790682], [78.12150160521108, 11.700434119212682], [78.12150059189347, 11.700343818449282], [78.12140896711216, 11.700344817106384], [78.12140998040282, 11.700435117878767], [78.12131835558556, 11.700436116517901], [78.12131936885825, 11.700526417299269], [78.12141099370245, 11.700525418660133], [78.12141403365527, 11.700796320977284], [78.12113915881726, 11.70079931689469], [78.12114017205401, 11.70088961768504], [78.12095692206917, 11.700891614837547], [78.12095388253856, 11.700620712403614], [78.12086225761352, 11.700621710916984], [78.12086023136457, 11.700441109273402], [78.12058535673317, 11.70044410457097], [78.12058434371201, 11.70035380372672], [78.12049271884086, 11.700354802096362], [78.12049170585564, 11.700264501234146], [78.12040008101144, 11.700265499567854], [78.12039704219049, 11.699994596981208]]]}, "id": "+4024+475", "properties": {"count": 58, "water": 1}}, {"type": "Feature", "geometry": {"geodesic": false, "type": "Polygon", "coordinates": [[[78.1233584807818, 11.587794920401707], [78.12390800724445, 11.587788981109359], [78.1239070031795, 11.587698679851885], [78.12409017854128, 11.587696699866184], [78.12408917442242, 11.587606398626676], [78.1242723496854, 11.58760441854216], [78.12427134552162, 11.587514117311635], [78.12454610827685, 11.587511147005198], [78.12454711253045, 11.587601448208774], [78.12463870013049, 11.587600458040752], [78.12463769584096, 11.587510156837178], [78.12472928339609, 11.58750916665119], [78.12472827909757, 11.587418865456597], [78.1246366915604, 11.587419855642585], [78.12463568729781, 11.58732955443901], [78.12481886229129, 11.587327574058051], [78.12482087095121, 11.587508176429267], [78.12491245849736, 11.587507186180398], [78.12491346286775, 11.587597487357023], [78.12500505043187, 11.587596497072221], [78.12500705926247, 11.587777099407505], [78.12509864687149, 11.587776109077787], [78.12509965133171, 11.587866410236446], [78.12528282659468, 11.58786442946921], [78.12528383111778, 11.587954730618888], [78.12482589275824, 11.587959682339346], [78.12482790153494, 11.58814028470158], [78.12446155046102, 11.58814424563418], [78.12446255475056, 11.588234546837754], [78.12437096692594, 11.588235537005776], [78.12437197118852, 11.588325838227318], [78.12428038333695, 11.58832682836839], [78.12428138758158, 11.588417129598914], [78.12418979968508, 11.588418119722022], [78.12418879546742, 11.588327818491496], [78.12400561971936, 11.588329798638894], [78.12400461556456, 11.588239497390402], [78.123913027704, 11.588240487405711], [78.12391202359413, 11.588150186148237], [78.12372884790895, 11.588152166098006], [78.12372784387094, 11.588061864822565], [78.12354466820372, 11.588063844628604], [78.12354366422859, 11.587973543335197], [78.12336048858833, 11.587975523015471], [78.1233584807818, 11.587794920401707]]]}, "id": "+4084+1722", "properties": {"count": 108, "water": 1}}, {"type": "Feature", "geometry": {"geodesic": false, "type": "Polygon", "coordinates": [[[78.13148808692311, 11.659504475324342], [78.13157969740324, 11.65950347689182], [78.13157868446294, 11.659413176748258], [78.13167029490714, 11.659412178288784], [78.1316713078744, 11.659502478432348], [78.13194613924294, 11.659499482865286], [78.13194512618584, 11.659409182748671], [78.1320367366031, 11.659408184172419], [78.13203471046195, 11.659227583948175], [78.13212632080734, 11.659226585362939], [78.13212936011338, 11.659497485676846], [78.13240419135616, 11.65949448966961], [78.13240723100355, 11.65976538990267], [78.13222401000735, 11.659767387315688], [78.13222502318122, 11.659857687405351], [78.1321334126382, 11.659858686080419], [78.13213543895003, 11.660039286277714], [78.13195221772924, 11.660041283555984], [78.1319501915342, 11.65986068333174], [78.13185858096423, 11.659861681916976], [78.13185756790715, 11.65977138179138], [78.13176595736412, 11.6597723803317], [78.13176798342441, 11.65995298060086], [78.13167637280954, 11.659953979132197], [78.1316733338269, 11.659683078710492], [78.13158172329285, 11.65968407718793], [78.13158071034356, 11.659593777044366], [78.13148909982749, 11.659594775485871], [78.13148808692311, 11.659504475324342]]]}, "id": "+4155+925", "properties": {"count": 42, "water": 1}}, {"type": "Feature", "geometry": {"geodesic": false, "type": "Polygon", "coordinates": [[[78.13362024973942, 11.579826750616892], [78.13371183400672, 11.579825758230031], [78.13370780804507, 11.579464556380172], [78.1337993921866, 11.579463563993311], [78.13379838568721, 11.579373263544321], [78.1338899697928, 11.579372271139494], [78.13388896326647, 11.579281970690504], [78.13398054733614, 11.57928097826771], [78.13397954079183, 11.579190677818719], [78.13416270884133, 11.579188692901267], [78.1341617022521, 11.579098392479228], [78.1345280381355, 11.57909442232093], [78.13453005156548, 11.579275023111112], [78.13443846754073, 11.579276015704586], [78.13443947423775, 11.579366316108661], [78.13425630612538, 11.579368301232725], [78.1342573127685, 11.579458601654766], [78.13416572867189, 11.579459594176374], [78.13416874857431, 11.579730495451479], [78.13426033276075, 11.579729502893938], [78.13426335282487, 11.580000404133111], [78.13435493709217, 11.579999411530656], [78.13435594383411, 11.580089711934729], [78.13426435953087, 11.58009070454617], [78.13426637296985, 11.580271305372284], [78.13417478860373, 11.580272297965758], [78.13417579530973, 11.580362598387799], [78.13371787320969, 11.580367560986856], [78.13371384704143, 11.580006359145978], [78.13362226272024, 11.580007351550805], [78.13362024973942, 11.579826750616892]]]}, "id": "+4191+1812", "properties": {"count": 80, "water": 1}}, {"type": "Feature", "geometry": {"geodesic": false, "type": "Polygon", "coordinates": [[[78.13465794402077, 11.688820946956975], [78.13484118366601, 11.688818943085069], [78.13484016706057, 11.688728643399648], [78.13493178683827, 11.688727641427763], [78.13493077020587, 11.688637341751324], [78.13520562940423, 11.688634335691939], [78.13520461269997, 11.68854403604245], [78.13529623238783, 11.688543033962766], [78.13529521565663, 11.68845273432226], [78.13538683529958, 11.68845173222461], [78.13538581855042, 11.688361432593087], [78.13547743815744, 11.688360430477474], [78.1354764213903, 11.688270130845948], [78.13556804096137, 11.688269128712367], [78.13556702416729, 11.688178829089827], [78.13584188274581, 11.688175822527386], [78.13584289962972, 11.68826612213196], [78.13602613870003, 11.688264117595303], [78.13602918957636, 11.688535016346142], [78.13593756996036, 11.688536018650403], [78.13593655301356, 11.688445719063797], [78.13584493341553, 11.688446721323142], [78.13584696724624, 11.688627320523306], [78.13593858689818, 11.688626318237011], [78.13594163779248, 11.688897217005817], [78.13585001804174, 11.68889821931008], [78.1358520519533, 11.68907881850126], [78.13576043213966, 11.689079820787555], [78.13576144907748, 11.689170120392129], [78.13566982922792, 11.68917112266944], [78.13567084614778, 11.689261422274015], [78.13557922625328, 11.689262424524378], [78.1355802431462, 11.689352724137935], [78.13548862322476, 11.689353726370332], [78.13548964009969, 11.68944402599287], [78.13539802013335, 11.6894450282073], [78.13540107071324, 11.689715927092887], [78.13521783058293, 11.689717931476832], [78.1352157969678, 11.689537332186836], [78.13494093688013, 11.689540338488765], [78.13493890348059, 11.68935973914487], [78.13484728349628, 11.689360741170654], [78.13484830015562, 11.689451040847093], [78.13475668013538, 11.68945204285491], [78.13475363024719, 11.68918114378966], [78.13466201029881, 11.68918214574358], [78.13465794402077, 11.688820946956975]]]}, "id": "+4192+604", "properties": {"count": 140, "water": 1}}, {"type": "Feature", "geometry": {"geodesic": false, "type": "Polygon", "coordinates": [[[78.13434302400317, 11.595352458771716], [78.13480097022298, 11.59534748885139], [78.13479996198086, 11.595257188582062], [78.134983140352, 11.595255200430676], [78.13498414865701, 11.595345500682036], [78.13544209458038, 11.595340529755598], [78.1354431030381, 11.595430829971026], [78.13562628140924, 11.595428841379464], [78.13562728992984, 11.595519141576926], [78.13571887912889, 11.595518147231738], [78.13571988768543, 11.595608447420217], [78.13581147691143, 11.595607453030114], [78.13581248550389, 11.595697753218593], [78.13590407474786, 11.595696758792556], [78.13590710067797, 11.595967659304094], [78.13581551135316, 11.595968653748097], [78.13581651998156, 11.596058953927592], [78.13572493061184, 11.596059948353629], [78.13572694784169, 11.596240548721603], [78.13545217949896, 11.596243531864964], [78.13545520514161, 11.5965144324843], [78.13527202603385, 11.596516421147726], [78.13527303453648, 11.596606721372138], [78.13508985533889, 11.59660870993675], [78.1350908637966, 11.596699010179128], [78.13481609484302, 11.596701992828416], [78.13481710321989, 11.59679229308876], [78.1347255135178, 11.596793287263267], [78.13472450517685, 11.596702986993941], [78.1346329155017, 11.596703981123534], [78.13462989060464, 11.596433080288602], [78.13453830100134, 11.59643407437328], [78.13453124340529, 11.595801972353241], [78.13443965400862, 11.595802966348087], [78.13443662954275, 11.59553206544129], [78.13434504021794, 11.595533059391219], [78.13434302400317, 11.595352458771716]], [[78.13471240567846, 11.595619383726081], [78.13489558430112, 11.595617395565712], [78.13489659260614, 11.595707695826055], [78.13480500327233, 11.5957086899287], [78.1348060115504, 11.595798990198025], [78.13471442218066, 11.59579998427372], [78.13471240567846, 11.595619383726081]]]}, "id": "+4194+1633", "properties": {"count": 182, "water": 1}}, {"type": "Feature", "geometry": {"geodesic": false, "type": "MultiPolygon", "coordinates": [[[[78.1370400567677, 11.68879488754025], [78.13722329597276, 11.688792882159177], [78.13722431335974, 11.688883181629004], [78.1370410740918, 11.688885187037027], [78.1370400567677, 11.68879488754025]]], [[[78.1370400567677, 11.68879488754025], [78.1369484371517, 11.688795890194855], [78.13694945444885, 11.688886189691631], [78.13676621512701, 11.688888194919992], [78.13676723237924, 11.688978494434734], [78.13621751404543, 11.688984509464046], [78.13621649698185, 11.688894209904387], [78.13612487725804, 11.68889521229848], [78.13612284320274, 11.688714613152214], [78.1364893218015, 11.688710603468044], [78.13648830466606, 11.688620303926353], [78.13657992427308, 11.688619301433445], [78.13657890711966, 11.688529001900736], [78.13667052667277, 11.688527999389862], [78.13667154386212, 11.68861829892257], [78.1367631634422, 11.688617296375764], [78.13676418065849, 11.688707595890508], [78.13703903944361, 11.688704588052458], [78.1370400567677, 11.68879488754025]]]]}, "id": "+4201+600", "properties": {"count": 31, "water": 1}}, {"type": "Feature", "geometry": {"geodesic": false, "type": "MultiPolygon", "coordinates": [[[[78.13991937621766, 11.577952209712034], [78.14010254240765, 11.577950221246237], [78.14010556761912, 11.578221120994206], [78.14019715079945, 11.578220126693934], [78.1402011846483, 11.578581326324954], [78.13974326810883, 11.578586297700552], [78.13974125146288, 11.578405697808686], [78.13983283472406, 11.578404703607227], [78.13983081805117, 11.578224103724343], [78.13992240124946, 11.578223109513901], [78.13991937621766, 11.577952209712034]]], [[[78.13991937621766, 11.577952209712034], [78.13982779310021, 11.577953203904508], [78.13982678480419, 11.577862903967558], [78.1399183678857, 11.577861909784067], [78.13991937621766, 11.577952209712034]]]]}, "id": "+4250+1825", "properties": {"count": 25, "water": 1}}, {"type": "Feature", "geometry": {"geodesic": false, "type": "Polygon", "coordinates": [[[78.14024455703498, 11.582464221637535], [78.14042772611755, 11.582462232201557], [78.14042671721965, 11.582371932336471], [78.1405183017205, 11.582370937578059], [78.14051931064535, 11.582461237434162], [78.14070247966504, 11.582459247827504], [78.14070348866174, 11.58254954766564], [78.14079507318955, 11.582548552808412], [78.1407960822222, 11.582638852628582], [78.14088766676797, 11.58263785773542], [78.1408896849141, 11.58281845737576], [78.14061493106118, 11.58282144201931], [78.1406159400579, 11.582911741866427], [78.14043277071482, 11.582913731491052], [78.14043377966661, 11.583004031356136], [78.14025061023371, 11.583006020881946], [78.14024455703498, 11.582464221637535]]]}, "id": "+4256+1775", "properties": {"count": 32, "water": 1}}, {"type": "Feature", "geometry": {"geodesic": false, "type": "Polygon", "coordinates": [[[78.14201426228243, 11.593282275910136], [78.14210585019688, 11.593281279723403], [78.14209372591397, 11.592197683902578], [78.14218531346012, 11.592196687787707], [78.1421843031339, 11.5921063881472], [78.14209271561471, 11.592107384253087], [78.14209069503414, 11.591926784936142], [78.14218228249943, 11.591925788848222], [78.14217319004857, 11.591113091975865], [78.1422647772354, 11.59111209592388], [78.14226578749873, 11.591202395573369], [78.14263213629093, 11.591198411059993], [78.14263314668003, 11.591288710682534], [78.1428163210896, 11.5912867182372], [78.14281733155056, 11.59137701783279], [78.14290891876433, 11.591376021556224], [78.14290992926122, 11.591466321151815], [78.14318469095643, 11.591463332133472], [78.14318570155214, 11.59155363169313], [78.14382681207547, 11.591546656256982], [78.14382984452737, 11.59181755477426], [78.14410460631241, 11.591814564794719], [78.14410258450114, 11.591633965828116], [78.14419417168797, 11.591632969129341], [78.14419214984078, 11.591452370171723], [78.14446691117665, 11.591449379940652], [78.1444679221856, 11.591539679392513], [78.14455950930953, 11.591538682585941], [78.14456153140826, 11.591719281471695], [78.14465311857711, 11.591718284620208], [78.1446521074963, 11.591627985186314], [78.14483528176214, 11.59162599140249], [78.14483629290584, 11.591716290818418], [78.14474470574596, 11.591717287732788], [78.14474571686269, 11.59180758716668], [78.14437936803456, 11.591811574554665], [78.1443803790435, 11.591901874015509], [78.14373926805304, 11.591908850897944], [78.14373825724174, 11.591818551383202], [78.1436466699561, 11.591819547956211], [78.14364768073148, 11.591909847479938], [78.14346450607037, 11.591911840554092], [78.1434634953489, 11.5918215410124], [78.14328032071475, 11.59182353396079], [78.14328537408856, 11.59227503172315], [78.14356013647547, 11.592272042138866], [78.14356114725983, 11.592362341671574], [78.14346955977656, 11.592363338235602], [78.14347158131834, 11.592543937301018], [78.14392951894126, 11.592538954112577], [78.14393154080642, 11.592719553097146], [78.14402312836155, 11.592718556362438], [78.14402515032553, 11.592899155329041], [78.1438419750895, 11.592901148807437], [78.14384298602657, 11.592991448313196], [78.14375139836365, 11.592992445020954], [78.14375342019288, 11.593173044023489], [78.14393659562653, 11.593171050554076], [78.14393558464454, 11.593080751066283], [78.14439352293223, 11.593075766916643], [78.14439655634531, 11.59334666526324], [78.14457973177896, 11.593344671353652], [78.14458276543459, 11.593615569646351], [78.14449117763692, 11.59361656664157], [78.14449218884349, 11.593706866075463], [78.14440060100988, 11.593707863052716], [78.1444016121895, 11.593798162495592], [78.14376049688713, 11.593805140545838], [78.1437615078781, 11.593895440051597], [78.14366991991872, 11.59389643680427], [78.1436689089547, 11.593806137298511], [78.1434857330629, 11.59380813070504], [78.14348674396405, 11.593898430228768], [78.14330356797343, 11.593900423545467], [78.14330154629693, 11.593719824462083], [78.14320995835551, 11.593720821062043], [78.14320692598449, 11.593449922410018], [78.14311533812392, 11.593450918947095], [78.14311331664504, 11.593270319827779], [78.1430217288294, 11.593271316328924], [78.14302071813488, 11.593181016760282], [78.14283754253054, 11.593183009654773], [78.14283855317117, 11.59327330924138], [78.142655377477, 11.593275302037057], [78.14265638806373, 11.593365601632648], [78.14247321227974, 11.59336759432951], [78.14247220174691, 11.593277294715953], [78.14219743809338, 11.593280283518702], [78.14219945898836, 11.593460882790732], [78.14210787102898, 11.593461879022382], [78.14210686060395, 11.593371579372892], [78.14201527266255, 11.593372575559627], [78.14201426228243, 11.593282275910136]], [[78.14329042767797, 11.59272652946754], [78.143382015287, 11.592725532930464], [78.14338504763109, 11.59299643155554], [78.14329345992324, 11.592997428110582], [78.14329042767797, 11.59272652946754]], [[78.14430597973623, 11.593437961629471], [78.14439756749798, 11.593436964715101], [78.14439857865963, 11.593527264157977], [78.14430699087094, 11.59352826108133], [78.14430597973623, 11.593437961629471]]]}, "id": "+4274+1678", "properties": {"count": 480, "water": 1}}, {"type": "Feature", "geometry": {"geodesic": false, "type": "Polygon", "coordinates": [[[78.14441264886413, 11.724928401638602], [78.14468754139895, 11.724925377271552], [78.14468651836158, 11.72483507867309], [78.14477814916161, 11.724834070493847], [78.14477917222594, 11.724924369083325], [78.14505406466195, 11.724921344365931], [78.14505508782509, 11.725011642937444], [78.1454216110701, 11.725007609528767], [78.14542263435902, 11.725097908064345], [78.145605895995, 11.725095891175853], [78.14560691935577, 11.725186189693465], [78.14569855018276, 11.72518518119083], [78.14570059698515, 11.72536577821707], [78.145792227875, 11.725364769669518], [78.14579529822682, 11.725635665168456], [78.1457036672561, 11.725636673733975], [78.14570469069773, 11.725726972242605], [78.14552142866648, 11.725728989301777], [78.14552040528774, 11.725638690784164], [78.14533714328344, 11.725640707708589], [78.1453361199676, 11.72555040917301], [78.1450612269836, 11.725553434321595], [78.14506020376656, 11.725463135759068], [78.14496857278688, 11.725464144082041], [78.14496754961475, 11.72537384551053], [78.14478428768231, 11.725375862039696], [78.14478326457308, 11.72528556345022], [78.14469163362932, 11.725286571665395], [78.14468958750066, 11.725105974468473], [78.144506325694, 11.725107990773061], [78.14450530270153, 11.725017692156634], [78.14441367182066, 11.725018700264012], [78.14441264886413, 11.724928401638602]]]}, "id": "+4285+197", "properties": {"count": 73, "water": 1}}, {"type": "Feature", "geometry": {"geodesic": false, "type": "Polygon", "coordinates": [[[78.16278295926016, 11.720571523202096], [78.16287458705082, 11.720570509597028], [78.16287047287462, 11.720209321437494], [78.16296210053953, 11.720208307841409], [78.16296107198649, 11.720118010806017], [78.16305269961546, 11.720116997182982], [78.16305064247346, 11.719936403130164], [78.16295901491635, 11.719937416735233], [78.16295695787318, 11.719756822664449], [78.16304858537639, 11.719755809077347], [78.16304652830624, 11.719575215015546], [78.16313815574658, 11.719574201410477], [78.16313712719354, 11.719483904393051], [78.16350363673925, 11.719479849703287], [78.16350466540906, 11.719570146693762], [78.16368792018193, 11.719568119160234], [78.1636889489236, 11.719658416132743], [78.16396383111883, 11.719655374589905], [78.16396485995034, 11.719745671535467], [78.16405648736372, 11.719744657624972], [78.16405854511657, 11.71992525150711], [78.16415017257486, 11.719924237542715], [78.16415120149621, 11.72001453447031], [78.16424282898146, 11.720013520478966], [78.16424180003317, 11.719923223551373], [78.16460830975855, 11.719919167307522], [78.16460728070246, 11.71982887041586], [78.16488216281682, 11.719825827947757], [78.16488422111765, 11.720006421677182], [78.16479259369528, 11.72000743588412], [78.16479362283222, 11.720097732757816], [78.16461036789767, 11.720099761090845], [78.1646113969897, 11.720190057973523], [78.16451976947751, 11.720191072108598], [78.16452079854258, 11.72028136900026], [78.16433754343734, 11.720283397189558], [78.16433651443515, 11.72019310027993], [78.164244886905, 11.72019411431619], [78.16424385793873, 11.720103817397579], [78.1639689753752, 11.720106859326693], [78.16397000425162, 11.720197156272253], [78.16387837668553, 11.72019817019173], [78.16387940553501, 11.720288467146275], [78.163787777933, 11.720289481047786], [78.1637888067645, 11.720379778011313], [78.16369717912654, 11.72038079189486], [78.16369820794009, 11.720471088858385], [78.16360658025722, 11.720472102723965], [78.16360863784837, 11.720652696668985], [78.16324212679349, 11.720656751888756], [78.16324315549025, 11.720747048888216], [78.16315152767264, 11.720748062628031], [78.16315255634245, 11.720838359645457], [78.1630609284889, 11.720839373358322], [78.16306195714074, 11.720929670375748], [78.16278707344534, 11.720932711379598], [78.16278295926016, 11.720571523202096]]]}, "id": "+4490+254", "properties": {"count": 162, "water": 1}}, {"type": "Feature", "geometry": {"geodesic": false, "type": "Polygon", "coordinates": [[[78.16473904883125, 11.723349434211178], [78.16492230588582, 11.723347405249328], [78.16492127641651, 11.723257108402581], [78.16565430404194, 11.723248991432287], [78.16565739319549, 11.723519881756928], [78.16556576468616, 11.723520896502857], [78.16556679438904, 11.723611193286722], [78.1654751658348, 11.723612208014682], [78.16547619551972, 11.72370250480753], [78.16538456692953, 11.723703519517526], [78.1653855965875, 11.723793816310373], [78.16501908202919, 11.723797874871877], [78.16501805248801, 11.723707578043097], [78.16483479521783, 11.723709607139694], [78.16483376573953, 11.723619310292948], [78.16474213712242, 11.723620324787348], [78.16473904883125, 11.723349434211178]]]}, "id": "+4513+212", "properties": {"count": 48, "water": 1}}, {"type": "Feature", "geometry": {"geodesic": false, "type": "Polygon", "coordinates": [[[78.16562238730413, 11.720449791015724], [78.16571401479835, 11.720448776503359], [78.16571195586872, 11.720268182926647], [78.16580358330006, 11.720267168405298], [78.16580152435245, 11.720086574837572], [78.16589315171193, 11.720085560307238], [78.16589212221565, 11.719995263532358], [78.16644188602218, 11.71998917577544], [78.16644085636423, 11.71989887905446], [78.16680736527213, 11.719894819998881], [78.1668063354974, 11.719804523295867], [78.16698958984804, 11.71980249360638], [78.1669906196767, 11.71989279029143], [78.16726550122512, 11.719889745514656], [78.16727271089698, 11.720521822103388], [78.16718108351954, 11.720522837109828], [78.16718520340004, 11.72088402375121], [78.16709357589683, 11.720885038766633], [78.16709666580496, 11.721155928758899], [78.16663852769602, 11.721161003503635], [78.1666374978584, 11.721070706800619], [78.1662709873425, 11.72107476603586], [78.16626995763065, 11.720984469305895], [78.16608670238168, 11.720986498725887], [78.16608773202168, 11.721076795482801], [78.16572122129917, 11.721080854017355], [78.16572019177595, 11.720990557233492], [78.16562856410206, 11.720991571790773], [78.16562238730413, 11.720449791015724]], [[78.16681663359518, 11.720707490245173], [78.16690826107143, 11.720706475337549], [78.16690929095397, 11.720796772022597], [78.16681766345076, 11.720797786939206], [78.16681663359518, 11.720707490245173]], [[78.16699988853871, 11.72070546039399], [78.167091515997, 11.720704445432467], [78.16709254594242, 11.72079474209955], [78.16700091845718, 11.720795757070057], [78.16699988853871, 11.72070546039399]]]}, "id": "+4528+250", "properties": {"count": 210, "water": 1}}, {"type": "Feature", "geometry": {"geodesic": false, "type": "Polygon", "coordinates": [[[78.16735918831375, 11.7200693238334], [78.1674508155295, 11.72006830880001], [78.16744978553018, 11.719978012159878], [78.16754141271, 11.719976997117506], [78.1675403826927, 11.719886700477371], [78.16781526407944, 11.719883655179576], [78.1678142339813, 11.719793358575375], [78.16799748814331, 11.719791328239102], [78.16799851830433, 11.71988162483432], [78.16809014539432, 11.719880609621267], [78.1680922057972, 11.720061202784754], [78.16818383294108, 11.720060187526785], [78.16818486318294, 11.720150484095054], [78.16809323601211, 11.720151499370989], [78.16809529645992, 11.720332092534473], [78.16800366921721, 11.720333107792442], [78.16800469942315, 11.720423404378677], [78.16791307214451, 11.720424419618677], [78.16791410232351, 11.720514716213895], [78.16773084767641, 11.72051674661305], [78.16772981755133, 11.720426449999866], [78.1675465629222, 11.720428480264273], [78.16754759299339, 11.720518776895423], [78.1674559656339, 11.720519791991695], [78.16745493559866, 11.720429495360545], [78.16736330826612, 11.720430510420883], [78.16735918831375, 11.7200693238334]]]}, "id": "+4539+250", "properties": {"count": 50, "water": 1}}, {"type": "Feature", "geometry": {"geodesic": false, "type": "Polygon", "coordinates": [[[78.16800002220988, 11.639417018095918], [78.16809162288041, 11.639416009745993], [78.16809059996879, 11.639325712656703], [78.16818220059442, 11.639324704288812], [78.16818424649848, 11.639505298449428], [78.16845904851907, 11.639502273112198], [78.16846211770307, 11.639773164281257], [78.16855371844547, 11.63977215575167], [78.16855474155471, 11.639862452796045], [78.16873794307544, 11.63986043564704], [78.16874101262775, 11.64013132672627], [78.16864941177755, 11.640132335345687], [78.16865145813078, 11.64031292941647], [78.16855985721772, 11.640313938017922], [78.16856088037187, 11.640404235062297], [78.1682860774889, 11.640407260722922], [78.16828505442457, 11.640316963660581], [78.16819345347557, 11.640317972145251], [78.16819038440835, 11.640047080922294], [78.16809878354019, 11.640048089353066], [78.16809264580999, 11.639506306835285], [78.1680010451125, 11.63950731519419], [78.16800002220988, 11.639417018095918]]]}, "id": "+4551+1141", "properties": {"count": 53, "water": 1}}, {"type": "Feature", "geometry": {"geodesic": false, "type": "MultiPolygon", "coordinates": [[[[78.17641407996675, 11.686464828112637], [78.17668892598681, 11.686461782877723], [78.1766878960324, 11.686371486830478], [78.17677951132751, 11.686370471707257], [78.17677745139176, 11.686189879639716], [78.17696068182924, 11.68618784932141], [78.17695759181332, 11.685916961269506], [78.1768659766799, 11.685917976419676], [78.1768649467255, 11.685827680390396], [78.17677333161905, 11.685828695504634], [78.17677539148293, 11.686009287572174], [78.1766837763136, 11.686010302668446], [78.17668480623207, 11.686100598715692], [78.17659319101782, 11.686101613793996], [78.1765921611263, 11.686011317737767], [78.17650054593898, 11.68601233278014], [78.17650157579457, 11.686102628836368], [78.17640996056235, 11.686103643860774], [78.17641099039997, 11.686193939925985], [78.1763193751408, 11.686194954923442], [78.17632040495148, 11.686285250997637], [78.1762287896474, 11.686286265968144], [78.17622775986366, 11.686195969893948], [78.17613614457754, 11.686196984828523], [78.17613408509094, 11.686016392653183], [78.17631731552844, 11.686014362775053], [78.17631628573572, 11.685924066700858], [78.17640790091406, 11.68592305173035], [78.17640687110338, 11.685832755656156], [78.17649848624576, 11.685831740667682], [78.17649642658849, 11.685651148546242], [78.17658804165902, 11.68565013353082], [78.1765870118124, 11.685559837483574], [78.17667862684699, 11.685558822450185], [78.17667656712683, 11.685378230364677], [78.17676818208956, 11.685377215313322], [78.17676612234244, 11.685196623236799], [78.17685773724229, 11.685195608185442], [78.17685670735077, 11.685105312147181], [78.1769483222057, 11.685104297077858], [78.1769462623957, 11.684923705028284], [78.17703787718774, 11.684922689932012], [78.1770368472603, 11.6848323939207], [78.17712846201641, 11.684831378806463], [78.17712640213455, 11.684650786783838], [78.1772180168188, 11.684649771660617], [78.17721698685541, 11.684559475658286], [78.1773086015127, 11.684558460508116], [78.17730757153136, 11.68446816451477], [78.17739918614375, 11.684467149346634], [78.17739815613544, 11.68437685336227], [78.17758138527935, 11.684374822954133], [78.17758035522614, 11.684284526978754], [78.17767196974869, 11.684283511747735], [78.17767093967751, 11.684193215781338], [78.17785416865075, 11.68419118522947], [78.17785313852566, 11.684100889281039], [78.1780363674001, 11.68409885863934], [78.17803533723009, 11.68400856269989], [78.17831018038453, 11.684005516539713], [78.17830915013367, 11.683915220627215], [78.17867560744236, 11.683911158697027], [78.17867457708371, 11.683820862820463], [78.1795907194616, 11.683810706036668], [78.17958968881548, 11.683720410231969], [78.18013937366011, 11.683714314812423], [78.18014040448588, 11.683804610572208], [78.18032363275843, 11.68380257851117], [78.18032260186978, 11.683712282778334], [78.18041421596115, 11.683711266711883], [78.18041318505452, 11.68362097098803], [78.18151255316273, 11.68360877604364], [78.18151358442867, 11.683699071677658], [78.18215488212499, 11.68369195596958], [78.18215591360654, 11.683782251540718], [78.1823391415018, 11.683780218204072], [78.1823401730552, 11.683870513757245], [78.18224855908062, 11.683871530452517], [78.18224959060707, 11.683961826014672], [78.18215797659656, 11.683962842691978], [78.18215900809606, 11.684053138263117], [78.18197577998521, 11.684055171527897], [78.1819768114398, 11.684145467117002], [78.18161035500249, 11.684149533341134], [78.18161138634927, 11.684239828957189], [78.18151977218605, 11.684240845454832], [78.1815238975373, 11.68460202795498], [78.1814322832483, 11.684603044452624], [78.18143331457713, 11.684693340086644], [78.1813417002522, 11.684694356557337], [78.18134479419378, 11.684965243477365], [78.18143640860853, 11.684964226979721], [78.1814374399733, 11.685054522604759], [78.1813458255316, 11.685055539111385], [78.1813468568694, 11.685145834745406], [78.18125524239176, 11.685146851234064], [78.18125936772505, 11.685508033806078], [78.18162582607577, 11.685503967563978], [78.18162479460321, 11.685413671956908], [78.18171640914373, 11.6854126553335], [78.18171847214275, 11.685593246538659], [78.18181008672818, 11.685592229861353], [78.18181111826362, 11.685682525459441], [78.18171950365124, 11.685683542136747], [78.18172362977504, 11.686044724529099], [78.18181524451319, 11.686043707824842], [78.18181627609354, 11.686134003413947], [78.18199950559679, 11.686131969888656], [78.18200156891022, 11.686312561030933], [78.1819099541002, 11.686313577825018], [78.18191408070909, 11.68667476013652], [78.18182246577331, 11.686675776939591], [78.18182556072998, 11.68694666368894], [78.1819171757466, 11.686945646867903], [78.18191923914986, 11.687126238019163], [78.18201085422938, 11.68712522115321], [78.18201188597142, 11.687215516715366], [78.18164542550966, 11.687219584035443], [78.18164645714391, 11.687309879633531], [78.18146322680523, 11.687311913131873], [78.18146425838559, 11.687402208747928], [78.18118941272485, 11.687405258806795], [78.1811873497438, 11.68722466752977], [78.18054604330688, 11.687231783201918], [78.18054501203196, 11.687141487505015], [78.18045339682668, 11.687142503903843], [78.1804503031546, 11.68687161679517], [78.18017545773641, 11.686874665740126], [78.18017442662318, 11.686784370016275], [78.18026604173862, 11.686783353734228], [78.18026501059843, 11.686693058010375], [78.18035662567794, 11.686692041710362], [78.18035456336165, 11.686511450280625], [78.18026294834503, 11.686512466562672], [78.18026191723179, 11.686422170838819], [78.18017030223314, 11.686423187084934], [78.18016514693646, 11.685971708420759], [78.18007353208154, 11.68597272459501], [78.1800725010761, 11.68588242885319], [78.17979765653826, 11.685885477187293], [78.17979971837845, 11.686066068715844], [78.17970810345165, 11.68606708479128], [78.17970913435826, 11.686157380560047], [78.17980074930303, 11.686156364484612], [78.17980281119712, 11.686336956022148], [78.17989442619577, 11.686335939892814], [78.17989958122295, 11.68678741867377], [78.18008281149875, 11.68678538626239], [78.1800848736803, 11.686965977737042], [78.17981002808244, 11.686969026358605], [78.17981105909686, 11.68705932211839], [78.17953621332833, 11.687062370506391], [78.17953930616497, 11.68733325785761], [78.17963092152296, 11.68733224173726], [78.17963504553572, 11.687693424830295], [78.1797266610015, 11.68769240863808], [78.17973078527477, 11.6880535916862], [78.17982240084835, 11.688052575440086], [78.17983168123575, 11.688865237197298], [78.17955683368855, 11.688868286061407], [78.1795578648018, 11.688958581839158], [78.17946624890482, 11.688959598076288], [78.17946727999109, 11.689049893854039], [78.17928404811629, 11.689051926265421], [78.1792830170839, 11.688961630469702], [78.17873332144154, 11.688967726940277], [78.17873435228528, 11.68905802278091], [78.17864273628949, 11.689059038766514], [78.17864170546372, 11.688968742916897], [78.17855008948588, 11.688969758866568], [78.17854802793316, 11.68878916714937], [78.17836479606734, 11.688791198922948], [78.17836582677633, 11.688881494799512], [78.1782742107985, 11.688882510650368], [78.17827524149851, 11.688972806535917], [78.17818362548475, 11.688973822368807], [78.17818465615781, 11.689064118263339], [78.17809304009914, 11.689065134069278], [78.17809407075423, 11.68915542996381], [78.17818568683087, 11.689154414148886], [78.17818877893089, 11.689425301814516], [78.17828039508838, 11.689424285945694], [78.1782814258333, 11.689514581822259], [78.17837304201774, 11.689513565917505], [78.17837613438726, 11.689784453529235], [78.17828451812197, 11.689785469460938], [78.17828657968369, 11.68996606121407], [78.17755364872596, 11.689974187760406], [78.17755261817867, 11.689883891820958], [78.1774610017966, 11.68988490749215], [78.17745791028948, 11.689614019646859], [78.17736629398826, 11.689615035273135], [78.17736423308232, 11.689434443349326], [78.17754746555899, 11.689432412105754], [78.17754643505661, 11.689342116157324], [78.17763805125003, 11.689341100495113], [78.17763392921357, 11.688979916746307], [78.17745069706028, 11.68898194797191], [78.17744863621722, 11.688801356057084], [78.1773570201855, 11.688802371611496], [78.1773559897999, 11.688712075645098], [78.17689790966823, 11.688717152932067], [78.17689687944433, 11.688626856920754], [78.1768052634216, 11.68862787228652], [78.17680320305465, 11.68844728025491], [78.17716966685815, 11.688443218693035], [78.17716863657137, 11.68835292270867], [78.17726025247732, 11.688351907253073], [78.17725819186782, 11.688171315302313], [78.17716657602475, 11.688172330739944], [78.17716554576491, 11.688082034755581], [78.1770739299398, 11.68808305015728], [78.1770728997159, 11.687992754163933], [78.17688966811059, 11.687994784859532], [78.17689069828059, 11.688085080870843], [78.17679908242853, 11.688086096182712], [78.17680217288463, 11.688356984234616], [78.17671055694275, 11.688357999546483], [78.17670952680868, 11.688267703517203], [78.17661791089374, 11.688268718793138], [78.17661379057306, 11.68790753464907], [78.17688863795856, 11.687904488848218], [78.17688657767245, 11.68772389681661], [78.17697819338977, 11.687722881513727], [78.1769761330767, 11.687542289500085], [78.17688451742228, 11.687543304793985], [78.17688039701177, 11.687182120730768], [78.17678878146513, 11.687183135961785], [78.1767877514209, 11.687092839932507], [78.17651290480795, 11.687095885436916], [78.17651496473472, 11.687276477531405], [78.17642334911623, 11.687277492654626], [78.17641819950589, 11.6868260123645], [78.17650981497168, 11.686824997277213], [78.17651187485355, 11.687005589380687], [78.17678672137666, 11.687002543903228], [78.17678569134141, 11.686912247882931], [78.1768773068072, 11.68691123266988], [78.1768742166655, 11.686640344608993], [78.17678260129853, 11.686641359795095], [78.1767815712992, 11.686551063765815], [78.17650672521626, 11.68655410911751], [78.17650775512575, 11.68664440517374], [78.17641613972285, 11.68664542024306], [78.17641407996675, 11.686464828112637]], [[78.1769627418818, 11.686368441353018], [78.17705435714994, 11.686367426130984], [78.17705332708775, 11.686277130128653], [78.17732817274847, 11.686274084318818], [78.17732920290051, 11.68636438030318], [78.17742081813273, 11.686363364973348], [78.17742287851766, 11.686543956915125], [78.17733126323154, 11.686544972271907], [78.17733229340153, 11.686635268247288], [78.17705744739045, 11.686638314155939], [78.1770564173013, 11.686548018144626], [78.17696480197925, 11.686549033384628], [78.1769627418818, 11.686368441353018]], [[78.17706053770283, 11.686909202162926], [78.17715215313268, 11.686908186869026], [78.17715112299861, 11.68681789087568], [78.17733435377747, 11.686815860216013], [78.1773353839834, 11.686906156191395], [78.1774269993953, 11.686905140807662], [78.17743009013886, 11.687176028715836], [78.17733847463714, 11.687177044126518], [78.177339504879, 11.687267340101897], [78.17715627379472, 11.687269370842412], [78.17715524361574, 11.687179074858049], [78.17706362808707, 11.687180090169916], [78.17706053770283, 11.686909202162926]], [[78.17716142480643, 11.687720850800162], [78.1772530404968, 11.687719835407446], [78.17725201024594, 11.687629539423083], [78.17752685719127, 11.687626493074259], [78.17753097858993, 11.687987676903914], [78.17725613129426, 11.68799072334257], [78.17725510101646, 11.68790042736719], [78.17716348526321, 11.687901442777871], [78.17716142480643, 11.687720850800162]], [[78.17749080074714, 11.684466134151549], [78.17758241534156, 11.684465118929513], [78.17758344540377, 11.684555414904894], [78.1774918307824, 11.684556430135911], [78.17749080074714, 11.684466134151549]], [[78.17751037294411, 11.686181757665805], [78.17760198810447, 11.686180742291056], [78.17760095788057, 11.686090446333642], [78.17778418811145, 11.686088415503296], [78.17778521838925, 11.686178711451728], [78.17787683352266, 11.686177695987146], [78.17787992450877, 11.686448583787524], [78.17806315491931, 11.686446552723615], [78.17806418532288, 11.686536848645096], [78.17815580054612, 11.686535833054752], [78.17815889190054, 11.686806720783263], [78.17779243060335, 11.686810783045827], [78.17778830928553, 11.686449599279053], [78.17760507882109, 11.68645163017228], [78.17760404857023, 11.686361334214867], [78.17751243335597, 11.686362349607583], [78.17751037294411, 11.686181757665805]], [[78.17779655204691, 11.687171966794633], [78.17807139839037, 11.68716892005055], [78.178075520337, 11.687530103691559], [78.17780067363422, 11.687533150534456], [78.17779655204691, 11.687171966794633]], [[78.17841209806237, 11.684907460092315], [78.17850371271967, 11.684906444537903], [78.17850268232509, 11.684816148643371], [78.17877752615327, 11.684813101827423], [78.17878061764243, 11.685083989421186], [78.17868900295818, 11.685085005083396], [78.17869003343361, 11.685175300950979], [78.17850680397528, 11.685177332194549], [78.17850577354476, 11.685087036309], [78.17841415883356, 11.685088051881378], [78.17841209806237, 11.684907460092315]], [[78.17851607817329, 11.685989995155504], [78.17879092316029, 11.685986948016161], [78.17879195376148, 11.68607724387476], [78.17888356876912, 11.68607622809577], [78.17888666069847, 11.686347115644617], [78.17861181538807, 11.68635016295464], [78.17861078482281, 11.686259867087058], [78.17851916972533, 11.686260882794183], [78.17851607817329, 11.685989995155504]], [[78.17853050608693, 11.687254137418437], [78.17862212149882, 11.687253121630462], [78.1786210908527, 11.687162825762881], [78.17880432160462, 11.687160794106084], [78.1788053523136, 11.687251089946718], [78.17889696769853, 11.687250074068912], [78.17890109074112, 11.68761125742246], [78.17899270624284, 11.687610241481773], [78.17899373705963, 11.68770053730444], [78.1790853525793, 11.68769952132782], [78.17908947602612, 11.68806070460052], [78.17899786038068, 11.688061720613073], [78.17899476787642, 11.68779083313609], [78.17890315231182, 11.687791849094744], [78.17890212152197, 11.68770155325411], [78.17881050598432, 11.687702569176832], [78.17880947523041, 11.687612273336198], [78.17853462864441, 11.687615320906733], [78.17853050608693, 11.687254137418437]], [[78.17861387653656, 11.686530754698788], [78.1788887220356, 11.686527707334866], [78.17888975270866, 11.686618003175498], [78.17898136788698, 11.686616987324642], [78.17898446006785, 11.686887874828576], [78.17889284479969, 11.686888890706381], [78.17889387550869, 11.686979186547013], [78.1787106449005, 11.686981218230759], [78.17870961424542, 11.686890922372159], [78.17861799895032, 11.686891938169117], [78.17861387653656, 11.686530754698788]], [[78.178691063927, 11.68526559681856], [78.17896590815043, 11.685262549706167], [78.17896693874265, 11.685352845555784], [78.17905855349876, 11.685351829776792], [78.17906164540116, 11.685622717289707], [78.17897003056419, 11.685623733086665], [78.17897106118335, 11.685714028927297], [78.17878783141958, 11.685716060449346], [78.17878680085433, 11.685625764590748], [78.17869518598143, 11.685626780297873], [78.178691063927, 11.68526559681856]], [[78.17913986214414, 11.684447855654355], [78.17950631985705, 11.684443792484494], [78.1795083812481, 11.684624384093894], [78.17941676677046, 11.68462539994475], [78.17941882813453, 11.684805991563135], [78.17914398447704, 11.684809038989938], [78.17913986214414, 11.684447855654355]], [[78.1791563523112, 11.685892588942785], [78.1794311970287, 11.685889541219536], [78.17943222782752, 11.685979837024236], [78.17952384274534, 11.685978821047616], [78.17952693527654, 11.686249708425786], [78.17916047519208, 11.686253772242434], [78.1791563523112, 11.685892588942785]], [[78.17916459821669, 11.686614955524117], [78.17925621336805, 11.68661393958343], [78.17925415177939, 11.686433347956063], [78.17934576686788, 11.686432331997409], [78.17934473605109, 11.686342036192709], [78.17952796613825, 11.68634000421252], [78.17952899700894, 11.686430299999254], [78.1796206120615, 11.68642928395975], [78.17962370480831, 11.686700171301986], [78.17953208966591, 11.686701187368438], [78.17953312056356, 11.686791483155172], [78.17925827498367, 11.686794531201812], [78.17925724417586, 11.68670423538813], [78.17916562898856, 11.686705251346783], [78.17916459821669, 11.686614955524117]], [[78.17923766031876, 11.684988614865263], [78.17932927493115, 11.684987599032373], [78.17932824425809, 11.68489730321869], [78.17951147339303, 11.684895271490028], [78.17951250412897, 11.68498556729473], [78.17960411870543, 11.68498455138099], [78.179607211048, 11.685255438750175], [78.17951559637272, 11.685256454690863], [78.1795166271446, 11.68534675048658], [78.17933339771321, 11.685348782287107], [78.17933236700422, 11.685258486482407], [78.17924075230201, 11.685259502333263], [78.17923766031876, 11.684988614865263]], [[78.17969367171118, 11.684802943866835], [78.17978528621578, 11.684801927908183], [78.17978322461812, 11.684621336361664], [78.18014968233105, 11.68461727230247], [78.18015071324665, 11.684707568053271], [78.18024232767938, 11.68470655195987], [78.18024542056094, 11.684977439167358], [78.18015380603838, 11.684978455278726], [78.18015483698991, 11.685068751029528], [78.17997160785497, 11.68507078318938], [78.17997057696633, 11.684980487429595], [78.17978734784934, 11.684982519463684], [78.17978631703255, 11.684892223685933], [78.17969470249204, 11.684893239653569], [78.17969367171118, 11.684802943866835]], [[78.18044102259653, 11.68605895541525], [78.18053263745145, 11.686057939115237], [78.18053160628432, 11.685967643418335], [78.18080645071437, 11.685964594356598], [78.18080748196235, 11.686054890035534], [78.18089909678135, 11.68605387361874], [78.18090115936714, 11.686234464958645], [78.1813592336328, 11.686229382344665], [78.18136439097763, 11.686680860478836], [78.18108954599961, 11.686683910259225], [78.18108851459893, 11.686593614607238], [78.18099689961822, 11.68659463113183], [78.18100102514015, 11.686955813757743], [78.18090941003369, 11.686956830291319], [78.18091147279017, 11.687137421613258], [78.18072824243352, 11.687139454617528], [78.18072721110468, 11.68704915893859], [78.18063559594432, 11.687050175391319], [78.18063456466042, 11.6869598797034], [78.18054294951803, 11.686960896111211], [78.18053985581003, 11.686690009020504], [78.18063147086258, 11.686688992630659], [78.1806304396146, 11.686598696942738], [78.18090528462855, 11.686595647629474], [78.18090322197988, 11.686415056289567], [78.18053676217387, 11.686419121920812], [78.1805357309798, 11.68632882622391], [78.18044411603503, 11.686329842550874], [78.18044102259653, 11.68605895541525]], [[78.18087744172361, 11.68415766438803], [78.18096905591379, 11.684156648105983], [78.18096802478259, 11.68406635243603], [78.18124286720939, 11.684063303446157], [78.18124389843042, 11.684153599098144], [78.18133551258467, 11.684152582699316], [78.18133860638251, 11.684423469628326], [78.18124699213843, 11.684424486054104], [78.1812480233864, 11.684514781697107], [78.18097318051045, 11.684517830812744], [78.1809721493523, 11.684427535133809], [78.18088053507229, 11.684428551442805], [78.18087744172361, 11.68415766438803]], [[78.1810792324059, 11.685780953721391], [78.1811708471171, 11.685779937241715], [78.18116981577032, 11.685689641589729], [78.1814446597512, 11.685686591997985], [78.18144569117884, 11.685776887623023], [78.1815373058541, 11.685775871017581], [78.18154040028077, 11.686046757865745], [78.18144878552465, 11.68604777448915], [78.18144981698823, 11.686138070114188], [78.18117497256716, 11.686141119831696], [78.18117394119342, 11.68605082417971], [78.18108232639239, 11.686051840686336], [78.1810792324059, 11.685780953721391]], [[78.18042864958808, 11.684975406836825], [78.18042968062046, 11.685065702560678], [78.18061290967455, 11.68506367010438], [78.18061600301425, 11.685334557204072], [78.18024954452878, 11.685338622098698], [78.18024645153942, 11.685067734900194], [78.18033806608892, 11.68506671874391], [78.18033703508348, 11.684976423020059], [78.18042864958808, 11.684975406836825]], [[78.17771524050897, 11.688075941734537], [78.17771317965692, 11.687895349855642], [78.17780479535627, 11.687894334265298], [78.17780273447728, 11.68771374240437], [78.17798596574123, 11.687711711169781], [78.17798699623462, 11.687802007091262], [78.17826184314401, 11.687798959996835], [78.17826287373623, 11.687889255891367], [78.17835448939066, 11.68788824012136], [78.17835655065592, 11.688068831892457], [78.17844816635527, 11.688067816077533], [78.17844919702833, 11.688158111954099], [78.17854081275463, 11.688157096103243], [78.17854184346362, 11.688247391970826], [78.17890830638677, 11.688243328261974], [78.178907275561, 11.688153032430325], [78.1790905069058, 11.688151000414203], [78.17909256870107, 11.688331592050552], [78.1790009529658, 11.688332608090056], [78.17900198384545, 11.688422903912722], [78.17863552072468, 11.688426967801234], [78.17863655149655, 11.688517263650851], [78.17854493566246, 11.688518279564589], [78.17854390491753, 11.688427983697007], [78.17845228911038, 11.688428999574812], [78.17845331981938, 11.688519295442395], [78.17827008811526, 11.688521327108173], [78.17826905746017, 11.688431031222626], [78.17817744162608, 11.688432047010599], [78.17817538040572, 11.688251455212553], [78.17808376462553, 11.68825247095561], [78.17808273406027, 11.688162175052096], [78.17780788673764, 11.688165222065674], [78.17780685627119, 11.68807492613521], [78.17771524050897, 11.688075941734537]], [[78.17771524050897, 11.688075941734537], [78.17771730139694, 11.688256533613432], [78.17780891721307, 11.688255517987155], [78.17781097819088, 11.688436109848084], [78.17790259406091, 11.68843509417689], [78.17790156354056, 11.688344798264392], [78.17799317937465, 11.688343782575235], [78.17799420993093, 11.688434078487733], [78.17808582578299, 11.68843306276264], [78.1780868563752, 11.688523358666155], [78.1777203927873, 11.688527421422792], [78.1777214232717, 11.688617717353257], [78.17753819136996, 11.688619748569877], [78.17753716094843, 11.688529452621447], [78.17744554501552, 11.688530468184842], [78.1774434842533, 11.68834987626103], [78.17753510012334, 11.688348860715603], [78.17753200895756, 11.688077972861327], [78.17771524050897, 11.688075941734537]], [[78.18042864958808, 11.684975406836825], [78.18042761855568, 11.684885111121957], [78.18033600407806, 11.684886127287223], [78.1803318801731, 11.68452494437385], [78.17996542264882, 11.684529008630673], [78.17996439180507, 11.684438712861905], [78.17987277743524, 11.684439728847508], [78.17987380824304, 11.684530024616276], [78.17969057941353, 11.684532056515618], [78.17968954865962, 11.684441760728884], [78.17959793426283, 11.684442776615672], [78.17959175012567, 11.683901001832385], [78.1796833643428, 11.683899985990513], [78.17968233366075, 11.683809690194796], [78.17995717617738, 11.68380664250748], [78.17995820695825, 11.683896938276249], [78.18004982114842, 11.683895922308611], [78.1800508519652, 11.683986218068396], [78.18014246617335, 11.68398520207381], [78.18014452788778, 11.684165793566429], [78.18051098487307, 11.68416172921079], [78.18051201586054, 11.68425202492566], [78.1806036301136, 11.684251008760395], [78.18060775427907, 11.684612191583936], [78.18069936863992, 11.684611175355789], [78.18070039973519, 11.68470147105269], [78.180792014123, 11.684700454779627], [78.1807940763854, 11.684881046155464], [78.1807024619437, 11.684882062437513], [78.18070349305692, 11.684972358134415], [78.18042864958808, 11.684975406836825]]], [[[78.17632040495148, 11.686285250997637], [78.17641202024659, 11.686284235991197], [78.17641407996675, 11.686464828112637], [78.17632246460876, 11.686465843137043], [78.17632040495148, 11.686285250997637]]]]}, "id": "+4691+649", "properties": {"count": 2050, "water": 1}}, {"type": "Feature", "geometry": {"geodesic": false, "type": "MultiPolygon", "coordinates": [[[[78.18390023927327, 11.651974843738472], [78.1838086359078, 11.65197585819694], [78.18380760677984, 11.651885562562919], [78.18371600342334, 11.651886576985454], [78.18371394525727, 11.65170598570843], [78.18380554855088, 11.651704971312844], [78.18380657766087, 11.651795266937881], [78.18389818097245, 11.651794252497382], [78.18390023927327, 11.651974843738472]]], [[[78.18429547581889, 11.654499061815626], [78.1842934167994, 11.654318470673351], [78.18438502089252, 11.65431745586454], [78.1843870799659, 11.65449804698885], [78.18429547581889, 11.654499061815626]]], [[[78.18538030773053, 11.653222745323452], [78.1853813374873, 11.653313040804758], [78.18528973380741, 11.653314055847131], [78.18528870408657, 11.653223760356841], [78.18538030773053, 11.653222745323452]]], [[[78.1853885460183, 11.65394510915594], [78.18538957584694, 11.654035404628262], [78.1852979719335, 11.654036419733517], [78.18529694214078, 11.65394612425221], [78.1853885460183, 11.65394510915594]]], [[[78.1856643875334, 11.654032359141821], [78.18584759527944, 11.6540303286708], [78.18584656530707, 11.65394003323441], [78.18593816913967, 11.653939017958475], [78.1859412591646, 11.654209904240698], [78.18584965525115, 11.654210919534599], [78.18585068524148, 11.65430121497099], [78.18575908128311, 11.654302230246925], [78.18576011126447, 11.654392525683315], [78.18566850727017, 11.6543935409323], [78.18566953722457, 11.654483836386657], [78.18557793318536, 11.654484851617676], [78.1855789631218, 11.654575147072032], [78.18548735905563, 11.654576162285085], [78.18548838896513, 11.654666457748425], [78.18466395166897, 11.654675593408252], [78.18466189237999, 11.65449500233784], [78.18457028825094, 11.654496017254449], [78.18456822905179, 11.654315426166072], [78.18465983312694, 11.65431441126743], [78.18466086274897, 11.654404706802636], [78.18493567499239, 11.654401661918063], [78.18493464528052, 11.654311366400824], [78.18502624931973, 11.654310351385401], [78.18502727905854, 11.654400646893658], [78.18530209119416, 11.654397601658744], [78.18530106136552, 11.654307306177436], [78.18557587334841, 11.654304260699979], [78.18557484343893, 11.65421396524562], [78.18566644737932, 11.654212950041552], [78.1856643875334, 11.654032359141821]]], [[[78.18390023927327, 11.651974843738472], [78.18399184263876, 11.651973829262039], [78.18399287182959, 11.65206412486911], [78.18408447521304, 11.652063110347761], [78.18408550444879, 11.65215340595483], [78.18426871124262, 11.652151376804335], [78.18426974054127, 11.652241672393439], [78.18472775753933, 11.652236598987193], [78.18472981646, 11.652417190075571], [78.18491302331672, 11.652415160475917], [78.18491405284892, 11.652505456002139], [78.18518886316095, 11.652502411360112], [78.18518989278299, 11.652592706868369], [78.18528149623829, 11.652591691915829], [78.18528046658032, 11.652501396425539], [78.18592169027343, 11.652494291039101], [78.185922720138, 11.652584586484476], [78.18601432352145, 11.652583571298374], [78.18601741324991, 11.65285445758958], [78.18610901671421, 11.652853442349578], [78.18611416659404, 11.653304919441702], [78.18602256298601, 11.653305934708653], [78.18602874293703, 11.65384770724615], [78.18593713914035, 11.653848722531068], [78.18593507918662, 11.653668131676252], [78.18556866416165, 11.653672192492527], [78.18556763431503, 11.653581897029188], [78.18565923804883, 11.653580881879018], [78.18565717831967, 11.653400290970302], [78.1858403856525, 11.65339826060708], [78.18583935574301, 11.65330796517069], [78.185930959369, 11.653306949957637], [78.18592786959562, 11.653036063657447], [78.18574466251432, 11.653038094011686], [78.18574363265873, 11.65294779855733], [78.18565202914054, 11.652948813680549], [78.1856530589602, 11.65303910914389], [78.18556145539709, 11.653040124240162], [78.18556351500047, 11.653220715175825], [78.18538030773053, 11.653222745323452], [78.18537927798273, 11.653132449842145], [78.18547088159076, 11.65313143479079], [78.18546779231144, 11.652860548364835], [78.18537618879326, 11.652861563398224], [78.18537515908139, 11.652771267916918], [78.18519195207196, 11.652773297866915], [78.18519298172991, 11.652863593366188], [78.18510137817579, 11.652864608309745], [78.18510343745578, 11.653045199326257], [78.18492023022176, 11.653047229150491], [78.18491920063568, 11.652956933624267], [78.18501080422573, 11.652955918734609], [78.18500668586337, 11.652594736665652], [78.1847318754166, 11.652597781163948], [78.18473496391438, 11.652868667787532], [78.18482656749545, 11.652867652960754], [78.18482862658679, 11.653048244022182], [78.18473702295182, 11.653049258857942], [78.18474011157537, 11.653320145472543], [78.18492331902497, 11.653318115711192], [78.18492537826005, 11.653498706754654], [78.18483377449033, 11.653499721662278], [78.18483274488626, 11.653409426136056], [78.18455793359507, 11.653412470670284], [78.18456102214675, 11.6536833573298], [78.1846526260063, 11.653682342485057], [78.18465365556546, 11.653772638029245], [78.18437884387001, 11.653775682482626], [78.1843829618461, 11.654136864740229], [78.18429135781585, 11.654137879531074], [78.18429238730315, 11.654228175102212], [78.18401757505973, 11.654231219331013], [78.18402169273936, 11.654592401705397], [78.18420490115017, 11.654590372186592], [78.1842038716539, 11.654500076606471], [78.18429547581889, 11.654499061815626], [78.1842965053421, 11.654589357386765], [78.18438810952505, 11.654588342551005], [78.18438913908419, 11.654678638113161], [78.18411432641858, 11.654681682548574], [78.18411535589688, 11.654771978128695], [78.18384054306956, 11.654775022330547], [78.1838395136811, 11.654684726723476], [78.1831066793282, 11.654692843244614], [78.18310565018227, 11.654602547565677], [78.18301404588254, 11.654603561997195], [78.18301301677256, 11.654513266309277], [78.1829214124908, 11.654514280704861], [78.18291832530457, 11.65424339363212], [78.18300992949649, 11.654242379263485], [78.18300787135736, 11.654061787896628], [78.18309947547742, 11.65406077351901], [78.1830953591812, 11.653699590803265], [78.1833701711551, 11.653696547598544], [78.18336914200918, 11.653606251937575], [78.18346074595857, 11.65360523748809], [78.18345868763979, 11.6534246461931], [78.18336708375328, 11.653425660624618], [78.18336502553329, 11.653245069311662], [78.18345662935691, 11.653244054889127], [78.18345560022897, 11.65315375923714], [78.18354720401665, 11.653152744796639], [78.18354617487073, 11.653062449153635], [78.18363777862248, 11.653061434686185], [78.18363983698619, 11.653242025963209], [78.18400625213694, 11.653237967752048], [78.18400419353068, 11.65305737654689], [78.18409579723752, 11.65305636193571], [78.18409476792091, 11.65296606633762], [78.18418637159182, 11.652965051708474], [78.18418328359711, 11.65269416494116], [78.1843664907323, 11.652692135646934], [78.18436854950923, 11.65287272678921], [78.18427694588324, 11.652873741472256], [78.18427797525375, 11.652964037052378], [78.18436957890668, 11.652963022369331], [78.18437060831312, 11.65305331794047], [78.18446221198403, 11.653052303212508], [78.18446324142639, 11.653142598774663], [78.18455484512424, 11.653141584010768], [78.18455381564594, 11.653051288457597], [78.18464541930787, 11.653050273675735], [78.18463924246502, 11.652508500383654], [78.18454763898276, 11.652509515111616], [78.18454558016091, 11.652328923996288], [78.18417916640256, 11.652332982584742], [78.18418225428948, 11.652603869352056], [78.18390744360914, 11.652606913059834], [78.18390641439136, 11.65251661744378], [78.18399801792751, 11.652515602913446], [78.18399698869176, 11.652425307306377], [78.18390538518256, 11.652426321827726], [78.18390332679189, 11.652245730595618], [78.18381172333658, 11.652246745072052], [78.18381069418167, 11.652156449447014], [78.18390229761003, 11.652155434979564], [78.18390023927327, 11.651974843738472]]], [[[78.18556866416165, 11.653672192492527], [78.18557175375537, 11.653943078873565], [78.1853885460183, 11.65394510915594], [78.18538545659526, 11.653674222721001], [78.18556866416165, 11.653672192492527]]], [[[78.18557175375537, 11.653943078873565], [78.18566335761491, 11.653942063687463], [78.1856643875334, 11.654032359141821], [78.18557278364689, 11.654033374327923], [78.18557175375537, 11.653943078873565]]]]}, "id": "+4720+1002", "properties": {"count": 436, "water": 1}}, {"type": "Feature", "geometry": {"geodesic": false, "type": "Polygon", "coordinates": [[[78.1884129217013, 11.710082234626672], [78.18850454374277, 11.7100812137183], [78.18850350781456, 11.709990918865815], [78.18859512982007, 11.709989897939478], [78.1885940938739, 11.709899603095975], [78.1887773378041, 11.709897561162451], [78.18877630180404, 11.709807266336915], [78.18895954563541, 11.709805224295595], [78.18895850958144, 11.709714929488024], [78.1893249970286, 11.709710845099956], [78.18932396086684, 11.709620550319334], [78.18978206983444, 11.70961544421441], [78.18978103353793, 11.709525149478706], [78.19014752043711, 11.709521064093508], [78.19014648402381, 11.709430769393736], [78.19042134902529, 11.709427705078603], [78.19042031253115, 11.709337410387814], [78.19234436472068, 11.709315952986394], [78.19234540183466, 11.709406247506502], [78.19252864476772, 11.709404203255326], [78.19254420336387, 11.710758620643741], [78.19263582526159, 11.710757598351966], [78.19263789994768, 11.710938187311337], [78.19254627798709, 11.710939209612096], [78.19254731531666, 11.711029504096272], [78.19227244930909, 11.711032570872787], [78.19227141206933, 11.71094227636166], [78.19217979008178, 11.71094329854564], [78.1921808272856, 11.711033593065748], [78.1919059611792, 11.711036659482938], [78.19190803544309, 11.711217248568072], [78.19181641332978, 11.711218270662219], [78.19181537622478, 11.71112797611516], [78.19172375412943, 11.711128998173375], [78.19172479120748, 11.711219292729417], [78.19144992479565, 11.71122235876033], [78.19144888780744, 11.711132064177338], [78.19126564354487, 11.711134108033256], [78.1912677174135, 11.711314697226188], [78.19117609521035, 11.71131571913169], [78.1911771321267, 11.711406013732647], [78.19081064310748, 11.711410101076172], [78.19081167991604, 11.711500395713063], [78.19053681297422, 11.711503460935493], [78.19053784970191, 11.711593755599333], [78.19017136020659, 11.711597842188274], [78.1901723968265, 11.711688136879063], [78.18980590707966, 11.711692223036813], [78.18980694358278, 11.711782517754552], [78.18971532109217, 11.711783539228861], [78.18971635757732, 11.711873833964566], [78.18944148997973, 11.711876898234781], [78.18944252638404, 11.711967192988453], [78.18925928121416, 11.71196923570351], [78.18925720853132, 11.711788646160235], [78.1891655859958, 11.71178966745488], [78.18916351340276, 11.71160907789364], [78.18907189092114, 11.711610099152352], [78.1890687821933, 11.711339214783541], [78.18897715978353, 11.711340235979373], [78.1889750874061, 11.711159646382198], [78.18888346505024, 11.711160667533115], [78.18888139276265, 11.710980077917974], [78.1887897704517, 11.710981099023975], [78.18878666217302, 11.710710214565331], [78.18869503995191, 11.710711235617433], [78.18869296786194, 11.71053064596636], [78.18860134569472, 11.710531666973544], [78.18859927370357, 11.710351077295522], [78.18850765157228, 11.710352098257792], [78.18850557967994, 11.710171508570786], [78.18841395760256, 11.71017252948814], [78.1884129217013, 11.710082234626672]]]}, "id": "+4806+363", "properties": {"count": 916, "water": 1}}, {"type": "Feature", "geometry": {"geodesic": false, "type": "Polygon", "coordinates": [[[78.19952755726227, 11.672571665190503], [78.19953066555892, 11.672842547520139], [78.1993474479314, 11.672844589947735], [78.19934848398537, 11.672934884063602], [78.19925687513118, 11.672935905241468], [78.19925583910417, 11.672845611116617], [78.19898101256857, 11.672848674443602], [78.19897894071215, 11.672668086131019], [78.19907054951244, 11.672667065069934], [78.1990632980869, 11.672035006016316], [78.19915490667158, 11.672033984973197], [78.19915179895884, 11.671763102535763], [78.19906019047296, 11.671764123551933], [78.19905708292193, 11.67149324108755], [78.19914869132694, 11.67149222009833], [78.19914558376692, 11.67122133764293], [78.19905397545172, 11.671222358605199], [78.19904361778666, 11.670319416988383], [78.19922683381519, 11.670317375189608], [78.19922786959965, 11.670407669341408], [78.19931947762738, 11.670406648388122], [78.19931844181598, 11.670316354245305], [78.19941004980777, 11.67031533327405], [78.19941108565513, 11.670405627407884], [78.1995026936649, 11.6704046064007], [78.19950372954818, 11.67049490052555], [78.19968694561263, 11.670492858403382], [78.19968590966647, 11.670402564296497], [78.19977751765826, 11.67040154319948], [78.19977855363139, 11.67049183729738], [78.19996176963295, 11.670489795004531], [78.19996280567794, 11.670580089084467], [78.20005441369669, 11.670579067888635], [78.20005337762476, 11.6704887738087], [78.20078624124476, 11.670480603226949], [78.20078935019718, 11.67075148526014], [78.20069774217843, 11.670752506707501], [78.20070499647859, 11.671384564808905], [78.20061338825323, 11.671385586283215], [78.20062167916431, 11.672107938419638], [78.20043846221053, 11.672109981413172], [78.20043949855196, 11.67220027544819], [78.20025628150833, 11.672202318342912], [78.20025524522978, 11.672112024289925], [78.20007202820415, 11.672114067058882], [78.2000699557818, 11.671933478925961], [78.19997834732287, 11.671934500247557], [78.19997938349361, 11.67202479431851], [78.19988777499876, 11.672025815622138], [78.19988881115154, 11.672116109702074], [78.19952237693855, 11.672120194647098], [78.19952548510943, 11.672391076976734], [78.19961709376598, 11.672390055762936], [78.1996160576671, 11.67229976165605], [78.19979927489038, 11.67229771915659], [78.19979823874658, 11.672207425067672], [78.1998898473133, 11.672206403782008], [78.19989088349304, 11.672296697861944], [78.20007410066242, 11.672294655182819], [78.20007513690503, 11.672384949244787], [78.19980031104316, 11.672388013236525], [78.19980134720493, 11.672478307325443], [78.19970973853938, 11.672479328611107], [78.19971077468318, 11.672569622700024], [78.19952755726227, 11.672571665190503]], [[78.19952755726227, 11.672571665190503], [78.19943594854284, 11.672572686395318], [78.19943491248887, 11.67248239227945], [78.19952652118135, 11.672481371083618], [78.19952755726227, 11.672571665190503]]]}, "id": "+4888+794", "properties": {"count": 373, "water": 1}}, {"type": "Feature", "geometry": {"geodesic": false, "type": "MultiPolygon", "coordinates": [[[[78.2092566275561, 11.682035358147528], [78.20925870776684, 11.68221594451975], [78.20935031876799, 11.682214919344382], [78.20935239908653, 11.682395505698638], [78.20926078802249, 11.68239653088299], [78.20926286830509, 11.682577117246229], [78.20917125717817, 11.682578142421598], [78.2091722973015, 11.6826684356122], [78.20898907495783, 11.68267048588209], [78.20898803488839, 11.682580192682504], [78.20880481256268, 11.682582242817645], [78.20880585256923, 11.68267253604418], [78.20871424137044, 11.682673561075818], [78.20871216142022, 11.682492974613764], [78.2088037725651, 11.682491949600093], [78.20880169259692, 11.682311363147022], [78.20871008150593, 11.682312388151711], [78.20871112145858, 11.682402681387229], [78.20861951034064, 11.682403706364969], [78.20861431081093, 11.681952240160426], [78.20852269982774, 11.6819532650663], [78.20851854047525, 11.681592092061344], [78.20861015134167, 11.681591067182419], [78.20860911149681, 11.681500773937918], [78.2090671655504, 11.681495649139054], [78.20906924554554, 11.681676235556191], [78.20925246722446, 11.681674185403084], [78.2092535072939, 11.681764478584704], [78.20907028555209, 11.681766528755778], [78.2090713255766, 11.681856821964347], [78.20897971466528, 11.681857847013951], [78.2089817946694, 11.682038433431089], [78.2092566275561, 11.682035358147528]]], [[[78.2092566275561, 11.682035358147528], [78.20925558745971, 11.681945064965909], [78.20934719837103, 11.68194403981749], [78.20934823849437, 11.682034332999109], [78.2092566275561, 11.682035358147528]]]]}, "id": "+4992+669", "properties": {"count": 78, "water": 1}}, {"type": "Feature", "geometry": {"geodesic": false, "type": "MultiPolygon", "coordinates": [[[[78.21340036806113, 11.707635417631202], [78.21349198704831, 11.70763438894342], [78.21349511853946, 11.707905266880294], [78.21340349946244, 11.707906295604008], [78.21340454327786, 11.707996588255622], [78.21358778148578, 11.707994530781246], [78.21358882537307, 11.708084823414893], [78.21368044449498, 11.708083794619313], [78.21368566420087, 11.7085352577606], [78.21359404492623, 11.708536286592112], [78.21359822072685, 11.708897457117718], [78.21350660133542, 11.708898485949229], [78.21350764527661, 11.708988778591861], [78.21332440639495, 11.708990836192001], [78.21332336251665, 11.708900543531405], [78.21314012366194, 11.7089026009968], [78.21313907984653, 11.70881230832722], [78.21304746043714, 11.708813337006017], [78.21304432913463, 11.708542458961345], [78.21295270980609, 11.708543487595227], [78.2129516660895, 11.708453194898699], [78.21286004677893, 11.708454223487665], [78.21285900309826, 11.708363930791135], [78.21276738380566, 11.70836495934417], [78.21276947112206, 11.708545544755195], [78.21286109046858, 11.708544516193177], [78.2128621341672, 11.708634808889707], [78.21295375354066, 11.708633780282774], [78.21295792854178, 11.708994951032958], [78.21277468956131, 11.708997008282758], [78.2127736458537, 11.708906715577244], [78.21249878740994, 11.708909801209398], [78.21249670020133, 11.708729215753456], [78.21258831963766, 11.708728187254321], [78.21258727601989, 11.708637894530842], [78.2124040372011, 11.708639951475213], [78.21240299365519, 11.70854965874275], [78.21231137426376, 11.708550687161038], [78.2123103307448, 11.70846039441061], [78.21221871138033, 11.708461422801948], [78.21221975486336, 11.708551715552375], [78.21212813545397, 11.708552743916764], [78.21212709200687, 11.708462451157352], [78.21203547261544, 11.708463479485808], [78.21203442920428, 11.70837318670843], [78.2119428098398, 11.708374215000951], [78.21194176645558, 11.70828392221459], [78.21185014711806, 11.708284950471182], [78.21185119046635, 11.708375243257542], [78.21166795169248, 11.708377299689873], [78.21166690840708, 11.708287006885547], [78.21175852776257, 11.708285978691839], [78.21175748445022, 11.70819568588751], [78.21203234239991, 11.708192601162658], [78.2120312990067, 11.708102308385278], [78.21212291827236, 11.708101280092757], [78.2121218748612, 11.708010987324363], [78.21230511331166, 11.708008930667452], [78.2123040698466, 11.707918637917023], [78.21239568903141, 11.707917609543653], [78.21239464554837, 11.707827316802208], [78.21266950295009, 11.70782423155633], [78.21266845938621, 11.70773393883285], [78.21276007848118, 11.707732910369648], [78.21275903489035, 11.707642617655154], [78.21285065394042, 11.707641589173985], [78.2128496103406, 11.707551296459489], [78.21294122934574, 11.70755026795137], [78.2129422729815, 11.707640560656882], [78.2130338920136, 11.70763953210385], [78.21303493568527, 11.707729824800378], [78.21312655474432, 11.707728796211413], [78.21312759845193, 11.707819088889975], [78.21331083659697, 11.707817031622211], [78.21330979282648, 11.707726738961613], [78.21340141184959, 11.707725710291799], [78.21340036806113, 11.707635417631202]], [[78.21240090657234, 11.708369073259862], [78.21249252589189, 11.708368044823608], [78.21249356945577, 11.70845833755607], [78.21240195010927, 11.708459366001307], [78.21240090657234, 11.708369073259862]]], [[[78.21340036806113, 11.707635417631202], [78.21330874906496, 11.707636446292033], [78.21330770531245, 11.707546153631437], [78.21339932428165, 11.707545124979587], [78.21340036806113, 11.707635417631202]]]]}, "id": "+5036+380", "properties": {"count": 189, "water": 1}}, {"type": "Feature", "geometry": {"geodesic": false, "type": "Polygon", "coordinates": [[[78.22315977321344, 11.640339706326595], [78.2232513692307, 11.640338680360708], [78.22325032843362, 11.640248388158252], [78.22361671230503, 11.640244284034198], [78.22361775320991, 11.64033457620072], [78.2238009451546, 11.640332523945554], [78.22380198613132, 11.640422816094112], [78.22389358212163, 11.640421789912631], [78.22389566416493, 11.640602374191777], [78.22398726020016, 11.640601347965381], [78.22398830125775, 11.640691640095971], [78.22407989731992, 11.640690613833641], [78.22408093842242, 11.640780905964233], [78.22426413057372, 11.640778853331774], [78.22426517173909, 11.640869145435415], [78.22435676782823, 11.640868119074272], [78.22435780903852, 11.64095841116893], [78.2244494051456, 11.640957384762869], [78.22445044639184, 11.641047676857527], [78.2241756579448, 11.641050756003843], [78.2241746167884, 11.640960463891219], [78.22389982835035, 11.640963542750074], [78.22389878729277, 11.6408732506105], [78.2236239988637, 11.640876329181895], [78.22362295789594, 11.640786037024354], [78.22343976562786, 11.640788089243587], [78.22343872473198, 11.64069779706808], [78.2233471286159, 11.640698823123799], [78.22334608775596, 11.640608530930326], [78.22325449165784, 11.640609556959093], [78.2232534508428, 11.640519264756637], [78.22316185476267, 11.64052029074049], [78.22315977321344, 11.640339706326595]]]}, "id": "+5156+1124", "properties": {"count": 55, "water": 1}}, {"type": "Feature", "geometry": {"geodesic": false, "type": "Polygon", "coordinates": [[[78.22735976680546, 11.647065395122551], [78.22745136464631, 11.647064367234272], [78.22745032187295, 11.646974075454024], [78.2278167130207, 11.64696996364039], [78.227818798801, 11.647150547138002], [78.22791039663285, 11.647149519097008], [78.22790935370678, 11.647059227352694], [78.22800095149371, 11.647058199293733], [78.22799990854968, 11.6469679075584], [78.2284578972059, 11.646962766850372], [78.22845998339044, 11.647143350231206], [78.22882637439446, 11.647139237070098], [78.22882741762596, 11.647229528733565], [78.228735819857, 11.647230557071003], [78.22873686306154, 11.647320848743453], [78.22864526525665, 11.647321877062925], [78.22864422207904, 11.647231585381492], [78.22809463524061, 11.647237754642553], [78.22809672125446, 11.647418338095251], [78.22818831914022, 11.647417309937476], [78.22819249137454, 11.647778476788973], [78.227917697331, 11.647781561262299], [78.22791978332688, 11.647962144732963], [78.22773658714215, 11.647964200931732], [78.22773554419811, 11.647873909187417], [78.2276439461237, 11.647874937237395], [78.22764186031647, 11.647694353712831], [78.22755026229596, 11.647695381717893], [78.22754817658753, 11.647514798175365], [78.22745657861195, 11.64751582613551], [78.22745345020202, 11.647244950794766], [78.22736185230728, 11.647245978701013], [78.22735976680546, 11.647065395122551]]]}, "id": "+5208+1049", "properties": {"count": 84, "water": 1}}, {"type": "Feature", "geometry": {"geodesic": false, "type": "Polygon", "coordinates": [[[78.22849674927006, 11.658250252519288], [78.22858835067721, 11.658249223292517], [78.22858730651147, 11.65815893168295], [78.2286789078737, 11.658157902438212], [78.22867786368998, 11.658067610837628], [78.2287694650073, 11.658066581574925], [78.22877050922695, 11.658156873166526], [78.22886211057123, 11.658155843858907], [78.22886315481783, 11.65824613545051], [78.22922956022185, 11.658242017914606], [78.2292306046032, 11.658332309470275], [78.22950540865398, 11.658329220990463], [78.22950436419177, 11.658238929461744], [78.22959596549113, 11.658237899920563], [78.22959492100198, 11.658147608391843], [78.22977812352882, 11.658145549237616], [78.22977707899476, 11.658055257735846], [78.22996028142279, 11.658053198473821], [78.22996445986446, 11.658414364427003], [78.23033086508883, 11.658410245426847], [78.23033295459713, 11.658590828340555], [78.2304245559414, 11.658589798493947], [78.23042560074495, 11.658680089941818], [78.2305172021072, 11.65867906006826], [78.23051824694667, 11.658769351498165], [78.23060984832688, 11.658768321588676], [78.23060880346044, 11.658678030158772], [78.23070040481369, 11.658677000231314], [78.23070144970708, 11.658767291652236], [78.2307930510783, 11.658766261679864], [78.23079409600763, 11.658856553082819], [78.2308856973968, 11.658855523074514], [78.23088674237104, 11.65894581447747], [78.23079514094593, 11.658946844494757], [78.2307961859022, 11.659037135906695], [78.23070458444114, 11.659038165897035], [78.23070562937048, 11.659128457317957], [78.23061402787349, 11.659129487290329], [78.23061507278484, 11.65921977871125], [78.23052347125193, 11.659220808665657], [78.23052451613633, 11.659311100095561], [78.22960850003463, 11.659321398112484], [78.22960745543769, 11.65923110660173], [78.22942425217423, 11.659233165836806], [78.22942320764915, 11.659142874308086], [78.22924000440365, 11.659144933417396], [78.22923895995044, 11.65905464187071], [78.22914735834566, 11.659055671366977], [78.22914631392838, 11.658965379811308], [78.2292379155062, 11.658964350315042], [78.22923687106197, 11.658874058768356], [78.22914526952007, 11.658875088255638], [78.22914422511178, 11.658784796699969], [78.22886942051304, 11.658787884955203], [78.22886837621253, 11.658697593372585], [78.2287767746886, 11.658698622725119], [78.22877573042403, 11.658608331133518], [78.22868412892704, 11.658609360441137], [78.22868204047876, 11.65842877724895], [78.22849883756564, 11.65843083575639], [78.22849674927006, 11.658250252519288]]]}, "id": "+5223+926", "properties": {"count": 205, "water": 1}}, {"type": "Feature", "geometry": {"geodesic": false, "type": "Polygon", "coordinates": [[[78.22977887970367, 11.650289156931402], [78.22987047837995, 11.650288127992093], [78.22986943452861, 11.650197836445408], [78.22996103316895, 11.65019680748813], [78.22995581392121, 11.649745349790635], [78.23004741239986, 11.649744320842341], [78.23004845626917, 11.64983461237106], [78.23023165326238, 11.649832554375662], [78.23023060933917, 11.649742262855925], [78.23032220779088, 11.649741233826784], [78.2303253396683, 11.650012108341077], [78.23041693820083, 11.650011079258038], [78.23041902621793, 11.650191662252594], [78.23032742762251, 11.6501926913536], [78.23032951562163, 11.650373274366123], [78.23014631828705, 11.65037533252322], [78.23014736223722, 11.650465624042956], [78.22978096736145, 11.650469740033756], [78.22977887970367, 11.650289156931402]]]}, "id": "+5228+1018", "properties": {"count": 35, "water": 1}}, {"type": "Feature", "geometry": {"geodesic": false, "type": "Polygon", "coordinates": [[[78.23062179923494, 11.643958461596936], [78.23071339575526, 11.643957432936105], [78.23071235221832, 11.643867141434335], [78.2308039487117, 11.643866112755537], [78.23080290515679, 11.643775821253767], [78.23126088730922, 11.643770677473501], [78.23126193101683, 11.643860968930355], [78.23135352744731, 11.643859940080876], [78.23135665869592, 11.644130814433474], [78.2312650621756, 11.644131843309902], [78.23126610591017, 11.644222134775738], [78.23071652641097, 11.644228307468365], [78.23071443930118, 11.644047724446859], [78.23062284274492, 11.644048753116673], [78.23062179923494, 11.643958461596936]]]}, "id": "+5239+1084", "properties": {"count": 33, "water": 1}}]}