{"type": "FeatureCollection", "columns": {"count": "Long<0, 4294967295>", "system:index": "String", "water": "Byte<0, 1>"}, "features": [{"type": "Feature", "geometry": {"geodesic": false, "type": "MultiPolygon", "coordinates": [[[[78.12556628235589, 12.072650324575559], [78.12538278429231, 12.072652387116435], [78.12538173648838, 12.072562089056962], [78.12556523448907, 12.072560026534054], [78.12556628235589, 12.072650324575559]]], [[[78.12702587903426, 12.071911436556814], [78.12693413039324, 12.071912468262934], [78.12693308213117, 12.071822170329227], [78.12702483074524, 12.071821138632089], [78.12702587903426, 12.071911436556814]]], [[[78.12711238615832, 12.071458915245037], [78.12711553104334, 12.071729808992261], [78.1270237824652, 12.071730840707366], [78.12702273419416, 12.071640542791624], [78.12693098563398, 12.071641574470794], [78.12692888917272, 12.07146097860338], [78.12711238615832, 12.071458915245037]]], [[[78.12800890045504, 12.069642639743243], [78.12800785204026, 12.069552341890384], [78.12809959979195, 12.069551310031551], [78.12810064823368, 12.069641607875427], [78.12800890045504, 12.069642639743243]]], [[[78.12819029906598, 12.069459980301891], [78.12837379446157, 12.069457916449474], [78.12837484299314, 12.069548214275384], [78.12819134753467, 12.069550278145767], [78.12819029906598, 12.069459980301891]]], [[[78.12670975955915, 12.068392911173623], [78.12670766382553, 12.068212315234343], [78.12661591641519, 12.068213346518256], [78.1266138207714, 12.068032750552026], [78.12670556812783, 12.068031719286079], [78.12670452029695, 12.067941421307456], [78.12679626760847, 12.067940390014561], [78.12679836335107, 12.068120985944857], [78.12689011072548, 12.068119954607047], [78.1268911586372, 12.068210252567702], [78.12698290602957, 12.068209221184976], [78.12698500195185, 12.068389817088324], [78.1271684968354, 12.068387754206087], [78.1271695448639, 12.068478052139795], [78.1273530397744, 12.068475989122813], [78.12735513598413, 12.068656584954295], [78.12726338847499, 12.068657616489736], [78.12726234039258, 12.068567318565012], [78.1271705929014, 12.06856835006452], [78.12717373707676, 12.06883924385666], [78.12726548465777, 12.068838212330201], [78.12726862899483, 12.069109106095391], [78.1273603766567, 12.069108074515034], [78.1273593285114, 12.069017776608277], [78.12745107613733, 12.06901674500097], [78.12745317250877, 12.069197340805504], [78.12736142481995, 12.069198372430776], [78.12736247299219, 12.069288670337533], [78.1276377161215, 12.069285575371886], [78.12763561960635, 12.069104979603285], [78.12754387196244, 12.06910601126449], [78.12754282375428, 12.069015713375698], [78.12772631896122, 12.069013650017355], [78.12772736723228, 12.069103947897165], [78.1278191148582, 12.069102916173078], [78.12782016317418, 12.069193214043903], [78.12809540607891, 12.069190118647063], [78.1280964544937, 12.069280416499922], [78.12818820214657, 12.069279384632106], [78.12819029906598, 12.069459980301891], [78.12800680362547, 12.069462044037525], [78.12800470684083, 12.069281448331807], [78.12791295916998, 12.069282480136742], [78.12791505590073, 12.069463075860428], [78.127823308167, 12.069464107647397], [78.12782225982409, 12.069373809785555], [78.12773051210831, 12.06937484153659], [78.12773156041531, 12.0694651394164], [78.12763981266362, 12.069466171140485], [78.12764086095264, 12.069556469029278], [78.12782435650992, 12.069554405518222], [78.1278254048708, 12.069644703389047], [78.12800890045504, 12.069642639743243], [78.12800994887881, 12.069732937596102], [78.12810169669339, 12.069731905719303], [78.12810274515309, 12.069822203563179], [78.12819449299461, 12.069821171650444], [78.12819344449898, 12.069730873815553], [78.12828519229559, 12.06972984187587], [78.12828624081817, 12.069820139701779], [78.12837798863275, 12.069819107726165], [78.12837903720025, 12.069909405552073], [78.12847078504177, 12.069908373540526], [78.12847183364521, 12.069998671348468], [78.1285635815047, 12.069997639292005], [78.1285656788014, 12.07017823489891], [78.12874917461919, 12.070176170678184], [78.1287502233394, 12.070266468459177], [78.12884197127076, 12.070265436294916], [78.12884406880102, 12.070446031838937], [78.12893581677729, 12.07044499962976], [78.12893791440635, 12.070625595164799], [78.12902966243652, 12.070624562910705], [78.12902861359055, 12.070534265147678], [78.12921210957005, 12.070532200558644], [78.1292131584789, 12.070622498303706], [78.12939665448535, 12.070620433579924], [78.12939875245578, 12.07080102902513], [78.12949050050392, 12.07079999660934], [78.12948945148726, 12.070709698891228], [78.12967294751168, 12.070707633969818], [78.12967399659121, 12.070797931669963], [78.1297657446124, 12.07079689915536], [78.12976469550591, 12.070706601464197], [78.12994819147643, 12.070704536363122], [78.1299492406458, 12.070794834036318], [78.13004098864901, 12.070793801431883], [78.1300399394527, 12.07070350376767], [78.13031518331863, 12.070700405801649], [78.13031413403249, 12.070610108155401], [78.13058937772774, 12.070607009937852], [78.13059147648869, 12.070787605176447], [78.13068322442902, 12.070786572365398], [78.1306842738589, 12.070876869975711], [78.13050077789738, 12.070878935588825], [78.13050182726438, 12.070969233217106], [78.13013483513471, 12.07097336411994], [78.13013588438493, 12.07106366177517], [78.13004413630085, 12.071064694433504], [78.1300451855331, 12.071154992097718], [78.12976994113717, 12.071158089920008], [78.12976889199474, 12.071067792228845], [78.12967714387474, 12.071068824761417], [78.12967609476826, 12.070978527070254], [78.1295843466752, 12.070979559566892], [78.12958329760464, 12.070889261857763], [78.12949154952956, 12.070890294318469], [78.12949364760779, 12.071070889745709], [78.12931015130489, 12.071072954613221], [78.12930910232417, 12.070982656886127], [78.12903385791027, 12.070985753926884], [78.12903490679217, 12.071076051680928], [78.12894315860929, 12.071077083979937], [78.12894420747322, 12.071167381742963], [78.12885245924544, 12.071168414015023], [78.12885141040844, 12.071078116243013], [78.12875966220759, 12.07107914847914], [78.12876071101763, 12.071169446260134], [78.12857721451711, 12.071171510651538], [78.1285793120294, 12.071352106240475], [78.12839581538515, 12.07135417054205], [78.1283947666829, 12.071263872734106], [78.12830301837425, 12.071264904835484], [78.12830406704057, 12.071355202652411], [78.12821231869599, 12.071356234735825], [78.12821441600167, 12.07153683037866], [78.12803091915978, 12.07153889447362], [78.12803196775424, 12.071629192317497], [78.12784847082253, 12.071631256304661], [78.12785056793058, 12.071811852010379], [78.12766707083716, 12.071813915916694], [78.12766497385489, 12.071633320184025], [78.1275732253576, 12.07163435206981], [78.1275742738083, 12.071724649949617], [78.12748252527508, 12.071725681817435], [78.12748357370783, 12.071815979697243], [78.12739182513867, 12.071817011547095], [78.12739077673287, 12.071726713658304], [78.12729902817269, 12.071727745463239], [78.12729588310799, 12.071456851760932], [78.12711238615832, 12.071458915245037], [78.12711028960723, 12.071278319404572], [78.12720203802368, 12.071277287698452], [78.12720098973466, 12.07118698978271], [78.12701749294668, 12.071189053159019], [78.1270185411818, 12.071279351083744], [78.12692679274738, 12.071280382735965], [78.12692784095556, 12.071370680669673], [78.12674434400589, 12.071372743893267], [78.12674644032342, 12.071553339787632], [78.12683818886562, 12.071552308180326], [78.12684028528197, 12.071732904056724], [78.12674853667687, 12.071733935681996], [78.12675063306627, 12.071914531576361], [78.1266588843983, 12.07191556319265], [78.12665783622606, 12.071825265240976], [78.12656608757605, 12.07182629681235], [78.12656923201192, 12.07209719069432], [78.1267527294916, 12.072095127470725], [78.12675377771774, 12.072185425413416], [78.12684552647555, 12.072184393743228], [78.12684657473761, 12.072274691685918], [78.12693832351339, 12.072273659979798], [78.12694042012737, 12.072454255829246], [78.12675692244107, 12.072456319241487], [78.12675901896522, 12.07263691512687], [78.12666727004571, 12.07263794680604], [78.12666936653392, 12.072818542700405], [78.12630237053251, 12.07282266916556], [78.1263044668141, 12.073003265122807], [78.12621271773291, 12.073004296685198], [78.12621166961456, 12.072913998697592], [78.1260281714881, 12.072916061705591], [78.12602712344162, 12.072825763709002], [78.12593537439635, 12.07282679515461], [78.12593327838425, 12.072646199134482], [78.12574978039252, 12.072648261917903], [78.1257508283312, 12.072738559941442], [78.12556733023169, 12.072740622617065], [78.12556628235589, 12.072650324575559], [78.12565803137421, 12.072649293264696], [78.12565698348045, 12.072558995223192], [78.12584048143624, 12.07255693252062], [78.12583838554092, 12.07237633647354], [78.12593013444246, 12.072375305090814], [78.12592279886273, 12.07174321897994], [78.12583105017679, 12.071744250308768], [78.12583000230099, 12.071653952276247], [78.12564650495605, 12.071656014826106], [78.12564440935718, 12.071475418743095], [78.12555266073412, 12.071476449955142], [78.1255516129751, 12.07138615189567], [78.125459864379, 12.071387183071785], [78.12545776894181, 12.071206586952842], [78.12527427183942, 12.071208649179306], [78.12527217657292, 12.071028053015448], [78.12508867956036, 12.071030115089199], [78.12508763199, 12.070939816993794], [78.12499588350168, 12.070940847981264], [78.12499378846874, 12.070760251772489], [78.12481029158195, 12.07076231361268], [78.12480924413734, 12.070672015490326], [78.12462574728649, 12.07067407720475], [78.124623652541, 12.07049348092411], [78.12453190416947, 12.07049451171395], [78.12453085684164, 12.07040421357363], [78.12425561174501, 12.070407305745517], [78.12425456451601, 12.070317007569264], [78.12416281617143, 12.070318038233339], [78.12416176897835, 12.070227740048104], [78.12407002065174, 12.070228770667264], [78.12406897350358, 12.070138472482027], [78.12388547687729, 12.070140533612548], [78.123884429801, 12.070050235400362], [78.12379268151032, 12.070051265911724], [78.12379163446995, 12.069960967699538], [78.12397513097946, 12.069958906658849], [78.12397198972361, 12.06968801206721], [78.1238802415587, 12.069689042569587], [78.12387710047355, 12.069418147942015], [78.12396884853965, 12.069417117457604], [78.12396780149929, 12.069326819254401], [78.12405954952946, 12.06932578874304], [78.12405850246215, 12.069235490548822], [78.1241502504474, 12.069234460019494], [78.12414920336212, 12.069144161825275], [78.12460794303688, 12.069139008756428], [78.12460899027487, 12.069229306905731], [78.12479248614656, 12.069227245451817], [78.12479143884569, 12.06913694732048], [78.12469969095027, 12.069137978056421], [78.12469864368532, 12.069047679916102], [78.12515738294685, 12.069042525975888], [78.12515843036451, 12.069132824080276], [78.125250178224, 12.069131793200606], [78.12524703590815, 12.068860898914393], [78.12533878366882, 12.068859868016755], [78.12533668877063, 12.068679271843914], [78.12552018413928, 12.068677210003724], [78.12551913664078, 12.068586911926285], [78.12570263191958, 12.068584849978299], [78.12570367948096, 12.068675148037771], [78.12579542713385, 12.06867411701437], [78.12579647473116, 12.068764415064857], [78.12588822241099, 12.068763383996542], [78.12588612716246, 12.068582787913531], [78.12597787477043, 12.068581756836231], [78.12597682712818, 12.068491458803708], [78.12606857469123, 12.068490427699459], [78.1260696223694, 12.068580725722997], [78.12643661268447, 12.06857660099159], [78.12643870829234, 12.068757196975787], [78.12662220352622, 12.068755134398979], [78.12662115565044, 12.068664836420355], [78.12652940806942, 12.06866586771325], [78.12652731240766, 12.06848527174702], [78.12661905992579, 12.068484240463109], [78.12661801208593, 12.068393942484485], [78.12670975955915, 12.068392911173623]], [[78.12670975955915, 12.068392911173623], [78.1268932544966, 12.068390848480034], [78.12689535038294, 12.068571444392365], [78.12671185532871, 12.068573507121886], [78.12670975955915, 12.068392911173623]], [[78.12857721451711, 12.071171510651538], [78.12848546626236, 12.071172542806817], [78.12848441754215, 12.071082245007856], [78.12857616577894, 12.07108121286156], [78.12857721451711, 12.071171510651538]], [[78.1292131584789, 12.070622498303706], [78.12921525632358, 12.070803093784845], [78.1291235082395, 12.070804126119786], [78.1291214104667, 12.070623530620681], [78.1292131584789, 12.070622498303706]], [[78.12508134679236, 12.070398028403403], [78.12517309509202, 12.070396997442884], [78.12517414263544, 12.070487295529306], [78.12508239429985, 12.07048832650779], [78.12508134679236, 12.070398028403403]], [[78.12562345517401, 12.06966945771536], [78.12571520317724, 12.069668426629075], [78.12571625083743, 12.069758724679565], [78.12562450280726, 12.06975975577483], [78.12562345517401, 12.06966945771536]], [[78.1257183461758, 12.069939320780541], [78.12581009425988, 12.06993828964036], [78.12581218970604, 12.07011888572337], [78.12572044155908, 12.070119916872535], [78.1257183461758, 12.069939320780541]], [[78.12611782441347, 12.07273443423087], [78.12620957341382, 12.07273340272238], [78.12621062151419, 12.072823700709986], [78.1261188724779, 12.072824732218477], [78.12611782441347, 12.07273443423087]], [[78.12738763156936, 12.071455819982946], [78.12747938002174, 12.071454788160043], [78.12748042842755, 12.071545086048836], [78.12738867994821, 12.071546117871737], [78.12738763156936, 12.071455819982946]], [[78.12747518646141, 12.07109359661386], [78.12756693478804, 12.071092564799942], [78.12756798319383, 12.07118286267975], [78.12747623484027, 12.071183894502651], [78.12747518646141, 12.07109359661386]], [[78.12802882197988, 12.071358298803837], [78.12812057034242, 12.071357266783306], [78.12812161895484, 12.071447564609215], [78.12802987056534, 12.071448596638728], [78.12802882197988, 12.071358298803837]], [[78.12847707678813, 12.070450160379202], [78.12856882480033, 12.07044912829579], [78.12856987348461, 12.070539426094749], [78.12847812544545, 12.070540458187146], [78.12847707678813, 12.070450160379202]]], [[[78.12702587903426, 12.071911436556814], [78.12711762767529, 12.071910404823743], [78.12711657935932, 12.071820106908003], [78.12720832795543, 12.071819075147983], [78.1272072796125, 12.071728777241225], [78.12729902817269, 12.071727745463239], [78.12730217332721, 12.071998639165546], [78.12702692734125, 12.072001734481537], [78.12702587903426, 12.071911436556814]]]]}, "id": "+4046+6402", "properties": {"count": 1527, "water": 1}}, {"type": "Feature", "geometry": {"geodesic": false, "type": "MultiPolygon", "coordinates": [[[[78.12841591863916, 12.159676539472558], [78.12841697526456, 12.15976683670558], [78.12814163961774, 12.159769955278954], [78.12814058309117, 12.159679658018984], [78.12841591863916, 12.159676539472558]]], [[[78.12841591863916, 12.159676539472558], [78.12841380542433, 12.159495945006515], [78.12859736229163, 12.159493865846807], [78.12859524898695, 12.159313271416696], [78.12841169224542, 12.15931535053149], [78.12841063566495, 12.159225053298467], [78.12831885731663, 12.159226092810949], [78.1283178007721, 12.15913579555996], [78.12850135741482, 12.159133716534999], [78.12849924423591, 12.15895312207794], [78.12840746598641, 12.15895416159042], [78.12840640944188, 12.158863864348415], [78.12858996587799, 12.158861785305488], [78.12859207909283, 12.159042379753565], [78.1286838573603, 12.15904134016922], [78.12868491401264, 12.159131637384274], [78.12877669230704, 12.159130597763996], [78.12877774899532, 12.159220894970069], [78.12868597068294, 12.159221934590347], [78.12868808403252, 12.159402529020458], [78.12877986240778, 12.159401489373229], [78.12878197585619, 12.15958208377639], [78.12850664049684, 12.159585202664175], [78.1285076971402, 12.159675499897196], [78.12841591863916, 12.159676539472558]]]]}, "id": "+4054+5395", "properties": {"count": 24, "water": 1}}, {"type": "Feature", "geometry": {"geodesic": false, "type": "Polygon", "coordinates": [[[78.12914486219992, 12.159216736147595], [78.12923664047636, 12.15921569636562], [78.1292355836264, 12.159125399204465], [78.12932736186691, 12.15912435939554], [78.12932630499898, 12.159034062243366], [78.12950986139018, 12.159031982553651], [78.12950880446834, 12.158941685419444], [78.12960058261903, 12.158940645538655], [78.12959846873045, 12.158760051270242], [78.12969024681826, 12.158759011371485], [78.12969130378501, 12.158849308496709], [78.12978308189076, 12.158848268571004], [78.12978413889346, 12.158938565687244], [78.13033480752806, 12.158932325414359], [78.13033797915593, 12.159203216628333], [78.13024620097829, 12.159204256769634], [78.1302483153789, 12.159384850921267], [78.13006475887093, 12.159386931149971], [78.13006581602633, 12.159477228248244], [78.12997403773191, 12.159478268326664], [78.12997509486036, 12.159568565424939], [78.12979153818169, 12.159570645500928], [78.12979259525625, 12.159660942617169], [78.12942548167435, 12.159665102445755], [78.12942442472557, 12.159574805302565], [78.12951620310083, 12.159573765394825], [78.12951514613408, 12.15948346826062], [78.12960692446443, 12.159482428334913], [78.12960481048601, 12.159301834066499], [78.12914591902293, 12.159307033317734], [78.12914486219992, 12.159216736147595]], [[78.12987697406479, 12.159027822832863], [78.12996875221546, 12.159026782817326], [78.12996980929898, 12.159117079924584], [78.12987803112135, 12.159118119940121], [78.12987697406479, 12.159027822832863]]]}, "id": "+4066+5396", "properties": {"count": 67, "water": 1}}, {"type": "Feature", "geometry": {"geodesic": false, "type": "MultiPolygon", "coordinates": [[[[78.13644498934036, 12.084900154226077], [78.13635323710606, 12.084901190136312], [78.1363521845231, 12.084810893109903], [78.13644393673044, 12.08480985720865], [78.13644498934036, 12.084900154226077]]], [[[78.13552325739325, 12.084549323516004], [78.13551904836393, 12.084188135095957], [78.13570255250013, 12.084186063922273], [78.13570360480462, 12.084276361011563], [78.13579535688619, 12.084275325379805], [78.13579746158501, 12.08445591954042], [78.13588921372047, 12.084454883854763], [78.1358902661148, 12.084545180926089], [78.13598201827723, 12.084544145204498], [78.13598412314671, 12.08472473932918], [78.13607587536303, 12.084723703562675], [78.13607903282448, 12.084994594722751], [78.13617078512165, 12.084993558902346], [78.13617289019776, 12.085174152982114], [78.13626464254882, 12.085173117116794], [78.13626358997483, 12.085082820081402], [78.13635534228997, 12.085081784189132], [78.13635428968904, 12.084991487162723], [78.13644604195926, 12.084990451252485], [78.13644498934036, 12.084900154226077], [78.13653674157464, 12.084899118297875], [78.1365377942205, 12.084989415306318], [78.13662954648173, 12.084988379333199], [78.13662849379995, 12.084898082333739], [78.13672024601627, 12.084897046333671], [78.13671919330754, 12.084806749334213], [78.13681094548792, 12.084805713316179], [78.13680989276124, 12.084715416325702], [78.13699339703217, 12.084713344217768], [78.13699234425158, 12.084623047245259], [78.13717584842371, 12.084620975029527], [78.13717479558922, 12.084530678074984], [78.1374500516902, 12.084527569544774], [78.13745110461453, 12.084617866481352], [78.13754285666018, 12.084616830238739], [78.13754390962043, 12.084707127166332], [78.13763566169303, 12.084706090887789], [78.13763671468921, 12.0847963878064], [78.13791197094292, 12.084793278755168], [78.1379109178479, 12.084702981863504], [78.13836967794137, 12.084697799545513], [78.13836862470264, 12.084607502689783], [78.13846037666742, 12.084606466150728], [78.13846142993312, 12.084696762997472], [78.13855318192485, 12.0846957264135], [78.13855423522648, 12.084786023251263], [78.13864598723617, 12.084784986631359], [78.13864914730274, 12.085055877117696], [78.13846564309468, 12.085057950375473], [78.13846669640527, 12.08514824722222], [78.13809968776458, 12.08515239341438], [78.13810074096737, 12.085242690288075], [78.13782548430045, 12.085245799635752], [78.13782653741342, 12.085336096536397], [78.13626674772374, 12.085353711187578], [78.13626780032467, 12.085444008213987], [78.13617604788378, 12.085445044106256], [78.13617710045776, 12.085535341150631], [78.13599359549511, 12.085537412863307], [78.13599254297503, 12.085447115800966], [78.13553378055494, 12.08545229450773], [78.1355274665573, 12.084910511918084], [78.1354357142332, 12.084911547522893], [78.1354325574365, 12.084640656192137], [78.13534080519324, 12.084641691743048], [78.13533975297858, 12.084551394626807], [78.13552325739325, 12.084549323516004]], [[78.13552325739325, 12.084549323516004], [78.13561500958262, 12.084548287911195], [78.1356160618961, 12.084638585009468], [78.13552430967079, 12.084639620614277], [78.13552325739325, 12.084549323516004]]]]}, "id": "+4141+6221", "properties": {"count": 241, "water": 1}}, {"type": "Feature", "geometry": {"geodesic": false, "type": "Polygon", "coordinates": [[[78.14018159217636, 12.176701584731878], [78.14027337547438, 12.176700539811542], [78.14027125120128, 12.176519947627218], [78.14036303443643, 12.176518902688914], [78.14036409660443, 12.176609198772091], [78.14073122958095, 12.17660501869548], [78.1407291050114, 12.176424426592005], [78.14091267132, 12.176422336400986], [78.14091585837195, 12.176693224506788], [78.14100764161608, 12.176692179343904], [78.14100870400866, 12.176782475373184], [78.14073335417744, 12.176785610798953], [78.14073441649815, 12.176875906855182], [78.14064263317317, 12.176876951937217], [78.14064369545794, 12.176967248002429], [78.14027656196039, 12.176971428088024], [78.14027549979241, 12.176881131995863], [78.14018371642251, 12.176882176934168], [78.14018159217636, 12.176701584731878]]]}, "id": "+4186+5199", "properties": {"count": 31, "water": 1}}, {"type": "Feature", "geometry": {"geodesic": false, "type": "Polygon", "coordinates": [[[78.14108880101536, 12.17578817391518], [78.14118058392711, 12.175787128770263], [78.14117633450954, 12.17542594468908], [78.14126811728654, 12.175424899544161], [78.14126599256429, 12.175244307512553], [78.14144955797457, 12.17524221716882], [78.14144849556403, 12.17515192116649], [78.14126493021662, 12.17515401150124], [78.14126174322756, 12.174883123449336], [78.14135352581592, 12.174882078322385], [78.14135033880889, 12.174611190288447], [78.14144212128946, 12.174610145152512], [78.14144318364609, 12.174700441163825], [78.14162674865213, 12.174698350784158], [78.14163099842004, 12.175059534730595], [78.14172278102637, 12.175058489468897], [78.14172490602711, 12.175239081419658], [78.14181668868734, 12.17523803610406], [78.14181775123262, 12.175328332070457], [78.1419095339198, 12.17532728672791], [78.14191272169039, 12.175598174600152], [78.1418209389044, 12.175599219969648], [78.14182200147664, 12.175689515936046], [78.1417302186637, 12.175690561287576], [78.14173128120899, 12.175780857253972], [78.14163949835113, 12.175781902587536], [78.14163843583279, 12.175691606603172], [78.1415466529929, 12.17569265189182], [78.1415455905105, 12.175602355907456], [78.14136202487565, 12.175604446376955], [78.14136096245612, 12.175514150374624], [78.14126917966115, 12.175515195555475], [78.14127130442832, 12.1756957875781], [78.14136308729516, 12.175694742388266], [78.14136414972366, 12.175785038390597], [78.14145593260847, 12.175783993146865], [78.14145805755531, 12.175964585142541], [78.14154984049401, 12.175963539853893], [78.14155090300336, 12.176053835838257], [78.14145912003771, 12.176054881135887], [78.14146124502946, 12.176235473113596], [78.14136946199194, 12.176236518393262], [78.14136733705409, 12.176055926397586], [78.14127555407048, 12.176056971623352], [78.14127449165095, 12.175966675612038], [78.14118270868529, 12.175967720810855], [78.1411816463017, 12.175877424790558], [78.14108986335403, 12.17587846994446], [78.14108880101536, 12.17578817391518]]]}, "id": "+4192+5219", "properties": {"count": 70, "water": 1}}, {"type": "Feature", "geometry": {"geodesic": false, "type": "Polygon", "coordinates": [[[78.14049198174743, 12.062096656366801], [78.14067546996549, 12.062094585651257], [78.14067652195557, 12.062184882444104], [78.14086001020057, 12.062182811593813], [78.14086106226252, 12.062273108377676], [78.14113629465696, 12.062270001841727], [78.14113734681771, 12.062360298607626], [78.14187129975281, 12.062352013131349], [78.14187445700763, 12.062622903213446], [78.14224143364137, 12.062618759662334], [78.14224353877137, 12.062799352978532], [78.14215179456802, 12.062800388924702], [78.14215389966209, 12.062980982258868], [78.14197041110268, 12.062983054106288], [78.1419725161159, 12.063163647467404], [78.14188077175984, 12.063164683359673], [78.14187971928467, 12.063074386665642], [78.14178797494658, 12.06307542252198], [78.14178692250734, 12.062985125827947], [78.14151168955594, 12.062988233181363], [78.14151063721552, 12.06289793646038], [78.14132714859322, 12.062900007858644], [78.14132609632466, 12.062809711119698], [78.14123435203147, 12.062810746769422], [78.14123329980784, 12.06272045002149], [78.14104981125742, 12.062722521213143], [78.14104875909665, 12.062632224447244], [78.1409570148394, 12.062633259989171], [78.14095596271457, 12.062542963223274], [78.14086421848428, 12.062543998720285], [78.14086316640437, 12.062453701945405], [78.14077142219203, 12.062454737406483], [78.14077037014806, 12.062364440613635], [78.14058688175933, 12.062366511445962], [78.14058477781509, 12.062185917833318], [78.14049303367463, 12.062186953177616], [78.14049198174743, 12.062096656366801]]]}, "id": "+4198+6465", "properties": {"count": 87, "water": 1}}, {"type": "Feature", "geometry": {"geodesic": false, "type": "Polygon", "coordinates": [[[78.14184341265076, 12.04420029541686], [78.1419351505659, 12.044199261141559], [78.14193304898424, 12.044018667528915], [78.14202478682752, 12.044017633235647], [78.14202583764978, 12.044107930037477], [78.14211757551102, 12.044106895708277], [78.14211967723642, 12.044287489284986], [78.14221141515156, 12.04428645491087], [78.14221246605467, 12.044376751694733], [78.14202899014354, 12.044378820433984], [78.14203004099276, 12.044469117226832], [78.14212177898875, 12.044468082861698], [78.14212388076804, 12.044648676438408], [78.14203214271815, 12.044649710821508], [78.14203424447948, 12.044830304407203], [78.14194250635772, 12.044831338772337], [78.1419414555085, 12.044741041970507], [78.14184971740471, 12.044742076290724], [78.14184341265076, 12.04420029541686]]]}, "id": "+4215+6665", "properties": {"count": 21, "water": 1}}, {"type": "Feature", "geometry": {"geodesic": false, "type": "MultiPolygon", "coordinates": [[[[78.14036709737273, 12.090725902137594], [78.14036815182419, 12.090816198777727], [78.14027639791904, 12.090817236484593], [78.14027745235254, 12.090907533133711], [78.14018569840248, 12.090908570804645], [78.140186752818, 12.090998867462744], [78.140094998832, 12.090999905115712], [78.14009710761815, 12.091180498440895], [78.14000535356028, 12.09118153608488], [78.14000640793988, 12.091271832751962], [78.1400981620247, 12.091270795107977], [78.14010132529823, 12.09154168509126], [78.13973430852778, 12.091545835595333], [78.13973219991232, 12.091365242216252], [78.13964044575563, 12.091366279743456], [78.13963833723898, 12.091185686346408], [78.13973009133278, 12.091184648828188], [78.13972903706097, 12.091094352125172], [78.13982079110986, 12.091093314588985], [78.1398197368111, 12.091003017903935], [78.14000324482804, 12.091000942741731], [78.1400011361407, 12.090820349398582], [78.14009289007281, 12.09081931179053], [78.14009183571117, 12.090729015123447], [78.14036709737273, 12.090725902137594]]], [[[78.14081848460637, 12.090088636996562], [78.14072673097971, 12.090089674784277], [78.14072567647433, 12.089999378171093], [78.14081743006508, 12.089998340392361], [78.14081848460637, 12.090088636996562]]], [[[78.14237512971646, 12.08980010059767], [78.14237196462832, 12.089529211171342], [78.14246371791363, 12.089528172889553], [78.14246160783391, 12.089347579950646], [78.14264511426082, 12.08934550333317], [78.14264616935009, 12.089435799784658], [78.1427379225815, 12.089434761422021], [78.1427368674563, 12.089344464979517], [78.1429203738293, 12.089342388173394], [78.14292248421445, 12.089522981031454], [78.14273897772466, 12.089525057864526], [78.14274108801999, 12.089705650749533], [78.14255758136851, 12.089707727492774], [78.14255863646676, 12.089798023953243], [78.14237512971646, 12.08980010059767]]], [[[78.14081848460637, 12.090088636996562], [78.14118549900529, 12.090084485549257], [78.14118338968913, 12.089903892403738], [78.14109163616126, 12.089904930290267], [78.14109058153913, 12.089814633704032], [78.14118233504004, 12.089813595826486], [78.1411802257688, 12.089633002671983], [78.14136373260892, 12.089630926845025], [78.14136584200592, 12.089811519963595], [78.14145759547989, 12.089810481996217], [78.14145654074096, 12.089720185436931], [78.141548294179, 12.089719147442604], [78.14154723942211, 12.089628850901285], [78.14163899281522, 12.089627812880009], [78.14163793804036, 12.08953751633869], [78.14172969138856, 12.089536478299445], [78.14173074619934, 12.089626774831782], [78.14191425294067, 12.089624698645496], [78.14191319807597, 12.089534402131127], [78.14209670471847, 12.089532325837045], [78.14209775964605, 12.089622622333447], [78.14218951299424, 12.08962158414149], [78.14219056795774, 12.089711880628911], [78.1422823213239, 12.089710842392037], [78.14228337633233, 12.089801138870474], [78.14237512971646, 12.08980010059767], [78.14237618476979, 12.089890397067123], [78.14210092449163, 12.08989351183164], [78.14210197945513, 12.089983808328043], [78.14201022598118, 12.089984846528983], [78.14201128092671, 12.090075143034369], [78.14182777388896, 12.090077219355402], [78.14182882878059, 12.090167515878754], [78.141645321653, 12.09016959210097], [78.14164637649075, 12.090259888633307], [78.14146286926434, 12.090261964747727], [78.14146392404818, 12.090352261298028], [78.14118866306036, 12.090355375272027], [78.14118971775437, 12.09044567184928], [78.14091445659587, 12.09044878557175], [78.14091551120903, 12.090539082166968], [78.1408237574476, 12.09054012002655], [78.1408248120428, 12.09063041663075], [78.14054955059683, 12.090633530038811], [78.14055060510219, 12.090723826669961], [78.14036709737273, 12.090725902137594], [78.14036604292127, 12.09063560549746], [78.14045779676354, 12.09063456778161], [78.1404567422941, 12.09054427115046], [78.14054849609147, 12.090543233416644], [78.14054744160407, 12.090452936785493], [78.1406391953655, 12.090451899024728], [78.1406370863368, 12.090271305789377], [78.14082059371592, 12.090269230213947], [78.14081848460637, 12.090088636996562]]]]}, "id": "+4219+6163", "properties": {"count": 153, "water": 1}}, {"type": "Feature", "geometry": {"geodesic": false, "type": "Polygon", "coordinates": [[[78.14259623531822, 12.045817361760925], [78.14268797370947, 12.045816327099347], [78.14268482016469, 12.045545436909451], [78.14286829674955, 12.045543367550362], [78.14286724552304, 12.045453070829382], [78.14295898377954, 12.045452036113904], [78.14295793252607, 12.045361739401905], [78.14304967073767, 12.04536070465948], [78.1430475682038, 12.045180111253448], [78.14323104447425, 12.045178041714696], [78.1432299931669, 12.045087745029647], [78.14332173125271, 12.04508671022434], [78.1433206799184, 12.04499641353929], [78.14341241797727, 12.044995378716015], [78.14341346933854, 12.045085675383097], [78.1436886835421, 12.045082570688695], [78.14368763208202, 12.04499227403958], [78.14387110811892, 12.044990204114551], [78.14387005660495, 12.044899907483401], [78.14396179458298, 12.044898872480463], [78.14396074304204, 12.044808575858296], [78.14405248097516, 12.044807540828408], [78.14405353254303, 12.044897837450575], [78.14414527050309, 12.044896802384756], [78.1441473737107, 12.04507739560214], [78.14423911172466, 12.045076360491406], [78.14424016337337, 12.045166657095606], [78.1443319014053, 12.045165621948938], [78.14433084972065, 12.04507532535372], [78.14442258771663, 12.045074290189087], [78.14442363942824, 12.04516458677532], [78.14451537744219, 12.04516355156577], [78.14451748095523, 12.045344144720273], [78.14433400479257, 12.04534621513039], [78.14433505650416, 12.045436511716625], [78.14424331837343, 12.045437546890243], [78.14424542175172, 12.045618140080679], [78.14433715993636, 12.045617104898078], [78.1443382116749, 12.04570740148431], [78.1444299498775, 12.045706366256795], [78.144431001652, 12.04579666284303], [78.14461447809313, 12.045794592289182], [78.14461658178583, 12.045975185407752], [78.1447083200603, 12.045974150072437], [78.14470937194258, 12.04606444662274], [78.14461763364116, 12.046065481967037], [78.14461868550548, 12.046155778526321], [78.14443520882179, 12.046157849152035], [78.14443731245161, 12.046338442297555], [78.14434557403341, 12.04633947757897], [78.14434662583484, 12.046429774165205], [78.14397967194645, 12.04643391501239], [78.1439775686041, 12.04625332178602], [78.1440693070223, 12.04625228663037], [78.14406825533764, 12.04616199002617], [78.14415999371991, 12.046160954852551], [78.14415894200832, 12.04607065824835], [78.144067203653, 12.046071693412985], [78.14406615197733, 12.045981396808784], [78.14388267530262, 12.045983467030256], [78.14388372691542, 12.046073763661406], [78.14360851175964, 12.046076868795982], [78.14360956329158, 12.0461671654451], [78.14351782485541, 12.046168200439054], [78.1435188763604, 12.046258497088171], [78.1434271378883, 12.046259532064159], [78.14342818937533, 12.046349828722258], [78.14333645085831, 12.046350863671298], [78.14333750232737, 12.046441160347364], [78.1435209794063, 12.046439090395387], [78.14351992787437, 12.04634879374627], [78.14361166637342, 12.046347758734349], [78.1436127179323, 12.046438055383467], [78.1438879334564, 12.046434950150074], [78.1438889851141, 12.04652524677224], [78.14379724657913, 12.046526281882977], [78.1437993498586, 12.046706875145277], [78.1436158726449, 12.046708945312849], [78.14361692423972, 12.046799241961967], [78.14352518558796, 12.04680027700982], [78.14352623715584, 12.046890573658937], [78.14343449846814, 12.046891608688824], [78.14343555000906, 12.046981905346923], [78.14316033381124, 12.046985010265905], [78.14316138527131, 12.047075306950955], [78.1429779076983, 12.047077376768184], [78.14297895910447, 12.047167673462216], [78.14279548143264, 12.047169743171647], [78.14279653279391, 12.047260039883646], [78.14270479391756, 12.047261074697937], [78.14270374259223, 12.047170777985938], [78.14261200373386, 12.047171812764297], [78.14259623531822, 12.045817361760925]], [[78.14406299700421, 12.045710506978216], [78.14424647345434, 12.045708436675895], [78.14424752516594, 12.045798733271113], [78.14433926341346, 12.045797698070546], [78.14434031516099, 12.04588799465678], [78.14424857688653, 12.04588902986633], [78.1442496286161, 12.045979326461548], [78.14415789029671, 12.045980361653132], [78.14415683860308, 12.045890065048932], [78.14406510031064, 12.0458911001956], [78.14406299700421, 12.045710506978216]]]}, "id": "+4237+6656", "properties": {"count": 335, "water": 1}}, {"type": "Feature", "geometry": {"geodesic": false, "type": "Polygon", "coordinates": [[[78.14457615267527, 12.08968487664265], [78.14466790581686, 12.08968383761526], [78.14466896162479, 12.089774133887083], [78.14476071479332, 12.089773094832744], [78.14475860312358, 12.089592502298078], [78.14485035622025, 12.089591463225773], [78.14485457970346, 12.089952648250188], [78.14503808612137, 12.089950569952862], [78.145044421975, 12.090492347377195], [78.1449526685819, 12.09049338659323], [78.14495161262126, 12.090403090348357], [78.14485985925509, 12.09040412952846], [78.14485669149896, 12.090133240766885], [78.14476493822262, 12.090134279884108], [78.14476282649001, 12.089953687358426], [78.14467107325859, 12.089954726439714], [78.14467001744168, 12.089864430167891], [78.14457826423721, 12.089865469204264], [78.14457615267527, 12.08968487664265]]]}, "id": "+4240+6160", "properties": {"count": 21, "water": 1}}, {"type": "Feature", "geometry": {"geodesic": false, "type": "MultiPolygon", "coordinates": [[[[78.1464451880483, 12.178526667334685], [78.14653697142718, 12.178525620177542], [78.14653803585892, 12.178615915712747], [78.1464462524531, 12.178616962878873], [78.1464451880483, 12.178526667334685]]], [[[78.1464451880483, 12.178526667334685], [78.14635340466045, 12.17852771446488], [78.1463544690293, 12.17861801001805], [78.14607911873098, 12.178621151237953], [78.146080183019, 12.178711446809091], [78.1461719664877, 12.178710399759746], [78.14617303081165, 12.1788006953219], [78.14635659779398, 12.178798601115412], [78.14636298429463, 12.179340374389527], [78.14627120062829, 12.179341421564638], [78.14626800743187, 12.179070534905122], [78.1461762238374, 12.17907158201735], [78.14617409514459, 12.17889099089304], [78.14589874451387, 12.178894132005144], [78.14589661604563, 12.178713540826935], [78.14580483254998, 12.178714587786448], [78.1458037683518, 12.178624292188362], [78.1458955518205, 12.17862324523783], [78.14589448760435, 12.178532949648726], [78.14571092072083, 12.178535043504873], [78.14570985657654, 12.178444747897801], [78.14580163999136, 12.178443700992187], [78.14580057582911, 12.178353405394098], [78.145892359199, 12.178352358461533], [78.14588916665835, 12.178081471685237], [78.1457973833693, 12.178082518590852], [78.14579631924298, 12.17799222298378], [78.14570453598088, 12.177993269853463], [78.14570240780012, 12.177812678630339], [78.14579419099933, 12.177811631778622], [78.1457920627916, 12.177631040573464], [78.1460674121467, 12.177627899883568], [78.14606847633591, 12.177718195463688], [78.14616025947224, 12.177717148504174], [78.1461655807147, 12.178168626359867], [78.14625736399475, 12.178167579319503], [78.1462594926157, 12.178348170443813], [78.14635127594967, 12.178347123358535], [78.14635234030057, 12.178437418911708], [78.14644412365249, 12.178436371790497], [78.1464451880483, 12.178526667334685]]]]}, "id": "+4242+5185", "properties": {"count": 70, "water": 1}}, {"type": "Feature", "geometry": {"geodesic": false, "type": "Polygon", "coordinates": [[[78.14564550947121, 12.08696352047365], [78.1457372615977, 12.086962481329481], [78.14573620568198, 12.086872185129522], [78.14582795776356, 12.086871145958401], [78.14582690182988, 12.086780849767425], [78.14591865387551, 12.086779810578337], [78.14591970984513, 12.08687010676033], [78.14601146190874, 12.08686906753531], [78.14601357391983, 12.08704965988133], [78.14592182179335, 12.087050699124315], [78.14592710183008, 12.08750218003428], [78.1458353495419, 12.087503219286248], [78.14583746155299, 12.087683811659216], [78.14574570919294, 12.087684850893218], [78.14574676518052, 12.087775147093177], [78.14565501278453, 12.087776186309215], [78.14564550947121, 12.08696352047365]]]}, "id": "+4252+6191", "properties": {"count": 28, "water": 1}}, {"type": "Feature", "geometry": {"geodesic": false, "type": "MultiPolygon", "coordinates": [[[[78.14463625895094, 12.063404482848602], [78.14509497982395, 12.063399298455503], [78.14509392624385, 12.06330900204893], [78.14546090267098, 12.063304854015223], [78.14545879530417, 12.063124261264964], [78.14591751533275, 12.063119075632187], [78.14591962301398, 12.0632996683016], [78.14619485511199, 12.06329655651949], [78.1461959090604, 12.063386852827247], [78.14628765311103, 12.063385815497673], [78.1462897610797, 12.063566408104203], [78.14610627285268, 12.063568482763351], [78.14610732679209, 12.063658779080091], [78.14592383847523, 12.063660853640426], [78.14592173072215, 12.063480260979997], [78.14555475422316, 12.063484409669472], [78.14555580797393, 12.06357470604011], [78.14546406379753, 12.063575743145107], [78.1454630100827, 12.063485446765485], [78.14518777758943, 12.063488557882842], [78.14518883121444, 12.063578854280431], [78.14509708700211, 12.063579891268645], [78.14509603340404, 12.063489594862073], [78.14463731237832, 12.06349477930009], [78.14463625895094, 12.063404482848602]]], [[[78.14463625895094, 12.063404482848602], [78.1445445147476, 12.063405519639188], [78.14454346135614, 12.0633152231877], [78.14463520552356, 12.063314186406098], [78.14463625895094, 12.063404482848602]]]]}, "id": "+4255+6453", "properties": {"count": 49, "water": 1}}, {"type": "Feature", "geometry": {"geodesic": false, "type": "Polygon", "coordinates": [[[78.14659942484796, 12.1292168564302], [78.1467829577572, 12.129214770326513], [78.14678189769127, 12.129124474494864], [78.14687366410995, 12.129123431407088], [78.14687260401708, 12.129033135584422], [78.14696437039083, 12.129032092469696], [78.14696331027999, 12.12894179664703], [78.14714684294668, 12.128939710354699], [78.14714472262617, 12.128759118745299], [78.14723648888315, 12.128758075567692], [78.14723118808637, 12.12830659657114], [78.14713942198209, 12.12830763970383], [78.14713730177836, 12.128127048085448], [78.14695376966861, 12.128129134243032], [78.14695164962657, 12.127948542588715], [78.14704341562306, 12.127947499545856], [78.14704447567102, 12.128037795359539], [78.14713624169445, 12.128036752280748], [78.14713518161055, 12.127946456467063], [78.14722694758906, 12.127945413361322], [78.14722800769991, 12.128035709166022], [78.1481456673413, 12.128025276356892], [78.1481477882008, 12.128205867795613], [78.1486983839461, 12.128199606565031], [78.14870050520985, 12.12838019791392], [78.14879227119734, 12.128379154251224], [78.14879333187413, 12.128469449912194], [78.14916039586902, 12.128465274929027], [78.14916145668056, 12.128555570563048], [78.14925322268601, 12.128554526738654], [78.14925428353348, 12.128644822354708], [78.14934604956589, 12.128643778494382], [78.14934817134169, 12.128824369717506], [78.14925640524639, 12.128825413604783], [78.14925958788761, 12.129096300461928], [78.1491678216935, 12.12909734434022], [78.14916888256792, 12.129187639965258], [78.14880181758488, 12.12919181519995], [78.14880287833353, 12.129282110851937], [78.14871111204062, 12.129283154595484], [78.14871217276232, 12.129373450265437], [78.14834510736605, 12.129377624952157], [78.14834616797995, 12.12946792064906], [78.14807086875085, 12.12947105137664], [78.14807192928392, 12.129561347100491], [78.14788839636569, 12.129563434111475], [78.14788945683587, 12.129653729853294], [78.14770592381883, 12.129655816756479], [78.1477069842441, 12.12974611250728], [78.14761521769066, 12.129747155927433], [78.14761415730133, 12.129656860167648], [78.14752239076586, 12.129657903551868], [78.1475245114996, 12.12983849508042], [78.14715744504333, 12.129842668356785], [78.14715956557045, 12.13002325994822], [78.1467007320038, 12.130028475944052], [78.14669861179107, 12.129847884271769], [78.14679037846129, 12.129846841148062], [78.14678931833247, 12.129756545325394], [78.14660578504594, 12.129758631518913], [78.14660472498899, 12.129668335678279], [78.14669649160531, 12.129667292599487], [78.14669543153039, 12.129576996758853], [78.14660366495, 12.129578039828663], [78.14659942484796, 12.1292168564302]], [[78.14732507452912, 12.128486144984967], [78.1474168406783, 12.128485101771428], [78.14741790090594, 12.128575397549179], [78.14732613472081, 12.1285764407717], [78.14732507452912, 12.128486144984967]]]}, "id": "+4261+5735", "properties": {"count": 389, "water": 1}}, {"type": "Feature", "geometry": {"geodesic": false, "type": "Polygon", "coordinates": [[[78.14627395557262, 12.077925588788638], [78.14636570456399, 12.077924550201423], [78.14636464925015, 12.077834253992481], [78.14654814714305, 12.077832176746185], [78.14654709178429, 12.077741880555209], [78.14663884068582, 12.077740841896127], [78.14663778530011, 12.077650545714135], [78.14672953415673, 12.077649507028104], [78.14672847875306, 12.077559210855094], [78.14682022757376, 12.077558172151099], [78.14682233846196, 12.07773876447915], [78.14673058957838, 12.077739803201114], [78.14673481131886, 12.078100987884168], [78.14664306230054, 12.078102026606132], [78.14664411773117, 12.078192322788125], [78.14636887054147, 12.0781954388013], [78.14636781520966, 12.078105142601341], [78.14645956424593, 12.07810410396921], [78.14645850888718, 12.078013807778234], [78.14627501085953, 12.078015884997582], [78.14627395557262, 12.077925588788638]]]}, "id": "+4263+6293", "properties": {"count": 20, "water": 1}}, {"type": "Feature", "geometry": {"geodesic": false, "type": "Polygon", "coordinates": [[[78.14694422974894, 12.127316471776151], [78.14703599552983, 12.12731542878719], [78.14703493554474, 12.127225132964524], [78.14721846702565, 12.127223046914738], [78.14721952706464, 12.127313342719438], [78.14740305857251, 12.127311256525921], [78.14739881820995, 12.126950073352035], [78.14758234943035, 12.12694798710462], [78.14758446971494, 12.127128578660122], [78.14767623537904, 12.12712753547353], [78.14767729556175, 12.127217831242298], [78.14758552987071, 12.127218874437872], [78.14758765020919, 12.127399465993374], [78.14777118170807, 12.127397379539344], [78.14777224195366, 12.127487675299129], [78.14768047617278, 12.127488718548602], [78.14768153640041, 12.12757901431737], [78.14749800475781, 12.127581100735465], [78.14749694460204, 12.127490804957715], [78.14740517880318, 12.127491848108372], [78.14740411868335, 12.127401552321638], [78.14703705551491, 12.127405724609856], [78.14703811550898, 12.127496020441507], [78.14712988134376, 12.127494977398646], [78.14713094138274, 12.12758527321233], [78.14703917552102, 12.12758631625519], [78.14704235558408, 12.12785720372319], [78.14695058962353, 12.127858246757066], [78.14694422974894, 12.127316471776151]]]}, "id": "+4265+5746", "properties": {"count": 30, "water": 1}}, {"type": "Feature", "geometry": {"geodesic": false, "type": "Polygon", "coordinates": [[[78.14646903311785, 12.06320314816911], [78.14674426497331, 12.063200035856994], [78.1467432108632, 12.063109739594154], [78.14729367416989, 12.063103514215335], [78.14729472845966, 12.063193810424277], [78.14747821621957, 12.063191735046477], [78.14747716186692, 12.063101438846518], [78.14756890570196, 12.063100401112703], [78.14756996009054, 12.063190697303678], [78.14775344779655, 12.06318862173723], [78.14775239335407, 12.063098325564221], [78.14793588097025, 12.06309624989896], [78.14793377197749, 12.062915657570906], [78.14784202823228, 12.062916695403537], [78.14784097378082, 12.062826399230527], [78.14774923006256, 12.062827437027225], [78.14774712124049, 12.062646844672225], [78.14756363390278, 12.062648920139857], [78.1475615252424, 12.06246832773994], [78.14783675605581, 12.06246521453849], [78.14783570164927, 12.06237491836548], [78.14811093230098, 12.062371804921487], [78.1481098778046, 12.062281508766443], [78.14820162130727, 12.06228047089788], [78.14820056679292, 12.06219017475182], [78.14829231025067, 12.06218913686529], [78.14829336480095, 12.062279433002367], [78.14838510828564, 12.062278395070921], [78.14838616287186, 12.062368691199016], [78.14847790637451, 12.062367653231638], [78.14847685176136, 12.062277357112526], [78.14856859522808, 12.062276319127182], [78.14856648596583, 12.062095726897944], [78.14865822936069, 12.062094688894634], [78.1486561200715, 12.061914096683362], [78.14856437673053, 12.061915134668705], [78.14856332212635, 12.061824838558579], [78.14865506543138, 12.061823800582218], [78.14865401080924, 12.06173350447209], [78.1489292405896, 12.061730390381308], [78.14893029530157, 12.061820686464486], [78.14883855202348, 12.06182172453068], [78.14884171613247, 12.06209261279818], [78.14902520287727, 12.062090536584945], [78.14902625765212, 12.062180832659141], [78.149118001047, 12.062179794494133], [78.14912011069552, 12.062360386624556], [78.1492118541353, 12.062359348414633], [78.149212909, 12.062449644470862], [78.14930465246672, 12.062448606225006], [78.1493035975661, 12.06235831017776], [78.14939534098792, 12.062357271904954], [78.14939323115074, 12.062176679828431], [78.14966846119161, 12.062173564893234], [78.14967057120845, 12.062354156924842], [78.14994580134812, 12.06235104166625], [78.14994791158055, 12.062531633652945], [78.14985616814975, 12.062532672114395], [78.14985827835524, 12.062713264110071], [78.14995002184892, 12.062712225630653], [78.14995107700108, 12.062802521615017], [78.15022630752702, 12.062799405970152], [78.150227362769, 12.062889701927565], [78.15041084981027, 12.062887624663302], [78.15040979449643, 12.062797328723855], [78.15050153797213, 12.062796290046807], [78.15050048264033, 12.06270599410736], [78.15068396950191, 12.062703916699366], [78.15068608029131, 12.062884508542329], [78.1505943368066, 12.062885547282258], [78.15059539218333, 12.062975843212723], [78.1505036486627, 12.062976881925703], [78.15050681475697, 12.063247769735062], [78.15069030198687, 12.063245692228254], [78.15069135742648, 12.063335988149735], [78.15050787014268, 12.06333806567451], [78.15051314717903, 12.063789545344797], [78.15042140337094, 12.063790584102692], [78.15042245876563, 12.06388088004214], [78.15014722719764, 12.06388399615413], [78.15014828251148, 12.063974292120529], [78.15005653860457, 12.063975330770626], [78.15005759390944, 12.064065626746006], [78.14996584995761, 12.064066665378137], [78.14996690523553, 12.064156961353518], [78.14987516124778, 12.064157999958699], [78.1498783270366, 12.06442888791179], [78.14969483886347, 12.06443096508622], [78.14969272845137, 12.064250373090545], [78.14960098440972, 12.064251411614878], [78.14959992924858, 12.064161115603566], [78.14950818523388, 12.064162154091967], [78.14950713010869, 12.064071858080654], [78.14858968977302, 12.064082241221932], [78.14858863496222, 12.063991945120788], [78.14849689091159, 12.06399298326783], [78.14849583614571, 12.063902687157702], [78.14840409211304, 12.063903725259827], [78.1484030373831, 12.063813429140717], [78.14821954936268, 12.063815505246154], [78.14821849470461, 12.063725209109077], [78.14803500671114, 12.063727285070783], [78.14803395212492, 12.063636988924722], [78.14766697615595, 12.063641140452875], [78.1476659216955, 12.063550844270882], [78.14757417771673, 12.063551882076563], [78.14757523214125, 12.063642178258556], [78.14730000006121, 12.06364529150492], [78.14730105440486, 12.063735587713863], [78.14711756624072, 12.063737663073699], [78.14711651195994, 12.063647366846789], [78.14702476789134, 12.063648404472808], [78.14702371364648, 12.063558108236917], [78.14656499335737, 12.063563295881918], [78.14656393927422, 12.06347299960111], [78.14647219522358, 12.063474037029499], [78.14646903311785, 12.06320314816911]], [[78.14784519164057, 12.063187583913583], [78.14812042311874, 12.063184470253994], [78.14812253228217, 12.06336506253713], [78.14803078840222, 12.063366100468576], [78.14803184297047, 12.06345639662362], [78.14794009905458, 12.0634574345371], [78.14793904451328, 12.063367138373073], [78.14784730062435, 12.063368176250618], [78.14784519164057, 12.063187583913583]], [[78.14812358687738, 12.063455358683191], [78.14839881855318, 12.063452244673257], [78.14839987324719, 12.063542540792369], [78.14849161715408, 12.063541502726176], [78.14849372663193, 12.063722094937447], [78.14831023869236, 12.063724171087799], [78.14830918400733, 12.063633874959706], [78.14812569609471, 12.063635950966328], [78.14812358687738, 12.063455358683191]]]}, "id": "+4288+6468", "properties": {"count": 603, "water": 1}}, {"type": "Feature", "geometry": {"geodesic": false, "type": "MultiPolygon", "coordinates": [[[[78.15277368295948, 12.10792435886208], [78.15259016565398, 12.107926445316108], [78.15259122576484, 12.108016740788432], [78.15249946707165, 12.108017783975022], [78.15249840699674, 12.107927488502698], [78.15231488963734, 12.107929574786047], [78.15231276963124, 12.107748983805466], [78.15267980406257, 12.10774481118487], [78.1526808641824, 12.107835106648212], [78.15277262279473, 12.107834063407722], [78.15277368295948, 12.10792435886208]]], [[[78.15295932070228, 12.108102863146087], [78.15305107938647, 12.108101819788816], [78.15305213965901, 12.108192115216225], [78.15314389837016, 12.108191071823022], [78.15314495868762, 12.108281367241446], [78.15323671741672, 12.108280323812311], [78.15323777777012, 12.108370619221754], [78.15332953651719, 12.108369575747702], [78.1533305969155, 12.10845987114816], [78.15342235568953, 12.10845882764716], [78.15342341612377, 12.108549123029652], [78.1533316573228, 12.10855016654862], [78.15333377816434, 12.108730757340552], [78.1532420192915, 12.108731800832569], [78.15324095889318, 12.10864150543211], [78.15296568231959, 12.108644635719516], [78.15296674261909, 12.108734931146925], [78.15278322479256, 12.108737017879431], [78.15278428504715, 12.108827313315821], [78.15269252608448, 12.108828356646143], [78.15269676703991, 12.109189538436622], [78.15297204424233, 12.109186408274981], [78.15297098389792, 12.109096112856555], [78.15306274292347, 12.109095069418437], [78.15306380329483, 12.109185364827878], [78.15315556233834, 12.109184321353828], [78.15315662274564, 12.109274616763269], [78.15306486367517, 12.109275660246304], [78.15306698446281, 12.10945625107417], [78.15297522532049, 12.109457294548221], [78.15297734608117, 12.10963788538507], [78.15279382764379, 12.10963997227029], [78.15279488797923, 12.10973026770668], [78.15270312871112, 12.10973131111785], [78.1527041890196, 12.10982160655424], [78.15242891109854, 12.109824736617067], [78.15242573046955, 12.10955385020908], [78.15260924891591, 12.10955176358437], [78.15259970693909, 12.10873910447719], [78.15269146587481, 12.108738061191785], [78.15269040566514, 12.108647765737427], [78.15278216455594, 12.108646722434056], [78.15278110432831, 12.108556426988683], [78.15287286318319, 12.108555383658361], [78.15287180292862, 12.10846508822197], [78.15278004410968, 12.108466131543308], [78.15277898389103, 12.108375836097935], [78.15287074269199, 12.10837479278558], [78.15286968245537, 12.108284497340206], [78.15296144120245, 12.108283454009886], [78.15295932070228, 12.108102863146087]]], [[[78.15277368295948, 12.10792435886208], [78.15286544159875, 12.107923315585658], [78.15286650179944, 12.10801361102205], [78.15277474313321, 12.108014654307455], [78.15277368295948, 12.10792435886208]]], [[[78.15286650179944, 12.10801361102205], [78.15295826045669, 12.108012567709695], [78.15295932070228, 12.108102863146087], [78.1528675620091, 12.108103906467424], [78.15286650179944, 12.10801361102205]]]]}, "id": "+4323+5958", "properties": {"count": 81, "water": 1}}, {"type": "Feature", "geometry": {"geodesic": false, "type": "MultiPolygon", "coordinates": [[[[78.15489287693278, 12.147635443834696], [78.15480110489064, 12.147636491153536], [78.15480004046788, 12.147546196139354], [78.15489181247409, 12.147545148829495], [78.15489287693278, 12.147635443834696]]], [[[78.15585106429279, 12.151056175723483], [78.15594283740391, 12.151055127766838], [78.15594390253635, 12.15114542266424], [78.15585212938929, 12.151146470620883], [78.15585106429279, 12.151056175723483]]], [[[78.16017292423457, 12.151729245259338], [78.16017185762891, 12.15163895073923], [78.16044717640536, 12.151635802332805], [78.16044930981433, 12.151816391328108], [78.16035753683794, 12.151817440838837], [78.1603564701604, 12.151727146336695], [78.16017292423457, 12.151729245259338]]], [[[78.16063072220541, 12.151633703248462], [78.16063178897278, 12.15172399773264], [78.16054001604131, 12.151725047297269], [78.16053894930988, 12.151634752813091], [78.16063072220541, 12.151633703248462]]], [[[78.16118135942594, 12.151627405267805], [78.16127313226757, 12.151626355496564], [78.16127419924155, 12.151716649917859], [78.16118242637296, 12.151717699698082], [78.16118135942594, 12.151627405267805]]], [[[78.15489287693278, 12.147635443834696], [78.15507642098113, 12.147633349116166], [78.15507322745232, 12.147362464145484], [78.1551649993687, 12.147361416763761], [78.15516287032554, 12.147180826789295], [78.15543818585907, 12.14717768450938], [78.15543712125665, 12.147087389549096], [78.15562066483787, 12.147085294561073], [78.15561534165506, 12.146633819822535], [78.15570711327499, 12.14663277231505], [78.15570498399828, 12.146452182430414], [78.15579675555531, 12.146451134922927], [78.155795690899, 12.14636083998061], [78.15588746241113, 12.146359792446173], [78.15588639773684, 12.146269497521823], [78.1561617121295, 12.146266354747835], [78.15616064737436, 12.146176059850433], [78.15606887594308, 12.146177107456735], [78.15606781122388, 12.146086812541366], [78.15597603981954, 12.146087860120717], [78.15597178113136, 12.145726680423312], [78.15606355241891, 12.145725632879893], [78.15606461710219, 12.145815927804245], [78.15643170227037, 12.145811737298192], [78.15642957265229, 12.145631147530338], [78.1563378014366, 12.145632195181555], [78.15633673667247, 12.145541900293136], [78.15596965184565, 12.14554609057461], [78.1559675225869, 12.145365500725907], [78.15587575142511, 12.145366548197462], [78.15587362226518, 12.145185958330792], [78.15596539336408, 12.145184910868222], [78.15596432877064, 12.145094615934887], [78.15605609983362, 12.145093568454351], [78.15605503521323, 12.14500327353], [78.15614680624027, 12.145002226022513], [78.15614361233418, 12.144731341276408], [78.15605184139696, 12.144732388765929], [78.15604864767053, 12.144461503983893], [78.1564157309792, 12.14445731396293], [78.15641360162164, 12.144276724177109], [78.15650537236122, 12.144275676615724], [78.15650430766895, 12.144185381727304], [78.15632076622573, 12.14418747680516], [78.15632183086409, 12.144277771711545], [78.15623006010654, 12.14427881921903], [78.15622899549513, 12.144188524303663], [78.15604545400699, 12.144190619201854], [78.15604438947642, 12.144100324277504], [78.15595261874581, 12.144101371677193], [78.15595048976554, 12.14392078180154], [78.15604226042429, 12.143919734419818], [78.15604119592066, 12.143829439486483], [78.15622473715729, 12.143827344651173], [78.15622580173276, 12.143917639566542], [78.15640934300532, 12.143915544587502], [78.15641040764368, 12.144005839484903], [78.15668571957497, 12.144002696773796], [78.15668678432112, 12.144092991653233], [78.1565950136534, 12.144094039259533], [78.1565971431008, 12.144274629018405], [78.15705599665498, 12.14426939059164], [78.15705493177407, 12.144179095748138], [78.15714670242383, 12.14417804798014], [78.15714563752495, 12.14408775314562], [78.15723740813877, 12.144086705359655], [78.15723421337928, 12.143815820883045], [78.15732598389428, 12.143814773079114], [78.15732385403366, 12.143634183446009], [78.1574156244768, 12.143633135633095], [78.1574134945982, 12.143452546008971], [78.15750526496949, 12.143451498178091], [78.15750313505497, 12.143270908571933], [78.15759490536335, 12.14326986073207], [78.15759384038363, 12.143179565933483], [78.15786915115609, 12.143176422252196], [78.15786808609552, 12.143086127471577], [78.1580516265057, 12.143084031549305], [78.15805056139122, 12.142993736795633], [78.15823410170258, 12.142991640765564], [78.15823516687993, 12.143081935510253], [78.15832693705357, 12.14308088744581], [78.15832587184927, 12.142990592710106], [78.158417641978, 12.142989544618715], [78.15841870721823, 12.143079839345436], [78.15869401765832, 12.143076694873631], [78.15869508299735, 12.143166989573404], [78.15878685316201, 12.143165941347267], [78.158787918537, 12.143256236038056], [78.15897145889326, 12.14325413947798], [78.1589703934554, 12.143163844805157], [78.15887862331769, 12.143164893085194], [78.15887755791577, 12.143074598403388], [78.1591528682301, 12.143071453473445], [78.1591518027563, 12.142981158809604], [78.15933534286104, 12.1429790620519], [78.15933427732436, 12.142888767406026], [78.15951781733928, 12.142886670540523], [78.1595167517487, 12.142796375912615], [78.15960852171573, 12.142795327443933], [78.15960425932649, 12.142434148932303], [78.15969602914979, 12.142433100472603], [78.1596992260293, 12.142703984329374], [78.15988276584659, 12.14270188725726], [78.1598795687874, 12.142431003445404], [78.15978779897308, 12.14243205197697], [78.15978566771109, 12.142251462748105], [78.15987743746253, 12.142250414234505], [78.15987637180908, 12.142160119633546], [78.16005991122212, 12.142158022534483], [78.16005884552375, 12.142067727942507], [78.16015061518534, 12.142066679357043], [78.16014954946003, 12.141976384774052], [78.1602413190857, 12.14197533617062], [78.16024238483797, 12.142065630744629], [78.1605176937599, 12.142062484709756], [78.16052302314108, 12.142513957454034], [78.16061479291048, 12.142512908679922], [78.16061692478334, 12.142693497756074], [78.16080046443892, 12.142691400082088], [78.16079620047762, 12.142330221983684], [78.16061266107357, 12.14233231960377], [78.16061052927259, 12.142151730518636], [78.16079406855087, 12.142149632934482], [78.16079300260098, 12.142059338414372], [78.1610683113612, 12.142056191831529], [78.16106937740993, 12.14214648633367], [78.16125291659839, 12.142144388453072], [78.16125398271896, 12.142234682937248], [78.16134575232667, 12.14223363393856], [78.16134681848318, 12.142323928422735], [78.16125504883954, 12.142324977421426], [78.1612561149691, 12.142415271905602], [78.16116434528055, 12.142416320886326], [78.16116860976287, 12.142777498849982], [78.16181099824749, 12.142770155113553], [78.16181206461061, 12.142860449552813], [78.16217914367924, 12.142856252426176], [78.16218234317286, 12.143127135627179], [78.16227411301412, 12.143126086251195], [78.16227731267841, 12.143396969416266], [78.16209377280724, 12.143399068186197], [78.1620948393141, 12.143489362589525], [78.1621866092901, 12.143488313213542], [78.1621876758329, 12.143578607607887], [78.16246298578788, 12.143575459255361], [78.16246405243847, 12.143665753622757], [78.16255582243245, 12.143664704112028], [78.16255688912796, 12.14375499847044], [78.16274042916083, 12.143752899323218], [78.1627414959192, 12.143843193672646], [78.16301680599099, 12.143840044700283], [78.16301787285717, 12.143930339022763], [78.16310964289606, 12.14392928929644], [78.16311070979818, 12.144019583609936], [78.16320247985504, 12.144018533847678], [78.16320354679308, 12.144108828143208], [78.1632953168769, 12.144107778345017], [78.16329638385986, 12.144198072640549], [78.16357169414722, 12.144194923030382], [78.16357062707444, 12.144104628752817], [78.16366239713129, 12.144103578837845], [78.16366453133976, 12.144284167357041], [78.163572761229, 12.144285217298963], [78.16357596252823, 12.144556100095722], [78.16366773272883, 12.144555050135835], [78.16366879987348, 12.144645344395434], [78.16385234031958, 12.144643244358878], [78.16385447475264, 12.14482383284214], [78.16376270448018, 12.144824882891859], [78.16376377167873, 12.144915177133491], [78.16367200136136, 12.144916227165243], [78.16367413573153, 12.145096815675457], [78.16385767648305, 12.145094715558052], [78.1638587437355, 12.145185009799684], [78.16422582526552, 12.145180809169618], [78.16422475787832, 12.145090514963918], [78.1645918391478, 12.145086313893678], [78.16459290665179, 12.145176608063444], [78.16477644729552, 12.145174507326203], [78.16477858244723, 12.145355095638786], [78.16468681207596, 12.145356146038848], [78.16468787963383, 12.145446440199631], [78.16459610921764, 12.145447490581727], [78.16459717675757, 12.145537784751493], [78.16450540629646, 12.14553883510664], [78.1645139466697, 12.146261188509687], [78.16442217595706, 12.146262238900764], [78.16442537864869, 12.146533121445996], [78.16433360782825, 12.146534171828092], [78.16433574293504, 12.146714760194575], [78.16424397205172, 12.146715810567686], [78.16424717468944, 12.146986693148852], [78.16415540369833, 12.146987743503997], [78.16415753876917, 12.147168331906412], [78.16406576771519, 12.147169382252574], [78.16406683522816, 12.147259676458274], [78.16397506413823, 12.14726072678647], [78.16397613163323, 12.147351021001153], [78.16388436049839, 12.1473520713024], [78.16388756293848, 12.147622953964413], [78.16379579170483, 12.147624004256677], [78.16379792664092, 12.14780459271299], [78.1637061553444, 12.147805642996271], [78.16370829025355, 12.147986231461568], [78.16361651887617, 12.147987281735865], [78.16361865376734, 12.148167870210147], [78.1635268823181, 12.148168920466476], [78.16352794974124, 12.148259214717092], [78.16334440677086, 12.148261315148906], [78.1633454741401, 12.148351609408504], [78.16325370261, 12.148352659583987], [78.16325476995229, 12.14844295386155], [78.16316299838626, 12.148444004010084], [78.16316833510669, 12.148895475388922], [78.16307656336997, 12.148896525555422], [78.16308190015327, 12.149347996961211], [78.16299012825488, 12.149349047136694], [78.16299333033564, 12.149619929996335], [78.1629015583384, 12.149620980162835], [78.16290582777044, 12.14998215732699], [78.16281405563848, 12.149983207502475], [78.16281725771024, 12.150254090389065], [78.16272548547947, 12.150255140555565], [78.16272762017303, 12.150435729164593], [78.16263584787038, 12.150436779313127], [78.16263798254597, 12.15061736794012], [78.16254621017146, 12.150618418070687], [78.16255261419823, 12.151160183969635], [78.16246084162609, 12.151161234118169], [78.16246404366193, 12.151432117085609], [78.16237227099995, 12.151433167234142], [78.16237333833325, 12.151523461556621], [78.16228156562637, 12.151524511687189], [78.16228583491467, 12.151885689013042], [78.16219406207303, 12.151886739143608], [78.16219833137032, 12.15224791649641], [78.16210655840291, 12.152248966626978], [78.16211296242969, 12.152790732687622], [78.16202118926466, 12.152791782836156], [78.16202225659796, 12.152882077185586], [78.16137984399357, 12.15288942742582], [78.16137877687586, 12.15279913302249], [78.16110345715619, 12.152802282650624], [78.16110239013729, 12.152711988220346], [78.16146948295912, 12.152707788686223], [78.16147055010377, 12.152798083089552], [78.16165409652368, 12.152795983124863], [78.16165089493698, 12.152525099977758], [78.16155912182585, 12.15252614994663], [78.16155805467221, 12.152435855561267], [78.16146628157904, 12.152436905494206], [78.16146841582345, 12.15261749429188], [78.16128486949337, 12.152619594103856], [78.16128380242957, 12.152529299682561], [78.16137557556765, 12.152528249803522], [78.1613734414041, 12.152347660987882], [78.16146521447929, 12.152346611090877], [78.16146414737956, 12.152256316687549], [78.16164769342217, 12.152254216821673], [78.16164235774379, 12.15180274488588], [78.16155058488418, 12.15180379480085], [78.1615495178024, 12.151713500397522], [78.16145774496076, 12.151714550267577], [78.16145667791491, 12.151624255864249], [78.16154845072961, 12.151623206003178], [78.16154631661097, 12.151442617205504], [78.16145454385916, 12.151443667048609], [78.16145347684925, 12.151353372645282], [78.16136170411541, 12.151354422452455], [78.16136383809032, 12.151535011277078], [78.16127206529359, 12.151536061075268], [78.1612709983286, 12.151445766653973], [78.16117922555883, 12.15144681640725], [78.16118135942594, 12.151627405267805], [78.16108958657532, 12.151628455003113], [78.16108851966422, 12.151538160563852], [78.16090497400788, 12.151540259944637], [78.16090604085609, 12.15163055439288], [78.16063072220541, 12.151633703248462], [78.16062005505277, 12.150730758433644], [78.16043650986357, 12.150732857356289], [78.16043864310186, 12.150913446360576], [78.1600715523731, 12.15091764390942], [78.16007261888893, 12.151007938438513], [78.1599808461551, 12.151008987760596], [78.1599797796752, 12.15091869322252], [78.15979623424344, 12.150920791749906], [78.15979730066046, 12.151011086305948], [78.15970552789967, 12.1510121355382], [78.15970872710582, 12.151283019224293], [78.15980049995645, 12.151281969974075], [78.15980369933328, 12.151552853624235], [78.15989547227373, 12.151551804320118], [78.15989653878059, 12.151642098867177], [78.15952944685708, 12.151646295939914], [78.15953051324715, 12.151736590513922], [78.15943874021687, 12.151737639719224], [78.15943767385374, 12.151647345136233], [78.1592541278291, 12.151649443430056], [78.15925306153784, 12.151559148829099], [78.15916128854349, 12.151560197926603], [78.1591644873454, 12.151831081747444], [78.15907271425223, 12.151832130835965], [78.15906738310136, 12.151380657759312], [78.1591591560508, 12.151379608715706], [78.15916022228816, 12.151469903316663], [78.15925199525556, 12.151468854237125], [78.15925092898227, 12.151378559636166], [78.15934270190476, 12.151377510520696], [78.15933843677566, 12.151016332143815], [78.15906311834057, 12.151019479283615], [78.15906525070749, 12.151200068521463], [78.15897347781195, 12.151201117529135], [78.15897241165544, 12.151110822901229], [78.1586970930317, 12.151113969699669], [78.15869815909839, 12.151204264345543], [78.15860638616691, 12.15120531322745], [78.15860745221563, 12.15129560789129], [78.15842390628082, 12.15129770557426], [78.15841964240936, 12.150936526873986], [78.15832786955873, 12.150937575639112], [78.15832680363579, 12.150847280948323], [78.15823503080313, 12.150848329677519], [78.15823609669015, 12.150938624368308], [78.15786900514392, 12.150942819006612], [78.15787007091416, 12.151033113733334], [78.1569523411413, 12.151043598276441], [78.15695340660612, 12.151133893084012], [78.15686163355787, 12.151134941373034], [78.15686269899572, 12.151225236189587], [78.15658737968927, 12.151228380912919], [78.15658951042126, 12.151408970581958], [78.15649773724724, 12.151410018781148], [78.1564966719082, 12.151319723937645], [78.15631312557812, 12.151321820228224], [78.15631099504377, 12.15114123051427], [78.15621922193263, 12.151142278596678], [78.15622028716388, 12.151232573458147], [78.1560367408428, 12.151234669551098], [78.15603567567443, 12.151144374671663], [78.15612744881251, 12.151143326652138], [78.15612531843087, 12.150962736893266], [78.15584999919628, 12.15096588082608], [78.15585106429279, 12.151056175723483], [78.1556675180256, 12.151058271537956], [78.15566645300096, 12.150967976622587], [78.15557467988982, 12.150969024480418], [78.15557361490113, 12.150878729556066], [78.1553900687148, 12.150880825154944], [78.15538900378897, 12.150790530212626], [78.15529723071377, 12.150791577962657], [78.15529616583287, 12.150701283011356], [78.1551126197184, 12.15070337839464], [78.15511155490935, 12.150613083425373], [78.15529510096992, 12.150610988060057], [78.155294036107, 12.150520693108756], [78.15520226311264, 12.150521740795906], [78.1552001334766, 12.150341150875338], [78.15510836053613, 12.15034219851757], [78.15510942531823, 12.150432493495822], [78.15501765234184, 12.150433541120089], [78.1550165875867, 12.150343246141839], [78.15464949571708, 12.15034743629755], [78.15465056034645, 12.150437731311731], [78.15455878732516, 12.150438778783286], [78.15456091654798, 12.15061936881165], [78.15437737035266, 12.15062146370086], [78.15437630579514, 12.150531168668712], [78.15428453271994, 12.150532216059416], [78.15428346820735, 12.150441921018285], [78.15437524125561, 12.150440873636562], [78.15436672519976, 12.149718513343437], [78.15464204354501, 12.149715371216235], [78.1546409789875, 12.149625076202053], [78.15528338794473, 12.14961774354185], [78.15528232318061, 12.149527448581566], [78.15564941370276, 12.149523257859917], [78.15564834882186, 12.149432962935565], [78.15574012140299, 12.149431915185534], [78.15573905649512, 12.149341620261183], [78.15592260156755, 12.149339524689255], [78.1559215366058, 12.14924922978287], [78.15582976410552, 12.149250277577817], [78.15582656937298, 12.148979392831713], [78.15573479695354, 12.14898044057276], [78.15573266723665, 12.148799850724059], [78.15554912250559, 12.148801946080392], [78.15554805771451, 12.148711651138074], [78.15563983006209, 12.148710603486856], [78.15563876525304, 12.148620308544539], [78.1554552206208, 12.148622403811041], [78.15545415588362, 12.14853210885974], [78.15536238358995, 12.148533156439091], [78.15536131888871, 12.148442861478808], [78.1551777743373, 12.14844495652073], [78.15517670970793, 12.148354661551464], [78.15499316518347, 12.148356756458638], [78.15499103607743, 12.148176166475189], [78.15489926385564, 12.148177213865894], [78.15489287693278, 12.147635443834696]], [[78.15473594551965, 12.149894913782031], [78.15482771834331, 12.149893866301493], [78.1548255890666, 12.149713276309061], [78.1549173618184, 12.149712228801574], [78.15492268521682, 12.150163703746724], [78.15483091231229, 12.150164751290143], [78.15482878299066, 12.14998416129771], [78.15473701014004, 12.14998520878723], [78.15473594551965, 12.149894913782031]], [[78.1551980038675, 12.150160560945787], [78.15528977673608, 12.150159513285587], [78.15529084157208, 12.15024980824587], [78.15519906866756, 12.150250855915054], [78.1551980038675, 12.150160560945787]], [[78.15537835506976, 12.149887580753518], [78.15547012783055, 12.149886533057385], [78.1554711926935, 12.149976827999703], [78.15537941990576, 12.149977875704819], [78.15537835506976, 12.149887580753518]], [[78.15652453838493, 12.145900984472512], [78.1571669372451, 12.145893649665334], [78.15716906741115, 12.146074239298441], [78.1565266681108, 12.1460815742224], [78.15652453838493, 12.145900984472512]], [[78.15725977358423, 12.14598289651626], [78.15735154484484, 12.145981848532667], [78.15735047970342, 12.145891553725097], [78.15744225091912, 12.145890505714554], [78.15744438126482, 12.146071095302744], [78.1572608386987, 12.146073191332814], [78.15725977358423, 12.14598289651626]], [[78.15733450366915, 12.144537131611543], [78.15742627441772, 12.14453608371778], [78.15742840450292, 12.144716673323938], [78.15733663369147, 12.144717721235667], [78.15733450366915, 12.144537131611543]], [[78.15733982880131, 12.14498860566736], [78.15743159970259, 12.144987557728683], [78.15743053463304, 12.144897262930096], [78.15752230549838, 12.144896214973452], [78.15752443571833, 12.145076804561642], [78.15734089385289, 12.14507890047493], [78.15733982880131, 12.14498860566736]], [[78.15753082657581, 12.14561857330825], [78.1576225976837, 12.145617525261773], [78.15762472810128, 12.145798114823016], [78.15753295693949, 12.145799162887457], [78.15753082657581, 12.14561857330825]], [[78.15762579332355, 12.145888409594653], [78.15780933569204, 12.145886313357972], [78.15781146628927, 12.14606690288328], [78.15762792379502, 12.146068999155894], [78.15762579332355, 12.145888409594653]], [[78.15911331565067, 12.147496939895358], [78.15920508726163, 12.147495891166162], [78.15920402136562, 12.147405596538254], [78.1593875644887, 12.147403498990032], [78.15938863045656, 12.147493793608957], [78.15948040203158, 12.147492744780948], [78.15948253404817, 12.147673333991845], [78.15939076240129, 12.147674382837822], [78.15939182838711, 12.147764677447762], [78.15920828501251, 12.147766775049885], [78.15920721908955, 12.147676480421977], [78.15911544741573, 12.147677529178122], [78.15911331565067, 12.147496939895358]], [[78.15930112266318, 12.147856020885714], [78.15966820947529, 12.14785182539401], [78.1596724739037, 12.148213003743942], [78.1593053866065, 12.14821719936141], [78.15930112266318, 12.147856020885714]], [[78.1600630206147, 12.150195287631764], [78.1603383379269, 12.15019213971043], [78.1603394044607, 12.150282434221557], [78.16024763200534, 12.150283483561607], [78.16024869851219, 12.150373778090698], [78.16015692601191, 12.150374827412781], [78.16015585953201, 12.15028453288369], [78.16006408704969, 12.15028558216984], [78.1600630206147, 12.150195287631764]], [[78.16040984725508, 12.148475494614067], [78.16050161908163, 12.148474445363847], [78.16050055265562, 12.148384150852722], [78.16059232444623, 12.148383101584537], [78.16059339089918, 12.14847339608668], [78.16077693451633, 12.148471297442514], [78.16077906757496, 12.148651886410867], [78.16041198006218, 12.148656083645301], [78.16040984725508, 12.148475494614067]], [[78.16042691070899, 12.149920206819035], [78.16061045535022, 12.149918108040122], [78.1606136551762, 12.150188991510618], [78.16052188276576, 12.1501900409405], [78.16052081617806, 12.150099746438356], [78.16042904379457, 12.150100795832305], [78.16042691070899, 12.149920206819035]], [[78.1607054275687, 12.150187942053787], [78.16079719996118, 12.150186892561024], [78.16079613327466, 12.150096598085831], [78.16088790563121, 12.1500955485751], [78.1608889723357, 12.150185843041312], [78.1609807447102, 12.150184793485666], [78.160982878218, 12.150365382400121], [78.16079933334319, 12.150367481502428], [78.16079826664769, 12.150277187036219], [78.16070649422826, 12.150278236528981], [78.1607054275687, 12.150187942053787]], [[78.16086763976416, 12.14837995360032], [78.16095941151885, 12.148378904206373], [78.16095834494013, 12.148288609740161], [78.16114188836863, 12.1482865108804], [78.16114615494402, 12.148647688700326], [78.16096261127296, 12.148649787613987], [78.16096154467628, 12.148559493147776], [78.1608697728677, 12.148560542550708], [78.16086763976416, 12.14837995360032]], [[78.16088363887616, 12.149734370701276], [78.16097541108897, 12.149733321190546], [78.16097434439347, 12.149643026733319], [78.16124966089718, 12.149639878039434], [78.16124752734449, 12.149459289169895], [78.16143107151859, 12.149457189923856], [78.16143213834884, 12.14954748434515], [78.16161568254991, 12.149545384955383], [78.161616749461, 12.149635679367695], [78.16170852157501, 12.14963462961442], [78.16171065547805, 12.149815218412094], [78.16161888329218, 12.149816268174352], [78.16161995022124, 12.14990656257768], [78.16152817800842, 12.149907612312989], [78.16152711110631, 12.149817317900677], [78.16143533891145, 12.149818367609035], [78.16143427204527, 12.14972807318774], [78.1612507276915, 12.149730172478694], [78.1612528612981, 12.149910761348233], [78.16116108904036, 12.14991181096676], [78.16116215582569, 12.150002105415005], [78.16097861123836, 12.15000420457121], [78.1609775445159, 12.149913910113984], [78.16088577223123, 12.14991495964268], [78.16088363887616, 12.149734370701276]], [[78.16126677674083, 12.143318216711437], [78.16135854672584, 12.143317167613933], [78.16135534801376, 12.143046284206319], [78.16153888777714, 12.143044185975377], [78.16153995406839, 12.143134480432604], [78.16163172396355, 12.143133431263234], [78.16163279029075, 12.14322372571148], [78.16154102036863, 12.143224774889832], [78.1615431529871, 12.143405363795303], [78.1614513829931, 12.14340641295569], [78.16145351559359, 12.143587001870145], [78.16136174551876, 12.143588051021547], [78.16136281180104, 12.143678345487759], [78.16127104169027, 12.143679394612212], [78.16126677674083, 12.143318216711437]], [[78.16133503229919, 12.149097061830256], [78.16151857621279, 12.149094962584218], [78.16152177673048, 12.14936584583912], [78.16143000468834, 12.149366895493579], [78.16142893787607, 12.149276601072284], [78.16133716585189, 12.149277650699794], [78.16133503229919, 12.149097061830256]], [[78.1617042538857, 12.149273452028055], [78.16188779784422, 12.14927135250354], [78.16189099878412, 12.149542235650642], [78.16170745463695, 12.149544335220074], [78.1617042538857, 12.149273452028055]], [[78.16198490491794, 12.149721774569278], [78.16216844913697, 12.149719674793234], [78.1621705833634, 12.149900263501076], [78.1620788111955, 12.14990131342503], [78.16207774410474, 12.149811019057635], [78.16198597196379, 12.149812068945657], [78.16198490491794, 12.149721774569278]], [[78.16153457958279, 12.15044937876889], [78.16144280717235, 12.150450428522166], [78.16144387410141, 12.150540722943461], [78.16126032919068, 12.150542822378144], [78.1612581954673, 12.150362233517589], [78.16134996785979, 12.150361183827195], [78.16134890098462, 12.1502708894059], [78.16153244568874, 12.150268789953252], [78.16153457958279, 12.15044937876889]], [[78.15510516623479, 12.15007131360977], [78.15510623098993, 12.150161608579037], [78.15501445810337, 12.150162656176356], [78.15501339338417, 12.150072361198106], [78.15510516623479, 12.15007131360977]], [[78.15519587430332, 12.14997997102522], [78.15519480953022, 12.149889676055952], [78.15528658230897, 12.149888628422701], [78.15528764710902, 12.149978923374002], [78.15519587430332, 12.14997997102522]], [[78.15510410148863, 12.149981018640503], [78.15501232866495, 12.149982066219854], [78.15501126395473, 12.149891771241604], [78.15510303674247, 12.149890723662253], [78.15510410148863, 12.149981018640503]], [[78.16386408015948, 12.145636480980894], [78.1640476212434, 12.145634380647893], [78.16404975599984, 12.145814969077257], [78.16386621478118, 12.14581706944619], [78.16386408015948, 12.145636480980894]], [[78.15510516623479, 12.15007131360977], [78.15510410148863, 12.149981018640503], [78.15519587430332, 12.14997997102522], [78.15519693908541, 12.150070265985503], [78.15510516623479, 12.15007131360977]], [[78.16153671351279, 12.15062996758453], [78.16153457958279, 12.15044937876889], [78.16171812438573, 12.150447279163528], [78.16171919140461, 12.150537573557871], [78.16181096382405, 12.1505365236968], [78.16181203088786, 12.150626818082161], [78.16153671351279, 12.15062996758453]], [[78.16164235774379, 12.15180274488588], [78.16164129063506, 12.151712450500517], [78.16173306346772, 12.15171140056758], [78.16173092920535, 12.151530811805838], [78.16163915644455, 12.15153186172081], [78.16163488815339, 12.151170684152412], [78.1615431155004, 12.151171734004501], [78.1615420484815, 12.151081439601173], [78.16135850322043, 12.151083539197554], [78.16135636932637, 12.150902950363948], [78.16126459674524, 12.150904000099256], [78.16126566365634, 12.150994294520551], [78.16108211839526, 12.150996393919302], [78.1610853189938, 12.151267277246069], [78.16099354625996, 12.151268326927479], [78.16099461311715, 12.151358621375723], [78.16090284033841, 12.151359671030182], [78.1608975063219, 12.150908198735063], [78.16080573369587, 12.15090924832664], [78.16080466694646, 12.150818953851447], [78.16098821213568, 12.15081685466829], [78.16098714533237, 12.150726560220047], [78.16135423546824, 12.150722361521359], [78.16135316855714, 12.150632067100064], [78.16153671351279, 12.15062996758453], [78.16153991447065, 12.150900850794516], [78.1614481419075, 12.150901900592707], [78.16144920887248, 12.150992195005019], [78.1616327540617, 12.15099009536372], [78.16163382110754, 12.151080389758066], [78.16172559371562, 12.15107933988801], [78.16172452664283, 12.150989045493665], [78.16181629921496, 12.150987995605643], [78.16181416503345, 12.150807406843903], [78.16190593753373, 12.150806356928932], [78.161904870425, 12.150716062561536], [78.16208841534471, 12.150713962659728], [78.16209054969691, 12.150894551376552], [78.16199877717867, 12.150895601354406], [78.16200197867552, 12.151166484438628], [78.1620937512836, 12.151165434433825], [78.16209695295115, 12.151436317491095], [78.16200518024425, 12.151437367522849], [78.16200624745179, 12.15152766188126], [78.16191447471795, 12.151528711886064], [78.16191874351217, 12.151889889346664], [78.16173519775704, 12.15189198932932], [78.16173413060339, 12.151801694952942], [78.16164235774379, 12.15180274488588]], [[78.16386408015948, 12.145636480980894], [78.16368053903965, 12.145638581188129], [78.16367947179617, 12.145548286937514], [78.16358770125423, 12.145549336987232], [78.16358663405566, 12.145459042727634], [78.1636784045617, 12.145457992686898], [78.16367627012863, 12.145277404176687], [78.16376804057178, 12.145276354117984], [78.16376697333729, 12.145186059876352], [78.1638587437355, 12.145185009799684], [78.16385981100593, 12.145275304032333], [78.1639515814311, 12.145274253919732], [78.16395478337712, 12.145545136599711], [78.16386301285313, 12.145546186739262], [78.16386408015948, 12.145636480980894]]], [[[78.15989653878059, 12.151642098867177], [78.15998831173901, 12.151641049518144], [78.1599893782818, 12.15173134405622], [78.16017292423457, 12.151729245259338], [78.16017399084923, 12.151819539770464], [78.15989867182125, 12.151822687952311], [78.15989653878059, 12.151642098867177]]]]}, "id": "+4401+5578", "properties": {"count": 7642, "water": 1}}, {"type": "Feature", "geometry": {"geodesic": false, "type": "Polygon", "coordinates": [[[78.16083667307562, 12.1535277876042], [78.16092844659998, 12.153526737788042], [78.16092417855135, 12.153165560022014], [78.1611077253216, 12.153163460362752], [78.16110879237642, 12.153253754784046], [78.161200565784, 12.153252704905007], [78.16119949869324, 12.153162410483713], [78.1612912720559, 12.153161360577725], [78.1612902049382, 12.153071066165413], [78.16193261802768, 12.153063716023995], [78.16193155071234, 12.152973421665582], [78.16202332394025, 12.152972371535014], [78.16202759340821, 12.153333548914766], [78.16193582004556, 12.153334599081266], [78.16193902214428, 12.153605482138538], [78.16203079559678, 12.153604431954072], [78.16204680768044, 12.15495884701585], [78.1619550337698, 12.154959897326082], [78.16195396626583, 12.154869602985634], [78.16158687065023, 12.154873803894178], [78.16158793802845, 12.154964098270558], [78.1614961640729, 12.154965148428074], [78.16149723143316, 12.155055442804453], [78.16122190942278, 12.15505859312429], [78.16122084216133, 12.154968298720961], [78.16112906816986, 12.154969348761696], [78.16112693372781, 12.15478875992809], [78.16103515979023, 12.15478980992391], [78.16103302544701, 12.154609221072338], [78.16094125156333, 12.154610271014258], [78.16093911731893, 12.154429682153703], [78.16103089113973, 12.154428632229749], [78.16102875686839, 12.154248043369192], [78.16093698311046, 12.154249093284164], [78.16093591601071, 12.154158798853887], [78.16111946346368, 12.15415669901496], [78.16111839631903, 12.154066404593665], [78.1612101699961, 12.154065354633778], [78.16120910282449, 12.153975060221466], [78.16111732917436, 12.153976110172371], [78.16111519492996, 12.153795521329782], [78.1612069685172, 12.153794471396843], [78.16120590137254, 12.153704176984531], [78.16111412781225, 12.153705226908487], [78.16111306071251, 12.153614932487192], [78.16083774007654, 12.153618082052443], [78.16083667307562, 12.1535277876042]], [[78.16129447344497, 12.153432243805677], [78.16147802033198, 12.153430143849969], [78.16148015476503, 12.15361073263866], [78.16129660775225, 12.153612832621317], [78.16129447344497, 12.153432243805677]]]}, "id": "+4419+5456", "properties": {"count": 219, "water": 1}}, {"type": "Feature", "geometry": {"geodesic": false, "type": "MultiPolygon", "coordinates": [[[[78.16466215211766, 12.205229471657786], [78.16457036116599, 12.205230527115363], [78.16456928822718, 12.205140233322888], [78.16466107915191, 12.205139177883279], [78.16466215211766, 12.205229471657786]]], [[[78.16539755264292, 12.205311320621837], [78.16539647941666, 12.20522102691021], [78.16548827028748, 12.205219971174156], [78.16548934354967, 12.205310264885782], [78.16539755264292, 12.205311320621837]]], [[[78.16466215211766, 12.205229471657786], [78.16475394306035, 12.20522841617326], [78.16475501607101, 12.205318709938783], [78.16493859799233, 12.205316598852951], [78.16493967106587, 12.205406892609492], [78.16530683492647, 12.205402670042567], [78.16530576172717, 12.20531237633094], [78.16539755264292, 12.205311320621837], [78.16540077236658, 12.20558220174773], [78.16549256336317, 12.205581145984725], [78.16549470995044, 12.20576173339001], [78.16512754565863, 12.205765956316263], [78.16512647248628, 12.205675662586671], [78.1650346814268, 12.205676718232894], [78.16503360829039, 12.205586424494319], [78.16494181724887, 12.205587480104608], [78.16494289034937, 12.205677773852166], [78.16475930818551, 12.205679885000883], [78.16475716211029, 12.205499297469833], [78.16466537106878, 12.205500352981309], [78.16466215211766, 12.205229471657786]]]]}, "id": "+4441+4878", "properties": {"count": 33, "water": 1}}, {"type": "Feature", "geometry": {"geodesic": false, "type": "Polygon", "coordinates": [[[78.16531327431993, 12.205944432348252], [78.16558864768699, 12.205941264960426], [78.16558113443847, 12.205309209113794], [78.16567292532726, 12.205308153314858], [78.16567185201117, 12.205217859630181], [78.16576364286404, 12.205216803804296], [78.16576471620706, 12.205307097479988], [78.16594829793974, 12.205304985729402], [78.1659525916712, 12.205666160378275], [78.16613617361946, 12.205664048439042], [78.16613832065588, 12.205844635727546], [78.16604652962336, 12.205845691724111], [78.16604975015552, 12.206116572670343], [78.16568258556728, 12.20612079646796], [78.16568151217933, 12.206030502783284], [78.16558972103901, 12.206031558654086], [78.16559079440898, 12.206121852338761], [78.1654072120475, 12.206123963990533], [78.1654061387404, 12.20603367028789], [78.16531434758211, 12.206034726059878], [78.16531327431993, 12.205944432348252]]]}, "id": "+4453+4877", "properties": {"count": 48, "water": 1}}, {"type": "Feature", "geometry": {"geodesic": false, "type": "Polygon", "coordinates": [[[78.16654125994962, 12.177935438345665], [78.16663304133424, 12.177934384549971], [78.16663197017411, 12.177844090775464], [78.1667237515228, 12.177843036961804], [78.16672160916661, 12.177662449412788], [78.16690517171126, 12.177660341731569], [78.16690731419322, 12.177840929244653], [78.1670908768367, 12.17783882141072], [78.16708980552386, 12.177748527672145], [78.16699802423805, 12.177749581593602], [78.16699695297012, 12.177659287846044], [78.16718051546987, 12.17765717997618], [78.16717944414805, 12.177566886246588], [78.16736300654897, 12.177564778277908], [78.16736193517325, 12.1774744845573], [78.16772905975051, 12.177470268287564], [78.16772798825801, 12.177379974593904], [78.16809511257478, 12.177375757866029], [78.16809618418407, 12.177466051523755], [78.16818796527224, 12.177464997260937], [78.16818903692644, 12.177555290909682], [78.16809725581132, 12.177556345181483], [78.168100470729, 12.177827226145679], [78.16819225193396, 12.17782617184693], [78.1681933236241, 12.177916465486689], [78.16800976113333, 12.177918574075207], [78.16801404771421, 12.178279748706114], [78.16792226632958, 12.178280802986897], [78.16792119470233, 12.178190509320187], [78.16773763197801, 12.178192617764974], [78.16773656041364, 12.178102324080298], [78.16764477906496, 12.178103378253283], [78.1676458505934, 12.178193671946943], [78.16755406920878, 12.178194726092979], [78.16755514071026, 12.178285019786639], [78.16764692213081, 12.17828396563162], [78.16764799367722, 12.178374259325278], [78.16773977511573, 12.178373205134326], [78.1677429898897, 12.178644086170388], [78.16765120836135, 12.178645140388289], [78.1676522799347, 12.178735434072966], [78.16756049836144, 12.178736488272902], [78.16755942681503, 12.178646194579242], [78.16737586371342, 12.178648302862332], [78.16737693519694, 12.178738596573957], [78.16719337198754, 12.178740704749249], [78.1671923005669, 12.178650411019657], [78.16710051898464, 12.178651465057897], [78.16709944759994, 12.178561171319322], [78.1669158844624, 12.178563279288], [78.16691374184569, 12.1783826917839], [78.16673017880696, 12.178384799590884], [78.16672803634297, 12.17820421205085], [78.16654447339407, 12.17820631970512], [78.16654125994962, 12.177935438345665]], [[78.16727551081097, 12.177927007180616], [78.16745907344546, 12.177924899086172], [78.16746121634962, 12.17810548650044], [78.16736943497399, 12.178106540583595], [78.16736836355335, 12.178016246862986], [78.16727658219568, 12.178017300901224], [78.16727551081097, 12.177927007180616]], [[78.16745478773596, 12.177563724248653], [78.16754656891396, 12.177562670183464], [78.16754764036155, 12.177652963886107], [78.16745585914761, 12.177654017960279], [78.16745478773596, 12.177563724248653]]]}, "id": "+4482+5185", "properties": {"count": 158, "water": 1}}, {"type": "Feature", "geometry": {"geodesic": false, "type": "Polygon", "coordinates": [[[78.16813262412796, 12.180536035428323], [78.1683161883974, 12.180533926318782], [78.16831726036601, 12.180624219940578], [78.16840904252317, 12.180623165327416], [78.1684101145367, 12.180713458940227], [78.16850189671183, 12.180712404291135], [78.1685029687613, 12.18080269788598], [78.16859475096338, 12.180801643200953], [78.16859689516112, 12.18098223038166], [78.16868867740811, 12.180981175651718], [78.16868974954741, 12.181071469228597], [78.16832262037076, 12.181075688004631], [78.16832369239327, 12.181165981617443], [78.16814012769265, 12.181168090843764], [78.16813905572404, 12.181077797212986], [78.1682308380519, 12.181076742626775], [78.16822655015947, 12.180715568139599], [78.1681347679574, 12.18071662269886], [78.16813262412796, 12.180536035428323]]]}, "id": "+4484+5150", "properties": {"count": 23, "water": 1}}, {"type": "Feature", "geometry": {"geodesic": false, "type": "MultiPolygon", "coordinates": [[[[78.16884158709068, 12.186126853438402], [78.16884373242029, 12.186307440502329], [78.16875194834971, 12.18630849574431], [78.16874980308297, 12.186127908653434], [78.16884158709068, 12.186126853438402]]], [[[78.16884158709068, 12.186126853438402], [78.16884051443935, 12.18603655990644], [78.16893229840213, 12.186035504655477], [78.16893122573283, 12.185945211132497], [78.16902300965968, 12.185944155863567], [78.16902193696343, 12.18585386234957], [78.16911372085436, 12.18585280705369], [78.16911157542593, 12.18567222003468], [78.16920335924497, 12.185671164729817], [78.1692012137896, 12.185490577719792], [78.169384781275, 12.185488467056166], [78.1693837084979, 12.185398173560136], [78.16984262690146, 12.185392896406999], [78.16984155398063, 12.185302602955884], [78.17020868843039, 12.185298380721337], [78.17020761539278, 12.185208087297172], [78.17075831662726, 12.185201753078474], [78.17076046307976, 12.185382339819006], [78.17085224664729, 12.18538128399312], [78.17085868640905, 12.185923044151833], [78.17076690265287, 12.185924100031617], [78.17076797594201, 12.1860143933929], [78.17058440833983, 12.186016505071622], [78.17058548158406, 12.18610679845087], [78.17012656228218, 12.18611207714911], [78.17012763537369, 12.18620237056429], [78.16994406752897, 12.186204481847753], [78.16994514056657, 12.186294775280901], [78.16976157262305, 12.186296886456567], [78.16976264561573, 12.186387179907681], [78.16912015733726, 12.1863945681197], [78.16912123011436, 12.186484861624715], [78.16875409365237, 12.186489082817218], [78.16875302099206, 12.186398789276272], [78.16893658918711, 12.186396678756378], [78.1689355164729, 12.186306385233397], [78.16902730052551, 12.186305329937518], [78.16902622780232, 12.18621503642352], [78.16893444377666, 12.186216091710419], [78.1689333710894, 12.186125798187438], [78.16884158709068, 12.186126853438402]]]]}, "id": "+4510+5098", "properties": {"count": 203, "water": 1}}, {"type": "Feature", "geometry": {"geodesic": false, "type": "Polygon", "coordinates": [[[78.17055012393939, 12.035476681932108], [78.17128398293764, 12.035468337310755], [78.17128504275205, 12.035558631606285], [78.17137677512459, 12.035557588383762], [78.17137889484323, 12.035738176956858], [78.17147062726069, 12.03573713368942], [78.17147168716492, 12.035827427966984], [78.17137995471154, 12.035828471243406], [78.17138101458882, 12.035918765529953], [78.17128928210849, 12.035919808788407], [78.17129140182713, 12.036100397370486], [78.17119966927493, 12.036101440610974], [78.17119860943357, 12.03601114630646], [78.17110687689934, 12.036012189511018], [78.1711058171029, 12.03592189519752], [78.17101408458664, 12.035922938366143], [78.17101302482614, 12.035832644043664], [78.17092129233681, 12.035833687167372], [78.17092023261223, 12.035743392844891], [78.17064503518021, 12.035746522018385], [78.17064291594667, 12.035565933310544], [78.17055118351125, 12.035566976290522], [78.17055012393939, 12.035476681932108]]]}, "id": "+4535+6756", "properties": {"count": 37, "water": 1}}, {"type": "Feature", "geometry": {"geodesic": false, "type": "MultiPolygon", "coordinates": [[[[78.17045309395009, 12.035026253021208], [78.17045627246804, 12.035297136141363], [78.17036454011348, 12.035298179031509], [78.17036348062247, 12.03520788465513], [78.17027174828586, 12.035208927518326], [78.17027068883976, 12.03511863312398], [78.17036242114942, 12.03511759027875], [78.17036136167637, 12.035027295893387], [78.17045309395009, 12.035026253021208]]], [[[78.17045309395009, 12.035026253021208], [78.17045203445907, 12.034935958653813], [78.17054376668789, 12.034934915754684], [78.17054270717891, 12.034844621396271], [78.17072617154669, 12.03484253553513], [78.17072511198381, 12.034752241185702], [78.17100030838277, 12.03474911219187], [78.17099924873904, 12.034658817860407], [78.17109098082412, 12.034657774808563], [78.17108992115344, 12.034567480495067], [78.17118165320258, 12.034566437425259], [78.17118059351394, 12.03447614311176], [78.1713640575224, 12.034474056891295], [78.17136511727392, 12.034564351186825], [78.17127338524274, 12.034565394319516], [78.1712744449763, 12.03465568862403], [78.17118271290919, 12.034656731729772], [78.17118483233139, 12.034837320347782], [78.17109310019242, 12.03483836344454], [78.17109521958767, 12.035018952080518], [78.1710034873858, 12.03501999515931], [78.17100666645173, 12.03529087812675], [78.17091493414208, 12.035291921205543], [78.17091387447141, 12.035201626874079], [78.1708221421887, 12.035202669916938], [78.17082108256294, 12.035112375576492], [78.17072935028922, 12.035113418574436], [78.17072829069939, 12.035023124225006], [78.17045309395009, 12.035026253021208]]]]}, "id": "+4536+6767", "properties": {"count": 34, "water": 1}}, {"type": "Feature", "geometry": {"geodesic": false, "type": "Polygon", "coordinates": [[[78.17147380699136, 12.036008016522112], [78.17156553949864, 12.036006973200776], [78.17156447954949, 12.035916678932194], [78.17165621201185, 12.03591563559289], [78.17165515203575, 12.035825341333291], [78.1717468844622, 12.03582429796704], [78.17174794446524, 12.035914592217654], [78.17183967690964, 12.035913548815468], [78.17184179700558, 12.036094137298731], [78.1720252619932, 12.036092050368596], [78.17202632211303, 12.036182344601244], [78.17211805462031, 12.036181301082278], [78.17211911478506, 12.03627159529696], [78.17221084731929, 12.03627055174206], [78.172211907511, 12.03636084594776], [78.17193670979151, 12.036363976549575], [78.17193776991135, 12.036454270782224], [78.17184603728728, 12.036455314265257], [78.17184497720338, 12.036365020023627], [78.17175324460626, 12.036366063470728], [78.1717521845583, 12.036275769220113], [78.17166045198813, 12.036276812631282], [78.17165939197609, 12.036186518371684], [78.1715676594239, 12.036187561737936], [78.17156659945678, 12.036097267469355], [78.17147486692255, 12.036098310799677], [78.17147380699136, 12.036008016522112]]]}, "id": "+4540+6752", "properties": {"count": 24, "water": 1}}, {"type": "Feature", "geometry": {"geodesic": false, "type": "Polygon", "coordinates": [[[78.1731686500656, 12.055314251761645], [78.1732603889689, 12.055313206230453], [78.1732593267021, 12.05522291224035], [78.17362628211761, 12.05521872986405], [78.17362521973403, 12.055128435900896], [78.17390043611152, 12.055125298831209], [78.17389937364707, 12.055035004886022], [78.17399111238868, 12.055033959148217], [78.17399217488904, 12.055124253075437], [78.17435912990032, 12.055120069773873], [78.17436231780567, 12.055390951465705], [78.17417884013385, 12.055393043228777], [78.17418415317468, 12.055844512784036], [78.17409241417258, 12.055845558656587], [78.17409347677176, 12.055935852574827], [78.17335956419798, 12.0559442185671], [78.17335743949369, 12.055763630595877], [78.17326570043768, 12.055764676198935], [78.17326251352947, 12.055493794219641], [78.17317077456329, 12.055494839759819], [78.1731686500656, 12.055314251761645]], [[78.17371908336855, 12.05530797815228], [78.17381082221794, 12.055306932441423], [78.17381188468238, 12.055397226386612], [78.17372014579706, 12.055398272106451], [78.17371908336855, 12.05530797815228]]]}, "id": "+4562+6539", "properties": {"count": 91, "water": 1}}, {"type": "Feature", "geometry": {"geodesic": false, "type": "Polygon", "coordinates": [[[78.17436444312082, 12.055571539257267], [78.17454792088247, 12.055569447341481], [78.17454367004558, 12.055208271821241], [78.174451931295, 12.055209317756677], [78.17445086863293, 12.055119023865387], [78.17472608478585, 12.055115885978235], [78.17472714752876, 12.055206179851558], [78.17463540879615, 12.055207225849875], [78.1746364715211, 12.055297519723197], [78.1748199490492, 12.055295427672664], [78.17481888626136, 12.055205133817308], [78.17509410239632, 12.05520199554388], [78.17509622816061, 12.055382583209676], [78.17491275062353, 12.055384675457839], [78.17491381346527, 12.05547496930421], [78.1748220746518, 12.05547601539236], [78.17482313746657, 12.055566309247716], [78.1747313986172, 12.055567355308915], [78.17473352420184, 12.055747943037593], [78.1748252631141, 12.055746896958428], [78.17482632595583, 12.055837190804802], [78.17436763115194, 12.055842420940115], [78.17436444312082, 12.055571539257267]]]}, "id": "+4570+6538", "properties": {"count": 33, "water": 1}}, {"type": "Feature", "geometry": {"geodesic": false, "type": "MultiPolygon", "coordinates": [[[[78.17580917896046, 12.146763811550821], [78.17581025039907, 12.14685410473244], [78.17571848048594, 12.14685515891441], [78.17571740908326, 12.14676486573279], [78.17580917896046, 12.146763811550821]]], [[[78.17841841285949, 12.150075121020286], [78.178510183635, 12.150074065670509], [78.17851232893767, 12.150254651503742], [78.17842055810826, 12.15025570688047], [78.17841841285949, 12.150075121020286]]], [[[78.17877476894517, 12.14916797043704], [78.17877369629385, 12.14907767754288], [78.17886546669207, 12.149076622148186], [78.17886653937035, 12.149166915042345], [78.17877476894517, 12.14916797043704]]], [[[78.17590094882868, 12.146762757341902], [78.17580917896046, 12.146763811550821], [78.17580810753084, 12.146673518378185], [78.17589987736312, 12.146672464178248], [78.17590094882868, 12.146762757341902]]], [[[78.17590094882868, 12.146762757341902], [78.17608448853817, 12.146760648843216], [78.1760855600666, 12.146850941988903], [78.17617732993482, 12.146849887690154], [78.17617840150817, 12.146940180826856], [78.17636194128951, 12.146938072112576], [78.17636301292575, 12.147028365240297], [78.17645478283889, 12.147027310824766], [78.17645692621016, 12.147207897062241], [78.17664046611728, 12.147205788114398], [78.17663832262922, 12.147025201903872], [78.17654655274303, 12.147026256382285], [78.17654333766365, 12.14675537704404], [78.17663510746, 12.146754322592574], [78.17663725090316, 12.1469349088031], [78.17682079059466, 12.14693279977441], [78.1768218623926, 12.147023092866197], [78.17691363225182, 12.147022038297953], [78.17691470408569, 12.147112331380757], [78.17719001372627, 12.147109167478394], [78.17718786988787, 12.146928581366684], [78.17709610007356, 12.146929636015777], [78.17709502819477, 12.146839342950939], [78.17672794900038, 12.14684356120595], [78.17672473378626, 12.14657268191262], [78.17681650350175, 12.146571627425223], [78.1768143600137, 12.146391041241648], [78.17699789930096, 12.146388932186007], [78.17699897110788, 12.146479225268811], [78.17727428007473, 12.146476061438314], [78.17727213629021, 12.146295475335586], [78.17736390587096, 12.146294420686493], [78.1773617620595, 12.146113834592748], [78.17745353155942, 12.146112779925689], [78.17745245963572, 12.1460224868878], [78.17763599856367, 12.146020377481815], [78.17763707055025, 12.146110670501738], [78.17754530105933, 12.14611172523168], [78.17754744499655, 12.146292311289491], [78.17763921455035, 12.146291256541584], [78.17764028655489, 12.146381549561507], [78.17782382569844, 12.146379439966877], [78.17781846541521, 12.14592797494811], [78.1779102348163, 12.145926920146305], [78.17791130688373, 12.146017213139277], [78.17818661513192, 12.146014048527245], [78.17818768730714, 12.146104341502252], [78.17827945673518, 12.146103286556716], [78.17828052894635, 12.14619357952274], [78.17837229839235, 12.14619252454127], [78.17837337064843, 12.14628281749831], [78.17846514012138, 12.146281762480909], [78.1784662124044, 12.146372055428966], [78.1785579819043, 12.14637100037563], [78.17856119891508, 12.146641879192854], [78.17865296849583, 12.146640824076638], [78.17865940293058, 12.14718258163922], [78.17847586339178, 12.147184691925553], [78.17847800814647, 12.1473652778037], [78.17866154781103, 12.147363167481435], [78.17866262026473, 12.147453460402543], [78.17875439011499, 12.147452405196494], [78.17875975266197, 12.14790386975712], [78.17866798265901, 12.147904925008085], [78.17867012768319, 12.148085510841318], [78.17876189774904, 12.148084455572388], [78.17876404286305, 12.148265041396638], [78.17867227273433, 12.148266096683534], [78.17867334526888, 12.148356389595659], [78.17876511542455, 12.14835533429978], [78.17876726059247, 12.148535920115046], [78.17885903080204, 12.14853486477425], [78.17886117606878, 12.148715450571551], [78.17867763551487, 12.148717561253143], [78.1786797806828, 12.148898147077393], [78.17858801033847, 12.148899202391238], [78.17859015547944, 12.149079788224473], [78.17849838506325, 12.149080843520352], [78.17849731251073, 12.148990550599244], [78.1783137717053, 12.148992661083206], [78.17831591668457, 12.149173246970339], [78.17840768715466, 12.149172191719375], [78.1784087596892, 12.149262484658449], [78.17850053017726, 12.14926142937155], [78.17850160274774, 12.149351722301644], [78.17859337326276, 12.149350666978814], [78.17859444587815, 12.149440959890939], [78.17868621641112, 12.149439904532176], [78.17868728906245, 12.149530197435318], [78.17859551849355, 12.149531252803063], [78.17859659112692, 12.149621545724171], [78.17878013230963, 12.149619434934783], [78.17878227771111, 12.149800020732084], [78.17869050706136, 12.149801076153727], [78.17868943439206, 12.149710783250585], [78.1785058931195, 12.149712893986075], [78.1785080383593, 12.149893479828291], [78.17841626765563, 12.149894535169087], [78.17841841285949, 12.150075121020286], [78.17823487129948, 12.15007723164798], [78.17823379875594, 12.149986938699922], [78.17814202798941, 12.14998799395987], [78.17814095548181, 12.149897701002828], [78.17795741398469, 12.149899811414926], [78.17795634154895, 12.149809518448903], [78.17786457081834, 12.149810573592069], [78.17786242603671, 12.149629987642054], [78.17777065536, 12.149631042740305], [78.17776958300512, 12.149540749756314], [78.17767781235537, 12.149541804818632], [78.17767566774441, 12.149361218823703], [78.17758389713957, 12.149362273850087], [78.17758282487452, 12.14927198083915], [78.17749105429664, 12.149273035820618], [78.17748783765418, 12.149002156778815], [78.17730429666011, 12.149004266598025], [78.17730322452081, 12.148913973569119], [78.17721145404174, 12.148915028424824], [78.17721038194736, 12.148824735377952], [78.17711861148626, 12.148825790197725], [78.17711646737835, 12.148645204094997], [78.17702469698014, 12.148646258869855], [78.17702362496661, 12.148555965814], [78.17693185458636, 12.14855702054394], [78.17693078261775, 12.148466727479102], [78.17683901225546, 12.14846778217311], [78.17683686839908, 12.148287196016483], [78.17674509809967, 12.148288250665576], [78.1767440262119, 12.148197957582772], [78.17665225593046, 12.148199012186948], [78.17665118408762, 12.14810871909516], [78.17655941382414, 12.148109773663405], [78.17655834201723, 12.148019480562635], [78.17646657178071, 12.148020535094947], [78.17646442825671, 12.147839948866455], [78.17637265807407, 12.14784100335385], [78.17637158635699, 12.147750710235114], [78.17627981619233, 12.147751764686577], [78.176277672848, 12.147571178422153], [78.17618590273723, 12.147572232819718], [78.176184831101, 12.147481939683013], [78.17609306101718, 12.147482994044646], [78.17609091784354, 12.147302407753271], [78.17590737776574, 12.147304516350772], [78.17590523475378, 12.147123930023465], [78.1758134647598, 12.147124984259333], [78.17581239329425, 12.147034691086697], [78.1759041632523, 12.147033636850828], [78.17590094882868, 12.146762757341902]], [[78.17709502819477, 12.146839342950939], [78.17709395632498, 12.146749049886099], [78.17718572607642, 12.146747995254973], [78.17718679797315, 12.146838288310828], [78.17709502819477, 12.146839342950939]], [[78.17608770315043, 12.147031528298244], [78.1761794730905, 12.147030473972544], [78.17618161626416, 12.147211060263919], [78.17608984627019, 12.1472121145986], [78.17608770315043, 12.147031528298244]], [[78.17681757526375, 12.146661920508029], [78.17700111473968, 12.146659811416455], [78.17700218657355, 12.146750104490277], [78.17681864703474, 12.146752213599816], [78.17681757526375, 12.146661920508029]], [[78.17848015294608, 12.14754586368185], [78.17857192284124, 12.147544808520717], [78.17857406773068, 12.1477253943809], [78.17848229777263, 12.147726449551016], [78.17848015294608, 12.14754586368185]]], [[[78.17877476894517, 12.14916797043704], [78.1787758415965, 12.149258263340181], [78.17850053017726, 12.14926142937155], [78.17849945761576, 12.149171136450443], [78.17877476894517, 12.14916797043704]]]]}, "id": "+4593+5532", "properties": {"count": 785, "water": 1}}, {"type": "Feature", "geometry": {"geodesic": false, "type": "MultiPolygon", "coordinates": [[[[78.17923653560108, 12.195669783624572], [78.17942010828772, 12.195667664543732], [78.17942118539469, 12.195757957087547], [78.17960475811726, 12.195755837862977], [78.17960691247494, 12.195936422914677], [78.17979048527836, 12.195934303537394], [78.17979479435304, 12.196295473568926], [78.17951943475715, 12.196298652679767], [78.17951835756932, 12.196208360144935], [78.17915121144146, 12.196212598504243], [78.1791501343884, 12.19612230594246], [78.17924192090238, 12.196121246406532], [78.17924084382237, 12.196030953853732], [78.17933263029144, 12.196029894290856], [78.17933155319345, 12.195939601747039], [78.1791479803002, 12.195941720818896], [78.17914905733532, 12.196032013380679], [78.17905727084826, 12.19603307287169], [78.17905942489153, 12.196213658013221], [78.17896763832364, 12.19621471749525], [78.17896656133344, 12.196124424924484], [78.17878298824256, 12.196126543780746], [78.17878191132424, 12.196036251183031], [78.17887369783824, 12.196035191781851], [78.17887262089296, 12.195944899193119], [78.17896440737103, 12.195943839764988], [78.17896333040778, 12.19585354718524], [78.17914690327407, 12.195851428248131], [78.17914582624795, 12.195761135686348], [78.17923761264517, 12.195760076186353], [78.17923653560108, 12.195669783624572]]], [[[78.17923653560108, 12.195669783624572], [78.1791447492398, 12.195670843124567], [78.17914367224061, 12.195580550553801], [78.17923545856597, 12.195579491071772], [78.17923653560108, 12.195669783624572]]]]}, "id": "+4601+4982", "properties": {"count": 43, "water": 1}}, {"type": "Feature", "geometry": {"geodesic": false, "type": "MultiPolygon", "coordinates": [[[[78.18787246190787, 12.06507982978624], [78.18768898006785, 12.065081932104517], [78.18768791208777, 12.064991639443921], [78.18759617118123, 12.064992690553652], [78.18759510323707, 12.064902397884072], [78.18741162145994, 12.064904499986753], [78.18741055358765, 12.064814207299206], [78.18731881271705, 12.064815258301138], [78.1873156092439, 12.06454438021155], [78.18740735001568, 12.064543329236567], [78.18740628217932, 12.064453036549022], [78.18749802291516, 12.06445198555607], [78.18749909078747, 12.064542278234635], [78.18759083154129, 12.064541227196768], [78.1875929673757, 12.064721812544912], [78.18768470818343, 12.06472076146213], [78.18768577614554, 12.064811054122726], [78.1878692577969, 12.06480895185835], [78.18787246190787, 12.06507982978624]]], [[[78.18796527090228, 12.065169071220327], [78.18805701183577, 12.065168019975848], [78.18805807995959, 12.065258312609496], [78.1882415618535, 12.065256210012741], [78.18824263004919, 12.065346502628422], [78.18842611197005, 12.06534439989692], [78.18842718022862, 12.065434692485653], [78.18861066218541, 12.065432589628386], [78.18861173051585, 12.065522882199152], [78.1885199895105, 12.065523933659225], [78.18852319447485, 12.065794811407454], [78.18833971225756, 12.065796914273703], [78.18834078053409, 12.065887206871418], [78.18824903938501, 12.06588825826861], [78.1882479711444, 12.065797965661911], [78.18815623001329, 12.06579901702317], [78.18815302542623, 12.065528139176127], [78.18806128437598, 12.065529190483488], [78.18805914809239, 12.06534860523416], [78.18796740709604, 12.065349656487621], [78.18796527090228, 12.065169071220327]]], [[[78.18787246190787, 12.06507982978624], [78.1879642028144, 12.06507877858668], [78.18796527090228, 12.065169071220327], [78.18787352995982, 12.06517012242887], [78.18787246190787, 12.06507982978624]]]]}, "id": "+4708+6433", "properties": {"count": 49, "water": 1}}, {"type": "Feature", "geometry": {"geodesic": false, "type": "Polygon", "coordinates": [[[78.22350841383984, 12.182603287437473], [78.22369196956627, 12.182601141137681], [78.22368869696777, 12.182330275040602], [78.22378047472318, 12.182329201868248], [78.22377502042228, 12.181877758391082], [78.22368324281956, 12.181878831518521], [78.22367778888696, 12.181427387978474], [78.22376956633697, 12.18142631489595], [78.22377065713427, 12.181516603594977], [78.2241377669612, 12.181512310914544], [78.22413885789325, 12.181602599577637], [78.22423063536121, 12.181601526324433], [78.2242317263292, 12.181691814987529], [78.22450705876902, 12.181688595012325], [78.2245081498448, 12.18177888364847], [78.2244163723409, 12.18177995700947], [78.22441746338973, 12.181870245645614], [78.22432568584989, 12.181871318988648], [78.22432895896046, 12.182142184933014], [78.22460429183147, 12.182138964742213], [78.22460647413573, 12.182319541987553], [78.22451469646116, 12.182320615429402], [78.22451578759981, 12.182410904056564], [78.22442400988032, 12.182411977480445], [78.22442510099204, 12.18250226611659], [78.2243333232366, 12.182503339513524], [78.22433441432138, 12.182593628149666], [78.22424263653001, 12.182594701528634], [78.22424372759681, 12.182684990182745], [78.2235095046551, 12.182693576154465], [78.22350841383984, 12.182603287437473]]]}, "id": "+5088+5133", "properties": {"count": 97, "water": 1}}]}