{"type": "FeatureCollection", "columns": {"count": "Long<0, 4294967295>", "system:index": "String", "water": "Byte<0, 1>"}, "features": [{"type": "Feature", "geometry": {"geodesic": false, "type": "Polygon", "coordinates": [[[77.89397888553717, 10.348743141974651], [77.8940701120055, 10.348742321669066], [77.89406928352523, 10.348651993929257], [77.89434296278645, 10.348649532859788], [77.89434379133857, 10.348739860581631], [77.89443501777096, 10.34873904016825], [77.894435846368, 10.348829367872124], [77.89461829925972, 10.348827726955527], [77.89461912791064, 10.34891805465042], [77.89471035436998, 10.348917234147207], [77.89471118305686, 10.349007561833115], [77.89480240954313, 10.34900674129397], [77.89480489572051, 10.349277724333731], [77.89507857535004, 10.349275262491712], [77.89508106183285, 10.34954624545961], [77.89480738197874, 10.349548707364512], [77.89480655322001, 10.349458379687585], [77.89471532660797, 10.349459200262665], [77.89471449788516, 10.349368872576754], [77.8943495914729, 10.349372154589611], [77.8943487628579, 10.349281826876753], [77.89425753626382, 10.349282647308101], [77.89425670768475, 10.349192319586258], [77.89416548110864, 10.349193139981676], [77.8941629954972, 10.348922156789198], [77.89398054247073, 10.348923797472233], [77.89397888553717, 10.348743141974651]]]}, "id": "+1700+5459", "properties": {"count": 56, "water": 1}}, {"type": "Feature", "geometry": {"geodesic": false, "type": "Polygon", "coordinates": [[[77.91021041094322, 10.347874109145712], [77.9103016358305, 10.34787328431262], [77.91030246889217, 10.34796361074987], [77.91048491871165, 10.347961960975885], [77.91048325248951, 10.347781308128331], [77.91057447733188, 10.347780483223373], [77.91057281109177, 10.347599830384802], [77.91075526065973, 10.347598180520984], [77.91075692699864, 10.347778833323622], [77.91084815182305, 10.347778008337816], [77.91085148469851, 10.34813931391614], [77.91094270962174, 10.348138488876435], [77.91094354288103, 10.348228815259787], [77.9110347678222, 10.348227990184148], [77.911038101057, 10.348589295690608], [77.911129326097, 10.34858847056107], [77.91113265956535, 10.3489497760316], [77.91122388469518, 10.348948950848161], [77.91122638494916, 10.349219929917371], [77.91131761015085, 10.349219104689018], [77.91132094404142, 10.349580410078698], [77.91104726811294, 10.349582885790705], [77.9110456013069, 10.349402233050949], [77.9108631507508, 10.349403883363925], [77.91086231741066, 10.349313556980572], [77.91077109214609, 10.349314382092144], [77.91076942554666, 10.349133729307471], [77.910678200327, 10.349134554374128], [77.9106773670677, 10.34904422797281], [77.910586141866, 10.349045053012516], [77.91058447541032, 10.348864400191912], [77.91049325025354, 10.348865225186703], [77.91049241706611, 10.348774898767417], [77.91040119192729, 10.348775723735258], [77.9104003587758, 10.34868539730699], [77.91030913365496, 10.348686222238898], [77.91030746741485, 10.348505569373378], [77.91021624233892, 10.348506394260372], [77.91021041094322, 10.347874109145712]]]}, "id": "+1880+5469", "properties": {"count": 135, "water": 1}}, {"type": "Feature", "geometry": {"geodesic": false, "type": "Polygon", "coordinates": [[[77.91404893272369, 10.368345117275204], [77.91414016322544, 10.3683442897292], [77.91414099907188, 10.368434615744242], [77.91423222958261, 10.368433788171286], [77.9142305578538, 10.368253136159167], [77.91432178831064, 10.368252308568245], [77.91432095242827, 10.368161982571168], [77.91441218284918, 10.368161154971263], [77.9144130187585, 10.368251480959357], [77.91450424919736, 10.36825065332352], [77.91450341327008, 10.368160327335424], [77.91477710446992, 10.368157844293165], [77.91477794047805, 10.36824817025431], [77.91486917088997, 10.368247342519657], [77.91486749882878, 10.368066690606351], [77.91495872917783, 10.368065862853733], [77.9149612373729, 10.368336840701232], [77.91505246779381, 10.368336012903699], [77.91505497613264, 10.368606990724249], [77.91532866758399, 10.368604507098086], [77.91532699519043, 10.368423855265627], [77.91541822561133, 10.368423027360295], [77.91542157052423, 10.36878433099826], [77.91551280104395, 10.368783503030047], [77.91551447359922, 10.368964154835554], [77.91560570415486, 10.368963326822424], [77.9156082131225, 10.369234304499244], [77.915699443759, 10.369233476450182], [77.91570195287036, 10.369504454100053], [77.91579318356976, 10.36950362599709], [77.9157948564035, 10.3696842777487], [77.91570362565919, 10.369685105860645], [77.91570446206259, 10.36977543174094], [77.91561323127337, 10.369776259843903], [77.91561406765881, 10.369866585724198], [77.91543160600851, 10.369868241858256], [77.91543244234902, 10.3699585677655], [77.91515874974782, 10.369961051786925], [77.91516376747649, 10.37050300732023], [77.914981305395, 10.370504663301574], [77.91498046913533, 10.370414337367379], [77.91488923810357, 10.370415165308643], [77.91488840187985, 10.370324839365464], [77.91479717087503, 10.370325667270798], [77.91479549849943, 10.370145015375458], [77.91488672945933, 10.37014418747911], [77.91488505707474, 10.36996353558377], [77.91479382616875, 10.369964363471135], [77.91479048157925, 10.369603059653508], [77.91469925077207, 10.369603887477991], [77.91469841466512, 10.369513561516847], [77.9146071838759, 10.3695143893054], [77.91460634781387, 10.369424063335272], [77.91451511703364, 10.36942489108789], [77.91451344498144, 10.369244239129669], [77.91442221424612, 10.369245066855337], [77.91442137825595, 10.369154740867243], [77.91433014754759, 10.369155568547997], [77.91432931158437, 10.36906524255092], [77.91423808089397, 10.369066070204724], [77.91423724497567, 10.368975744198664], [77.91414601429425, 10.368976571825518], [77.91414434252052, 10.368795919795431], [77.91423557314803, 10.368795092195526], [77.9142347372477, 10.368704766189467], [77.91414350664714, 10.368705593789372], [77.91414267078272, 10.368615267774329], [77.91405144020013, 10.3686160953383], [77.91404893272369, 10.368345117275204]], [[77.91469089010681, 10.368700627821633], [77.91496458172885, 10.368698144491912], [77.91496541784478, 10.36878847043509], [77.9146917261419, 10.36879095379176], [77.91469089010681, 10.368700627821633]], [[77.91524579925668, 10.369508594219601], [77.91533703000097, 10.369507766251388], [77.9153378662786, 10.369598092158633], [77.91542909704087, 10.369597264154486], [77.91542993335443, 10.369687590052749], [77.9153387025742, 10.369688418065879], [77.9153395388698, 10.369778743982106], [77.91524830805363, 10.36977957197727], [77.91524579925668, 10.369508594219601]]]}, "id": "+1924+5242", "properties": {"count": 246, "water": 1}}, {"type": "Feature", "geometry": {"geodesic": false, "type": "Polygon", "coordinates": [[[77.91469270685066, 10.359034918965685], [77.91478393460356, 10.359034091976635], [77.91478309935002, 10.358943765961593], [77.91487432706698, 10.358942938954575], [77.91487349179548, 10.358852612948516], [77.9149647194855, 10.358851785923532], [77.91496555478396, 10.358942111920609], [77.91505678248298, 10.358941284859693], [77.91505761781737, 10.35903161085677], [77.91514884554333, 10.359030783759922], [77.91514717482961, 10.358850131792718], [77.91523840249269, 10.358849304686887], [77.91523756712236, 10.358758978707776], [77.91514633948624, 10.358759805804624], [77.91514550415184, 10.35866947981653], [77.91523673176101, 10.358668652728664], [77.91523589640865, 10.358578326749553], [77.9153271239819, 10.35857749963474], [77.9153279593612, 10.35866782561385], [77.9154191869614, 10.358666998472085], [77.91542002237665, 10.35875732443323], [77.91551124998583, 10.358756497264517], [77.91551626278275, 10.359298453004433], [77.915333807241, 10.359300107413725], [77.91533464268319, 10.35939043337487], [77.9152434148674, 10.359391260552567], [77.91524174404589, 10.359210608594346], [77.91515051627502, 10.359211435736109], [77.91514968090468, 10.359121109748015], [77.9147847698661, 10.359124417991678], [77.91478560513761, 10.359214744006723], [77.9146943773308, 10.359215571004755], [77.91469270685066, 10.359034918965685]]]}, "id": "+1929+5347", "properties": {"count": 37, "water": 1}}, {"type": "Feature", "geometry": {"geodesic": false, "type": "MultiPolygon", "coordinates": [[[[77.91576558622828, 10.366522871812577], [77.9156743563823, 10.366523699672994], [77.91567352025739, 10.366433373774731], [77.91539983077332, 10.366435857176318], [77.91540066682639, 10.366526183092546], [77.91521820707153, 10.366527838579817], [77.91521904307967, 10.366618164514012], [77.91503658324397, 10.36661981991145], [77.91503574729872, 10.36652949395929], [77.91476205757212, 10.366531976839854], [77.91476122170772, 10.366441650869726], [77.91439630207226, 10.366444960981884], [77.91439797360344, 10.366625612985022], [77.9143067436227, 10.366626440468146], [77.91430590787509, 10.366536114453103], [77.91421467791231, 10.366536941900295], [77.91421217081317, 10.36626596384618], [77.91430340069509, 10.366265136416956], [77.9143025649834, 10.366174810401912], [77.91448502467537, 10.366173155498547], [77.91448418891876, 10.366082829492486], [77.91475787832196, 10.366080346962267], [77.91475704249349, 10.365990020983157], [77.91521319121136, 10.365985882938714], [77.9152123552661, 10.36589555700452], [77.91530358495937, 10.365894729323767], [77.91530274898717, 10.365804403389571], [77.91557643795021, 10.365801920221548], [77.91557727399427, 10.365892246137777], [77.9156685036606, 10.365891418358208], [77.91567101192754, 10.366162396061979], [77.91576224165675, 10.366161568237494], [77.91576558622828, 10.366522871812577]]], [[[77.91576809472879, 10.36679384949838], [77.91577060330118, 10.36706482716622], [77.91567937330248, 10.367065655071551], [77.91568104567808, 10.367246306868076], [77.9155898156165, 10.367247134755441], [77.91558647101802, 10.366885831135443], [77.9156777009718, 10.366885003275026], [77.91567686481095, 10.366794677376763], [77.91576809472879, 10.36679384949838]]], [[[77.91576558622828, 10.366522871812577], [77.9158568160563, 10.366522043934195], [77.91585932463767, 10.366793021593049], [77.91576809472879, 10.36679384949838], [77.91576558622828, 10.366522871812577]]]]}, "id": "+1931+5267", "properties": {"count": 104, "water": 1}}, {"type": "Feature", "geometry": {"geodesic": false, "type": "MultiPolygon", "coordinates": [[[[77.91716588525848, 10.360096491042219], [77.91725711311919, 10.360095663271634], [77.91725794917224, 10.360185989080065], [77.91734917705091, 10.360185161273547], [77.9173500131399, 10.360275487072995], [77.91744124103653, 10.360274659230544], [77.91744291329535, 10.360455310820457], [77.9175341412369, 10.360454482933092], [77.91753497739775, 10.360544808723555], [77.91744374943823, 10.36054563661092], [77.91744458558112, 10.360635962401386], [77.91726212958123, 10.360637618113236], [77.91726129348326, 10.360547292304805], [77.91717006549679, 10.360548120120304], [77.9171683933817, 10.360367468485478], [77.91707716543117, 10.360368296256063], [77.91707549339692, 10.360187644612251], [77.91716672129357, 10.360186816859633], [77.91716588525848, 10.360096491042219]]], [[[77.91716588525848, 10.360096491042219], [77.91707465739778, 10.360097318794837], [77.91707382139862, 10.36000699296844], [77.91689136569518, 10.360008648374864], [77.9168905297589, 10.359918322530499], [77.9166168462217, 10.359920805420046], [77.91661601037526, 10.359830479557717], [77.9165247825415, 10.359831307130671], [77.91652394672201, 10.359740981259359], [77.91661517452881, 10.359740153695387], [77.91661433869136, 10.359649827833056], [77.91670556646224, 10.359649000251117], [77.91670389476037, 10.359468348535442], [77.91652143930845, 10.35947000364542], [77.91651976774135, 10.359289351902795], [77.9164285400603, 10.359290179403885], [77.91642770431268, 10.35919985352359], [77.91624524896855, 10.359201508435937], [77.91624357760806, 10.359020856639413], [77.91633480522621, 10.359020029210189], [77.91633396953249, 10.358929703320909], [77.91642519711472, 10.358928875873719], [77.91642185430388, 10.358567572343551], [77.91633062682047, 10.35856839975481], [77.91632728423421, 10.358207096179727], [77.91641851160983, 10.358206268795419], [77.91641767595203, 10.358115942906139], [77.91650890330071, 10.358115115503864], [77.91650723196715, 10.357934463743272], [77.91659845925294, 10.357933636323029], [77.91660180206377, 10.358294939817263], [77.91669302943939, 10.358294112343122], [77.91669386518701, 10.358384438214436], [77.91678509258958, 10.358383610704362], [77.91678759995821, 10.358654588273385], [77.91687882743264, 10.358653760718395], [77.91687966326111, 10.358744086571742], [77.91678843575974, 10.358744914126731], [77.91678927157923, 10.358835239980078], [77.91669804404192, 10.358836067526084], [77.91669971563599, 10.35901671924176], [77.9167909432272, 10.359015891686772], [77.91679177905566, 10.359106217540118], [77.91697423425606, 10.359104562331325], [77.91697507014742, 10.359194888175688], [77.91706629776557, 10.359194060521883], [77.91706880557439, 10.359465038010057], [77.91716003325543, 10.359464210311339], [77.91716086923661, 10.359554536137736], [77.91725209693563, 10.359553708403084], [77.91725460498698, 10.359824685837358], [77.91716337720712, 10.359825513589977], [77.91716588525848, 10.360096491042219]]]]}, "id": "+1943+5354", "properties": {"count": 127, "water": 1}}, {"type": "Feature", "geometry": {"geodesic": false, "type": "MultiPolygon", "coordinates": [[[[77.91748138371926, 10.364610296642832], [77.91748222021249, 10.364700622406346], [77.91729976185901, 10.364702278791933], [77.91730143476461, 10.364882930345912], [77.91721020552949, 10.364883758511755], [77.91721104196881, 10.364974084293237], [77.91702858340872, 10.364975740562041], [77.91702941980313, 10.36506606636149], [77.91693819049614, 10.365066894464452], [77.91693902687258, 10.36515722027288], [77.91675656815978, 10.365158876415922], [77.91675740450029, 10.365249202233336], [77.91666617510347, 10.365250030273415], [77.91666701141703, 10.365340356099813], [77.91648455256949, 10.36534201211709], [77.91648538883813, 10.365432337961453], [77.91630292990075, 10.365433993888898], [77.91630376612449, 10.365524319742244], [77.91621253661087, 10.365525147674527], [77.91621002804747, 10.365254170087537], [77.91611879860574, 10.36525499796592], [77.91611378182928, 10.36471304272906], [77.91602255254026, 10.364713870535578], [77.91602088038924, 10.364533218774985], [77.9159296511541, 10.36453404654557], [77.91592881511902, 10.364443720656292], [77.91620250274356, 10.364441237281655], [77.91620333885949, 10.364531563143984], [77.91638579728483, 10.364529907414168], [77.91638663346365, 10.364620233276499], [77.91656909191595, 10.364618577429901], [77.91656825568323, 10.364528251585538], [77.91665948487343, 10.36452742363529], [77.91665864863174, 10.36443709779991], [77.91702356520395, 10.364433785756374], [77.91702272886343, 10.364343459947943], [77.91711395796382, 10.364342631880913], [77.91711646708417, 10.364613609270274], [77.91748138371926, 10.364610296642832]]], [[[77.91748138371926, 10.364610296642832], [77.91747971075077, 10.364429645115802], [77.91738848165937, 10.364430473290628], [77.91738764521106, 10.36434014751813], [77.91729641613763, 10.364340975666007], [77.91729557972525, 10.364250649884527], [77.91720435066979, 10.36425147799647], [77.9172026779169, 10.364070826415542], [77.91729390692744, 10.36406999831258], [77.91729307053303, 10.3639796725311], [77.91720184155842, 10.363980500625077], [77.91719849618738, 10.363619197454236], [77.9171072673026, 10.363620025485332], [77.91710475843378, 10.363349048078007], [77.91701352962086, 10.363349876064188], [77.91701269337915, 10.363259550255757], [77.91710392216513, 10.363258722278559], [77.91710224963681, 10.363078070670682], [77.9171934783599, 10.363077242675518], [77.91719431464652, 10.363167568474966], [77.91728554338758, 10.36316674044387], [77.91728219818722, 10.362805437282011], [77.91737342682048, 10.362804609259898], [77.9173725905159, 10.362714283478416], [77.91755504770157, 10.362712627371309], [77.9175567204275, 10.362893278916305], [77.91764794906076, 10.36289245080436], [77.91764878546415, 10.362982776567875], [77.91774001411538, 10.362981948428981], [77.91774085055471, 10.363072274183512], [77.9178320792239, 10.363071446008686], [77.91783124276661, 10.362981120263138], [77.91792247139986, 10.362980292070343], [77.9179216349246, 10.362889966333778], [77.91819532071658, 10.362887481629635], [77.91819615727269, 10.362977807348235], [77.91837861447632, 10.362976150738069], [77.9183794510953, 10.363066476438702], [77.9185619083169, 10.363064819702773], [77.918561071653, 10.362974494020106], [77.91865230023237, 10.362973665620702], [77.91865146354151, 10.362883339938035], [77.91874269208493, 10.362882511520663], [77.91874352879375, 10.362972837194347], [77.91892598591654, 10.362971180278754], [77.91892682268825, 10.363061505934471], [77.91901805125862, 10.363060677427267], [77.9190213985251, 10.363421980023187], [77.91893016985591, 10.36342280855734], [77.91893184348017, 10.363603459868774], [77.91884061474809, 10.363604288393944], [77.91884228835438, 10.36378493971436], [77.91902474592632, 10.363783282610123], [77.91902558279685, 10.363873608256856], [77.9187518963491, 10.363876093895248], [77.91875273314776, 10.363966419559949], [77.91847904655627, 10.36396890500071], [77.91847988328307, 10.364059230683377], [77.91829742546858, 10.364060887527103], [77.91829826215044, 10.364151213227736], [77.91811580425511, 10.364152869981632], [77.91811664089207, 10.364243195700231], [77.9179341829069, 10.364244852364294], [77.91793501949894, 10.36433517810086], [77.91784379047043, 10.364336006401452], [77.9178446270445, 10.364426332138017], [77.91775339798005, 10.364427160420641], [77.91775423454514, 10.36451748616619], [77.91766300544477, 10.364518314430848], [77.9176638419829, 10.364608640176398], [77.91748138371926, 10.364610296642832]], [[77.91801871921706, 10.363521418243046], [77.91810994800302, 10.363520589951438], [77.91811162117813, 10.363701241388636], [77.91829407881295, 10.363699584715588], [77.91829658879568, 10.36397056182647], [77.91802290208743, 10.363973046871974], [77.91801871921706, 10.363521418243046]], [[77.91847653642083, 10.363697927925761], [77.91856776521578, 10.363697099499406], [77.91856860194257, 10.363787425182073], [77.91847737312965, 10.363788253617411], [77.91847653642083, 10.363697927925761]]]]}, "id": "+1953+5301", "properties": {"count": 373, "water": 1}}, {"type": "Feature", "geometry": {"geodesic": false, "type": "MultiPolygon", "coordinates": [[[[77.91963321848147, 10.36052576016355], [77.91972444626133, 10.360524931656348], [77.91972360946266, 10.360434606054529], [77.91981483721558, 10.36043377752936], [77.91981400039896, 10.360343451927541], [77.91990522811594, 10.360342623384406], [77.91990606495052, 10.360432948977241], [77.91999729268547, 10.360432120398173], [77.91999896643549, 10.360612771565876], [77.91990773864664, 10.36061360016291], [77.9199094123787, 10.360794251339598], [77.91981818452697, 10.360795079918667], [77.91981734769239, 10.360704754325832], [77.91972611986762, 10.360705582868967], [77.91972695668423, 10.36079590847977], [77.91963572882352, 10.36079673700494], [77.91963321848147, 10.36052576016355]]], [[[77.91963321848147, 10.36052576016355], [77.9194507628948, 10.360527417106093], [77.91944908947715, 10.360346765848558], [77.91935786172425, 10.360347594256947], [77.91935702505135, 10.360257268619195], [77.91926579731641, 10.360258097000635], [77.91926496067946, 10.3601677713539], [77.91953864377649, 10.360165286155684], [77.91954115394788, 10.36043626302402], [77.91963238170976, 10.36043543455275], [77.91963321848147, 10.36052576016355]]]]}, "id": "+1975+5329", "properties": {"count": 21, "water": 1}}, {"type": "Feature", "geometry": {"geodesic": false, "type": "Polygon", "coordinates": [[[77.92009605274914, 10.361244221974957], [77.92018728069968, 10.361243393279107], [77.92018644371238, 10.361153067713222], [77.92027767163597, 10.361152238999406], [77.92027683463071, 10.361061913442503], [77.92045929038805, 10.361060255951989], [77.92045845334685, 10.36096993040407], [77.92064090901437, 10.360968272823724], [77.92064007192825, 10.36087794729377], [77.9208225275239, 10.360876289623594], [77.92082336466392, 10.360966615144564], [77.92091459247072, 10.360965786260069], [77.92091542964667, 10.361056111772054], [77.92100665748042, 10.36105528286061], [77.9210074946923, 10.36114560835463], [77.92082503897089, 10.361147266168537], [77.92082587613785, 10.361237591689507], [77.92073464824122, 10.36123842056502], [77.9207338111012, 10.361148095044049], [77.92064258322253, 10.36114892388363], [77.92064174611845, 10.361058598353678], [77.92055051825774, 10.361059427166307], [77.92055135533488, 10.361149752705243], [77.92046012744721, 10.361150581490925], [77.92046263865166, 10.3614215581257], [77.92064509458866, 10.36141990047349], [77.92064425745764, 10.361329574943536], [77.92110039703067, 10.361325430395294], [77.92110290883699, 10.36159640686837], [77.9210116808595, 10.361597235851681], [77.92101502993158, 10.361958537836745], [77.92092380183732, 10.361959366820056], [77.92092463910309, 10.36204969232306], [77.92055972656432, 10.362053008040707], [77.92056056373129, 10.362143333570659], [77.92046933554718, 10.362144162446173], [77.92046849840717, 10.362053836907236], [77.9202860420749, 10.362055494559446], [77.92028436792963, 10.361874843454626], [77.92037559604186, 10.361874014650978], [77.92037392186964, 10.361693363555139], [77.9202826938113, 10.36169419234082], [77.92028101971992, 10.361513541227016], [77.92018979169751, 10.361514369976764], [77.92018895469225, 10.361424044410878], [77.92009772668781, 10.36142487311571], [77.92009605274914, 10.361244221974957]]]}, "id": "+1989+5321", "properties": {"count": 88, "water": 1}}, {"type": "Feature", "geometry": {"geodesic": false, "type": "Polygon", "coordinates": [[[77.93444019045245, 10.353616040513213], [77.93480508869004, 10.353612711734062], [77.93480592923467, 10.353703036150105], [77.93498837835347, 10.35370137158985], [77.93499005956848, 10.353882020403967], [77.93489883495968, 10.353882852711044], [77.9348996755582, 10.353973177127086], [77.93499090019395, 10.353972344811025], [77.9349925814539, 10.354152993625144], [77.93481013207459, 10.354154658257263], [77.93480929148504, 10.354064333832238], [77.93471806681336, 10.354065166103382], [77.93471722625975, 10.353974841678358], [77.93462600160602, 10.353975673922553], [77.93462516108835, 10.353885349479562], [77.93453393644361, 10.353886181687823], [77.9345322554891, 10.35370553280184], [77.93444103089826, 10.353706364965188], [77.93444019045245, 10.353616040513213]]]}, "id": "+2143+5400", "properties": {"count": 22, "water": 1}}, {"type": "Feature", "geometry": {"geodesic": false, "type": "MultiPolygon", "coordinates": [[[[77.93762547397714, 10.3527739819363], [77.93771669804694, 10.352773148937521], [77.93771838066334, 10.352953797320447], [77.9376271565486, 10.35295463032821], [77.93762547397714, 10.3527739819363]]], [[[77.93780455683905, 10.352411019190853], [77.93780287425861, 10.35223037081691], [77.93798532203891, 10.3522287047924], [77.93798616337405, 10.352319028965898], [77.93789493946593, 10.352319861991628], [77.93789578078311, 10.352410186174108], [77.93780455683905, 10.352411019190853]]], [[[77.93780455683905, 10.352411019190853], [77.93780623945545, 10.352591667555814], [77.93771501544852, 10.352592500554593], [77.93771585674773, 10.352682824746058], [77.93762463270487, 10.352683657735854], [77.93762547397714, 10.3527739819363], [77.93744302582851, 10.352775647844028], [77.93744218460117, 10.352685323625616], [77.93735096054033, 10.352686156534563], [77.93734927817547, 10.352505508088756], [77.93725805415956, 10.35250634096177], [77.93725721301305, 10.352416016734376], [77.93780455683905, 10.352411019190853]]]]}, "id": "+2178+5415", "properties": {"count": 22, "water": 1}}, {"type": "Feature", "geometry": {"geodesic": false, "type": "MultiPolygon", "coordinates": [[[[77.93807991142236, 10.352589168388795], [77.9380815942274, 10.35276981670884], [77.93799037019352, 10.352770649806434], [77.93798868744237, 10.352590001468423], [77.93807991142236, 10.352589168388795]]], [[[77.93862220599782, 10.352042224654449], [77.93862136450097, 10.35195190053485], [77.9387125882474, 10.351951067320474], [77.93871342977118, 10.352041391440073], [77.93862220599782, 10.352042224654449]]], [[[77.93862220599782, 10.352042224654449], [77.93862388901844, 10.352222872893645], [77.9385326651822, 10.352223706099037], [77.93853350667904, 10.352314030227618], [77.93844228281583, 10.352314863415044], [77.93844312429471, 10.352405187543624], [77.93835190039557, 10.352406020713085], [77.93835442479627, 10.35267699313476], [77.93817197681834, 10.352678659437748], [77.93817113539336, 10.352588335282217], [77.93807991142236, 10.352589168388795], [77.93807822865325, 10.35240852006875], [77.93816945257933, 10.352407686971155], [77.93816776978328, 10.352227038660095], [77.93807654591109, 10.352227871739723], [77.93807570455799, 10.352137547575209], [77.93834937606674, 10.352135048291409], [77.93834853463278, 10.35204472414486], [77.93862220599782, 10.352042224654449]]]]}, "id": "+2186+5418", "properties": {"count": 27, "water": 1}}, {"type": "Feature", "geometry": {"geodesic": false, "type": "MultiPolygon", "coordinates": [[[[77.93977799968752, 10.387893328864145], [77.93968676562844, 10.38789416524059], [77.93968592084376, 10.387803841408452], [77.9397771548759, 10.387803005040992], [77.93977799968752, 10.387893328864145]]], [[[77.94032878384547, 10.38824960521537], [77.94042001795844, 10.388248768632312], [77.94042086298568, 10.38833909241055], [77.94032962884575, 10.388339928993608], [77.94032878384547, 10.38824960521537]]], [[[77.93977799968752, 10.387893328864145], [77.9398692337466, 10.387892492469733], [77.93987007858517, 10.387982816292887], [77.9400525467213, 10.387981143405248], [77.94005339163175, 10.388071467201454], [77.94032709385391, 10.388068957658893], [77.94032878384547, 10.38824960521537], [77.9402375497235, 10.388250441771477], [77.94023923968811, 10.38843108934592], [77.94014800550327, 10.388431925893046], [77.94014716054791, 10.38834160209684], [77.94005592638104, 10.388342438608033], [77.94005677131842, 10.38843276241322], [77.939783068701, 10.388435271812051], [77.93978391356653, 10.388525595635206], [77.93960144507108, 10.388527268450979], [77.93960060025945, 10.38843694461884], [77.93969183448921, 10.388436108224429], [77.93969098965962, 10.388345784401276], [77.93959975545681, 10.388346620777721], [77.93959891066315, 10.388256296945583], [77.9395076764783, 10.38825713329508], [77.93950598696284, 10.388076485603856], [77.93959722109379, 10.388075649263344], [77.9395963763181, 10.387985325422223], [77.93977884450813, 10.387983652696281], [77.93977799968752, 10.387893328864145]], [[77.9396893000184, 10.388165136737001], [77.93978053415833, 10.38816430034259], [77.9397813790059, 10.388254624165743], [77.939690144839, 10.38825546056914], [77.9396893000184, 10.388165136737001]]]]}, "id": "+2194+5021", "properties": {"count": 39, "water": 1}}, {"type": "Feature", "geometry": {"geodesic": false, "type": "MultiPolygon", "coordinates": [[[[77.93886825490448, 10.378416843385434], [77.9387770235134, 10.378417678746782], [77.93877617977975, 10.378327354788881], [77.93886741114387, 10.378326519436515], [77.93886825490448, 10.378416843385434]]], [[[77.94015309103678, 10.37921806027355], [77.94015393523755, 10.379308384114669], [77.93997147214995, 10.379310055681783], [77.93997062799409, 10.379219731822698], [77.94015309103678, 10.37921806027355]]], [[[77.93886825490448, 10.378416843385434], [77.9390507176597, 10.37841517259087], [77.93904987385419, 10.378324848659918], [77.93932356784778, 10.37832234228841], [77.93932188009302, 10.378141694462439], [77.93941311135835, 10.378140858966344], [77.939412267463, 10.378050535053358], [77.93950349869239, 10.378049699548278], [77.93950265477908, 10.377959375644275], [77.93968511717497, 10.377957704562252], [77.9396834292675, 10.377777056781197], [77.9400483537359, 10.37777371436562], [77.94004750969683, 10.377683390506533], [77.94013874076452, 10.377682554839758], [77.94013452052423, 10.377230935571275], [77.9400432895823, 10.377231771193134], [77.94004075760881, 10.376960799597908], [77.94013198847887, 10.376959963994015], [77.94013030048157, 10.376779316275842], [77.9400390696654, 10.376780151870753], [77.94003738175795, 10.376599504134612], [77.94012861251122, 10.376598668557667], [77.94012692458578, 10.376418020839495], [77.94040061665699, 10.376415514009846], [77.94040146069607, 10.376505837850967], [77.94049269140443, 10.37650500218419], [77.94049437956342, 10.376685649848465], [77.94058561030772, 10.376684814136773], [77.94058729854757, 10.37686546178308], [77.94067852933678, 10.376864626026473], [77.94068021766645, 10.377045273654815], [77.94086267932573, 10.377043602051767], [77.94086436779016, 10.377224249644176], [77.9410468295213, 10.377222577906382], [77.94104767382089, 10.377312901693603], [77.94113890469994, 10.377312065775298], [77.94113806038239, 10.37722174199706], [77.94122929123448, 10.377220906069773], [77.94123013557898, 10.377311229830045], [77.94141259731012, 10.377309557876655], [77.94141344170852, 10.377399881627944], [77.94150467258757, 10.377399045601841], [77.9415063614742, 10.377579693086453], [77.94159759239817, 10.377578857015434], [77.94159843687741, 10.377669180748757], [77.94150720593548, 10.377670016828757], [77.94150805039676, 10.377760340571063], [77.94169051233452, 10.377758668375128], [77.94169135685868, 10.37784899210845], [77.9418738188234, 10.377847319795736], [77.94187466341045, 10.37793764351109], [77.94196589440627, 10.377936807305325], [77.94196673902026, 10.378027131011699], [77.94214920103886, 10.37802545851932], [77.94215426921691, 10.378567400631793], [77.94224550037444, 10.378566564300264], [77.94224718988092, 10.37874721165911], [77.94215595866949, 10.378748047999624], [77.94215680340925, 10.37883837168803], [77.94224803464762, 10.37883753532955], [77.94224887941434, 10.378927859008975], [77.94215764815799, 10.378928695367453], [77.94216102721585, 10.379289990094131], [77.94206979585171, 10.37929082645261], [77.94207486451485, 10.379832768565084], [77.94198363298004, 10.379833604950512], [77.94198278821332, 10.379743281253122], [77.94189155669648, 10.379744117602618], [77.94189240143623, 10.379834441300007], [77.9417099383217, 10.379836113936117], [77.94170909363584, 10.379745790229745], [77.94161786209203, 10.379746626498392], [77.94161870675993, 10.379836950213749], [77.94134501201175, 10.379839458902909], [77.9413467012128, 10.380020106387521], [77.94116423790062, 10.380021778736168], [77.9411633933495, 10.379931454984881], [77.9408896984037, 10.379933963296748], [77.94088800948113, 10.379753315740272], [77.94079677786546, 10.379754151775359], [77.94079593344011, 10.379663827988137], [77.94052223863804, 10.379666335922714], [77.94052139430252, 10.379576012117525], [77.94043016271381, 10.37957684803583], [77.94042847411463, 10.379396200398505], [77.94024601100907, 10.379397872127317], [77.94024432254464, 10.37921722445406], [77.94015309103678, 10.37921806027355], [77.94015224684499, 10.379127736423445], [77.93996978384722, 10.37912940796361], [77.93996893971831, 10.379039084104525], [77.93969524524861, 10.3790415911857], [77.93969440120055, 10.378951267308649], [77.93978563267248, 10.378950431641872], [77.93978478860646, 10.378860107764819], [77.93960232570751, 10.378861779053455], [77.93960316972863, 10.378952102939492], [77.93951193823872, 10.378952938552368], [77.93951025026837, 10.378772290753348], [77.93923655592444, 10.378774797385367], [77.93923739982876, 10.378865121307335], [77.93914616833887, 10.378865956803432], [77.93914532446148, 10.37877563287248], [77.93905409298955, 10.378776468341627], [77.9390532491481, 10.378686144410675], [77.93868832328732, 10.378689485981836], [77.93868747955366, 10.37859916201495], [77.93877871100764, 10.378598326671568], [77.93877786725602, 10.378508002704685], [77.93886909867406, 10.378507167343335], [77.93886825490448, 10.378416843385434]], [[77.94088800948113, 10.379753315740272], [77.94088716502883, 10.379662991953051], [77.94097839660856, 10.3796621559], [77.94097924107882, 10.379752479669255], [77.94088800948113, 10.379753315740272]], [[77.93905156148318, 10.378505496530805], [77.93923402426535, 10.378503825619461], [77.93923486814273, 10.37859414954143], [77.93905240531564, 10.378595820470741], [77.93905156148318, 10.378505496530805]], [[77.941140593362, 10.377492713322791], [77.94123182429493, 10.377491877368556], [77.94123435742725, 10.377762848658353], [77.94114312641346, 10.37776368463954], [77.941140593362, 10.377492713322791]], [[77.94125124674274, 10.379569323818876], [77.94134247826858, 10.37956848766701], [77.94134332283765, 10.379658811409314], [77.94125209129386, 10.379659647570165], [77.94125124674274, 10.379569323818876]], [[77.9413230552099, 10.377491041387369], [77.9414142861249, 10.377490205379232], [77.94141513055024, 10.377580529121538], [77.9413238996083, 10.377581365138656], [77.9413230552099, 10.377491041387369]]]]}, "id": "+2202+5147", "properties": {"count": 739, "water": 1}}, {"type": "Feature", "geometry": {"geodesic": false, "type": "Polygon", "coordinates": [[[77.93960735895907, 10.389159535293905], [77.93978982783182, 10.389157862370334], [77.93978898291239, 10.389067538556164], [77.93997145169531, 10.389065865542761], [77.93997229665965, 10.389156189347949], [77.94006353106907, 10.38915535279184], [77.94006437606934, 10.389245676588045], [77.94015561049673, 10.389244839996003], [77.94015730057812, 10.389425487570447], [77.94033976950477, 10.389423814296533], [77.9403389244057, 10.389333490518295], [77.94043015883308, 10.389332653854389], [77.94042931371602, 10.389242330085134], [77.94061178248997, 10.389240656685457], [77.94061093733697, 10.389150332934168], [77.94070217168351, 10.389149496198396], [77.94069963617066, 10.388878524962497], [77.94088210469307, 10.388876851464005], [77.94088125948619, 10.388786527730682], [77.94106372791876, 10.388784854142358], [77.94106457317955, 10.388875177857713], [77.94124704163906, 10.38887350415261], [77.9412487322864, 10.38905415154739], [77.94133996656107, 10.389053314640938], [77.94133912121046, 10.38896299095253], [77.94161282389076, 10.38896048009843], [77.94161366932222, 10.38905080376887], [77.94170490356098, 10.389049966754621], [77.94170659450475, 10.389230614077535], [77.9416153602121, 10.389231451100768], [77.94161451476268, 10.389141127439311], [77.941523280488, 10.38914196442661], [77.94152497134193, 10.389322611776475], [77.94143373701336, 10.389323448763774], [77.94143458241787, 10.389413772443197], [77.94134334805337, 10.389414609403547], [77.94134165728926, 10.389233962026735], [77.94125042296966, 10.389234798951152], [77.94125126832027, 10.389325122648541], [77.94116003396475, 10.389325959554993], [77.9411608792974, 10.389416283252382], [77.94106964490594, 10.389417120140868], [77.94107049022062, 10.389507443856223], [77.94097925579322, 10.38950828071776], [77.9409784105055, 10.389417957002403], [77.94088717610505, 10.38941879383699], [77.94088802136584, 10.389509117561328], [77.94079678692049, 10.389509954377948], [77.9407984774151, 10.389690601844594], [77.94070724291585, 10.389691438643247], [77.94070639769099, 10.389601114909924], [77.9406151632097, 10.389601951681628], [77.94061685361449, 10.389782599175222], [77.9405256190793, 10.38978343592896], [77.94052646426822, 10.389873759689232], [77.94034399510801, 10.389875433142809], [77.94034568540499, 10.390056080681319], [77.93970704274238, 10.39006193706815], [77.93970619776907, 10.38997161325398], [77.93979743243003, 10.389970776706853], [77.93979151768863, 10.389338510007658], [77.93970028320734, 10.389339346500885], [77.9396994382969, 10.389249022668748], [77.93960820383357, 10.389249859126041], [77.93960735895907, 10.389159535293905]], [[77.9398819071966, 10.389247349682295], [77.93997314164196, 10.389246513144153], [77.93997398662425, 10.38933683694934], [77.93988275216094, 10.389337673487484], [77.9398819071966, 10.389247349682295]]]}, "id": "+2208+5010", "properties": {"count": 139, "water": 1}}, {"type": "Feature", "geometry": {"geodesic": false, "type": "MultiPolygon", "coordinates": [[[[77.94488455602324, 10.387575480563296], [77.94488540227218, 10.387665803973224], [77.94479416869818, 10.387666641777992], [77.94479755370288, 10.388027935444656], [77.94488878737569, 10.388027097612941], [77.94488963366953, 10.38811742102287], [77.9449808673693, 10.38811658315522], [77.9449800210485, 10.388026259754275], [77.94516248837614, 10.388024583956096], [77.94516333475084, 10.388114907339075], [77.94507210106006, 10.388115745260622], [77.94507379378251, 10.388296392044548], [77.9451650275182, 10.388295554105035], [77.94516587391085, 10.388385877496997], [77.94525710766452, 10.38838503952155], [77.94525456842365, 10.388114069390578], [77.94534580208747, 10.388113231424114], [77.94535003433823, 10.388564848267148], [77.94544126812782, 10.38856401022882], [77.94544380764717, 10.388834980314876], [77.94553504150862, 10.38883414223163], [77.94553673460835, 10.389014788925724], [77.945445500693, 10.389015627026934], [77.94544634723837, 10.389105950382964], [77.94535511328709, 10.38910678846621], [77.94535595980551, 10.38919711182224], [77.94480855580136, 10.389202139800682], [77.94480940217606, 10.38929246321061], [77.94490063621717, 10.389291625271097], [77.94490148261882, 10.389381948672042], [77.9447190144737, 10.389383624542088], [77.94471816811698, 10.389293301123175], [77.94444446591278, 10.389295814708156], [77.94444531217968, 10.389386138145033], [77.94417160982277, 10.389388651514418], [77.94417245602678, 10.389478974978246], [77.94389875352614, 10.389481488141017], [77.94389790740297, 10.389391164659223], [77.94380667324508, 10.389392002320259], [77.94380751934129, 10.389482325811036], [77.94362505095364, 10.389484001070226], [77.94362420490233, 10.389393677561483], [77.94353297072648, 10.389394515150654], [77.94353381674185, 10.389484838659397], [77.94335134830926, 10.389486513765874], [77.94335219427973, 10.389576837292584], [77.94280478862267, 10.389581862028109], [77.94280394280493, 10.389491538465466], [77.9426214742466, 10.389493213149734], [77.94261893699101, 10.389222242398924], [77.94252770277922, 10.389223079682669], [77.94252601136832, 10.389042432494502], [77.94243477720144, 10.38904326973333], [77.94243308587139, 10.388862622527196], [77.94234185174942, 10.388863459730091], [77.94234016050022, 10.388682812505992], [77.94224892642318, 10.388683649672954], [77.94224554413138, 10.388322355188823], [77.94242801207886, 10.38832068089083], [77.94242716647672, 10.388230357283271], [77.94260963433437, 10.38822868290443], [77.94260878868731, 10.388138359314837], [77.94288249033455, 10.388135847571405], [77.94288164461562, 10.388045523999779], [77.94324657994466, 10.388042174676158], [77.94324573412692, 10.387951851140464], [77.94361066922238, 10.387948501430568], [77.94360982331482, 10.387858177921824], [77.94388352447696, 10.387855665387875], [77.94388267848855, 10.387765341897097], [77.94452131408141, 10.387759478476456], [77.9445204679223, 10.387669155039578], [77.94461170152324, 10.38766831731566], [77.94461085534618, 10.38757799387878], [77.94488455602324, 10.387575480563296]]], [[[77.94488455602324, 10.387575480563296], [77.94488370977432, 10.387485157153368], [77.94497494328543, 10.387484319339617], [77.9449757895613, 10.387574642740564], [77.94488455602324, 10.387575480563296]]]]}, "id": "+2251+5024", "properties": {"count": 531, "water": 1}}, {"type": "Feature", "geometry": {"geodesic": false, "type": "MultiPolygon", "coordinates": [[[[77.94349825583538, 10.366179682414856], [77.94340702836993, 10.366180518108582], [77.94340618432187, 10.366090194456108], [77.94349741176936, 10.366089358762382], [77.94349825583538, 10.366179682414856]]], [[[77.94598251634564, 10.368415194688822], [77.94616497213892, 10.368413521450842], [77.94616581716613, 10.36850384486077], [77.94598336132795, 10.368505518116717], [77.94598251634564, 10.368415194688822]]], [[[77.94681032907046, 10.369130251175632], [77.94699278514221, 10.369128577344762], [77.94699363046588, 10.36921890069181], [77.94690240240755, 10.36921973762521], [77.94690324771325, 10.369310060972257], [77.94681201962797, 10.369310897887692], [77.94681032907046, 10.369130251175632]]], [[[77.94349825583538, 10.366179682414856], [77.94358948329184, 10.366178846685198], [77.94358695103088, 10.365907875772692], [77.94367817839752, 10.365907040043034], [77.94367733430455, 10.365816716417509], [77.94431592550266, 10.365810865645146], [77.94431508123003, 10.365720542073522], [77.94458876297959, 10.365718034228777], [77.94458791863508, 10.365627710675117], [77.94467914584901, 10.365626874684947], [77.94467830148653, 10.365536551131289], [77.94486075582455, 10.36553487909705], [77.94486160024091, 10.365625202632742], [77.94540896323697, 10.365620185838326], [77.94540980781503, 10.365710509329103], [77.94550103497505, 10.365709673105371], [77.9455052581169, 10.366161290514341], [77.94559648540269, 10.366160454218745], [77.94559817476542, 10.366341101164366], [77.94568940209612, 10.366340264832838], [77.94569024681792, 10.366430588296664], [77.94596392884596, 10.366428079122413], [77.9459647736486, 10.366518402559292], [77.94623845568562, 10.366515893133512], [77.94623930057809, 10.36660621654344], [77.94633052793574, 10.366605380014281], [77.94633137285516, 10.366695703424211], [77.94642260023078, 10.366694866850136], [77.94642429015946, 10.366875513661011], [77.9467891997787, 10.366872167059284], [77.94678835470657, 10.366781843694271], [77.94669712733993, 10.36678268036716], [77.94669628230372, 10.366692356993164], [77.94660505495506, 10.366693193639104], [77.94660420995478, 10.366602870247142], [77.94678666458924, 10.366601196946279], [77.94678412947164, 10.36633022682429], [77.94687535670353, 10.366329390151401], [77.94687704682984, 10.36651003689041], [77.94696827410664, 10.36650920018159], [77.94696911920572, 10.36659952353762], [77.94706034650049, 10.366598686792864], [77.94706119162653, 10.366689010148894], [77.9469699643138, 10.366689846893648], [77.94697080942187, 10.366780170249678], [77.9468795820732, 10.36678100698545], [77.94688042717229, 10.366871330350463], [77.9469716545479, 10.366870493605708], [77.94697334481793, 10.367051140326751], [77.94706457223847, 10.367050303546065], [77.94706288192351, 10.366869656842988], [77.94715410928117, 10.366868820053318], [77.94715495447008, 10.366959143400365], [77.9472461818457, 10.36695830657476], [77.94724787228643, 10.367138953241906], [77.94733909971593, 10.367138116371386], [77.94733994497672, 10.367228439700467], [77.94743117241522, 10.367227602803], [77.94743201771193, 10.367317926114113], [77.94752324517738, 10.367317089189696], [77.94752409050105, 10.367407412491827], [77.94779777292433, 10.367404901520946], [77.94779861832885, 10.367495224814093], [77.94743370831435, 10.36749857275431], [77.94743455362902, 10.367588896065422], [77.94752578117533, 10.367588059114055], [77.94752916261372, 10.367949352340545], [77.9474379349686, 10.367950189318863], [77.9474387803282, 10.368040512629976], [77.94734755264716, 10.368041349599311], [77.94734839797981, 10.368131672919407], [77.94716594254585, 10.368133346786209], [77.94716678784258, 10.36822367011529], [77.94707556008068, 10.368224507021742], [77.94707725063819, 10.368405153697868], [77.94725970624282, 10.36840347984005], [77.94726055158445, 10.368493803160147], [77.94716932375967, 10.368494640111514], [77.94717185974864, 10.36876561010774], [77.94698940391942, 10.368767283974542], [77.94699109451285, 10.368947930659651], [77.94689986653538, 10.368948767575086], [77.9469007118231, 10.369039090922133], [77.94680948380969, 10.369039927810618], [77.94681032907046, 10.369130251175632], [77.9467191010301, 10.36913108804615], [77.94671741055345, 10.368950441316123], [77.94662618255799, 10.368951278150709], [77.94662533736009, 10.368860954776713], [77.9468077932971, 10.368859281098558], [77.9468052575956, 10.368588311021485], [77.94671402970793, 10.368589147847088], [77.9467123393301, 10.368408501108078], [77.94680356717285, 10.368407664300442], [77.94680272196597, 10.368317340935429], [77.94662026633438, 10.368319014523752], [77.94661942119038, 10.368228691140773], [77.94652819339255, 10.36822952789451], [77.94652988363563, 10.36841017466047], [77.94643865577493, 10.36841101139624], [77.94643696558575, 10.368230364612316], [77.94625450994518, 10.36823203797606], [77.94625535498139, 10.368322361385989], [77.94607289925099, 10.368324034659903], [77.94607205426868, 10.36823371124099], [77.94598082641696, 10.368234547833032], [77.94598251634564, 10.368415194688822], [77.94580006052541, 10.368416867827989], [77.94579837070452, 10.368236220945247], [77.94588959856523, 10.368235384398123], [77.94588875363682, 10.368145060961245], [77.94570629795135, 10.368146734001597], [77.94570714282585, 10.36823705745644], [77.94552468705953, 10.368238730406961], [77.94552384223891, 10.368148406943133], [77.94534138649954, 10.368150079776871], [77.94534223126625, 10.368240403258666], [77.94515977543703, 10.368242076002574], [77.94515808601142, 10.368061429012036], [77.94488440236641, 10.368063937889843], [77.94488524699838, 10.36815426140757], [77.94479401907479, 10.368155097658251], [77.94479317446978, 10.368064774131541], [77.94470194656415, 10.36806561034629], [77.94470110199508, 10.367975286810596], [77.94451864621078, 10.367976959150262], [77.94451780170458, 10.367886635605586], [77.94442657382591, 10.36788747172152], [77.94442741831413, 10.367977795284162], [77.94415373456134, 10.367980303524165], [77.94415289015396, 10.367889979943557], [77.94406166224833, 10.367890815960676], [77.94406081786789, 10.367800492371085], [77.94396958998024, 10.367801328361255], [77.94396874564472, 10.367711004762679], [77.94378628989637, 10.367712676644203], [77.94378544561474, 10.367622353036646], [77.94369421775404, 10.367623188928], [77.94369252927164, 10.367442541685934], [77.94360130145586, 10.367443377541356], [77.94360214566561, 10.367533701166881], [77.94351091781388, 10.367534537004337], [77.94351007363107, 10.36744421336983], [77.94341884579732, 10.367445049171353], [77.94341715750357, 10.367264401884372], [77.9432347019259, 10.367266073379621], [77.94323301375792, 10.367085426065689], [77.94332424150184, 10.367084590345014], [77.94332339740886, 10.36699426669254], [77.9432321696919, 10.366995102404232], [77.94322879349068, 10.36663380774942], [77.94313756587252, 10.366634643416196], [77.94313672186938, 10.366544319736773], [77.94322794946059, 10.366543484087963], [77.94322710543948, 10.366453160426506], [77.94331833299475, 10.366452324759729], [77.94331748895569, 10.366362001098272], [77.94349994400336, 10.366360329701838], [77.94349825583538, 10.366179682414856]], [[77.94642429015946, 10.366875513661011], [77.94642513513278, 10.366965837061956], [77.94633390767632, 10.366966673645015], [77.94633475263167, 10.367056997054943], [77.94624352514826, 10.367057833629017], [77.94624183530043, 10.366877186800178], [77.94642429015946, 10.366875513661011]], [[77.94724787228643, 10.367138953241906], [77.94724956276308, 10.367319599900068], [77.94715833527067, 10.36732043675262], [77.9471566448569, 10.367139790076491], [77.94724787228643, 10.367138953241906]], [[77.94359032739379, 10.366269170319706], [77.94368155487722, 10.366268334563097], [77.9436823990151, 10.366358658197605], [77.94359117150474, 10.366359493954214], [77.94359032739379, 10.366269170319706]], [[77.94459045169555, 10.365898681345078], [77.94477290625812, 10.365897009301857], [77.94477543954316, 10.36616797991792], [77.94459298481888, 10.36616965201504], [77.94459045169555, 10.365898681345078]], [[77.94698686808317, 10.3684963139334], [77.94707809592592, 10.368495477035932], [77.94707894122263, 10.368585800373996], [77.94698771335294, 10.368586637280448], [77.94698686808317, 10.3684963139334]], [[77.94734417137946, 10.367680056318921], [77.94743539895269, 10.367679219376537], [77.94743624428534, 10.367769542696633], [77.94734501668515, 10.367770379639019], [77.94734417137946, 10.367680056318921]]]]}, "id": "+2252+5267", "properties": {"count": 972, "water": 1}}, {"type": "Feature", "geometry": {"geodesic": false, "type": "Polygon", "coordinates": [[[77.94870596217565, 10.376700655747145], [77.94879719224622, 10.376699817708817], [77.94879634578169, 10.376609494550415], [77.9488875758253, 10.37660865649412], [77.9488867293428, 10.376518333344704], [77.94906918934919, 10.376516657169232], [77.94906834282177, 10.376426334037781], [77.94915957278454, 10.37642549590962], [77.94916295904689, 10.376786788408475], [77.94907172897632, 10.376787626554602], [77.94907596184693, 10.377239242193891], [77.94916719205223, 10.377238404011832], [77.94916549882674, 10.377057757766897], [77.94925672896916, 10.377056919566872], [77.94925503571672, 10.376876273339901], [77.94934626579627, 10.376875435130893], [77.94934541916106, 10.376785112026392], [77.94943664921365, 10.376784273790433], [77.9494332626369, 10.376422981390393], [77.9497069524084, 10.376420466637603], [77.94970610571032, 10.376330143551067], [77.94979733559224, 10.37632930526121], [77.94979648887619, 10.376238982183658], [77.95016140823317, 10.376235628772703], [77.95016310188986, 10.376416274855943], [77.9504367914817, 10.376413759483315], [77.95043594456801, 10.376323436459662], [77.95061840420608, 10.376321759430791], [77.9506209451268, 10.376592728447852], [77.95071217500872, 10.376591889870534], [77.95071556310363, 10.376953181848366], [77.95098925302786, 10.376950665873869], [77.95098840591653, 10.376860342904113], [77.95107963584337, 10.376859504201033], [77.95108048299062, 10.376949827170787], [77.95117171293542, 10.376948988431772], [77.9511725601186, 10.37703931138356], [77.95126379008136, 10.377038472617595], [77.95126463729149, 10.377128795569384], [77.9513558672812, 10.377127956767488], [77.95135671451827, 10.377218279710293], [77.9512654845106, 10.377219118512189], [77.95126717896679, 10.377399764406782], [77.95135840902836, 10.377398925586919], [77.95136095085637, 10.377669894397368], [77.95117849055354, 10.377671572073027], [77.95117933779063, 10.377761895024815], [77.95090564721063, 10.377764411349656], [77.9509048000544, 10.377674088379901], [77.95008372812578, 10.377681635908138], [77.95008288121208, 10.377591312866517], [77.94953549973769, 10.377596343342278], [77.94953634648968, 10.377686666428813], [77.9493538858904, 10.377688343062426], [77.94935557932251, 10.377868989271429], [77.94917311857952, 10.377870665824194], [77.94917227190838, 10.377780342710707], [77.94908104155934, 10.377781180946666], [77.94907850167169, 10.377510211579262], [77.94880481078627, 10.377512726053574], [77.94880227120404, 10.377241756614305], [77.94871104097179, 10.377242594697549], [77.94870596217565, 10.376700655747145]]]}, "id": "+2309+5148", "properties": {"count": 332, "water": 1}}, {"type": "Feature", "geometry": {"geodesic": false, "type": "MultiPolygon", "coordinates": [[[[77.95239176354858, 10.448389198733924], [77.95230051293355, 10.448390043527583], [77.95229965947115, 10.448299721060886], [77.95239091006822, 10.448298876285193], [77.95239176354858, 10.448389198733924]]], [[[77.95239859167899, 10.449111778368692], [77.95240200593284, 10.44947306816362], [77.9523107550034, 10.44947391304711], [77.95231160855563, 10.449564235504825], [77.952402859521, 10.44956339061235], [77.95240456670632, 10.449744035509815], [77.95231331569603, 10.449744880411272], [77.95231673005767, 10.450106170224164], [77.9522254789306, 10.450107015134604], [77.95223060055842, 10.450648949880893], [77.95213934926066, 10.4506497948093], [77.95214191009703, 10.450920762191426], [77.95223316147563, 10.450919917245054], [77.95223401512668, 10.451010239702768], [77.95214276373011, 10.451011084658125], [77.9521453246563, 10.451282052040252], [77.95223657613371, 10.451281207057946], [77.95223913722161, 10.451552174413123], [77.95233038877089, 10.451551329385902], [77.95233465752021, 10.452002941593628], [77.95242590919526, 10.452002096503524], [77.95243017827694, 10.45245370865735], [77.95252143007775, 10.452452863504364], [77.95252313781104, 10.45263350834793], [77.95234063411061, 10.452635198662884], [77.95233551129702, 10.452093264033376], [77.95224425959502, 10.452094109105513], [77.95224169837239, 10.451823141759318], [77.95215044673327, 10.45182398678654], [77.95214873934134, 10.45164334187111], [77.95205748775614, 10.451644186853416], [77.9520532195458, 10.451192574519927], [77.95196196807737, 10.45119341943935], [77.9519534325191, 10.45029019465559], [77.95204468371804, 10.450289349817016], [77.95204212312423, 10.450018382389972], [77.95213337424232, 10.450017537542415], [77.95213252069907, 10.449927215075716], [77.95204126960793, 10.449928059914292], [77.9520404161006, 10.44983773743861], [77.95213166716479, 10.449836892609019], [77.95212996011423, 10.44965624766664], [77.95222121112452, 10.449655402828064], [77.9522177970144, 10.449294112970255], [77.95230904790792, 10.449293268131681], [77.95230734084836, 10.449112623216251], [77.95239859167899, 10.449111778368692]]], [[[77.95239176354858, 10.448389198733924], [77.95266551536673, 10.448386664209215], [77.95266807609529, 10.448657631501511], [77.95257682541738, 10.448658476393986], [77.95257938613696, 10.448929443713231], [77.95248813536922, 10.448930288596722], [77.95248984250962, 10.449110933485201], [77.95239859167899, 10.449111778368692], [77.9523951775509, 10.4487504885558], [77.95248642827373, 10.448749643708242], [77.95248557473049, 10.44865932125951], [77.95239432404358, 10.448660166098085], [77.95239176354858, 10.448389198733924]]]]}, "id": "+2326+4350", "properties": {"count": 94, "water": 1}}, {"type": "Feature", "geometry": {"geodesic": false, "type": "Polygon", "coordinates": [[[77.95539815137532, 10.360650621622232], [77.95558060112295, 10.36064894427895], [77.95557805993273, 10.360377976214103], [77.95594295901473, 10.360374621311944], [77.95594126472025, 10.360193975992273], [77.95603248941889, 10.360193137217326], [77.95603333659308, 10.36028345987267], [77.95630701071593, 10.360280943368165], [77.95630785797098, 10.360371266005544], [77.95639908269656, 10.360370427104831], [77.95639992998754, 10.360460749733226], [77.95649115472212, 10.360459910805567], [77.95649284937593, 10.360640556026423], [77.95640162458746, 10.360641394972049], [77.95640247189641, 10.360731717591461], [77.95631124707201, 10.360732556510138], [77.95631209436299, 10.360822879138533], [77.95622086951163, 10.360823718048227], [77.95622510596651, 10.361275331208168], [77.9563163309526, 10.36127449226254], [77.9563171782885, 10.361364814890935], [77.95640840330155, 10.361363975918358], [77.95640925067337, 10.361454298528786], [77.9565004756954, 10.361453459520277], [77.95650132310315, 10.361543782130706], [77.95659254815213, 10.361542943086263], [77.95659339558685, 10.36163326568771], [77.95668462065379, 10.361632426607335], [77.95668546812443, 10.361722749199798], [77.95686791827629, 10.3617210709582], [77.9568687658188, 10.361811393532696], [77.9569599909037, 10.36181055436249], [77.95696083847315, 10.361900876936986], [77.95705206358502, 10.361900037730848], [77.9570537587958, 10.36208068285289], [77.95714498395257, 10.362079843610818], [77.95714583159389, 10.362170166158364], [77.95705460641915, 10.362171005409419], [77.95705545404249, 10.362261327965948], [77.95696422883182, 10.362262167199036], [77.95696592405157, 10.36244281233006], [77.956874698787, 10.362443651545183], [77.9568738511906, 10.36235332897967], [77.956782625935, 10.36235416815886], [77.95678177838352, 10.362263845584364], [77.95659932789928, 10.362265523861893], [77.95660017540585, 10.362355846454355], [77.95641772484078, 10.362357524651037], [77.9564168773881, 10.362267202040607], [77.95623442684996, 10.362268880111525], [77.95623357946018, 10.362178557492113], [77.9561423541956, 10.362179396482656], [77.95614150684175, 10.362089073845278], [77.95605028160412, 10.362089912808871], [77.95604858695928, 10.361909267525133], [77.95586613656488, 10.361910945335538], [77.95586528930984, 10.36182062267121], [77.9557740641261, 10.36182146153599], [77.95577236968789, 10.361640816198353], [77.95568114454908, 10.361641655018214], [77.9556802973659, 10.361551332344904], [77.95558907224505, 10.361552171128835], [77.95558653083026, 10.361281203081955], [77.95567775587025, 10.36128036431599], [77.95567690871404, 10.36119004164268], [77.95549445867896, 10.361191719129693], [77.95549107035947, 10.360830428355602], [77.95539984543625, 10.360831267031735], [77.95539815137532, 10.360650621622232]]]}, "id": "+2375+5325", "properties": {"count": 211, "water": 1}}, {"type": "Feature", "geometry": {"geodesic": false, "type": "Polygon", "coordinates": [[[77.95995142887766, 10.427543262308385], [77.96004267278228, 10.427542416993703], [77.9600392570462, 10.427181129211002], [77.96013050084302, 10.427180283905303], [77.9601270851339, 10.426818996131587], [77.96021832881394, 10.42681815083487], [77.96021747487544, 10.426727828898178], [77.96030871852852, 10.426726983574513], [77.96032067470969, 10.427991490526502], [77.96022943069728, 10.427992335948982], [77.9602311387899, 10.4281729798044], [77.96032238286519, 10.428172134372936], [77.96032409104764, 10.428352778210387], [77.96050657927009, 10.428351087221698], [77.9605074334242, 10.42844140913144], [77.96059867755339, 10.428440563592178], [77.96059953174343, 10.428530885483955], [77.9606907758906, 10.428530039908761], [77.96069248434253, 10.42871068368333], [77.96078372853461, 10.428709838072203], [77.96078629134728, 10.428980803702615], [77.96087753561122, 10.428979958046574], [77.96088009857658, 10.429250923650036], [77.96106258723023, 10.429249232203205], [77.96106515042916, 10.429520197761752], [77.96124763920858, 10.42951850617119], [77.9612493481546, 10.429699149837962], [77.96115810371099, 10.429699995664683], [77.96115981263006, 10.42988063934942], [77.96106856813255, 10.42988148516716], [77.96106942257411, 10.42997180701402], [77.96097817804068, 10.429972652804809], [77.96098074134741, 10.43024361837234], [77.96088949673312, 10.43024446416313], [77.9608912055893, 10.4304251078838], [77.96043498210464, 10.43042933653232], [77.96043583641146, 10.430519658433079], [77.96025334691339, 10.430521349727197], [77.96024907571169, 10.43006974016052], [77.96015783107943, 10.43007058572673], [77.96014758131102, 10.42898672261219], [77.9600563369842, 10.42898756806162], [77.96005292074507, 10.428626280314854], [77.95996167651705, 10.428627125710385], [77.95995142887766, 10.427543262308385]]]}, "id": "+2415+4588", "properties": {"count": 258, "water": 1}}, {"type": "Feature", "geometry": {"geodesic": false, "type": "Polygon", "coordinates": [[[77.95962139964614, 10.402253935758841], [77.95971263622948, 10.402253092573167], [77.9597100810525, 10.401982126215119], [77.959801317555, 10.401981283029443], [77.95979705894767, 10.401529672474618], [77.95988829530644, 10.401528829288942], [77.95988914703508, 10.401619151396314], [77.96007161977958, 10.401617464944117], [77.96006906444988, 10.401346498666916], [77.9604340095436, 10.401343125546923], [77.96043486141599, 10.40143344760938], [77.9605260976939, 10.401432604253024], [77.96052694960223, 10.401522926306498], [77.96070942218502, 10.401521239503955], [77.96071368210389, 10.401972849681488], [77.96062244568223, 10.401973693136659], [77.960626705664, 10.40242530334114], [77.96044423253323, 10.402426990242496], [77.96044508450443, 10.40251731229597], [77.96035384790312, 10.402518155715207], [77.96035725574299, 10.402879443956047], [77.96017478230681, 10.402881130776555], [77.96017563424208, 10.402971452847995], [77.95999316072503, 10.402973139578672], [77.9599965683044, 10.403334427927309], [77.9602702788809, 10.403331897705531], [77.9602719828682, 10.403512541830443], [77.96018074597045, 10.40351338527663], [77.96018159795064, 10.403603707348068], [77.95981665015299, 10.403607080908236], [77.95981494640822, 10.40342643671146], [77.9597237094925, 10.403427280022898], [77.9597211540011, 10.403156313691799], [77.95962991715724, 10.403157156958324], [77.9596290653747, 10.403066834841969], [77.9597203021916, 10.403065991584429], [77.95971774679903, 10.40279502525333], [77.95962651006298, 10.40279586848392], [77.95962480656074, 10.402615224242227], [77.95971604325189, 10.402614381029602], [77.9597134879761, 10.402343414680539], [77.9596222513658, 10.40234425788418], [77.95962139964614, 10.402253935758841]]]}, "id": "+2419+4869", "properties": {"count": 179, "water": 1}}, {"type": "Feature", "geometry": {"geodesic": false, "type": "MultiPolygon", "coordinates": [[[[77.96261630407504, 10.42950581589575], [77.96270754833898, 10.429504969664785], [77.96270840322072, 10.429595291385882], [77.96261715893881, 10.429596137616846], [77.96261630407504, 10.42950581589575]]], [[[77.96261630407504, 10.42950581589575], [77.9623425712383, 10.429508354417962], [77.96234428081313, 10.429688997905071], [77.96216179211456, 10.429690690151402], [77.96216264686154, 10.429781011917415], [77.96143269153727, 10.429787779932562], [77.96143098248346, 10.429607136292741], [77.96133973808477, 10.429607982155396], [77.9613388835893, 10.429517660326502], [77.96143012796105, 10.429516814463847], [77.96142927344762, 10.429426492643936], [77.96152051778343, 10.429425646763315], [77.96151966326102, 10.429335324952387], [77.96197588469751, 10.429331095189957], [77.96197759402082, 10.42951173874893], [77.96206883833867, 10.429510892706611], [77.96206969304073, 10.429601214472624], [77.96225218170338, 10.429599522289173], [77.96224876273337, 10.429238235270041], [77.96252249534554, 10.42923569689156], [77.96252420497427, 10.429416340360703], [77.96261544922025, 10.42941549416567], [77.96261630407504, 10.42950581589575]]]]}, "id": "+2439+4560", "properties": {"count": 49, "water": 1}}, {"type": "Feature", "geometry": {"geodesic": false, "type": "Polygon", "coordinates": [[[77.96450215305354, 10.406996261772354], [77.96459339060706, 10.406995416816999], [77.96459168354751, 10.406814773437688], [77.96468292104714, 10.40681392847335], [77.9646820674949, 10.406723606788185], [77.96477330495861, 10.406722761796896], [77.9647724513974, 10.4066324401297], [77.96495492624393, 10.40663075008424], [77.96495407263781, 10.406540428426025], [77.9651365474035, 10.406538738299718], [77.96513825473255, 10.406719381589197], [77.96504701730478, 10.4067202266793], [77.96504787095583, 10.406810548337514], [77.96495663348315, 10.406811393409651], [77.96495748711624, 10.406901715067864], [77.9648662496166, 10.406902560122036], [77.96486795685581, 10.40708320345643], [77.96450300656984, 10.407086583475484], [77.96450215305354, 10.406996261772354]]]}, "id": "+2470+4811", "properties": {"count": 21, "water": 1}}, {"type": "Feature", "geometry": {"geodesic": false, "type": "Polygon", "coordinates": [[[77.96515831908951, 10.360470417060954], [77.96534076711237, 10.360468734211], [77.96533991726119, 10.360378412328208], [77.9656135891652, 10.360375887882595], [77.96561698892025, 10.360737175341903], [77.96570821297209, 10.360736333782178], [77.9657116129607, 10.361097621196569], [77.96580283711137, 10.361096779582946], [77.9658070874003, 10.361548388808263], [77.96553341453509, 10.36155091369405], [77.96553001460038, 10.36118962622576], [77.96543879039581, 10.3611904677765], [77.96543624060872, 10.36091950214609], [77.96534501647604, 10.360920343642931], [77.9653433167108, 10.360739699877346], [77.96525209262302, 10.360740541329271], [77.96525124277184, 10.360650219437495], [77.965160018711, 10.360651060862473], [77.96515831908951, 10.360470417060954]]]}, "id": "+2480+5322", "properties": {"count": 47, "water": 1}}, {"type": "Feature", "geometry": {"geodesic": false, "type": "Polygon", "coordinates": [[[77.9738564848294, 10.392727856485184], [77.97385904986987, 10.392998819501498], [77.97376781714928, 10.392999665975008], [77.9737686721568, 10.393089986986434], [77.97367743940026, 10.393090833432995], [77.9736765844197, 10.393000512412584], [77.97349411893362, 10.393002205224855], [77.97349326401594, 10.392911884195462], [77.9733107985478, 10.392913576881968], [77.97330994369301, 10.392823255834609], [77.97321871097242, 10.392824102128454], [77.97321785615357, 10.392733781072112], [77.97312662345094, 10.392734627339008], [77.97312576865903, 10.392644306273683], [77.97303453598334, 10.392645152504645], [77.9730336812184, 10.392554831430337], [77.972851215885, 10.392556523802433], [77.97284950649882, 10.392375881626865], [77.97275827387703, 10.392376727759014], [77.97275741921987, 10.392286406657755], [77.97266618661607, 10.392287252753972], [77.97266533199483, 10.392196931652714], [77.97248286680518, 10.392198623755316], [77.9724803031481, 10.391927660388658], [77.97257153566208, 10.391926814373289], [77.9725698265454, 10.39174617213484], [77.97266105900547, 10.391745326110488], [77.97266191359077, 10.391835647211746], [77.97275314606883, 10.391834801151463], [77.97275229145657, 10.391744480050203], [77.97284352389869, 10.391743633971954], [77.97284437853789, 10.391833955064229], [77.97302684344906, 10.391832262817896], [77.97302513408084, 10.391651620651311], [77.97311636647804, 10.391650774501196], [77.97311551178494, 10.391560453426887], [77.97320674413723, 10.391559607258806], [77.97320759886625, 10.391649928324131], [77.97366376067258, 10.391645697061515], [77.97366461553636, 10.391736018081923], [77.97375584789762, 10.391735171743163], [77.97375755769704, 10.391915813783983], [77.97366632528187, 10.39191666014071], [77.9736723096427, 10.392548907310532], [77.97385477483236, 10.392547214471312], [77.97385306487125, 10.39236657245744], [77.9739442974032, 10.392365726010881], [77.97394771746016, 10.392727010011674], [77.9738564848294, 10.392727856485184]], [[77.9738564848294, 10.392727856485184], [77.97376525218067, 10.392728702931743], [77.9737643972091, 10.392638381920316], [77.9738556298219, 10.39263753548274], [77.9738564848294, 10.392727856485184]], [[77.97293902971644, 10.392194393301182], [77.97303026227533, 10.392193547124117], [77.97302940755529, 10.392103226049807], [77.97312064007825, 10.39210237986376], [77.97312149482525, 10.392192700929085], [77.97321272736617, 10.392191854707104], [77.97321358214012, 10.392282175772431], [77.97312234957224, 10.392283022003394], [77.9731232043372, 10.392373343068721], [77.97303197173339, 10.392374189281718], [77.97303111699539, 10.392283868207409], [77.97293988441852, 10.392284714384473], [77.97293902971644, 10.392194393301182]]]}, "id": "+2560+4976", "properties": {"count": 142, "water": 1}}, {"type": "Feature", "geometry": {"geodesic": false, "type": "Polygon", "coordinates": [[[77.97325493086501, 10.406282780795808], [77.9733461674843, 10.406281933397032], [77.97334531148864, 10.406191612421539], [77.97343654808097, 10.40619076501378], [77.97343569206735, 10.40610044404727], [77.97352692862376, 10.406099596621546], [77.97352607259216, 10.406009275664019], [77.97361730911264, 10.406008428211345], [77.97361474099094, 10.405737465356728], [77.97370597743055, 10.405736617904054], [77.973705121381, 10.40564629695551], [77.97379635777571, 10.40564544948487], [77.97379550170818, 10.40555512854531], [77.97388673807595, 10.405554281056704], [77.9738875941704, 10.405644601987282], [77.97407006693287, 10.40564290692024], [77.97407092308123, 10.405733227841836], [77.97425339587063, 10.40573153264903], [77.97425682077849, 10.40609281624558], [77.97416558428498, 10.4060936638869], [77.97416729673442, 10.406274305694158], [77.97407606017802, 10.40627515331751], [77.97407691638928, 10.406365474230123], [77.9738944432136, 10.406367169422928], [77.97389529937992, 10.406457490344525], [77.97380406275165, 10.406458337913978], [77.97380491890003, 10.406548658844557], [77.97334873550717, 10.406552896314533], [77.97334702348893, 10.406372254372528], [77.97325578683372, 10.406373101771301], [77.97325493086501, 10.406282780795808]]]}, "id": "+2566+4821", "properties": {"count": 71, "water": 1}}, {"type": "Feature", "geometry": {"geodesic": false, "type": "MultiPolygon", "coordinates": [[[[77.97353634546525, 10.407093127127407], [77.97353720158667, 10.407183448075953], [77.97344596472483, 10.40718429560049], [77.97344510862139, 10.407093974633979], [77.97353634546525, 10.407093127127407]]], [[[77.97462347937268, 10.406270067173153], [77.97462262301771, 10.406179746305456], [77.9748050959688, 10.406178050735358], [77.97480595237768, 10.406268371585087], [77.97462347937268, 10.406270067173153]]], [[[77.97462347937268, 10.406270067173153], [77.9746260485005, 10.40654102976726], [77.97453481190817, 10.406541877552309], [77.97453566827213, 10.406632198420006], [77.9743531950156, 10.406633893918238], [77.97435405133464, 10.406724214803901], [77.97417157799727, 10.406725910212304], [77.9741724342714, 10.40681623110695], [77.9739899608442, 10.406817926425521], [77.9739908170734, 10.406908247347117], [77.97380834356535, 10.406909942575856], [77.97380919974965, 10.407000263506434], [77.97371796295968, 10.40700111108487], [77.97371881912602, 10.407091432024433], [77.97353634546525, 10.407093127127407], [77.97353548935281, 10.40700280616988], [77.97362672616075, 10.407001958645342], [77.97362587002137, 10.406911637696796], [77.97371710680234, 10.406910790145309], [77.973716250645, 10.406820469205748], [77.97380748739003, 10.406819621645276], [77.97380663121473, 10.406729300705715], [77.97389786792384, 10.406728453127277], [77.97389701173056, 10.406638132196699], [77.97407948506793, 10.40663643696796], [77.97407862883871, 10.406546116055347], [77.97416986546698, 10.406545268405045], [77.97416900921081, 10.406454947501416], [77.97444271897882, 10.406452404424746], [77.97444186265979, 10.406362083539083], [77.97453309920719, 10.406361235798949], [77.9745322428612, 10.406270914931252], [77.97462347937268, 10.406270067173153]]]]}, "id": "+2576+4814", "properties": {"count": 32, "water": 1}}, {"type": "Feature", "geometry": {"geodesic": false, "type": "Polygon", "coordinates": [[[77.97443672488924, 10.405820158243072], [77.97452796127496, 10.405819310547853], [77.97452624869078, 10.405638668794493], [77.97461748502259, 10.405637821090293], [77.97461662872152, 10.405547500222596], [77.9747991013043, 10.405545804751313], [77.97479995765929, 10.405636125610025], [77.97498243026004, 10.40563443002196], [77.9749832866779, 10.405724750862708], [77.97507452300073, 10.405723903014776], [77.97507537944554, 10.40581422384654], [77.97489290675496, 10.405815919524438], [77.97489376316383, 10.405906240365184], [77.97471129038341, 10.40590793595325], [77.97471214674736, 10.405998256811962], [77.97443843744648, 10.406000800014397], [77.97443672488924, 10.405820158243072]]]}, "id": "+2576+4821", "properties": {"count": 21, "water": 1}}, {"type": "Feature", "geometry": {"geodesic": false, "type": "Polygon", "coordinates": [[[77.98159632080835, 10.400695173535231], [77.9817787894116, 10.40069347487493], [77.98177793146661, 10.40060315457317], [77.98196039998003, 10.400601455823036], [77.98195954199012, 10.40051113553026], [77.98214201042269, 10.400509436690294], [77.98214115238787, 10.400419116415486], [77.98223238656372, 10.40041826695957], [77.9822332446255, 10.400508587234379], [77.98232447881934, 10.400507737751512], [77.98232533691704, 10.400598058008356], [77.9821428684665, 10.400599756965104], [77.9821437265193, 10.400690077248894], [77.9820524922536, 10.400690926695827], [77.98205506637605, 10.400961887547203], [77.98196383202053, 10.400962736994135], [77.98196469005535, 10.401053057277927], [77.98169098687198, 10.401055605474994], [77.981690128927, 10.400965285164252], [77.98159889454452, 10.400966134503388], [77.98159632080835, 10.400695173535231]]]}, "id": "+2658+4877", "properties": {"count": 27, "water": 1}}, {"type": "Feature", "geometry": {"geodesic": false, "type": "Polygon", "coordinates": [[[77.9831571203212, 10.343954465057417], [77.98324833806687, 10.343953619877482], [77.9832466309085, 10.34377297886074], [77.98333784859129, 10.343772133671822], [77.98333699499415, 10.343681813181417], [77.98342821264998, 10.34368096796555], [77.98342735903488, 10.343590647475146], [77.98360979426572, 10.343588956998495], [77.98360894060568, 10.343498636526057], [77.98379137574669, 10.343496945959574], [77.98379052205073, 10.343406625496119], [77.98397295710191, 10.343404934839805], [77.98397210336103, 10.343314614394316], [77.98406332085517, 10.343313769034719], [77.98406246708734, 10.343223448598213], [77.9842449019948, 10.343221757816135], [77.98424575580754, 10.343312078243658], [77.98442819074194, 10.343310387344799], [77.9844273368753, 10.343220066935242], [77.98451855429758, 10.34321922144988], [77.98451770041297, 10.343128901049306], [77.98470013519464, 10.343127210024683], [77.98469928126512, 10.343036889642077], [77.98479049861554, 10.343036044102815], [77.9847922065285, 10.343216684859046], [77.98488342392382, 10.343215839274869], [77.9848851319266, 10.343396480022115], [77.98497634936686, 10.343395634402006], [77.98497720340418, 10.343485954766646], [77.98488598594597, 10.343486800395738], [77.98488769399366, 10.343667441134002], [77.98479647646359, 10.343668286754111], [77.98479733047395, 10.343758607127734], [77.98488854803098, 10.343757761507625], [77.98488940207729, 10.343848081872265], [77.98498061964331, 10.343847236216224], [77.98498232780778, 10.34402787693652], [77.98489111018787, 10.34402872261053], [77.98489196425214, 10.34411904297517], [77.98507439953688, 10.344117351582236], [77.9850778160994, 10.344478632986897], [77.98498659835373, 10.344479478723787], [77.98498745248988, 10.344569799088427], [77.98489623471724, 10.344570644807353], [77.98489879708075, 10.34484160589229], [77.98480757921828, 10.344842451611214], [77.98480672511808, 10.344752131246574], [77.98462428942011, 10.344753822585607], [77.9846234353738, 10.344663502203002], [77.9845322175383, 10.344664347832094], [77.98453136352792, 10.344574027431522], [77.98444014571038, 10.344574873024682], [77.98443929173594, 10.344484552624108], [77.98434807393636, 10.344485398181336], [77.98434721998888, 10.34439507777178], [77.98416478442566, 10.344396768796404], [77.98416393054104, 10.344306448377864], [77.9839814949868, 10.344308139285706], [77.98398064116509, 10.34421781884022], [77.9837982056378, 10.34421950963128], [77.98379735187895, 10.344129189176808], [77.98325004526116, 10.344134260876256], [77.98324919166402, 10.344043940376869], [77.9831579738914, 10.344044785565787], [77.9831571203212, 10.343954465057417]]]}, "id": "+2692+5512", "properties": {"count": 213, "water": 1}}, {"type": "Feature", "geometry": {"geodesic": false, "type": "MultiPolygon", "coordinates": [[[[77.98607751471648, 10.363347946500923], [77.98607837075706, 10.363438266667934], [77.9859871476125, 10.363439114219421], [77.9859880036351, 10.363529434386432], [77.9858967804636, 10.363530281928936], [77.98589592446795, 10.363439961752944], [77.98543980861045, 10.363444199016307], [77.98543895275853, 10.363353878795397], [77.98480039041429, 10.363359809832229], [77.98479782344243, 10.36308884902577], [77.984889046578, 10.363088001833608], [77.98488562395185, 10.362726720788272], [77.98552418496658, 10.362720789940086], [77.98552504079156, 10.362811110152013], [77.98561626379238, 10.362810262780188], [77.98561883139305, 10.363081223389019], [77.98580127752045, 10.363079528519606], [77.98580213345323, 10.363169848704583], [77.9859845795986, 10.363168153709406], [77.98598629159888, 10.363348794052412], [77.98607751471648, 10.363347946500923]]], [[[77.98607751471648, 10.363347946500923], [77.98607494664869, 10.363076986017857], [77.98616616967645, 10.36307613846637], [77.98616873782511, 10.36334709893147], [77.98607751471648, 10.363347946500923]]]]}, "id": "+2698+5294", "properties": {"count": 79, "water": 1}}, {"type": "Feature", "geometry": {"geodesic": false, "type": "Polygon", "coordinates": [[[77.9858333874679, 10.41447587934037], [77.98647205298366, 10.414469917329628], [77.98647119252338, 10.414379597486011], [77.98656243039132, 10.41437874567651], [77.98656156992206, 10.414288425841875], [77.98665280775407, 10.414287574014407], [77.98665366825925, 10.414377893840058], [77.98683614396819, 10.414376190086307], [77.98683786510433, 10.414556829710659], [77.98674662720046, 10.414557681618975], [77.98674748775956, 10.414648001435644], [77.98665624981976, 10.414648853325994], [77.986657970902, 10.414829492977296], [77.9865667329083, 10.41483034484968], [77.98656759343146, 10.414920664684313], [77.98611140320244, 10.414924923704874], [77.98611054280504, 10.414834603834306], [77.98601930475743, 10.414835455553977], [77.9860175840435, 10.414654815794878], [77.98583510803813, 10.41465651912642], [77.9858333874679, 10.41447587934037]]]}, "id": "+2705+4723", "properties": {"count": 45, "water": 1}}, {"type": "Feature", "geometry": {"geodesic": false, "type": "MultiPolygon", "coordinates": [[[[77.98791124460104, 10.402713865189305], [77.98790522560117, 10.402081626652294], [77.98799645977702, 10.402080775426697], [77.98800247896554, 10.402713013909809], [77.98791124460104, 10.402713865189305]]], [[[77.98727604271055, 10.403081102774642], [77.98745851174499, 10.403079400494128], [77.98745765196743, 10.402989080668478], [77.98773135538435, 10.402986527081518], [77.98773049553493, 10.402896207273834], [77.98782172996232, 10.402895356030271], [77.98782001022754, 10.402714716441851], [77.98791124460104, 10.402713865189305], [77.98791468420534, 10.403075144339194], [77.98782344972405, 10.403075995618691], [77.98782516952171, 10.40325663520711], [77.98773393498652, 10.403257486477623], [77.98773651466055, 10.40352844588271], [77.98764528004452, 10.403529297153224], [77.9876461399209, 10.403619616951925], [77.98746367060797, 10.403621319430068], [77.98746453043942, 10.403711639246737], [77.98737329574254, 10.403712490454367], [77.98737415556502, 10.403802810280018], [77.9872829208322, 10.403803661469682], [77.98728378062772, 10.403893981304316], [77.98719254586796, 10.403894832476015], [77.98719340564551, 10.403985152319631], [77.98710217084981, 10.40398600346438], [77.9871030306094, 10.40407632331698], [77.98701179577778, 10.404077174443762], [77.9870126555194, 10.404167494305346], [77.98692142065183, 10.404168345414162], [77.9869222803755, 10.404258665275746], [77.98683104548097, 10.404259516375578], [77.98683190518666, 10.404349836246144], [77.98674067024724, 10.404350687319027], [77.98674152994394, 10.404441007198578], [77.98665029496858, 10.404441858253495], [77.98665115464733, 10.404532178142029], [77.98637744960446, 10.404534731181014], [77.98637830921133, 10.404625051087514], [77.98601336894157, 10.404628454813109], [77.98601422844963, 10.404718774746557], [77.9856492879553, 10.404722178085876], [77.98564756916375, 10.404541538156098], [77.9857388042469, 10.404540687379658], [77.98573708543739, 10.404360047458862], [77.98582832045767, 10.404359196664457], [77.98582746103943, 10.404268876713042], [77.98591869602379, 10.404268025900668], [77.98591096135851, 10.403455146373865], [77.98600219610032, 10.40345429560641], [77.98599961794443, 10.40318333577013], [77.98590838327449, 10.40318418651962], [77.98590752392812, 10.403093866568206], [77.98599875857111, 10.403093015827698], [77.98599789920678, 10.403002695885267], [77.98618036841191, 10.403000994341372], [77.98617950900265, 10.402910674407924], [77.98627074357377, 10.402909823613518], [77.98626988414657, 10.402819503689052], [77.98636111867276, 10.402818652867696], [77.98635939979138, 10.402638013036732], [77.98645063426369, 10.402637162206393], [77.98644977480953, 10.402546842290912], [77.9865410092459, 10.402545991442606], [77.98654014977377, 10.402455671536107], [77.98663138417422, 10.402454820669837], [77.98662880573087, 10.402183860977289], [77.98672004004148, 10.402183010111017], [77.9867217590576, 10.402363649888082], [77.98681299341314, 10.402362798976897], [77.98681385295713, 10.402453118865429], [77.98690508733961, 10.40245226791831], [77.98690594691055, 10.402542587788878], [77.986997181311, 10.402541736814808], [77.9869954621152, 10.402361097082657], [77.98690422776866, 10.402361948038761], [77.98690250865371, 10.402181308288643], [77.98681127435209, 10.402182159217796], [77.98681041483505, 10.402091839329264], [77.98662794625874, 10.402093541079772], [77.9866270867956, 10.402003221182255], [77.98671832106129, 10.402002370324968], [77.98671746158915, 10.401912050436435], [77.9868999300397, 10.401910348658978], [77.98689907051366, 10.40182002878841], [77.98699030469851, 10.40181917786824], [77.98699116425149, 10.401909497738808], [77.9870823984543, 10.401908646782706], [77.98708325804321, 10.401998966653272], [77.98717449226399, 10.401998115661238], [77.98717535187986, 10.40208843552282], [77.9872665861186, 10.402087584503835], [77.9872674457704, 10.402177904347454], [77.98772361700004, 10.402173648830324], [77.98772533658212, 10.402354288445693], [77.9878165708568, 10.402353437247045], [77.9878182905287, 10.402534076844448], [77.98772705620011, 10.402534928061062], [77.98772791602259, 10.402625247859763], [77.98763668166707, 10.402626099058411], [77.98763840127607, 10.402806738682763], [77.98745593243028, 10.402808441017177], [77.98745679218987, 10.402898760842827], [77.98736555773553, 10.402899611978592], [77.98736641747716, 10.402989931813227], [77.9872751829779, 10.402990782931026], [77.98727604271055, 10.403081102774642]], [[77.98727604271055, 10.403081102774642], [77.98727690245217, 10.403171422609278], [77.9870944333279, 10.40317312479996], [77.98709357364017, 10.403082804947358], [77.98727604271055, 10.403081102774642]]]]}, "id": "+2710+4861", "properties": {"count": 416, "water": 1}}, {"type": "Feature", "geometry": {"geodesic": false, "type": "Polygon", "coordinates": [[[77.98692097408134, 10.346448757018521], [77.98682975593142, 10.346449603438131], [77.98682719149281, 10.346178642856252], [77.98691840957086, 10.346177796463591], [77.98691755475201, 10.34608747626963], [77.98700877280311, 10.346086629859004], [77.9870079179573, 10.345996309674026], [77.98737278996408, 10.34599292377999], [77.98737193502845, 10.345902603630945], [77.98755437092404, 10.34590091054918], [77.98755693591062, 10.346171870951398], [77.98764815393477, 10.346171024352124], [77.98765413935561, 10.346803265224755], [77.98747170294799, 10.346804958513134], [77.98747341304384, 10.346985598793257], [77.98738219477714, 10.346986445410495], [77.9873830498026, 10.34707676555954], [77.98720061319734, 10.347078458731136], [77.9872014681779, 10.347168778898148], [77.98711024983933, 10.347169625452505], [77.98711195978248, 10.347350265786528], [77.9869295229706, 10.347351958850327], [77.98693037789725, 10.347442279035302], [77.9868391594509, 10.347443125535762], [77.98684001436857, 10.347533445729722], [77.98674879588627, 10.347534292212215], [77.98674794100454, 10.347443972018254], [77.9866567225402, 10.347444818464814], [77.98665586768541, 10.34735449826187], [77.98674708612279, 10.347353651824294], [77.98674537638627, 10.34717301142739], [77.98665415800278, 10.347173857855983], [77.98665073873633, 10.346812577035227], [77.98674195701201, 10.346811730633583], [77.98674110218417, 10.346721410439622], [77.98683232043291, 10.346720564020012], [77.9868314655871, 10.346630243826052], [77.9869226837999, 10.346629397388476], [77.98692097408134, 10.346448757018521]], [[77.98692097408134, 10.346448757018521], [77.98691926440769, 10.346268116648568], [77.9870104825037, 10.346267270219974], [77.98701219224024, 10.346447910571962], [77.98692097408134, 10.346448757018521]], [[77.98674281183986, 10.346902050836526], [77.98683403014249, 10.346901204407933], [77.98683488500626, 10.34699152459291], [77.98674366668567, 10.346992371030487], [77.98674281183986, 10.346902050836526]]]}, "id": "+2722+5480", "properties": {"count": 118, "water": 1}}, {"type": "Feature", "geometry": {"geodesic": false, "type": "Polygon", "coordinates": [[[77.98598348898096, 10.391892488335928], [77.9862571831093, 10.391889938692573], [77.98625632461633, 10.391799618705225], [77.98634755595351, 10.391798768782186], [77.98634669744258, 10.39170844880382], [77.98643792873486, 10.391707598862816], [77.98643707021495, 10.39161727888445], [77.98652830147128, 10.391616428925477], [77.9865274429334, 10.391526108956096], [77.98680113659461, 10.391523558944431], [77.98680027798487, 10.391433239002], [77.98698274033585, 10.391431538877443], [77.9869818816722, 10.391341218943994], [77.98707311281176, 10.391340368850274], [77.98707139546649, 10.391159729001343], [77.98743631972827, 10.391156328428835], [77.98743546096581, 10.391066008540301], [77.98780038500303, 10.39106260758152], [77.98779952614174, 10.390972287710952], [77.98816444994539, 10.390968886374877], [77.98816530891446, 10.39105920620951], [77.98834777082527, 10.3910575053663], [77.98834862985723, 10.391147825182967], [77.98825739887937, 10.391148675627031], [77.98825825788437, 10.391238995452682], [77.98816702687957, 10.391239845869794], [77.9881678858666, 10.39133016570443], [77.98789419270844, 10.391332716838988], [77.9878950516326, 10.391423036691588], [77.98780382053796, 10.391423887027853], [77.98780467944415, 10.391514206889436], [77.98771344831358, 10.391515057207735], [77.98771516609901, 10.391695696939886], [77.9875327037121, 10.391697397522583], [77.98753442141668, 10.391878037290667], [77.98744319016035, 10.391878887555066], [77.98744404900366, 10.391969207443598], [77.9873528177114, 10.391970057699014], [77.98735367652775, 10.39206037759653], [77.98726244520853, 10.392061227824998], [77.98726330400693, 10.392151547722515], [77.98708084127865, 10.392153248125549], [77.98708170004112, 10.392243568041032], [77.98680800581396, 10.392246118474905], [77.98680886450455, 10.392336438417336], [77.98662640159662, 10.39233813858681], [77.98662726023332, 10.392428458538225], [77.98653602874342, 10.39242930859601], [77.98653688737113, 10.39251962855641], [77.98626319276669, 10.39252217858604], [77.98626147568194, 10.392341538620329], [77.98617024418306, 10.392342388561334], [77.98616852718814, 10.392161748577657], [77.98607729573416, 10.392162598482729], [77.98607643726815, 10.392072278486399], [77.98598520583215, 10.39207312835554], [77.98598348898096, 10.391892488335928]]]}, "id": "+2724+4981", "properties": {"count": 182, "water": 1}}, {"type": "Feature", "geometry": {"geodesic": false, "type": "Polygon", "coordinates": [[[77.98677652224379, 10.379329512220657], [77.98686774992483, 10.37932866316], [77.98686603471756, 10.379148023149373], [77.98695726232674, 10.379147174070749], [77.98695554711048, 10.378966534069104], [77.98704677465678, 10.378965684981498], [77.98704591703518, 10.378875364985166], [77.98713714455452, 10.378874515888576], [77.98713628690598, 10.378784195901229], [77.98740996933824, 10.378781648449763], [77.98740911162682, 10.378691328489365], [77.98750033906532, 10.37869047929396], [77.98749948132694, 10.378600159333562], [77.98777316350768, 10.378597611630568], [77.98777230570641, 10.378507291688136], [77.98804598774343, 10.378504743769547], [77.98804770351664, 10.378685383600512], [77.98813893089226, 10.378684534225444], [77.98814064674632, 10.378865174038443], [77.98750205455106, 10.378871119214757], [77.98750291230742, 10.378961439166172], [77.98741168479705, 10.378962288379542], [77.98741254253544, 10.379052608348925], [77.98723008743386, 10.379054306712783], [77.98723094512732, 10.379144626691149], [77.98713971753611, 10.379145475841637], [77.98714057521161, 10.379235795828984], [77.98704934758447, 10.379236644961507], [77.987050205242, 10.379326964957837], [77.9869589775879, 10.379327814072393], [77.98695983522748, 10.379418134068725], [77.98686860753745, 10.379418983165314], [77.98686946515905, 10.379509303170629], [77.98696069287602, 10.379508454065055], [77.98696155053356, 10.379598774061385], [77.98687032278964, 10.379599623175942], [77.98687118042022, 10.379689943181257], [77.98677995264934, 10.379690792277845], [77.98677652224379, 10.379329512220657]]]}, "id": "+2724+5119", "properties": {"count": 52, "water": 1}}, {"type": "Feature", "geometry": {"geodesic": false, "type": "MultiPolygon", "coordinates": [[[[77.98841610428552, 10.340563558951844], [77.9886897532376, 10.340561019693014], [77.98869060810136, 10.340651339770194], [77.98859939176604, 10.340652186216753], [77.98860024660287, 10.340742506302917], [77.98869146296514, 10.34074165983839], [77.98869402762833, 10.341012620051961], [77.9886028111852, 10.341013466534454], [77.98860110145766, 10.340832826380096], [77.98850988505946, 10.340833672817672], [77.98850903024059, 10.34074335273151], [77.98841781386037, 10.340744199142136], [77.98841610428552, 10.340563558951844]]], [[[77.98841610428552, 10.340563558951844], [77.9883248879502, 10.340564405317556], [77.98832403320321, 10.340474085213428], [77.98814160055952, 10.340475777864002], [77.98814074587541, 10.340385457741906], [77.98804952956704, 10.340386304017786], [77.98804611099229, 10.340025023502458], [77.9878636785642, 10.34002671591947], [77.98786282398788, 10.339936395779407], [77.98795404017947, 10.33993554959336], [77.98795318559418, 10.339845229453298], [77.98804440174983, 10.339844383249284], [77.9880435471376, 10.339754063118207], [77.9881347632663, 10.339753216896225], [77.98813390863609, 10.33966289677413], [77.98822512472886, 10.339662050534184], [77.98822427008068, 10.339571730412088], [77.98840670218539, 10.339570037869311], [77.98840755688747, 10.33966035797344], [77.98849877295329, 10.339659511652645], [77.98849706351321, 10.339478871462354], [77.98858827951615, 10.339478025132575], [77.98858742478713, 10.339387705046413], [77.98867864076311, 10.339386858698669], [77.98868035028406, 10.33956749886201], [77.98877156630496, 10.33956665246935], [77.98877327591573, 10.339747292614724], [77.98868205984093, 10.339748139016368], [77.98868376943372, 10.339928779170727], [77.98850133716732, 10.3399304719291], [77.98850304667927, 10.340111112110407], [77.98841183048768, 10.340111958467133], [77.98841610428552, 10.340563558951844]]]]}, "id": "+2735+5552", "properties": {"count": 67, "water": 1}}, {"type": "Feature", "geometry": {"geodesic": false, "type": "Polygon", "coordinates": [[[77.9900626944082, 10.369904824095302], [77.99015391907987, 10.369903974854981], [77.9901547768452, 10.3699942946447], [77.99024600152588, 10.36999344537743], [77.99024514374258, 10.369903125596695], [77.9903363683963, 10.369902276311459], [77.99033808402578, 10.370082915854963], [77.99042930872442, 10.370082066524812], [77.99043016657959, 10.37017238628758], [77.99070384070244, 10.370169838126445], [77.99070727250937, 10.370531117087689], [77.99061604770293, 10.37053196652564], [77.9906177636019, 10.370712606015244], [77.9902528640977, 10.370716003587379], [77.99025200625151, 10.370625683815627], [77.9901607813822, 10.370626533136795], [77.99015649238486, 10.370174934215154], [77.99006526763232, 10.37017578347344], [77.9900626944082, 10.369904824095302]]]}, "id": "+2750+5214", "properties": {"count": 42, "water": 1}}, {"type": "Feature", "geometry": {"geodesic": false, "type": "Polygon", "coordinates": [[[77.99500644478, 10.352515897248747], [77.9950976640079, 10.352515048017409], [77.99509680630545, 10.352424728542102], [77.99537046386338, 10.35242218073131], [77.99536874833271, 10.35224154182561], [77.99545996745282, 10.352240692513424], [77.99545567864412, 10.351789095280614], [77.99563811659685, 10.351787396656244], [77.99563725880458, 10.351697077225852], [77.99581969666748, 10.351695378520633], [77.99582055451366, 10.351785697942042], [77.99600299239454, 10.351783999120041], [77.99600385029461, 10.3518743185145], [77.99618628820244, 10.35187261957572], [77.9961871461654, 10.351962938961197], [77.99673445985292, 10.351957841471117], [77.99673531797758, 10.352048160811677], [77.99691775585845, 10.352046461432721], [77.996918614046, 10.352136780755316], [77.9970098330044, 10.352135931020923], [77.99701069121889, 10.352226250334533], [77.99737556707046, 10.352222851091533], [77.99737642540173, 10.352313170378194], [77.99746764436911, 10.35231232050007], [77.99746850273633, 10.352402639777749], [77.99755972172167, 10.352401789863691], [77.9975648722393, 10.352943705475864], [77.9973824339452, 10.352945405375843], [77.99738329233935, 10.353035724653521], [77.99683597711571, 10.353040823769552], [77.99683683535714, 10.35313114310113], [77.9967456161023, 10.353131992871456], [77.99674475787883, 10.353041673530896], [77.99637988086843, 10.35304507232474], [77.9963807389841, 10.35313539169225], [77.99628951969332, 10.353136241336811], [77.9962886616046, 10.353045921960318], [77.99574134580602, 10.35305101922582], [77.995740487879, 10.35296069980441], [77.99519317195467, 10.352965796090746], [77.99519231418932, 10.352875476624423], [77.9951010948716, 10.352876325909659], [77.99509937942179, 10.352695686968026], [77.99500816013999, 10.352696536208345], [77.99500644478, 10.352515897248747]]]}, "id": "+2812+5415", "properties": {"count": 291, "water": 1}}, {"type": "Feature", "geometry": {"geodesic": false, "type": "Polygon", "coordinates": [[[77.99816875923628, 10.368474354212038], [77.99825998281202, 10.368473502797794], [77.99825912285479, 10.36838318367283], [77.99871524048199, 10.368378926233305], [77.99871696066592, 10.368559564402387], [77.99880818421471, 10.368558712817464], [77.99880904434261, 10.368649031897514], [77.99899149148511, 10.368647328637836], [77.99899407206645, 10.368918285824083], [77.99908529569609, 10.368917434131363], [77.99908701617647, 10.369098072237563], [77.9992694635256, 10.369096368744323], [77.99926688266578, 10.368825411638923], [77.99944932982625, 10.368823708091785], [77.99945277120023, 10.36918498417842], [77.99954399487478, 10.369184132341967], [77.99954485527219, 10.369274451350153], [77.99972730264825, 10.369272747578435], [77.99972472133928, 10.369001790580832], [77.99981594494197, 10.369000938681499], [77.99981336363301, 10.368729981710846], [77.99990458714586, 10.36872912980253], [77.99990372669457, 10.368638810812312], [77.99981250320866, 10.368639662711645], [77.99981164279329, 10.368549343721426], [77.99999408971122, 10.368547639913777], [77.99999322925095, 10.368457320932542], [78.00008445266499, 10.368456468997277], [78.00009047621931, 10.36908870178507], [77.99999925261662, 10.369089553774234], [78.00000183417711, 10.369360510690989], [77.99991061049357, 10.369361362680154], [77.99991319204508, 10.369632319614874], [77.99982196827172, 10.369633171595057], [77.99982368930007, 10.369813809575492], [77.99973246546382, 10.369814661546691], [77.9997350469794, 10.370085618517344], [77.9996438230623, 10.370086470488543], [77.9996446835585, 10.370176789487743], [77.99946223564345, 10.370178493358276], [77.99946309609474, 10.370268812375443], [77.99918942408293, 10.370271368010561], [77.99919028446236, 10.370361687045694], [77.99891661230681, 10.3703642424742], [77.99891575200823, 10.3702739234211], [77.99845963172203, 10.370278181920638], [77.99845877154921, 10.370187862822622], [77.99827632343653, 10.370189566019416], [77.99827718354646, 10.370279885135398], [77.9981859594497, 10.370280736702355], [77.99818509936672, 10.370190417586373], [77.99754653064444, 10.370196377800486], [77.9975456707501, 10.370106058630604], [77.99727199839693, 10.370108612594857], [77.99727113859241, 10.370018293398026], [77.99708869037194, 10.37001999590312], [77.99708783062133, 10.369929676688322], [77.99699660652456, 10.369930527895953], [77.99699230802304, 10.36947893179502], [77.99690108405204, 10.369479782930787], [77.99689764549876, 10.369118506008718], [77.99680642162657, 10.369119357090584], [77.99680556202868, 10.369029037848838], [77.99689678588291, 10.369028186775955], [77.99689592627603, 10.368937867543192], [77.99716959769495, 10.368935314180812], [77.99716873801621, 10.368844994966016], [77.99725996178958, 10.368844143803301], [77.99726082149527, 10.368934463009115], [77.99753449282437, 10.368931909332323], [77.99753277326028, 10.368751270974595], [77.99744154954979, 10.368752122209175], [77.99744068979918, 10.368661803012346], [77.9975319134917, 10.36866095178675], [77.9975310537321, 10.368570632607884], [77.9976222773887, 10.368569781364322], [77.99762141761114, 10.368479462185457], [77.9977126412318, 10.368478610923928], [77.99771178143628, 10.368388291754046], [77.998167899306, 10.368384035087074], [77.99816875923628, 10.368474354212038]], [[77.99816875923628, 10.368474354212038], [77.99816961916655, 10.368564673345986], [77.99807839555487, 10.368565524742262], [77.99807753565155, 10.368475205608314], [77.99816875923628, 10.368474354212038]], [[77.99899751294636, 10.36927956205445], [77.99908873669278, 10.369278710334779], [77.99909045723605, 10.369459348431995], [77.9989992334447, 10.369460200160649], [77.99899751294636, 10.36927956205445]]]}, "id": "+2842+5230", "properties": {"count": 537, "water": 1}}, {"type": "Feature", "geometry": {"geodesic": false, "type": "Polygon", "coordinates": [[[78.00650645334883, 10.400823621463784], [78.0065976856023, 10.400822765045925], [78.00659595542909, 10.40064212854771], [78.0067784198013, 10.400640415667077], [78.00677928494179, 10.400730733902709], [78.00705298153152, 10.40072816436167], [78.00705211631016, 10.400637846152987], [78.00714334846482, 10.400636989591398], [78.00714248323449, 10.400546671391696], [78.00732494746295, 10.400544958214619], [78.00732581275616, 10.400635276405335], [78.00741704488387, 10.400634419771881], [78.00741791020403, 10.400724737944632], [78.00750914234969, 10.400723881284227], [78.00751000770579, 10.400814199447995], [78.00723631116098, 10.400816769402258], [78.00723717644522, 10.400907087592977], [78.00714594421869, 10.400907944199481], [78.00714680948496, 10.400998262408164], [78.00705557722252, 10.400999118987722], [78.00705817299435, 10.401270073613771], [78.00696694065105, 10.40127093020231], [78.00696780589037, 10.401361248410995], [78.00678534112292, 10.401362961516208], [78.00678274557566, 10.401092006827275], [78.00669151325931, 10.401092863325982], [78.00669064810982, 10.401002545081367], [78.00659941581144, 10.401003401544141], [78.00659855070687, 10.400913083290542], [78.00650731842646, 10.400913939717384], [78.00650645334883, 10.400823621463784]]]}, "id": "+2933+4873", "properties": {"count": 44, "water": 1}}, {"type": "Feature", "geometry": {"geodesic": false, "type": "Polygon", "coordinates": [[[78.01143847000726, 10.391835011357239], [78.01162092845955, 10.391833297156081], [78.01162006269023, 10.391742979279774], [78.01171129188045, 10.391742122143263], [78.01171215767671, 10.39183244001957], [78.01180338687591, 10.391831582847125], [78.01180425270812, 10.391921900714449], [78.0120779403596, 10.39191932903542], [78.01207620854248, 10.391738693354672], [78.0119849793882, 10.391739550589998], [78.01198411352006, 10.39164923274064], [78.01189288438376, 10.391650089940034], [78.01189115272832, 10.391469454223353], [78.01243852711502, 10.391464310721565], [78.01243766113909, 10.39137399290814], [78.01252889014964, 10.391373135574], [78.01252629219489, 10.391102182151691], [78.01261752112458, 10.391101324808567], [78.0126166551217, 10.391011007013109], [78.01252542622794, 10.391011864338267], [78.012523694312, 10.390831228720401], [78.01270615200072, 10.390829514070084], [78.01270528599784, 10.390739196274627], [78.01279651480178, 10.390738338913536], [78.0127956487899, 10.390648021127062], [78.01316056382599, 10.390644591467105], [78.01316142994565, 10.390734909217647], [78.01343511621374, 10.390732336676235], [78.01343598242325, 10.390822654408812], [78.01325352486027, 10.390824369481335], [78.01325525719842, 10.391005004973437], [78.0133464860293, 10.391004147441667], [78.01334908466679, 10.391275100657362], [78.01325785575504, 10.391275958216081], [78.01326045438353, 10.391546911449744], [78.01316922538197, 10.391547769008463], [78.01316835919043, 10.39145745125792], [78.01298590122323, 10.391459166276546], [78.01298676736087, 10.391549484045054], [78.01289553833234, 10.391550341522926], [78.012896404461, 10.391640659300418], [78.01317009158248, 10.391638086759006], [78.01317095779197, 10.391728404509548], [78.01307972872753, 10.391729262059284], [78.01308232732906, 10.39200021532888], [78.01299109817478, 10.392001072869633], [78.01299196436631, 10.392091390638141], [78.012353359936, 10.392097392767646], [78.01235249393312, 10.392007074945237], [78.01144020147404, 10.392015647145785], [78.01143847000726, 10.391835011357239]], [[78.01216570586168, 10.391557200420632], [78.0123481640265, 10.391555485851164], [78.01235162793024, 10.391916757131812], [78.012260398749, 10.39191761445697], [78.01225953279105, 10.391827296634562], [78.0121683036188, 10.391828153923788], [78.01216570586168, 10.391557200420632]]]}, "id": "+2998+4982", "properties": {"count": 153, "water": 1}}, {"type": "Feature", "geometry": {"geodesic": false, "type": "MultiPolygon", "coordinates": [[[[78.01621061308134, 10.375712170395515], [78.01639306138267, 10.37571045611351], [78.01639046410166, 10.375439503400871], [78.01629924004082, 10.3754403605284], [78.01629750860998, 10.375259725368673], [78.01647995663284, 10.375258011113617], [78.01647909088148, 10.375167693542737], [78.01657031485249, 10.375166836379277], [78.01656944907418, 10.375076518826363], [78.01666067301822, 10.375075661644935], [78.01666500208941, 10.37552724940052], [78.01657377801959, 10.375528106617878], [78.01657550964808, 10.375708741723706], [78.01648428551538, 10.375709598932081], [78.01648601712589, 10.375890234055875], [78.01621234453914, 10.375892805564224], [78.01621061308134, 10.375712170395515]]], [[[78.01621061308134, 10.375712170395515], [78.0161193889217, 10.375713027496094], [78.01611852323323, 10.375622709907248], [78.01620974736592, 10.37562185280667], [78.01621061308134, 10.375712170395515]]]]}, "id": "+3038+5154", "properties": {"count": 25, "water": 1}}]}