{"type": "FeatureCollection", "columns": {"count": "Long<0, 4294967295>", "system:index": "String", "water": "Byte<0, 1>"}, "features": [{"type": "Feature", "geometry": {"geodesic": false, "type": "MultiPolygon", "coordinates": [[[[78.65680080486031, 10.772921284306337], [78.65716593135083, 10.772916971234146], [78.65716484077811, 10.772826715161932], [78.65734740391109, 10.772824558486597], [78.65734631329344, 10.77273430244133], [78.65743759481951, 10.772733224067732], [78.6574386854641, 10.772823480104014], [78.65752996700813, 10.772822401694482], [78.65753214836916, 10.77300291374908], [78.65744086677124, 10.773003992176578], [78.65744195744277, 10.773094248212862], [78.65735067580891, 10.773095326622395], [78.65735176646248, 10.77318558266766], [78.65689535802369, 10.773190974355995], [78.65689426750487, 10.773100718256831], [78.65680298581711, 10.773101796504665], [78.65680080486031, 10.772921284306337]]], [[[78.65680080486031, 10.772921284306337], [78.65670952321747, 10.772922362509256], [78.6567084327795, 10.772832106401108], [78.65679971439539, 10.772831028207172], [78.65680080486031, 10.772921284306337]]]]}, "id": "+10012+675", "properties": {"count": 26, "water": 1}}, {"type": "Feature", "geometry": {"geodesic": false, "type": "Polygon", "coordinates": [[[78.65779181384907, 10.771826350273388], [78.65788309506073, 10.771825271863856], [78.65788200438918, 10.771735015863506], [78.65797328555593, 10.771733937427024], [78.65797219486642, 10.77164368144464], [78.65806347599722, 10.771642602990193], [78.65806565743911, 10.77182311495496], [78.65815693861482, 10.77182203646458], [78.6581580293762, 10.771912292428997], [78.65824931056989, 10.771911213902683], [78.65825367382196, 10.772272237742387], [78.65834495511446, 10.772271159144209], [78.65834604597464, 10.772361415099642], [78.65816348332676, 10.77236357226905], [78.65816457415102, 10.772453828242451], [78.6582558555064, 10.772452749653255], [78.6582569463576, 10.77254300560869], [78.65816566497526, 10.772544084206869], [78.65816675581748, 10.772634340171285], [78.65807547439921, 10.772635418742514], [78.65807656522347, 10.772725674715915], [78.6578940022971, 10.772727831813457], [78.65789509307643, 10.772818087804824], [78.65780381156834, 10.772819166313171], [78.65779617652623, 10.772187374292756], [78.6578874578367, 10.77218629584729], [78.65788527643075, 10.772005783855573], [78.65779399516519, 10.772006862283071], [78.65779181384907, 10.771826350273388]]]}, "id": "+10019+687", "properties": {"count": 48, "water": 1}}, {"type": "Feature", "geometry": {"geodesic": false, "type": "MultiPolygon", "coordinates": [[[[78.65890925565655, 10.750961048703573], [78.6590005304722, 10.750959972018805], [78.65900161932015, 10.751050228028138], [78.65891034447756, 10.751051304712906], [78.65890925565655, 10.750961048703573]]], [[[78.65890925565655, 10.750961048703573], [78.6587267059983, 10.750963201974292], [78.65872561724018, 10.750872945946993], [78.65854306759991, 10.750875099091948], [78.65854197890467, 10.750784843037698], [78.658450704098, 10.750785919569752], [78.6584496154387, 10.75069566350652], [78.65826706584333, 10.750697816453846], [78.6582659772559, 10.750607560372647], [78.65817470246719, 10.750608636805886], [78.65817252536417, 10.750428124616539], [78.6579899758766, 10.750430277357253], [78.65798888738797, 10.750340021240122], [78.65780633791839, 10.75034217385507], [78.65780524950162, 10.750251917728956], [78.6577139747758, 10.750252993982532], [78.65771288639498, 10.750162737838451], [78.65762161168712, 10.750163814065077], [78.65761943499733, 10.74998330175895], [78.6575281603344, 10.749984377940661], [78.65752598374341, 10.749803865616567], [78.65761725835245, 10.749802789461807], [78.65761181690642, 10.749351508687505], [78.65770309136275, 10.749350432550711], [78.65770200308073, 10.749260176406631], [78.65779327750111, 10.749259100242886], [78.65779110090115, 10.749078587972692], [78.65797364961615, 10.749076435618255], [78.6579714729533, 10.74889592337501], [78.65806274723894, 10.748894847175333], [78.65806383559283, 10.748985103292464], [78.65815510990542, 10.748984027056855], [78.6581540215156, 10.748893770948706], [78.65833657005095, 10.748891618423588], [78.65833765848568, 10.748981874504787], [78.65879402977015, 10.74897649267097], [78.6587951183576, 10.749066748707254], [78.6588863926163, 10.749065672247065], [78.65888748123068, 10.749155928274364], [78.65907002976603, 10.749153775264157], [78.65907111845229, 10.74924403127349], [78.65916239272894, 10.749242954714488], [78.65916348145115, 10.749333210714838], [78.65925475575474, 10.749332134119902], [78.65925584450389, 10.749422390111269], [78.65934711882547, 10.7494213134804], [78.65934820761952, 10.749511569462785], [78.65943948195007, 10.749510492795983], [78.65944057078006, 10.749600748769383], [78.65953184512858, 10.749599672066651], [78.65953293399451, 10.749689928031069], [78.659624208361, 10.749688851292403], [78.65962638618268, 10.749869363194287], [78.65944383732393, 10.74987151667162], [78.65944601507374, 10.750052028609437], [78.65935474058149, 10.750053105321154], [78.65935582943843, 10.750143361303538], [78.65944710396661, 10.750142284573855], [78.65944819285949, 10.750232540538272], [78.65935691831334, 10.750233617276939], [78.65935800718825, 10.750323873250338], [78.65908418340605, 10.750327103331589], [78.65908527221808, 10.750417359331939], [78.6589939975731, 10.750418435980773], [78.65899508636717, 10.750508691990106], [78.65890381168627, 10.750509768620974], [78.6589070780415, 10.75078053666694], [78.65881580327076, 10.750781613306792], [78.65881689204684, 10.750871869325108], [78.65890816684453, 10.750870792685257], [78.65890925565655, 10.750961048703573]]]]}, "id": "+10025+939", "properties": {"count": 320, "water": 1}}, {"type": "Feature", "geometry": {"geodesic": false, "type": "Polygon", "coordinates": [[[78.65791720638276, 10.751965707637988], [78.65800848160265, 10.75196463115085], [78.65800521567863, 10.751693862853356], [78.65818776592077, 10.751691709852132], [78.65818667725247, 10.751601453770933], [78.65827795232863, 10.75160037723888], [78.65827577495611, 10.751419865085467], [78.65836704996939, 10.751418788553412], [78.65836596127414, 10.751328532481198], [78.65854851121985, 10.751326379345226], [78.65854959997797, 10.751416635399474], [78.65873214994164, 10.751414482137738], [78.65873323875367, 10.751504738165037], [78.65882451374898, 10.751503661489254], [78.65882886922165, 10.75186468556252], [78.65873759412753, 10.751865762283218], [78.65873977186835, 10.752046274328835], [78.65883104702536, 10.752045197599152], [78.6588321359362, 10.752135453617468], [78.65874086075225, 10.752136530356134], [78.65874194964512, 10.752226786383433], [78.65865067442523, 10.752227863113117], [78.65865176330013, 10.752318119140416], [78.65846921277951, 10.752320272536899], [78.65846703513749, 10.7521397604284], [78.65791938365646, 10.752146219863267], [78.65791720638276, 10.751965707637988]]]}, "id": "+10027+912", "properties": {"count": 70, "water": 1}}, {"type": "Feature", "geometry": {"geodesic": false, "type": "Polygon", "coordinates": [[[78.65851821983982, 10.756381794223516], [78.65860949632633, 10.756380717125523], [78.6586084070382, 10.756290461107207], [78.65869968347981, 10.75628938399125], [78.65869750488558, 10.756108871981565], [78.658880057643, 10.756106717704734], [78.65887896830098, 10.756016461713367], [78.65897024464375, 10.75601538454351], [78.65897351276867, 10.756286152481678], [78.65906478917432, 10.75628507525792], [78.6590658785972, 10.756375331231322], [78.65915715502084, 10.756374253971634], [78.65915933394744, 10.756554765882502], [78.65906805746093, 10.756555843160157], [78.65907023637855, 10.756736355088991], [78.65879640672138, 10.756739586823143], [78.65879531733444, 10.756649330831776], [78.65861276423564, 10.756651485162507], [78.65861167492056, 10.756561229153172], [78.65852039838914, 10.756562306269132], [78.65851821983982, 10.756381794223516]]]}, "id": "+10031+860", "properties": {"count": 34, "water": 1}}, {"type": "Feature", "geometry": {"geodesic": false, "type": "Polygon", "coordinates": [[[78.6593993918188, 10.753753599772436], [78.65958194301315, 10.753751445549502], [78.65958085371604, 10.753661189612034], [78.6596721292683, 10.753660112478109], [78.65966995063815, 10.753479600630122], [78.65976122613651, 10.753478523478233], [78.65976013680347, 10.753388267567713], [78.6598514122659, 10.753387190397856], [78.65984923358184, 10.753206678585803], [78.65994050897241, 10.753205601406963], [78.65993833027937, 10.753025089612875], [78.66012088092576, 10.753022935210279], [78.6601197915388, 10.752932679335693], [78.66030234209536, 10.752930524852248], [78.6603012526635, 10.752840268986645], [78.66039252790137, 10.752839191717973], [78.66039361735119, 10.75292944756561], [78.66057616785385, 10.752927292920468], [78.66057725737554, 10.753017548759122], [78.66066853263136, 10.75301647138265], [78.66066962218899, 10.753106727212321], [78.66076089747176, 10.753105649799918], [78.66076198706531, 10.753195905620606], [78.66094453764882, 10.75319375070597], [78.66094562730527, 10.753284006499708], [78.661036902606, 10.75328292898849], [78.66103799230736, 10.753373184773245], [78.66112926762605, 10.753372107235078], [78.66113035735437, 10.753462363010849], [78.66122163269102, 10.753461285436751], [78.66122272246425, 10.753551541194556], [78.66131399781888, 10.753550463584524], [78.66131508762804, 10.753640719342329], [78.66140636300064, 10.75363964168738], [78.66140745283674, 10.753729897436203], [78.66149872822731, 10.753728819745323], [78.66149981810833, 10.753819075485161], [78.66159109351686, 10.753817997767332], [78.66159218343381, 10.753908253489204], [78.66150090799833, 10.753909331225], [78.66150199789732, 10.753999586955855], [78.6614107224259, 10.754000664673685], [78.66141181230692, 10.754090920413523], [78.66113798575792, 10.754094153423281], [78.66113907556708, 10.754184409190069], [78.66104780000583, 10.754185486818068], [78.66104997959718, 10.754365998378592], [78.66095870397305, 10.754367075997608], [78.66096088355543, 10.754547587567117], [78.66086960785942, 10.754548665177149], [78.66087178742384, 10.754729176764624], [78.66078051167395, 10.754730254365672], [78.66078269122039, 10.754910765971113], [78.66060013957687, 10.754912921128295], [78.66060122931415, 10.755003176948982], [78.66032740168718, 10.755006409518565], [78.66032631203075, 10.754916153670928], [78.66023503616407, 10.754917231128246], [78.66023394655254, 10.754826975271627], [78.66005139483715, 10.75482913008745], [78.66005030528852, 10.754738874212862], [78.65995902944879, 10.754739951571366], [78.6599579399271, 10.754649695687798], [78.65986666410534, 10.754650773010368], [78.65986448515179, 10.75447026121628], [78.65977320937495, 10.754471338493936], [78.65977211994309, 10.754381082583416], [78.65958956840736, 10.754383237048895], [78.65958630032738, 10.754112469263442], [78.65949502462239, 10.754113546424316], [78.65949284600121, 10.753933034549378], [78.65940157035014, 10.753934111665338], [78.6593993918188, 10.753753599772436]]]}, "id": "+10047+895", "properties": {"count": 320, "water": 1}}, {"type": "Feature", "geometry": {"geodesic": false, "type": "Polygon", "coordinates": [[[78.66020235186078, 10.752209555115249], [78.66029362690998, 10.752208477927425], [78.66029144821694, 10.75202796619622], [78.66038272320326, 10.752026889008397], [78.66038163384327, 10.751936633142794], [78.66056418374406, 10.751934478704266], [78.66056309433914, 10.751844222865612], [78.6606543692536, 10.751843145614906], [78.66065327983073, 10.751752889776252], [78.66074455470027, 10.751751812507582], [78.66074346525943, 10.751661556686894], [78.66083474009304, 10.751660479400256], [78.66083365063423, 10.75157022357957], [78.6609249254409, 10.751569146274965], [78.66092383596411, 10.751478890472244], [78.66101511072586, 10.751477813149673], [78.66101402123113, 10.751387557346952], [78.66110529595693, 10.751386480015398], [78.66110420644422, 10.751296224221662], [78.6611954811341, 10.751295146863157], [78.66119439161241, 10.751204891087387], [78.66128566625738, 10.751203813710918], [78.66128457671772, 10.751113557935145], [78.66137585133573, 10.751112480549693], [78.66137694090234, 10.751202736307498], [78.66146821553833, 10.751201658886112], [78.66146930514087, 10.751291914634933], [78.66165185443978, 10.751289759684365], [78.66165294410521, 10.75138001541522], [78.66174421876815, 10.751378937895021], [78.66174530847849, 10.751469193616893], [78.6618365831504, 10.751468116051777], [78.66183767289667, 10.75155837177365], [78.66192894758655, 10.751557294172601], [78.66193003736875, 10.751647549876507], [78.6620213120766, 10.751646472248508], [78.66202240189475, 10.751736727943431], [78.66211367662955, 10.751735650270518], [78.66211476648361, 10.751825905956457], [78.66220604122739, 10.75182482824761], [78.66220713111738, 10.751915083924567], [78.6623896806319, 10.751912928417044], [78.66239077058478, 10.75200318406705], [78.66248204535552, 10.752002106268373], [78.66248313535331, 10.752092361909396], [78.66257441013303, 10.752091284074785], [78.66257550016677, 10.752181539706827], [78.66266677497343, 10.752180461836284], [78.66266895511275, 10.752360973082398], [78.66276022996433, 10.75235989516694], [78.66276350032604, 10.752630662009164], [78.6626722253936, 10.752631739960554], [78.66267440563176, 10.75281225120667], [78.66258313064543, 10.752813329149078], [78.66258531086561, 10.752993840404176], [78.66240276074024, 10.752995996244078], [78.66240385081889, 10.753086251894084], [78.66231257570679, 10.753087329782593], [78.66231475582816, 10.753267841100573], [78.66222348066218, 10.753268918980101], [78.66222457071387, 10.75335917463909], [78.66213329550297, 10.753360252509633], [78.6621343855367, 10.753450508177608], [78.66204311029884, 10.753451586021201], [78.66204420030563, 10.75354184170714], [78.66195292503184, 10.753542919532768], [78.66195510502745, 10.753723430913631], [78.66177255433614, 10.753725586528953], [78.66177146439223, 10.753635330825047], [78.66168018905556, 10.753636408578808], [78.66167909913861, 10.753546152856936], [78.6615878238289, 10.753547230583749], [78.66158673394787, 10.753456974852893], [78.66149545864714, 10.753458052534791], [78.66149436881103, 10.75336779679495], [78.66131181823651, 10.753369952068914], [78.66131072846329, 10.75327969631111], [78.6612194531895, 10.753280773903175], [78.66121836344324, 10.753190518127402], [78.66112708818741, 10.753191595683536], [78.66112599848606, 10.753101339907765], [78.6610347232482, 10.753102417418981], [78.66103363358278, 10.753012161634228], [78.6609423583539, 10.753013239109512], [78.66094126872441, 10.752922983315774], [78.66084999352249, 10.752924060755126], [78.66084890392894, 10.752833804952406], [78.66075762874499, 10.752834882355824], [78.66075653918736, 10.752744626535138], [78.66066526401238, 10.752745703911607], [78.66066417449967, 10.752655448081937], [78.66048162417668, 10.752657602727078], [78.66047944527702, 10.752477091031807], [78.66029689503488, 10.752479245533218], [78.66029580564793, 10.752388989667615], [78.66020453053585, 10.752390066864422], [78.66020235186078, 10.752209555115249]]]}, "id": "+10058+914", "properties": {"count": 437, "water": 1}}, {"type": "Feature", "geometry": {"geodesic": false, "type": "MultiPolygon", "coordinates": [[[[78.66702728031298, 10.720174014424334], [78.6671185450585, 10.720172938413302], [78.66711963312493, 10.720263193766865], [78.66702836835245, 10.72026426978688], [78.66702728031298, 10.720174014424334]]], [[[78.66702728031298, 10.720174014424334], [78.66666222125, 10.720178318198961], [78.66666113333629, 10.720088062800482], [78.6665698685728, 10.720089138667781], [78.66656878068603, 10.719998883251337], [78.6664775159405, 10.719999959082704], [78.66647642809866, 10.719909703657276], [78.66675022222745, 10.719906476100292], [78.6667469585043, 10.719635709904855], [78.6668382231061, 10.719634634028571], [78.66683604728766, 10.71945412324958], [78.66692731183556, 10.719453047364315], [78.66692622391288, 10.719362791974818], [78.66710875291885, 10.719360640150388], [78.66711310488809, 10.719721661600571], [78.66729563407372, 10.719719509596477], [78.66729672214015, 10.719809764941058], [78.66720545752936, 10.71981084096107], [78.66720654557783, 10.719901096314633], [78.66702401626642, 10.719903248309745], [78.66702728031298, 10.720174014424334]]]]}, "id": "+10125+1265", "properties": {"count": 39, "water": 1}}, {"type": "Feature", "geometry": {"geodesic": false, "type": "MultiPolygon", "coordinates": [[[[78.66800067418343, 10.747874830364342], [78.6679984918073, 10.74769432015129], [78.66808976470054, 10.747693241121919], [78.668088673499, 10.747602986019885], [78.6681799463653, 10.747601906981531], [78.66818212883126, 10.747782417158652], [78.66809085591107, 10.747783496223954], [78.66809194713956, 10.747873751325988], [78.66800067418343, 10.747874830364342]]], [[[78.6681203222963, 10.750220383736346], [78.6685766904187, 10.750214986909649], [78.66857778204246, 10.750305241948801], [78.66885160288714, 10.750302003504235], [78.66884832781827, 10.750031238467626], [78.66921342180774, 10.750026920284022], [78.66921451360217, 10.750117175260291], [78.66939706059242, 10.750115015988827], [78.66939596875308, 10.750024761030522], [78.66948724220329, 10.750023681363349], [78.66948942595384, 10.750204191253008], [78.66930687892766, 10.750206350596338], [78.66931233819625, 10.750657625414808], [78.66949488549193, 10.750655465972663], [78.66949597743009, 10.750745720913002], [78.66995234564232, 10.750740321813565], [78.66995452981509, 10.75092083160441], [78.6698632561403, 10.750921911496162], [78.66986434821321, 10.751012166400567], [78.66959052704512, 10.751015405941077], [78.66959161904616, 10.751105660872433], [78.66940907149896, 10.751107820458309], [78.66940797954284, 10.751017565508986], [78.6693167057872, 10.751018645248026], [78.669315613876, 10.750928390289722], [78.6691330663737, 10.750930549677967], [78.66913197452537, 10.750840294701698], [78.6690407007877, 10.750841374341922], [78.66903960897531, 10.750751119356668], [78.6689483352556, 10.75075219896096], [78.66894724347914, 10.750661943966723], [78.66867342234698, 10.750665182599935], [78.66867233066036, 10.750574927569765], [78.66858105694963, 10.750576007057276], [78.66857996530793, 10.750485752018124], [78.66848869161517, 10.7504868314697], [78.66848760000939, 10.750396576421565], [78.6683963263346, 10.750397655828227], [78.66839523476474, 10.750307400771108], [78.66812141377632, 10.750310638820416], [78.6681203222963, 10.750220383736346]]], [[[78.66800067418343, 10.747874830364342], [78.66800285660447, 10.748055340586378], [78.66809412960552, 10.748054261521075], [78.66809522086096, 10.74814451662311], [78.66818649387999, 10.748143437530858], [78.66819085909039, 10.748504457876114], [78.6680995859546, 10.748505537013283], [78.66810395120991, 10.748866557394471], [78.66819522445351, 10.748865478221372], [78.66819958996935, 10.749226498557645], [78.66829086330277, 10.749225419321663], [78.66829195473788, 10.74931567439675], [78.66820068136852, 10.749316753641715], [78.6682028642028, 10.749497263800867], [78.66829413762605, 10.749496184537936], [78.66829741203019, 10.749766949745226], [78.6683886855253, 10.749765870428394], [78.66839086856619, 10.749946380542632], [78.66802577432519, 10.749950697729107], [78.66802795719539, 10.750131207924193], [78.66811923081629, 10.750130128643296], [78.6681203222963, 10.750220383736346], [78.6678465012989, 10.750223621507176], [78.6678443185275, 10.750043111276156], [78.66775304489764, 10.750044190467223], [78.66775195354337, 10.749953935347223], [78.66766067993147, 10.749955014493374], [78.66765958862213, 10.749864759364389], [78.66756831502819, 10.749865838474607], [78.66756722375479, 10.749775583327656], [78.66747595017881, 10.749776662410925], [78.66747376771285, 10.749596152108042], [78.6673824941818, 10.749597231137411], [78.66738031181464, 10.749416720807577], [78.6672890383285, 10.749417799801014], [78.66728685605119, 10.749237289453214], [78.66719558260098, 10.749238368392753], [78.66719230933771, 10.74896760283512], [78.66710103596836, 10.74896868172076], [78.6670901260011, 10.748066129739216], [78.66718139910095, 10.748065050943408], [78.66718030813298, 10.747974795751542], [78.66727158119691, 10.747973716937768], [78.66727049021097, 10.747883461754885], [78.66736176323896, 10.747882382923144], [78.66736067223505, 10.747792127749245], [78.66745194522711, 10.747791048899536], [78.66744867218843, 10.747520283404787], [78.66763121799289, 10.747518125678424], [78.66762903590423, 10.747337615384524], [78.66772030873459, 10.747336536498883], [78.66771921767678, 10.747246281360916], [78.66790176325668, 10.747244123535738], [78.66790940121831, 10.747875909384728], [78.66800067418343, 10.747874830364342]], [[78.66754212716137, 10.74769971487593], [78.66763340010851, 10.747698635981308], [78.6676344911843, 10.747788891128259], [78.6675432182102, 10.747789970031864], [78.66754212716137, 10.74769971487593]]]]}, "id": "+10130+956", "properties": {"count": 369, "water": 1}}, {"type": "Feature", "geometry": {"geodesic": false, "type": "Polygon", "coordinates": [[[78.667473810823, 10.719356336169147], [78.6675650752721, 10.719355260104217], [78.66756181100097, 10.719084494142344], [78.66765307536022, 10.719083418086397], [78.66765089916449, 10.71890290746012], [78.66792469202666, 10.7188996791755], [78.6679236038704, 10.718809423884819], [78.6681061323374, 10.71880727158428], [78.66810286775186, 10.71853650577512], [78.66819413189552, 10.718535429611375], [78.66819522010567, 10.718625684875107], [78.66856027668031, 10.718621379914703], [78.66856354169704, 10.718892145580133], [78.66865480590359, 10.718891069236728], [78.66865698268322, 10.719071579665375], [78.66883951115918, 10.719069426870764], [78.66883842270649, 10.718979171678896], [78.66902095109262, 10.718977018812419], [78.66902203959921, 10.719067273977336], [78.6689307753837, 10.719068350437524], [78.66893295236095, 10.71924886080329], [78.66884168808255, 10.719249937254496], [78.66884386505082, 10.719430447638228], [78.66875260070952, 10.71943152408045], [78.66875368918019, 10.719521779272316], [78.66866242480297, 10.719522855705554], [78.66866351325567, 10.719613110906405], [78.66857224884251, 10.719614187321676], [78.66857333727724, 10.719704442531508], [78.66848207282816, 10.719705518919833], [78.66848316124492, 10.71979577414763], [78.6683918967599, 10.719796850517987], [78.66839407357546, 10.719977360982568], [78.66830280901857, 10.719978437352925], [78.66830389741737, 10.720068692589708], [78.66821263282456, 10.720069768942096], [78.66821372120539, 10.720160024187862], [78.66803119193891, 10.720162176829762], [78.66803228027482, 10.720252432093492], [78.66794101560116, 10.720253508383001], [78.66793992730116, 10.720163253101303], [78.66784866264547, 10.720164329354878], [78.6678497509185, 10.72025458464556], [78.66775848623585, 10.720255660872185], [78.66775739798078, 10.720165405581504], [78.66766613330712, 10.720166481781181], [78.66766504508799, 10.720076226472534], [78.66784757437243, 10.72007407407318], [78.66784648611737, 10.719983818782499], [78.66793775071018, 10.71998274254689], [78.66793448590904, 10.71971197671078], [78.66784322139708, 10.71971305291944], [78.66784213316896, 10.719622797628759], [78.66775086866598, 10.719623873801487], [78.66774978048277, 10.719533618501822], [78.66747598700076, 10.719536846822374], [78.667473810823, 10.719356336169147]]]}, "id": "+10137+1274", "properties": {"count": 162, "water": 1}}, {"type": "Feature", "geometry": {"geodesic": false, "type": "Polygon", "coordinates": [[[78.67089601403545, 10.783406052379588], [78.67116986405742, 10.783402802041328], [78.67117095989427, 10.78349305662234], [78.6712622432439, 10.783491973110378], [78.67126333912567, 10.783582227682405], [78.6713546224843, 10.78358114413451], [78.671355718402, 10.783671398697557], [78.67144700178757, 10.783670315113728], [78.67144809773221, 10.78376056966779], [78.67163066452133, 10.783758402410301], [78.67163285656333, 10.783938911473511], [78.67181542342432, 10.78393674406331], [78.67181651951269, 10.784026998581439], [78.67190780295216, 10.78402591482693], [78.67190889907647, 10.784116169327094], [78.6720001825429, 10.784115085545636], [78.67200127870314, 10.784205340036817], [78.67209256217855, 10.784204256210444], [78.67209365837472, 10.784294510692641], [78.6721849418681, 10.784293426830335], [78.67218603810919, 10.784383681303549], [78.67227732162053, 10.78438259740531], [78.67227841788856, 10.784472851869541], [78.67236970141786, 10.78447176793537], [78.67237079773082, 10.784562022390617], [78.6724620812781, 10.784560938420514], [78.67246317762698, 10.784651192866779], [78.67255446118324, 10.784650108860742], [78.67255555756806, 10.784740363298022], [78.67264684115126, 10.784739279256053], [78.67264793757201, 10.784829533675369], [78.67273922117319, 10.784828449597468], [78.67274031762987, 10.784918704016782], [78.67283160124002, 10.784917619902949], [78.67283379424323, 10.785098128705645], [78.6729250778983, 10.785097044546895], [78.67292617444481, 10.785187298948244], [78.67301745811785, 10.785186214753562], [78.6730185547003, 10.785276469136944], [78.6731098383913, 10.78527538490633], [78.67311312826442, 10.785546148020543], [78.67329569579015, 10.785543979424565], [78.67329898590582, 10.785814742484881], [78.67311641822737, 10.78581691113476], [78.67311751489964, 10.785907165500175], [78.67302623101102, 10.785908249802656], [78.67302732766534, 10.785998504177055], [78.6728447598162, 10.78600067271015], [78.67284585642561, 10.786090927102515], [78.67275457245613, 10.786092011342115], [78.67275347587368, 10.786001756931782], [78.67266219192216, 10.78600284113545], [78.67266109537564, 10.785912586716133], [78.67247852749956, 10.785914755015668], [78.67247743101593, 10.785824500578386], [78.67238614709137, 10.785825584674253], [78.67238505064367, 10.78573533022799], [78.67174606309088, 10.785742918108548], [78.6717449668408, 10.785652663599402], [78.6714711149683, 10.785655915114454], [78.67147221112853, 10.785746169650551], [78.67138092712312, 10.785747253449975], [78.67137983098984, 10.785656998904894], [78.67128854700239, 10.785658082659403], [78.67128745089605, 10.785567828105341], [78.67119616692656, 10.785568911823917], [78.67118411075391, 10.784576111549567], [78.67136667808202, 10.784573944283096], [78.67136448606696, 10.784393435174971], [78.67118191884666, 10.78439560240551], [78.67117972697534, 10.784215093252469], [78.67108844340112, 10.784216176809348], [78.67108186820036, 10.78367464927836], [78.67099058477885, 10.783675732754391], [78.67098839317701, 10.783495223556436], [78.67089710980042, 10.78349630698755], [78.67089601403545, 10.783406052379588]]]}, "id": "+10161+555", "properties": {"count": 357, "water": 1}}, {"type": "Feature", "geometry": {"geodesic": false, "type": "Polygon", "coordinates": [[[78.67138213584228, 10.74819590703066], [78.67156468123352, 10.748193746860878], [78.671563588954, 10.74810349211817], [78.67165486160471, 10.748102412001838], [78.67165158472123, 10.74783164779168], [78.67183412984298, 10.74782948754105], [78.67183522218538, 10.747919742256808], [78.67201776731612, 10.747917581880417], [78.6720188597214, 10.748007836587192], [78.67211013230023, 10.748006756345097], [78.67211122474146, 10.748097011042889], [78.67220249733826, 10.748095930764862], [78.67220468229256, 10.748276440124515], [78.67211340964185, 10.748277520420508], [78.67211450211002, 10.748367775109319], [78.67193195672776, 10.748369935629443], [78.67193304915101, 10.748460190336218], [78.67175050366994, 10.748462350775494], [78.67174941130058, 10.748372096041768], [78.67138432033843, 10.74837641655201], [78.67138213584228, 10.74819590703066]]]}, "id": "+10173+949", "properties": {"count": 37, "water": 1}}, {"type": "Feature", "geometry": {"geodesic": false, "type": "Polygon", "coordinates": [[[78.67181993033498, 10.7466561761194], [78.67191120252754, 10.746655096074933], [78.67191011030192, 10.746564841350192], [78.67200138245856, 10.74656376128776], [78.67200029020599, 10.746473506580983], [78.67227410654114, 10.746470266258939], [78.67227519887456, 10.746560520947748], [78.672457743098, 10.74655836058034], [78.67245555834133, 10.746377851247635], [78.67254683039016, 10.746376771050455], [78.67254792278646, 10.746467025703332], [78.67282173894195, 10.746463784905181], [78.67282501644526, 10.746734548782964], [78.67273374431558, 10.746735629105908], [78.67273483681069, 10.746825883740819], [78.67255229247947, 10.746828044323824], [78.67255338492966, 10.7469182989767], [78.67246211271913, 10.746919379236763], [78.67246320515136, 10.747009633898623], [78.6723719329049, 10.747010714140718], [78.67237630261587, 10.74737173281511], [78.67246757497013, 10.74737065253708], [78.67247085242853, 10.747641416504695], [78.6722883075583, 10.747643577096683], [78.67228940000851, 10.747733831767528], [78.67210685503947, 10.747735992269684], [78.67210467025585, 10.747555482883081], [78.67201339781175, 10.747556563071278], [78.67201121310899, 10.74737605366671], [78.67210248549918, 10.747374973487496], [78.67210030078742, 10.747194464100893], [78.67191775610586, 10.747196624378471], [78.67191557153782, 10.747016114946954], [78.67182429923747, 10.747017195027352], [78.67181993033498, 10.7466561761194]]]}, "id": "+10181+965", "properties": {"count": 86, "water": 1}}, {"type": "Feature", "geometry": {"geodesic": false, "type": "Polygon", "coordinates": [[[78.67231125112355, 10.749538925139479], [78.67240252413359, 10.749537844663822], [78.67240033879301, 10.749357335358068], [78.67249161174016, 10.749356254873426], [78.6724905190564, 10.749266000229532], [78.67258179196762, 10.749264919726926], [78.6725806992659, 10.749174665092015], [78.67267197214117, 10.749173584571443], [78.67266869401801, 10.748902820684677], [78.67275996679449, 10.748901740173086], [78.67275778137306, 10.748721230930213], [78.67284905409564, 10.74872015040964], [78.67284577595453, 10.74844938656779], [78.67302832120204, 10.748447225490711], [78.6730272284554, 10.748356970891733], [78.67311850103424, 10.748355890326245], [78.67312068659041, 10.748536399497251], [78.67321195921416, 10.748535318886846], [78.67321086640463, 10.748445064305836], [78.67330213899245, 10.748443983677463], [78.67330104616497, 10.748353729114418], [78.67320977360409, 10.748354809733806], [78.67320868081254, 10.748264555152794], [78.67311740826962, 10.74826563573625], [78.673116315514, 10.748175381155237], [78.67320758802995, 10.748174300571783], [78.67320540250073, 10.747993791418741], [78.6732966749538, 10.747992710835286], [78.67329339664201, 10.747721947119201], [78.67338466900526, 10.747720866535746], [78.67338248345807, 10.747540357400672], [78.67347375575844, 10.747539276817216], [78.67347266296687, 10.74744902225417], [78.6735639352313, 10.747447941652748], [78.67356284243075, 10.747357687098686], [78.67365411465926, 10.747356606479299], [78.67365957890452, 10.747807879159778], [78.67347703416905, 10.747810040479402], [78.67347921982403, 10.747990549578544], [78.67384430946566, 10.747986226759632], [78.67384540241892, 10.748076481277764], [78.67393667482708, 10.748075400496678], [78.67393886081445, 10.748255909505989], [78.67384758835237, 10.74825699030504], [78.67384868133259, 10.748347244823169], [78.67366613631863, 10.74834940635839], [78.67366722925392, 10.748439660885502], [78.67357595670204, 10.748440741621671], [78.67358688633341, 10.749343286991614], [78.67349561350305, 10.74934436779965], [78.6734999855137, 10.749705385961999], [78.67340871256656, 10.749706466779017], [78.67341417767419, 10.750157739513396], [78.67332290458332, 10.75015882034838], [78.67332399760843, 10.750249074902442], [78.67323272447264, 10.75025015571946], [78.6732338174798, 10.750340410282504], [78.67314254431705, 10.750341491081556], [78.67314473030441, 10.750522000225613], [78.67323600352105, 10.750520919408595], [78.67323709655516, 10.750611173971642], [78.67314582331157, 10.750612254797641], [78.67314691632771, 10.75070250936967], [78.67305564304817, 10.750703590177705], [78.67305673604635, 10.750793844758716], [78.67278291605506, 10.750797087057055], [78.67278182313773, 10.750706832449094], [78.67269054981328, 10.750707913149329], [78.67268945693189, 10.750617658532384], [78.67259818362542, 10.750618739205672], [78.67259490512498, 10.750347975318906], [78.67250363189036, 10.750349055929311], [78.672499260787, 10.7499880373717], [78.67240798765121, 10.749989117919224], [78.67240689493151, 10.74989886327533], [78.67231562181368, 10.74989994378692], [78.67231125112355, 10.749538925139479]]]}, "id": "+10193+954", "properties": {"count": 296, "water": 1}}, {"type": "Feature", "geometry": {"geodesic": false, "type": "Polygon", "coordinates": [[[78.67646808893967, 10.768626330084098], [78.67655936726773, 10.768625246491286], [78.676558271368, 10.768534992377399], [78.67664954965113, 10.76853390876662], [78.67664845373343, 10.768443654652733], [78.67673973198963, 10.76844257102399], [78.67673863605397, 10.768352316919085], [78.67682991426524, 10.768351233272373], [78.67682881831162, 10.768260979185435], [78.67692009648697, 10.768259895520758], [78.67691900052435, 10.76816964143382], [78.67701027866376, 10.768168557751178], [78.67701137465333, 10.768258811829133], [78.6771939309591, 10.768256644365032], [78.67719173887218, 10.768076136254036], [78.6772830169487, 10.76807505249953], [78.6772863051779, 10.768345814643563], [78.67719502702053, 10.76834689842502], [78.67719941134709, 10.76870791464701], [78.67710813306394, 10.768708998437452], [78.67710922914334, 10.768799252497441], [78.67701795083325, 10.768800336269916], [78.67701904689467, 10.768890590338888], [78.67665393341176, 10.768894925204206], [78.67665283745812, 10.768804671090319], [78.67656155909414, 10.768805754728046], [78.67656046317644, 10.768715500614158], [78.67646918482143, 10.768716584215952], [78.67646808893967, 10.768626330084098]]]}, "id": "+10230+724", "properties": {"count": 44, "water": 1}}, {"type": "Feature", "geometry": {"geodesic": false, "type": "Polygon", "coordinates": [[[78.67713623206959, 10.755981004283838], [78.67722750651693, 10.755979921742055], [78.67722531697224, 10.755799413496312], [78.67731659135669, 10.75579833095453], [78.67731549657087, 10.755708076840643], [78.67740677091939, 10.755706994280894], [78.67740239175815, 10.755345977843309], [78.67749366598989, 10.755344895292543], [78.67749147640926, 10.755164387091716], [78.67758275057813, 10.755163304531967], [78.67758056098852, 10.754982796349108], [78.6776718350945, 10.754981713780376], [78.67766636114743, 10.754530443354666], [78.67775763510967, 10.7545293608039], [78.67775435077917, 10.754258598570035], [78.6778456246426, 10.754257516028252], [78.67783358255554, 10.753264721197693], [78.67774230898854, 10.75326580364066], [78.67772807928817, 10.75209250044758], [78.6778193525138, 10.752091418130375], [78.67781606889295, 10.75182065586956], [78.67790734201976, 10.751819573543374], [78.67790624746752, 10.751729319465419], [78.67799752055839, 10.751728237130248], [78.6779986151376, 10.75181849119922], [78.67808988824645, 10.751817408828117], [78.67809098286159, 10.751907662888106], [78.67818225597942, 10.751906580481071], [78.67818335063049, 10.751996834532077], [78.67827462377527, 10.751995752080125], [78.67827571846227, 10.752086006122148], [78.6784582647698, 10.752083841137399], [78.67845717003789, 10.751993587113342], [78.67854844314672, 10.751992504589525], [78.67854406418311, 10.751631488529233], [78.67881788314135, 10.751628240903885], [78.67881897794513, 10.751718494892009], [78.67891025094617, 10.751717412287343], [78.67891244064359, 10.751897920245625], [78.67909498670856, 10.751895754919515], [78.67909717655868, 10.75207626283288], [78.67900590347678, 10.752077345527377], [78.67900699838837, 10.752167599497534], [78.67909827149721, 10.752166516794055], [78.67909936644473, 10.752256770746246], [78.67928191268938, 10.752254605240472], [78.67928410272815, 10.752435113108922], [78.67983174155191, 10.752428615837017], [78.67983283674197, 10.752518869717344], [78.67992410987776, 10.752517786735385], [78.67992520510376, 10.752608040606729], [78.68001647824853, 10.752606957588839], [78.68001757351945, 10.752697211442216], [78.68010884668219, 10.752696128388394], [78.68011432329726, 10.75314739763731], [78.68002304999976, 10.753148480736048], [78.68002743136188, 10.753509496149553], [78.68011870476717, 10.753508413014883], [78.68012308639878, 10.753869428383473], [78.6800318128767, 10.75387051156306], [78.68003290828237, 10.753960765407452], [78.6801241818224, 10.753959682227865], [78.68012856364267, 10.754320697587474], [78.67985474266322, 10.754323947171148], [78.6798558380599, 10.754414201033509], [78.67949074317211, 10.754418533473375], [78.67949183846997, 10.75450878738065], [78.67921801712222, 10.754512036452287], [78.6792191123482, 10.754602290386511], [78.67894529082979, 10.754605539251534], [78.6789463859839, 10.754695793203725], [78.67858129038645, 10.754700124691379], [78.67858238544177, 10.754790378679504], [78.6784911114885, 10.754791461499764], [78.67849220653484, 10.75488171549687], [78.67840093254564, 10.754882798290181], [78.67840202756501, 10.754973052305255], [78.67831075353989, 10.754974135080598], [78.67831294356068, 10.75515464311973], [78.67822166947268, 10.755155725895072], [78.6782227644741, 10.75524597991913], [78.67813149035015, 10.755247062676508], [78.6781325853336, 10.755337316709547], [78.67804131116473, 10.755338399439976], [78.67804240613022, 10.755428653490982], [78.6779511319344, 10.755429736203444], [78.67795222688193, 10.755519990263434], [78.67776967840048, 10.75552215563446], [78.67777077330308, 10.755612409703431], [78.67767949901744, 10.755613492361995], [78.67768059390208, 10.75570374643995], [78.6775893195805, 10.755704829080548], [78.67759041445615, 10.755795083167486], [78.67749914009865, 10.755796165790118], [78.67750132980504, 10.755976673990943], [78.67741005539364, 10.755977756595609], [78.67741115023335, 10.756068010709496], [78.67731987577703, 10.756069093305177], [78.67732097059879, 10.756159347419066], [78.67722969610654, 10.75616042999678], [78.6772307909193, 10.756250684119651], [78.67713951639111, 10.756251766679402], [78.67713623206959, 10.755981004283838]], [[78.67785219355514, 10.754799040442085], [78.67803474158744, 10.75479687516089], [78.67803583649004, 10.754887129211896], [78.67812711051516, 10.7548860465174], [78.67812820546268, 10.754976300559424], [78.67785438327051, 10.754979548571047], [78.67785219355514, 10.754799040442085]], [[78.67875836278284, 10.754246689119222], [78.67884963654747, 10.754245606280996], [78.6788507316387, 10.754335860251153], [78.67894200541231, 10.754334777376995], [78.67894310054848, 10.754425031329186], [78.67876055292042, 10.754427197068521], [78.67875836278284, 10.754246689119222]]]}, "id": "+10249+906", "properties": {"count": 782, "water": 1}}, {"type": "Feature", "geometry": {"geodesic": false, "type": "Polygon", "coordinates": [[[78.67997310446049, 10.741504646149998], [78.68006437427252, 10.741503564228054], [78.68006328015144, 10.741413310311795], [78.68033708943483, 10.741410064393246], [78.68033927783866, 10.741590572171866], [78.68043054763271, 10.741589490133139], [78.68043492465597, 10.741950505654442], [78.68052619454885, 10.741949423543852], [78.68053057183262, 10.742310439020239], [78.68043930183194, 10.74231152115778], [78.68044039615064, 10.742401775038106], [78.68025785606844, 10.742403939268272], [78.68025895034222, 10.742494193157581], [78.6800764101612, 10.742496357297915], [78.68007531594132, 10.742406103381656], [78.67998404586878, 10.742407185402417], [78.67997857503886, 10.74195591578519], [78.68006984498564, 10.741954833809347], [78.68006765667164, 10.741774325976829], [78.67997638677876, 10.741775407934707], [78.67997310446049, 10.741504646149998]]]}, "id": "+10267+1019", "properties": {"count": 56, "water": 1}}, {"type": "Feature", "geometry": {"geodesic": false, "type": "Polygon", "coordinates": [[[78.67983433411676, 10.745116967300001], [78.67992560502474, 10.745115885054663], [78.67991684970262, 10.744393853733577], [78.68000812038602, 10.744392771533155], [78.68000374285072, 10.74403175589507], [78.68009501340835, 10.744030673712613], [78.68008078714853, 10.742857372936], [78.68026332753615, 10.7428552087238], [78.68026223322644, 10.742764954834492], [78.68035350337983, 10.742763872696951], [78.68035240905215, 10.742673618816625], [78.68044367916961, 10.742672536661118], [78.68044149047832, 10.74249202890945], [78.68071530062407, 10.742488782344113], [78.68071420620656, 10.74239852849972], [78.68098801618164, 10.742395281718789], [78.68099020516938, 10.742575789353676], [78.68089893513277, 10.742576871661896], [78.68090550218581, 10.743118394611475], [78.68099677237512, 10.743117312249357], [78.68099896152457, 10.743297819875261], [78.68109023176778, 10.743296737468226], [78.68109242100705, 10.743477245076164], [78.68090988040382, 10.743479409899217], [78.68091097499202, 10.743569663725644], [78.68081970464998, 10.74357074610573], [78.68082079921122, 10.743660999932157], [78.68072952883325, 10.74366208230326], [78.68073390707822, 10.7440230976449], [78.68091644804076, 10.744020932821847], [78.68091754267387, 10.74411118663929], [78.68110008365439, 10.74410902168149], [78.68110117835936, 10.744199275480968], [78.68128371934885, 10.744197110397403], [78.68128809847417, 10.744558125514464], [78.68137936905875, 10.744557042891833], [78.6813815587382, 10.744737550427907], [78.68156409998821, 10.744735385074847], [78.68156300509459, 10.744645131329268], [78.68183681682137, 10.744641883128999], [78.68183900678828, 10.744822390566256], [78.6819302773998, 10.744821307763962], [78.6819346575492, 10.745182322593564], [78.68184338682987, 10.745183405440773], [78.68184448186722, 10.745273659150419], [78.68166194034771, 10.745275824781956], [78.68166303534015, 10.74536607850957], [78.68148049372182, 10.745368244051274], [78.68148377859133, 10.745639005296994], [78.68139250769234, 10.745640088054373], [78.68139360263984, 10.745730341817918], [78.68102851882828, 10.745734672604886], [78.68102961367698, 10.745824926404364], [78.68075580062967, 10.745828174245306], [78.6807568954065, 10.745918428071734], [78.6804830821975, 10.745921675697081], [78.68048417690247, 10.746011929550457], [78.68039290578788, 10.746013012047325], [78.68039400047488, 10.746103265909683], [78.68030272932437, 10.746104348388585], [78.6803060133764, 10.746375109993629], [78.68021474212706, 10.74637619247253], [78.68021693149208, 10.746556700224199], [78.68003438886765, 10.746558865146067], [78.68002782122173, 10.74601734177428], [78.67993655005324, 10.746018424145383], [78.67993107741772, 10.745567154609006], [78.679839806375, 10.74556823689926], [78.67983433411676, 10.745116967300001]]]}, "id": "+10274+1008", "properties": {"count": 521, "water": 1}}, {"type": "Feature", "geometry": {"geodesic": false, "type": "Polygon", "coordinates": [[[78.68063217221652, 10.720554918861623], [78.68072343566847, 10.72055383882614], [78.68071579099643, 10.719922061008088], [78.68080705425075, 10.719920981008539], [78.68080487009595, 10.719740473068223], [78.6808961332874, 10.71973939305969], [78.68089394911463, 10.719558885146323], [78.6809852122432, 10.719557805128808], [78.68098412015233, 10.719467551176617], [78.68107538324496, 10.719466471141134], [78.68107429112713, 10.719376217197926], [78.68116555418383, 10.71937513715346], [78.68116336993022, 10.71919462928501], [78.68125463291506, 10.719193549222577], [78.68125354077927, 10.719103295297336], [78.68134480373715, 10.71910221522592], [78.68134261942964, 10.71892170738442], [78.68143388232464, 10.718920627304021], [78.68143060585439, 10.718649865573212], [78.68152186865956, 10.718648785492812], [78.68151859219829, 10.71837802377997], [78.68160985491363, 10.718376943708554], [78.68160111789918, 10.717654912522216], [78.68169238038095, 10.717653832495717], [78.6816880119995, 10.717292816929497], [78.68177927437347, 10.717291736902997], [78.68177818227362, 10.717201483022672], [78.68186944461166, 10.717200402978206], [78.68187053672949, 10.71729065685853], [78.6819617990855, 10.717289576778132], [78.68196616779035, 10.717650592236554], [78.6820574302362, 10.717649512102257], [78.68205852246182, 10.717739765955633], [78.68214978492563, 10.71773868577642], [78.68215087718718, 10.717828939620812], [78.68224213966896, 10.71782785941465], [78.68224760127318, 10.718279128573734], [78.68252138906885, 10.718275887640836], [78.68252357393332, 10.718456395248774], [78.68261483656781, 10.718455314862949], [78.68261592904496, 10.718545568653443], [78.6827984543319, 10.718543407791959], [78.68280282454593, 10.718904422882071], [78.68289408728822, 10.718903342370481], [78.68289845777174, 10.719264357406695], [78.683080983427, 10.719262196239784], [78.68308207612873, 10.71935244997638], [78.68317333896984, 10.71935136934801], [78.68317552445414, 10.719531876803234], [78.68326678734016, 10.719530796120964], [78.68327006571484, 10.71980155727685], [78.68317880274797, 10.71980263798607], [78.6831809883221, 10.719983145432312], [78.68299846225362, 10.719985306805835], [78.68299955500026, 10.720075560551415], [78.6829082919256, 10.720076641206735], [78.68290938465428, 10.720166894961297], [78.68281812154369, 10.72016797559865], [78.6828192142544, 10.720258229362194], [78.68291047739194, 10.720257148715858], [78.68291266291217, 10.720437656215998], [78.68300392609464, 10.720436575524745], [78.68301266875052, 10.721158605426492], [78.68292140535246, 10.721159686198593], [78.6829224982069, 10.72124993993519], [78.68264870786001, 10.721253182107763], [78.68264980064258, 10.721343435880291], [78.68255853714571, 10.721344516562562], [78.68255962991033, 10.721434770344073], [78.68219457572519, 10.721439092830607], [78.68219348307737, 10.721348839013164], [78.68210221953558, 10.721349919560685], [78.68210003431179, 10.721169411898849], [78.68200877081492, 10.721170492401455], [78.68200658568095, 10.720989984730636], [78.68182405875906, 10.720992145610085], [78.68182187377782, 10.720811637894348], [78.68191313718486, 10.720810557481574], [78.68191095218565, 10.720630049783804], [78.6818196888325, 10.720631130178612], [78.68181859637332, 10.720540876316253], [78.68172733303814, 10.720541956666146], [78.68172842547038, 10.72063221053749], [78.68145463531214, 10.720635451479371], [78.68145354296074, 10.720545197581078], [78.68136227958065, 10.720546277832158], [78.68136118727418, 10.720456023915899], [78.68117866054095, 10.720458184319241], [78.68118084507304, 10.720638692169725], [78.68127210848907, 10.720637611963562], [78.68127320079553, 10.720727865879821], [78.68099941041271, 10.72073110644441], [78.68099831819607, 10.720640852501202], [78.68081579127418, 10.720643012724882], [78.68081688344591, 10.720733266695039], [78.68072561994904, 10.720734346775439], [78.6807267121028, 10.720824600745596], [78.680635448561, 10.720825680808028], [78.68063217221652, 10.720554918861623]], [[78.68206835294157, 10.718552050600088], [78.68215961564793, 10.71855097034901], [78.68216070799932, 10.71864122418442], [78.68206944526601, 10.718642304453466], [78.68206835294157, 10.718552050600088]]]}, "id": "+10287+1287", "properties": {"count": 683, "water": 1}}, {"type": "Feature", "geometry": {"geodesic": false, "type": "Polygon", "coordinates": [[[78.69362886627871, 10.828177836282693], [78.69372016081239, 10.828176741694502], [78.6937024461338, 10.826732709271658], [78.69452409255302, 10.826722858103707], [78.69454070366925, 10.828076637248097], [78.69435811482649, 10.828078826864653], [78.69436032970367, 10.828259330780515], [78.69426903520593, 10.828260425566334], [78.69426792779879, 10.82817017359942], [78.6939940443505, 10.828173457768234], [78.69399515168578, 10.828263709762098], [78.6936299735062, 10.82826808831249], [78.69362886627871, 10.828177836282693]], [[78.69407537304627, 10.827360095190352], [78.6941666672835, 10.827359000548263], [78.6941699892085, 10.827629756484939], [78.69407869489042, 10.827630851153978], [78.69407537304627, 10.827360095190352]]]}, "id": "+10411+72", "properties": {"count": 144, "water": 1}}, {"type": "Feature", "geometry": {"geodesic": false, "type": "MultiPolygon", "coordinates": [[[[78.7008489831448, 10.769148325213486], [78.7007577071793, 10.769149416001802], [78.70075881034641, 10.769239667645323], [78.70085008633885, 10.76923857683904], [78.70085339598388, 10.769509331742654], [78.70076211990161, 10.769510422575886], [78.70076322311363, 10.769600674210423], [78.70039811858692, 10.769605037309793], [78.70039591240543, 10.769424533959869], [78.70030463630519, 10.769425624640387], [78.70030353325487, 10.769335372951952], [78.69993842886291, 10.769339735404532], [78.69993401719162, 10.768978728498073], [78.70002529320203, 10.768977637961283], [78.7000230873619, 10.76879713452153], [78.70020563923899, 10.76879495341202], [78.70020453627849, 10.768704701705616], [78.70029581217212, 10.768703611114928], [78.70029691515956, 10.768793862812348], [78.70038819107116, 10.768792772185728], [78.70038708805676, 10.768702520506274], [78.70047836393242, 10.768701429861688], [78.70047946696478, 10.768791681541142], [78.70075329460971, 10.768788409427719], [78.70075550087205, 10.768968912714762], [78.70057294901294, 10.76897109419258], [78.7005762583256, 10.76924184917704], [78.700667534336, 10.769240758424658], [78.70066532807367, 10.76906025511965], [78.7008478799687, 10.769058073578949], [78.7008489831448, 10.769148325213486]], [[78.7002991211524, 10.768974366198204], [78.70039039711789, 10.768973275553618], [78.70039150015025, 10.769063527233072], [78.7003002241578, 10.769064617886642], [78.7002991211524, 10.768974366198204]]], [[[78.7008489831448, 10.769148325213486], [78.70094025911028, 10.769147234389235], [78.70094136233129, 10.769237486014791], [78.70085008633885, 10.76923857683904], [78.7008489831448, 10.769148325213486]]]]}, "id": "+10484+714", "properties": {"count": 67, "water": 1}}, {"type": "Feature", "geometry": {"geodesic": false, "type": "MultiPolygon", "coordinates": [[[[78.70041025330825, 10.770597805729881], [78.70031897685767, 10.770598896536166], [78.70031787368158, 10.770508644856712], [78.70040915010522, 10.770507554059412], [78.70041025330825, 10.770597805729881]]], [[[78.7020609538881, 10.771209927062044], [78.70215223033867, 10.771208835671857], [78.70215112655174, 10.771118584181048], [78.70224240296638, 10.771117492781878], [78.70224571444398, 10.771388247218367], [78.70215443794848, 10.77138933865347], [78.7021533341346, 10.771299087162664], [78.70206205765706, 10.77130017855285], [78.7020609538881, 10.771209927062044]]], [[[78.70041025330825, 10.770597805729881], [78.70059280618246, 10.770595624027484], [78.70059170292554, 10.77050537237498], [78.70086553207965, 10.770502099650702], [78.70086442875085, 10.770411848025148], [78.70095570508464, 10.770410757066152], [78.70095680844938, 10.770501008682723], [78.70113936114392, 10.770498826683882], [78.70114046457154, 10.770589078273503], [78.70104918819281, 10.770590169304365], [78.70105029160247, 10.770680420911953], [78.70095901518782, 10.770681511915866], [78.70096122197118, 10.770862015140025], [78.70105249843972, 10.770860924118146], [78.70105360187632, 10.770951175716752], [78.70114487835384, 10.77095008465894], [78.7011437748903, 10.770859833060335], [78.7013263277735, 10.770857650872847], [78.70132522426503, 10.770767399301192], [78.70141650066172, 10.770766308180498], [78.70141539714427, 10.770676056608842], [78.70132412077454, 10.770677147720553], [78.70132301728405, 10.770586896148897], [78.70150556996961, 10.77058471390751], [78.70150888061178, 10.770855468586545], [78.70187398618053, 10.770851103672578], [78.70187619353882, 10.771031606717075], [78.70196746996245, 10.771030515398753], [78.7019685736865, 10.771120766907526], [78.70205985011911, 10.771119675562254], [78.7020609538881, 10.771209927062044], [78.70187840094202, 10.771212109743606], [78.70188171212317, 10.771482864296877], [78.70206426522196, 10.771480681552433], [78.70206536902687, 10.77157093304324], [78.70197409245053, 10.771572024442412], [78.70197519623746, 10.771662275942202], [78.70188391962519, 10.771663367323406], [78.70188502339415, 10.77175361883218], [78.70161119342258, 10.771756892832064], [78.70161008973446, 10.771666641296342], [78.70142753642905, 10.771668823807223], [78.70142643280381, 10.771578572253533], [78.70133515616459, 10.771579663455075], [78.70133625976288, 10.771669915026731], [78.70124498307874, 10.77167100621929], [78.70124387951637, 10.77158075463865], [78.70097004949987, 10.771584028018697], [78.70096894602734, 10.77149377641111], [78.70087766936118, 10.771494867477905], [78.70087656592457, 10.771404615861334], [78.70078528927637, 10.771405706892196], [78.70078639268601, 10.77149595851775], [78.70060383931774, 10.771498140516591], [78.700602735953, 10.771407888864088], [78.70051145927785, 10.771408979814101], [78.70051035595803, 10.771318728161598], [78.70041907930083, 10.771319819075678], [78.70041687274205, 10.771139315734738], [78.70032559612977, 10.771140406603903], [78.70032449289081, 10.771050154933432], [78.7002332162965, 10.771051245757683], [78.70023100990839, 10.770870742389793], [78.70004845679163, 10.770872923930494], [78.70004735366946, 10.77078267222409], [78.70022990672332, 10.770780490701355], [78.70022880355623, 10.770690239012918], [78.70041135652026, 10.770688057400353], [78.70041025330825, 10.770597805729881]], [[78.70068739252062, 10.770865288061932], [78.70077866901612, 10.770864197111917], [78.70077756566936, 10.77077394547738], [78.70086884212891, 10.770772854518384], [78.70087104887635, 10.77095335776051], [78.70068849584942, 10.77095553969647], [78.70068739252062, 10.770865288061932]]]]}, "id": "+10489+695", "properties": {"count": 176, "water": 1}}, {"type": "Feature", "geometry": {"geodesic": false, "type": "Polygon", "coordinates": [[[78.70223688404067, 10.770666235372756], [78.70232816031158, 10.770665143991552], [78.70232705653363, 10.770574892518711], [78.70241833276862, 10.77057380111954], [78.70241722896371, 10.770483549655681], [78.70250850516275, 10.770482458238543], [78.70250960899462, 10.770572709693418], [78.7028747137998, 10.770568343719441], [78.70287581774845, 10.770658595138384], [78.70333219867183, 10.770653137028615], [78.7033366150952, 10.771014142506754], [78.7031540625354, 10.771016325906968], [78.70315295846999, 10.770926074514977], [78.70324423472293, 10.770924982837327], [78.70324313063955, 10.770834731463301], [78.70306057817857, 10.770836914773684], [78.70306278624652, 10.771017417566652], [78.702788957308, 10.771020692384003], [78.7027900612746, 10.771110943811928], [78.70260750854412, 10.771113126906714], [78.70260640463142, 10.771022875460822], [78.70251512827966, 10.771023966967793], [78.7025129205351, 10.770843464058043], [78.70233036791241, 10.770845646937234], [78.7023292641075, 10.770755395464393], [78.70223798780964, 10.77075648685458], [78.70223688404067, 10.770666235372756]]]}, "id": "+10506+694", "properties": {"count": 47, "water": 1}}, {"type": "Feature", "geometry": {"geodesic": false, "type": "Polygon", "coordinates": [[[78.70328883210624, 10.78202699035814], [78.70365395039514, 10.78202261887749], [78.7036550557721, 10.782112870152702], [78.70383761491655, 10.782110684237205], [78.703840931272, 10.782381437990974], [78.70374965163239, 10.782382530989146], [78.70375075707224, 10.782472782246392], [78.70365947738772, 10.782473875226598], [78.70365837197484, 10.78238362396037], [78.70347581263275, 10.78238580983095], [78.70347470727376, 10.782295558537772], [78.7033834276162, 10.782296651419164], [78.70338232230212, 10.782206400125986], [78.70329104266253, 10.782207492971445], [78.70328883210624, 10.78202699035814]]]}, "id": "+10517+566", "properties": {"count": 20, "water": 1}}, {"type": "Feature", "geometry": {"geodesic": false, "type": "Polygon", "coordinates": [[[78.70533031384839, 10.739939324050892], [78.70542158056124, 10.739938234834627], [78.70542047908296, 10.739847983505516], [78.70551174575988, 10.739846894271286], [78.70551064426364, 10.739756642942176], [78.70605824396577, 10.739750107042713], [78.70606044729061, 10.739930609584153], [78.70596918064065, 10.739931698989064], [78.7059702822896, 10.740021950264277], [78.7058790156127, 10.740023039651222], [78.70588011724368, 10.740113290935415], [78.70569758379104, 10.740115469637441], [78.70569648221395, 10.74002521833528], [78.70560521550112, 10.740026307641376], [78.70560741861935, 10.740206810272648], [78.70542488505892, 10.740208988839925], [78.7054237835537, 10.740118737501831], [78.70533251677797, 10.740119826736063], [78.70533031384839, 10.739939324050892]]]}, "id": "+10549+1034", "properties": {"count": 27, "water": 1}}, {"type": "Feature", "geometry": {"geodesic": false, "type": "Polygon", "coordinates": [[[78.7064486533064, 10.741821527414444], [78.7065399204684, 10.74182043768614], [78.70654102248565, 10.741910688889487], [78.70663228966562, 10.741909599125249], [78.70663118762141, 10.741819347921902], [78.70690498902657, 10.74181607848546], [78.70690719328566, 10.74199658082927], [78.70699846045665, 10.741995490939269], [78.70699956262662, 10.742085742106683], [78.70709082981557, 10.742084652180749], [78.70709193202147, 10.742174903330195], [78.7071831992194, 10.742173813377311], [78.70718540372104, 10.74235431565824], [78.70709413646921, 10.742355405629091], [78.70709634095289, 10.742535907927985], [78.70673127161318, 10.742540267631723], [78.70672906734511, 10.742359765260963], [78.70663780003937, 10.742360855106048], [78.70663669795026, 10.742270603911685], [78.70654543066249, 10.742271693711855], [78.70654212452088, 10.742000940101816], [78.706450857296, 10.742002029848086], [78.7064486533064, 10.741821527414444]]]}, "id": "+10558+1011", "properties": {"count": 41, "water": 1}}, {"type": "Feature", "geometry": {"geodesic": false, "type": "MultiPolygon", "coordinates": [[[[78.70401184562729, 10.736615265286671], [78.70401074492158, 10.736525013786881], [78.70410201074507, 10.736523925298252], [78.70410311148673, 10.73661417678906], [78.70401184562729, 10.736615265286671]]], [[[78.70430876205013, 10.738507280436032], [78.70430986306128, 10.73859753189989], [78.7042185966359, 10.738598620649032], [78.70422079862226, 10.738779123576746], [78.70403826563675, 10.73878130104808], [78.7040360637492, 10.738600798084432], [78.70412733020154, 10.738599709380207], [78.7041262292443, 10.738509457907366], [78.70430876205013, 10.738507280436032]]], [[[78.70541497184433, 10.739396726824031], [78.70550623838649, 10.739395637634717], [78.70550733983781, 10.739485888963827], [78.70559860639794, 10.739484799738579], [78.7056008093994, 10.739665302378834], [78.70550954278536, 10.739666391622048], [78.7055084413071, 10.739576140292938], [78.70541717471103, 10.739577229500219], [78.70541827616236, 10.739667480829329], [78.70532700952138, 10.739668570018646], [78.70532480669061, 10.739488067324492], [78.70541607326871, 10.739486978162125], [78.70541497184433, 10.739396726824031]]], [[[78.70676523926767, 10.737846115787546], [78.70676744261947, 10.738026618203222], [78.70667617661628, 10.7380277076261], [78.70667727827421, 10.73811795883843], [78.70676854430434, 10.738116869406568], [78.70677074770106, 10.738297371822245], [78.706588215533, 10.738299550685966], [78.70658380898213, 10.737938545791732], [78.70667507496734, 10.737937456404786], [78.70667397332737, 10.737847205192457], [78.70676523926767, 10.737846115787546]]], [[[78.70328391947147, 10.736804475431722], [78.7032806179562, 10.736533720716755], [78.70337188386056, 10.736532632443721], [78.70336748187312, 10.73617162618405], [78.70327621607656, 10.736172714412167], [78.70327511563134, 10.73608246284051], [78.70336638140095, 10.736081374612393], [78.70336528093779, 10.73599112304972], [78.7036390781029, 10.735987858239602], [78.70363797756785, 10.735897606694895], [78.70372924324764, 10.735896518385928], [78.70372814269463, 10.735806266850204], [78.70391067396436, 10.735804090160407], [78.70390957336645, 10.735713838651632], [78.70436590123533, 10.735708396504927], [78.70436369980592, 10.735527893568229], [78.70445496529706, 10.7355268050796], [78.70445606602973, 10.735617056543457], [78.70454733153883, 10.735615968009911], [78.70454843231641, 10.735706219464786], [78.70473096335257, 10.735704042307864], [78.70473206419304, 10.735794293744773], [78.70491459524717, 10.735792116462086], [78.70491019173261, 10.73543111082225], [78.70509272253521, 10.735428933512614], [78.70509162163187, 10.735338682120622], [78.70518288698825, 10.735337593434362], [78.70518178605795, 10.735247342051352], [78.7052730513784, 10.735246253347126], [78.70527195043913, 10.7351560019731], [78.70545448099918, 10.735153824501769], [78.70545338001499, 10.735063573145707], [78.70554464525459, 10.735062484387583], [78.70554244325926, 10.734881981684447], [78.705633708427, 10.734880892908356], [78.7056293044453, 10.734519887538015], [78.70572056950525, 10.734518798779892], [78.70571836751888, 10.734338296112687], [78.70580963251594, 10.734337207345579], [78.70580743051163, 10.734156704687358], [78.70589869543682, 10.734155615911268], [78.70589979646593, 10.734245867231394], [78.70617359126847, 10.734242600714477], [78.7061746923874, 10.734332852007654], [78.70635722226474, 10.734330674176995], [78.7063561210919, 10.734240422901784], [78.70662991575969, 10.734237155989607], [78.70662881451499, 10.734146904741344], [78.70672007935933, 10.734145815731692], [78.70671787686094, 10.733965313262118], [78.7069004064059, 10.73396313517993], [78.7069015077045, 10.734053386401243], [78.70708403725844, 10.734051208202274], [78.70708623999938, 10.734231710591], [78.7072687696252, 10.734229532248301], [78.70727207396119, 10.734500285777493], [78.70718080907193, 10.734501374993759], [78.70718191051427, 10.734591626170156], [78.70709064558908, 10.734592715368453], [78.70709174701344, 10.734682966562817], [78.70700048204333, 10.73468405574315], [78.70700268486512, 10.734864558149843], [78.7069114198411, 10.734865647321191], [78.70691252123854, 10.734955898524538], [78.7068212561696, 10.73495698767792], [78.70682235754906, 10.735047238899234], [78.70673109245318, 10.735048328034651], [78.70673219381467, 10.735138579264946], [78.7065496635331, 10.735140757472898], [78.70655076484967, 10.73523100872116], [78.70645949966395, 10.735232097793695], [78.70646060097154, 10.73532234905094], [78.70636933574991, 10.735323438105508], [78.70637374094433, 10.735684443152456], [78.70646500627376, 10.735683354061955], [78.70646610762627, 10.735773605310218], [78.70655737297368, 10.735772516183783], [78.70655957575953, 10.735953018662341], [78.70665084114286, 10.73595192948201], [78.70665304402753, 10.7361324319426], [78.70674430945579, 10.736131342726335], [78.70674761392652, 10.73640209638129], [78.70683887943562, 10.736401007102144], [78.70684218407705, 10.736671760730149], [78.70665965289714, 10.73667393930641], [78.70666185593454, 10.736854441758018], [78.70684438722223, 10.736852263136841], [78.7068454888083, 10.736942514340187], [78.70693675446113, 10.736941424980191], [78.7069389577231, 10.737121927377903], [78.70684769200739, 10.737123016755863], [78.7068487936204, 10.737213267959211], [78.70675752787774, 10.737214357319205], [78.7067597310858, 10.737394859743866], [78.70657719944776, 10.73739703841894], [78.70657940258397, 10.737577540879531], [78.70667066846137, 10.737576451537503], [78.70666956686632, 10.737486200316189], [78.70676083269882, 10.737485110947212], [78.70676303596977, 10.73766561337187], [78.7064892382567, 10.73766888143389], [78.70648593361527, 10.737398127725037], [78.70612087019546, 10.73740248465298], [78.70612197162882, 10.73749273592819], [78.70603070571548, 10.737493825108524], [78.70602850292063, 10.73731332253115], [78.70593723706119, 10.737314411666567], [78.7059361356997, 10.737224160364407], [78.70575360399879, 10.737226338527442], [78.70575470530638, 10.73731658984757], [78.705663439411, 10.737317678893156], [78.705660135614, 10.73704692492379], [78.70575140142853, 10.73704583589617], [78.7057491988942, 10.7368653332649], [78.70584046463685, 10.73686424423728], [78.7058393633652, 10.736773992926135], [78.70593062907193, 10.736772903880551], [78.70593173037952, 10.73686315517373], [78.70602299610421, 10.736862066092211], [78.7060207934531, 10.736681563514837], [78.70592952777332, 10.73668265257839], [78.7059251226867, 10.736321647369746], [78.70583385710573, 10.736322736370415], [78.7058316546792, 10.736142233748126], [78.70574038914314, 10.73614332270388], [78.70574259152477, 10.736323825344135], [78.70565132592584, 10.736324914290906], [78.70565022476198, 10.736234662961795], [78.70555895918102, 10.736235751872632], [78.70555785805308, 10.736145500534539], [78.70546659249008, 10.736146589409445], [78.70546769359106, 10.736236840756522], [78.70537642799214, 10.736237929613461], [78.70537752908413, 10.736328180978504], [78.70528626344927, 10.736329269817476], [78.70528516238421, 10.73623901844345], [78.70519389676733, 10.736240107255473], [78.70519499780542, 10.7363303586295], [78.70501246648179, 10.736332536181681], [78.70501356746598, 10.736422787573673], [78.70492230176824, 10.736423876313832], [78.70491899891447, 10.736153122101921], [78.70482773328858, 10.73615421078818], [78.70482663237625, 10.736063959369238], [78.70473536676833, 10.736065048019565], [78.70473756853012, 10.736245550875415], [78.70437250576609, 10.736249905297058], [78.70437360655265, 10.736340156760916], [78.70409980929772, 10.736343422316637], [78.7041009100214, 10.736433673807444], [78.70400964421586, 10.736434762287091], [78.7040085435281, 10.736344510787301], [78.70391727774951, 10.736345599231015], [78.70392057976784, 10.736616353748351], [78.70401184562729, 10.736615265286671], [78.70401294635097, 10.736705516777478], [78.70392168046457, 10.736706605257126], [78.70392608333236, 10.737067611283237], [78.7038348173292, 10.737068699771866], [78.70383922025087, 10.737429705815943], [78.70393048636186, 10.737428617291382], [78.70393158714842, 10.737518868791172], [78.70374905485461, 10.737521045840296], [78.70375015558727, 10.737611297358054], [78.70365888940444, 10.737612385846683], [78.70365999011914, 10.737702637373424], [78.70384252254769, 10.737700460342264], [78.70384362332527, 10.737790711851039], [78.70375235709753, 10.737791800393566], [78.70375345786613, 10.737882051911324], [78.70366219159345, 10.737883140426902], [78.70366549387231, 10.738153895007123], [78.70348296113832, 10.738156072020315], [78.70348186042362, 10.738065820475608], [78.70329932770761, 10.738067997363036], [78.70330042836841, 10.738158248925709], [78.70320916196998, 10.738159337342474], [78.70320806133613, 10.738069085770817], [78.70302552855722, 10.738071262505532], [78.70302442798625, 10.737981010915911], [78.7028418952343, 10.737983187515878], [78.70284079472621, 10.73789293590829], [78.70274952835473, 10.737894024163356], [78.7027473274194, 10.73771352092123], [78.70265606110182, 10.7377146091224], [78.70265496067458, 10.737624357496845], [78.7027462269742, 10.737623269295677], [78.70274072486495, 10.737172011176886], [78.70283199102084, 10.737170923002667], [78.70283309144808, 10.737261174619238], [78.70319815606264, 10.737256821598967], [78.70319705552761, 10.73716657001833], [78.70310578941664, 10.73716765830933], [78.70310358842741, 10.736987155130086], [78.70292105627733, 10.736989331586322], [78.70291885543183, 10.736808828371146], [78.7031013874741, 10.736806651950841], [78.70310248794627, 10.736896903540464], [78.7031937539764, 10.736895815285395], [78.70319265347729, 10.736805563704756], [78.70328391947147, 10.736804475431722]], [[78.70328391947147, 10.736804475431722], [78.70337518545668, 10.736803387131738], [78.70337628600969, 10.736893638694411], [78.70328501999754, 10.736894727003378], [78.70328391947147, 10.736804475431722]], [[78.70574038914314, 10.73614332270388], [78.7056491236071, 10.736144411632685], [78.70564692131532, 10.73596390896548], [78.70573818680646, 10.735962820054642], [78.70574038914314, 10.73614332270388]], [[78.70283639279268, 10.73753192945997], [78.7029276590384, 10.737530841213886], [78.7029287595375, 10.737621092821474], [78.70283749325586, 10.737622181076542], [78.70283639279268, 10.73753192945997]], [[78.7032872210766, 10.737075230137707], [78.70346975319971, 10.737073053456891], [78.70347085380662, 10.737163305010581], [78.70356211988165, 10.737162216611782], [78.7035654218461, 10.737432971236917], [78.70347415569022, 10.737434059653681], [78.70347305505636, 10.737343808108976], [78.70338178891843, 10.737344896489807], [78.70338068831154, 10.737254644936119], [78.70328942219157, 10.737255733281017], [78.7032872210766, 10.737075230137707]], [[78.70338509077509, 10.737615651159858], [78.70356762320364, 10.737613474308363], [78.70356982459711, 10.737793977388792], [78.70338729206075, 10.737796154276221], [78.70338509077509, 10.737615651159858]], [[78.70602519880023, 10.737042568669583], [78.70620773033946, 10.737040390389767], [78.70620993317922, 10.737220892922224], [78.70611866736469, 10.737221982102556], [78.70611756596728, 10.737131730818362], [78.7060263001707, 10.737132819962762], [78.70602519880023, 10.737042568669583]], [[78.70627476680313, 10.735053773316476], [78.7063660319529, 10.735052684315805], [78.7063671332066, 10.735142935582035], [78.70627586802986, 10.735144024591687], [78.70627476680313, 10.735053773316476]], [[78.7060955400221, 10.735326705125484], [78.70618680527967, 10.73532561614278], [78.70618900775112, 10.735506118702187], [78.70628027304463, 10.73550502968355], [78.7062824756059, 10.735685532224991], [78.70609994490212, 10.735687710280228], [78.7060955400221, 10.735326705125484]], [[78.7060955400221, 10.735326705125484], [78.70600427476454, 10.735327794072253], [78.7060020724458, 10.735147291467932], [78.70609333764948, 10.735146202539127], [78.7060955400221, 10.735326705125484]]], [[[78.70439892741946, 10.738415940223033], [78.70440002844857, 10.738506191668925], [78.70430876205013, 10.738507280436032], [78.70430766105696, 10.738417028981157], [78.70439892741946, 10.738415940223033]]], [[[78.70439892741946, 10.738415940223033], [78.70439782640831, 10.738325688768159], [78.70448909273489, 10.738324599992069], [78.7044879916968, 10.73823434855516], [78.70457925798742, 10.73823325975212], [78.70457815694034, 10.738143008324194], [78.70476068943178, 10.7381408306732], [78.70475958833978, 10.738050579254256], [78.70503338693321, 10.73804731260259], [78.70503448810605, 10.7381375639856], [78.70494322189627, 10.738138652905421], [78.70494432305115, 10.738228904297413], [78.70521812174339, 10.738225637430153], [78.70521481805417, 10.73795488332604], [78.70530608418312, 10.737953794343337], [78.7053049829474, 10.737863542987277], [78.70539624904939, 10.737862453986608], [78.7053951477957, 10.737772202639531], [78.70557767989187, 10.737770024584293], [78.70557437603199, 10.737499270587978], [78.70566564199024, 10.737498181542392], [78.70566674329783, 10.73758843286252], [78.70584927523231, 10.737586254681519], [78.70584817387082, 10.737496003379357], [78.70603070571548, 10.737493825108524], [78.70603290855523, 10.737674327676913], [78.70585037660278, 10.737676505983679], [78.70585257936169, 10.737857008588001], [78.70603511142194, 10.737854830245302], [78.70603621287326, 10.737945081529498], [78.70594494682517, 10.737946170718812], [78.70594604825853, 10.73803642201199], [78.70567224996154, 10.73803968947214], [78.70567335132303, 10.738129940792268], [78.70585588358989, 10.738127762494484], [78.7058580864476, 10.738308265089824], [78.70576682027375, 10.738309354270156], [78.70576792168914, 10.7383996055813], [78.70567665547037, 10.738400694743667], [78.70567885829216, 10.738581197374938], [78.70558759201052, 10.738582286528322], [78.70558869340793, 10.73867253784845], [78.70531489442823, 10.738675805182833], [78.70531929977537, 10.739036810589107], [78.70550183265308, 10.739034632318274], [78.70550073124667, 10.738944380989164], [78.70559199764512, 10.738943291817813], [78.70559420052979, 10.739123794467051], [78.70541166761613, 10.73912597280975], [78.70541276901356, 10.739216224147844], [78.70550403550182, 10.739215134976495], [78.70550513693517, 10.739305386305606], [78.70541387041996, 10.739306475485938], [78.70541497184433, 10.739396726824031], [78.70523243872407, 10.739398905112832], [78.70523133736259, 10.73930865375677], [78.7050488042603, 10.739310831919807], [78.70504770296169, 10.739220580545782], [78.7049564364285, 10.739221669582383], [78.70495533515685, 10.739131418199374], [78.70477280210847, 10.73913359616478], [78.70477170090867, 10.73904334475482], [78.70458916786926, 10.739045522603446], [78.70458806673236, 10.738955271175522], [78.70440553371091, 10.738957448898383], [78.70440443263688, 10.73886719745249], [78.70431316613963, 10.738868286264514], [78.70431206511053, 10.73877803480964], [78.70440333158082, 10.738776946006599], [78.70440223052476, 10.738686694560707], [78.7045847633845, 10.73868451690073], [78.70458366228353, 10.738594265472804], [78.70467492867297, 10.738593176606882], [78.70467162535208, 10.738322422350056], [78.70458035904348, 10.738323511189028], [78.70458146011751, 10.738413762616954], [78.70439892741946, 10.738415940223033]], [[78.70467823207473, 10.738863930863708], [78.70476949853604, 10.738862841943886], [78.70477059971786, 10.738953093353846], [78.70467933322959, 10.738954182273666], [78.70467823207473, 10.738863930863708]], [[78.7050421966034, 10.738769323657683], [78.70522472937333, 10.738767145602445], [78.70522693199749, 10.738947648323549], [78.70513566556312, 10.7389487373871], [78.7051345642735, 10.738858486013074], [78.7050432978571, 10.738859575040692], [78.7050421966034, 10.738769323657683]], [[78.70549081902922, 10.738132118982254], [78.70558208518511, 10.738131029900735], [78.70558428788114, 10.738311532549973], [78.70549302167134, 10.738312621649458], [78.70549081902922, 10.738132118982254]]], [[[78.70676303596977, 10.73766561337187], [78.70685430184717, 10.73766452396696], [78.70685650520795, 10.737845026364669], [78.70676523926767, 10.737846115787546], [78.70676303596977, 10.73766561337187]]]]}, "id": "+10559+1098", "properties": {"count": 957, "water": 1}}, {"type": "Feature", "geometry": {"geodesic": false, "type": "MultiPolygon", "coordinates": [[[[78.70657078067065, 10.744347471263058], [78.70675331647686, 10.744345291195593], [78.7067522141452, 10.744255040019196], [78.70684348200788, 10.744253949958516], [78.70684237964927, 10.744163698791102], [78.70675111181353, 10.744164788851783], [78.70675000949983, 10.744074537675386], [78.70647620601957, 10.744077807659801], [78.70647510378672, 10.743987556456455], [78.7067489071951, 10.74398428649899], [78.70674780489938, 10.743894035331575], [78.70693034039118, 10.743891855246146], [78.7069314427498, 10.743982106404575], [78.70702271050469, 10.743981016307961], [78.7070216081281, 10.743890765167498], [78.707295411276, 10.743887494760873], [78.70729430882754, 10.743797243638376], [78.70747684414867, 10.743795063256501], [78.7074757416553, 10.743704812160953], [78.70774954449776, 10.74370154141297], [78.70775064707198, 10.743791792481568], [78.70784191469212, 10.743790702169358], [78.70784522254951, 10.74406145535719], [78.70793649024151, 10.74406036499108], [78.70793979826958, 10.744331118142979], [78.70803106603346, 10.744330027722972], [78.70803768252976, 10.744871533954903], [78.70812895043736, 10.744870443445064], [78.70813556744571, 10.745411949605131], [78.708226835515, 10.745410859014443], [78.70823786491329, 10.746313369125511], [78.7081465965745, 10.746314459806031], [78.70814769954397, 10.746404710820732], [78.70823896790073, 10.746403620131229], [78.70824117392051, 10.746584122142663], [78.70814990550087, 10.746585212850132], [78.70815211151168, 10.746765714879531], [78.70824337997624, 10.746764624154098], [78.70824448301758, 10.746854875159814], [78.70833575150908, 10.746853784398446], [78.7083379576816, 10.747034286382931], [78.70824668913619, 10.747035377162264], [78.70824999838597, 10.747306130170433], [78.70834126700323, 10.74730503936415], [78.70834457642368, 10.747575792336384], [78.70825330771659, 10.747576883169618], [78.70825441084776, 10.74766713416635], [78.70816314210472, 10.747668224990601], [78.70816424521793, 10.747758475996319], [78.70789043886306, 10.74776174833432], [78.70788712979294, 10.747490995227336], [78.70761332358181, 10.74749426723296], [78.70760891194647, 10.747133262967548], [78.70751764330224, 10.74713435354027], [78.70750992351307, 10.746502595988211], [78.70769246042421, 10.746500414941583], [78.7076913575805, 10.746410163872984], [78.70778262599116, 10.746409073318228], [78.70778042028579, 10.74622857120798], [78.70768915192902, 10.746229661744769], [78.70768694631347, 10.746049159616554], [78.70750440967181, 10.74605134057335], [78.7074988960821, 10.745600085140524], [78.70740762787806, 10.745601175533581], [78.70740321729375, 10.745240171142404], [78.70731194918851, 10.74524126147258], [78.70731084659633, 10.745151010359065], [78.70721957850907, 10.745152100653309], [78.70721847595281, 10.74506184953081], [78.70712720788352, 10.745062939789122], [78.7071261053632, 10.74497268865764], [78.70703483731187, 10.744973778880018], [78.7070326323521, 10.74479327659909], [78.70694136434567, 10.744794366776553], [78.70694026190621, 10.744704115627105], [78.70684899391776, 10.744705205768634], [78.70684789151423, 10.744614954601222], [78.70666535556427, 10.744617134785466], [78.7066642532326, 10.744526883600086], [78.70657298526211, 10.744527973642802], [78.70657078067065, 10.744347471263058]]], [[[78.70657078067065, 10.744347471263058], [78.70647951275406, 10.744348561260857], [78.70647730825242, 10.744168058854164], [78.7065685761151, 10.744166968883315], [78.70657078067065, 10.744347471263058]]]]}, "id": "+10567+990", "properties": {"count": 399, "water": 1}}, {"type": "Feature", "geometry": {"geodesic": false, "type": "Polygon", "coordinates": [[[78.70744909625854, 10.734046851480944], [78.70763162570469, 10.734044672958582], [78.70763052419049, 10.733954421818119], [78.70781305353782, 10.733952243205925], [78.70781415510592, 10.734042494328422], [78.70790541978857, 10.73404140497741], [78.70790431819353, 10.733951153863895], [78.70799558284922, 10.733950064494916], [78.70799337963217, 10.733769562285854], [78.70808464421602, 10.733768472907892], [78.70808354259401, 10.733678221812342], [78.70826607168082, 10.733676042993537], [78.70826717335673, 10.733766294071119], [78.70835843791362, 10.73376520461231], [78.70835953962545, 10.733855455680908], [78.7084508042003, 10.733854366186165], [78.7084530077048, 10.734034868296414], [78.70836174307605, 10.734035957809123], [78.70836284481484, 10.734126208877722], [78.70818031547648, 10.734128387840258], [78.70818141717933, 10.734218638926825], [78.7079076230146, 10.73422190720444], [78.70790872463661, 10.734312158317955], [78.7078174598731, 10.734313247695917], [78.707815256683, 10.734132745450921], [78.70763272722787, 10.734134924099047], [78.70763382876004, 10.73422517523951], [78.70745129921508, 10.734227353797806], [78.70744909625854, 10.734046851480944]]]}, "id": "+10574+1101", "properties": {"count": 36, "water": 1}}, {"type": "Feature", "geometry": {"geodesic": false, "type": "Polygon", "coordinates": [[[78.71201002976966, 10.771090808613824], [78.71210130515125, 10.771089714313094], [78.71210019841783, 10.770999463837382], [78.71219147376348, 10.770998369518686], [78.71218926026073, 10.770817868603197], [78.71228053555248, 10.770816774275518], [78.71227832203175, 10.770636273377995], [78.71236959725164, 10.770635179041333], [78.71236849048229, 10.770544928592571], [78.71245976566625, 10.770543834246926], [78.71245865887894, 10.770453583807148], [78.71273248429605, 10.770450300617497], [78.71273359116422, 10.770540551030328], [78.71282486631225, 10.770539456567901], [78.71282708012941, 10.770719957357626], [78.71291835531336, 10.770718862850284], [78.71292056922935, 10.770899363622043], [78.7130118444672, 10.770898269069784], [78.71301959365825, 10.771530021681109], [78.71292831823175, 10.771531116296249], [78.71292942527957, 10.771621366673145], [78.71265559886531, 10.771624650392802], [78.71265449190733, 10.771534399979972], [78.71210683898899, 10.77154096663775], [78.71210462542335, 10.771360465704294], [78.71201334996091, 10.771361560040956], [78.71201002976966, 10.771090808613824]]]}, "id": "+10618+693", "properties": {"count": 104, "water": 1}}, {"type": "Feature", "geometry": {"geodesic": false, "type": "Polygon", "coordinates": [[[78.71385382831328, 10.75021780565233], [78.7140363661407, 10.750215620132092], [78.71403747126612, 10.750305870517971], [78.71476762236924, 10.75029712726921], [78.71476872771925, 10.750387377583223], [78.71485999659703, 10.75038628454912], [78.71486220737789, 10.750566785159181], [78.7149534763006, 10.75056569208016], [78.71495458173145, 10.750655942367224], [78.71504585066313, 10.750654849252271], [78.71504806162365, 10.750835349817418], [78.71513933060025, 10.75083425665755], [78.71514154165061, 10.751014757195746], [78.71523281066314, 10.75101366399096], [78.71523391623772, 10.751103914251075], [78.71532518526821, 10.751102821010358], [78.71532739648926, 10.75128332150364], [78.71541866557365, 10.751282228218006], [78.7154197712201, 10.751372478460155], [78.71551104032247, 10.751371385129607], [78.71551435740555, 10.75164213582012], [78.71560562657977, 10.751641042444655], [78.71560783807031, 10.751821542884038], [78.71569910728945, 10.751820449454675], [78.71570021307963, 10.751910699660892], [78.71579148230776, 10.751909606204578], [78.71579479982204, 10.752180356796277], [78.71588606912202, 10.752179263277082], [78.71588717500204, 10.752269513465333], [78.71597844432898, 10.752268419910203], [78.71598176211275, 10.752539170439022], [78.71552541501093, 10.752544638079915], [78.71552430920278, 10.752454387855732], [78.71534177035127, 10.752456574705477], [78.71534287610552, 10.752546824947625], [78.71525160663485, 10.752547918341056], [78.71525050090754, 10.752457668089924], [78.7147028840476, 10.752464227839656], [78.71470067295232, 10.752283727220611], [78.71460940349064, 10.752284820398447], [78.71460719249417, 10.752104319761436], [78.7145159230774, 10.752105412894355], [78.71451260673093, 10.751834661907397], [78.71442133738603, 10.751835754986418], [78.71441912659618, 10.75165525430449], [78.7143278572962, 10.751656347338596], [78.71432454126413, 10.751385596279771], [78.71423327203601, 10.751386689259977], [78.7142310614438, 10.751206188533134], [78.71413979226058, 10.751207281468425], [78.71413647653395, 10.750936530346719], [78.71404520742261, 10.750937623219128], [78.714042997046, 10.750757122456351], [78.71395172797956, 10.750758215283845], [78.71394951769277, 10.750577714494119], [78.71385824866228, 10.750578807276696], [78.71385382831328, 10.75021780565233]]]}, "id": "+10635+917", "properties": {"count": 308, "water": 1}}, {"type": "Feature", "geometry": {"geodesic": false, "type": "Polygon", "coordinates": [[[78.71436456682451, 10.739741111879397], [78.71445583254022, 10.739740020031068], [78.71445693668649, 10.739830270443896], [78.71473073386058, 10.739826994710263], [78.71473183809668, 10.73991724508716], [78.71491436954607, 10.739915061112024], [78.71491768248792, 10.740185812188814], [78.71446135338833, 10.74019127205928], [78.71445914501496, 10.740010771251589], [78.7143678792184, 10.740011863126867], [78.71436456682451, 10.739741111879397]]]}, "id": "+10641+1033", "properties": {"count": 21, "water": 1}}, {"type": "Feature", "geometry": {"geodesic": false, "type": "Polygon", "coordinates": [[[78.72422334911124, 10.762098410365622], [78.7248622487549, 10.762090730856906], [78.72486335835394, 10.762180980065992], [78.72513717241635, 10.762177688414212], [78.72513828210522, 10.762267937596349], [78.72522955346236, 10.762266840313213], [78.72523066318716, 10.762357089477383], [78.72532193457124, 10.762355992167297], [78.72532304433197, 10.762446241322484], [78.72541431573403, 10.762445143967483], [78.72541542553068, 10.762535393113687], [78.72550669694172, 10.762534295731736], [78.72550780677432, 10.762624544868958], [78.72541653533634, 10.762625642259891], [78.72541875498358, 10.762806140552302], [78.72532748347373, 10.762807237934252], [78.72532859328837, 10.76289748708944], [78.72523732175156, 10.762898584462407], [78.72523843153925, 10.762988833626578], [78.72514715996653, 10.762989930972596], [78.72514826973625, 10.763080180145751], [78.72496572650095, 10.763082374792871], [78.72496461677616, 10.762992125601752], [78.7248733451675, 10.762993222875904], [78.72487223547863, 10.762902973675802], [78.72478096388792, 10.762904070914022], [78.72477985424398, 10.762813821704937], [78.72468858267125, 10.762814918907223], [78.72468747305425, 10.762724669689154], [78.72459620149948, 10.76272576685551], [78.72459509192738, 10.762635517619474], [78.72450382038161, 10.762636614749896], [78.72450160131828, 10.762456116268842], [78.7244103298264, 10.762457213354349], [78.72440922033516, 10.76236696410933], [78.72431794885226, 10.762368061149921], [78.72431572995063, 10.762187562632933], [78.72422445852163, 10.76218865963759], [78.72422334911124, 10.762098410365622]]]}, "id": "+10752+784", "properties": {"count": 86, "water": 1}}, {"type": "Feature", "geometry": {"geodesic": false, "type": "Polygon", "coordinates": [[[78.72483451203082, 10.759834500539913], [78.72547340646426, 10.759826821372554], [78.72547451600042, 10.759917070527742], [78.72556578662092, 10.759915973388336], [78.725566896202, 10.760006222525558], [78.72547562555454, 10.760007319682929], [78.72547673510866, 10.760097568829135], [78.72492911085557, 10.760104151225395], [78.72492800146314, 10.76001390201631], [78.72483673074382, 10.760014998976052], [78.72483451203082, 10.759834500539913]]]}, "id": "+10759+809", "properties": {"count": 21, "water": 1}}, {"type": "Feature", "geometry": {"geodesic": false, "type": "Polygon", "coordinates": [[[78.72739069456429, 10.745000746152133], [78.72766449234025, 10.744997457464795], [78.72767225292192, 10.745629200553978], [78.72739845458003, 10.745632489429964], [78.72739069456429, 10.745000746152133]]]}, "id": "+10785+973", "properties": {"count": 21, "water": 1}}, {"type": "Feature", "geometry": {"geodesic": false, "type": "MultiPolygon", "coordinates": [[[[78.73586995092158, 10.729373797173087], [78.73586884152017, 10.729283548916214], [78.73596010185499, 10.729282451812741], [78.73596121128334, 10.72937270006063], [78.73586995092158, 10.729373797173087]]], [[[78.73002419521104, 10.721591209175008], [78.73002530206124, 10.721681458078667], [78.72975152600654, 10.721684741798322], [78.72974820571648, 10.72141399498853], [78.72965694708846, 10.721415089477906], [78.72965473366655, 10.72123459158974], [78.72974599224067, 10.72123349711833], [78.72974377880976, 10.72105299924813], [78.72992629581425, 10.721050810260394], [78.72992186884466, 10.720689814582876], [78.73001312722114, 10.720688720084516], [78.73001091374533, 10.720508222259232], [78.73019343036353, 10.720506033235564], [78.73019453715085, 10.72059628213024], [78.73028579547342, 10.720595187560015], [78.73028468865917, 10.720504938674322], [78.73037594694581, 10.720503844095115], [78.73038148125966, 10.720955088469681], [78.73029022283826, 10.720956183093804], [78.73029132969745, 10.721046431979497], [78.73020007124012, 10.721047526585654], [78.7302022849495, 10.721228024366024], [78.73029354346072, 10.721226929741901], [78.73029243657459, 10.721136680856207], [78.73056621197351, 10.721133396840107], [78.73056510501553, 10.721043147981364], [78.73065636343692, 10.721042053267409], [78.73065525646096, 10.720951804426631], [78.73074651484642, 10.720950709685727], [78.7307454078525, 10.720860460853933], [78.73092792453357, 10.72085827132721], [78.73092903157242, 10.720948520141038], [78.73120280660304, 10.720945235612898], [78.73120391374069, 10.721035484399776], [78.73074762184034, 10.721040958526505], [78.73074983587311, 10.721221456190094], [78.73084109432145, 10.721220361404272], [78.73084330844405, 10.721400859049895], [78.7306607914216, 10.721403048639502], [78.73066189844248, 10.721493297480277], [78.73057063988632, 10.72149439223915], [78.73057174688924, 10.721584641088908], [78.73066300547232, 10.721583546321055], [78.73066411251116, 10.721673795161832], [78.73057285391012, 10.721674889938669], [78.73057728206547, 10.722035885328728], [78.73048602333866, 10.72203698012353], [78.7304871303775, 10.722127228982274], [78.7300308364739, 10.722132702596964], [78.730031943378, 10.722222951500623], [78.73021446102926, 10.72222076211763], [78.73021556800522, 10.72231101099434], [78.73030682683984, 10.722309916253435], [78.73030793385173, 10.722400165130145], [78.73039919270431, 10.722399070344325], [78.73040029975213, 10.722489319212052], [78.7303090408726, 10.722490413997871], [78.73031125495028, 10.722670911742307], [78.73040251388372, 10.722669816929539], [78.73040140680895, 10.722579568070795], [78.73049266570645, 10.722578473249042], [78.73049709414927, 10.722939468648084], [78.73040583514397, 10.722940563514753], [78.73040694225467, 10.723030812373496], [78.73022442416323, 10.723033002034967], [78.73022553122902, 10.723123250911677], [78.73031679030619, 10.72312215608094], [78.7303190045186, 10.723302653816393], [78.73041026364069, 10.723301558940742], [78.73041137078732, 10.723391807799485], [78.7303201116383, 10.723392902675137], [78.73032232590462, 10.72357340041059], [78.73023106669272, 10.723574495286242], [78.73023217382139, 10.723664744153968], [78.73014091457355, 10.723665839011653], [78.73014312879496, 10.723846336774058], [78.73005186948423, 10.723847431622758], [78.73004965531672, 10.72366693384239], [78.72995839604194, 10.723668028646175], [78.72995618197324, 10.72348753084784], [78.72986492274336, 10.723488625606711], [78.72986270876449, 10.723308127781426], [78.72977144957953, 10.72330922249538], [78.7297692356905, 10.72312872465213], [78.72967797655943, 10.723129819312186], [78.72967686965534, 10.723039570381577], [78.72958561053326, 10.723040665014683], [78.72959114500881, 10.723491909721625], [78.72968240426563, 10.723490815043604], [78.7296857251486, 10.723761561826446], [78.72977698447728, 10.723760467094525], [78.72977919850106, 10.723940964928794], [78.72987045787468, 10.723939870151957], [78.72987377907205, 10.724210616871918], [78.72996503850854, 10.724209522041182], [78.72996725273893, 10.724390019830535], [78.73005851222932, 10.724388924954884], [78.73005961938493, 10.724479173840576], [78.7301508788843, 10.724478078920008], [78.73015198608485, 10.72456832779672], [78.73024324560218, 10.724567232849202], [78.73024767458399, 10.724928228302142], [78.73033893420015, 10.724927133291743], [78.73034225612516, 10.725197879850008], [78.73043351581316, 10.725196784776726], [78.7304268718913, 10.724655291714097], [78.73033561236497, 10.724656386724496], [78.73033229061963, 10.724385640157248], [78.73051480950159, 10.724383450154418], [78.73051370221123, 10.72429320131364], [78.73060496161177, 10.724292106285276], [78.73060385431242, 10.724201857453481], [78.73069511366806, 10.72420076240715], [78.73069400635075, 10.724110513584339], [78.73115030287742, 10.724105037993356], [78.73115141032949, 10.724195286771252], [78.73124266963123, 10.724194191563223], [78.7312448846162, 10.724374689092064], [78.73133614396286, 10.72437359383912], [78.73133725149577, 10.724463842590065], [78.73115473273958, 10.724466033086971], [78.73115584023657, 10.724556281864865], [78.73097332139054, 10.724558472271939], [78.73097664375571, 10.724829218641556], [78.73106790327306, 10.724828123424546], [78.73106901077003, 10.72491837220244], [78.73143404882141, 10.724913991019985], [78.73143515644416, 10.725004239752964], [78.73161767546087, 10.725002048986566], [78.7316187831465, 10.725092297710562], [78.73171004267282, 10.72509120226897], [78.73171115039437, 10.725181450983984], [78.731893669456, 10.725179260019956], [78.73189810066563, 10.725540254781194], [78.73198936029077, 10.72553915921384], [78.73199489965316, 10.725990402609241], [78.73181238011543, 10.725992593797848], [78.73181348796274, 10.726082842494895], [78.73172222815795, 10.72608393806225], [78.73172555168196, 10.726354684171357], [78.73163429177835, 10.72635577973871], [78.73163650745502, 10.726536277159754], [78.73172776741254, 10.726535181574432], [78.7317288752868, 10.72662543027148], [78.73163761531133, 10.726626525865782], [78.73163872317662, 10.726716774580796], [78.73172998317905, 10.72671567897751], [78.73173109108028, 10.726805927674556], [78.73163983104192, 10.726807023286826], [78.73164093892517, 10.726897271992856], [78.73145841877658, 10.726899463163496], [78.73145731094722, 10.7268092144395], [78.7313660508909, 10.726810309970922], [78.73136494309747, 10.72672006122896], [78.73118242299381, 10.726722252201972], [78.73118353073333, 10.7268125009619], [78.73109227064107, 10.726813596412473], [78.7310911629285, 10.726723347643562], [78.73081738266968, 10.726726633824601], [78.73081516744216, 10.726546136232878], [78.73072390738584, 10.726547231548704], [78.73072169224814, 10.726366733939015], [78.73063043224572, 10.726367829209925], [78.7306271096919, 10.726097082759459], [78.73044458980381, 10.726099273175516], [78.73044901968395, 10.726460268511675], [78.73054027973129, 10.726459173285681], [78.73054249478812, 10.726639670931302], [78.73063375488039, 10.726638575660392], [78.73063486244924, 10.726728824465237], [78.73072612256844, 10.726727729158394], [78.73073055304145, 10.72708872436879], [78.7308218132505, 10.72708762899008], [78.73082292091816, 10.727177877785943], [78.73091418115415, 10.727176782371302], [78.73091307345055, 10.727086533593406], [78.7310955938327, 10.727084342701243], [78.73109670158121, 10.727174591470154], [78.73118796178127, 10.727173495974666], [78.73119128517052, 10.727444242236487], [78.73128254544245, 10.727443146687099], [78.73128365328978, 10.727533395429061], [78.7315574341235, 10.727530108601234], [78.7315596500068, 10.727710606022278], [78.73174217062251, 10.72770841463604], [78.73174327863153, 10.727798663333088], [78.73192579925622, 10.727796471812104], [78.73192690732813, 10.727886720491183], [78.73201816766293, 10.727885624681285], [78.73201927577077, 10.727975873342398], [78.73211053611455, 10.727974777496566], [78.73210942797976, 10.727884528844436], [78.73220068828762, 10.727883432989621], [78.73219736385632, 10.727612687051193], [78.73228862407434, 10.727611591187395], [78.73228751592158, 10.727521342553231], [78.73237877610367, 10.727520246680449], [78.7323798842744, 10.727610495305631], [78.73247114447446, 10.727609399396917], [78.7324744691483, 10.727880145245512], [78.73256572941123, 10.7278790492829], [78.73256683768976, 10.727969297881131], [78.73265809797066, 10.727968201882586], [78.73265698967418, 10.727877953284354], [78.73283951016413, 10.727875761215397], [78.7328406185145, 10.727966009795663], [78.73293187876845, 10.727964913716269], [78.73293409555006, 10.728145410849852], [78.73329913669166, 10.728141026172949], [78.73330024520374, 10.7282312747083], [78.73339150549363, 10.728230178458226], [78.73339261405062, 10.728320426975609], [78.73357513464836, 10.728318234394614], [78.73357735188812, 10.728498731393447], [78.73366861222291, 10.728497635035577], [78.73367082956148, 10.728678132016444], [78.7337620899412, 10.728677035613657], [78.7337643073696, 10.72885753257656], [78.73367304693598, 10.72885862898833], [78.73367193824424, 10.72876838050688], [78.73348941739496, 10.728770573240588], [78.73348830876611, 10.728680324732188], [78.7333057879348, 10.728682517340134], [78.73330467936883, 10.728592268813767], [78.73303089813085, 10.728595557501107], [78.73302978965471, 10.72850530894779], [78.73293852924803, 10.728506405117015], [78.73293963768825, 10.728596653679315], [78.73275711679406, 10.7285988459459], [78.73275933361161, 10.728779343115415], [78.7328505941171, 10.728778246973139], [78.73285170256628, 10.728868495544422], [78.73294296308974, 10.728867399366212], [78.73294407158384, 10.728957647928512], [78.7331265926577, 10.728955455473281], [78.7331277012057, 10.729045704017613], [78.73321896175611, 10.72904460774059], [78.73322007034005, 10.729134856275941], [78.7334025914678, 10.72913266362308], [78.73340480877941, 10.729313160648864], [78.73386111168412, 10.729307678464247], [78.73386000288458, 10.72921742999178], [78.73395126340803, 10.729216333490177], [78.73395348106101, 10.72939683039918], [78.73404474162938, 10.72939573384368], [78.73404585050078, 10.729485982289198], [78.73422837166446, 10.72948378907938], [78.73422726273915, 10.729393540660812], [78.73431852328058, 10.729392444024462], [78.73431741433731, 10.729302195605893], [78.73422615382285, 10.72930329223326], [78.73422504492449, 10.729213043805707], [78.73413378442798, 10.729214140388157], [78.73413267555658, 10.729123891951621], [78.73458897779655, 10.729118408796825], [78.73458786880836, 10.729028160405205], [78.73467912919706, 10.729027063696991], [78.73468023822117, 10.729117312079627], [78.73477149862785, 10.729116215344463], [78.7347726076789, 10.729206463718116], [78.73504638892587, 10.729203173314994], [78.73504749807576, 10.729293421652715], [78.73495623764214, 10.729294518486695], [78.7349606742147, 10.729655511891476], [78.73514319528856, 10.72965331811572], [78.7351420860758, 10.729563069786982], [78.7352333465723, 10.729561972863172], [78.73523223734156, 10.729471724543417], [78.73577979993429, 10.729465142524448], [78.73578090932672, 10.729555390790305], [78.73587216975136, 10.729554293686832], [78.73587327917971, 10.729644541943703], [78.73578201872813, 10.72964563905616], [78.7357842375579, 10.729826135578888], [78.7360580190474, 10.729822844097788], [78.73605690953819, 10.729732595867866], [78.73614816998978, 10.729731498665577], [78.7361470604716, 10.729641250435654], [78.73642084167363, 10.729637958694044], [78.73641973208358, 10.729547710491069], [78.73632847172182, 10.72954880775624], [78.7363273621677, 10.729458559553267], [78.7364186225025, 10.729457462297079], [78.7364175129394, 10.729367214094106], [78.73660003352815, 10.72936501951885], [78.73659892391115, 10.729274771342826], [78.7366901841741, 10.729273674023757], [78.73669462279483, 10.729634666709886], [78.73660336243307, 10.729635764064888], [78.73660558174792, 10.729816260416936], [78.7365143213233, 10.729817357762954], [78.73651543096724, 10.729907605956944], [78.73642417050668, 10.729908703284996], [78.73642528013266, 10.729998951478986], [78.73615149860723, 10.73000224333738], [78.73615260816136, 10.730092491558318], [78.73606134761096, 10.730093588805522], [78.73606245714711, 10.730183837035446], [78.73597119656078, 10.7301849342557], [78.73597230607898, 10.730275182503588], [78.73569852415828, 10.730278474038588], [78.73569963361359, 10.730368722313425], [78.73506080860196, 10.730376401714347], [78.7350596993353, 10.730286153376625], [78.73478591711816, 10.730289444121107], [78.73478480794134, 10.730199195756436], [78.73451102572419, 10.730202486231423], [78.7345099166372, 10.730112237839803], [78.7343273951591, 10.730114431337082], [78.73432628613499, 10.730024182927496], [78.73414376467485, 10.730026376299008], [78.73414265572261, 10.729936127862473], [78.73396013427147, 10.729938321117206], [78.73395902537311, 10.729848072662705], [78.73377650393994, 10.729850265782689], [78.73377539511345, 10.729760017310221], [78.73368413441034, 10.729761113820807], [78.73368302561978, 10.72967086534834], [78.73350050423151, 10.729673058270695], [78.73349939550384, 10.729582809771278], [78.73331687413355, 10.72958500256787], [78.73331576546876, 10.729494754050485], [78.73313324410745, 10.729496946721314], [78.73313213550554, 10.72940669817698], [78.73285835347706, 10.729409986963134], [78.73285724496498, 10.729319738391851], [78.73267472362163, 10.729321930766234], [78.73267361517243, 10.729231682176986], [78.73230857246779, 10.729236066557444], [78.73230746413536, 10.729145817932263], [78.73212494277405, 10.729148009938337], [78.7321238345135, 10.72905776129519], [78.73194131317017, 10.729059953184482], [78.73194020496351, 10.728969704514384], [78.73148390156473, 10.728975183716596], [78.73148279351079, 10.728884935001583], [78.73093522926516, 10.728891509106393], [78.7309341213819, 10.728801260337482], [78.73066033920968, 10.72880454700361], [78.73065923141625, 10.72871429820775], [78.73011166695504, 10.728720870758476], [78.73011055934127, 10.728630621899732], [78.73001929858425, 10.728631717224541], [78.73001819099744, 10.728541468356815], [78.72983566952834, 10.728543658907618], [78.72983456200441, 10.728453410021926], [78.72937825827324, 10.728458885873419], [78.72937936566242, 10.728549134804028], [78.72901432240081, 10.728553515043252], [78.7290154296822, 10.728643764009794], [78.72846786433165, 10.728650333632011], [78.72846675720298, 10.728560084602588], [78.7281929744738, 10.728563369022929], [78.72819408151264, 10.728653618079303], [78.72792029861279, 10.728656902293032], [78.72791919164581, 10.72856665320971], [78.72773666971855, 10.728568842529821], [78.72773777663163, 10.72865909163111], [78.72536498726548, 10.728687543342284], [78.72536388105308, 10.72859729399845], [78.72499883604874, 10.728601669548468], [78.72499772995313, 10.728511420159718], [78.72481520745096, 10.728513607755065], [78.72481410141823, 10.72842335834835], [78.72408401122091, 10.728432107597856], [78.72408511702906, 10.728522357076438], [78.72326376455656, 10.72853219802156], [78.72326265898198, 10.728441948453147], [78.7227150903885, 10.728448507825588], [78.7227139849846, 10.728358258203276], [78.72234893916279, 10.728362630555292], [78.72235004445889, 10.728452880213537], [78.72225878295627, 10.72845397323866], [78.72225988822544, 10.728544222905885], [78.72198610356489, 10.72854750186447], [78.72198720877115, 10.728637751558647], [78.72153090067418, 10.728643216001538], [78.7215320057547, 10.72873346574063], [78.72134948239014, 10.7287356513507], [78.72135058742575, 10.728825901107758], [78.72098554047206, 10.728830272040437], [78.72098333062544, 10.72864977244547], [78.7208920689252, 10.7286508650933], [78.72088875431248, 10.72838011566941], [78.72098001593187, 10.72837902304853], [78.72097891105797, 10.728288773246556], [78.72107017265041, 10.728287680616692], [78.72106906774957, 10.7281974308237], [78.72116032930609, 10.728196338166889], [78.72115922439625, 10.72810608838288], [78.72125048590785, 10.728104995708101], [78.72124717115139, 10.727834246392009], [78.72133843258214, 10.72783315371723], [78.72131965015703, 10.726298907595702], [78.72113712821181, 10.726301092594918], [78.72113602350859, 10.726210842792943], [78.72067971860064, 10.726216304765465], [78.72067861404115, 10.726126054927558], [78.72058735305956, 10.726127147225045], [78.72058514402143, 10.725946647522282], [78.72067640494912, 10.725945555233778], [78.72067088238522, 10.725494305999327], [78.72076214316918, 10.72549321372879], [78.72075882967037, 10.725222464215069], [78.72085009036451, 10.725221371944532], [78.7208478813623, 10.725040872286682], [78.72093914199355, 10.725039780007162], [78.72093582848576, 10.724769030538356], [78.7210270890182, 10.724767938267819], [78.72102267103176, 10.72440693899704], [78.7211139314564, 10.724405846735486], [78.7211128269598, 10.724315596924528], [78.72120408733952, 10.724314504653991], [78.72120519187206, 10.724404754455966], [78.72138771266742, 10.72440256979811], [78.72138439895302, 10.724131820455069], [78.72120187831935, 10.724134005050042], [78.72119966933512, 10.723953505446092], [78.72129092960704, 10.723952413175555], [78.72128651164755, 10.72359141400359], [78.7213777718027, 10.723590321742035], [78.72137556282745, 10.72340982217402], [78.72146682291073, 10.723408729903483], [78.72146571841411, 10.723318480128457], [78.72155697846145, 10.723317387848937], [78.72155918752654, 10.723497887390003], [78.72174170770207, 10.723495702705199], [78.72173949853817, 10.723315203209047], [78.72183075855857, 10.72331411084868], [78.72183186316298, 10.723404360587772], [78.72210564324212, 10.72340108331802], [78.72210453855686, 10.723310833605877], [78.72219579854134, 10.723309741146693], [78.72219358914387, 10.72312924173139], [78.72210232921331, 10.72313033418159], [78.722101224555, 10.723040084469448], [78.72219248445862, 10.723038992028231], [78.72218917046574, 10.722768242909767], [78.72228043027053, 10.72276715046855], [78.72227822093596, 10.722586651071214], [78.7226432598587, 10.722582281135667], [78.7226443646338, 10.72267253079391], [78.72291814380564, 10.722669253039069], [78.72291924866157, 10.722759502670362], [78.72310176811845, 10.72275731733877], [78.72310397797405, 10.722937816565427], [78.72328649749382, 10.722935631099089], [78.72328760249349, 10.72302588069445], [78.72319634270666, 10.723026973450079], [78.72319744768835, 10.723117223054423], [78.72310618787456, 10.723118315792084], [78.72310950279271, 10.723389064623086], [78.72320076269632, 10.723387971858475], [78.72320186771395, 10.723478221453838], [78.72347564743379, 10.723474942962376], [78.7234745423353, 10.72338469338498], [78.72338328245864, 10.723385786239422], [78.72337996729794, 10.72311503748927], [78.72356248687161, 10.7231128518253], [78.72356138178212, 10.723022602256888], [78.72365264152403, 10.723021509393464], [78.72365374664048, 10.723111758952893], [78.72374500640036, 10.723110666044551], [78.72374390125697, 10.723020416503088], [78.72438271910902, 10.72301276551588], [78.72438161378595, 10.7229225160373], [78.72447287342007, 10.722921422949296], [78.7244739787611, 10.723011672418894], [78.72474775766345, 10.723008392939287], [78.72474665224158, 10.722918143496639], [78.72492917140202, 10.722915957069102], [78.72493027688677, 10.723006206493784], [78.72502153648496, 10.7230051132351], [78.72502485307398, 10.723275861473214], [78.72548115129845, 10.723270394613856], [78.72548004562506, 10.723180145243072], [78.72557130521426, 10.723179051804726], [78.72556909384949, 10.722998553090108], [78.72566035337582, 10.722997459642778], [78.7256581419841, 10.722816960937145], [78.72574940144753, 10.722815867480831], [78.7257482957382, 10.722725618136998], [78.7258395551657, 10.722724524662718], [78.72583623802872, 10.722453776667148], [78.72574497868206, 10.722454870114479], [78.7257427673622, 10.722274371426812], [78.72565150806047, 10.722275464829226], [78.72565040244096, 10.72218521547641], [78.72555914315718, 10.722186308842891], [78.72555803757362, 10.72209605948109], [78.72564929683044, 10.722094966123592], [78.7256481912379, 10.722004716770776], [78.72555693200802, 10.722005810110307], [78.72555582644242, 10.721915560748508], [78.7254645672305, 10.72191665406109], [78.72546567276916, 10.722006903431874], [78.72537441351233, 10.72200799672649], [78.72537109702213, 10.721737248578208], [78.72546235618913, 10.721736155310541], [78.72546014518369, 10.72155565655999], [78.7255514042878, 10.721554563283341], [78.7255502987761, 10.721464313912557], [78.72573281690347, 10.721462127305358], [78.72573171134685, 10.721371877952542], [78.72582297037012, 10.721370784621993], [78.72582075922992, 10.721190285943308], [78.72591201818132, 10.721189192594792], [78.72590980703215, 10.721008693934074], [78.72600106592965, 10.721007600576575], [78.72599996033709, 10.720917351259692], [78.72609121918968, 10.720916257884227], [78.72609232480919, 10.72100650720111], [78.72645736024647, 10.721002133429756], [78.72645625452814, 10.720911884157788], [78.72654751333582, 10.720910790656559], [78.72654419614493, 10.720640042840653], [78.72672671356264, 10.720637855820229], [78.72672560779941, 10.720547606566226], [78.72681686647233, 10.720546513029065], [78.72681465491891, 10.720366014539028], [78.72690591352895, 10.720364920983899], [78.72690370195757, 10.720184422520811], [78.72708621903392, 10.720182235374622], [78.7270851132078, 10.720091986156552], [78.72726763019432, 10.720089798929516], [78.72726652432328, 10.719999549729412], [78.72735778278062, 10.719998456084452], [78.72735667689162, 10.719908206893333], [78.72763045210189, 10.719904925823707], [78.72763598203197, 10.720356171626594], [78.72772724054319, 10.720355077837905], [78.7277283465849, 10.720445326984109], [78.72781960512307, 10.720444233159485], [78.72781849905442, 10.720353984022264], [78.72790975755666, 10.720352890179676], [78.72791086365227, 10.720443139307914], [78.72809338067472, 10.720440951523921], [78.72809227452521, 10.720350702413649], [78.72818353299151, 10.720349608490212], [78.72818574535341, 10.72053010669279], [78.72800322829504, 10.720532294548647], [78.72800433443555, 10.720622543667902], [78.72782181728735, 10.72062473144291], [78.72782292339194, 10.720714980580132], [78.72773166477292, 10.720716074431705], [78.72773277085057, 10.720806323577909], [78.7276415121956, 10.720807417420497], [78.72764372433292, 10.720987915730873], [78.72773498304178, 10.720986821870317], [78.72773719527791, 10.721167320162726], [78.72764593651516, 10.721168414041248], [78.72764704261975, 10.721258663187452], [78.72782956018119, 10.721256475394476], [78.72782624174165, 10.720985727991795], [78.72810001776939, 10.720982446185552], [78.72810112399077, 10.721072695286841], [78.72819238267267, 10.721071601291538], [78.72819348892997, 10.721161850392827], [78.72828474762984, 10.721160756352608], [78.7282869602253, 10.721341254528236], [78.72819570147153, 10.72134234858642], [78.72819459519627, 10.721252099485133], [78.72810333646046, 10.721253193507383], [78.7281055489661, 10.721433691718945], [78.7281968077558, 10.721432597678726], [78.72819791404903, 10.721522846771032], [78.7282891728567, 10.721521752703865], [78.72829359824526, 10.721882749037153], [78.72838485715174, 10.721881654907104], [78.72838596354379, 10.72197190397246], [78.72847722246824, 10.721970809806477], [78.72848054180609, 10.722241556993563], [78.72838928280079, 10.722242651195478], [78.72839149568372, 10.722423149335173], [78.72857401379312, 10.72242096086846], [78.72857512030195, 10.72251120991585], [78.72875763842035, 10.722509021323374], [78.72875653185763, 10.72241877229395], [78.72884779088088, 10.722417677966272], [78.72884668430018, 10.722327428945832], [78.72912046121726, 10.72232414583703], [78.7291193545647, 10.72223389684354], [78.7293018724046, 10.722231707981567], [78.72930076570714, 10.722141459006044], [78.72939202458666, 10.722140364552601], [78.7293909178802, 10.72205011558606], [78.72948217671482, 10.722049021105667], [78.72948106999038, 10.721958772148108], [78.73011988141948, 10.721951110147556], [78.7301176676113, 10.721770612358203], [78.73020892630218, 10.721769517698148], [78.73020781938013, 10.721679268812455], [78.73029907802609, 10.721678174134432], [78.73029575725992, 10.72140742749532], [78.7302044986948, 10.721408522146392], [78.73020560558092, 10.721498771032085], [78.73011434697987, 10.72149986566519], [78.73011545384803, 10.721590114559868], [78.73002419521104, 10.721591209175008]], [[78.73002419521104, 10.721591209175008], [78.72993293655608, 10.721592303763199], [78.72993182974183, 10.721502054850555], [78.73002308836085, 10.721500960271348], [78.73002419521104, 10.721591209175008]], [[78.72293250775924, 10.723842498209965], [78.72302376781556, 10.723841405454339], [78.72302266280691, 10.723751155832026], [78.72329644283217, 10.723747877412432], [78.72329975811861, 10.72401862618055], [78.72293471774958, 10.724022997463571], [78.72293250775924, 10.723842498209965]], [[78.72384289737096, 10.723651070322108], [78.7240254171602, 10.723648884280847], [78.72402652245633, 10.72373913379536], [78.72411778236892, 10.72373804071634], [78.724119993033, 10.7239185397274], [78.72421125298153, 10.723917446603464], [78.72421456913935, 10.724188195084123], [78.72412330910997, 10.724189288226025], [78.72412441448692, 10.724279537731556], [78.72403315441264, 10.724280630855493], [78.72403204906263, 10.724190381349961], [78.72394078901529, 10.724191474437966], [78.72393747310001, 10.723920725885442], [78.72384621311555, 10.723921818919548], [78.72384289737096, 10.723651070322108]], [[78.72485670591604, 10.724451290583314], [78.72503922597478, 10.724449103778486], [78.72504143733956, 10.724629602582935], [78.72485891717301, 10.724631789423695], [78.72485670591604, 10.724451290583314]], [[78.7256044805277, 10.72588653220957], [78.72569574091641, 10.725885438465795], [78.72569463490166, 10.725795189130944], [78.72587715558923, 10.72579300157153], [78.72588047382216, 10.726063749495234], [78.72569795297288, 10.72606593711753], [78.72569684694015, 10.725975687791662], [78.72560558652451, 10.725976781553403], [78.7256044805277, 10.72588653220957]], [[78.7259496138258, 10.724257669548521], [78.7261321335432, 10.724255482141821], [78.72613434551883, 10.724435980730675], [78.72595182569363, 10.724438168164324], [78.7259496138258, 10.724257669548521]], [[78.72714705449904, 10.72514594137132], [78.7273295745039, 10.725143753084271], [78.72733178736885, 10.725324251412612], [78.72714926726519, 10.725326439735595], [78.72714705449904, 10.72514594137132]], [[78.72720070268731, 10.722076374994714], [78.72729196177346, 10.722075281152126], [78.72729085568683, 10.721985031969988], [78.7274733737603, 10.721982844239895], [78.72747558605035, 10.722163342568235], [78.72720180875598, 10.722166624185833], [78.72720070268731, 10.722076374994714]], [[78.72730634176199, 10.723248520510923], [78.72748886059004, 10.723246332511335], [78.72749107315856, 10.723426830830693], [78.72739981369511, 10.723427924861928], [78.72740091996141, 10.723518174026099], [78.72730966046204, 10.723519268039368], [78.72730634176199, 10.723248520510923]], [[78.72735999457657, 10.72017895445771], [78.72745125306983, 10.720177860767835], [78.72745235901273, 10.720268109949972], [78.72736110049252, 10.72026920364883], [78.72735999457657, 10.72017895445771]], [[78.72841252004328, 10.724137881541004], [78.72850377961451, 10.72413678714146], [78.72850267295296, 10.72404653809407], [78.72859393248827, 10.724045443676559], [78.72859503917677, 10.724135692714965], [78.72868629873003, 10.724134598270506], [78.72868740545447, 10.72422484729993], [78.7287786650257, 10.724223752810554], [78.72877977178607, 10.724314001830994], [78.72868851218787, 10.72431509632037], [78.72868961893028, 10.724405345349792], [78.72850709966204, 10.724407534283628], [78.72850599297354, 10.72431728523624], [78.7284147333484, 10.72431837965375], [78.72841252004328, 10.724137881541004]], [[78.72853477013535, 10.726663760243792], [78.72880855104994, 10.726660476101928], [78.72881076510966, 10.726840974097893], [78.72853698403337, 10.72684425830264], [78.72853477013535, 10.726663760243792]], [[78.72860499981341, 10.724947934042659], [78.72878751938708, 10.724945744938143], [78.7287886262283, 10.725035993958583], [78.72860610660072, 10.725038183072082], [78.72860499981341, 10.724947934042659]], [[78.72916252131803, 10.725753607185437], [78.72934504126, 10.725751417595832], [78.72934614835275, 10.725841666544406], [78.72916362835687, 10.725843856151979], [78.72916252131803, 10.725753607185437]], [[78.7295833968149, 10.722860167126516], [78.72967465588309, 10.722859072511376], [78.72967576276024, 10.722949321450969], [78.72958450366511, 10.722950416075092], [78.7295833968149, 10.722860167126516]], [[78.72966690797665, 10.722227329961182], [78.72975816683821, 10.722226235381974], [78.72975927367942, 10.722316484312584], [78.7296680147909, 10.722317578891792], [78.72966690797665, 10.722227329961182]], [[78.72966912161415, 10.722407827831383], [78.72994289834259, 10.72240454397698], [78.72994179143849, 10.722314295064338], [78.73003305030005, 10.722313200404281], [78.7300352641801, 10.722493698202618], [78.7298527463312, 10.722495887540695], [78.72985385322632, 10.72258613646232], [78.72976259426594, 10.722587231095426], [78.7297614873888, 10.722496982173801], [78.72967022844638, 10.722498076770975], [78.72966912161415, 10.722407827831383]], [[78.72992961614025, 10.721321557016287], [78.73002087470537, 10.721320462455047], [78.73002198152862, 10.721410711367689], [78.72993072293654, 10.721411805937914], [78.72992961614025, 10.721321557016287]], [[78.73034336345145, 10.725288128699768], [78.7305258828724, 10.725285938517274], [78.73052809766874, 10.725466436180861], [78.73043683790885, 10.725467531299058], [78.73043573053764, 10.72537728245828], [78.73034447079571, 10.725378377549529], [78.73034336345145, 10.725288128699768]], [[78.73202592463338, 10.728517365309083], [78.73211718513886, 10.728516269409353], [78.7321160769412, 10.72842602075722], [78.73248111875651, 10.728421636933719], [78.73248222706198, 10.728511885540934], [78.73266474796515, 10.728509693454011], [78.73266696471083, 10.72869019063251], [78.73257570420535, 10.728691286711904], [78.7325768125647, 10.728781535319118], [78.73239429148187, 10.728783727415024], [78.73239318317641, 10.728693478789843], [78.73211940155215, 10.728696766704632], [78.73211829333653, 10.728606518061483], [78.7320270328041, 10.728607613970198], [78.73202592463338, 10.728517365309083]], [[78.73450326233977, 10.72957074747212], [78.73468578345854, 10.729568553983826], [78.73468689253656, 10.729658802357479], [78.73477815310493, 10.729657705559433], [78.73478148048271, 10.729928450662426], [78.7345989591663, 10.729930644285469], [78.73459674101926, 10.729750147511211], [78.73450548040599, 10.729751244264342], [78.73450326233977, 10.72957074747212]], [[78.73477371674795, 10.729296712082787], [78.73486497719954, 10.729295615302707], [78.73486608630449, 10.729385863658393], [78.73477482582597, 10.72938696045644], [78.73477371674795, 10.729296712082787]], [[78.72748554182711, 10.722975585036789], [78.72748664806645, 10.723065834191976], [78.7273953887108, 10.72306692818728], [78.72739428249842, 10.722976679023109], [78.72748554182711, 10.722975585036789]], [[78.72748554182711, 10.722975585036789], [78.72748443558777, 10.722885335872618], [78.72757569488053, 10.722884241877315], [78.72757680114681, 10.72297449102352], [78.72748554182711, 10.722975585036789]], [[78.7211216632291, 10.72503759538524], [78.72112276780656, 10.725127845196198], [78.72121402842882, 10.725126752826846], [78.7212151330512, 10.72521700262882], [78.721123872393, 10.725218094998173], [78.72112497698842, 10.725308344800146], [78.72103371629429, 10.725309437151532], [78.72103040261582, 10.725038687709676], [78.7211216632291, 10.72503759538524]], [[78.7211216632291, 10.72503759538524], [78.72111945410114, 10.724857095772308], [78.72130197518398, 10.724854911087503], [78.72130418441974, 10.725035410655519], [78.7211216632291, 10.72503759538524]], [[78.72593523768207, 10.723084428446992], [78.72593081458423, 10.722723431161489], [78.72602207399376, 10.72272233763331], [78.72601986244933, 10.722541839008525], [78.7262936404444, 10.722538558316192], [78.72629253460929, 10.72244830903524], [78.7261100160058, 10.722450496163463], [78.72610891023359, 10.722360246864543], [78.72620016950839, 10.722359153318399], [78.7261990637182, 10.722268904019481], [78.72629032295706, 10.72226781045537], [78.72629142878317, 10.722358059745305], [78.72647394728784, 10.72235587252725], [78.72647505316786, 10.722446121790236], [78.72656631243366, 10.722445028136294], [78.72656741834962, 10.722535277390296], [78.7266586776334, 10.722534183691437], [78.7266608895551, 10.722714682190459], [78.7267521488838, 10.722713588446684], [78.72674993690818, 10.722533089974613], [78.726841196174, 10.722531996221855], [78.72684009017719, 10.722441746994802], [78.72693134939809, 10.72244065322408], [78.7269368796246, 10.722891899314426], [78.7265718421212, 10.722896274415287], [78.72657073616932, 10.722806025161285], [78.72647947679572, 10.722807118860144], [78.72648058272064, 10.72289736812313], [78.7263893233111, 10.722898461804022], [78.72638821740414, 10.722808212532053], [78.72629695801257, 10.722809306177012], [78.72629585215051, 10.722719056887078], [78.72620459276793, 10.722720150496105], [78.72620791031814, 10.722990898374892], [78.7260253913733, 10.722993085565996], [78.72602649719043, 10.723083334882881], [78.72593523768207, 10.723084428446992]], [[78.72593523768207, 10.723084428446992], [78.72593634348124, 10.723174677763875], [78.72621012206918, 10.723171396954761], [78.72621343976313, 10.723442144824567], [78.72603092055776, 10.723444332114486], [78.72602981469572, 10.723354082806585], [78.72593855510652, 10.723355176406628], [78.72593744928939, 10.723264927080761], [78.72584618970917, 10.723266020644871], [78.72584397815575, 10.723085521984153], [78.72593523768207, 10.723084428446992]]], [[[78.73586995092158, 10.729373797173087], [78.73587106033197, 10.729464045429959], [78.73577979993429, 10.729465142524448], [78.73577869055084, 10.729374894258594], [78.73586995092158, 10.729373797173087]]]]}, "id": "+10788+1251", "properties": {"count": 8220, "water": 1}}, {"type": "Feature", "geometry": {"geodesic": false, "type": "MultiPolygon", "coordinates": [[[[78.73146146548474, 10.77907082744673], [78.73146257883873, 10.779161075874283], [78.73155385463355, 10.779159975033819], [78.73155274124362, 10.77906972661525], [78.7316440170025, 10.779068625756818], [78.73164513041039, 10.779158874166404], [78.73201023342793, 10.779154470418268], [78.7320113469526, 10.77924471878294], [78.73210262271148, 10.779243617771794], [78.7321037362721, 10.779333866136463], [78.73219501204893, 10.779332765080403], [78.73219723925999, 10.779513261773811], [78.73256234246618, 10.779508857244142], [78.73256345619747, 10.77959910554593], [78.73274600779607, 10.779596903101432], [78.73274489401986, 10.779506654808626], [78.73283616977874, 10.779505553554937], [78.73283505597558, 10.779415305280098], [78.73292633169854, 10.779414203999458], [78.73292744551965, 10.779504452274297], [78.73301872126056, 10.779503350966708], [78.73302094900161, 10.779683847489435], [78.73311222478745, 10.779682746136931], [78.73311668049413, 10.780043739128487], [78.73284285278632, 10.780047043230917], [78.73284396666133, 10.780137291505756], [78.73275269071381, 10.780138392822328], [78.73275157686574, 10.780048144538506], [78.73256902499764, 10.780050347081819], [78.73257013878283, 10.780140595383607], [78.73229631082347, 10.780143899027896], [78.73229742454578, 10.780234147356634], [78.73211487246209, 10.780236349666383], [78.73211375880267, 10.78014610131968], [78.73193120673695, 10.780148303503667], [78.73193232034247, 10.78023855187732], [78.73184104426917, 10.780239652942363], [78.7318399306906, 10.780149404559728], [78.7315661024887, 10.78015270755723], [78.73156498899996, 10.780062459147643], [78.73138243687136, 10.780064660999253], [78.7313779832218, 10.779703667280062], [78.73092160326858, 10.77970917123984], [78.73092271653276, 10.779799419712308], [78.73046633620224, 10.77980492305225], [78.73046522307283, 10.779714674525884], [78.73037394699953, 10.779715775105837], [78.730375060102, 10.779806023641187], [78.73028378399279, 10.77980712419419], [78.7302848970773, 10.779897372738525], [78.73019362093214, 10.779898473282545], [78.73019250788357, 10.779808224729228], [78.73000995562022, 10.779810425718455], [78.73000772964883, 10.779629928575892], [78.72991645355758, 10.779631029012114], [78.72991534060783, 10.779540780431848], [78.72927640787923, 10.779548482649977], [78.72927529513608, 10.779458233997845], [78.72918401901788, 10.779459334200507], [78.72918290631067, 10.779369085548375], [78.72909163021042, 10.77937018570612], [78.72908940487686, 10.77918968837491], [78.72936323298892, 10.779186387856758], [78.72936434573207, 10.779276636490922], [78.72945562176942, 10.779275536261311], [78.72945673454849, 10.779365784886494], [78.72963928665914, 10.779363584319475], [78.72963817382616, 10.779273335703277], [78.72972944983657, 10.779272235392817], [78.72973167557439, 10.779452732598264], [78.7300055037134, 10.779449431433326], [78.73000439076364, 10.77935918285306], [78.73027821873198, 10.779355881481509], [78.73027933176257, 10.779446130025843], [78.73046188374745, 10.779443928955766], [78.73045965758743, 10.779263431903033], [78.73055093350801, 10.779262331341046], [78.73054982041452, 10.779172082823662], [78.73082364805049, 10.77916878102092], [78.73082253488514, 10.779078532530486], [78.73091381071588, 10.77907743188765], [78.73091492390817, 10.7791676803691], [78.73137130304393, 10.779162176687798], [78.73137018971687, 10.779071928260247], [78.73146146548474, 10.77907082744673]], [[78.7322940834148, 10.779963402361437], [78.73247663529187, 10.77996119999779], [78.73247774905012, 10.78005144830856], [78.73229519711914, 10.780053650690176], [78.7322940834148, 10.779963402361437]]], [[[78.73155274124362, 10.77906972661525], [78.73146146548474, 10.77907082744673], [78.73146035213972, 10.778980579028163], [78.73155162787165, 10.778979478205663], [78.73155274124362, 10.77906972661525]]]]}, "id": "+10823+596", "properties": {"count": 271, "water": 1}}, {"type": "Feature", "geometry": {"geodesic": false, "type": "MultiPolygon", "coordinates": [[[[78.73383240398005, 10.77886170073555], [78.7339236794245, 10.778860599221348], [78.73392256536982, 10.778770351054307], [78.73401384078734, 10.77876924952214], [78.7340127267147, 10.778679001364083], [78.73392145132414, 10.778680102878283], [78.73392033728742, 10.778589854711242], [78.7337377865422, 10.77859205764083], [78.73373890052503, 10.77868230583482], [78.73364762510751, 10.778683407277157], [78.73364539720475, 10.778502910871211], [78.73373667256837, 10.778501809455824], [78.73373444464765, 10.778321313067844], [78.73382571994838, 10.77832021163449], [78.73382460597456, 10.778229963449483], [78.73364205542698, 10.77823216626229], [78.73363982762305, 10.778051669847361], [78.73354855238519, 10.778052771199865], [78.73354743852813, 10.777962522978926], [78.73363871373904, 10.777961421644388], [78.73363537213194, 10.777690677026484], [78.73372664725302, 10.777689575691946], [78.733725533378, 10.777599327488973], [78.73363425828389, 10.777600428814528], [78.73363314445378, 10.77751018060257], [78.73372441951197, 10.777509079294983], [78.7337233056639, 10.777418831092008], [78.73381458068616, 10.77741772975747], [78.73381346681114, 10.77732748156348], [78.73390474180644, 10.777326380219959], [78.73390140016342, 10.777055635664938], [78.73399267506889, 10.777054534321417], [78.73399156117591, 10.776964286145393], [78.73408283604546, 10.776963184774921], [78.7340817221345, 10.77687293660788], [78.7339904473009, 10.77687403796937], [78.73398933343485, 10.776783789793345], [78.73408060824151, 10.776782688440841], [78.7340783804825, 10.77660219210676], [78.73416965522628, 10.776601090754253], [78.73417076912824, 10.776691338912311], [78.73444459338654, 10.776688034657168], [78.73444570737834, 10.776778282788277], [78.7342631578279, 10.77678048567295], [78.73426649970449, 10.777051230111189], [78.73435777456504, 10.77705012865987], [78.73435888856582, 10.777140376799961], [78.73426761367831, 10.777141478260264], [78.73427095567169, 10.777412222698503], [78.73417968069434, 10.777413324158806], [78.73418079468614, 10.777503572316864], [78.73408951967286, 10.7775046737592], [78.7340906336467, 10.77759492192624], [78.73418190868692, 10.777593820465938], [78.73418525074318, 10.777864564922144], [78.7340939756221, 10.777865666409397], [78.7340962036596, 10.778046162725511], [78.73418747883457, 10.778045061220293], [78.73418970696191, 10.778225557518443], [78.7340071564862, 10.778227760537861], [78.73400827051394, 10.778318008704902], [78.73409954577873, 10.778316907199684], [78.7341006598424, 10.778407155357742], [78.73419193512517, 10.778406053807608], [78.73419304922477, 10.778496301956682], [78.73401049859635, 10.778498505038984], [78.73401161265103, 10.778588753197042], [78.73410288799668, 10.778587651664873], [78.7341051161869, 10.778768147972006], [78.73419639158645, 10.778767046394922], [78.73419750572198, 10.778857294535014], [78.73401495486898, 10.778859497689181], [78.73401606895959, 10.778949745847239], [78.73383351801677, 10.778951948911574], [78.73383240398005, 10.77886170073555]], [[78.73382571994838, 10.77832021163449], [78.73391699523117, 10.77831911018317], [78.73391810924093, 10.778409358359195], [78.7338268339312, 10.778410459819497], [78.73382571994838, 10.77832021163449]]], [[[78.73373890052503, 10.77868230583482], [78.73383017592458, 10.778681204374518], [78.73383240398005, 10.77886170073555], [78.73374112851761, 10.778862802222802], [78.73373890052503, 10.77868230583482]]]]}, "id": "+10852+622", "properties": {"count": 106, "water": 1}}, {"type": "Feature", "geometry": {"geodesic": false, "type": "Polygon", "coordinates": [[[78.73480518895443, 10.768921189535629], [78.7348964613087, 10.768920088749063], [78.73488978168777, 10.768378599962414], [78.73498105387135, 10.768377499202797], [78.73497994060719, 10.76828725107169], [78.73507121274585, 10.768286150294108], [78.73507009947271, 10.768195902180965], [78.73516137157544, 10.768194801385416], [78.73516248488453, 10.768285049489574], [78.73534502912592, 10.768282847790678], [78.73534725587884, 10.768463343963063], [78.73525598370423, 10.768464444839461], [78.73525821044815, 10.768644941029812], [78.73516693821068, 10.768646041897226], [78.7351702783086, 10.76891678620072], [78.73507900598129, 10.768917887077116], [78.73508011934426, 10.769008135190258], [78.7348975746088, 10.769010336871188], [78.73489868792686, 10.769100585002295], [78.73480741551869, 10.769101685815812], [78.73480518895443, 10.768921189535629]]]}, "id": "+10864+715", "properties": {"count": 31, "water": 1}}, {"type": "Feature", "geometry": {"geodesic": false, "type": "Polygon", "coordinates": [[[78.74265555893702, 10.724508318790637], [78.74265444803542, 10.724418071216483], [78.7429282225001, 10.724414775324655], [78.74292711153562, 10.724324527777453], [78.7430183696426, 10.724323429101927], [78.74301725866016, 10.724233181554725], [78.7431085167312, 10.724232082870216], [78.74310629473936, 10.724051587793776], [78.74319755274753, 10.724050489100286], [78.74319644173814, 10.723960241571048], [78.74328769971038, 10.723959142850607], [78.74328547767362, 10.723778647819083], [78.74337673558297, 10.72377754908966], [78.74337451352825, 10.723597054067119], [78.74346577136573, 10.723595955337695], [78.7434646603294, 10.723505707835406], [78.74373843371609, 10.72350241152137], [78.7437417671036, 10.723773153938401], [78.74365050923916, 10.72377425276664], [78.74365606495088, 10.724225490170278], [78.74356480693373, 10.724226589025466], [78.74356591807788, 10.724316836509788], [78.74365717612197, 10.7243157376546], [78.74365828730205, 10.724405985129938], [78.74374954535513, 10.724404886238817], [78.74375065657114, 10.724495133705172], [78.7436593984911, 10.724496232605276], [78.74366939965975, 10.725308459883317], [78.74357814132819, 10.725309558846304], [78.74358369774059, 10.72576079624096], [78.7434924392653, 10.725761895221911], [78.74349466184104, 10.725942390199537], [78.74340340330288, 10.725943489171506], [78.74340784847233, 10.726304479153706], [78.74331658981737, 10.726305578134658], [78.74332214637352, 10.726756815646096], [78.74323088756584, 10.726757914645015], [78.74323199888066, 10.726848162156285], [78.74314074003706, 10.72684926114622], [78.74314185133392, 10.726939508666474], [78.74295933356586, 10.726941706583464], [78.74296044481781, 10.727031954121683], [78.74277792695993, 10.72703415194884], [78.74277903816694, 10.727124399505026], [78.74250526122292, 10.727127696079574], [78.74250415009675, 10.72703744849644], [78.74259540905713, 10.727036349677183], [78.74259318677782, 10.726855854528878], [78.7424106689469, 10.72685805211349], [78.74241178002816, 10.72694829970561], [78.7422292620984, 10.726950497191407], [78.74223037313476, 10.727040744810475], [78.74213911412946, 10.727041843521933], [78.74213689211965, 10.726861348283796], [78.7419543741899, 10.72686354558993], [78.74195548513642, 10.726953793235948], [78.74177296711684, 10.726955990461233], [78.74177407801844, 10.727046238116236], [78.74168281895923, 10.72704733670193], [78.7416817080846, 10.726957089037944], [78.74159044905235, 10.726958187578722], [78.74158933820465, 10.726867939905755], [78.74168059721893, 10.726866841364977], [78.74167837551455, 10.726686346028025], [78.74186089339938, 10.726684148910538], [78.74185978250676, 10.726593901255537], [78.74204230030178, 10.7265917040572], [78.74204452219479, 10.726772199322285], [78.74213578112823, 10.726771100655744], [78.74213467015477, 10.726680853036676], [78.74222592904329, 10.72667975436115], [78.74222259608696, 10.726409011512928], [78.74240511368433, 10.72640681413493], [78.74240289164759, 10.726226318941707], [78.74231163291178, 10.726227417626216], [78.74230830000936, 10.72595667479596], [78.74221704134543, 10.72595777342657], [78.74221593042586, 10.725867525807502], [78.74203341310697, 10.725869722969906], [78.74203563484728, 10.726050218243975], [78.74185311737567, 10.726052415334513], [78.74185533904412, 10.726232910644516], [78.74176408024543, 10.726234009167326], [78.74176296943367, 10.726143761503343], [78.74148919304659, 10.726147056892115], [78.7414869716117, 10.725966561501265], [78.74139571284896, 10.725967659889328], [78.74139127020378, 10.725606669071695], [78.74148252885873, 10.725605570719564], [78.74148141819069, 10.725515323019646], [78.74175519401183, 10.725512027837487], [78.74175408328091, 10.72542178016452], [78.74166282470681, 10.725422878579534], [78.74165949264881, 10.725152135542665], [78.74175075113308, 10.725151037154601], [78.74174852975209, 10.724970541808666], [78.74183978818247, 10.724969443420603], [78.7418364561065, 10.72469870042865], [78.74201897276063, 10.724696503616588], [78.74201786203871, 10.72460625597057], [78.74210912032535, 10.72460515753759], [78.74210800957647, 10.724514909900556], [78.74219926782717, 10.72451381144961], [78.74220037860302, 10.724604059077661], [78.7422916368627, 10.724602960590783], [78.74229052606891, 10.724512712971714], [78.74265555893702, 10.724508318790637]], [[78.74265555893702, 10.724508318790637], [78.74274681712484, 10.724507220186977], [78.74274792805339, 10.724597467752146], [78.74283918626817, 10.72459636910357], [78.74284029723265, 10.724686616668741], [78.74293155545641, 10.724685517984232], [78.7429337774752, 10.724866013087622], [78.74266000261527, 10.724869309114197], [78.74265555893702, 10.724508318790637]]]}, "id": "+10964+1209", "properties": {"count": 551, "water": 1}}, {"type": "Feature", "geometry": {"geodesic": false, "type": "MultiPolygon", "coordinates": [[[[78.74230405120264, 10.7181942802158], [78.74239530753995, 10.718193182348758], [78.74239419739294, 10.71810293470274], [78.74248545368532, 10.718101836817732], [78.74248434352035, 10.718011589180698], [78.74257559978578, 10.718010491277724], [78.74257337942888, 10.71782999602162], [78.74248212321733, 10.717831093906629], [78.7424810130883, 10.717740846269594], [78.74257226926389, 10.71773974839357], [78.74257115911688, 10.717649500765518], [78.74266241525656, 10.717648402871527], [78.74266130509157, 10.717558155252458], [78.74293507338483, 10.717554861444722], [78.74293396314799, 10.717464613852602], [78.74302521919782, 10.717463515868781], [78.74302632946161, 10.717553763451916], [78.74311758552942, 10.717552665441145], [78.74311647523868, 10.717462417866992], [78.74320773127056, 10.71746131982927], [78.74320217980787, 10.71701008199444], [78.743293435696, 10.717008983983668], [78.74329232540526, 10.716918736427482], [78.74338358125748, 10.716917638398744], [78.74338136065802, 10.716737143295354], [78.74347261644735, 10.716736045257633], [78.74347150612967, 10.716645797719414], [78.74356276188306, 10.716644699663725], [78.74356165154741, 10.716554452125505], [78.74374416296436, 10.71655225596023], [78.74374527335392, 10.716642503471503], [78.74383652907139, 10.716641405334967], [78.7438376394879, 10.716731652846237], [78.7439288952323, 10.716730554673768], [78.74392667434539, 10.716550059678177], [78.74401793001793, 10.716548961505708], [78.74401904047936, 10.71663920899003], [78.7442015518514, 10.716637012537294], [78.7442026623847, 10.71672726000365], [78.74456768511081, 10.71672286672987], [78.74456879576088, 10.716813114160292], [78.74484256278751, 10.716809818906269], [78.74484367351843, 10.716900066300758], [78.7450261848725, 10.716897869309033], [78.74502840648705, 10.717078364071064], [78.74484589502518, 10.71708056109872], [78.7448447842673, 10.716990313695247], [78.74429724980084, 10.716996904086514], [78.744298360397, 10.717087151543886], [78.7442071045897, 10.717088249860085], [78.7442082151679, 10.71717849732644], [78.74411695933367, 10.717179595624673], [78.74411918046312, 10.717360090566366], [78.744027924557, 10.717361188855614], [78.74402903510826, 10.717451436330952], [78.74393777916622, 10.717452534602236], [78.7439388896995, 10.71754278209554], [78.74384763372153, 10.717543880348858], [78.74384874424584, 10.717634127851145], [78.74366623220006, 10.717636324294897], [78.74366734267944, 10.71772657181515], [78.74348483054384, 10.717728768178054], [78.74348594096932, 10.71781901570729], [78.74339468486558, 10.717820113861793], [78.74339579528208, 10.717910361408995], [78.74330453913343, 10.717911459536548], [78.74330564953198, 10.718001707092736], [78.74321439334739, 10.718002805211304], [78.74321550372795, 10.718093052767491], [78.74312424750744, 10.718094150868094], [78.74312535787004, 10.718184398433264], [78.74294284534815, 10.718186594571588], [78.74294395566585, 10.718276842163707], [78.74276144304514, 10.7182790382122], [78.7427625533269, 10.718369285822286], [78.74258004061636, 10.718371481780947], [78.74258115084423, 10.718461729408999], [78.74248989445303, 10.718462827356888], [78.74249211489078, 10.718643322621974], [78.74240085842771, 10.718644420569865], [78.74240196863761, 10.7187346682069], [78.7423107121386, 10.718735766136822], [78.74231182233054, 10.71882601378284], [78.7421293092517, 10.718828209570821], [78.7421304193987, 10.71891845724379], [78.74203916281886, 10.71891955511083], [78.7420402729479, 10.719009802783798], [78.74194901633213, 10.719010900632872], [78.74194457597764, 10.71864990987812], [78.74203583248563, 10.718648812073962], [78.7420347223925, 10.718558564392012], [78.74212597887355, 10.718557466560902], [78.74212486876246, 10.718467218896919], [78.74221612519858, 10.718466121047843], [78.74221501507851, 10.71837587338386], [78.74230627146972, 10.7183747755258], [78.74230405120264, 10.7181942802158]]], [[[78.74230405120264, 10.7181942802158], [78.74221279485636, 10.718195378064875], [78.74221168476325, 10.71810513040089], [78.74230294108258, 10.718104032560799], [78.74230405120264, 10.7181942802158]]]]}, "id": "+10968+1286", "properties": {"count": 229, "water": 1}}, {"type": "Feature", "geometry": {"geodesic": false, "type": "Polygon", "coordinates": [[[78.61388478116172, 10.780015163638451], [78.61397606930836, 10.780014097347193], [78.61397930466272, 10.78028487847263], [78.61407059288123, 10.780283812127472], [78.61407274989793, 10.780464332850812], [78.61389017334412, 10.780466465541128], [78.61388478116172, 10.780015163638451]]]}, "id": "+9535+600", "properties": {"count": 7, "water": 1}}, {"type": "Feature", "geometry": {"geodesic": false, "type": "Polygon", "coordinates": [[[78.61793553119468, 10.775183374935798], [78.61802681747282, 10.775182307925888], [78.61802573832668, 10.775092047928034], [78.61811702456889, 10.775090980909141], [78.61811594540477, 10.77500072092027], [78.6180246591895, 10.775001787930181], [78.61802142184088, 10.774731007936623], [78.61866042457521, 10.774723538471985], [78.61866150387407, 10.774813798406955], [78.61875278997256, 10.77481273121738], [78.61875386929837, 10.77490299114337], [78.6190277276118, 10.774899789403966], [78.61902988647003, 10.775080309202043], [78.61893860032663, 10.775081376490432], [78.61893752091099, 10.77499111658241], [78.61884623478555, 10.77499218384385], [78.61885163178293, 10.775443483410907], [78.61866905922663, 10.775445617924802], [78.61867013859737, 10.775535877859774], [78.61848756595123, 10.775538012292822], [78.6184864866344, 10.775447752339884], [78.6182126276652, 10.775450953764876], [78.61821154843821, 10.77536069378499], [78.6183028347433, 10.775359626685248], [78.61830067625337, 10.775179106752423], [78.61820939000218, 10.7751801738342], [78.61821046922019, 10.775270433814086], [78.61793661032286, 10.775273634933653], [78.61793553119468, 10.775183374935798]], [[78.61848324872882, 10.775176972499038], [78.61857453495307, 10.77517590532743], [78.61857345563624, 10.77508564539246], [78.6187560280039, 10.775083510995344], [78.61875710736564, 10.775173770921333], [78.61866582115935, 10.775174838137856], [78.61866797986488, 10.775355357998816], [78.61857669359571, 10.775356425206356], [78.6185756142699, 10.775266165271384], [78.61848432801871, 10.775267232442992], [78.61848324872882, 10.775176972499038]]]}, "id": "+9587+658", "properties": {"count": 63, "water": 1}}, {"type": "Feature", "geometry": {"geodesic": false, "type": "Polygon", "coordinates": [[[78.61830823112085, 10.775810926512815], [78.61876466317635, 10.775805590358331], [78.61876574260995, 10.775895850275337], [78.61885702902285, 10.775894782959996], [78.61885810850139, 10.775985042868019], [78.61913196774906, 10.77598184071539], [78.61913304731742, 10.776072100596462], [78.61922433374828, 10.77607103315536], [78.61922649296585, 10.776251552890555], [78.61931777943263, 10.776250485404537], [78.61932533718371, 10.776882304410345], [78.61886890378972, 10.776887641912301], [78.61886782422135, 10.776797382013262], [78.61877653753896, 10.776798449418433], [78.61877221945417, 10.77643740976838], [78.6184983596765, 10.776440611732362], [78.61849728026085, 10.776350351797392], [78.61840599367727, 10.776351419049847], [78.61840059687752, 10.775900119285161], [78.6183093104197, 10.775901186474735], [78.61830823112085, 10.775810926512815]]]}, "id": "+9588+646", "properties": {"count": 84, "water": 1}}, {"type": "Feature", "geometry": {"geodesic": false, "type": "MultiPolygon", "coordinates": [[[[78.61425856215644, 10.780732981088303], [78.61425748356724, 10.780642720749091], [78.6143487718576, 10.780641654287152], [78.61434985048274, 10.78073191461738], [78.61425856215644, 10.780732981088303]]], [[[78.61870962444094, 10.771202333710745], [78.6186183394294, 10.771203400532011], [78.61861402383295, 10.770842360684329], [78.61852273892025, 10.770843427442712], [78.61852058122982, 10.770662907491921], [78.61861186608863, 10.770661840760487], [78.61860970838023, 10.770481320827663], [78.61870099317616, 10.770480254087248], [78.61870962444094, 10.771202333710745]]], [[[78.61891485556298, 10.77309565843311], [78.61882357000347, 10.77309672549692], [78.61882249083037, 10.77300646556195], [78.61891377636292, 10.773005398507122], [78.61891485556298, 10.77309565843311]]], [[[78.61425856215644, 10.780732981088303], [78.61426071937076, 10.78091350176673], [78.61435200775097, 10.780912435286824], [78.61435092910787, 10.780822174956594], [78.61462479410476, 10.780818975373148], [78.6146258728287, 10.780909235676427], [78.614717161164, 10.780908169079742], [78.61471608242208, 10.780817908785444], [78.61480737072144, 10.780816842179775], [78.61480629195259, 10.780726581894461], [78.61489758022499, 10.780725515270825], [78.61489973781661, 10.780906035823486], [78.61517360272367, 10.780902835728002], [78.61517468161829, 10.780993095977383], [78.61526596992664, 10.780992029218998], [78.61526489100505, 10.780901768978602], [78.6154474675409, 10.780899635398953], [78.61544638857441, 10.78080937517652], [78.61572025322994, 10.780806174631877], [78.61571917419158, 10.780715914436394], [78.61599303867644, 10.780712713676156], [78.61599411779564, 10.780802973844688], [78.61617669412486, 10.780800839842833], [78.61617777329796, 10.780891099993399], [78.61663421409408, 10.780885764494684], [78.61663529341989, 10.780976024600335], [78.6167265815755, 10.780974957410761], [78.61672334354417, 10.78070417712974], [78.61699720771462, 10.780700975489152], [78.61699612830795, 10.780610715419435], [78.61708741631985, 10.780609648157995], [78.61708525747957, 10.780429128045508], [78.61726783335963, 10.780426993477713], [78.61726675390805, 10.780336733434943], [78.61735804180317, 10.780335666119605], [78.61735696232465, 10.780245406094803], [78.61753953804302, 10.780243271401243], [78.6175373790141, 10.780062751369606], [78.61762866680142, 10.78006168400935], [78.61762542824906, 10.77979090397986], [78.61753414054259, 10.779791971322148], [78.61753198160349, 10.779611451281525], [78.61744069394194, 10.779612518569914], [78.61743637629732, 10.77925147845274], [78.61725380115388, 10.779253612885785], [78.61725272181909, 10.779163352834034], [78.61697885912187, 10.779166554259026], [78.61697777987692, 10.779076294180324], [78.61688649232316, 10.779077361253119], [78.61688433391407, 10.77889684107775], [78.61651918380684, 10.77890110904553], [78.61651810472357, 10.778810848921912], [78.6166093922414, 10.778809781983867], [78.6166072340569, 10.778629261745616], [78.61642465912904, 10.778631395567809], [78.61642358009968, 10.778541135426225], [78.61633229264473, 10.778542202292407], [78.61632797676081, 10.778181161699123], [78.61623668940469, 10.778182228502422], [78.61623561048312, 10.778091968342872], [78.61632689781229, 10.778090901557539], [78.61632581887275, 10.778000641406972], [78.61623453157951, 10.778001708183321], [78.6162334526759, 10.777911448023772], [78.61605087809839, 10.77791358148664], [78.61604979925767, 10.777823321309123], [78.61586722469814, 10.777825454646226], [78.61586506716041, 10.777644934246279], [78.61577377992107, 10.777646000860932], [78.61577162247318, 10.777465480443016], [78.61568033527875, 10.77746654700377], [78.61567925659972, 10.777376286790322], [78.61558796942326, 10.777377353315142], [78.61558689078016, 10.777287093092712], [78.61549560361269, 10.7772881595816], [78.61549452500552, 10.777197899350185], [78.61522066354799, 10.777201098637187], [78.61521850652231, 10.777020578102492], [78.61540108073152, 10.777018445304378], [78.61540000217825, 10.776928185054997], [78.61549128923794, 10.77692711862899], [78.61548913211344, 10.776746598148193], [78.61539784509867, 10.776747664556234], [78.61539676658134, 10.776657404306853], [78.61548805356018, 10.776656337907795], [78.61548589648959, 10.776475817426999], [78.61539460955566, 10.77647688380809], [78.6153935310653, 10.77638662355871], [78.61548481796328, 10.776385557177617], [78.61548266094658, 10.776205036687838], [78.61575652142494, 10.776201837463718], [78.61575544285371, 10.776111577241286], [78.61557286926435, 10.776113710075332], [78.61557071224766, 10.775933189594536], [78.6154794254934, 10.775934255957662], [78.61547834702998, 10.77584399570828], [78.61556963375727, 10.775842929363122], [78.61556424144013, 10.775391628161131], [78.6156555280237, 10.77539056183394], [78.6156533711148, 10.775210041371109], [78.61547079804647, 10.775212173962611], [78.6154675629077, 10.774941393205484], [78.61555884936551, 10.774940326950157], [78.61555777098293, 10.774850066700775], [78.61564905739583, 10.774849000427484], [78.61565013581435, 10.774939260667882], [78.61583270867607, 10.774937128022481], [78.61583055174921, 10.7747566075866], [78.61573926538122, 10.774757673904809], [78.61573818695372, 10.774667413673393], [78.6156469006037, 10.77466847995567], [78.61564582221214, 10.774578219715272], [78.6155545358801, 10.774579285961615], [78.61555130085812, 10.774308505222454], [78.61546001459793, 10.774309571414898], [78.61545893630517, 10.774219311156534], [78.6152763637938, 10.774221443433625], [78.61527528556392, 10.774131183157294], [78.6155491442277, 10.774127984723691], [78.61555022253842, 10.774218244973072], [78.61573279499589, 10.774216112525302], [78.61573063827565, 10.774035592062472], [78.61582192442803, 10.774034525816129], [78.61582300281061, 10.774124786038561], [78.61591428898096, 10.774123719765267], [78.61591105378831, 10.773852939115939], [78.6158197676988, 10.773854005371264], [78.61581868934317, 10.773763745148834], [78.61572740326264, 10.773764811359245], [78.61572201178092, 10.773313510184202], [78.61581329771771, 10.773312444009724], [78.61581545433914, 10.773492964472554], [78.6160893122663, 10.773489765742507], [78.61609039066684, 10.77358002593799], [78.61627296263026, 10.773577893301573], [78.61627080572136, 10.773397372937557], [78.61608823386575, 10.773399505538043], [78.61608715548317, 10.77330924534256], [78.61599586957333, 10.773310311588903], [78.61599371288003, 10.77312979117099], [78.6158111411412, 10.773131923555878], [78.6158100628664, 10.773041663324463], [78.61590134871336, 10.773040597149985], [78.61589919213685, 10.772860076714105], [78.61599047792092, 10.772859010530643], [78.61599155623163, 10.77294927074409], [78.61617412782674, 10.772947138287337], [78.61617304946212, 10.772856878091854], [78.6163556209674, 10.772854745545269], [78.61635454255786, 10.772764485367754], [78.61644582826109, 10.77276341906751], [78.61644474983359, 10.772673158898979], [78.61662732117716, 10.772671026226629], [78.6166305566483, 10.772941806678329], [78.61672184238746, 10.772940740279271], [78.61672292092277, 10.773031000411871], [78.61681420667989, 10.773029933976883], [78.61681528525112, 10.773120194109483], [78.6169065710262, 10.773119127629577], [78.61690549241905, 10.773028867514943], [78.61699677815821, 10.773027801026055], [78.61699785678334, 10.773118061131706], [78.617362999731, 10.773113794861741], [78.61736084227412, 10.772933274713322], [78.61726955659785, 10.772934341301024], [78.61726847790985, 10.772844081213341], [78.6170859066022, 10.772846214298916], [78.61708482796809, 10.772755954193265], [78.61671968534382, 10.772760219996105], [78.61671644984573, 10.772489439571354], [78.61680773543218, 10.772488373190264], [78.61680557842446, 10.77230785291608], [78.61689686395701, 10.772306786526006], [78.61689578543968, 10.772216526402389], [78.61698707092732, 10.77221545999435], [78.6169881494716, 10.772305720108983], [78.6170794349772, 10.77230465366501], [78.61708051355741, 10.772394913770661], [78.61726308460453, 10.772392780783902], [78.6172609273453, 10.772212260599549], [78.617352212797, 10.772211194083711], [78.61735329144908, 10.772301454171394], [78.61753586237943, 10.772299321031921], [78.61753478367345, 10.772209060971186], [78.61771735451396, 10.772206927750865], [78.61771843327384, 10.772297187793633], [78.6179922895391, 10.772293987734079], [78.6179879742301, 10.771932947670802], [78.6180792595291, 10.771931880966319], [78.61808033836982, 10.772022140973155], [78.61817162367778, 10.772021074232738], [78.61817054481011, 10.771930814234885], [78.61835311535418, 10.771928680700153], [78.61835095754698, 10.771748160731395], [78.61844224274715, 10.77174709393708], [78.6184433216777, 10.771837353907983], [78.61853460689584, 10.77183628708672], [78.61853244898981, 10.771655767153895], [78.61871501929134, 10.771653633457465], [78.61870962444094, 10.771202333710745], [78.61880090944348, 10.771201266862532], [78.61880306741239, 10.771381786750439], [78.61889435245985, 10.771380719857309], [78.61889651051858, 10.771561239718267], [78.61898779560197, 10.771560172780221], [78.61898995375952, 10.771740692623213], [78.61908123889681, 10.771739625640253], [78.61908231800703, 10.771829885557256], [78.6191736031623, 10.771828818538362], [78.61917684065465, 10.772099598235478], [78.61881169965632, 10.772103866248173], [78.61881277873061, 10.772194126183145], [78.61863020812366, 10.77219626004127], [78.61862912910327, 10.772106000088332], [78.61853784381327, 10.77210706697248], [78.61853568585335, 10.771926547048638], [78.61844440060825, 10.77192761388787], [78.61844547955678, 10.772017873858774], [78.61835419427575, 10.77201894068004], [78.61835635214585, 10.772199460639813], [78.61817378144008, 10.772201594237426], [78.61817809707247, 10.772562634219856], [78.61826938254214, 10.77256156739859], [78.6182726194416, 10.772832347356218], [78.61836390498313, 10.772831280481054], [78.61836498399454, 10.77292154046094], [78.61854755509556, 10.772919406611797], [78.61854863417884, 10.773009666564734], [78.61873120528884, 10.773007532589828], [78.618732284435, 10.77309779253378], [78.61864099885753, 10.773098859543692], [78.61864531541518, 10.773459899319509], [78.61873660110045, 10.773458832273665], [78.61873768029152, 10.773549092208636], [78.61882896599474, 10.77354802512686], [78.61882788677673, 10.773457765200872], [78.61891917244402, 10.773456698101128], [78.61891485556298, 10.77309565843311], [78.61900614111349, 10.773094591342351], [78.61900722034947, 10.773184851250372], [78.61937236256051, 10.773180582581906], [78.61937020389091, 10.77300006283773], [78.61946148936057, 10.772998995621204], [78.61945933067302, 10.772818475894994], [78.61955061608879, 10.772817408669486], [78.61954953672704, 10.772727148815363], [78.61964082210687, 10.772726081571891], [78.61964190148659, 10.772816341426013], [78.62000704300593, 10.772812072155675], [78.62000812250241, 10.772902331964882], [78.62019069326209, 10.772900197154543], [78.62019177283044, 10.772990456945783], [78.62046562896994, 10.77298725449671], [78.62046670862813, 10.773077514261002], [78.62055799400797, 10.773076446712102], [78.62056231284734, 10.77343748572435], [78.62065359833497, 10.77343641812155], [78.62065575785797, 10.773616937605217], [78.62056447231643, 10.773618005225982], [78.62056771160542, 10.77388878447394], [78.62038514033371, 10.773890919706488], [78.62038622005478, 10.773981179470779], [78.62047750572208, 10.773980111858997], [78.62047858548807, 10.774070371614304], [78.62056987117333, 10.774069303975573], [78.62057203078615, 10.774249823468223], [78.62066331651633, 10.774248755775591], [78.62066655607481, 10.774519534978632], [78.62075784187685, 10.774518467241085], [78.62075892177758, 10.77460872696046], [78.62066763594859, 10.774609794715975], [78.62066871584035, 10.774700054453316], [78.62076000169628, 10.77469898668882], [78.62076324148832, 10.774969765855928], [78.62067195554255, 10.774970833647375], [78.62067303547023, 10.775061093384716], [78.62021660549883, 10.775066431982617], [78.62021552571487, 10.774976172200361], [78.6193939514124, 10.774985779906903], [78.61939287187998, 10.77489552005278], [78.6193015858264, 10.774896587431002], [78.6192994268424, 10.774716067686823], [78.61920814083375, 10.774717135020127], [78.61920706138217, 10.774626875139056], [78.61911577539148, 10.774627942445411], [78.61911469597584, 10.774537682555357], [78.61902341000311, 10.774538749816795], [78.61902125126166, 10.774358230018718], [78.61892996532487, 10.774359297235243], [78.61892672736539, 10.774088517502195], [78.61901801321234, 10.77408745031262], [78.61901585456071, 10.77390693050556], [78.61874199715459, 10.773910131939537], [78.6187463141614, 10.774271171661454], [78.61856374228782, 10.77427330588789], [78.61856266307879, 10.774183045943936], [78.61838009122317, 10.774185180044606], [78.61838117037831, 10.77427544001551], [78.61828988440558, 10.774276507034404], [78.61829096355174, 10.774366767005308], [78.61792581946322, 10.77437103486529], [78.61792689851056, 10.774461294872127], [78.61783561243902, 10.77446236177424], [78.61783669145942, 10.774552621799042], [78.61747154697564, 10.774556889191901], [78.61747262589721, 10.774647149243652], [78.61738133972685, 10.774648216037969], [78.61738349755203, 10.774828736159439], [78.61774864240412, 10.77482446876658], [78.61774972144246, 10.774914728791384], [78.61784100765773, 10.77491366186232], [78.61784208673203, 10.77500392187814], [78.6177508004898, 10.775004988816185], [78.61775187954612, 10.775095248840987], [78.61756930697186, 10.775097382645214], [78.61757038598327, 10.775187642687984], [78.61766167230633, 10.77518657578587], [78.61766490947528, 10.775457355878244], [78.61775619586123, 10.775456288931215], [78.61775835408167, 10.775636808971836], [78.61784964051253, 10.775635741970907], [78.6178517988228, 10.775816261993564], [78.61803437177436, 10.77581412788391], [78.61803653022835, 10.77599464786165], [78.61812781674007, 10.77599358074394], [78.61813321318049, 10.776444880643373], [78.61822449981797, 10.776443813453799], [78.61822557916175, 10.776534073424703], [78.61831686581719, 10.776533006199196], [78.61831794520589, 10.776623266161115], [78.6184092318793, 10.776622198899677], [78.61840815247263, 10.776531938955722], [78.61849943911011, 10.776530871676316], [78.61850375690743, 10.776891911434166], [78.61859504364372, 10.776890844091879], [78.61859612314022, 10.776981104017866], [78.61868740989448, 10.776980036648629], [78.61868848943588, 10.777070296565634], [78.61877977619912, 10.777069229151481], [78.61878085577646, 10.777159489059501], [78.61887214256666, 10.777158421609416], [78.61887646106467, 10.77751946120557], [78.61896774795368, 10.777518393692601], [78.61896882762983, 10.777608653582657], [78.61887754071388, 10.777609721104607], [78.6188807797154, 10.77788050079274], [78.61878949270961, 10.77788156831469], [78.61879273172012, 10.77815234802079], [78.6187014446245, 10.77815341554274], [78.61870468364398, 10.778424195266805], [78.61861339644956, 10.778425262788755], [78.61861555579289, 10.778605782631749], [78.61852426853558, 10.778606850144715], [78.6185275075371, 10.778877629913696], [78.61843622018995, 10.778878697435648], [78.61843945919148, 10.779149477231577], [78.61834817176349, 10.779150544744544], [78.61835033108885, 10.77933106462347], [78.61825904358899, 10.779332132127454], [78.6182601232382, 10.779422392080392], [78.61816883571139, 10.77942345956641], [78.61816991534263, 10.77951371952833], [78.6180786277709, 10.779514786996382], [78.61808078701542, 10.779695306929206], [78.61798949938081, 10.779696374388276], [78.6179905789851, 10.779786634359178], [78.61789929131457, 10.779787701809266], [78.61790145050519, 10.779968221769039], [78.61781016277176, 10.779969289201158], [78.61781124235809, 10.780059549199011], [78.61771995458874, 10.780060616613165], [78.61772211372545, 10.78024113660887], [78.61763082589322, 10.780242204023024], [78.61763190544362, 10.78033246402986], [78.61754061757544, 10.780333531417064], [78.61754169711685, 10.780423791432883], [78.61745040920377, 10.780424858811102], [78.61745256825964, 10.780605378851725], [78.61736128029266, 10.780606446220963], [78.61736235980712, 10.780696706254748], [78.61727107179522, 10.780697773597035], [78.61727215129171, 10.780788033639805], [78.61718086324389, 10.78078910097311], [78.61718194272241, 10.780879361015879], [78.61709065464764, 10.780880428331217], [78.6170917341082, 10.780970688391951], [78.61690915785982, 10.780972822950764], [78.61691023727546, 10.781063083029466], [78.61672766093726, 10.781065217507429], [78.61672874030799, 10.781155477595114], [78.61645487565245, 10.781158679136887], [78.61645595495132, 10.78124893925152], [78.61609080182575, 10.781253207641509], [78.6160918810258, 10.781343467792075], [78.61554415089728, 10.781349869617982], [78.61554199282057, 10.781169349200068], [78.61545070448527, 10.781170416057265], [78.61544962550082, 10.781080155834834], [78.6153583371835, 10.781081222665081], [78.615359416141, 10.781171482887514], [78.61526812778774, 10.781172549690812], [78.61527028569377, 10.781353070171608], [78.61499642041841, 10.781356270482691], [78.61499749930404, 10.781446530741055], [78.61435847978021, 10.781453997259218], [78.61435740108321, 10.78136373692899], [78.61417482405331, 10.781365869960664], [78.6141737454192, 10.781275609612468], [78.61389987987432, 10.781278808935404], [78.61389448726074, 10.780827507050693], [78.61416835240135, 10.78082430787149], [78.61416727382114, 10.780734047523293], [78.61425856215644, 10.780732981088303]], [[78.61708482796809, 10.772755954193265], [78.61708374935195, 10.772665694087614], [78.61717503496534, 10.772664627580758], [78.61717611360844, 10.772754887677426], [78.61708482796809, 10.772755954193265]], [[78.61726308460453, 10.772392780783902], [78.61735437011014, 10.772391714250096], [78.61735544878017, 10.772481974328798], [78.61726416324763, 10.772483040871585], [78.61726308460453, 10.772392780783902]], [[78.61557718340553, 10.776474751009976], [78.6157597572105, 10.776472618113047], [78.61576083581765, 10.776562878326496], [78.61566954889273, 10.776563944797418], [78.6156706274909, 10.77665420501985], [78.61557934053003, 10.77665527148179], [78.61557718340553, 10.776474751009976]], [[78.6156576849775, 10.77557108229677], [78.61574897160601, 10.775570015924663], [78.61575005012334, 10.775660276147093], [78.61565876346789, 10.775661342528185], [78.6156576849775, 10.77557108229677]], [[78.61593262339828, 10.775658143304064], [78.61602391002678, 10.775657076842124], [78.61602498863394, 10.775747337037608], [78.61611627527141, 10.775746270539736], [78.6161173539235, 10.775836530717251], [78.61620864057893, 10.775835464183448], [78.61620971925797, 10.775925724360963], [78.61630100594036, 10.775924657791228], [78.61630208465532, 10.776014917950777], [78.61639337135567, 10.776013851345107], [78.61639445010657, 10.776104111504656], [78.61621187665195, 10.776106244707012], [78.61621079795495, 10.776015984529497], [78.61602822450932, 10.776018117606089], [78.61602606725009, 10.775837597224106], [78.6159347805677, 10.775838663704011], [78.61593262339828, 10.775658143304064]], [[78.61603038181347, 10.77619863798807], [78.6162129553669, 10.776196504875546], [78.61621403408186, 10.776286765053062], [78.61630532087206, 10.776285698438409], [78.61630639962294, 10.776375958606941], [78.61603253915357, 10.776379158370052], [78.61603038181347, 10.77619863798807]], [[78.61659860171414, 10.777907180783627], [78.61678117617487, 10.777905046997367], [78.61678441338874, 10.778175827305336], [78.61669312608652, 10.778176894243382], [78.61669204703018, 10.778086634128748], [78.61660075973694, 10.778087701021878], [78.61659860171414, 10.777907180783627]], [[78.61733969202467, 10.778801245473385], [78.61743097945266, 10.778800178292792], [78.61743205879644, 10.77889043832658], [78.6173407713415, 10.778891505516153], [78.61733969202467, 10.778801245473385]], [[78.6174672313612, 10.774195848966926], [78.61764980340547, 10.774193715396262], [78.61765196130251, 10.774374235472816], [78.61746938915046, 10.774376369079414], [78.6174672313612, 10.774195848966926]], [[78.61800092060625, 10.773016067842669], [78.61809220621964, 10.773015001030386], [78.61809112728011, 10.772924741032533], [78.61827369843503, 10.772922607345087], [78.61827477742847, 10.773012867324974], [78.61818349183305, 10.773013934191155], [78.61818564980196, 10.773194454177878], [78.61809436413466, 10.773195521035076], [78.61809328517715, 10.773105261037221], [78.61800199952782, 10.773106327858487], [78.61800092060625, 10.773016067842669]], [[78.61809760108802, 10.773466301037617], [78.61846274400872, 10.773462033330349], [78.61846382311894, 10.77355229329227], [78.61855510884912, 10.77355122629134], [78.61855618799528, 10.773641486244278], [78.61846490223814, 10.77364255325419], [78.61846598136633, 10.77373281321611], [78.61810083811325, 10.773737081031177], [78.61809760108802, 10.773466301037617]], [[78.6191028230595, 10.773544823719833], [78.61928539437613, 10.773542689313736], [78.61928755311759, 10.773723209066896], [78.61910498168419, 10.773725343508927], [78.6191028230595, 10.773544823719833]], [[78.61911037842106, 10.774176642986152], [78.61938423596193, 10.774173441147935], [78.61938531541351, 10.77426370101104], [78.61911145779177, 10.774266902876207], [78.61911037842106, 10.774176642986152]], [[78.6193885538401, 10.774534480600357], [78.61966241162352, 10.774531278411796], [78.6196645707872, 10.774711798084109], [78.61939071284208, 10.77471500032657], [78.6193885538401, 10.774534480600357]], [[78.61946472747276, 10.773269775219505], [78.61955601302328, 10.773268707949082], [78.61955709243892, 10.773358967803205], [78.61946580686146, 10.77336003508261], [78.61946472747276, 10.773269775219505]], [[78.61632042432778, 10.777549340645157], [78.61631718771578, 10.777278560184474], [78.6164997618531, 10.777276426694657], [78.6164986829495, 10.777186166553074], [78.61658996997325, 10.777185099776723], [78.61658889105168, 10.777094839644123], [78.6166801780395, 10.777093772849808], [78.61667909909995, 10.777003512735174], [78.61677038606084, 10.777002445913908], [78.61676930709434, 10.776912185808257], [78.61686059401927, 10.77691111897801], [78.61686383099959, 10.777181899276997], [78.61677254400279, 10.777182966134193], [78.61677470198967, 10.777363486354478], [78.61686598904036, 10.777362419479314], [78.61686814711707, 10.777542939681632], [78.61677686001246, 10.777544006574763], [78.61677793903286, 10.777634266680414], [78.61668665189232, 10.777635333555578], [78.6166855728899, 10.777545073440944], [78.61632042432778, 10.777549340645157]], [[78.61632258211702, 10.777729860955272], [78.61650515653284, 10.777727727366642], [78.6165073144658, 10.777908247631842], [78.6164160272085, 10.777909314453106], [78.61641494826895, 10.777819054311523], [78.61632366102961, 10.777820121105838], [78.61632258211702, 10.777729860955272]], [[78.61632258211702, 10.777729860955272], [78.61623129489564, 10.777730927704672], [78.61622913716029, 10.777550407385574], [78.61632042432778, 10.777549340645157], [78.61632258211702, 10.777729860955272]]]]}, "id": "+9588+705", "properties": {"count": 2687, "water": 1}}, {"type": "Feature", "geometry": {"geodesic": false, "type": "Polygon", "coordinates": [[[78.61921461774084, 10.775258694288594], [78.61948847622494, 10.775255492046135], [78.61948955582925, 10.775345751891274], [78.61985470044776, 10.775341481812452], [78.61985578016883, 10.77543174162166], [78.61994706633021, 10.775430674027843], [78.61994814607823, 10.775520933828068], [78.6197655737016, 10.7755230690157], [78.6197666534047, 10.77561332883389], [78.61967536717147, 10.775614396391774], [78.61967968600186, 10.775975435700465], [78.61949711328386, 10.775977570816233], [78.61949603362567, 10.775887310971093], [78.61940474727565, 10.775888378475077], [78.6194036676534, 10.775798118620955], [78.61931238132135, 10.775799186097991], [78.61930914257135, 10.77552840649969], [78.61921785632016, 10.775529473913844], [78.61921461774084, 10.775258694288594]]]}, "id": "+9596+652", "properties": {"count": 36, "water": 1}}, {"type": "Feature", "geometry": {"geodesic": false, "type": "Polygon", "coordinates": [[[78.61977097234289, 10.775974368106649], [78.61986225866595, 10.7759733004769], [78.61986009913397, 10.77579278086747], [78.61995138539416, 10.775791713228738], [78.6199524651871, 10.775881973028962], [78.62004375147423, 10.77588090536328], [78.62004591114095, 10.776061424936778], [78.620137197473, 10.77606035722618], [78.62013827734678, 10.776150617008438], [78.6202295636968, 10.776149549252924], [78.62023388339856, 10.776510588328055], [78.62014259694075, 10.776511656110518], [78.62014151703103, 10.776421396337243], [78.62005023059119, 10.776422464083774], [78.62004915071739, 10.776332204301516], [78.61986657786466, 10.776334339704745], [78.61986549805376, 10.776244079895537], [78.61977421164086, 10.776245147552237], [78.61977097234289, 10.775974368106649]]]}, "id": "+9601+646", "properties": {"count": 22, "water": 1}}, {"type": "Feature", "geometry": {"geodesic": false, "type": "Polygon", "coordinates": [[[78.61978393005577, 10.777057485853064], [78.61987521671121, 10.777056418115517], [78.61987413681946, 10.776966158315293], [78.61996542343897, 10.776965090568764], [78.61996434352925, 10.776874830777523], [78.6198730569367, 10.776875898515069], [78.6198719770719, 10.776785638714847], [78.62014583674177, 10.776782435439324], [78.62014799665104, 10.776962954985873], [78.62023928324359, 10.776961887158494], [78.62024036324316, 10.777052146913801], [78.62005778999514, 10.777054282568558], [78.6200599499134, 10.777234802133073], [78.62024252326022, 10.777232666442384], [78.62024576337565, 10.777503445726273], [78.62033705011194, 10.777502377809064], [78.62033813020132, 10.777592637564371], [78.62042941695557, 10.77759156961123], [78.62043049708089, 10.777681829357554], [78.6205217838531, 10.77768076136848], [78.62052286401436, 10.777771021096838], [78.62061415080456, 10.777769953080814], [78.62061523100174, 10.777860212800189], [78.62079780461804, 10.777858076660342], [78.6207988848781, 10.777948336361751], [78.62089017169524, 10.777947268237929], [78.62089125199124, 10.778037527930355], [78.62098253882634, 10.778036459779583], [78.62098686020795, 10.77839749850437], [78.62107814714187, 10.778396430281733], [78.62107922753667, 10.778486689956193], [78.6214443752993, 10.778482416778184], [78.62144329479669, 10.778392157139658], [78.62171715543676, 10.778388952004622], [78.6217236390902, 10.778930509638155], [78.62163235205747, 10.778931578094353], [78.62163343266788, 10.779021837705931], [78.62135957143492, 10.779025042957747], [78.62135849089638, 10.778934783319219], [78.62126720382771, 10.778935851676604], [78.6212661233341, 10.77884559202011], [78.6211748362744, 10.778846660341562], [78.62117375581671, 10.778756400685069], [78.621082468775, 10.778757468961604], [78.62108138835325, 10.77866720929613], [78.62089881430575, 10.778669345759369], [78.62089773394686, 10.778579086075926], [78.62071515991732, 10.778581222413402], [78.62071407962134, 10.778490962711993], [78.62062279261555, 10.778492030826833], [78.62061955186232, 10.77822125167769], [78.62052826493738, 10.778222319747613], [78.62052718473122, 10.778132060019255], [78.62043589781526, 10.778133128044262], [78.62043373749276, 10.77795260856958], [78.62015987685271, 10.777955812446972], [78.62015771672785, 10.77777529291839], [78.62006642988375, 10.777776360799667], [78.6200642698577, 10.777595841244135], [78.61997298305853, 10.77759690908948], [78.61997082312232, 10.777416389515983], [78.61987953635906, 10.777417457316412], [78.61987737652167, 10.777236937715964], [78.61978608980334, 10.777238005471476], [78.61978393005577, 10.777057485853064]]]}, "id": "+9603+635", "properties": {"count": 124, "water": 1}}, {"type": "Feature", "geometry": {"geodesic": false, "type": "Polygon", "coordinates": [[[78.62031329073268, 10.775516663147375], [78.62049586299254, 10.775514527636348], [78.62049694292023, 10.775604787382674], [78.62067951520703, 10.775602651754866], [78.6206805951976, 10.775692911483224], [78.62077188134998, 10.775691843619914], [78.62077080133247, 10.775601583900539], [78.62086208744891, 10.775600516019262], [78.62086640768068, 10.775961554851847], [78.62095769389595, 10.775960486907687], [78.62095661379759, 10.775870227206278], [78.62104789997692, 10.775869159244154], [78.62104465965487, 10.77559838017586], [78.62122723182489, 10.775596244224658], [78.62122831197716, 10.775686503899118], [78.62141088415616, 10.775684367822153], [78.62141196437132, 10.775774627478647], [78.62159453657726, 10.775772491275918], [78.6215956168553, 10.77586275090546], [78.62186947515974, 10.775859546372297], [78.6218705555276, 10.775949805983876], [78.62196184164405, 10.775948737743272], [78.62196508289136, 10.77621951653309], [78.62205636907069, 10.776218448238586], [78.62205853001302, 10.776398967407843], [78.62187595752859, 10.77640110400583], [78.62187703795036, 10.776491363608423], [78.6217857516722, 10.776492431875976], [78.62178683208498, 10.776582691487555], [78.62160425942986, 10.776584827959777], [78.62160317907997, 10.776494568330234], [78.62105546106073, 10.776500977055202], [78.62105654125791, 10.776591236738644], [78.62096525486298, 10.776592304772635], [78.62096633503322, 10.77668256446506], [78.62069247571367, 10.776685768441268], [78.62069139561531, 10.776595508721893], [78.62060010918445, 10.776596576648087], [78.62059470898906, 10.776145277988327], [78.62050342267499, 10.776146345851638], [78.6205012627208, 10.77596582635899], [78.62040997645163, 10.775966894177385], [78.62040889651496, 10.775876634422076], [78.62031761027275, 10.775877702195556], [78.62031329073268, 10.775516663147375]]]}, "id": "+9607+649", "properties": {"count": 149, "water": 1}}, {"type": "Feature", "geometry": {"geodesic": false, "type": "MultiPolygon", "coordinates": [[[[78.61928496689484, 10.76586953084065], [78.61937625023549, 10.765868464351762], [78.61937517163732, 10.765778204434756], [78.6195577382288, 10.765776071394097], [78.61955665959469, 10.765685811495059], [78.61964794284552, 10.765684744943288], [78.61964686419344, 10.765594485053233], [78.61982943061425, 10.76559235188681], [78.61982727322925, 10.765411832142632], [78.61973599007723, 10.765412898721353], [78.61973706873829, 10.765503158602424], [78.61955450234443, 10.765505291696982], [78.61955342373727, 10.765415031797945], [78.61964470690725, 10.765413965273122], [78.61964362828212, 10.765323705383068], [78.61973491141617, 10.76532263884028], [78.61973275413897, 10.765142119078137], [78.6198240372191, 10.765141052517382], [78.61982511588018, 10.765231312398454], [78.62000768204945, 10.765229179187116], [78.62000552462851, 10.76504865947887], [78.61973167551383, 10.76505185918808], [78.6197305968977, 10.764961599307009], [78.61963931387145, 10.764962665813863], [78.61963823529123, 10.764872405923809], [78.61954695228295, 10.764873472394731], [78.61954479521235, 10.764692952587671], [78.61972736111214, 10.76469081965481], [78.61972628254091, 10.764600559764755], [78.62000013124236, 10.764597360190292], [78.61999905259029, 10.76450710033617], [78.62009033544585, 10.764506033766432], [78.6200892567848, 10.76441577391231], [78.62018053959544, 10.764414707324606], [78.62017946091642, 10.764324447479467], [78.62027074370012, 10.76432338088278], [78.62026858630614, 10.764142861210468], [78.62017730357633, 10.764143927798171], [78.62017838223738, 10.76423418764331], [78.62008709948064, 10.764235254213048], [78.62008817812374, 10.764325514058187], [78.61999689532206, 10.764326580609957], [78.61999581670591, 10.764236320746852], [78.61990453392221, 10.764237387262689], [78.6199056125114, 10.764327647134778], [78.61981432969178, 10.76432871363265], [78.61981540827199, 10.764418973513722], [78.61954155966934, 10.764422172872589], [78.61954048117897, 10.764331912964568], [78.61963176402556, 10.764330846547544], [78.61962960700886, 10.764150326749467], [78.61981217256728, 10.764148193870506], [78.619811094023, 10.764057933989434], [78.6199936594916, 10.764055801029624], [78.61999258090239, 10.763965541157534], [78.62008386359626, 10.76396447465068], [78.62008494221242, 10.764054734504802], [78.62017622492425, 10.764053667953032], [78.62017514628116, 10.763963408107893], [78.62044899427293, 10.763960208326816], [78.62044575814603, 10.763689428872247], [78.62053704071414, 10.763688362248612], [78.6205338045962, 10.763417582812007], [78.6206250870655, 10.763416516197355], [78.62062400835053, 10.763326256388147], [78.62071529079289, 10.763325189755529], [78.62071421205995, 10.763234929955305], [78.62080549445739, 10.76323386330472], [78.62080657321727, 10.763324123086978], [78.62098913803906, 10.763321989678008], [78.62098805923428, 10.763231729913718], [78.62117062396625, 10.763229596414918], [78.62117170282494, 10.763319856161242], [78.6212629852044, 10.763318789366927], [78.621264064108, 10.763409049104268], [78.62135534650542, 10.763407982274021], [78.62135642544497, 10.76349824200238], [78.6212651430206, 10.763499308850594], [78.62126622194216, 10.763589568587935], [78.62117493948185, 10.7635906354092], [78.62117709730703, 10.76377115490185], [78.62135966231747, 10.763769021187455], [78.62136074130194, 10.763859280915813], [78.62145202382513, 10.7638582140137], [78.62145094481372, 10.763767954294325], [78.62163350977926, 10.763765820418232], [78.62163674698415, 10.764036599513476], [78.6217280295253, 10.764035532512548], [78.62172587133182, 10.763855013127696], [78.6218171538101, 10.763853946117784], [78.62182254952288, 10.76430524451703], [78.62209639731704, 10.764302043181871], [78.62209315962706, 10.764031264221375], [78.62236700708883, 10.7640280627335], [78.62236808639668, 10.76411832235406], [78.62245936889292, 10.764117255128554], [78.6224604482367, 10.76420751474013], [78.62264301325614, 10.764205380190301], [78.62264193385846, 10.764115120587707], [78.62273321632775, 10.764114053281352], [78.62273213692109, 10.764023793696724], [78.62282341934547, 10.764022726372403], [78.62282449878806, 10.764112985948048], [78.6230983461061, 10.764109783786436], [78.62309618707718, 10.763929264680062], [78.62318746944766, 10.763928197256925], [78.62318638991523, 10.76383793770823], [78.62355151918155, 10.763833667791106], [78.62355475812019, 10.764104446302445], [78.62346347573174, 10.764105513851346], [78.62346455537197, 10.76419577337309], [78.62355583778736, 10.764194705815207], [78.62355691745454, 10.764284965318987], [78.6237394823033, 10.764282830104404], [78.62373624314905, 10.764012051637982], [78.62382752547462, 10.764010984017217], [78.62382644574456, 10.763920724540386], [78.62373516344594, 10.76392179215217], [78.62373408375183, 10.763831532666355], [78.62364280147118, 10.763832600242205], [78.62364172182197, 10.763742340738427], [78.62373300407567, 10.76374127317156], [78.62372976508313, 10.763470494705135], [78.62382104725599, 10.763469427138268], [78.62382320661727, 10.763649946100912], [78.62391448882606, 10.76364887848913], [78.62392528651289, 10.764551473176583], [78.62401656898219, 10.76455040544802], [78.62401872869383, 10.764730924365747], [78.62411001120803, 10.764729856592268], [78.62411325091922, 10.765000634923943], [78.62420453350529, 10.764999567096567], [78.62421101334988, 10.765541123697036], [78.62430229608867, 10.765540055788808], [78.62431525714328, 10.766623168801102], [78.6242239740811, 10.76662423682611], [78.62423477574748, 10.767526831028471], [78.62432605907915, 10.767525762913634], [78.62433146040641, 10.767977059947441], [78.62442274386385, 10.767975991769719], [78.62442706520952, 10.768337029344663], [78.62451834876578, 10.768335961095078], [78.62452158995919, 10.76860673924709], [78.62461287358731, 10.768605670943604], [78.62461611494241, 10.768876449059684], [78.6247073986424, 10.768875380711282], [78.62470955964761, 10.76905589943138], [78.6248008434015, 10.76905483102908], [78.62480192394004, 10.769145090380148], [78.62498449145679, 10.769142953485716], [78.62498557206719, 10.769233212818817], [78.62507685583904, 10.769232144317701], [78.62507793648538, 10.769322403641818], [78.62471280123629, 10.769326677511529], [78.62471064016819, 10.76914615879143], [78.62461935638736, 10.769147227175765], [78.62461719541807, 10.7689667084377], [78.62434334417439, 10.768969913366123], [78.62434118340273, 10.768789394574158], [78.62424989968478, 10.768790462805779], [78.62424881934388, 10.768700203400813], [78.62415753564389, 10.768701271605485], [78.62415645533892, 10.768611012182554], [78.62406517166588, 10.768612080351291], [78.6240619308767, 10.768341302064531], [78.62397064727554, 10.76834237017937], [78.62396848685422, 10.768161851297576], [78.623877203289, 10.768162919367498], [78.62387612312774, 10.768072659917618], [78.62351098888476, 10.7680769318829], [78.6235099088403, 10.767986672397088], [78.62341862528405, 10.767987740314297], [78.62341754526653, 10.767897480819501], [78.62332626172824, 10.767898548700778], [78.62332518175563, 10.767808289188016], [78.62323389823531, 10.767809357033359], [78.62323281828967, 10.767719097520597], [78.62277640067907, 10.767724436289178], [78.62277856030089, 10.767904955413519], [78.62268727669073, 10.76790602310615], [78.62268943629458, 10.768086542248456], [78.62259815263052, 10.768087609932104], [78.62259707284656, 10.76799735035646], [78.62223193819035, 10.768001620785624], [78.62223301785754, 10.7680918803972], [78.62214173413957, 10.768092947955084], [78.62214065449936, 10.768002688325542], [78.62204937079937, 10.768003755838508], [78.62205045041264, 10.768094015477036], [78.62195916667673, 10.768095082972037], [78.6219580870904, 10.768004823324528], [78.62159295215572, 10.76800909300809], [78.62159187268618, 10.76791883333363], [78.62131802146045, 10.76792203528863], [78.62131694208074, 10.767831775578237], [78.62095180710115, 10.767836044435349], [78.6209507278382, 10.767745784689025], [78.62085944409331, 10.767746851833683], [78.6208572856483, 10.767566332323067], [78.62067471823934, 10.76756846648662], [78.62067363908422, 10.767478206704363], [78.62021722053937, 10.767483541592222], [78.62021614152796, 10.767393281774032], [78.62003357409206, 10.76739541552436], [78.620031416213, 10.767214895843065], [78.61994013253995, 10.76721596266433], [78.61993905363634, 10.767125702810208], [78.61984776998128, 10.76712676959554], [78.61984669111361, 10.767036509732435], [78.6197554074765, 10.767037576472852], [78.61974893466572, 10.7664960172493], [78.61965765117236, 10.766497083908869], [78.61965657243044, 10.766406824027797], [78.61956528896403, 10.766407890651433], [78.61956421025805, 10.766317630761378], [78.61938164334316, 10.766319763918817], [78.61938056470008, 10.766229504001814], [78.61928928125161, 10.766230570535617], [78.61928496689484, 10.76586953084065]], [[78.6201000438715, 10.765318372390652], [78.62028261004077, 10.765316239008634], [78.62028368885456, 10.765406498835807], [78.62010112263138, 10.765408632235792], [78.6201000438715, 10.765318372390652]], [[78.62090109204702, 10.763593835729266], [78.62099237453428, 10.763592768979866], [78.62099345338399, 10.763683028744156], [78.62090217086978, 10.763684095502539], [78.62090109204702, 10.763593835729266]]], [[[78.61928496689484, 10.76586953084065], [78.61919368354519, 10.765870597311572], [78.6191926050099, 10.7657803373766], [78.61928388832361, 10.765779270923645], [78.61928496689484, 10.76586953084065]]]]}, "id": "+9616+785", "properties": {"count": 2202, "water": 1}}, {"type": "Feature", "geometry": {"geodesic": false, "type": "Polygon", "coordinates": [[[78.62264731845909, 10.77982241863174], [78.62301246720088, 10.77981814308218], [78.62301354831433, 10.779908402550026], [78.62319612267625, 10.779906264595583], [78.62319720386158, 10.779996524045464], [78.623288491056, 10.779995455014344], [78.62329173473775, 10.780266233337036], [78.62338302200405, 10.780265164252016], [78.62338518456335, 10.780445683106862], [78.62329389724314, 10.780446752209848], [78.62329281598596, 10.78035649276895], [78.62301895404333, 10.780359699880279], [78.62301787287598, 10.780269440421415], [78.62283529826254, 10.780271578339926], [78.62283313606257, 10.7800910593683], [78.62274184879627, 10.780092128273656], [78.6227407677367, 10.780001868778859], [78.62264948048838, 10.780002937639301], [78.62264731845909, 10.77982241863174]]]}, "id": "+9634+601", "properties": {"count": 31, "water": 1}}, {"type": "Feature", "geometry": {"geodesic": false, "type": "Polygon", "coordinates": [[[78.62272671489664, 10.778828495283623], [78.62281800178565, 10.778827426513015], [78.62281692084287, 10.778737167018217], [78.62290820769594, 10.778736098229642], [78.6229071267262, 10.778645838743829], [78.62299841354334, 10.778644769937287], [78.62299733256464, 10.778554510451473], [78.6232711928813, 10.7785513038971], [78.62327227394086, 10.778641563346982], [78.62354613424854, 10.778638356514131], [78.62354721540693, 10.778728615937062], [78.62391236245988, 10.77872433975868], [78.62391344373503, 10.778814599136695], [78.62400473049829, 10.778813530015743], [78.62400581180937, 10.778903789393759], [78.62409709859956, 10.778902720236873], [78.62409926129361, 10.779083238965955], [78.62419054812871, 10.779082169764155], [78.62419162952065, 10.77917242911522], [78.62400905579653, 10.77917456750984], [78.62401229987354, 10.779445345625918], [78.62337329097679, 10.779452829364788], [78.62337220980044, 10.779362569932873], [78.62309834878309, 10.779365776819622], [78.62309726769656, 10.779275517360759], [78.622914693685, 10.779277655126556], [78.62291361266138, 10.779187395649725], [78.62282232567355, 10.779188464483216], [78.62282124468585, 10.779098204997403], [78.622729957716, 10.779099273794962], [78.62272671489664, 10.778828495283623]]]}, "id": "+9637+615", "properties": {"count": 110, "water": 1}}, {"type": "Feature", "geometry": {"geodesic": false, "type": "Polygon", "coordinates": [[[78.62645069923259, 10.784833084185681], [78.6265419875589, 10.78483201372624], [78.62654307024441, 10.784922272816793], [78.62663435858869, 10.784921202321419], [78.62663544131013, 10.785011461394006], [78.62672672966339, 10.7850103908627], [78.62672889518713, 10.785190908989911], [78.62682018359429, 10.785189838413688], [78.62682126639658, 10.78528009746831], [78.62691255481272, 10.785279026856154], [78.62691580336333, 10.78554980399307], [78.62700709186032, 10.785548733327015], [78.62700817475245, 10.785638992354688], [78.6270994632674, 10.7856379216527], [78.62710054619546, 10.785728180680373], [78.62719183472838, 10.785727109942453], [78.62719508366527, 10.785997886980555], [78.62728637226107, 10.785996816188737], [78.6272885383238, 10.786177334199166], [78.6273798269735, 10.786176263353449], [78.62738091004529, 10.786266522354172], [78.62747219870397, 10.786265451472522], [78.62747544806307, 10.786536228420792], [78.62729287056604, 10.786538370202058], [78.62729395364681, 10.78662862920278], [78.62702008725753, 10.786631841695018], [78.62701034058162, 10.785819510427999], [78.62691905200377, 10.785820581121003], [78.6269168862375, 10.78564006303871], [78.62682559770457, 10.785641133686797], [78.62682451486634, 10.785550874632175], [78.62673322635139, 10.78555194524433], [78.62673106075579, 10.78537142711712], [78.62663977228574, 10.78537249768436], [78.62663760677998, 10.785191979539183], [78.62654631835485, 10.785193050061508], [78.6265441529389, 10.785012531898365], [78.6264528645587, 10.785013602375773], [78.62645069923259, 10.784833084185681]]]}, "id": "+9672+545", "properties": {"count": 55, "water": 1}}, {"type": "Feature", "geometry": {"geodesic": false, "type": "Polygon", "coordinates": [[[78.62868980859452, 10.743101316766559], [78.62859853304225, 10.743102383767487], [78.62859745404882, 10.743012124649983], [78.62850617851451, 10.74301319161498], [78.62850402060849, 10.742832673353021], [78.6284127451191, 10.7428337402731], [78.62841166620652, 10.742743481128647], [78.62850294166896, 10.74274241421755], [78.62850186272941, 10.742652155091063], [78.62859313815592, 10.742651088162], [78.62859098026786, 10.742470569909026], [78.62849970489525, 10.742471636820122], [78.62849754710601, 10.742291118549183], [78.62840627177832, 10.742292185415362], [78.62840519291963, 10.74220192627091], [78.62849646822038, 10.742200859413712], [78.62849538934371, 10.742110600278242], [78.62858666459954, 10.74210953341206], [78.62858450682826, 10.741929015150102], [78.62867578202119, 10.741927948274938], [78.62867470312658, 10.741837689157435], [78.62876597828358, 10.741836622255322], [78.6287638204584, 10.741656104029296], [78.62885509555252, 10.741655037127183], [78.62885401663095, 10.741564778018661], [78.62894529168915, 10.741563711098582], [78.62894637064664, 10.741653970189137], [78.6290376457228, 10.741652903233124], [78.62904519883857, 10.742284716813108], [78.62895392357376, 10.742285783832003], [78.62896039788473, 10.742827338357364], [78.62905167331122, 10.742826271275586], [78.62905383154963, 10.743006789429746], [78.62914510702105, 10.743005722303055], [78.62914618618517, 10.74309598136666], [78.62923746167455, 10.743094914213017], [78.62924069928368, 10.743365691376884], [78.62933197484493, 10.74336462416036], [78.62933305409888, 10.743454883205999], [78.62924177851067, 10.743455950431505], [78.62924501624558, 10.743726727586388], [78.62933629191461, 10.743725660333931], [78.62933845050337, 10.743906178416227], [78.62942972621732, 10.743905111127837], [78.62943188489591, 10.744085629183182], [78.62934060912804, 10.74408669649852], [78.62934384714141, 10.744357473617471], [78.62907001954139, 10.744360675482637], [78.62906894027846, 10.744270416419033], [78.62897766441178, 10.744271483644539], [78.62897334755769, 10.743910447336221], [78.62888207178983, 10.743911514498846], [78.62887451783864, 10.743279700873947], [78.62878324225942, 10.74328076794674], [78.62878216318514, 10.743190508847203], [78.62869088762389, 10.743191575884063], [78.62868980859452, 10.743101316766559]], [[78.62868980859452, 10.743101316766559], [78.62868872956514, 10.743011057658038], [78.62887128057984, 10.7430089235933], [78.62887235965414, 10.743099182692838], [78.62868980859452, 10.743101316766559]]]}, "id": "+9704+1024", "properties": {"count": 142, "water": 1}}, {"type": "Feature", "geometry": {"geodesic": false, "type": "Polygon", "coordinates": [[[78.62985572821987, 10.77946712077044], [78.62994701457886, 10.779466049834891], [78.6299459314442, 10.779375791058746], [78.63021979038645, 10.779372578117352], [78.63022087360196, 10.779462836866546], [78.63031215992503, 10.7794617658232], [78.63031107667358, 10.779371507082988], [78.63049364923886, 10.779369364933412], [78.63049039939467, 10.779098588766676], [78.63003396832731, 10.779103943803747], [78.63003071897721, 10.778833167502265], [78.630213291273, 10.778831025622184], [78.63021220812035, 10.778740766872989], [78.63030349421884, 10.778739695901507], [78.63030241105722, 10.778649437152312], [78.63057626922692, 10.778646224112103], [78.63057518598444, 10.77855596539884], [78.6306664719931, 10.778554894337526], [78.6306643054902, 10.778374376919986], [78.63057301953545, 10.778375447963333], [78.63056652040403, 10.777833895647827], [78.63065780619708, 10.777832824658379], [78.6306567230175, 10.777742565945116], [78.63074800877462, 10.777741494946685], [78.63074475920891, 10.777470718833849], [78.6308360448762, 10.777469647826434], [78.6308338784901, 10.777289130435843], [78.6309251640945, 10.777288059419446], [78.6309164987207, 10.776565989893012], [78.63100778409154, 10.776564918930513], [78.63100670093891, 10.7764746602442], [78.63118927160875, 10.77647251825632], [78.63119143803978, 10.77665303558403], [78.63128272341064, 10.7766519645317], [78.63128705649729, 10.777012999151186], [78.63137834196695, 10.777011928035975], [78.63138050862257, 10.777192445318768], [78.63147179414614, 10.77719137415864], [78.63147504427778, 10.777462150055882], [78.63156632986423, 10.777461078841855], [78.63157174708269, 10.777912371950025], [78.63166303279489, 10.77791130065515], [78.63166953393853, 10.778452852305902], [78.63176081980346, 10.778451780939161], [78.63176732145016, 10.778993332509065], [78.6318586074678, 10.778992261061477], [78.63186836083617, 10.77980458829506], [78.63195964708737, 10.77980351673069], [78.63198132455807, 10.78160868799556], [78.6317074641336, 10.781611903155794], [78.63170638025332, 10.781521644568295], [78.631523806646, 10.781523787858733], [78.63152489047238, 10.781614046464197], [78.63088588234817, 10.781621547190205], [78.63088479870144, 10.78153128852186], [78.63061093801647, 10.781534502684963], [78.63060985446857, 10.781444243989668], [78.63051856757957, 10.781445315320475], [78.63051748406761, 10.781355056607213], [78.63042619719657, 10.781356127902088], [78.63042511372055, 10.781265869188827], [78.63033382686747, 10.781266940438785], [78.63033274342737, 10.78117668171654], [78.63024145659227, 10.781177752930567], [78.6302403731881, 10.781087494199339], [78.63014908637096, 10.781088565377432], [78.63014800301171, 10.78099830663722], [78.63005671621254, 10.780999377779382], [78.63005454955693, 10.78081886027201], [78.62996326280268, 10.78081993137824], [78.62996109624586, 10.780639413843916], [78.62986980953653, 10.780640484896248], [78.62986872630304, 10.780550226129087], [78.62996001298544, 10.780549155076756], [78.62995892973399, 10.780458896309595], [78.62986764307854, 10.780459967352941], [78.62986655986302, 10.780369708567815], [78.63004913311102, 10.780367566490105], [78.63004480012319, 10.780006531448409], [78.63022737311965, 10.780004389334765], [78.63022628984125, 10.77991413058557], [78.63004371689868, 10.779916272690231], [78.6300415504856, 10.779735755164893], [78.62995026405474, 10.77973682615434], [78.6299480977315, 10.779556308611035], [78.62985681134556, 10.779557379555566], [78.62985572821987, 10.77946712077044]], [[78.63106412142254, 10.781258369657575], [78.63115540820375, 10.78125729819202], [78.6311543245211, 10.781167039541641], [78.6312456112574, 10.781165968058119], [78.63124777868556, 10.781346485322947], [78.63106520508722, 10.781348628307956], [78.63106412142254, 10.781258369657575]]]}, "id": "+9724+637", "properties": {"count": 825, "water": 1}}, {"type": "Feature", "geometry": {"geodesic": false, "type": "Polygon", "coordinates": [[[78.63198566051035, 10.781969722219788], [78.63207694740834, 10.781968650412873], [78.63207586338433, 10.781878391861309], [78.63225843709047, 10.781876248184595], [78.63225952117736, 10.781966506709212], [78.63280724224188, 10.781960074969406], [78.63280832649944, 10.782050333440123], [78.63308218697782, 10.782047117174963], [78.6330832713252, 10.78213737561873], [78.6331745581693, 10.782136303470455], [78.63317781134623, 10.782407078765825], [78.63308652443028, 10.782408150950033], [78.63308760881361, 10.782498409384818], [78.63299632186173, 10.782499481542075], [78.63299523750534, 10.782409223098307], [78.63290395056244, 10.782410295219632], [78.63290503490086, 10.782500553681366], [78.63226602588732, 10.782508057856907], [78.63226385760575, 10.78232754081666], [78.6321725706269, 10.782328612713405], [78.63217148653104, 10.782238354179807], [78.63198891258236, 10.782240497883468], [78.63198566051035, 10.781969722219788]]]}, "id": "+9735+577", "properties": {"count": 65, "water": 1}}, {"type": "Feature", "geometry": {"geodesic": false, "type": "Polygon", "coordinates": [[[78.63151185087806, 10.757692286788298], [78.63160313050867, 10.757691217496667], [78.63160204911672, 10.757600958765439], [78.6318758878918, 10.757597750764777], [78.63187264352733, 10.757326974642957], [78.63178136403147, 10.757328043979506], [78.63177595709872, 10.756876750377263], [78.6322323538145, 10.756871403685539], [78.63223127232374, 10.75678114500821], [78.632322551613, 10.756780075599796], [78.6323236331307, 10.756870334268143], [78.63250619173617, 10.756868195352501], [78.63250727331675, 10.7569584539939], [78.63268983193119, 10.756956314952493], [78.63269091358364, 10.757046573584908], [78.63278219289985, 10.757045504014798], [78.63278327458823, 10.757135762629245], [78.6328745539224, 10.757134693023202], [78.63287563564673, 10.757224951628666], [78.633058194351, 10.757222812317767], [78.63305927612922, 10.757313070905266], [78.63315055549931, 10.757312001200408], [78.63315163731346, 10.757402259787906], [78.63324291670153, 10.757401190038133], [78.63324616230568, 10.757671965746729], [78.63333744175662, 10.757670895952039], [78.63334176947136, 10.75803193018525], [78.63325048990362, 10.758033000015873], [78.63325373571438, 10.758303775715484], [78.63316245605681, 10.758304845546105], [78.63316570186755, 10.758575621263684], [78.63307442212914, 10.758576691094305], [78.6330776679399, 10.758847466838832], [78.63298638811165, 10.758848536669454], [78.63298963393139, 10.759119312431949], [78.63289835400433, 10.75912038226257], [78.63289943594424, 10.75921064085905], [78.63280815598124, 10.759211710680688], [78.63281031982513, 10.759392227882634], [78.63271903979926, 10.75939329769529], [78.63272012170323, 10.759483556309737], [78.63262884164143, 10.759484626095443], [78.63262992353643, 10.759574884718873], [78.63253864343868, 10.759575954495595], [78.63253972530673, 10.759666213119026], [78.63244844517305, 10.759667282877782], [78.63245060889119, 10.759847800151594], [78.63235932869463, 10.759848869901365], [78.63236257427182, 10.76011964583454], [78.63218001368108, 10.760121785307136], [78.63218109550421, 10.760212043966499], [78.6320898151729, 10.760213113671357], [78.63209089696909, 10.760303372339703], [78.63199961660185, 10.760304442026595], [78.6320028619904, 10.760575218058582], [78.63163774009027, 10.760579496653433], [78.63163665838391, 10.76048923794017], [78.63154537791786, 10.76049030751028], [78.63154321460398, 10.76030979006579], [78.63163449501613, 10.760308720504662], [78.6316334133547, 10.7602184617914], [78.63172469373092, 10.760217392221291], [78.63172361205152, 10.760127133517011], [78.6318148923918, 10.760126063928935], [78.63181381068546, 10.760035805224657], [78.63190509099879, 10.760034735618614], [78.63190400927448, 10.7599444769323], [78.63181272899708, 10.75994554652936], [78.63181056563828, 10.759765029129786], [78.63190184586178, 10.759763959550693], [78.6319007641734, 10.759673700855396], [78.63208332453955, 10.75967156163433], [78.63208224280625, 10.759581302965982], [78.63226480308258, 10.759579163655083], [78.63226263953514, 10.759398646345339], [78.63217135945536, 10.759399715987314], [78.63217027771309, 10.759309457318968], [78.63207899765128, 10.759310526933994], [78.6320779159539, 10.759220268256664], [78.63198663591007, 10.759221337835758], [78.63198447258719, 10.759040820463131], [78.63189319258827, 10.75904188999731], [78.63189211097175, 10.758951631302013], [78.6318008309908, 10.758952700791275], [78.6317997494102, 10.758862442086995], [78.63170846943824, 10.758863511549308], [78.63170738790257, 10.758773252827062], [78.63161610794856, 10.758774322253442], [78.63161394494908, 10.758593804799968], [78.63152266503998, 10.758594874181432], [78.6315194206935, 10.75832409796978], [78.63161070051275, 10.758323028615266], [78.63160745616625, 10.758052252430563], [78.63151617642784, 10.758053321749145], [78.63151185087806, 10.757692286788298]], [[78.63178893414334, 10.757959854981323], [78.63188021382786, 10.757958785590876], [78.63188129534556, 10.758049044295156], [78.63179001562511, 10.758050113694585], [78.63178893414334, 10.757959854981323]], [[78.6318769693556, 10.75768800947804], [78.63196824895927, 10.75768694007861], [78.63196933046798, 10.757777198773905], [78.63206061008064, 10.757776129347526], [78.6320616916253, 10.75786638803384], [78.63187913232812, 10.757868526886597], [78.6318769693556, 10.75768800947804]], [[78.63197365659269, 10.758138233555089], [78.6321562160336, 10.758136094594532], [78.63215729764113, 10.758226353271862], [78.63233985709101, 10.75822421418554], [78.63233877542957, 10.758133955526178], [78.63243005511409, 10.758132885956067], [78.6324289734257, 10.758042627305688], [78.63252025307429, 10.758041557717611], [78.63251917137693, 10.757951299076215], [78.63261045098957, 10.757950229461189], [78.63260936926525, 10.757859970837758], [78.63251808968855, 10.757861040434818], [78.63251700800915, 10.75777078179342], [78.6324257284414, 10.757771851354548], [78.63242356516345, 10.757591334053787], [78.63269740366903, 10.757588125334474], [78.63269632196268, 10.757497866711043], [78.63287888086458, 10.757495727454042], [78.63288212617228, 10.757766503270435], [78.6329734056951, 10.757765433574562], [78.63297016030656, 10.757494657785118], [78.63315271914558, 10.757492518366421], [78.63315380098668, 10.757582776944936], [78.6330625215447, 10.757583846676743], [78.63306468519995, 10.757764363851738], [78.63315596469582, 10.757763294092982], [78.63316137414385, 10.758214586976573], [78.63307009451323, 10.758215656771263], [78.63307225830322, 10.758396173937275], [78.63298097860074, 10.75839724372298], [78.63298206048675, 10.758487502310478], [78.63289078074834, 10.7584885720872], [78.63289294449342, 10.758669089280163], [78.63252782524332, 10.758673368171458], [78.63252674347409, 10.758583109539044], [78.63234418384454, 10.758585248805028], [78.63234202044981, 10.758404731495284], [78.63215946089213, 10.758406870617538], [78.63215837925765, 10.75831661194919], [78.63206709949229, 10.758317681456418], [78.63206601790272, 10.758227422770107], [78.63197473814634, 10.758228492250385], [78.63197365659269, 10.758138233555089]], [[78.63205303952859, 10.757144318516387], [78.63223559834964, 10.757142179708545], [78.63223451683193, 10.757051921031215], [78.63232579620204, 10.757050851595853], [78.63232904088092, 10.757321627591908], [78.63223776142996, 10.75732269705422], [78.63223667988531, 10.75723243837689], [78.63214540045232, 10.757233507812254], [78.63214756348772, 10.757414025175896], [78.63205628399186, 10.757415094593291], [78.63205303952859, 10.757144318516387]], [[78.63226047601464, 10.759218129026612], [78.63235175603153, 10.759217059366671], [78.63235283781873, 10.75930731801705], [78.63226155777488, 10.759308387685977], [78.63226047601464, 10.759218129026612]], [[78.63260287917089, 10.757318419034293], [78.6326941585859, 10.757317349464182], [78.6326952402653, 10.757407608087613], [78.63260396083233, 10.757408677666707], [78.63260287917089, 10.757318419034293]]]}, "id": "+9739+855", "properties": {"count": 376, "water": 1}}, {"type": "Feature", "geometry": {"geodesic": false, "type": "Polygon", "coordinates": [[[78.63240626032325, 10.756147195548891], [78.63258881847057, 10.756145056723081], [78.63258665543516, 10.755964539431305], [78.63267793444594, 10.755963470004925], [78.63267577138359, 10.755782952731115], [78.63285832926141, 10.755780813815473], [78.6328572476988, 10.755690555201026], [78.6329485265928, 10.755689485711764], [78.63294960818236, 10.755779744317229], [78.6330408871033, 10.755778674801018], [78.63304305037228, 10.75595919199398], [78.63313432932915, 10.755958122432853], [78.63313649269693, 10.75613863960785], [78.63322777169873, 10.756137569992823], [78.63322993515635, 10.756318087149854], [78.63313865609167, 10.756319156782846], [78.63314298301589, 10.756680191123854], [78.6330517038434, 10.756681260765829], [78.63305062211909, 10.756591002178332], [78.63295934296458, 10.75659207177539], [78.63295826128518, 10.75650181317891], [78.63277570299412, 10.756503952283197], [78.6327746213776, 10.756413693659766], [78.63259206310452, 10.756415832647273], [78.63259098155089, 10.756325574005876], [78.63240842329577, 10.756327712867618], [78.63240626032325, 10.756147195548891]]]}, "id": "+9746+867", "properties": {"count": 52, "water": 1}}, {"type": "Feature", "geometry": {"geodesic": false, "type": "Polygon", "coordinates": [[[78.63351283230918, 10.734198311785693], [78.63360410468141, 10.734197244209843], [78.63360518425876, 10.734287502878189], [78.63369645664895, 10.73428643527539], [78.63369753626222, 10.734376693934752], [78.63378880867039, 10.734375626296021], [78.63379096797777, 10.734556143587797], [78.63406478531006, 10.734552940456005], [78.6340604664078, 10.734191905971267], [78.63415173872613, 10.734190838242704], [78.63415281846517, 10.734281096857151], [78.6343353631198, 10.734278961301209], [78.63433428332687, 10.734188702704728], [78.63451682789166, 10.734186567058954], [78.6345179077385, 10.734276825637469], [78.63460918002987, 10.734275757765175], [78.63460810015609, 10.734185499204626], [78.63479064466698, 10.734183363397158], [78.63479172459466, 10.734273621948722], [78.6348829968591, 10.734272553995579], [78.63488191690446, 10.734182295452998], [78.63579463877622, 10.734171614565117], [78.63579571900036, 10.734261873017868], [78.63616080758197, 10.734257599875793], [78.63615972725005, 10.734167341467957], [78.63625099934379, 10.734166273128539], [78.63625640123699, 10.734617565122798], [78.63753421144781, 10.734602604894468], [78.6375352922289, 10.734692863167554], [78.63799165269766, 10.734687518910267], [78.63799273363145, 10.734777777138438], [78.63808400571622, 10.734776708197149], [78.63808508668596, 10.734866966407354], [78.63890653531412, 10.734857344669127], [78.63890761653538, 10.734947602798485], [78.63909016062406, 10.734945464323019], [78.6390912419082, 10.735035722425426], [78.63918251396602, 10.735034653142778], [78.63918792064725, 10.73548594363685], [78.63909664845468, 10.735487012973397], [78.63909881114873, 10.735667529187197], [78.63900753889328, 10.735668598514762], [78.63900862022233, 10.735758856626152], [78.63891734793096, 10.735759925935751], [78.6389195105711, 10.735940442185482], [78.63882823821683, 10.735941511477114], [78.63883148215909, 10.736212285874169], [78.638740209715, 10.736213355174783], [78.63874777908129, 10.736845162134184], [78.63865650643058, 10.736846231470732], [78.63866083188155, 10.737207264042059], [78.63856955912304, 10.73720833338759], [78.63857064047905, 10.737298591543897], [78.63847936768461, 10.737299660871463], [78.63848044903163, 10.737389919027768], [78.63838917619228, 10.73739098834635], [78.63839025752134, 10.73748124651164], [78.63829898464606, 10.737482315803272], [78.63830006595714, 10.737572573977545], [78.63820879304593, 10.737573643260195], [78.63820987433905, 10.737663901443451], [78.63766223652141, 10.737670316609337], [78.63766115538998, 10.737580058372183], [78.63738733643174, 10.73758326556436], [78.63738625539912, 10.737493007291272], [78.63692989041185, 10.737498352042634], [78.63692880951398, 10.73740809372463], [78.63628989831798, 10.737415575181778], [78.63628881762673, 10.737325316800892], [78.6361062715348, 10.737327454099566], [78.63610735218114, 10.737417712498416], [78.63601607909027, 10.737418781116313], [78.63601499847985, 10.737328522708477], [78.63583245233403, 10.737330659854438], [78.63583137178651, 10.737240401428636], [78.63574009872258, 10.737241469947717], [78.63573901821098, 10.737151211512932], [78.63555647211007, 10.73715334845228], [78.63555539166136, 10.73706308999953], [78.63546411862438, 10.737064158419797], [78.63546303821161, 10.736973899958063], [78.63537176519259, 10.736974968342397], [78.63537068481574, 10.73688470987168], [78.6352794118147, 10.73688577822008], [78.63527833147378, 10.73679551974038], [78.63509578549863, 10.736797656338368], [78.63509470522061, 10.7367073978407], [78.63491215926342, 10.736709534312924], [78.63491107904828, 10.736619275797292], [78.63481980608316, 10.736620343983995], [78.63481872590395, 10.736530085450397], [78.63472745294781, 10.736531153601168], [78.63472637281352, 10.736440895067568], [78.63463509987535, 10.736441963182408], [78.63463401977698, 10.736351704630843], [78.63454274685678, 10.736352772709749], [78.63454058673192, 10.736172255588652], [78.63444931385663, 10.736173323622642], [78.6344428338773, 10.735631772187487], [78.63435156115473, 10.735632840140628], [78.63435048121806, 10.735542581553132], [78.63425920852244, 10.735543649479323], [78.63426028843216, 10.735633908066822], [78.63398647018359, 10.735637111692688], [78.63398539035472, 10.735546853069255], [78.63389411761419, 10.735547920887651], [78.63389195804628, 10.735367403622824], [78.63380068535065, 10.73536847138732], [78.63379960560263, 10.735278212745923], [78.63370833292497, 10.73527928048347], [78.63370509382464, 10.735008504523346], [78.63361382121884, 10.735009572198011], [78.63361166192043, 10.734829054879285], [78.63352038935956, 10.734830122509033], [78.63351607098731, 10.734469087808698], [78.63360734344039, 10.734468020214882], [78.63360626384508, 10.734377761546536], [78.63351499141895, 10.73437882913137], [78.63351283230918, 10.734198311785693]], [[78.63543603098242, 10.734717438136236], [78.63552730331872, 10.734716369958516], [78.63552298261085, 10.734355336066665], [78.63561425483037, 10.734354267888943], [78.63561533501856, 10.734444526359662], [78.63570660724706, 10.734443458146007], [78.6357076874712, 10.734533716598758], [78.63579895972664, 10.734532648358154], [78.6358000399867, 10.734622906801922], [78.63570876771328, 10.734623975051509], [78.63570984795538, 10.73471423350426], [78.63561857563705, 10.734715301744862], [78.63561965587016, 10.734805560206595], [78.6355283835159, 10.734806628429233], [78.63552946373105, 10.73489688689995], [78.63562073610328, 10.73489581866833], [78.63562181635436, 10.734986077130063], [78.63543927152905, 10.734988213575338], [78.63543603098242, 10.734717438136236]], [[78.63571308874455, 10.73498500886251], [78.63580436113475, 10.734983940576992], [78.63580544144871, 10.735074199011777], [78.63571416903156, 10.735075267315262], [78.63571308874455, 10.73498500886251]], [[78.63589455318403, 10.734892613820756], [78.6362596424843, 10.734888340319355], [78.63626180336375, 10.735068857108075], [78.6361705310005, 10.735069925546307], [78.63616945057875, 10.734979667138472], [78.63589563350698, 10.734982872255541], [78.63589455318403, 10.734892613820756]]]}, "id": "+9785+1105", "properties": {"count": 1580, "water": 1}}, {"type": "Feature", "geometry": {"geodesic": false, "type": "Polygon", "coordinates": [[[78.63792066307182, 10.766824767064263], [78.63837707162739, 10.766819406448654], [78.63837815598377, 10.766909664443263], [78.63865200108297, 10.766906447728944], [78.63865308552919, 10.766996705696606], [78.63874436723492, 10.766995633395616], [78.63874545171706, 10.767085891354295], [78.63883673344075, 10.767084819017374], [78.63883456443155, 10.766904303109001], [78.63892584609235, 10.766903230763099], [78.63892801516444, 10.767083746653503], [78.63901929686118, 10.767082674262683], [78.63902038144214, 10.767172932194411], [78.63911166316583, 10.767171859758676], [78.63911274777374, 10.76726211768142], [78.63929531124806, 10.7672599727291], [78.63929639591886, 10.767350230633879], [78.6393876776695, 10.767349158108312], [78.63939093183458, 10.767619931786713], [78.63920836816263, 10.767622076864798], [78.63920945285138, 10.76771233477856], [78.63902688908959, 10.767714479766811], [78.63902580445473, 10.767624221844066], [78.6389345225873, 10.767625294288786], [78.63893126882647, 10.767354520475635], [78.63865742341285, 10.767357737567247], [78.63865850790397, 10.767447995534909], [78.63856722605452, 10.767449067862845], [78.63856505712617, 10.767268551909558], [78.63847377532163, 10.767269624183598], [78.63847269090236, 10.76717936619797], [78.63838140910681, 10.767180438436077], [78.63838032472349, 10.767090180441466], [78.63828904295487, 10.76709125264364], [78.63828795860748, 10.767000994640048], [78.63792283152407, 10.767005283152297], [78.63792066307182, 10.766824767064263]]]}, "id": "+9804+743", "properties": {"count": 60, "water": 1}}, {"type": "Feature", "geometry": {"geodesic": false, "type": "MultiPolygon", "coordinates": [[[[78.63967128633296, 10.768158261135627], [78.63967237121035, 10.76824851899549], [78.63958108922616, 10.768249591691736], [78.63958000436672, 10.76815933382289], [78.63967128633296, 10.768158261135627]]], [[[78.63967128633296, 10.768158261135627], [78.63967020146453, 10.768068003275763], [78.63957891952525, 10.768069075954045], [78.63957674986925, 10.767888560216353], [78.63966803175464, 10.767887487556038], [78.63966586208069, 10.76770697182733], [78.63957458025818, 10.767708044469678], [78.63957241067406, 10.767527528723004], [78.63966369245165, 10.767526456098622], [78.6396626076461, 10.767436198229776], [78.63975388938776, 10.767435125587427], [78.63975605905274, 10.76761564129817], [78.63984734083033, 10.767614568610906], [78.63985168039383, 10.767975599987475], [78.63994296227024, 10.767974527237328], [78.63994404721052, 10.768064785070242], [78.64003532911389, 10.768063712284164], [78.64003641409009, 10.768153970108093], [78.63967128633296, 10.768158261135627]]]]}, "id": "+9819+736", "properties": {"count": 22, "water": 1}}, {"type": "Feature", "geometry": {"geodesic": false, "type": "MultiPolygon", "coordinates": [[[[78.6391019020989, 10.766359538436006], [78.63910407115301, 10.766540054290479], [78.63901278962696, 10.76654112665435], [78.63901387413605, 10.766631384586077], [78.63883131098511, 10.766633529250937], [78.63883239545828, 10.766723787209614], [78.63864983221751, 10.766725931784642], [78.63864766339695, 10.766545415840337], [78.63892150808293, 10.76654219899127], [78.6389204236008, 10.766451941041577], [78.63901170511787, 10.766450868713639], [78.63901062061775, 10.766360610781911], [78.6391019020989, 10.766359538436006]]], [[[78.6391019020989, 10.766359538436006], [78.63909973308071, 10.766179022572551], [78.63882588877203, 10.766182239475516], [78.63882263555915, 10.765911465599483], [78.63891391692353, 10.765910393361377], [78.63891066371964, 10.765639619503311], [78.63918450750731, 10.765636402690179], [78.63918342304312, 10.765546144767434], [78.63927470425477, 10.765545072448479], [78.63927253530845, 10.765364556620955], [78.63991150317018, 10.765357049786402], [78.63991258783199, 10.765447307637281], [78.64000386894482, 10.765446235120697], [78.64000603834928, 10.76562675080449], [78.6401886006558, 10.765624605645558], [78.64019293980608, 10.765985636932296], [78.64028422104468, 10.76598456427198], [78.64028530588615, 10.766074822086928], [78.64019402461162, 10.766075894747242], [78.64019510943513, 10.766166152571172], [78.64010382812467, 10.76616722521352], [78.64010599773573, 10.766347740870364], [78.64001471636239, 10.766348813512712], [78.64002014043498, 10.766800102686261], [78.63992885891791, 10.766801175346576], [78.63992777411238, 10.766710917504678], [78.6396539295791, 10.766714135287993], [78.63965176015668, 10.766533619550302], [78.63956047868452, 10.766534692066886], [78.63955939401373, 10.766444434189056], [78.63946811255055, 10.766445506678691], [78.63946702792467, 10.766355248782896], [78.6391019020989, 10.766359538436006]]]]}, "id": "+9821+759", "properties": {"count": 163, "water": 1}}, {"type": "Feature", "geometry": {"geodesic": false, "type": "Polygon", "coordinates": [[[78.63952195751477, 10.748119929877515], [78.63970450939186, 10.74811778844659], [78.63970342658058, 10.74802753047893], [78.63988597835885, 10.748025388958174], [78.63988814410716, 10.748205904866547], [78.63997942003672, 10.748204834047778], [78.63998158586588, 10.748385349938184], [78.64007286184037, 10.7483842790745], [78.64007827673218, 10.748835568742122], [78.64016955283242, 10.748834497806573], [78.64017171891311, 10.749015013652063], [78.63980661424267, 10.749019297304427], [78.63980553130563, 10.74892903934575], [78.63989680745976, 10.748927968482066], [78.63989572450475, 10.748837710532372], [78.63998700062297, 10.74883663965072], [78.63998483469499, 10.7486561237693], [78.63989355863067, 10.748657194632983], [78.63989247570261, 10.74856693668329], [78.63980119965628, 10.748568007511041], [78.63980011676415, 10.74847774954338], [78.63970884073578, 10.7484788203352], [78.63970775788857, 10.748388562367538], [78.63961648186918, 10.748389633123423], [78.6396153990579, 10.748299375137798], [78.63952412306547, 10.748300445857751], [78.63952195751477, 10.748119929877515]]]}, "id": "+9823+951", "properties": {"count": 33, "water": 1}}, {"type": "Feature", "geometry": {"geodesic": false, "type": "Polygon", "coordinates": [[[78.64148815915152, 10.774997457224062], [78.64157944297727, 10.774996383306107], [78.64157835683325, 10.774906125679806], [78.6417609244039, 10.774903977763046], [78.64176201060182, 10.77499423537138], [78.64185329440062, 10.774993161372576], [78.64185220817575, 10.774902903773224], [78.6420347756925, 10.774900755694768], [78.6420391208615, 10.77526178602929], [78.6419478370088, 10.775262860108944], [78.64194892329655, 10.77535311769931], [78.64185763939894, 10.775354191769981], [78.64186089824425, 10.775624964559052], [78.6417696142568, 10.77562603862972], [78.64177070052659, 10.775716296238055], [78.64158813247084, 10.775718444307529], [78.64158487384114, 10.77544767143761], [78.64176744173518, 10.775445523413051], [78.64176526925849, 10.775265008205366], [78.64185655313813, 10.77526393417063], [78.64185546687732, 10.775173676571278], [78.64167289916294, 10.775175824586853], [78.641671812974, 10.775085566969535], [78.64148924527758, 10.775087714868329], [78.64148815915152, 10.774997457224062]]]}, "id": "+9843+653", "properties": {"count": 27, "water": 1}}, {"type": "Feature", "geometry": {"geodesic": false, "type": "Polygon", "coordinates": [[[78.64256726656699, 10.781213411088647], [78.64265855215343, 10.78121233622746], [78.6426574650482, 10.78112207874489], [78.64302260720535, 10.781117779102512], [78.64302369441837, 10.78120803654915], [78.64311497996889, 10.7812069615622], [78.64311606721783, 10.781297218999853], [78.64320735277734, 10.781296143967987], [78.64320952736507, 10.78147665882533], [78.64330081296949, 10.78147558375753], [78.64330516236056, 10.781836613418315], [78.6433964480638, 10.781835538287634], [78.64340079772437, 10.782196567903505], [78.64330951191334, 10.78219764307012], [78.64331168674363, 10.782378157891529], [78.64294654318512, 10.782382458378322], [78.64294763050593, 10.78247271582496], [78.64267377265963, 10.782475940938527], [78.64267485990858, 10.782566198412114], [78.64258357390892, 10.782567273399065], [78.64258139947388, 10.782386758433924], [78.64267268541067, 10.78238568346494], [78.64267159817969, 10.782295425982369], [78.64276288408954, 10.782294350995418], [78.64276070960061, 10.782113836057228], [78.64266942374466, 10.782114911035196], [78.6426683365496, 10.782024653552625], [78.64275962236961, 10.782023578592623], [78.64275636073953, 10.781752806180846], [78.64266507500037, 10.781753881122881], [78.64266290068213, 10.78157336615774], [78.64257161497889, 10.78157444105486], [78.64256726656699, 10.781213411088647]]]}, "id": "+9853+584", "properties": {"count": 99, "water": 1}}, {"type": "Feature", "geometry": {"geodesic": false, "type": "MultiPolygon", "coordinates": [[[[78.64066128086324, 10.76697310885852], [78.64075256236235, 10.766972035973627], [78.64075364743738, 10.767062293725692], [78.64084492895446, 10.767061220804866], [78.64084384385248, 10.7669709630528], [78.64093512532465, 10.766969890105026], [78.6409340402047, 10.766879632370927], [78.64066019582414, 10.766882851097472], [78.64065911079402, 10.766792593327441], [78.64093295508475, 10.766789374627844], [78.64093078488978, 10.766608859141682], [78.6408395035254, 10.766609932053525], [78.64083733342025, 10.766429416549395], [78.64092861473073, 10.766428343655518], [78.64092752966468, 10.766338085912437], [78.64083624838116, 10.76633915879733], [78.64083516335104, 10.766248901036283], [78.64074388208549, 10.766249973885243], [78.64074062713888, 10.765979200593115], [78.64083190832358, 10.765978127771104], [78.64082973835318, 10.765797612257991], [78.640921019475, 10.76579653943598], [78.64091884948662, 10.765616023940835], [78.64110141160451, 10.765613878242913], [78.64109815653212, 10.7653431050496], [78.64100687556302, 10.765344177880595], [78.6410057905868, 10.765253920137512], [78.64109707152896, 10.765252847315502], [78.64109598653478, 10.765162589581404], [78.641187267441, 10.765161516741426], [78.64118618242885, 10.765071259016311], [78.64127746329913, 10.765070186158367], [78.64127637826903, 10.764979928442235], [78.64145893992875, 10.764977782663465], [78.64145785485373, 10.7648875249653], [78.64164041641465, 10.764885379096699], [78.6416393312947, 10.764795121416498], [78.64191317349234, 10.764791902438425], [78.64191208830053, 10.764701644785175], [78.6421859303275, 10.76469842560049], [78.64218484506382, 10.764608167974188], [78.64227612569157, 10.764607094864717], [78.64227504040993, 10.764516837247399], [78.64236632100175, 10.76451576411996], [78.64236740631034, 10.764606021728294], [78.6425499675209, 10.764603875383585], [78.64254888215842, 10.764513617793218], [78.64291400435499, 10.764509324816341], [78.64291291889369, 10.764419067261905], [78.64309547987969, 10.764416920629737], [78.6430976509101, 10.764597435702674], [78.64300637037218, 10.764598509045708], [78.6430074558784, 10.76468876659116], [78.64328129755503, 10.764685546445277], [78.64328238315109, 10.764775803954796], [78.64355622481872, 10.764772583539418], [78.64355839619948, 10.764953098513542], [78.6433758349889, 10.764955245523005], [78.6433780062978, 10.765135760533061], [78.64310416424388, 10.765138980903522], [78.64310524983993, 10.765229238431008], [78.64292268835986, 10.765231385233857], [78.64292377391101, 10.76532164277931], [78.6427412123411, 10.765323789492328], [78.64274338335355, 10.765504304619165], [78.64265210250122, 10.765505377953216], [78.6426542734957, 10.765685893107003], [78.64274555440193, 10.765684819754986], [78.64274989661546, 10.766045850008659], [78.64265861560143, 10.76604692339661], [78.6426607867127, 10.76622743853243], [78.64256950563579, 10.766228511911397], [78.64257059117796, 10.76631876949278], [78.64247931006511, 10.766319842853783], [78.6424803955893, 10.76641010044415], [78.64238911444053, 10.766411173787183], [78.64239128547095, 10.766591688976904], [78.64230000425032, 10.766592762310955], [78.64230217526276, 10.76677327751864], [78.64221089398822, 10.76677435085269], [78.64221306498271, 10.766954866069359], [78.64212178363631, 10.766955939394427], [78.64212286912456, 10.767046197011744], [78.64184902495961, 10.767049416834235], [78.641850110376, 10.767139674487485], [78.64157626604036, 10.767142894094379], [78.64157735138488, 10.767233151765595], [78.64148606989475, 10.767234224928966], [78.64148715522131, 10.767324482609165], [78.64130459215123, 10.767326628864042], [78.64130567743287, 10.76741688657119], [78.64094055108608, 10.767421178802467], [78.6409416362689, 10.767511436536566], [78.64085035462607, 10.767512509538241], [78.64084926947018, 10.767422251786176], [78.64075798785429, 10.767423324751917], [78.64075907298323, 10.767513582503982], [78.64066779132241, 10.767514655451757], [78.64066887643338, 10.767604913221788], [78.64057759473664, 10.767605986142614], [78.64057650965262, 10.767515728372583], [78.64039394628608, 10.767517874133386], [78.6403950313162, 10.767608131921383], [78.64012118611818, 10.767611350387417], [78.64012010116892, 10.767521092572471], [78.64030266458934, 10.767518946973365], [78.64030049461894, 10.767338431370419], [78.6403917762618, 10.767337358548408], [78.64039069126761, 10.767247100760411], [78.64057325446346, 10.767244955053506], [78.64057216942436, 10.767154697274492], [78.64066345097737, 10.767153624398581], [78.64066128086324, 10.76697310885852]], [[78.641187267441, 10.765161516741426], [78.64127854833824, 10.7651604438745], [78.64127963338632, 10.765250701590631], [78.64118835246214, 10.765251774466542], [78.641187267441, 10.765161516741426]], [[78.64093838075635, 10.767240663325287], [78.64102966230038, 10.767239590323612], [78.6410307474922, 10.767329848057711], [78.64093946591223, 10.767330921059386], [78.64093838075635, 10.767240663325287]]], [[[78.64066019582414, 10.766882851097472], [78.64066128086324, 10.76697310885852], [78.64056999936413, 10.766974181725447], [78.64057108438526, 10.76706443950446], [78.64047980284123, 10.76706551234444], [78.64047871784705, 10.766975254565425], [78.64038743632099, 10.766976327378453], [78.64038635136274, 10.766886069581473], [78.64066019582414, 10.766882851097472]]]]}, "id": "+9856+769", "properties": {"count": 570, "water": 1}}, {"type": "Feature", "geometry": {"geodesic": false, "type": "MultiPolygon", "coordinates": [[[[78.64107798018219, 10.748462755664159], [78.64107906345161, 10.748553013497071], [78.6411703393632, 10.748551942292028], [78.64116925607583, 10.748461684468097], [78.64135180781815, 10.748459542004111], [78.64134964115355, 10.748279026392185], [78.64153219274317, 10.748276883856333], [78.64152894265644, 10.74800611049234], [78.64143766695146, 10.748007181742299], [78.6414355003228, 10.747826666148338], [78.64134422465375, 10.747827737353383], [78.64134097487245, 10.747556963926508], [78.64179735271462, 10.74755160775756], [78.6417962693374, 10.747461349987528], [78.64188754485373, 10.747460278683668], [78.64188971167106, 10.747640794196782], [78.64198098722332, 10.747639722848009], [78.64197882035211, 10.747459207352861], [78.64207009585047, 10.747458135995105], [78.6420690124014, 10.747367878261006], [78.64216028785484, 10.747366806885282], [78.6421548706274, 10.746915518223773], [78.64224614593712, 10.746914446866015], [78.64224506249703, 10.746824189149883], [78.6423363377708, 10.74682311777416], [78.64233525431274, 10.746732860058028], [78.64260907999936, 10.746729645805093], [78.64260799646044, 10.74663938811591], [78.64279054681937, 10.746637245166832], [78.64278946324453, 10.746546987495616], [78.64288073837459, 10.746545915985145], [78.64287965478177, 10.746455658322912], [78.64333603018052, 10.746450300438182], [78.64333711390809, 10.746540558055498], [78.64342838899323, 10.746539486392315], [78.6434262214842, 10.746358971175646], [78.64351749650648, 10.746357899503478], [78.64352074785084, 10.746628672292548], [78.6433381976536, 10.746630815672816], [78.64333928139914, 10.746721073281151], [78.6432480062601, 10.746722144944336], [78.64324908998765, 10.746812402570637], [78.64315781481268, 10.74681347420687], [78.64315889852227, 10.746903731842155], [78.64334144892612, 10.746901588515787], [78.6433425326986, 10.74699184612412], [78.64343380791848, 10.74699077441602], [78.64343489172688, 10.747081032015371], [78.64352616695577, 10.747079960271337], [78.64352725080909, 10.747170217861706], [78.64370980129378, 10.747168074265842], [78.64371088520998, 10.747258331838244], [78.6438021604658, 10.747257259995397], [78.64380324441794, 10.747347517558815], [78.64398579495654, 10.747345373765322], [78.64398471095049, 10.74725511621987], [78.64416726139027, 10.747252972336545], [78.64416834545021, 10.747343229864033], [78.64435089590795, 10.747341085854943], [78.64435198003076, 10.747431343364463], [78.64444325527761, 10.747430271315002], [78.64444217112784, 10.747340013814465], [78.64453344632976, 10.74733894174704], [78.64453236216202, 10.747248684255487], [78.64471491249401, 10.747246540057752], [78.64471382828135, 10.747156282584164], [78.64480510340243, 10.747155210444873], [78.64480944041472, 10.74751624030329], [78.6449007156346, 10.747515168101115], [78.64490396857798, 10.747785940458995], [78.64499524386973, 10.747784868211905], [78.64499741259148, 10.747965383087214], [78.64508868792815, 10.747964310795208], [78.64508977233842, 10.74805456822388], [78.64527232303871, 10.748052423541054], [78.64527123857454, 10.74796216613035], [78.645453789185, 10.74796002134871], [78.64545487369409, 10.748050278741449], [78.64554614901279, 10.748049206305714], [78.6455472335668, 10.74813946368947], [78.64563850889448, 10.7481383912178], [78.64563959348442, 10.748228648592573], [78.64582214417572, 10.748226503541439], [78.64582322882855, 10.748316760898245], [78.6459145041832, 10.74831568832776], [78.64591558887194, 10.748405945675584], [78.64609813960817, 10.748403800426821], [78.64610030912043, 10.74858431507755], [78.64619158452896, 10.74858324239927], [78.64619375414003, 10.748763757032034], [78.64646758047344, 10.748760538772613], [78.6464686653688, 10.748850796066536], [78.64655994082226, 10.748849723253509], [78.64656319565209, 10.749120495081382], [78.6466544711774, 10.749119422205471], [78.64665664116578, 10.74929993673942], [78.646747916736, 10.749298863827578], [78.6467490017751, 10.749389121076586], [78.6468402773633, 10.74938804812881], [78.64684244751336, 10.749568562617844], [78.64693372314647, 10.749567489625154], [78.64693589339535, 10.74974800409622], [78.64702716907338, 10.749746931058613], [78.64702825423825, 10.749837188280672], [78.64711952992526, 10.749836115207133], [78.64712278556358, 10.750106886846359], [78.64721406133144, 10.750105813709938], [78.64721623185879, 10.750286328118122], [78.64730750766259, 10.75028525494577], [78.64730859297119, 10.750375512140877], [78.64739986879295, 10.750374438923608], [78.64740312484449, 10.750645210473003], [78.64749440074709, 10.750644137210818], [78.64749548614552, 10.750734394378977], [78.64758676205712, 10.75073332108086], [78.64758893293481, 10.750913835399214], [78.64749765696932, 10.75091490872428], [78.64749982782905, 10.751095423060601], [78.64759110384844, 10.751094349717567], [78.647593274807, 10.751274864035919], [78.64768455087129, 10.751273790656953], [78.6476921497113, 10.751905590681359], [78.64778342595527, 10.75190451721256], [78.64778451156928, 10.751994774344787], [78.64760195901847, 10.751996921282384], [78.64759978790721, 10.751816406981996], [78.64741723541927, 10.751818553775863], [78.64741614993102, 10.75172829659872], [78.64714232121707, 10.751731516573923], [78.64714123581865, 10.75164125936983], [78.64704995958367, 10.751642332632017], [78.64705104495515, 10.75173258983611], [78.64695976868423, 10.751733663080328], [78.64696085403774, 10.751823920302387], [78.64686957773088, 10.75182499352864], [78.64687283376446, 10.752095765212783], [78.64669028096212, 10.752097911638339], [78.64668919566252, 10.752007654389331], [78.64659791927481, 10.752008727552703], [78.64659683401113, 10.751918470294711], [78.6464142812627, 10.751920616522638], [78.64641319606189, 10.751830359255663], [78.64632191970114, 10.75183143232022], [78.64632083453628, 10.75174117503528], [78.64613828183275, 10.751743321065577], [78.64613719673976, 10.75165306376267], [78.64595464405419, 10.751655209667204], [78.64595355901508, 10.75156495234633], [78.64577100634749, 10.7515670981251], [78.64576992137127, 10.75147684078626], [78.64567864505544, 10.751477913626237], [78.64567756011516, 10.751387656269431], [78.64549500749247, 10.751389801859554], [78.64549392262406, 10.751299544484782], [78.64540264632619, 10.751300617225946], [78.6454015614937, 10.751210359851173], [78.64521900892491, 10.751212505234685], [78.64521792415532, 10.751122247832962], [78.64503537159551, 10.751124393099692], [78.64503428688879, 10.751034135680005], [78.64485173435594, 10.751036280811986], [78.6448506497121, 10.750946023374333], [78.64475937345017, 10.7509470958999], [78.64475828884225, 10.750856838453261], [78.64457573635433, 10.750858983387616], [78.64457248275518, 10.750588210984821], [78.64429865419396, 10.750591428112365], [78.64429756976571, 10.750501170611829], [78.64411501739455, 10.750503315213805], [78.64411393302021, 10.750413057695301], [78.64402265684811, 10.750414129951375], [78.64402157251868, 10.750323872423888], [78.64374774402931, 10.750327088985493], [78.64374665978073, 10.750236831431058], [78.64356410746348, 10.750238975655742], [78.64356302328676, 10.750148718083341], [78.64347174713262, 10.750149790141784], [78.6434728312824, 10.75024004772317], [78.64301645026019, 10.750245407674026], [78.64301536624517, 10.750155150047725], [78.64283281382012, 10.750157293823252], [78.64283172986798, 10.750067036178985], [78.64274045366892, 10.750068108021832], [78.64273936975272, 10.749977850359599], [78.64264809357164, 10.749978922166513], [78.6426491774609, 10.750069179828747], [78.64228407252993, 10.750073466813861], [78.64228298874848, 10.749983209106713], [78.64210043628749, 10.749985352424098], [78.64209501779342, 10.749534063807504], [78.6420037416842, 10.749535135380857], [78.64200482533091, 10.749625393114956], [78.64191354918576, 10.74962646466136], [78.64191571646121, 10.749806980147524], [78.6417331640182, 10.749809123204397], [78.64173208043437, 10.749718865443349], [78.64164080422634, 10.749719936926871], [78.64163972066946, 10.74962967915684], [78.64173099685054, 10.749628607691283], [78.64172882971882, 10.749448092169189], [78.64163755359164, 10.749449163616777], [78.6416364700707, 10.749358905846746], [78.64154519396146, 10.749359977267385], [78.64154627745546, 10.7494502350464], [78.64136372515617, 10.749452377824797], [78.64136697554834, 10.749723151215738], [78.64127569930436, 10.74972422258248], [78.64127244899305, 10.749453449164587], [78.64108989663987, 10.749455591781288], [78.6410909800081, 10.749545849605218], [78.64081715132112, 10.749549063355095], [78.64081606803373, 10.749458805504217], [78.64072479180773, 10.749459876691294], [78.64072370855628, 10.749369618822447], [78.6404498799142, 10.749372832195034], [78.64044879675258, 10.749282574308221], [78.64035752054455, 10.749283645369536], [78.64035643741886, 10.749193387464757], [78.6402651612288, 10.749194458490138], [78.64026407813904, 10.749104200576376], [78.64035535430216, 10.749103129559979], [78.64035102192517, 10.748742097949847], [78.64025974586986, 10.748743168930313], [78.64025757979813, 10.74856265310279], [78.64016630378774, 10.74856372403834], [78.64016413780585, 10.748383208183865], [78.64025541376236, 10.748382137275266], [78.64025433076243, 10.748291879352522], [78.64034560668301, 10.748290808425956], [78.64034668970989, 10.748381066330735], [78.64089434517943, 10.748374640115568], [78.64089542838596, 10.748464897966448], [78.64107798018219, 10.748462755664159]], [[78.64154519396146, 10.749359977267385], [78.64145391784326, 10.749361048661076], [78.6414528343852, 10.749270790873078], [78.64154411047646, 10.749269719488371], [78.64154519396146, 10.749359977267385]], [[78.64527232303871, 10.748052423541054], [78.64536359837538, 10.748051351150234], [78.64536468286651, 10.748141608551956], [78.64527340750288, 10.74814268095176], [78.64527232303871, 10.748052423541054]], [[78.64171582773696, 10.748364998991697], [78.64180710353178, 10.748363927615973], [78.6418081870078, 10.748454185377021], [78.64171691118604, 10.748455256752745], [78.64171582773696, 10.748364998991697]], [[78.64234934004911, 10.747906210304864], [78.6424406156463, 10.747905138794392], [78.64244169925706, 10.74799539649256], [78.64235042364193, 10.747996468012014], [78.64234934004911, 10.747906210304864]], [[78.64261124708617, 10.746910161174474], [78.64279379760679, 10.7469080181715], [78.64279488121757, 10.746998275842715], [78.64288615649136, 10.746997204287329], [78.64288507285363, 10.746906946625096], [78.6429763480825, 10.746905875060726], [78.64297851542982, 10.747086390358243], [78.64288724014705, 10.747087461949562], [78.64288832380274, 10.747177719602812], [78.64279704848404, 10.747178791176164], [78.64279921577746, 10.747359306509615], [78.64270794038688, 10.747360378065002], [78.64270685675815, 10.747270120393786], [78.64261558139452, 10.747271191922222], [78.64261124708617, 10.746910161174474]]], [[[78.64116925607583, 10.748461684468097], [78.64107798018219, 10.748462755664159], [78.64107689693074, 10.748372497831244], [78.64098562106408, 10.74837356898239], [78.64098453783957, 10.748283311140494], [78.64089326199085, 10.74828438226469], [78.64089001247007, 10.748013608703067], [78.64116383975568, 10.748010395348448], [78.64116492299814, 10.748100653172378], [78.64125619876602, 10.7480995819853], [78.64125836534078, 10.748280097624177], [78.64116708951902, 10.748281168820238], [78.64116925607583, 10.748461684468097]]]]}, "id": "+9863+969", "properties": {"count": 2330, "water": 1}}, {"type": "Feature", "geometry": {"geodesic": false, "type": "Polygon", "coordinates": [[[78.64441690664827, 10.783177569543216], [78.64469076460237, 10.783174342686918], [78.64469185252507, 10.783264599953892], [78.64478313851575, 10.783263524275238], [78.64478531445097, 10.783444038782237], [78.64487660048657, 10.783442963058668], [78.64487768849011, 10.783533220307676], [78.64496897454369, 10.78353214453919], [78.64497006259214, 10.783622401779217], [78.64506134866367, 10.7836213259748], [78.64507005358132, 10.784343383769235], [78.64497876729419, 10.784344459645519], [78.64497767917386, 10.784254202414477], [78.64461253402534, 10.784258505605198], [78.64461362203787, 10.784348762872174], [78.6444310493558, 10.784350914319312], [78.64442125807852, 10.783538598718913], [78.64451254417702, 10.783537523085174], [78.64451145628126, 10.783447265809217], [78.64442017020974, 10.783448341424988], [78.64441690664827, 10.783177569543216]]]}, "id": "+9871+561", "properties": {"count": 73, "water": 1}}, {"type": "Feature", "geometry": {"geodesic": false, "type": "MultiPolygon", "coordinates": [[[[78.64385070139032, 10.781649647498407], [78.64375941579489, 10.78165072274587], [78.64375832831237, 10.78156046538008], [78.64384961388984, 10.7815593901416], [78.64385070139032, 10.781649647498407]]], [[[78.64520366656225, 10.780279657149787], [78.64520149104025, 10.780099142687703], [78.64529277602483, 10.780098067161763], [78.64528624951276, 10.779556523811443], [78.64519496468989, 10.779557599274503], [78.64519714009509, 10.77973811374557], [78.64510585520934, 10.779739189208627], [78.64510694290745, 10.779829446448653], [78.64501565797677, 10.779830521893745], [78.64501674565692, 10.779920779142753], [78.6447428907481, 10.779924005325315], [78.6447374528684, 10.779472718918576], [78.64464616801857, 10.779473794210954], [78.64464834308242, 10.779654308798802], [78.64455705816073, 10.779655384082197], [78.64456140830639, 10.780016413284844], [78.64465269333589, 10.780015337956533], [78.64465378091721, 10.780105595250456], [78.64456249586975, 10.780106670578768], [78.64456358343311, 10.780196927881676], [78.64447229834074, 10.78019800319202], [78.64447338589513, 10.780288260494926], [78.64429081562953, 10.7802904110707], [78.64428864064654, 10.780109896419969], [78.64419735555416, 10.780110971640482], [78.64419844301871, 10.780201228979323], [78.6441071578904, 10.780202304190853], [78.64410933278357, 10.780382818868532], [78.64392676239221, 10.780384969246676], [78.64392458759787, 10.78020445452408], [78.6438333024426, 10.780205529654761], [78.64382895309645, 10.779844500164655], [78.64373766803102, 10.779845575223472], [78.64373658074614, 10.7797553178487], [78.64355401065121, 10.7797574678765], [78.64355618513116, 10.779937982679945], [78.64364747023252, 10.77993690765706], [78.64364855751741, 10.7800271650498], [78.64346598724282, 10.7800293150776], [78.64346816171378, 10.780209829899011], [78.64355944691395, 10.780208754876126], [78.64356597074006, 10.780750299250526], [78.64365725609295, 10.780749224146794], [78.6436594308334, 10.780929738923287], [78.64375071622221, 10.78092866377464], [78.64375506593669, 10.781289693264746], [78.64366378043108, 10.781290768449326], [78.64366486785073, 10.781381025833081], [78.64357358231818, 10.781382100999696], [78.64357249491651, 10.781291843606958], [78.64338992386938, 10.781293993841372], [78.64338883653059, 10.781203736430665], [78.643297551025, 10.781204811498466], [78.64329537643725, 10.781024296668072], [78.64320409096759, 10.781025371690955], [78.64320300371864, 10.780935114253301], [78.64311171826694, 10.780936189240252], [78.64311063105391, 10.780845931802597], [78.64301934562017, 10.780847006753616], [78.64301717128397, 10.780666491860341], [78.64292588588617, 10.780667566766443], [78.64291936325482, 10.780126021996786], [78.64282807801872, 10.780127096813057], [78.64282372990324, 10.77976606691871], [78.64300630014189, 10.7797639173221], [78.64300521308158, 10.779673659866479], [78.64337035335227, 10.779669360376815], [78.64336926619313, 10.779579102957127], [78.64373440620331, 10.77957480308119], [78.64373331894537, 10.779484545697432], [78.64437231339723, 10.779477019935376], [78.644370138531, 10.77929650529363], [78.64446142336287, 10.779295430100065], [78.64445924847868, 10.779114915476285], [78.64455053323867, 10.779113840264754], [78.6445472709079, 10.778843068356034], [78.64445598622876, 10.77884414353163], [78.64445272406867, 10.778573371577993], [78.64436143945241, 10.778574446699691], [78.64435600283932, 10.778123160059392], [78.6445385717844, 10.778121009878877], [78.64453748443663, 10.778030752566988], [78.64462876886424, 10.77802967744529], [78.64462768150749, 10.777939420142381], [78.64499281902035, 10.777935119431008], [78.64500151907811, 10.778657177539856], [78.64509280364945, 10.778656102220529], [78.64509715401071, 10.779017131225544], [78.64518843868088, 10.779016055843336], [78.64519061397829, 10.779196570323386], [78.64528189869337, 10.779195494896259], [78.6452840740806, 10.779376009358343], [78.64537535884061, 10.77937493387732], [78.64537753432666, 10.779555448321437], [78.64546881913158, 10.77955437280448], [78.64547208250438, 10.77982514442574], [78.64556336738117, 10.779824068854884], [78.64556445521403, 10.779914326049994], [78.64565574010877, 10.779913250443204], [78.64565900376006, 10.780184022001583], [78.64575028872667, 10.780182946340895], [78.64575137665834, 10.780273203518039], [78.64584266164292, 10.780272127812436], [78.64584701356725, 10.780633156485075], [78.64575572847487, 10.780634232217627], [78.64575464050726, 10.780543975040485], [78.64566335543286, 10.780545050746088], [78.64566226750118, 10.780454793559962], [78.64557098244474, 10.78045586922065], [78.645569894549, 10.78036561202554], [78.64547860951053, 10.780366687659278], [78.64547752165072, 10.780276430455185], [78.64538623663022, 10.780277506044008], [78.64538732446307, 10.780367763257084], [78.64529603940663, 10.780368838836923], [78.64529495160072, 10.780278581614864], [78.64520366656225, 10.780279657149787]]], [[[78.64730121394892, 10.787657063362731], [78.64739250099963, 10.787655986480335], [78.64739359019792, 10.787746243450865], [78.64730230312027, 10.787747320342245], [78.64730121394892, 10.787657063362731]]], [[[78.64385070139032, 10.781649647498407], [78.64394198698575, 10.781648572223995], [78.64394307453115, 10.781738829580801], [78.64403436013556, 10.781737754261473], [78.64403544771689, 10.781828011609296], [78.64412673333928, 10.78182693626302], [78.64412890858279, 10.782007450922732], [78.64431147991738, 10.782005300113397], [78.64431474302069, 10.782276072040085], [78.64422345727255, 10.782277147485177], [78.64422454497065, 10.78236740480605], [78.64431583073677, 10.782366329351975], [78.64431909395687, 10.782637101278663], [78.64422780810094, 10.782638176759686], [78.64422889583497, 10.78272843408056], [78.64432018170888, 10.78272735858157], [78.64432344504577, 10.782998130499275], [78.64395830114589, 10.783002432423372], [78.64395503814139, 10.78273166039787], [78.64386375222256, 10.78273273578008], [78.64386048938874, 10.782461963718644], [78.64376920354178, 10.782463039055939], [78.6437637658058, 10.782011752226992], [78.64385505151802, 10.782010676934615], [78.64385070139032, 10.781649647498407]]], [[[78.64465813135932, 10.780466624399203], [78.64465921899455, 10.780556881684143], [78.64475050417676, 10.780555806274984], [78.64475267952805, 10.7807363208269], [78.64493524996433, 10.780734169900784], [78.64493633770736, 10.780824427149792], [78.64502762294347, 10.780823351641818], [78.64502871072243, 10.780913608881843], [78.64493742546836, 10.780914684407783], [78.64493851322935, 10.781004941665776], [78.64484722793935, 10.781006017173748], [78.64484831568238, 10.781096274431741], [78.64475703034746, 10.781097349921748], [78.6447537672172, 10.780826578102857], [78.64466248196312, 10.780827653538967], [78.64466465731442, 10.781008168099865], [78.6445733719885, 10.781009243526992], [78.64457881041618, 10.781460529969662], [78.64467009587686, 10.781459454506603], [78.64467227136291, 10.781639969058519], [78.64476355686851, 10.781638893541562], [78.64476464465645, 10.781729150808536], [78.64485593018001, 10.781728075255646], [78.64485701800389, 10.781818332513637], [78.64494830354542, 10.781817256924816], [78.64494939140523, 10.781907514173824], [78.64485810583676, 10.781908589771628], [78.6448591936786, 10.781998847029621], [78.64513305042895, 10.781995620128406], [78.64513087459255, 10.781815105675307], [78.64522216010714, 10.781814030005636], [78.6452232480478, 10.78190428721871], [78.64531453357135, 10.78190321152209], [78.6453167095425, 10.782083725939259], [78.64522542395606, 10.782084801662828], [78.64522759990923, 10.782265316097963], [78.64541017117196, 10.782263164587942], [78.64540690709846, 10.781992392984648], [78.64549819263101, 10.781991317225145], [78.64549492855751, 10.781720545639818], [78.64558621400921, 10.781719469871332], [78.64558730204868, 10.781809727057459], [78.64567858750937, 10.78180865125304], [78.64567967558477, 10.781898908430183], [78.64558839009713, 10.781899984243584], [78.64559056622998, 10.782080498606854], [78.64568185177151, 10.782079422775485], [78.64568293987386, 10.782169679952629], [78.64577422544234, 10.78216860408533], [78.64577313730406, 10.782078346917169], [78.64586442282763, 10.782077271040885], [78.64586224653308, 10.781896756722533], [78.64595353199377, 10.781895680837266], [78.64595462016798, 10.781985937978476], [78.64604590564663, 10.781984862048294], [78.64605025852318, 10.78234589059517], [78.64595897293673, 10.782346966561285], [78.64596006115586, 10.782437223702495], [78.64605134676926, 10.782436147727397], [78.64605352327939, 10.782616661991852], [78.6459622376121, 10.782617737984916], [78.64596550237731, 10.782888509408547], [78.64587421662017, 10.78288958540161], [78.64587204015496, 10.782709071101223], [78.64578075444274, 10.782710147049372], [78.64578184264391, 10.78280040420855], [78.64569055689577, 10.782801480147715], [78.64569164507897, 10.78289173730689], [78.64560035928591, 10.78289281322809], [78.64560144746014, 10.782983070405233], [78.64551016163114, 10.782984146299482], [78.64551451428311, 10.783345175035004], [78.6456058002199, 10.783344099095839], [78.64560797665817, 10.783524613441141], [78.64569926263088, 10.783523537466044], [78.64570143916796, 10.78370405179338], [78.64561015313237, 10.783705127786444], [78.64561124138743, 10.783795384963588], [78.64551995531589, 10.783796460938685], [78.64551886709677, 10.783706203761543], [78.6454275810432, 10.783707279700709], [78.645426492851, 10.783617022514582], [78.64533520682438, 10.783618098417815], [78.64533303052086, 10.783437584018612], [78.64515045853949, 10.78343973571728], [78.6451493704551, 10.783349478495222], [78.64505808448237, 10.783350554290656], [78.6450515563713, 10.782809010913388], [78.64486898470435, 10.78281116231561], [78.64486789677267, 10.782720905066602], [78.64495918258369, 10.782719829387949], [78.6449559187707, 10.782449057649908], [78.64486463304053, 10.782450133310595], [78.64486136939821, 10.782179361545603], [78.6447700837399, 10.78218043714341], [78.64476899590704, 10.782090179876434], [78.64458642461737, 10.782092330973231], [78.64458751239633, 10.782182588258172], [78.64449622671107, 10.782183663775129], [78.64449513895906, 10.782093406481204], [78.64440385328278, 10.782094481962229], [78.6444027655667, 10.782004224659321], [78.64431147991738, 10.782005300113397], [78.64430821690388, 10.781734528168743], [78.64449078803186, 10.781732377305508], [78.64448861263564, 10.781551862717661], [78.64430604160647, 10.781554013544962], [78.64430495398022, 10.781463756224088], [78.64421366848362, 10.781464831588332], [78.64421040572165, 10.781194059616729], [78.64402783485419, 10.781196210201484], [78.6440223973877, 10.780744923471353], [78.64420496798567, 10.780742772967445], [78.64420605551311, 10.780833030297302], [78.64438862612006, 10.780830879676612], [78.64438753853872, 10.780740622364723], [78.64457010905585, 10.780738471645218], [78.64456684620406, 10.780467699763447], [78.64465813135932, 10.780466624399203]], [[78.64504829244153, 10.782538239211279], [78.64532214962308, 10.782535011977687], [78.64532323767153, 10.782625269190763], [78.64559709485309, 10.782622041687677], [78.6455981829824, 10.782712298873804], [78.64550689724324, 10.782713374741103], [78.64550798536355, 10.78280363192723], [78.64541669958845, 10.782804707776563], [78.64541561149508, 10.782714450581455], [78.6451417541788, 10.78271767794081], [78.64514066617525, 10.78262742071875], [78.64504938040915, 10.782628496442321], [78.64504829244153, 10.782538239211279]], [[78.64514284219132, 10.782807935162868], [78.64523412799336, 10.782806859394382], [78.64523630409926, 10.782987373820534], [78.64514501824331, 10.782988449615969], [78.64514284219132, 10.782807935162868]], [[78.6456862042528, 10.782440451466092], [78.64568729240005, 10.782530708634251], [78.64559600672378, 10.782531784510535], [78.64559491860346, 10.782441527333392], [78.6456862042528, 10.782440451466092]], [[78.6456862042528, 10.782440451466092], [78.64568402799418, 10.78225993712079], [78.6458665991581, 10.782257785341272], [78.6458676873413, 10.78234804250045], [78.64577640173688, 10.782349118412666], [78.64577748989313, 10.782439375571842], [78.6456862042528, 10.782440451466092]]], [[[78.64520366656225, 10.780279657149787], [78.64520475434121, 10.78036991438083], [78.6451134692668, 10.78037098990677], [78.6451145570278, 10.780461247146794], [78.64465813135932, 10.780466624399203], [78.64465704373308, 10.780376367114263], [78.64456575860477, 10.780377442469522], [78.64456467101445, 10.780287185175599], [78.6446559561248, 10.780286109820338], [78.64465486851651, 10.780195852535398], [78.64474615358193, 10.780194777162171], [78.64474506596467, 10.780104519886214], [78.64483635099415, 10.780103444504004], [78.64483526335893, 10.780013187228045], [78.64501783333706, 10.78001103639176], [78.64501892103517, 10.780101293649752], [78.64511020603771, 10.780100218177711], [78.64511238151479, 10.780280732666744], [78.64520366656225, 10.780279657149787]]], [[[78.64570143916796, 10.78370405179338], [78.64579272518561, 10.783702975773366], [78.64579054860361, 10.783522461463997], [78.64597312050414, 10.78352030937007], [78.64596876723233, 10.783159280823195], [78.64606005306133, 10.783158204776232], [78.64606222973316, 10.783338719031704], [78.64615351560707, 10.783337642939825], [78.64615569236874, 10.78351815717733], [78.64624697828755, 10.783517081040534], [78.64625459745643, 10.78414888077748], [78.64634588355491, 10.784147804550853], [78.64634697207948, 10.784238061638165], [78.64643825819594, 10.784236985375607], [78.64644261247385, 10.784598013706885], [78.64653389868911, 10.784596937372461], [78.64653825322755, 10.784957965658826], [78.64644696690448, 10.784959042029183], [78.64644805553684, 10.785049299107511], [78.64653934188685, 10.785048222728172], [78.6465436966229, 10.785409251005552], [78.64672626951157, 10.785407098094158], [78.6467273582697, 10.785497355145537], [78.64645349884236, 10.785500584490169], [78.64645458752862, 10.785590841568498], [78.64691101999735, 10.785585459141792], [78.64691210883632, 10.785675716175206], [78.64700339533007, 10.785674639598236], [78.64700557307988, 10.785855153629129], [78.64709685961854, 10.785854077016227], [78.64709903746717, 10.786034591029154], [78.64700775087461, 10.786035667669005], [78.64700883978544, 10.786125924684452], [78.64710012640495, 10.786124848035616], [78.64710230430748, 10.786305362048543], [78.64691973095168, 10.786307515355194], [78.64692081986252, 10.786397772379624], [78.6468295331442, 10.786398848992526], [78.64683062204605, 10.786489106025938], [78.64692190879133, 10.78648802939507], [78.64692408665792, 10.786668543443929], [78.64710666022931, 10.786666390065411], [78.64710557123762, 10.786576133058949], [78.64728814471918, 10.786573979590601], [78.6472870556736, 10.786483722611086], [78.64737834237395, 10.78648264584547], [78.64738052051902, 10.786663159795516], [78.64747180725531, 10.786662082984984], [78.6474739854992, 10.786842596917063], [78.64738269870003, 10.78684367374556], [78.64738160960054, 10.786753416766047], [78.64719903603813, 10.786755570324226], [78.64720230319286, 10.7870263412987], [78.64738487692594, 10.78702418768662], [78.64738814432322, 10.787294958607196], [78.64711428347654, 10.787298189065739], [78.64711537254907, 10.787388446063218], [78.64729794651572, 10.787386292433172], [78.64730121394892, 10.787657063362731], [78.64711863982058, 10.787659217055658], [78.64711972893802, 10.787749474044155], [78.6468458675883, 10.787752704403884], [78.6468469566249, 10.787842961428312], [78.64693824377441, 10.787841884662697], [78.64694042193744, 10.788022398684607], [78.64684913473404, 10.788023475468188], [78.64685022380657, 10.788113732492617], [78.64694151103693, 10.788112655700052], [78.6469426001454, 10.788202912706517], [78.64703388739373, 10.788201835878018], [78.64703606569151, 10.788382349872979], [78.64712735298475, 10.788381272999565], [78.64712844217408, 10.788471529988062], [78.64721972948529, 10.788470453078716], [78.64722190794477, 10.788650967037745], [78.64713062057966, 10.788652043965056], [78.64713170979591, 10.788742300953553], [78.64731428458005, 10.78874014704503], [78.64731537385919, 10.78883040401556], [78.64740666126023, 10.7888293270074], [78.64740775058429, 10.788919583968948], [78.64731646314732, 10.78892066098609], [78.64731864175951, 10.78910117491817], [78.6474099292414, 10.78910009788306], [78.64741101859242, 10.789190354844607], [78.64759359358315, 10.789188200684555], [78.64759795129262, 10.789549228431929], [78.64732408846068, 10.789552459743872], [78.64732082040764, 10.789281688850247], [78.64722953286287, 10.789282765876374], [78.64722735426864, 10.789102251926328], [78.64704477925095, 10.789104405852818], [78.64704151159317, 10.788833634869361], [78.6469502241562, 10.78883471176074], [78.64694913497587, 10.788744454754278], [78.64676656011989, 10.788746608456188], [78.64676547101142, 10.788656351422775], [78.64649160873641, 10.788659581737589], [78.64649051971779, 10.78856932468621], [78.6462166574338, 10.788572554731527], [78.64621012401369, 10.788031012234606], [78.64630141128897, 10.78802993563069], [78.6463003223961, 10.78793967855236], [78.64639160963544, 10.787938601939459], [78.64639052071563, 10.787848344870113], [78.64648180791905, 10.787847268239245], [78.64648071899023, 10.787757011178883], [78.64657200614873, 10.787755934521066], [78.64657091720197, 10.787665677478671], [78.6467534914471, 10.787663524109137], [78.64675022449899, 10.787392753008898], [78.64665893745726, 10.787393829675699], [78.64665675959967, 10.787213315590908], [78.64656547260286, 10.787214392212793], [78.64656438370999, 10.787124135161413], [78.64647309674014, 10.787125211747366], [78.64646983020525, 10.786854440548314], [78.64637854329828, 10.786855517080367], [78.64637636571915, 10.786675002932693], [78.64628507885709, 10.78667607941983], [78.6462829013678, 10.786495565245207], [78.64610032772454, 10.786497718102702], [78.64609923904726, 10.786407460997424], [78.64573409176973, 10.78641176636207], [78.64573191465772, 10.786231252070666], [78.64564062786752, 10.78623232832424], [78.64563845085434, 10.786051814023853], [78.64572973759063, 10.786050737779261], [78.64573082611518, 10.786140994929456], [78.64591339961471, 10.786138842359422], [78.6459112224578, 10.78595832810395], [78.64600250913121, 10.785957251796477], [78.64600359773661, 10.78604750891972], [78.64609488443696, 10.786046432576313], [78.64609052997041, 10.785685404137235], [78.64618181655399, 10.785684327802812], [78.64618072793061, 10.785594070697535], [78.64627201447826, 10.785592994345144], [78.64626657138832, 10.785141708872654], [78.64617528498441, 10.785142785180128], [78.64617419642391, 10.78505252807485], [78.64635676917784, 10.785050375459901], [78.64635459197599, 10.784869861276295], [78.64626330566192, 10.784870937583769], [78.64626221710142, 10.784780680487474], [78.64617093080531, 10.784781756750034], [78.64617201932987, 10.784872013855312], [78.64608073299782, 10.784873090108887], [78.64607529057264, 10.784421804519615], [78.64616657676994, 10.784420728310955], [78.6461654882903, 10.784330471205678], [78.64607420211995, 10.784331547396372], [78.64607311366724, 10.784241290273128], [78.64616439981064, 10.784240214091417], [78.64616113445256, 10.783969442757618], [78.64606984839, 10.783970518912378], [78.64606875998221, 10.783880261789134], [78.64597747392865, 10.783881337907962], [78.64597638556579, 10.783791080775735], [78.64588509953018, 10.783792156858631], [78.64588618787508, 10.783882414008824], [78.64579490181252, 10.783883490073753], [78.64579381349458, 10.78379323292356], [78.645702527441, 10.783794308952558], [78.64570143916796, 10.78370405179338]], [[78.64711428347654, 10.787298189065739], [78.64684042253106, 10.787301419290719], [78.64683933354834, 10.787211162257307], [78.64711319441298, 10.787207932068258], [78.64711428347654, 10.787298189065739]], [[78.64627528043822, 10.785863765625045], [78.64636656705773, 10.785862689218755], [78.64636547836248, 10.785772432140426], [78.64654805151167, 10.785770279264966], [78.64654914025184, 10.785860536325329], [78.6466404268354, 10.785859459847174], [78.64664804851957, 10.786491259206826], [78.64646547496613, 10.786493412279915], [78.64646438617208, 10.786403155210571], [78.64637309940885, 10.78640423169771], [78.64636874446617, 10.786043203384395], [78.64627745780176, 10.78604427980865], [78.64627528043822, 10.785863765625045]]]]}, "id": "+9875+619", "properties": {"count": 1107, "water": 1}}, {"type": "Feature", "geometry": {"geodesic": false, "type": "Polygon", "coordinates": [[[78.64452886382587, 10.784891382260472], [78.64462015031961, 10.784890306465037], [78.64461797418677, 10.784709791940072], [78.64480054704849, 10.784707640304287], [78.64479945894614, 10.784617383055277], [78.64507331808602, 10.784614155435412], [78.64507222990281, 10.784523898213353], [78.64543737517711, 10.784519594375844], [78.64543846346811, 10.784609851561969], [78.64552974979117, 10.78460877552399], [78.64553083810912, 10.784699032701132], [78.64543955175911, 10.784700108748096], [78.64544064006807, 10.78479036592524], [78.6452580672872, 10.784792517956284], [78.64525915554226, 10.784882775151392], [78.6451678691114, 10.784883851135474], [78.6451711338766, 10.785154622756734], [78.64507984734692, 10.785155698740814], [78.64508093559301, 10.78524595595389], [78.64498964903639, 10.785247031920004], [78.64498856081725, 10.785156774697946], [78.64453212800716, 10.785162154079362], [78.64452886382587, 10.784891382260472]]]}, "id": "+9879+546", "properties": {"count": 50, "water": 1}}, {"type": "Feature", "geometry": {"geodesic": false, "type": "Polygon", "coordinates": [[[78.64199102951683, 10.740869319420636], [78.64244739697448, 10.740863965587307], [78.6424484798666, 10.74095422333039], [78.64263102683887, 10.740952081594038], [78.64262994389286, 10.740861823868922], [78.64290376419856, 10.740858611089225], [78.64290051518981, 10.740587838012694], [78.6428092418474, 10.740588908939259], [78.64280815888341, 10.74049865123211], [78.64271688555897, 10.740499722122744], [78.64271147105342, 10.740048433551065], [78.6430765637583, 10.740044150015482], [78.64307764674925, 10.740134407695681], [78.64289510036087, 10.740136549530847], [78.6428972662619, 10.74031706492718], [78.64298853951448, 10.740315994000612], [78.6429896225144, 10.740406251689796], [78.64308089578495, 10.740405180727297], [78.64307981275807, 10.740314923056081], [78.64317108599269, 10.740313852075616], [78.64317000295682, 10.7402235944044], [78.64335254934521, 10.740221452389571], [78.64335038319264, 10.740040937083071], [78.64344165631945, 10.740039866057689], [78.64343949014894, 10.739859350769155], [78.64371330930479, 10.739856137576233], [78.64371222615216, 10.739765879958915], [78.64389477215425, 10.739763737710526], [78.64389260577711, 10.739583222511822], [78.6436187869177, 10.739586435785593], [78.64361987002542, 10.739676693411894], [78.64352859702437, 10.73967776445524], [78.64352751395258, 10.739587506819957], [78.64334496797743, 10.73958964881682], [78.6433460510043, 10.73967990647007], [78.64325477797631, 10.739680977441552], [78.6432558609852, 10.739771235103785], [78.64307331484837, 10.739773376974883], [78.64307439781236, 10.739863634655082], [78.6429831247035, 10.739864705563683], [78.64298204176647, 10.739774447874499], [78.64289076867558, 10.739775518738183], [78.64288860288235, 10.739595003341853], [78.64279732983638, 10.73959607416062], [78.64279516414197, 10.739415558746321], [78.64288643713404, 10.739414487936537], [78.64288535427784, 10.739324230229387], [78.64306790018112, 10.73932208855592], [78.64306573438789, 10.739141573186537], [78.64297446149463, 10.739142644023271], [78.64297229578226, 10.73896212862694], [78.6430635686216, 10.738961057817153], [78.64306248575643, 10.738870800127971], [78.64315375855985, 10.73886972930022], [78.6431526756767, 10.73877947162002], [78.6432439484442, 10.738778400774303], [78.6432406997768, 10.738507627760654], [78.64314942709017, 10.738508698579421], [78.64314834424295, 10.738418440899222], [78.64305707157428, 10.738419511682057], [78.64305598877199, 10.738329253992875], [78.64287344346158, 10.738331395459731], [78.6428723607132, 10.738241137752583], [78.64278108807147, 10.738242208436603], [78.6427789226645, 10.738061692995355], [78.64287019525234, 10.738060622329302], [78.6428669471419, 10.737789849189888], [78.6429582196399, 10.737788778523834], [78.64295388884393, 10.73742774770422], [78.64304516122515, 10.737426677047148], [78.64304407852167, 10.737336419348983], [78.64322662320325, 10.737334277971959], [78.64322554045485, 10.737244020291758], [78.64349935732001, 10.737240808060033], [78.64349719169745, 10.737060292753533], [78.643223374994, 10.73706350493136], [78.64322012686559, 10.736792731881778], [78.6434939433265, 10.7367895197848], [78.64349502611084, 10.73687977743805], [78.6436775704241, 10.736877635890345], [78.64367865326233, 10.736967893525629], [78.64386119759357, 10.736965751852159], [78.64386228049467, 10.737056009469477], [78.64395355266927, 10.737054938578844], [78.64395463561529, 10.737145196187178], [78.64413717999145, 10.73714305431608], [78.64413826300034, 10.737233311906447], [78.64441207957805, 10.737230098875221], [78.64441099648829, 10.737139841311803], [78.64450226863593, 10.737138770259474], [78.64449901934871, 10.736867997596166], [78.64459029140653, 10.736866926543836], [78.64458595905649, 10.736505896353044], [78.64467723098855, 10.736504825309698], [78.64467181562961, 10.736053537609385], [78.64476308742691, 10.736052466584004], [78.64476417050768, 10.736142724120473], [78.64503798590859, 10.736139510855686], [78.64504015225877, 10.73632002585676], [78.64513142409201, 10.73631895469663], [78.64513250730754, 10.736409212197167], [78.64522377915874, 10.736408141001107], [78.64522486241019, 10.736498398483677], [78.64531613427937, 10.736497327251683], [78.64531180121966, 10.736136297348352], [78.64522052945829, 10.736137368544412], [78.64521727984766, 10.73586659608772], [78.64503473645965, 10.73586873833611], [78.64503365332499, 10.735778480835574], [78.64549001159287, 10.735773125043917], [78.64548892834142, 10.735682867579312], [78.64539765673275, 10.735683938784357], [78.64539657350825, 10.73559368131077], [78.64557911666269, 10.735591538900682], [78.64557803340226, 10.735501281445062], [78.64585184797672, 10.73549806765925], [78.64585076464441, 10.735407810230578], [78.64594203611833, 10.73540673892672], [78.64593986942678, 10.735226224087345], [78.64584859799778, 10.735227295373237], [78.64584751469243, 10.735137037953548], [78.6457562432814, 10.735138109203508], [78.64575516001197, 10.735047851765854], [78.64548134581482, 10.73505106533607], [78.64548351220094, 10.735231580265276], [78.64530096924413, 10.7352337225496], [78.64529988610047, 10.73514346506703], [78.64520861463555, 10.735144536164276], [78.64520753152783, 10.735054278672722], [78.64511626008085, 10.735055349725052], [78.64511517700907, 10.734965092224515], [78.64502390558008, 10.734966163249895], [78.64502282254422, 10.734875905731393], [78.64511409394626, 10.734874834723978], [78.64511301089244, 10.734784577214459], [78.64520428225856, 10.734783506189078], [78.64520319919575, 10.734693248688542], [78.64529447052594, 10.734692177645195], [78.64529338743618, 10.734601920162625], [78.6454759300157, 10.734599778004066], [78.64547484688103, 10.734509520530478], [78.64611374541077, 10.734502022211954], [78.64611266210542, 10.73441176480125], [78.64638647553902, 10.734408550862724], [78.64638755892521, 10.73449880824648], [78.6467526434734, 10.734494522581889], [78.64675155997043, 10.734404265243048], [78.64711664425809, 10.734399979183198], [78.64711772786886, 10.73449023649509], [78.64720899893854, 10.73448916490377], [78.64721116624094, 10.734669679491619], [78.64711989510839, 10.734670751100904], [78.64713615066245, 10.736024610563662], [78.64704487911666, 10.736025682280745], [78.64704596287118, 10.736115939583653], [78.6471372344439, 10.736114867848604], [78.64714698889922, 10.736927183457986], [78.64723826070552, 10.736926111615139], [78.64724584823574, 10.737557912546844], [78.64733712021271, 10.737556840614165], [78.6473403722398, 10.737827612406106], [78.647249100173, 10.73782868435675], [78.64725018417903, 10.737918941632708], [78.6473414562638, 10.737917869664097], [78.64735121294694, 10.73873018498602], [78.64725994061963, 10.738731257035479], [78.64726210882036, 10.738911771569429], [78.64717083642118, 10.738912843609905], [78.64717192051704, 10.739003100876879], [78.6468068307227, 10.739007388814208], [78.64680791471976, 10.739097646117116], [78.64662536971478, 10.739099789946541], [78.64662645365794, 10.739190047267414], [78.64644390856314, 10.739192191007009], [78.64644499246138, 10.739282448354832], [78.64635371987356, 10.739283520188696], [78.64635480375382, 10.739373777545502], [78.64617225848835, 10.739375921150348], [78.64617334233269, 10.739466178525122], [78.64589952428176, 10.739469393775186], [78.64590060805423, 10.739559651167925], [78.64580933532267, 10.739560722876025], [78.64581150283169, 10.739741237688452], [78.64562895724282, 10.739743381050754], [78.6456300409614, 10.739833638479425], [78.64553876812204, 10.739834710124644], [78.64553985181367, 10.739924967562297], [78.64544857893839, 10.739926039198533], [78.64544966262102, 10.740016296636187], [78.6452671167896, 10.740018439845775], [78.64526820042732, 10.740108697301396], [78.6451769274712, 10.740109768874749], [78.64517801109096, 10.740200026339352], [78.6450867380989, 10.740201097894738], [78.64508782170068, 10.740291355377309], [78.64490527562673, 10.740293498425201], [78.6449063591836, 10.740383755916755], [78.64472381301981, 10.740385898874814], [78.64472489653177, 10.740476156393317], [78.64463362340496, 10.740477227840906], [78.64463470690794, 10.740567485359408], [78.64454343374518, 10.74056855678903], [78.64454451722122, 10.740658814316516], [78.64445324402254, 10.740659885737156], [78.64445432748958, 10.740750143273626], [78.64427178101138, 10.740752286043039], [78.64427286442452, 10.740842543597473], [78.644181591145, 10.740843614946249], [78.64418267454917, 10.740933872509666], [78.64409140123371, 10.740934943849458], [78.64409248461092, 10.74102520142186], [78.64400121125954, 10.741026272734702], [78.64400229462777, 10.741116530316086], [78.64391102124044, 10.741117601619944], [78.64391210459071, 10.741207859210313], [78.64290809635096, 10.741219641854938], [78.64290701330613, 10.741129384165756], [78.6422680985528, 10.741136880472055], [78.64226701569662, 10.74104662271999], [78.64208446859857, 10.741048764258712], [78.64208338580526, 10.740958506488681], [78.64199211226521, 10.740959577208635], [78.64199102951683, 10.740869319420636]], [[78.64345032137885, 10.740761927175893], [78.64363286802774, 10.74075978489157], [78.64363503449471, 10.740940300126205], [78.64354376112536, 10.740941371304299], [78.64354267790983, 10.740851113677998], [78.64345140454945, 10.740852184811176], [78.64345032137885, 10.740761927175893]], [[78.64353509569764, 10.740219310266944], [78.64362636885141, 10.740218239160715], [78.64362745202202, 10.740308496787016], [78.6435361788413, 10.740309567893245], [78.64353509569764, 10.740219310266944]], [[78.643992544673, 10.740304212074639], [78.64408381781777, 10.740303140824679], [78.64408273450344, 10.740212883252278], [78.64417400761229, 10.740211811993335], [78.64417617428587, 10.740392327120173], [78.64399362796038, 10.740394469656025], [78.643992544673, 10.740304212074639]], [[78.64414476124243, 10.73777485743069], [78.64423603360568, 10.737773786387343], [78.64423495050694, 10.73768352881494], [78.64432622283425, 10.737682457753628], [78.64432947222029, 10.737953230452867], [78.644146927395, 10.73795537259346], [78.64414476124243, 10.73777485743069]], [[78.64531938417744, 10.736768099672446], [78.64541065611849, 10.736767028386552], [78.64541173946876, 10.736857285842174], [78.64532046750077, 10.736858357137049], [78.64531938417744, 10.736768099672446]], [[78.6456714715228, 10.73568072509736], [78.64576274310451, 10.735679653811468], [78.6457616597812, 10.735589396382796], [78.64594420285479, 10.735587253757114], [78.64594853643553, 10.7359482834179], [78.64576599314633, 10.735950426115448], [78.64576490978709, 10.735860168677794], [78.64567363816046, 10.735861239981652], [78.6456714715228, 10.73568072509736]], [[78.64578007766099, 10.73712377267021], [78.64596262165087, 10.737121629730115], [78.6459658723215, 10.737392401944264], [78.64578332816095, 10.737394544938256], [78.64578007766099, 10.73712377267021]]]}, "id": "+9904+1101", "properties": {"count": 2223, "water": 1}}, {"type": "Feature", "geometry": {"geodesic": false, "type": "Polygon", "coordinates": [[[78.64793076191488, 10.726175853286861], [78.6480220304064, 10.726174782279447], [78.64802094739748, 10.726084525021456], [78.64811221585306, 10.726083453996075], [78.64810896678142, 10.725812682231085], [78.64820023515614, 10.725811611214686], [78.64819915212028, 10.725721353965678], [78.64829042045908, 10.725720282922332], [78.64829150351291, 10.725810540162357], [78.64838277186966, 10.725809469083078], [78.6483816887799, 10.725719211852036], [78.64883803025828, 10.725713856114277], [78.64884994620391, 10.726706685062851], [78.64839360324332, 10.726712041312648], [78.64839468644088, 10.726802298525724], [78.64802961179213, 10.726806583085388], [78.64802852871135, 10.726716325827397], [78.64793726004918, 10.72671739688871], [78.64793076191488, 10.726175853286861]]]}, "id": "+9924+1197", "properties": {"count": 103, "water": 1}}, {"type": "Feature", "geometry": {"geodesic": false, "type": "MultiPolygon", "coordinates": [[[[78.6497559102564, 10.733737093263814], [78.64975699457685, 10.733827350306209], [78.64966572395633, 10.733828422580249], [78.64966463966283, 10.73373816552887], [78.6497559102564, 10.733737093263814]]], [[[78.6497559102564, 10.733737093263814], [78.64975374164246, 10.733556579188006], [78.64984501216415, 10.733555506913966], [78.64984284353224, 10.733374992847141], [78.64993411400005, 10.73337392056412], [78.6499308610477, 10.73310314949083], [78.65002213141668, 10.733102077207809], [78.65001996277577, 10.732921563176916], [78.650202503379, 10.732919418574939], [78.65020358774437, 10.73300967557242], [78.65029485805945, 10.733008603226516], [78.65029702688001, 10.733189117203509], [78.65020575651103, 10.733190189576362], [78.65020684091232, 10.733280446573843], [78.65029811130826, 10.733279374192007], [78.65030461806637, 10.733820916122987], [78.65021334750874, 10.733821988549739], [78.6502100941701, 10.733551217566282], [78.65011882368434, 10.733552289939135], [78.65011990809461, 10.7336425469456], [78.65002863756393, 10.73364361930947], [78.65002972195624, 10.733733876324916], [78.64993845139861, 10.733734948661837], [78.64993953577296, 10.733825205686266], [78.6498482651794, 10.733826278014204], [78.649847180832, 10.73373602098079], [78.6497559102564, 10.733737093263814]]]]}, "id": "+9938+1117", "properties": {"count": 38, "water": 1}}]}