{"type": "FeatureCollection", "columns": {"count": "Long<0, 4294967295>", "system:index": "String", "water": "Byte<0, 1>"}, "features": [{"type": "Feature", "geometry": {"geodesic": false, "type": "Polygon", "coordinates": [[[77.75824040267742, 11.414353700590032], [77.75833196455869, 11.41435283929432], [77.75833109153098, 11.414262507170733], [77.75851421522167, 11.414260784507446], [77.75851334214006, 11.414170452392842], [77.75887958932381, 11.414167006742872], [77.75888220894593, 11.414438002996853], [77.75879064707364, 11.414438864472228], [77.75879239346143, 11.414619528647536], [77.7586092695821, 11.414621251535403], [77.75861014273556, 11.414711583641024], [77.75824389477027, 11.41471502911133], [77.75824040267742, 11.414353700590032]]]}, "id": "+108+3680", "properties": {"count": 33, "water": 1}}, {"type": "Feature", "geometry": {"geodesic": false, "type": "MultiPolygon", "coordinates": [[[[77.75012811742022, 11.351552517956321], [77.7500365749695, 11.351553372029578], [77.75003570947865, 11.351463038890895], [77.75012725190243, 11.351462184817638], [77.75012811742022, 11.351552517956321]]], [[[77.75316981160681, 11.353692306984303], [77.75326135449771, 11.35369145177917], [77.75326222117432, 11.353781784657341], [77.75317067825648, 11.353782639880441], [77.75316981160681, 11.353692306984303]]], [[[77.75459691756883, 11.340218174814714], [77.75477999453814, 11.340216465491407], [77.75478086063984, 11.340306798333648], [77.75468932213272, 11.340307653026741], [77.75469018821646, 11.340397985877964], [77.75459864967341, 11.340398840544108], [77.75459691756883, 11.340218174814714]]], [[[77.75468672392644, 11.340036654455107], [77.75468585786966, 11.339946321594901], [77.75477739626898, 11.33994546693774], [77.75477826234373, 11.340035799788962], [77.75468672392644, 11.340036654455107]]], [[[77.75522036339584, 11.338405535253015], [77.75521949730313, 11.338315202428742], [77.7553110351365, 11.338314347726666], [77.75531190125616, 11.338404680550939], [77.75522036339584, 11.338405535253015]]], [[[77.75726421110282, 11.331972248935438], [77.75726507733927, 11.33206258164293], [77.75717354165286, 11.332063436488738], [77.75717440787133, 11.332153769205213], [77.75708287214002, 11.33215462402407], [77.75708200595747, 11.332064291307596], [77.7569904702531, 11.332065146090521], [77.7569896040975, 11.331974813365063], [77.75726421110282, 11.331972248935438]]], [[[77.75772015656788, 11.331787308977006], [77.75762862099826, 11.331788163939594], [77.75762775466299, 11.331697831259053], [77.75771929020567, 11.331696976305446], [77.75772015656788, 11.331787308977006]]], [[[77.74933625507543, 11.354902531519468], [77.74934231403236, 11.355534863732796], [77.74943385780361, 11.355534009569709], [77.74943212657938, 11.355353343247426], [77.74961521397813, 11.355351634867352], [77.74961348267304, 11.355170968563035], [77.74970502630056, 11.355170114355031], [77.74970416063005, 11.355079781207365], [77.74988724782219, 11.355078072701525], [77.74988638209778, 11.354987739571826], [77.75016101273778, 11.354985176624421], [77.75016014694151, 11.354894843512687], [77.75025169044325, 11.35489398915197], [77.7502499588058, 11.354713322937485], [77.75034150224467, 11.354712468558802], [77.75033977057127, 11.354531802362283], [77.75043131394726, 11.354530947965634], [77.75043044809709, 11.354440614871866], [77.75052199143714, 11.354439760457248], [77.75052025969188, 11.354259094278698], [77.75061180296905, 11.354258239855097], [77.75060574191006, 11.353625908270589], [77.75051419883951, 11.353626762649272], [77.75051506465374, 11.35371709574304], [77.75042352154726, 11.353717950103757], [77.7504252531398, 11.353898616300276], [77.75033370997043, 11.353899470643027], [77.75033457574874, 11.353989803745778], [77.75024303253444, 11.353990658070563], [77.75024389829478, 11.354080991182297], [77.75015235504456, 11.354081845480131], [77.75015322078694, 11.35417217860085], [77.75006167750078, 11.354173032880718], [77.7500625432162, 11.354263366001435], [77.74997099990311, 11.354264220263337], [77.74997186559158, 11.354354553393037], [77.74988032224255, 11.354355407627992], [77.74988118791305, 11.354445740766675], [77.7497896445191, 11.354446594983662], [77.74978791324097, 11.35426592869731], [77.74987945657203, 11.35426507449829], [77.7498785909195, 11.354174741359607], [77.74997013421464, 11.354173887133637], [77.74996840286464, 11.353993220874237], [77.75005994609688, 11.353992366630301], [77.75005908039944, 11.353902033509582], [77.75015062359576, 11.35390117924768], [77.75014975788932, 11.353810846126963], [77.75024130104072, 11.353809991847095], [77.75024043530733, 11.353719658735361], [77.75033197843179, 11.353718804428542], [77.75032851545332, 11.353357471999573], [77.75042005845201, 11.353356617701737], [77.75041919269167, 11.353266284598986], [77.75051073565443, 11.353265430274202], [77.75050986988511, 11.353175097180435], [77.75060141281193, 11.3531742428287], [77.75059794966278, 11.352812910471595], [77.75068949246385, 11.352812056128844], [77.75068776088028, 11.352631389959276], [77.75077930361846, 11.352630535598559], [77.75077843780423, 11.352540202513774], [77.75086998051546, 11.35253934813509], [77.75086911467427, 11.352449015059289], [77.75096065734957, 11.352448160653656], [77.75095979149042, 11.35235782759582], [77.75105133412978, 11.352356973163237], [77.75105046825266, 11.352266640105404], [77.75077584041541, 11.352269203277386], [77.75077757199897, 11.352449869437972], [77.75068602931469, 11.352450723780724], [77.75068343203368, 11.352179724517386], [77.75050034681783, 11.352181433086107], [77.75050121250631, 11.352271766188858], [77.75040966985796, 11.352272620432794], [77.75040620722983, 11.351911287994842], [77.75031466468927, 11.35191214218488], [77.75031379908165, 11.351821809073146], [77.75049688409987, 11.351820100675104], [77.75049601843834, 11.35172976756337], [77.75058756090704, 11.351728913328417], [77.75058496388652, 11.351457914029147], [77.75040187911085, 11.351459622436172], [77.75040361034407, 11.35164028865964], [77.75012898295599, 11.351642851086021], [77.75012811742022, 11.351552517956321], [77.75031120229471, 11.351550809710995], [77.75030774001692, 11.351189477219142], [77.7504908246309, 11.351187768919916], [77.75048736224532, 11.350826436481963], [77.75039582005512, 11.350827290618101], [77.75039495450139, 11.350736957497384], [77.75030341233813, 11.35073781159759], [77.75030254682034, 11.35064747846789], [77.75039408896562, 11.350646624376667], [77.75039149237631, 11.350375625014516], [77.75048303442279, 11.35037477091431], [77.75048216887805, 11.350284437793592], [77.75057371088859, 11.35028358367542], [77.75057197977216, 11.350102917451952], [77.75066352171083, 11.350102063315815], [77.75066179056745, 11.349921397110313], [77.75075333244325, 11.34992054296519], [77.75075073569224, 11.34964954366592], [77.75065919389729, 11.349650397793077], [77.75065832835256, 11.349560064690326], [77.75056678658456, 11.349560918790532], [77.75056505557592, 11.349380252558081], [77.750656597299, 11.349379398475842], [77.75065313526376, 11.349018066037889], [77.7507446768521, 11.34901721195565], [77.7507438113343, 11.348926878852899], [77.75065226977291, 11.348927732935138], [77.75065053881818, 11.348747066711669], [77.75083362182417, 11.348745358556174], [77.7508327562974, 11.348655025462406], [77.75074121482584, 11.348655879544646], [77.75074034933499, 11.348565546432912], [77.75064880789039, 11.348566400479218], [77.7506462115526, 11.348295401144016], [77.75055467017987, 11.348296255136423], [77.75055380477885, 11.348205922015707], [77.75064534611566, 11.348205068023299], [77.75064361527771, 11.348024401790848], [77.75073515655163, 11.348023547789456], [77.75073169484877, 11.34766221534252], [77.75064015368264, 11.347663069316962], [77.75063928830858, 11.347572736196245], [77.75045620602124, 11.347574444055297], [77.75045534070107, 11.347484110916614], [77.75036379957986, 11.347484964801223], [77.75036293429562, 11.347394631653557], [77.75027139319238, 11.347395485502235], [77.75026793226208, 11.347034152893603], [77.75017639126662, 11.347035006688381], [77.75017293056987, 11.346673674043815], [77.75008138968222, 11.346674527775711], [77.75007273874434, 11.345771196065485], [77.75016427934453, 11.345770342405453], [77.75016168412066, 11.34549934289957], [77.75025322463101, 11.345498489230556], [77.7502514944668, 11.345317822908275], [77.75043457534377, 11.345316115507362], [77.75043544048428, 11.345406448664013], [77.75034390001883, 11.345407302377943], [77.75035255152265, 11.346310633908507], [77.75044409227556, 11.34630978011373], [77.75044582272724, 11.346490446400079], [77.75053736352505, 11.346489592569368], [77.75053909405759, 11.34667025883775], [77.7506306349183, 11.346669404971108], [77.75063236553167, 11.346850071221525], [77.75081544733392, 11.346848363362474], [77.7508059286594, 11.34585469910645], [77.75089746923264, 11.345853845203873], [77.75089833455282, 11.345944178315607], [77.75108141573523, 11.345942470429605], [77.75108228112725, 11.346032803523373], [77.7513569029368, 11.346030241465302], [77.75136036491814, 11.346391573759524], [77.75145190561715, 11.346390719650335], [77.75145450226934, 11.346661718841807], [77.75154604304919, 11.346660864687701], [77.75154344630717, 11.346389865514196], [77.75163498699719, 11.346389011351109], [77.7516315246745, 11.346027679137734], [77.75172306523875, 11.346026824974647], [77.75171960291604, 11.345665492788221], [77.75181114335454, 11.345664638625134], [77.7518094121842, 11.345483972536414], [77.75190095255981, 11.345483118355359], [77.75190354941861, 11.345754117465983], [77.75181200895318, 11.345754971665002], [77.75181633705418, 11.346206636864347], [77.75190787766336, 11.346205782629394], [77.75191047470183, 11.34647678172205], [77.75181893401181, 11.34647763597497], [77.75182066534384, 11.346658302054708], [77.75163758382007, 11.346660010506648], [77.75163844944565, 11.346750343555499], [77.75154690863886, 11.346751197745537], [77.75154863984511, 11.346931863852223], [77.75145709898442, 11.346932718033278], [77.75145796457407, 11.347023051091114], [77.75136642366846, 11.347023905245218], [77.75136988597319, 11.34738523751249], [77.75127834495079, 11.347386091666595], [77.75127661383436, 11.347205425523976], [77.75109353187939, 11.347207133715404], [77.75109612838786, 11.347478132978742], [77.75118766945518, 11.347477278869553], [77.75118853499991, 11.347567611954336], [77.75109699389667, 11.347568466063526], [77.75110045603971, 11.347929798402664], [77.75119199725076, 11.347928944257543], [77.75119113167906, 11.347838611181741], [77.75128267285417, 11.347837757027635], [77.75128180725552, 11.347747423951835], [77.75137334839471, 11.34774656977078], [77.75137594528945, 11.348017568953269], [77.75146748650947, 11.348016714727299], [77.75146835217998, 11.34810704777615], [77.75155989341798, 11.348106193514248], [77.75155902772052, 11.348015860465397], [77.75165056892259, 11.348015006176544], [77.75165143465597, 11.348105339216414], [77.751742975876, 11.348104484891628], [77.75174384164532, 11.348194817922513], [77.7518353828923, 11.348193963561796], [77.75183624869754, 11.348284296592682], [77.7519277899625, 11.348283442196033], [77.75192605830706, 11.34810277616121], [77.75201759950913, 11.348101921755578], [77.75201586782676, 11.347921255729739], [77.75210740896593, 11.347920401306139], [77.7521065430978, 11.34783006829322], [77.7522896252953, 11.34782835938314], [77.75228789347818, 11.347647693393233], [77.75237943450956, 11.347646838906751], [77.75238116638059, 11.347827504878692], [77.75247270746587, 11.347826650347294], [77.75247184149892, 11.347736317370307], [77.75256338253928, 11.347735462820944], [77.75256165056945, 11.347554796875954], [77.75247010958297, 11.347555651407351], [77.75246664584094, 11.347194319481439], [77.75255818671063, 11.347193464976991], [77.75255732076164, 11.347103132000004], [77.75264886160437, 11.347102277468606], [77.75264712967048, 11.346921611523616], [77.75273867044135, 11.346920756983236], [77.75273693848948, 11.346740091056212], [77.75282847919746, 11.346739236488883], [77.7528250152578, 11.346377904652801], [77.75273347466658, 11.346378759184198], [77.75273520656455, 11.346559425120205], [77.75255212524739, 11.3465611341291], [77.75255039346621, 11.346380468166144], [77.7526419340664, 11.346379613688645], [77.75264106816233, 11.346289280711659], [77.75273260872659, 11.346288426216194], [77.75273001096048, 11.346017427312184], [77.75263847047707, 11.346018281789682], [77.75263240948097, 11.345385950932808], [77.75272394976675, 11.34538509650921], [77.75272135221624, 11.34511409757825], [77.75262981202029, 11.345114951983883], [77.75262894621504, 11.345024618997913], [77.75272048638404, 11.345023764601263], [77.75271529153454, 11.34448176673036], [77.7528068315149, 11.344480912342693], [77.75280163676422, 11.343938914489755], [77.75289317656491, 11.343938060120054], [77.75288019040238, 11.342583065492205], [77.75297172977187, 11.342582211203352], [77.75296740126663, 11.342130546327402], [77.7530589404924, 11.342129692038549], [77.75305807478595, 11.342039359070546], [77.75314961396681, 11.342038504763728], [77.753147882518, 11.341857838836704], [77.75323942163597, 11.341856984511919], [77.7532385558936, 11.341766651552899], [77.75333009497564, 11.341765797210147], [77.75333182653225, 11.341946463110222], [77.75324028738733, 11.34194731747094], [77.753242018908, 11.342127983379998], [77.7531504797002, 11.342128837722749], [77.75315307695426, 11.342399836608793], [77.75306153765663, 11.34240069094256], [77.75306500064409, 11.34276202280559], [77.7531565400585, 11.342761168444873], [77.75315567427121, 11.342670835485853], [77.7533387530192, 11.342669126683571], [77.75334221643783, 11.34303045845677], [77.75325067695155, 11.343031312898336], [77.75325154279274, 11.343121645848374], [77.75316000327952, 11.34312250026299], [77.75316260076714, 11.343393499131068], [77.75343721956733, 11.343390935716538], [77.7534363536453, 11.343300602784469], [77.7536194327526, 11.34329889371269], [77.75361770080973, 11.343118227875499], [77.753709240296, 11.343117373308168], [77.75370837430211, 11.343027040394064], [77.75361683485175, 11.34302789495241], [77.75361423701378, 11.34275689619213], [77.7537973157438, 11.342755187093402], [77.75379471780701, 11.342484188360073], [77.7539777963394, 11.34248247918948], [77.75397519828583, 11.342211480501065], [77.75406673745769, 11.34221062588882], [77.75406587142787, 11.342120293001665], [77.7541574105638, 11.342119438371453], [77.75415654450701, 11.342029105484297], [77.75433962269804, 11.342027396160992], [77.75433789050362, 11.34184673041363], [77.75442942952279, 11.341845875720537], [77.75442769730142, 11.341665209991142], [77.75451923625769, 11.341664355280082], [77.7545166378987, 11.341393356699465], [77.75460817676515, 11.341392501988405], [77.7546055783792, 11.34112150341677], [77.75469711714682, 11.341120648696727], [77.75469192040188, 11.340578651589391], [77.75478345899883, 11.340577796878332], [77.75478259287019, 11.340487464036093], [77.7548741314312, 11.340486609307066], [77.7548732652756, 11.340396276464826], [77.75496480380069, 11.34039542170885], [77.75496393762712, 11.340305088875594], [77.75533009152981, 11.340301669618128], [77.75532835897607, 11.340121004005514], [77.75541989737539, 11.340120149132758], [77.75541729852233, 11.339849150731803], [77.75550883683181, 11.339848295850063], [77.75550710424214, 11.3396676302644], [77.75559864247977, 11.339666775364693], [77.75559431100109, 11.339215111414008], [77.75568584908599, 11.339214256523285], [77.75568065137986, 11.338672259793242], [77.75577218928511, 11.338671404920484], [77.75576785792322, 11.33821974100573], [77.75567632015272, 11.338220595842555], [77.75567458771576, 11.338039930256892], [77.75576612542338, 11.33803907542905], [77.75575659722672, 11.337045414730355], [77.75566505983352, 11.337046269477348], [77.75566246147453, 11.336775271076394], [77.75575399878689, 11.336774416347367], [77.75575313264925, 11.336684083550043], [77.75566159537283, 11.336684938270087], [77.75565466680179, 11.335962275828615], [77.75556312974096, 11.335963130458827], [77.75556226373808, 11.335872797643537], [77.75547072669522, 11.3358736522468], [77.75547332466793, 11.336144650710636], [77.75538178753524, 11.336145505304916], [77.75538265351118, 11.33623583812919], [77.75529111634255, 11.336236692705501], [77.75529284825849, 11.336417358372014], [77.75520131102698, 11.336418212921378], [77.75520217696698, 11.336508545763618], [77.75511063970852, 11.336509400303997], [77.7551149693726, 11.336961064524177], [77.75502343195244, 11.336961919064558], [77.75502602975448, 11.337232917618225], [77.7549344922445, 11.337233772149622], [77.75493535816653, 11.337324105000846], [77.75502689570347, 11.337323250460464], [77.75502776166144, 11.337413583311687], [77.75493622408857, 11.337414437861051], [77.75493795596857, 11.337595103563496], [77.75484641833282, 11.337595958094893], [77.75484728425485, 11.3376862909551], [77.75503035957126, 11.33768458184739], [77.75502949358635, 11.33759424900515], [77.75512103120414, 11.33759339441087], [77.75512362924871, 11.337864392928605], [77.75484901611689, 11.33786695667551], [77.75484988205689, 11.337957289535716], [77.75475834430436, 11.337958144067114], [77.7547592102264, 11.338048476936303], [77.75466767243793, 11.33804933144075], [77.75467027015912, 11.3383203300573], [77.75457873227185, 11.338321184561748], [77.754580464071, 11.338501850309108], [77.75421431223442, 11.33850526810232], [77.7542151780307, 11.338595601007443], [77.75412364001767, 11.338596455386126], [77.75412450579597, 11.33868678830023], [77.754032967747, 11.338687642660947], [77.75403123627123, 11.338506976823755], [77.75393969827616, 11.33850783114854], [77.7539388325787, 11.338417498225452], [77.75403037054683, 11.33841664390965], [77.75402950482241, 11.338326310995546], [77.75421258066883, 11.338324602292078], [77.75420998337884, 11.338053603576713], [77.75439305902763, 11.338051894810363], [77.75439392484186, 11.3381422277065], [77.75448546267525, 11.338141373264936], [77.75448373100186, 11.337960707499608], [77.75457526878134, 11.337959853049059], [77.75457267123083, 11.337688854414543], [77.75466420891149, 11.337687999955012], [77.75466334305234, 11.337597667085822], [77.75457180539863, 11.337598521527388], [77.75457007375218, 11.337417855771044], [77.75466161134301, 11.337417001329479], [77.75466074550182, 11.337326668460289], [77.75484382062062, 11.337324959514277], [77.75484295472553, 11.337234626654071], [77.75438526703188, 11.337238898763085], [77.7543844012895, 11.337148565857962], [77.75456747633642, 11.337146857118562], [77.7545640132232, 11.336785525578923], [77.7546555506164, 11.336784671191257], [77.75465381904183, 11.336604005434914], [77.75474535637215, 11.33660315102928], [77.75474449056689, 11.336512818160092], [77.75465295327251, 11.336513672547758], [77.75465122174285, 11.33633300678243], [77.75474275898334, 11.336332152403747], [77.75474189320504, 11.336241819534559], [77.75483343040959, 11.336240965128926], [77.75483169881706, 11.336060299390548], [77.75492323595873, 11.336059444975932], [77.75492150433026, 11.335878779246537], [77.75501304141802, 11.335877924813955], [77.755006114976, 11.335155261932309], [77.75509765182123, 11.33515440753566], [77.75509592022868, 11.33497374182423], [77.75518745700205, 11.334972887400632], [77.75518659118782, 11.334882554558392], [77.75527812792525, 11.334881700116826], [77.75527639626982, 11.334701034432348], [77.75536793294438, 11.334700179972815], [77.75536620125303, 11.33451951429732], [77.75545773786469, 11.334518659837787], [77.75545687199656, 11.334428327004531], [77.7555484085723, 11.334427472509066], [77.75554667680908, 11.334246806860522], [77.75563821332193, 11.334245952356072], [77.75563734742684, 11.334155619540784], [77.75572888390376, 11.334154765018368], [77.7557262861646, 11.3338837665725], [77.75581782254271, 11.333882912041103], [77.75581609069864, 11.333702246419506], [77.75590762701387, 11.333701391879124], [77.75590676107387, 11.333611059072819], [77.7558152247856, 11.333611913613199], [77.75581435888152, 11.333521580797909], [77.75590589514285, 11.333520726275495], [77.75590502921183, 11.333430393469188], [77.75599656543723, 11.333429538910842], [77.75599483354824, 11.333248873316194], [77.75608636971076, 11.333248018748865], [77.75608550375279, 11.333157685960524], [77.75617703987038, 11.333156831375227], [77.75617444195156, 11.332885833010206], [77.75626597797933, 11.332884978415928], [77.7562642460095, 11.332704312857212], [77.75635578197438, 11.332703458244966], [77.7563549159715, 11.332613125474593], [77.75644645190044, 11.33261227084438], [77.7564481839691, 11.332792936376146], [77.75653971994296, 11.332792081701019], [77.75654058602669, 11.332882414462409], [77.75663212202751, 11.33288155975135], [77.7566329881382, 11.332971892503757], [77.75672452415697, 11.332971037765747], [77.7567227918817, 11.332790372269915], [77.7568143278376, 11.33278951751394], [77.75681086326912, 11.332428186549222], [77.75699393492938, 11.332426477010321], [77.75699306874684, 11.33233614427588], [77.75708460454105, 11.332335289474988], [77.75708373834053, 11.33224495674953], [77.7573583455794, 11.332242392176175], [77.75735574676227, 11.331971394071665], [77.75726421110282, 11.331972248935438], [77.75726334487535, 11.331881916227946], [77.75735488049888, 11.331881061373155], [77.75735401424447, 11.331790728665663], [77.75744554984104, 11.331789873783924], [77.7574464161224, 11.331880206482433], [77.75772102293008, 11.331877641657549], [77.75772015656788, 11.331787308977006], [77.75781169212853, 11.331786453987467], [77.75781082573936, 11.33169612131591], [77.75790236126407, 11.331695266299421], [77.75790149484796, 11.331604933636845], [77.75799303033673, 11.33160407860239], [77.75799216391165, 11.331513745948797], [77.75808369936449, 11.331512890896377], [77.75808456582551, 11.331603223540988], [77.75817610129633, 11.331602368452636], [77.75817696779328, 11.331692701088262], [77.75826850329103, 11.331691845963977], [77.75826936981494, 11.331782178599603], [77.75836090533966, 11.331781323439387], [77.75836177189949, 11.33187165606603], [77.75845330744217, 11.33187080086988], [77.75845417404692, 11.331961133487539], [77.75854570960756, 11.331960278255456], [77.75854657623927, 11.332050610864135], [77.75863811182685, 11.332049755596119], [77.75863897850347, 11.332140088204795], [77.75873051410005, 11.332139232900847], [77.7587313808126, 11.33222956549156], [77.75891445205066, 11.332227854784847], [77.7589153188261, 11.332318187366575], [77.75900685446759, 11.332317331963813], [77.7590085880993, 11.332497997118285], [77.75910012378571, 11.332497141670606], [77.759100990642, 11.332587474234368], [77.75919252634637, 11.33258661875974], [77.75919339323858, 11.332676951314518], [77.75937646469224, 11.332675240257464], [77.75937733164733, 11.33276557280326], [77.75946886739662, 11.332764717220833], [77.75947060138766, 11.332945382294458], [77.75956213718186, 11.332944526667116], [77.75956300421781, 11.333034859194946], [77.75965454002998, 11.333034003540654], [77.75965540710186, 11.3331243360595], [77.75974694294098, 11.333123480369276], [77.7597478100488, 11.333213812888122], [77.75983934590587, 11.333212957152982], [77.75984021304961, 11.333303289662846], [77.75993174892467, 11.333302433900755], [77.75993348329301, 11.333483098893531], [77.75975041141714, 11.33348481041771], [77.75974954428237, 11.333394477907847], [77.75965800836241, 11.333395333616037], [77.75965627418272, 11.333214668578346], [77.75938166654859, 11.333217235505288], [77.75938079954857, 11.333126902968475], [77.7591061919324, 11.333129469616939], [77.75910705884259, 11.3332198021807], [77.75901552292261, 11.333220657682277], [77.75901725669806, 11.333401322818784], [77.75865111273073, 11.333404744591533], [77.75865197952413, 11.333495077182244], [77.75846890743267, 11.333496787915905], [77.75847150766914, 11.333767785741937], [77.7583799715246, 11.333768641081818], [77.75838170499462, 11.333949306308156], [77.7582901687872, 11.333950161639054], [77.75829190223027, 11.334130826874375], [77.75810882968067, 11.334132537473288], [77.7581096963483, 11.334222870108915], [77.75801816004206, 11.334223725376932], [77.75801989335038, 11.334404390648185], [77.75792835697227, 11.334405245898234], [77.75793009025365, 11.334585911187455], [77.75802162669464, 11.334585055919439], [77.75802249337126, 11.334675388555066], [77.75811402983021, 11.3346745332601], [77.75811316311766, 11.334584200633456], [77.75820469954068, 11.334583345302558], [77.7582064330197, 11.334764010546863], [77.75811489654276, 11.334764865886743], [77.75811576327328, 11.334855198513388], [77.75802422676043, 11.33485605382632], [77.75802336005685, 11.334765721190692], [77.75793182357096, 11.334766576476675], [77.75793355690622, 11.334947241756911], [77.75784202035744, 11.334948097024927], [77.75784375366577, 11.335128762314147], [77.75775221704511, 11.335129617564196], [77.75775395033547, 11.335310282871383], [77.75766241364295, 11.335311138103465], [77.75766328027466, 11.335401470766042], [77.75757174354621, 11.335402325980159], [77.75757347676469, 11.335582991314295], [77.75748193997336, 11.335583846510445], [77.75748280656913, 11.335674179182005], [77.75739126974187, 11.33567503436019], [77.75739473606207, 11.336036365064393], [77.75730319911803, 11.336037220242577], [77.75730493226466, 11.336217885603663], [77.75721339525772, 11.336218740772864], [77.75721512837741, 11.336399406142933], [77.75712359129861, 11.336400261294168], [77.75712705751101, 11.336761592070237], [77.75703552031544, 11.336762447212488], [77.75703638685731, 11.336852779910997], [77.75685331238532, 11.3368544901416], [77.75685591188517, 11.337125488273061], [77.75676437454587, 11.337126343370397], [77.75677044010541, 11.337758672367757], [77.7566789025595, 11.33775952748306], [77.75668150210426, 11.338030525632485], [77.7565899644775, 11.338031380747788], [77.75659083097446, 11.338121713464263], [77.75649929330277, 11.338122568552615], [77.75650015978177, 11.338212901287056], [77.75659169748039, 11.338212046189721], [77.7565925640043, 11.338302378915179], [77.75650102626973, 11.338303234012516], [77.75650362577858, 11.338574232197873], [77.75659516359399, 11.338573377073589], [77.75659603014483, 11.338663709799047], [77.75650449230248, 11.338664564923333], [77.75650795844302, 11.339025895825166], [77.75641642047489, 11.339026750958434], [77.75641815353168, 11.339207416418335], [77.75632661550068, 11.339208271524653], [77.7563300815963, 11.339569602471402], [77.75642161974409, 11.339568747329151], [77.75642335289072, 11.33974941278905], [77.75624027647837, 11.339751123064572], [77.75624287607704, 11.340022121285863], [77.75651749094261, 11.340019555760293], [77.75651835757431, 11.340109888476768], [77.7566098958838, 11.340109033235702], [77.75661249591366, 11.340380031367161], [77.7565209575323, 11.340380886626194], [77.75652615762796, 11.340922882907078], [77.75643461905796, 11.340923738175094], [77.75643548573458, 11.34101407089157], [77.75634394713764, 11.341014926150603], [77.75634568045494, 11.341195591592536], [77.75625414178613, 11.341196446833603], [77.7562550084358, 11.341286779568044], [77.75616346973105, 11.34128763478216], [77.75616433635378, 11.341377967516602], [77.7560727976131, 11.341378822712752], [77.75607193101733, 11.341288489969328], [77.75598039229462, 11.341289345129546], [77.75598125886344, 11.341379677881953], [77.75579818134615, 11.341381388130523], [77.75579904786107, 11.341471720891915], [77.7557075090665, 11.341472575980267], [77.75570837555448, 11.341562908750642], [77.75561683672396, 11.341563763821028], [77.75561856967296, 11.34174442937076], [77.75552703077958, 11.34174528442318], [77.7555278972406, 11.34183561721152], [77.75543635830229, 11.341836472236992], [77.75543722473637, 11.34192680502533], [77.7553456857711, 11.341927660041819], [77.7553474186123, 11.342108325627484], [77.75525587957519, 11.342109180626004], [77.75525674597333, 11.342199513423328], [77.75516520690027, 11.342200368403883], [77.75516607328045, 11.342290701210189], [77.75507453417147, 11.342291556163795], [77.75507626690487, 11.34247222178539], [77.75498472772402, 11.342473076730014], [77.75498732678369, 11.342744075184866], [77.754895787522, 11.342744930120507], [77.7549009856683, 11.34328692705716], [77.75480944621796, 11.343287782001784], [77.75481031258016, 11.343378114826058], [77.75471877309388, 11.343378969752713], [77.75471963942915, 11.34346930258597], [77.75462809990694, 11.343470157485676], [77.75462896622423, 11.343560490327915], [77.75453742666609, 11.343561345209654], [77.75453915925576, 11.343742010903117], [77.7546306988678, 11.343741156012394], [77.75462983254153, 11.343650823170154], [77.75472137211763, 11.343649968252482], [77.75472397120426, 11.34392096675225], [77.75463243153833, 11.34392182168789], [77.75463416424478, 11.344102487363385], [77.75454262452493, 11.344103342281057], [77.7545434908512, 11.344193675123297], [77.75445195109543, 11.344194530031986], [77.75445108478712, 11.344104197180764], [77.75426800529355, 11.344105906881362], [77.7542671390571, 11.344015574021157], [77.75417559932828, 11.344016428822048], [77.75417733175625, 11.344197094560426], [77.75408579196454, 11.344197949352335], [77.75408925681151, 11.34455928085604], [77.75399771689405, 11.344560135647948], [77.75399685070252, 11.344469802760793], [77.753905310812, 11.34447065751677], [77.75390444464742, 11.344380324629613], [77.75381290478384, 11.344381179349657], [77.75381203866418, 11.344290846444535], [77.75372049880959, 11.344291701128647], [77.75371963272586, 11.344201368223525], [77.75362809289823, 11.344202222871703], [77.753628958955, 11.344292555785808], [77.75353741909143, 11.344293410407037], [77.75354088326466, 11.34465474208142], [77.75363242324501, 11.34465388742426], [77.75363588766079, 11.345015219062713], [77.75354434756366, 11.345016073746823], [77.75354607975807, 11.345196739566049], [77.7536376199091, 11.345195884872956], [77.75364195066014, 11.345647549398562], [77.75373349094592, 11.345646694633603], [77.75373522335593, 11.34582736042588], [77.7538267636956, 11.345826505624988], [77.75382936245884, 11.346097504286453], [77.75392090287038, 11.346096649440646], [77.75392610075617, 11.346638646700695], [77.75401764133841, 11.34663779177404], [77.75401850770959, 11.346728124643228], [77.75411004830978, 11.346727269689623], [77.75410918191164, 11.346636936829418], [77.7542007224759, 11.346636081848862], [77.75420158890998, 11.346726414709067], [77.7542931294922, 11.346725559692581], [77.75429399595322, 11.34681589253482], [77.75447707717156, 11.346814182412013], [77.75447794369548, 11.346904515245269], [77.75456948432262, 11.34690366013895], [77.75457381720265, 11.347355324251334], [77.75448227644077, 11.347356179393584], [77.75448400958739, 11.347536845051113], [77.75439246875364, 11.347537700184382], [77.75439420187332, 11.347718365850895], [77.75430266097669, 11.347719220966198], [77.75430439406941, 11.347899886641693], [77.7542128531099, 11.347900741748012], [77.75421545271755, 11.348171740283712], [77.7541239116682, 11.34817259538105], [77.75412824435061, 11.34862425962818], [77.75403670313958, 11.348625114725515], [77.75404016930706, 11.348986446139389], [77.75394862797924, 11.348987301245707], [77.75394949451213, 11.349077634096929], [77.75385795314837, 11.349078489185281], [77.75385881965431, 11.349168822045488], [77.75376727825461, 11.349169677106891], [77.7537681447426, 11.34926000997608], [77.75367660330697, 11.349260865019517], [77.75367746977697, 11.349351197888705], [77.75386055269314, 11.349349487774882], [77.7538622857679, 11.349530153504277], [77.75377074425143, 11.349531008583646], [77.75377247729025, 11.349711674322025], [77.7536809357109, 11.349712529401394], [77.75368180221685, 11.349802862270582], [77.75359026060156, 11.349803717323002], [77.75358939412257, 11.349713384444831], [77.75349785253424, 11.349714239461317], [77.75349698609118, 11.34962390656518], [77.75340544452081, 11.349624761554718], [77.75340631092793, 11.349715094450856], [77.75331476932163, 11.34971594940446], [77.75331736850707, 11.349986948110843], [77.75350045189036, 11.349985238122784], [77.75350131836036, 11.350075571009938], [77.7536844017706, 11.350073860896115], [77.75368960107573, 11.350615858120232], [77.75359805920891, 11.350616713235533], [77.75359719266704, 11.350526380357362], [77.75341410895139, 11.350528090489151], [77.75341324247239, 11.350437757593014], [77.75350478430327, 11.350436902549577], [77.75350305131835, 11.350256236784249], [77.75341150954137, 11.35025709180972], [77.75340977664627, 11.350076426026426], [77.75313515145007, 11.350078990905208], [77.75313688417448, 11.350259656733417], [77.75304534237056, 11.35026051165109], [77.75304620871479, 11.350350844565195], [77.75295466687493, 11.350351699464902], [77.75295813222495, 11.350713031166237], [77.7530496741816, 11.350712176239579], [77.75305054056177, 11.350802509153684], [77.753233624511, 11.35080079921054], [77.75323449095406, 11.350891132115663], [77.75341757493022, 11.350889422046755], [77.75341930796007, 11.351070087821066], [77.7532362238761, 11.351071797916923], [77.75323882330409, 11.35134279661432], [77.75342190756773, 11.351341086473548], [77.75342104102585, 11.351250753586394], [77.75351258311724, 11.351249898480074], [77.75351431626387, 11.351430564236418], [77.75342277411858, 11.351431419360702], [77.75342537380708, 11.351702418013186], [77.75333383157195, 11.351703273119504], [77.75333729781131, 11.352064604677109], [77.7534288401722, 11.352063749534857], [77.75343663991143, 11.352876745429421], [77.75334509729902, 11.352877600634555], [77.75334596393971, 11.352967933512728], [77.75325442129136, 11.352968788690912], [77.75325615454578, 11.353149454465221], [77.75334769725701, 11.35314859926907], [77.75335029728687, 11.35341959791257], [77.75325875448581, 11.353420453126688], [77.75325962115345, 11.353510786013842], [77.75316807831645, 11.353511641209993], [77.75316981160681, 11.353692306984303], [77.75307826870693, 11.35369316217147], [77.75308086861104, 11.353964160859885], [77.75298932562131, 11.353965016029086], [77.75299019224404, 11.354055348934208], [77.7530817352607, 11.354054493747041], [77.75308346857801, 11.354235159539318], [77.75317501163958, 11.354234304316218], [77.75317934521132, 11.354685968734026], [77.75308780199704, 11.35468682399306], [77.75308953542215, 11.354867489776353], [77.75299799214497, 11.354868345017419], [77.75300232568078, 11.355320009489128], [77.75291078225091, 11.355320864739177], [77.7529099155653, 11.35523053184304], [77.75263528532057, 11.355233097395558], [77.75263701853906, 11.355413763241733], [77.75272856202284, 11.355412908063549], [77.75272942867251, 11.355503240977654], [77.75282097217426, 11.355502385772521], [77.75282183885986, 11.355592718677642], [77.75263875179348, 11.355594429078925], [77.75264135172453, 11.355865427830222], [77.75254980809702, 11.355866283008407], [77.7525524080101, 11.35613728177767], [77.75246086428378, 11.356138136946871], [77.7524625975382, 11.356318802811014], [77.75237105374899, 11.356319657962247], [77.75237192036272, 11.356409990903302], [77.75228037653758, 11.356410846036571], [77.75228124312437, 11.356501178977625], [77.7521896992633, 11.356502034092927], [77.75219143240993, 11.356682699984018], [77.75200834455303, 11.35668441015174], [77.75200921107694, 11.35677474311076], [77.75173457915236, 11.35677730817819], [77.75173544559541, 11.356867641155176], [77.75155235754987, 11.356869351071369], [77.75155322394801, 11.356959684066323], [77.75146167988032, 11.356960538992979], [77.7514634126317, 11.357141204991867], [77.75128032437055, 11.357142914773315], [77.75128119070582, 11.357233247786233], [77.75082346978348, 11.357237521799675], [77.75082260359196, 11.357147188750824], [77.750639515232, 11.357148898137012], [77.75064038136065, 11.35723923120383], [77.75054883714024, 11.35724008586099], [77.75054970324194, 11.357330418927809], [77.75036661472029, 11.35733212817925], [77.75036748077707, 11.357422461255052], [77.75018439217459, 11.357424170407677], [77.75018525817747, 11.357514503501445], [77.749910625121, 11.357517067032754], [77.74991149105202, 11.357607400144488], [77.74981994665197, 11.35760825460402], [77.74982081256502, 11.357698587724737], [77.74972926812902, 11.357699442166304], [77.74973013401512, 11.357789775296004], [77.74945550059036, 11.357792338459003], [77.74945636640459, 11.35788267160667], [77.74899864373953, 11.357886943023981], [77.74899950941003, 11.35797727620758], [77.74890796482131, 11.357978130415583], [77.74890883047385, 11.358068463599183], [77.74872574122458, 11.358070171934342], [77.74872660682321, 11.358160505135908], [77.74836042812701, 11.358163921500799], [77.74833360153107, 11.355363591111406], [77.7485166891095, 11.355361883414052], [77.74851755442965, 11.35545221665155], [77.74879218583321, 11.355449654871954], [77.74879132042322, 11.355359321661407], [77.74888286418548, 11.355358467686964], [77.74888199875753, 11.355268134476416], [77.7490650861922, 11.355266426455668], [77.74906422071035, 11.355176093263085], [77.74915576439176, 11.355175239216777], [77.7491540333921, 11.354994572849579], [77.74924557701063, 11.354993718785305], [77.74924471149284, 11.354903385601707], [77.74933625507543, 11.354902531519468]], [[77.7508327562974, 11.348655025462406], [77.7508318907796, 11.348564692359655], [77.75092343221522, 11.34856383825945], [77.75092429775997, 11.348654171344233], [77.7508327562974, 11.348655025462406]], [[77.7539777963394, 11.34248247918948], [77.7540693355921, 11.34248162456825], [77.7540719337894, 11.342752623229718], [77.75388885510431, 11.342754332499124], [77.75388712308057, 11.342573666697865], [77.75397866236922, 11.342572812085619], [77.7539777963394, 11.34248247918948]], [[77.75484641833282, 11.337595958094893], [77.75475488069708, 11.337596812608325], [77.75475401481097, 11.337506479739135], [77.75484555241977, 11.337505625234687], [77.75484641833282, 11.337595958094893]], [[77.74907547251352, 11.356350424730723], [77.74916701656323, 11.356349570594585], [77.74916615097358, 11.356259237419968], [77.74934923899218, 11.356257529075826], [77.74935097030624, 11.356438195407092], [77.74944251436494, 11.356437341172139], [77.74944424576884, 11.356618007485439], [77.74926115752567, 11.356619715946362], [77.74926202318719, 11.356710049111994], [77.74907893485418, 11.35671175746512], [77.74907547251352, 11.356350424730723]], [[77.74925250139552, 11.355716384218168], [77.74934404522965, 11.355715530073045], [77.74934317962202, 11.35562519689843], [77.74961781099863, 11.355622634319335], [77.74961694531915, 11.355532301171667], [77.74970848907242, 11.355531446927731], [77.74970762336598, 11.355441113780065], [77.7498907107827, 11.35543940522931], [77.74988897928897, 11.35525873896991], [77.75007206656196, 11.35525703032034], [77.75007120076569, 11.355166697208606], [77.75025428795783, 11.355164988460222], [77.75025342210766, 11.355074655357472], [77.75043650920998, 11.355072946519256], [77.75043564331489, 11.354982613425488], [77.75052718682562, 11.354981758965957], [77.75052632091257, 11.354891425881172], [77.75061786438737, 11.354890571403674], [77.75061613251634, 11.35470990525207], [77.75070767592827, 11.354709050756606], [77.75070594403029, 11.354528384613987], [77.75079748737035, 11.35452753010954], [77.75079229168541, 11.353985531699646], [77.75088383484581, 11.353984677213164], [77.75088210295682, 11.353804011079529], [77.75097364605433, 11.353803156575081], [77.75097018224042, 11.35344182434374], [77.75115326818391, 11.353440115298913], [77.75115153620509, 11.353259449210192], [77.75124307911395, 11.353258594651845], [77.75124221310209, 11.35316826162096], [77.75142529883895, 11.353166552441385], [77.75142356673437, 11.352985886388597], [77.75151510952645, 11.35298503177635], [77.75151424346069, 11.352894698754449], [77.75160578621683, 11.352893844115254], [77.75160318796564, 11.352622845076496], [77.75169473063195, 11.352621990428316], [77.75169299843753, 11.352441324411462], [77.75178454104098, 11.3524404697543], [77.7517836749303, 11.352350136750363], [77.7518752174978, 11.352349282066253], [77.75187435136016, 11.3522589490713], [77.75196589389172, 11.352258094369223], [77.75196502773613, 11.35216776137427], [77.75205657023177, 11.352166906654228], [77.75205310556446, 11.351805574710347], [77.75214464793433, 11.351804719990303], [77.75214378176076, 11.351714387013317], [77.75232686642865, 11.351712677492383], [77.7523277326651, 11.351803010460387], [77.75241927501699, 11.35180215565051], [77.75242620538467, 11.352524819304708], [77.75251774795217, 11.352523964405002], [77.75251948067658, 11.352704630296092], [77.7524279380462, 11.352705485204782], [77.75242880439045, 11.352795818154819], [77.75252034705676, 11.35279496324613], [77.75253161056499, 11.35396929147085], [77.75244006753036, 11.353970146478353], [77.75244266689546, 11.3542411453105], [77.752351123771, 11.354242000300038], [77.75235372310917, 11.354512999150149], [77.75226217989488, 11.354513854139688], [77.75226391276303, 11.354694520039763], [77.75217236947688, 11.354695375020317], [77.75217496876114, 11.354966373897378], [77.75208342538515, 11.354967228859966], [77.75208602464245, 11.355238227754993], [77.75217756810828, 11.355237372765457], [77.7521793010393, 11.355418038674513], [77.75208775751959, 11.355418893682018], [77.75208862397163, 11.355509226641038], [77.75199708041599, 11.355510081621594], [77.75199881327515, 11.3556907475576], [77.75190726965663, 11.355691602520189], [77.75190900248884, 11.355872268465179], [77.75181745879844, 11.355873123418784], [77.75181832519658, 11.355963456404753], [77.75163523774394, 11.355965166231117], [77.75163610409716, 11.35605549922607], [77.75145301655468, 11.3560572089626], [77.75145388285401, 11.356147541966536], [77.75127079522169, 11.35614925159527], [77.7512716614761, 11.356239584617171], [77.75053931043479, 11.356246422072092], [77.75054017646463, 11.356336755147893], [77.7504486325227, 11.356337609715222], [77.75044690053491, 11.356156943545654], [77.75053844441395, 11.35615608899629], [77.75053757840207, 11.356065755929471], [77.75026294680987, 11.356068319460782], [77.75026208089682, 11.355977986367014], [77.75017053704472, 11.355978840817562], [77.75017140293981, 11.356069173920313], [77.7500798590518, 11.356070028343913], [77.75007899319264, 11.355979695232179], [77.74989590545252, 11.355981403989546], [77.74989330809066, 11.355710404609429], [77.7496186766871, 11.355712967467001], [77.74961954238456, 11.355803300614667], [77.74952799854145, 11.35580415484962], [77.74952886422095, 11.355894488006271], [77.74925423255686, 11.3558970505674], [77.74925250139552, 11.355716384218168]], [[77.75069382156198, 11.353263721534802], [77.75087690744257, 11.353262012687603], [77.75087777334664, 11.35335234575442], [77.75069468741215, 11.353354054619585], [77.75069382156198, 11.353263721534802]], [[77.75078796214711, 11.35353386634759], [77.75087950516377, 11.353533011888057], [77.7508803710858, 11.353623344954876], [77.75078882803321, 11.35362419942339], [77.75078796214711, 11.35353386634759]], [[77.75165836077461, 11.348828003517397], [77.7517499022282, 11.348827149138714], [77.7517507680604, 11.348917482160616], [77.75165922657088, 11.348918336548282], [77.75165836077461, 11.348828003517397]], [[77.75167394626631, 11.350453998037406], [77.75176548824092, 11.350453143532958], [77.75176462229193, 11.350362810520037], [77.75185616422164, 11.35036195598864], [77.75185443228773, 11.350181289971786], [77.75194597415454, 11.350180435431405], [77.75194684014845, 11.350270768435342], [77.75222146580279, 11.35026820461657], [77.7522223318955, 11.35035853760254], [77.75231387378926, 11.350357682936396], [77.7523147399179, 11.3504480159044], [77.75222319798822, 11.350448870579527], [77.75222406408992, 11.350539203565498], [77.75194943818404, 11.350541767438166], [77.7519503042049, 11.350632100442104], [77.75176722016583, 11.35063380956778], [77.75176635419889, 11.35054347655486], [77.75167481219732, 11.350544331059307], [77.75167394626631, 11.350453998037406]], [[77.75184144368178, 11.348826294724097], [77.7519329851174, 11.348825440291515], [77.75193385100351, 11.348915773304434], [77.75184230953195, 11.348916627746], [77.75184144368178, 11.348826294724097]], [[77.75186222624181, 11.350994287043143], [77.75195376836913, 11.350993432439882], [77.75195550050067, 11.35117409843877], [77.75186395831945, 11.35117495306], [77.75186222624181, 11.350994287043143]], [[77.75211693391967, 11.34891406433147], [77.75220847536427, 11.348913209800074], [77.7522093413402, 11.349003542795026], [77.75211779986866, 11.349004397335408], [77.75211693391967, 11.34891406433147]], [[77.75247876945012, 11.348458981186202], [77.75257031072404, 11.348458126573956], [77.75257117678082, 11.34854845954196], [77.75247963547994, 11.348549314163188], [77.75247876945012, 11.348458981186202]], [[77.75250475347124, 11.351168970136477], [77.75268783773487, 11.351167260480794], [77.7526861051452, 11.350986594589703], [77.75277764720964, 11.350985739734911], [77.75278024618848, 11.351256738540108], [77.7526887040342, 11.351257593421849], [77.75269043666879, 11.351438259303956], [77.75250735223447, 11.351439969004554], [77.75250475347124, 11.351168970136477]], [[77.75257637327422, 11.349090457332014], [77.7526679147368, 11.349089602647904], [77.75266704860816, 11.348999269697867], [77.75275859004378, 11.348998414986806], [77.75275945619937, 11.349088747936843], [77.75294253909757, 11.34908703842489], [77.75294340531605, 11.349177371365945], [77.75276032236395, 11.34917908088688], [77.75276118853752, 11.349269413836918], [77.75266964702105, 11.349270268565945], [77.75266878087443, 11.349179935606925], [77.75257723937592, 11.349180790300018], [77.75257637327422, 11.349090457332014]], [[77.75267051316766, 11.349360601515981], [77.75276205471108, 11.349359746786956], [77.75276378709414, 11.349540412678046], [77.75267224549683, 11.349541267425039], [77.75267051316766, 11.349360601515981]], [[77.75269130299506, 11.35152859224501], [77.75287438745633, 11.351526882409665], [77.75287612025261, 11.351707548264823], [77.75269303567457, 11.351709258118136], [77.75269130299506, 11.35152859224501]], [[77.75272568149404, 11.3455657624542], [77.75290876215543, 11.34556405349022], [77.75291049403543, 11.34574471940826], [77.75272741325726, 11.34574642839919], [77.75272568149404, 11.3455657624542]], [[77.75283107722407, 11.347010235365943], [77.75292261801292, 11.347009380753699], [77.75292348406072, 11.347099713703734], [77.75283194325391, 11.347100568324963], [77.75283107722407, 11.347010235365943]], [[77.75294513778894, 11.349358037230088], [77.75312822083086, 11.349356327565422], [77.7531299534385, 11.349536993402614], [77.75322149500887, 11.34953613851189], [77.75322236135311, 11.349626471425996], [77.7531308197558, 11.349627326325702], [77.75313168608207, 11.349717659239806], [77.75304014444882, 11.349718514112563], [77.75303927814949, 11.349628181189477], [77.75294773654319, 11.3496290360263], [77.75294513778894, 11.349358037230088]], [[77.75299943651918, 11.345472866008786], [77.75309097679596, 11.345472011459423], [77.75309011082003, 11.345381678518368], [77.75318165106988, 11.345380823951038], [77.75317991907309, 11.34520015806893], [77.75327145926006, 11.345199303483634], [77.7532723252809, 11.345289636415705], [77.75336386547686, 11.34528878180346], [77.75336473153364, 11.345379114726548], [77.75345627176551, 11.34537826007837], [77.75345800395095, 11.345558925915562], [77.75336646367415, 11.345559780581706], [77.7533673297489, 11.345650113504794], [77.75345887006164, 11.345649258829667], [77.7534597361813, 11.34573959174377], [77.75327665549295, 11.34574130107606], [77.75327752155872, 11.34583163400813], [77.75318598117413, 11.345832488638342], [77.75318511514429, 11.345742155706272], [77.75309357477767, 11.34574301030055], [77.75309270877479, 11.345652677350513], [77.7530011684351, 11.345653531917844], [77.75299943651918, 11.345472866008786]], [[77.75303148182385, 11.348815184845753], [77.75321456450645, 11.348813475208036], [77.75321716338647, 11.34908447395035], [77.75330870480413, 11.349083619068612], [77.75330957113938, 11.349173951973732], [77.75358419542829, 11.349171387139865], [77.75358592829645, 11.349352052905193], [77.7534943868159, 11.349352907894732], [77.75349352040878, 11.349262575007575], [77.75321889601207, 11.349265139778561], [77.75321802969478, 11.349174806864456], [77.75303494678761, 11.34917651655607], [77.75303148182385, 11.348815184845753]], [[77.75305227334907, 11.350983174990876], [77.75314381538657, 11.350982320019305], [77.75314468182064, 11.351072652924426], [77.7530531397562, 11.351073507904982], [77.75305227334907, 11.350983174990876]], [[77.75308231734205, 11.344568681977016], [77.75317385733139, 11.344567827463585], [77.75317299140038, 11.34447749452253], [77.7533560712982, 11.344475785441771], [77.75335866928887, 11.344746784237984], [77.75317558922038, 11.344748493354677], [77.75317472327139, 11.344658160413623], [77.7530831832551, 11.344659014927053], [77.75308231734205, 11.344568681977016]], [[77.75310136911803, 11.346556006770038], [77.75319290973619, 11.346555152112876], [77.75319464194857, 11.346735817977018], [77.75310310126753, 11.346736672643162], [77.75310136911803, 11.346556006770038]], [[77.75364714780932, 11.346189546802341], [77.75373868826577, 11.34618869200145], [77.7537395545112, 11.346279024888606], [77.75364801402779, 11.34627987969848], [77.75364714780932, 11.346189546802341]], [[77.7537101062899, 11.343207706222273], [77.75380164579414, 11.343206851627993], [77.75380251182398, 11.343297184533116], [77.75371097229278, 11.343298039136377], [77.7537101062899, 11.343207706222273]], [[77.75374042076561, 11.346369357784743], [77.75383196127598, 11.346368502938937], [77.75383282756631, 11.346458835826091], [77.75374128702902, 11.3464596906719], [77.75374042076561, 11.346369357784743]], [[77.75487759609851, 11.340847940658056], [77.75496913475833, 11.340847085875131], [77.7549708671953, 11.34102775153266], [77.75487932847258, 11.341028606333552], [77.75487759609851, 11.340847940658056]], [[77.7550650046992, 11.341297895168656], [77.75515654349378, 11.341297040295899], [77.7551548109041, 11.341116374665319], [77.75524634962682, 11.341115519774595], [77.75524461701019, 11.340934854161983], [77.75533615567002, 11.340933999253293], [77.75533355670916, 11.340663000843355], [77.75551663384017, 11.340661290990043], [77.75551750021137, 11.340751623778385], [77.75560903879034, 11.340750768797829], [77.75561077161358, 11.340931434365528], [77.75542769432985, 11.340933144317654], [77.7554311598236, 11.341294475497966], [77.75533962105598, 11.341295330460554], [77.7553404874182, 11.341385663257878], [77.75524894861464, 11.341386518193517], [77.75524981495887, 11.341476850999824], [77.75515827611939, 11.341477705917496], [77.75515914243668, 11.341568038732786], [77.75506760356126, 11.341568893632493], [77.7550650046992, 11.341297895168656]], [[77.75519005448969, 11.335243885954299], [77.7552815913439, 11.335243031485785], [77.75528418898423, 11.33551403000352], [77.7551926520402, 11.335514884490001], [77.75519005448969, 11.335243885954299]], [[77.75534308655871, 11.341656661649848], [77.75543462544313, 11.34165580666031], [77.75543549186821, 11.34174613944865], [77.75534395295686, 11.341746994447172], [77.75534308655871, 11.341656661649848]], [[77.75551316842727, 11.340299959827698], [77.75569624530675, 11.340298249911505], [77.75569711170489, 11.340388582690862], [77.75551403477151, 11.34039029261604], [77.75551316842727, 11.340299959827698]], [[77.75620042418504, 11.335595816354994], [77.75629196107519, 11.33559496154512], [77.75629109486569, 11.335504628783728], [77.75647416856513, 11.335502919110079], [77.75647330230174, 11.335412586357672], [77.75656483912002, 11.335411731484914], [77.75656570540139, 11.335502064228338], [77.75665724223764, 11.335501209310666], [77.75665810856391, 11.335591542045108], [77.75674964541813, 11.335590687100485], [77.75675051178034, 11.335681019825945], [77.75665897489019, 11.33568187477955], [77.7566615739319, 11.335952872973891], [77.75657003696091, 11.335953727927496], [77.75657090328718, 11.336044060661937], [77.75638782926434, 11.336045770479316], [77.75638696298297, 11.33595543772691], [77.75629542598503, 11.335956292590684], [77.75629455974858, 11.335865959829292], [77.75620302276862, 11.335866814657134], [77.75620042418504, 11.335595816354994]], [[77.7566494456425, 11.334688214673742], [77.75674098220925, 11.334687359800986], [77.75674011593688, 11.334597027066543], [77.7568316524677, 11.334596172166837], [77.7568342514106, 11.334867170343212], [77.75674271479893, 11.334868025269868], [77.7567418484996, 11.334777692535427], [77.7566503119059, 11.334778547417168], [77.7566494456425, 11.334688214673742]], [[77.75765634747255, 11.334678809483398], [77.75774788395846, 11.33467795429623], [77.75774875056321, 11.334768286949824], [77.75765721405035, 11.334769142145975], [77.75765634747255, 11.334678809483398]], [[77.75774268450061, 11.334135958347721], [77.75783422080686, 11.334135103169537], [77.75783508739364, 11.33422543582313], [77.75774355106044, 11.334226291001315], [77.75774268450061, 11.334135958347721]], [[77.7533707941467, 11.34601144518816], [77.75336906193434, 11.345830779350969], [77.7535521426586, 11.345829069946815], [77.75355300882319, 11.345919402851937], [77.7534614684296, 11.34592025757198], [77.75346233456723, 11.346010590495068], [77.7533707941467, 11.34601144518816]], [[77.7533707941467, 11.34601144518816], [77.75337512479894, 11.346463109794618], [77.75328358422568, 11.346463964496694], [77.75328271810602, 11.346373631573607], [77.75319117755075, 11.346374486248735], [77.75318684722193, 11.345922821579396], [77.75327838763347, 11.345921966940201], [77.75327925370821, 11.34601229986329], [77.7533707941467, 11.34601144518816]], [[77.75338898412392, 11.347908436402324], [77.7534805251553, 11.347907581556518], [77.75348399038853, 11.348268913159037], [77.7533009081012, 11.348270622877601], [77.75330177437358, 11.348360955791707], [77.7532102331805, 11.348361810619547], [77.75321283195272, 11.348632809370844], [77.75312129067879, 11.348633664189704], [77.75312215691524, 11.34872399711279], [77.75293907427755, 11.348725706687624], [77.752938208095, 11.348635373746571], [77.75275512548427, 11.348637083186658], [77.75275079494884, 11.348185418418504], [77.75284233611497, 11.348184563743377], [77.75284147000428, 11.34809423079334], [77.75293301113447, 11.34809337610923], [77.75292954664684, 11.347732044336029], [77.75302108765126, 11.347731189642936], [77.75302022151364, 11.347640856701881], [77.75311176249112, 11.347640001990822], [77.7531100301889, 11.34745933612668], [77.75320157109452, 11.347458481397654], [77.75319983876537, 11.347277815542494], [77.75356600208241, 11.34727439640181], [77.753565135819, 11.34718406350567], [77.75347359502119, 11.34718491832453], [77.75347272879372, 11.347094585419407], [77.75338118802286, 11.347095440202333], [77.75338032182235, 11.34700510728823], [77.75328878107842, 11.34700596203522], [77.75328791491384, 11.346915629121117], [77.75337945563082, 11.346914774374124], [77.75337772327471, 11.346734108545915], [77.75346926392879, 11.346733253789939], [77.75346839773727, 11.346642920875833], [77.7536514789646, 11.346641211292017], [77.75365494402716, 11.347002542867587], [77.7535634033012, 11.34700339770441], [77.75356426955561, 11.34709373060055], [77.75365581030852, 11.347092875763725], [77.75365667659887, 11.34718320865088], [77.7538397581406, 11.347181498869434], [77.75384149086501, 11.347362164625778], [77.75365840919751, 11.347363874434174], [77.7536592755148, 11.347454207330312], [77.75356773464513, 11.34745506220307], [77.7535694672348, 11.347635727995346], [77.75347792630222, 11.347636582850136], [77.75347965886495, 11.347817248651396], [77.75338811786052, 11.347818103497204], [77.75338898412392, 11.347908436402324]]], [[[77.75338898412392, 11.347908436402324], [77.75338985039629, 11.347998769307447], [77.75329830932898, 11.347999624135287], [77.7532991755834, 11.348089957049392], [77.75320763448015, 11.348090811859267], [77.75320676826166, 11.34800047893618], [77.75311522717638, 11.348001333710123], [77.75311436099383, 11.347911000778051], [77.75338898412392, 11.347908436402324]]], [[[77.74942693307736, 11.354811344244645], [77.74942779864007, 11.354901677410279], [77.74933625507543, 11.354902531519468], [77.74933538953069, 11.35481219834485], [77.74942693307736, 11.354811344244645]]], [[[77.74951761102538, 11.354720156951858], [77.74951847660606, 11.35481049011749], [77.74942693307736, 11.354811344244645], [77.74942606751465, 11.354721011079013], [77.74951761102538, 11.354720156951858]]], [[[77.74960828891052, 11.354628969641103], [77.74960915451814, 11.354719302797752], [77.74951761102538, 11.354720156951858], [77.74951674544471, 11.354629823786224], [77.74960828891052, 11.354628969641103]]], [[[77.7497896445191, 11.354446594983662], [77.74979051017164, 11.354536928131328], [77.74969896675074, 11.354537782321366], [77.74969983237634, 11.354628115469032], [77.74960828891052, 11.354628969641103], [77.74960655772222, 11.354448303336786], [77.7497896445191, 11.354446594983662]]], [[[77.754032967747, 11.338687642660947], [77.75403469925868, 11.338868308489156], [77.75394316115582, 11.33886916284089], [77.75394489263157, 11.339049828678084], [77.7541279689541, 11.339048119929698], [77.75412710314885, 11.338957787015595], [77.75431017938153, 11.338956078168396], [77.75430844769018, 11.338775412376119], [77.75458306181015, 11.33877284893464], [77.75458132997507, 11.33859218318728], [77.75503901974383, 11.338587910269784], [77.75504075187537, 11.338768575945279], [77.7549492138713, 11.33876943060244], [77.7549509459669, 11.338950096286919], [77.75485940790895, 11.338950950926113], [77.75486373813897, 11.339402615173244], [77.7547721999193, 11.339403469821422], [77.75477393200592, 11.33958413553285], [77.75468239373237, 11.339584990163061], [77.75468325975322, 11.339675323023268], [77.75459172144373, 11.33967617762653], [77.75459258744661, 11.33976651049572], [77.75450104909221, 11.339767365081014], [77.75450191507713, 11.339857697959188], [77.75441037669577, 11.339858552526517], [77.75440431516967, 11.339226222352362], [77.75449585336237, 11.339225367838932], [77.75449412150932, 11.339044702082589], [77.7543110452407, 11.33904641105555], [77.75431191110883, 11.33913674395169], [77.75422037293409, 11.339137598402239], [77.75422383636172, 11.339498929995775], [77.75431537464425, 11.339498075509294], [77.75431624054832, 11.339588408396448], [77.75422470222986, 11.339589262891913], [77.75422556811596, 11.33967959578805], [77.75413402976156, 11.339680450256566], [77.75413576148884, 11.339861116057826], [77.75431883829646, 11.339859407066896], [77.75431970422748, 11.33994973994507], [77.75422816580121, 11.339950594467483], [77.75422903171426, 11.340040927354638], [77.7540459547719, 11.340042636318618], [77.75404768650817, 11.34022330212886], [77.75395614796513, 11.340224156588393], [77.7539570138153, 11.340314489493514], [77.75377393665734, 11.34031619833173], [77.75377566825887, 11.340496864186889], [77.75395874553361, 11.340495155321724], [77.75395787966546, 11.340404822407619], [77.75404941826241, 11.340403967939103], [77.7540485523763, 11.340313635033983], [77.75423162948935, 11.34031192603407], [77.75423076355834, 11.340221593137931], [77.75441384058155, 11.340219884039204], [77.75441297459663, 11.340129551161032], [77.75459605153002, 11.340127841954509], [77.75459691756883, 11.340218174814714], [77.75450537907967, 11.340219029444926], [77.75450624510053, 11.340309362314114], [77.7543231680324, 11.340311071484706], [77.75432489997529, 11.340491737250034], [77.75414182277241, 11.340493446339778], [77.75414355462546, 11.340674112132055], [77.75405201595665, 11.340674966654468], [77.7540528818697, 11.340765299550606], [77.75368672698785, 11.340768717361785], [77.7536875927931, 11.340859050293856], [77.75359605402548, 11.340859904681523], [77.75359691980378, 11.340950237613594], [77.75350538100022, 11.340951091983294], [77.75350884409546, 11.34131242374751], [77.75341730516615, 11.341313278108228], [77.75341990248309, 11.341584276949357], [77.7532368244358, 11.34158598564384], [77.75323422729852, 11.341314986757796], [77.75286807146445, 11.341318403715576], [77.7528689370541, 11.341408736710529], [77.75268585903376, 11.341410445027721], [77.7526841279802, 11.341229779028833], [77.75286720588377, 11.341228070729606], [77.7528663403031, 11.341137737743637], [77.75304941812581, 11.341136029345595], [77.75304855250022, 11.341045696368608], [77.75314009136666, 11.341044842142638], [77.75313749444497, 11.340773843229645], [77.75295441687379, 11.340775551627685], [77.7529535513021, 11.340685218641715], [77.75304509006972, 11.340684364460662], [77.75304335889939, 11.340503698506687], [77.75313489759515, 11.340502844316651], [77.7531323008082, 11.340231845394674], [77.75322383940515, 11.340230991195654], [77.75322210819888, 11.340050325259647], [77.75331364673295, 11.34004947104266], [77.75331278110735, 11.339959138083639], [77.75340431961448, 11.339958283848686], [77.75340085707617, 11.339596952021587], [77.75349239545753, 11.339596097786634], [77.7534906641794, 11.339415431877576], [77.75367374079836, 11.339413723353772], [77.75366854678431, 11.33887172571643], [77.75376008491413, 11.338870871454528], [77.75375921924362, 11.338780538513474], [77.75385075733752, 11.338779684233604], [77.75384989164904, 11.338689351301534], [77.754032967747, 11.338687642660947]], [[77.75331884063023, 11.340591468805764], [77.75341037933497, 11.340590614516913], [77.7534112450414, 11.340680947475933], [77.75331970630971, 11.340681801764784], [77.75331884063023, 11.340591468805764]], [[77.7536763379087, 11.33968472216795], [77.75376787629006, 11.339683867843165], [77.75376874203242, 11.339774200766254], [77.75367720362412, 11.339775055100022], [77.7536763379087, 11.33968472216795]], [[77.75376354767701, 11.339232203182812], [77.75385508591462, 11.33923134886701], [77.75385681739039, 11.339412014713185], [77.75376527909887, 11.339412869046953], [77.75376354767701, 11.339232203182812]]], [[[77.75457180539863, 11.337598521527388], [77.75457267123083, 11.337688854414543], [77.75448113354118, 11.337689708838143], [77.75448026773593, 11.337599375950987], [77.75457180539863, 11.337598521527388]]], [[[77.75468672392644, 11.340036654455107], [77.75468758999222, 11.340126987315314], [77.75459605153002, 11.340127841954509], [77.75459518550018, 11.340037509094302], [77.75468672392644, 11.340036654455107]]], [[[77.75512969160128, 11.338496722770381], [77.75513055767603, 11.338587055603638], [77.75503901974383, 11.338587910269784], [77.75503815369603, 11.338497577436527], [77.75512969160128, 11.338496722770381]]], [[[77.75522036339584, 11.338405535253015], [77.75522122949754, 11.338495868086271], [77.75512969160128, 11.338496722770381], [77.75512882552653, 11.338406389937125], [77.75522036339584, 11.338405535253015]]]]}, "id": "+108+4595", "properties": {"count": 6457, "water": 1}}, {"type": "Feature", "geometry": {"geodesic": false, "type": "Polygon", "coordinates": [[[77.75823078632008, 11.279926889244033], [77.75859686253648, 11.279923483910453], [77.75860117546495, 11.280375148525893], [77.75850965628058, 11.280375999940135], [77.75851138145018, 11.280556665795295], [77.75832834294673, 11.280558368560898], [77.75832661789391, 11.280377702669808], [77.75823509868262, 11.280378554003203], [77.75823078632008, 11.279926889244033]]]}, "id": "+119+5166", "properties": {"count": 24, "water": 1}}, {"type": "Feature", "geometry": {"geodesic": false, "type": "Polygon", "coordinates": [[[77.76000788687625, 11.407742232196174], [77.76009944650275, 11.407741370846564], [77.76009857343013, 11.407651038812809], [77.7601901330297, 11.407650177436249], [77.76018925993012, 11.407559845411477], [77.76028081949374, 11.407558984007967], [77.76028169262027, 11.407649316023758], [77.76037325219288, 11.407648454593298], [77.76037412535533, 11.407738786600104], [77.76046568495488, 11.407737925133713], [77.76046743136065, 11.407918589129359], [77.7603758716982, 11.407919450613717], [77.76038198412286, 11.408551774652377], [77.76029042425381, 11.408552636163684], [77.76029129746118, 11.40864296817049], [77.76010817764222, 11.408644691112256], [77.76010730449774, 11.408554359087484], [77.76019886437577, 11.408553497639058], [77.7601953717529, 11.408192169566918], [77.76001225220344, 11.408193892373935], [77.76001137912183, 11.40810356034018], [77.7601029388741, 11.408102698954638], [77.76010119267495, 11.407922034896108], [77.76000963298557, 11.40792289627267], [77.76000788687625, 11.407742232196174]]]}, "id": "+124+3753", "properties": {"count": 34, "water": 1}}, {"type": "Feature", "geometry": {"geodesic": false, "type": "Polygon", "coordinates": [[[77.75869096938987, 11.280193631256491], [77.75878248850236, 11.280192779806315], [77.7587781753583, 11.279741115253758], [77.75886969432706, 11.279740263812565], [77.75886883168388, 11.279649930907444], [77.75932642624919, 11.279645673288256], [77.75932556348025, 11.279555340419067], [77.7594170823412, 11.279554488816178], [77.75941794514608, 11.279644821685366], [77.75978402063484, 11.279641414968383], [77.75978488355649, 11.27973174780164], [77.76005944017531, 11.279729192453981], [77.76006202924572, 11.280000190890869], [77.75997051028595, 11.280001042727319], [77.75997137329745, 11.280091375542609], [77.75969681631032, 11.280093930890267], [77.75969767923198, 11.280184263732506], [77.75951464115073, 11.280185967171846], [77.75951377827398, 11.280095634320624], [77.75923922117907, 11.280098189246074], [77.75923749562321, 11.279917523498712], [77.75914597663649, 11.279918375074653], [77.75914511389449, 11.279828042187496], [77.75896207594799, 11.279829745231579], [77.7589638013152, 11.280010411023856], [77.75905532034685, 11.280009559501815], [77.75905618307088, 11.28009989238897], [77.75914770212947, 11.280099040830997], [77.75915029042733, 11.280370039474496], [77.7590587712879, 11.280370891050435], [77.75905963403888, 11.280461223937591], [77.75896811485453, 11.280462075495564], [77.75896638941543, 11.28028140971227], [77.75887487029397, 11.280282261225329], [77.75887573298206, 11.28037259413045], [77.75878421381567, 11.280373445625541], [77.75878507648581, 11.280463778530663], [77.7586935572835, 11.280464629998805], [77.75869096938987, 11.280193631256491]]]}, "id": "+128+5170", "properties": {"count": 76, "water": 1}}, {"type": "Feature", "geometry": {"geodesic": false, "type": "MultiPolygon", "coordinates": [[[[77.75996188062017, 11.279097714511538], [77.76014491794683, 11.279096010955417], [77.76014405496228, 11.279005678140127], [77.7603270922081, 11.279003974494174], [77.76032881829397, 11.279184640079837], [77.76023729962165, 11.279185491934255], [77.76023988871901, 11.279456490344192], [77.75996533239665, 11.279459045799648], [77.75996188062017, 11.279097714511538]]], [[[77.75996188062017, 11.279097714511538], [77.75987036194786, 11.279098566240192], [77.75987122485155, 11.279188899073448], [77.75977970613432, 11.279189750784134], [77.75978229480948, 11.27946074930187], [77.75959925719536, 11.279462452687312], [77.75959839435454, 11.27937211983609], [77.75950687556545, 11.279372971474912], [77.75950342438186, 11.279011640043072], [77.75941190570056, 11.279012491627995], [77.75940845475053, 11.27865116015124], [77.75949997332403, 11.278650308593265], [77.75949911057305, 11.27855997573306], [77.75959062911062, 11.278559124148137], [77.75959149188854, 11.278649457008342], [77.75968301044408, 11.278648605387486], [77.7596821476392, 11.278558272545247], [77.7597736661588, 11.278557420906425], [77.75977625467226, 11.278828419433143], [77.7598677732727, 11.278827567740423], [77.75986863615843, 11.27891790057368], [77.75996015477685, 11.278917048854009], [77.75996188062017, 11.279097714511538]]]]}, "id": "+132+5181", "properties": {"count": 53, "water": 1}}, {"type": "Feature", "geometry": {"geodesic": false, "type": "Polygon", "coordinates": [[[77.759701993993, 11.280635927916753], [77.75979351316838, 11.280635076116235], [77.7597900612302, 11.280273744801177], [77.75997309932941, 11.280272041182172], [77.75997223630894, 11.2801817083579], [77.760246793323, 11.280179152740748], [77.76024506712933, 11.2799984871461], [77.76033658606217, 11.279997635228801], [77.76033744918145, 11.280087968017142], [77.76042896813225, 11.280087116063909], [77.76043069445167, 11.280267781631606], [77.76033917544699, 11.280268633593822], [77.7603426280589, 11.280629964747185], [77.76006807064957, 11.280632520561966], [77.76006893373292, 11.280722853368273], [77.75997741455755, 11.280723705258623], [77.75997827762295, 11.280814038064928], [77.75988675840266, 11.280814889937313], [77.75988762145009, 11.280905222752603], [77.75979610219387, 11.280906074598038], [77.75979437617089, 11.280725408949491], [77.75970285696856, 11.28072626075001], [77.759701993993, 11.280635927916753]]]}, "id": "+138+5165", "properties": {"count": 39, "water": 1}}, {"type": "Feature", "geometry": {"geodesic": false, "type": "Polygon", "coordinates": [[[77.760959090329, 11.27809468330645], [77.76150819985656, 11.278089570904339], [77.76150906319145, 11.278179903620813], [77.76141754492339, 11.278180755762692], [77.7614184082403, 11.278271088479167], [77.7612353716323, 11.278272792700042], [77.7612362349043, 11.278363125434483], [77.76141927156621, 11.278361421195642], [77.7614201349011, 11.2784517539211], [77.76151165325001, 11.278450901752272], [77.76151251662084, 11.278541234459764], [77.76142099823599, 11.278542086637575], [77.76142186157986, 11.278632419354052], [77.76133034316805, 11.278633271504914], [77.76132947985113, 11.278542938779454], [77.76096340623087, 11.278546347068492], [77.76096081666638, 11.278275348811267], [77.76105233499734, 11.278274496804135], [77.76105319820647, 11.278364829547561], [77.76114471655538, 11.278363977504497], [77.76114299009222, 11.27818331202663], [77.7609599534932, 11.27818501605886], [77.760959090329, 11.27809468330645]]]}, "id": "+151+5186", "properties": {"count": 23, "water": 1}}, {"type": "Feature", "geometry": {"geodesic": false, "type": "Polygon", "coordinates": [[[77.75024803421022, 11.344956490245742], [77.75033957454092, 11.344955636594694], [77.75033611429332, 11.344594303950128], [77.75042765449825, 11.34459345029908], [77.75042678942961, 11.34450311714243], [77.75070140992763, 11.344500556027588], [77.7507022750861, 11.34459088915729], [77.75061073489913, 11.344591742898169], [77.75061419548808, 11.344953075461886], [77.75052265518434, 11.344953929193784], [77.75052525061483, 11.345224928627799], [77.75025062938917, 11.34522748974264], [77.75024976432054, 11.345137156577008], [77.75034130471411, 11.345136302907994], [77.75034043962751, 11.345045969751343], [77.75024889926088, 11.345046823411375], [77.75024803421022, 11.344956490245742]]]}, "id": "+26+4452", "properties": {"count": 23, "water": 1}}, {"type": "Feature", "geometry": {"geodesic": false, "type": "MultiPolygon", "coordinates": [[[[77.77307201600257, 11.319447656655464], [77.77298048555335, 11.31944851545386], [77.77298135573339, 11.319538847029474], [77.77307288621856, 11.31953798823108], [77.77307375644352, 11.319628319806695], [77.77298222593141, 11.319629178614072], [77.77298309612942, 11.31971951019867], [77.77289156558139, 11.319720368988083], [77.77289330594148, 11.319901032157277], [77.77271024471065, 11.319902749682203], [77.772712855143, 11.32017374447193], [77.77252979371454, 11.320175461924988], [77.77253066381375, 11.320265793536535], [77.77234760229545, 11.32026751089078], [77.77234934240403, 11.320448174140825], [77.77244087322157, 11.320447315468193], [77.77244000313135, 11.320356983847663], [77.77253153392193, 11.320356125148082], [77.77253327415626, 11.320536788371179], [77.77244174331177, 11.32053764707974], [77.77244261341997, 11.320627978700273], [77.77235108253954, 11.320628837390869], [77.77235195262078, 11.320719169011399], [77.77226042170443, 11.320720027675048], [77.7722612917677, 11.320810359304561], [77.77198669889289, 11.320812935169739], [77.7719875688753, 11.320903266817218], [77.77180450686294, 11.32090498392892], [77.77180537680044, 11.320995315594365], [77.77171384574935, 11.320996174114281], [77.77171558557944, 11.321176837445174], [77.77162405446546, 11.32117769595611], [77.77162492436703, 11.321268027630538], [77.77153339321711, 11.321268886114522], [77.77153600286793, 11.321539881155777], [77.77144447162819, 11.321540739639762], [77.77144621136846, 11.321721403006586], [77.77135468006583, 11.321722261472605], [77.77135554992248, 11.321812593165001], [77.77126401858392, 11.32181345160407], [77.77126488841363, 11.32190378330545], [77.77117335703913, 11.321904641726551], [77.77117422685087, 11.321994973436913], [77.77108269544046, 11.321995831831066], [77.771084435028, 11.32217649525179], [77.7709013720724, 11.322178211995181], [77.77090224182126, 11.322268543723508], [77.77081071030304, 11.32226940205478], [77.77081158002495, 11.32235973379209], [77.77072004847079, 11.322360592105396], [77.77072091817473, 11.322450923842707], [77.77062938658464, 11.322451782138046], [77.77063025627062, 11.322542113875357], [77.77053872464461, 11.32254297215273], [77.77053959430363, 11.322633303899025], [77.77044806264168, 11.322634162149447], [77.77044893228275, 11.322724493913707], [77.77035740058486, 11.32272535213718], [77.77035913983104, 11.322906015665703], [77.77026760807027, 11.322906873880193], [77.7702710865357, 11.323268200955203], [77.77017955464918, 11.323269059169693], [77.77018129387739, 11.323449722716182], [77.770089761919, 11.323450580912706], [77.77008889234082, 11.323360249130477], [77.76999736040938, 11.323361107300052], [77.76999822996959, 11.323451439091262], [77.7699066980022, 11.323452297233887], [77.76990756753547, 11.323542629025097], [77.76972450352883, 11.323544345247464], [77.76972537301718, 11.323634677047659], [77.76963384096896, 11.323635535127401], [77.76963557990972, 11.323816198745755], [77.76945251567852, 11.323817914842357], [77.76945338510399, 11.3239082466695], [77.76936185294795, 11.323909104677378], [77.76936272235545, 11.323999436513503], [77.76917965797153, 11.324001152457393], [77.76918139667873, 11.324181816147613], [77.76908986441491, 11.324182674092608], [77.76909160309516, 11.324363337800794], [77.76890853844175, 11.324365053636884], [77.76890940773247, 11.32445538549996], [77.76881787536983, 11.324456243382073], [77.76881874464259, 11.324546575254132], [77.76872721223502, 11.324547433109297], [77.7687289507446, 11.324728096862398], [77.76882048320604, 11.324727238989267], [77.76882135250575, 11.324817570861326], [77.76863828751996, 11.324819286598602], [77.76863915676576, 11.324909618479644], [77.76854762422346, 11.32491047630786], [77.76854849345129, 11.325000808197885], [77.76836542830381, 11.325002523791431], [77.76836629747775, 11.325092855699422], [77.76827476486358, 11.325093713455772], [77.76827563401955, 11.325184045363763], [77.76818410136946, 11.32518490311113], [77.76818497049847, 11.32527523501912], [77.76809343781244, 11.325276092739538], [77.7680943069235, 11.325366424665495], [77.76800277420153, 11.325367282358961], [77.7680045123877, 11.32554794621986], [77.76791297960285, 11.325548803904343], [77.76791471776208, 11.325729467765242], [77.76782318491436, 11.325730325440743], [77.76782666120586, 11.32609165318949], [77.76791819417038, 11.32609079548704], [77.7679190632904, 11.32618112742198], [77.76782753028996, 11.326181985124432], [77.76782839939204, 11.326272317059372], [77.76764533332828, 11.326274032401392], [77.76764620237644, 11.326364364354298], [77.76755466930413, 11.326365221984883], [77.76755553832535, 11.326455553937791], [77.76746400521712, 11.326456411550408], [77.76746487422038, 11.3265467435123], [77.76728180792304, 11.326548458674655], [77.7672826768814, 11.326638790645529], [77.76709961049423, 11.326640505700086], [77.76710047939866, 11.326730837688926], [77.76691741293067, 11.326732552644668], [77.76691915064971, 11.326913216649297], [77.76673608403797, 11.326914931524191], [77.76673782166719, 11.32709559555577], [77.76664628828946, 11.327096452961776], [77.7666471570951, 11.327186784977565], [77.76655562368143, 11.327187642365605], [77.7665564924601, 11.32727797439936], [77.76646495901049, 11.32727883176045], [77.76646582776223, 11.327369163794206], [77.76600816027168, 11.327373450231349], [77.76600902888866, 11.327463782301038], [77.76591749534025, 11.327464639509413], [77.76591836393926, 11.327554971579103], [77.76582683035491, 11.327555828769512], [77.76582769893596, 11.327646160848184], [77.7657361653067, 11.327647018020627], [77.76573703386978, 11.327737350108283], [77.76564550021357, 11.327738207253777], [77.76564376315928, 11.327557543060502], [77.76536916230742, 11.327560114290373], [77.76537089919104, 11.327740778519582], [77.76527936549888, 11.327741635548294], [77.76528023392723, 11.327831967671882], [77.76518870019915, 11.327832824682629], [77.76518956860053, 11.3279231568152], [77.76509803483653, 11.327924013798997], [77.76509890321994, 11.328014345931567], [77.76500736942, 11.328015202906382], [77.76500823778545, 11.328105535047936], [77.7648251701137, 11.328107248907735], [77.76482603841627, 11.328197581067254], [77.76464297066367, 11.328199294828238], [77.76464470717899, 11.328379959165243], [77.76455317323531, 11.328380816023277], [77.764554041475, 11.328471148200762], [77.76418790550268, 11.328474575363403], [77.76418964178443, 11.328655239763291], [77.76382350545278, 11.328658666530673], [77.76382524153689, 11.32883933098446], [77.76373370737763, 11.328840187626898], [77.76373457540171, 11.328930519858282], [77.76382610958794, 11.328929663215845], [77.76382697764795, 11.329019995438246], [77.7635523749815, 11.32902256530268], [77.76355411094885, 11.329203229792398], [77.76337104235182, 11.32920494292456], [77.76337191029508, 11.329295275182895], [77.76328037595614, 11.329296131717536], [77.76328211179771, 11.329476796243188], [77.7631905773959, 11.329477652759863], [77.76319318112682, 11.329748649570798], [77.76282704309736, 11.329752075430882], [77.76282791090586, 11.329842407725149], [77.76291944545139, 11.329841551298307], [77.7629203133048, 11.329931883592574], [77.76282877872333, 11.329932740028399], [77.76282964654979, 11.330023072322666], [77.76301271574869, 11.330021359406098], [77.76301358363803, 11.330111691691382], [77.76292204901164, 11.330112548163141], [77.76292291688301, 11.330202880457408], [77.76310598618072, 11.33020116745101], [77.76310685411498, 11.330291499727311], [77.7628322500741, 11.330294069205467], [77.76283138222068, 11.3302037369112], [77.76264831287807, 11.330205449746918], [77.7626491806686, 11.330295782050168], [77.76255764596137, 11.330296638432095], [77.76255851372494, 11.330386970744328], [77.76246697898176, 11.33038782710829], [77.76246871448198, 11.330568491741738], [77.7621941100189, 11.33057106068989], [77.76219497769264, 11.330661393038056], [77.7622865125526, 11.330660536736977], [77.76228738026228, 11.33075086907616], [77.7623789151402, 11.330750012739149], [77.76237978288582, 11.33084034506935], [77.76210517815325, 11.330842913999533], [77.76210691349176, 11.331023578686882], [77.76201537850604, 11.331024434952027], [77.76201711382659, 11.331205099657343], [77.76192557877799, 11.331205955904522], [77.7619264464158, 11.331296288261672], [77.76183491133128, 11.331297144499867], [77.76183664657995, 11.331477809223149], [77.76174511143255, 11.33147866544338], [77.76174597903443, 11.331568997809512], [77.76156290865875, 11.331570710169123], [77.76156377621571, 11.331661042553222], [77.76147224097846, 11.331661898701586], [77.76147137345743, 11.331571566308504], [77.76137983824714, 11.331572422420937], [77.76138070574122, 11.331662754814019], [77.76128917050397, 11.331663610908484], [77.76129003798009, 11.331753943310549], [77.76119850269794, 11.331754799378066], [77.76119937015608, 11.331845131789112], [77.76101629951091, 11.331846843852281], [77.7610180343284, 11.332027508692343], [77.76092649894743, 11.332028364696978], [77.76092563156114, 11.331938032267963], [77.76083409618914, 11.331938888236664], [77.76083583090782, 11.33211955311266], [77.76074429548193, 11.332120409063394], [77.76074256081715, 11.331939744178417], [77.7605594900462, 11.331941455972089], [77.7605620918727, 11.332212453348964], [77.7606536273525, 11.332211597443145], [77.76065622934068, 11.332482594784087], [77.76056469378004, 11.332483450707873], [77.76056642840888, 11.3326641156198], [77.76047489278537, 11.33266497152562], [77.76047749471067, 11.332935968902495], [77.76029442326599, 11.332937680687184], [77.76029529052651, 11.333028013161114], [77.76020375476824, 11.333028869013035], [77.76020548926235, 11.333209533969878], [77.76002241760207, 11.33321124561982], [77.76002155040443, 11.333120913127924], [77.75993001459227, 11.33312176890798], [77.75992828027783, 11.33294110390622], [77.75974520874333, 11.332942815340568], [77.75974434166245, 11.332852482830704], [77.75965280591318, 11.332853338502963], [77.75965193885926, 11.332763005975133], [77.75956040312794, 11.332763861611458], [77.75955953611894, 11.332673529083628], [77.75946800040559, 11.33267438468402], [77.75946713343252, 11.33258405214721], [77.75937559774611, 11.332584907711668], [77.7593747308, 11.332494575165873], [77.75928319514055, 11.3324954306944], [77.75928232823037, 11.332405098139622], [77.75919079258888, 11.3324059536412], [77.75918992571464, 11.332315621077438], [77.75909839010009, 11.3323164765341], [77.75909752326177, 11.332226143970338], [77.7590059876652, 11.332226999391068], [77.75900512086282, 11.332136666818323], [77.7589135852842, 11.33213752220312], [77.75891271851776, 11.332047189621392], [77.7588211829661, 11.332048044979238], [77.75882031623559, 11.331957712388528], [77.75872878070189, 11.33195856770146], [77.75872791400731, 11.331868235101764], [77.75863637849159, 11.331869090387746], [77.75863551184192, 11.33177875777907], [77.75854397634416, 11.331779613029118], [77.75854310973041, 11.331689280411458], [77.75845157425961, 11.331690135625575], [77.75845070767282, 11.331599803007915], [77.75835917221997, 11.3316006581861], [77.7583583056781, 11.331510325550472], [77.75826677024322, 11.331511180692724], [77.75826503723134, 11.331330515421469], [77.75835657260333, 11.331329660297184], [77.75835743913623, 11.331419992923827], [77.75854050991614, 11.33141828256746], [77.75853617705407, 11.330966619488139], [77.75871924751958, 11.330964909086855], [77.75871838090585, 11.330874576487162], [77.75880991609817, 11.330873721255077], [77.75880904947546, 11.330783388655384], [77.75890058463186, 11.330782533396352], [77.75889971798219, 11.33069220080564], [77.75899125310265, 11.330691345528642], [77.75899038642604, 11.330601012946913], [77.75908192151057, 11.330600157642966], [77.75908105481598, 11.330509825070221], [77.7589895197584, 11.330510680356202], [77.75898778645008, 11.330330015183764], [77.75889625144639, 11.330330870433812], [77.75889451822789, 11.330150205243408], [77.75880298326912, 11.330151060448541], [77.75880211670031, 11.330060727839863], [77.75925979126059, 11.330056451562667], [77.75925892455702, 11.329966118998906], [77.75953352911891, 11.329963552907397], [77.7595326623345, 11.329873220361602], [77.76044801011658, 11.329864664977515], [77.76044714305368, 11.329774332494603], [77.76072174715745, 11.329771765352065], [77.7607208800137, 11.329681432887119], [77.76090394932936, 11.329679721327008], [77.76090568373364, 11.32986038622097], [77.76072261431017, 11.329862097808029], [77.76072348147189, 11.329952430263994], [77.76063194671973, 11.329953286026083], [77.76063541531266, 11.330314615876887], [77.76100155473452, 11.330311192559035], [77.76100068745603, 11.330220860130021], [77.76127529185622, 11.330218292367647], [77.76127442450587, 11.330127959956599], [77.76145749401917, 11.330126247983264], [77.76145662661492, 11.330035915581199], [77.76154816133113, 11.330035059567582], [77.76154729389994, 11.3299447271745], [77.76163882858022, 11.329943871133933], [77.76163796114004, 11.329853538740851], [77.76182103041079, 11.329851826587852], [77.7618201629167, 11.329761494212736], [77.76191169751614, 11.329760638100304], [77.7619108300041, 11.329670305734172], [77.7620023645676, 11.329669449603774], [77.7620014970286, 11.32957911723764], [77.76209303155618, 11.329578261089276], [77.76209216399023, 11.329487928732128], [77.76218369848188, 11.329487072556814], [77.76218109576605, 11.329216075503332], [77.76208956136423, 11.32921693166068], [77.76208782631318, 11.329036266946382], [77.76245396365094, 11.329032842218176], [77.76245309602211, 11.328942509878994], [77.76254463031613, 11.328941653640797], [77.76254376266034, 11.328851321310596], [77.76263529691842, 11.328850465045452], [77.76263442924467, 11.328760132724234], [77.76281749767101, 11.328758420122078], [77.76281662995234, 11.328668087818828], [77.76299969828885, 11.328666375108874], [77.76299883051628, 11.328576042814607], [77.7630903646486, 11.32857518643268], [77.76308862906754, 11.328394521862112], [77.76318016313698, 11.328393665453236], [77.76317929532848, 11.328303333176935], [77.76327082936199, 11.328302476750093], [77.76326996153553, 11.328212144482775], [77.7634530295127, 11.328210431557224], [77.76345216163234, 11.328120099298891], [77.76372676346335, 11.328117529730902], [77.7637250275589, 11.327936865250166], [77.76381656142173, 11.327936008688576], [77.76381569345153, 11.32784567645719], [77.76399876111431, 11.327843963253164], [77.76399789309919, 11.327753631030761], [77.76408942689015, 11.327752774397307], [77.76408855884809, 11.327662442183888], [77.76427162634916, 11.327660728836129], [77.7642707582532, 11.327570396640677], [77.7643622919723, 11.327569539935357], [77.76436142385838, 11.327479207739906], [77.76445295753255, 11.327478351007635], [77.76445208940066, 11.327388018821166], [77.76472669029744, 11.32738544848961], [77.7647258220847, 11.327295116321107], [77.76490888925339, 11.327293402640972], [77.76490802098675, 11.327203070481453], [77.76499955453517, 11.327202213605451], [77.76499868625056, 11.327111881463898], [77.76509021976304, 11.32711102456095], [77.7650893514515, 11.327020692419396], [77.76518088492804, 11.32701983549848], [77.76518001659852, 11.326929503365909], [77.76527155003913, 11.326928646427028], [77.76527068169165, 11.326838314294458], [77.76536221509633, 11.326837457337609], [77.7653613467219, 11.326747125214021], [77.76545288009065, 11.326746268230224], [77.76545201169824, 11.32665593611562], [77.76554354503106, 11.326655079113856], [77.76554267661172, 11.326564746999251], [77.76572574319651, 11.326563032923858], [77.76572487473224, 11.32647270082722], [77.7659079412272, 11.32647098664403], [77.76590620420883, 11.326290322477702], [77.76608927056006, 11.326288608213662], [77.76608840200596, 11.326198276143975], [77.76627146826735, 11.326196561781119], [77.76626973106035, 11.326015897668693], [77.76654433023235, 11.326013325953731], [77.76654346155249, 11.325922993919976], [77.76672652757134, 11.325921279314576], [77.76672565884655, 11.325830947289804], [77.76690872477558, 11.325829232585589], [77.7669069872272, 11.325648568571976], [77.76699852012884, 11.32564771119292], [77.76699765134117, 11.325557379186113], [77.76708918419789, 11.32555652178909], [77.76708831538328, 11.325466189791268], [77.76727138102483, 11.325464474916373], [77.76727051216531, 11.325374142927533], [77.76736204495015, 11.325373285458646], [77.76736030719516, 11.325192621507915], [77.76745183990815, 11.32519176402106], [77.76745097101269, 11.325101432050188], [77.76754250368974, 11.325100574536384], [77.76754163477631, 11.325010242574493], [77.76763316741743, 11.325009385042723], [77.76763229848603, 11.324919053089815], [77.76772383109122, 11.324918195540079], [77.76772296213288, 11.32482786358717], [77.76781449470214, 11.324827006010485], [77.76781362572582, 11.32473667406656], [77.76799669078348, 11.324734958850307], [77.76799582175327, 11.32464462692435], [77.76808735425065, 11.324643769275799], [77.76808474711513, 11.324372773497926], [77.76826781190329, 11.324371058173872], [77.76826607374406, 11.324190394339924], [77.76835760607077, 11.324189536646456], [77.7683558678756, 11.324008872830474], [77.76844740013942, 11.324008015128024], [77.76844653101939, 11.323917683229014], [77.76853806324728, 11.323916825499616], [77.76853632498026, 11.323736161701598], [77.76862785714526, 11.323735303963216], [77.76862698799827, 11.323644972073192], [77.76881005223846, 11.323643256515577], [77.76880831384568, 11.323462592762477], [77.7688998459029, 11.323461734961212], [77.76889897668404, 11.323371403089153], [77.76899050870531, 11.323370545260937], [77.7689896394685, 11.323280213397862], [77.7691727034302, 11.323278497669568], [77.76917183413948, 11.32318816582446], [77.76926336607991, 11.32318730792438], [77.76926249677123, 11.32309697607927], [77.76935402867574, 11.323096118161224], [77.76935315934908, 11.323005786325098], [77.76944469121764, 11.323004928380103], [77.76944295252841, 11.322824264716834], [77.7695344843251, 11.322823406762854], [77.76953361496253, 11.322733074935712], [77.76962514673228, 11.322732216963766], [77.76962427734274, 11.322641885145607], [77.76971580907657, 11.322641027146712], [77.76971493966907, 11.322550695328554], [77.76980647136695, 11.322549837311692], [77.76980473251602, 11.322369173702322], [77.76989626415103, 11.322368315667495], [77.76989452527314, 11.322187652067107], [77.7701691199446, 11.322185077836863], [77.77016998945989, 11.32227540961909], [77.77026152103201, 11.32227455148545], [77.77025978194752, 11.32209388793896], [77.77016825043829, 11.32209474606362], [77.77016738093197, 11.322004414281391], [77.77025891241426, 11.322003556156734], [77.77025804288998, 11.32191322438349], [77.77034957433634, 11.321912366249848], [77.77034870479409, 11.321822034476604], [77.77025717337469, 11.321822892610244], [77.77025630385938, 11.321732560828018], [77.77034783525184, 11.32173170270336], [77.77034696572757, 11.321641370939098], [77.7704384970751, 11.321640512787491], [77.77043762752388, 11.321550181023229], [77.77052915884447, 11.321549322862639], [77.77052741970608, 11.321368659343099], [77.7706189509638, 11.321367801164543], [77.77061721178947, 11.32118713766297], [77.7707087429843, 11.321186279466446], [77.77070787337917, 11.321095947720151], [77.77061634222028, 11.321096805907692], [77.77061547265107, 11.321006474152414], [77.77070700378303, 11.321005615973856], [77.77070526461769, 11.320824952481267], [77.77079679568675, 11.320824094284744], [77.7707959260906, 11.320733762538449], [77.77088745712373, 11.32073290432396], [77.77088658750064, 11.320642572586648], [77.77097811848886, 11.320641714354192], [77.7709772488478, 11.320551382625863], [77.77106877980907, 11.320550524366457], [77.77106791015004, 11.320460192638128], [77.77115944106639, 11.320459334360757], [77.77115857138041, 11.320369002641412], [77.77134163315023, 11.320367286014802], [77.77134076341935, 11.320276954313423], [77.77143229426383, 11.320276095955203], [77.77143142450599, 11.320185764262808], [77.77152295531454, 11.32018490588662], [77.77152208552975, 11.320094574203209], [77.77161361630236, 11.320093715809055], [77.77161187671481, 11.31991305244223], [77.77170340742455, 11.319912194030112], [77.77170166780108, 11.319731530681251], [77.77179319844794, 11.319730672251167], [77.77179232861823, 11.31964034058572], [77.77188385922915, 11.319639482137667], [77.7718812497041, 11.319368487141329], [77.7719727802162, 11.319367628693277], [77.77197191036853, 11.319277297036814], [77.7720634408447, 11.319276438561813], [77.77206170109547, 11.319095775248886], [77.77215323150877, 11.319094916764902], [77.77215236162516, 11.31900458511742], [77.77224389199354, 11.31900372661547], [77.7722421521814, 11.318823063329493], [77.77242521280138, 11.318821346253728], [77.77242434284591, 11.318731014633196], [77.77260740337606, 11.318729297458615], [77.77260566337529, 11.318548634226538], [77.77269719357298, 11.31854777561679], [77.77269632355463, 11.31845744400524], [77.7727878537164, 11.318456585368542], [77.77278698368008, 11.318366253765978], [77.7728785138059, 11.318365395111314], [77.77287764374265, 11.318275063517733], [77.77296917383254, 11.318274204836118], [77.77296830375131, 11.318183873251522], [77.77305983380528, 11.318183014551941], [77.77305809360688, 11.318002351382745], [77.77324115358006, 11.318000633929685], [77.77324028343594, 11.317910302354072], [77.77333181337313, 11.31790944359161], [77.77333094321105, 11.31781911203396], [77.77342247312129, 11.31781825324455], [77.77342160293226, 11.3177279216869], [77.77351313280656, 11.317727062888505], [77.77351139240155, 11.317546399782191], [77.77360292220398, 11.317545540965831], [77.77360118177202, 11.3173648778685], [77.77369271151157, 11.317364019034173], [77.77369358175451, 11.317454350573854], [77.77378511152102, 11.317453491712579], [77.77378424125114, 11.317363160172896], [77.77387577097272, 11.31736230128467], [77.77387316011817, 11.317091306710537], [77.77396468974993, 11.317090447813328], [77.7739620788774, 11.316819453248181], [77.77405360841934, 11.316818594341989], [77.77405099752885, 11.316547599794808], [77.77414252697196, 11.316546740888615], [77.77414165666615, 11.316456409375881], [77.77423318607332, 11.31645555044274], [77.77423144541677, 11.31627488743524], [77.77432297476108, 11.316274028484132], [77.77432123407759, 11.316093365494599], [77.774412763359, 11.316092506534508], [77.77441102264856, 11.315911843544974], [77.7745025518581, 11.315910984566916], [77.77450168148941, 11.315820653081133], [77.77459321067202, 11.315819794085108], [77.77459234027637, 11.315729462608308], [77.77468386942304, 11.315728603594318], [77.77468299900045, 11.315638272117518], [77.77459146988971, 11.315639131122525], [77.77458972913435, 11.315458468159942], [77.7748643162869, 11.315455891091021], [77.77486344583735, 11.315365559632188], [77.77495497484928, 11.315364700555316], [77.77495410437278, 11.31527436909648], [77.7748625753968, 11.31527522816437], [77.77486170495624, 11.315184896705537], [77.77495323390528, 11.315184037646631], [77.77495236344674, 11.315093706187797], [77.77504389236884, 11.315092847110924], [77.77504302188336, 11.315002515661073], [77.77513455076952, 11.315001656557252], [77.77513193928614, 11.314730662225665], [77.77522346807349, 11.31472980311286], [77.7752217270666, 11.314549140240109], [77.77531325578208, 11.314548281109337], [77.77531151474824, 11.314367618245567], [77.77540304340982, 11.314366759105813], [77.77540130234904, 11.314186096260011], [77.77549283093875, 11.31418523710229], [77.77549108985102, 11.314004574265471], [77.77558261837785, 11.314003715098767], [77.77558174781153, 11.313913383684849], [77.77567327630243, 11.313912524491196], [77.77567153514282, 11.313731861672341], [77.77576306357084, 11.313731002469705], [77.7757613223843, 11.313550339668819], [77.77585285074943, 11.313549480448216], [77.77585198013819, 11.313459149052264], [77.77594350846739, 11.313458289822679], [77.7759426378292, 11.313367958426726], [77.77603416612247, 11.31336709917019], [77.77603242481914, 11.313186436396252], [77.77612395304952, 11.313185577130735], [77.77612221171925, 11.313004914374764], [77.77621373988676, 11.313004055082295], [77.77621199852952, 11.312823392335307], [77.77630352662517, 11.312822533033856], [77.77630178524099, 11.312641870304834], [77.77639331327374, 11.312641010985416], [77.77639070117053, 11.312370016905358], [77.77648222910447, 11.312369157585941], [77.77648135839442, 11.312278826225922], [77.77657288629243, 11.312277966879556], [77.77657201555543, 11.312187635537503], [77.77666354342648, 11.312186776173169], [77.77665831898649, 11.311644788102885], [77.77674984667789, 11.311643928756519], [77.77674810520388, 11.311463266072412], [77.77683963282341, 11.31146240670808], [77.77683789132246, 11.31128174404194], [77.7769294188791, 11.31128088465964], [77.77692854810617, 11.311190553335553], [77.77702007563587, 11.311189693935287], [77.77701833405406, 11.311009031287114], [77.7771098615119, 11.311008171877866], [77.77710899071201, 11.310917840562762], [77.77720051813391, 11.310916981126564], [77.77719877648923, 11.31073631850534], [77.77729030384825, 11.310735459060158], [77.77728682053191, 11.310374133835676], [77.77737834776518, 11.310373274390495], [77.77737747692936, 11.310282943093357], [77.77746900412669, 11.310282083621226], [77.77746639157431, 11.310011089738799], [77.77783249995039, 11.310007651661627], [77.77783337091196, 11.310097982922832], [77.77819947928805, 11.310094544369553], [77.7782003503664, 11.310184875603808], [77.77838340457241, 11.310183156138523], [77.77838427571366, 11.310273487363794], [77.77865885704513, 11.310270907932304], [77.77865972828519, 11.310361239130627], [77.77884278252712, 11.310359519359915], [77.7788462677928, 11.310720844099306], [77.77875474055953, 11.310721704029577], [77.7787564831744, 11.310902366408257], [77.77866495587827, 11.310903226320562], [77.77866582717223, 11.310993557518884], [77.77857429984016, 11.310994417413223], [77.77857604238316, 11.311175079818852], [77.77848451498821, 11.311175939695225], [77.77848538624623, 11.31126627090253], [77.77830233136649, 11.311267990592395], [77.77830320257961, 11.311358321817666], [77.7782116751038, 11.311359181622175], [77.77821428868026, 11.311630175306973], [77.77812276110564, 11.311631035111482], [77.77812450346899, 11.31181169757999], [77.77803297584046, 11.311812557366533], [77.77803384700866, 11.311902888600788], [77.77794231933522, 11.311903748369364], [77.77794406162671, 11.312084410864824], [77.7778525338904, 11.312085270615432], [77.77785427616391, 11.312265933119875], [77.77776274836471, 11.312266792852517], [77.77776449060228, 11.312447455365943], [77.7776729627402, 11.312448315089602], [77.77767470495083, 11.312628977620994], [77.7775831770169, 11.312629837326687], [77.77758404811323, 11.312720168596876], [77.77740099217347, 11.31272188794538], [77.77740360530974, 11.312992881791876], [77.77731207724105, 11.31299374144367], [77.77731381931693, 11.313174404019978], [77.77722229118537, 11.313175263662789], [77.77722316220982, 11.313265594950943], [77.77713163404232, 11.313266454566804], [77.77713337603736, 11.313447117170062], [77.77695031957659, 11.313448836347886], [77.77695119052918, 11.31353916766299], [77.77685966225387, 11.31354002721597], [77.77686140413213, 11.31372068985516], [77.77676987579395, 11.313721549390173], [77.77677161763626, 11.31390221204733], [77.7766800892352, 11.313903071573359], [77.77668183105057, 11.314083734230515], [77.77659030258661, 11.31408459373858], [77.77659204437504, 11.314265256413702], [77.77668357290186, 11.314264396887673], [77.77668531478011, 11.314445059544829], [77.77650225760966, 11.314446778596889], [77.77650312849939, 11.314537109938941], [77.77641159987374, 11.314537969429038], [77.7764124707455, 11.314628300771092], [77.77622941341335, 11.314630019688405], [77.77623115506702, 11.314810682408442], [77.77613962633359, 11.314811541835658], [77.77614049714245, 11.314901873204661], [77.77604896837308, 11.314902732604926], [77.77604983916397, 11.314993063982913], [77.77595831034968, 11.314993923365211], [77.77596005189557, 11.315174586121183], [77.77586852301839, 11.3151754454945], [77.77587026453732, 11.315356108259454], [77.77577873559726, 11.315356967623787], [77.77578047708025, 11.315537630397724], [77.77587200607421, 11.315536771033392], [77.77587374764703, 11.315717433798346], [77.7759652766859, 11.315716574380113], [77.77596701834855, 11.315897237136085], [77.77578396013607, 11.315898955954582], [77.77578483092697, 11.315989287341552], [77.77560177263364, 11.315991006070218], [77.77560264336165, 11.316081337475152], [77.77551111417905, 11.316082196803553], [77.7755119848891, 11.316172528208488], [77.77542045566159, 11.31617338750994], [77.77542219705475, 11.316354050337775], [77.77533066776435, 11.316354909630244], [77.77533240913056, 11.316535572476047], [77.77524087977727, 11.31653643175055], [77.77524175043344, 11.31662676317345], [77.7751502210532, 11.316627622429985], [77.77515196233857, 11.316808285293755], [77.77506043288646, 11.316809144541306], [77.77506130351567, 11.316899475973191], [77.77496977402765, 11.316900335193793], [77.7749706446299, 11.316990666643644], [77.77487911510595, 11.316991525837299], [77.7748808562835, 11.317172188736999], [77.77478932669666, 11.317173047930654], [77.77479019727197, 11.317263379380504], [77.77469866764021, 11.317264238547208], [77.77469953819755, 11.317354570015025], [77.77460800852987, 11.31735542915478], [77.77460974959963, 11.317536092090414], [77.77451821986905, 11.317536951221184], [77.77451909039047, 11.317627282697986], [77.77442756062396, 11.317628141801807], [77.77442930162186, 11.31780880476439], [77.77433777179247, 11.31780966385923], [77.77434038325788, 11.31808065831658], [77.77415732341046, 11.318082376470324], [77.77415819386, 11.318172707965092], [77.77406666389587, 11.318173567006031], [77.77406753431846, 11.31826389850978], [77.7739760043184, 11.318264757523771], [77.77397687472302, 11.318355089036503], [77.77388534468702, 11.318355948032528], [77.773887955847, 11.318626942588692], [77.77379642572117, 11.318627801575733], [77.77379729609885, 11.31871813309745], [77.77370576593708, 11.318718992066524], [77.77370750664753, 11.318899655118939], [77.7736159764139, 11.318900514079031], [77.77361684675564, 11.31899084560973], [77.77352531649505, 11.318991704542873], [77.77352618680986, 11.319082036082554], [77.77343465651334, 11.31908289499773], [77.77343552681018, 11.319173226546395], [77.77334399646874, 11.319174085434621], [77.77334573702647, 11.319354748540935], [77.77307114580456, 11.31935732507985], [77.77307201600257, 11.319447656655464]], [[77.75944546137866, 11.33032573852029], [77.75953699633743, 11.330324883099562], [77.75953612951709, 11.330234550553767], [77.7596276644489, 11.330233695115071], [77.7596267976106, 11.330143362569276], [77.7598098673844, 11.33014165162002], [77.75980900050116, 11.330051319101173], [77.76008360501815, 11.330048752479659], [77.76008533896427, 11.330229417490402], [77.76035994358905, 11.330226850581427], [77.76036254483164, 11.330497848030166], [77.76027100988185, 11.330498703711408], [77.76027447818734, 11.330860033661027], [77.76009140803623, 11.330861745005542], [77.76009227507218, 11.33095207750642], [77.75963459940697, 11.330956355409569], [77.75963546630817, 11.331046687946381], [77.75954393112482, 11.331047543447959], [77.7595421973853, 11.33086687836535], [77.75963373250576, 11.330866022872756], [77.75963286562254, 11.330775690335944], [77.75954133052004, 11.330776545819555], [77.75953959682543, 11.330595880736947], [77.75963113186505, 11.330595025262319], [77.7596293981435, 11.330414360188696], [77.75944632817207, 11.330416071066086], [77.75944546137866, 11.33032573852029]], [[77.76119503294616, 11.331393469733873], [77.76128656811154, 11.331392613693305], [77.7612874355697, 11.33148294609537], [77.76119590036838, 11.331483802144922], [77.76119503294616, 11.331393469733873]], [[77.7631853701317, 11.328935659120024], [77.76327690436283, 11.328934802648266], [77.76327777225217, 11.329025134915582], [77.76318623799409, 11.329025991396325], [77.7631853701317, 11.328935659120024]], [[77.77107399795187, 11.32109251468253], [77.77125706018882, 11.321090797993039], [77.77125792996462, 11.321181129694416], [77.77116639881471, 11.321181988061621], [77.77116726857255, 11.321272319771982], [77.77107573738671, 11.321273178121219], [77.77107399795187, 11.32109251468253]], [[77.77478323290308, 11.316540727718817], [77.77496629167251, 11.316539009412358], [77.77496716224782, 11.316629340862209], [77.77478410342448, 11.31663105917765], [77.77478323290308, 11.316540727718817]]], [[[77.77253066381375, 11.320265793536535], [77.77262219455942, 11.32026493481899], [77.77262306469456, 11.320355266421554], [77.77253153392193, 11.320356125148082], [77.77253066381375, 11.320265793536535]]], [[[77.77307201600257, 11.319447656655464], [77.7731635464518, 11.319446797830121], [77.77316441669473, 11.319537129396753], [77.77307288621856, 11.31953798823108], [77.77307201600257, 11.319447656655464]]]]}, "id": "+326+4831", "properties": {"count": 3708, "water": 1}}, {"type": "Feature", "geometry": {"geodesic": false, "type": "MultiPolygon", "coordinates": [[[[77.7805760795951, 11.40420548176555], [77.78057783814609, 11.40438614272489], [77.78048628117858, 11.404387010218977], [77.7804845226815, 11.404206349250654], [77.7805760795951, 11.40420548176555]]], [[[77.78112366199568, 11.404019615437447], [77.7812152187925, 11.40401874777268], [77.78121609825213, 11.404109078207435], [77.78112454142837, 11.404109945872202], [77.78112366199568, 11.404019615437447]]], [[[77.78112366199568, 11.404019615437447], [77.7808489915693, 11.404022218252084], [77.78085075026402, 11.404202879166508], [77.7805760795951, 11.40420548176555], [77.7805752003241, 11.404115151285879], [77.78048364344643, 11.404116018762], [77.78048188499426, 11.403935357784693], [77.78075655542962, 11.403932755329382], [77.78075567613168, 11.403842424867678], [77.78084723290154, 11.403841557328676], [77.78084635357664, 11.403751226866973], [77.78102946703552, 11.403749491726085], [77.78102858765672, 11.403659161282349], [77.78112014434573, 11.40365829367148], [77.78112102375148, 11.403748624115218], [77.78121258045847, 11.4037477564774], [77.78121170102577, 11.403657426042646], [77.78130325769682, 11.403656558377879], [77.78130149880448, 11.403475897526336], [77.78139305541265, 11.403475029843603], [77.78139657335005, 11.403836351528723], [77.781579686773, 11.40383461602851], [77.78158056633146, 11.403924946436314], [77.7813974528546, 11.403926681945512], [77.78139833235917, 11.4040170123623], [77.78130677558032, 11.404017880080964], [77.7813050166251, 11.403837219229422], [77.78121345990014, 11.403838086912154], [77.78121433934183, 11.403928417337927], [77.78112278257197, 11.40392928499371], [77.78112366199568, 11.404019615437447]], [[77.7805752003241, 11.404115151285879], [77.78057432107106, 11.40402482080621], [77.78066587790381, 11.404023953321106], [77.78066675719278, 11.404114283791793], [77.7805752003241, 11.404115151285879]], [[77.78093878966241, 11.403840689762724], [77.78103034641431, 11.403839822178806], [77.7810312258021, 11.403930152622543], [77.78093966901427, 11.403931020224428], [77.78093878966241, 11.403840689762724]]]]}, "id": "+355+3796", "properties": {"count": 35, "water": 1}}, {"type": "Feature", "geometry": {"geodesic": false, "type": "MultiPolygon", "coordinates": [[[[77.78203307178796, 11.403378624938016], [77.78203483112947, 11.40355928568176], [77.78194327454825, 11.403560153571107], [77.78194151526064, 11.403379492809396], [77.78203307178796, 11.403378624938016]]], [[[77.78203307178796, 11.403378624938016], [77.78203131247342, 11.403197964194272], [77.78193975600898, 11.403198832047684], [77.78194063563032, 11.403289162428539], [77.78184907912996, 11.403290030263987], [77.78184556078831, 11.402928708713615], [77.78202867356447, 11.402926973069672], [77.78202779394313, 11.4028366426978], [77.78211935029078, 11.402835774844386], [77.78212110959635, 11.403016435579147], [77.7822126659979, 11.40301556768082], [77.7822144253933, 11.403196228397615], [77.78230598183978, 11.403195360463354], [77.78230686157791, 11.403285690808277], [77.78221530510449, 11.403286558760504], [77.78221618482463, 11.40337688911441], [77.78203307178796, 11.403378624938016]]]]}, "id": "+363+3803", "properties": {"count": 20, "water": 1}}, {"type": "Feature", "geometry": {"geodesic": false, "type": "MultiPolygon", "coordinates": [[[[77.75106064855434, 11.34377447594562], [77.7510615137757, 11.34386480904837], [77.75096997384026, 11.343865662852131], [77.75097083903466, 11.343955995963865], [77.75087929907228, 11.343956849740678], [77.75088102942514, 11.344137515991097], [77.75078948939988, 11.344138369749942], [77.75078862425039, 11.344048036620242], [77.75069708424309, 11.344048890352138], [77.7506944889204, 11.343777890936089], [77.75078602883787, 11.34377703723114], [77.75078516371534, 11.343686704092457], [77.75087670360585, 11.343685850369544], [77.75087756875534, 11.343776183499244], [77.75106064855434, 11.34377447594562]]], [[[77.75141902044157, 11.342958062724966], [77.75132748082953, 11.34295891656466], [77.75132575038683, 11.342778250368143], [77.75141728993599, 11.342777396546415], [77.75141902044157, 11.342958062724966]]], [[[77.75168931259603, 11.342503835683146], [77.75168758199163, 11.342323169540526], [77.75177912137012, 11.342322315628966], [77.75177825604995, 11.342231982562149], [77.7518697953925, 11.342231128641606], [77.7518723914608, 11.342502127815111], [77.75168931259603, 11.342503835683146]]], [[[77.75141902044157, 11.342958062724966], [77.75151056004462, 11.34295720884934], [77.7515096947604, 11.342866875773538], [77.75160123432752, 11.342866021879944], [77.75159950372313, 11.342685355728342], [77.7515079642099, 11.342686209603968], [77.75150709895262, 11.342595876519184], [77.75159863842991, 11.34259502265254], [77.75159777314569, 11.342504689567756], [77.75168931259603, 11.342503835683146], [77.75169017790721, 11.342594168749963], [77.75187325683486, 11.342592460872947], [77.751876718385, 11.34295379308632], [77.75178517880889, 11.342954647069744], [77.75178604419193, 11.343044980136563], [77.75169450457989, 11.343045834093038], [77.75169536993599, 11.343136167159857], [77.75160383028802, 11.343137021098366], [77.75160556096428, 11.343317687249968], [77.75151402125341, 11.343318541170511], [77.75151488658257, 11.343408874255296], [77.75142334683578, 11.343409728157873], [77.751424212129, 11.343500061242658], [77.75133267234627, 11.343500915127267], [77.7513335376305, 11.343591248221035], [77.75124199781185, 11.343592102078695], [77.75124286306912, 11.343682435181446], [77.75115132321454, 11.34368328902114], [77.75115218844486, 11.34377362212389], [77.75106064855434, 11.34377447594562], [77.75105891814758, 11.343593809722151], [77.75096737831096, 11.343594663498964], [77.75096651314351, 11.343504330378247], [77.75105805295318, 11.343503476601434], [77.75105718776777, 11.3434131434897], [77.75114872755049, 11.343412289703904], [77.75114786233813, 11.34332195659217], [77.75133094181373, 11.343320248939731], [77.75133007655646, 11.343229915845964], [77.75142161625833, 11.343229061988303], [77.75141902044157, 11.342958062724966]]]]}, "id": "+39+4477", "properties": {"count": 60, "water": 1}}, {"type": "Feature", "geometry": {"geodesic": false, "type": "Polygon", "coordinates": [[[77.78401826551662, 11.324945762545445], [77.78410979685518, 11.324944899920226], [77.7841089227495, 11.32485456922496], [77.78420045405213, 11.324853706581777], [77.78419957992847, 11.324763375895493], [77.78429111119516, 11.32476251322536], [77.78429023705354, 11.32467218254806], [77.78465636193167, 11.32466873162498], [77.78465548768226, 11.32457840097463], [77.78474701885911, 11.324577538178733], [77.78474614458274, 11.324487207537366], [77.78492920684664, 11.324485481873705], [77.78492833252535, 11.32439515124132], [77.78501986362137, 11.324394288373558], [77.78501898927314, 11.324303957750157], [77.78511052033322, 11.324303094864428], [77.78510964596703, 11.324212764241027], [77.78529270799736, 11.324211038397705], [77.78529183358624, 11.32412070779227], [77.78538336456546, 11.324119844834675], [77.78538074127823, 11.323848853036338], [77.78547227215864, 11.323847990078743], [77.78546790002223, 11.323396337105471], [77.78555943075891, 11.323395474147876], [77.78555855632085, 11.323305143560408], [77.7860162097348, 11.323300828377176], [77.78601708431658, 11.323391158928713], [77.78610861499938, 11.323390295809421], [77.78611036423483, 11.323570956894525], [77.78601883348915, 11.323571820040765], [77.78601970808892, 11.323662150592302], [77.78611123886154, 11.323661287446061], [77.78611298814191, 11.323841948531166], [77.78629604978596, 11.323840222121904], [77.78629517507841, 11.323749891588333], [77.78638670586001, 11.323749028352262], [77.78638583114346, 11.323658697827675], [77.78647736188914, 11.323657834564655], [77.78647911139409, 11.32383849559586], [77.78657064218467, 11.323837632296906], [77.78657151698206, 11.323927962803525], [77.78666304779959, 11.323927099459654], [77.78666392262394, 11.32401742995729], [77.78675545346843, 11.324016566586472], [77.78675632832869, 11.324106897075126], [77.78684785919114, 11.324106033668373], [77.78684960900152, 11.324286694636696], [77.78675807808517, 11.324287558061416], [77.78675720320693, 11.324197227572762], [77.78666567230854, 11.324198090961547], [77.78666654715984, 11.324288421459183], [77.7863919543479, 11.324291011472829], [77.78639282911834, 11.324381341997414], [77.78630129813911, 11.324382205287385], [77.78630217289158, 11.32447253581197], [77.78611911085227, 11.324474262320049], [77.78612086025841, 11.324654923396169], [77.78602932917137, 11.324655786623259], [77.78603457741673, 11.325197769878573], [77.78594304614104, 11.325198633123629], [77.78594392084861, 11.32528896366618], [77.78576085823437, 11.325290690075443], [77.78576173288803, 11.325381020644944], [77.78567020154048, 11.325381883809152], [77.7856710761672, 11.325472214378653], [77.78557954478373, 11.325473077524894], [77.78558041940146, 11.32556340810338], [77.78548888797306, 11.325564271231654], [77.78548801339127, 11.325473940644185], [77.78530495058838, 11.32547566680192], [77.78530582511628, 11.325565997398371], [77.78512276222357, 11.32556772345729], [77.78512451118054, 11.325748384677143], [77.78503297966232, 11.32574924767067], [77.78503035632119, 11.325478255827417], [77.78512188774957, 11.325477392842872], [77.78512101329355, 11.325387062237438], [77.7850294818921, 11.325387925204016], [77.78502685863181, 11.325116933351781], [77.78484379598164, 11.325118659168155], [77.78484554469607, 11.325299320432922], [77.78475401330361, 11.325300183309668], [77.78475488764286, 11.325390513951035], [77.7845718247771, 11.325392239641646], [77.784569201948, 11.325121247681611], [77.78438613922596, 11.325122973210526], [77.78438701343046, 11.325213303878842], [77.78411241920817, 11.325215891988059], [77.78411154507553, 11.325125561301775], [77.78402001368308, 11.32512642394496], [77.78401826551662, 11.324945762545445]]]}, "id": "+414+4683", "properties": {"count": 336, "water": 1}}, {"type": "Feature", "geometry": {"geodesic": false, "type": "Polygon", "coordinates": [[[77.75155501217036, 11.39526424892387], [77.75173812474888, 11.395262533303374], [77.75173725529646, 11.395172200559948], [77.75192036777618, 11.395170484840637], [77.75192123729148, 11.39526081757508], [77.75210434980713, 11.395259101730005], [77.75210348023793, 11.39516876901353], [77.75292748592953, 11.395161046358728], [77.75293009542764, 11.395432044319508], [77.7530216516675, 11.395431186087052], [77.7530242613273, 11.395702184020882], [77.75293270500659, 11.395703042280289], [77.75293183514096, 11.395612709626695], [77.7528402788382, 11.395613567850168], [77.75284288836326, 11.39588456581993], [77.75265977556015, 11.39588628222196], [77.75266064536291, 11.395976614884537], [77.75229441955906, 11.395980047374188], [77.75229528925402, 11.396070380072697], [77.75202061973495, 11.396072954150227], [77.75201801093753, 11.395801955991818], [77.75192645450902, 11.395802813945796], [77.75192558494881, 11.395712481220338], [77.75165091569025, 11.39571505487566], [77.751648307333, 11.39544405662742], [77.75155675098534, 11.395444914437668], [77.75155501217036, 11.39526424892387]]]}, "id": "+45+3891", "properties": {"count": 114, "water": 1}}, {"type": "Feature", "geometry": {"geodesic": false, "type": "MultiPolygon", "coordinates": [[[[77.79073737587788, 11.338162112463287], [77.79110351590161, 11.3381586494938], [77.7911043932592, 11.338248979560245], [77.79101285823755, 11.338249845356515], [77.79101373556819, 11.338340175431943], [77.79092220050163, 11.338341041201266], [77.79092132320692, 11.338250711116855], [77.79073825311869, 11.338252442565665], [77.79073737587788, 11.338162112463287]]], [[[77.79054641153868, 11.33735087273917], [77.79045487675059, 11.337351738292895], [77.79045575383869, 11.33744206841324], [77.79054728864475, 11.337441202859514], [77.79054816576877, 11.337531532970875], [77.79063970060177, 11.337530667381216], [77.7906388234508, 11.337440337269856], [77.79073035824787, 11.337439471653248], [77.7907321126127, 11.337620131858003], [77.79064057776174, 11.337620997492579], [77.79064320927755, 11.337891987817677], [77.79046013937797, 11.337893719032927], [77.79045750803284, 11.337622728662911], [77.790274438277, 11.337624459725447], [77.79027706944247, 11.337895450140378], [77.79018553446573, 11.337896315649187], [77.79018290338111, 11.33762532521629], [77.79009136848522, 11.337626190680185], [77.79008873755332, 11.337355200220339], [77.79018027236836, 11.33735433477441], [77.79017676444717, 11.336993014185236], [77.79045136848805, 11.33699041778457], [77.79045312261034, 11.337171078034242], [77.79054465732656, 11.337170212498481], [77.79054641153868, 11.33735087273917]], [[77.79045487675059, 11.337351738292895], [77.7903633419625, 11.33735260381069], [77.79036246491933, 11.337262273681361], [77.79045399968047, 11.337261408163569], [77.79045487675059, 11.337351738292895]]], [[[77.79054641153868, 11.33735087273917], [77.7906379463088, 11.337350007158495], [77.7906388234508, 11.337440337269856], [77.79054728864475, 11.337441202859514], [77.79054641153868, 11.33735087273917]]], [[[77.79064320927755, 11.337891987817677], [77.79073474420936, 11.337891122165138], [77.79073737587788, 11.338162112463287], [77.79064584085624, 11.338162978133793], [77.79064320927755, 11.337891987817677]]]]}, "id": "+461+4531", "properties": {"count": 48, "water": 1}}, {"type": "Feature", "geometry": {"geodesic": false, "type": "MultiPolygon", "coordinates": [[[[77.78886242554788, 11.295811022448376], [77.78904546895613, 11.29580929856338], [77.78904110234434, 11.29535764611113], [77.78894958077946, 11.295358508035662], [77.78894696098666, 11.295087516542752], [77.78903848246172, 11.295086654636187], [77.78903760918249, 11.294996324147533], [77.7891291306216, 11.294995462223001], [77.7891282573244, 11.294905131734348], [77.78903673591223, 11.294905993649897], [77.78903586264198, 11.294815663161243], [77.7893104267707, 11.29481307734273], [77.78930955342858, 11.294722746872045], [77.78940107475991, 11.294721884875647], [77.78939845468864, 11.29445089347257], [77.78948997593012, 11.294450031485155], [77.78948822920097, 11.294269370552763], [77.7895797503706, 11.294268508547384], [77.78958062375764, 11.294358839000104], [77.78967214495422, 11.294357976958791], [77.78967738562677, 11.2948999596302], [77.78958586425951, 11.294900821716428], [77.78958673770943, 11.29499115216915], [77.78949521630624, 11.294992014237412], [77.78949608972921, 11.295082344699116], [77.78940456829008, 11.29508320674043], [77.78940806193704, 11.295444528587245], [77.78949958348396, 11.295443666518983], [77.78950133041074, 11.295624327424424], [77.78940980880094, 11.295625189510652], [77.78941155570077, 11.29580585043406], [77.78932003402808, 11.295806712511306], [77.78932090746004, 11.29589704297301], [77.78922938575141, 11.295897905023306], [77.78923025915643, 11.295988235493994], [77.78904721565833, 11.295989959531703], [77.7890507091436, 11.29635128146835], [77.78895918727328, 11.296352143473731], [77.78896006063336, 11.296442473962385], [77.78886853872712, 11.296443335949798], [77.78886941206025, 11.296533666447434], [77.78877789011807, 11.2965345284079], [77.78877876343324, 11.296624858905536], [77.78868724145512, 11.296625720848034], [77.78868811475233, 11.296716051363637], [77.78850507070626, 11.296717775167785], [77.78850332422864, 11.296537114118612], [77.78859484619777, 11.29653625224798], [77.78859397294549, 11.296445921723395], [77.78868549487868, 11.296445059825812], [77.78868200181563, 11.296083737781366], [77.78895656722895, 11.296081151998788], [77.78895569389582, 11.295990821510134], [77.7888641721333, 11.295991683452632], [77.78886242554788, 11.295811022448376]]], [[[77.79157923101334, 11.292804252316616], [77.79157835711426, 11.292713922007625], [77.7916698776371, 11.29271305947224], [77.79167075155415, 11.292803389772246], [77.79157923101334, 11.292804252316616]]], [[[77.79166638202284, 11.292351738254244], [77.79157486162576, 11.292352600762682], [77.79157660935205, 11.292533261380662], [77.79139356841416, 11.292534986352619], [77.79139269459593, 11.292444656025664], [77.7914842150469, 11.292443793562143], [77.7914824673835, 11.292263132926195], [77.7913909469954, 11.29226399537175], [77.79139182079567, 11.292354325698707], [77.79130030037165, 11.292355188117313], [77.79130117414496, 11.29244551845325], [77.791209653685, 11.292446380862874], [77.79121140120466, 11.292627041534754], [77.79139444223239, 11.292625316670593], [77.79139618989579, 11.292805977324507], [77.79157923101334, 11.292804252316616], [77.79158010491241, 11.292894582625605], [77.79148858432669, 11.29289544515201], [77.7914903320979, 11.293076105778972], [77.79139881144928, 11.293076968296393], [77.79140055918455, 11.29325762893234], [77.79130903847306, 11.293258491431793], [77.79130816462788, 11.293168161104838], [77.79085056110637, 11.293172473125999], [77.79085230851824, 11.293353133851777], [77.7907607877349, 11.293353996189534], [77.79076253511981, 11.293534656924296], [77.79048797255416, 11.293537243802819], [77.79048709894255, 11.29344691341298], [77.79030405725007, 11.293448637836967], [77.7903066779322, 11.293719629051399], [77.79021515698714, 11.293720491236442], [77.7902177776513, 11.29399148246884], [77.79012625661643, 11.293992344653883], [77.79012800370491, 11.294173005478477], [77.78985344037568, 11.294175591916826], [77.78985431384356, 11.29426592235158], [77.78967127154024, 11.294267646506071], [77.78966952472125, 11.294086985609612], [77.78948648249877, 11.294088709629357], [77.78948735584089, 11.29417904009106], [77.78939583468923, 11.29417990206949], [77.78939496137406, 11.294089571598803], [77.78930344024036, 11.294090433541303], [77.78930431352858, 11.294180764011989], [77.78921279235895, 11.294181625936522], [77.78921453890844, 11.294362286904844], [77.78912301767593, 11.294363148802427], [77.78912476419848, 11.294543809788717], [77.78875867896299, 11.294547257172434], [77.78875955212546, 11.294637587697022], [77.78885107346576, 11.294636725880286], [77.78885194666415, 11.294727056386906], [77.7889434680314, 11.294726194543223], [77.78894434125675, 11.29481652504086], [77.78866977704718, 11.294819110526994], [77.78867065019166, 11.294909441042597], [77.78857912874355, 11.294910302823398], [77.78858000187007, 11.295000633347984], [77.788396958902, 11.295002356837722], [77.78839783197462, 11.295092687380274], [77.78830631045464, 11.295093549089211], [77.7883071835093, 11.295183879631763], [77.78821566194442, 11.295184741322734], [77.78821653498112, 11.295275071874268], [77.7881250133803, 11.295275933538289], [77.78812675941774, 11.295456594659326], [77.78803523775404, 11.295457456314363], [77.78803785678326, 11.295728448013886], [77.78812937853681, 11.295727586340883], [77.78812763245443, 11.295546925219845], [77.78849371914518, 11.295543478312235], [77.78849197286519, 11.295362817245095], [77.78858349446601, 11.295361955464294], [77.78858174815008, 11.29518129440614], [77.78885631272796, 11.295178708928988], [77.78885718597127, 11.295269039435608], [77.78876566442435, 11.295269901297257], [77.7887665376407, 11.295360231803878], [77.78867501605784, 11.29536109364756], [77.788677635662, 11.295632085203353], [77.78876915732569, 11.295631223341703], [77.78877003057798, 11.295721553848322], [77.78886155225965, 11.29572069195074], [77.78886242554788, 11.295811022448376], [77.78858786036811, 11.295813608078241], [77.7885887335665, 11.295903938602828], [77.78849721180399, 11.295904800428545], [77.78849546546111, 11.295724139370389], [77.78831242200793, 11.295725862914026], [77.78831154890837, 11.295635532371474], [77.78822002719974, 11.295636394089394], [77.78822177336296, 11.295817055192465], [77.78813025159145, 11.2958179169014], [77.78813199771874, 11.295998578013455], [77.787948954041, 11.296000301368446], [77.78795070007844, 11.296180962516432], [77.7878591781722, 11.296181824162487], [77.78786005118194, 11.29627215474097], [77.78795157311514, 11.296271293085933], [77.78795244615183, 11.296361623655436], [77.78804396811198, 11.296360761955482], [77.78804309503936, 11.296270431394964], [77.78813461696356, 11.296269569686027], [77.78813549006314, 11.296359900237563], [77.78822701200532, 11.296359038483711], [77.78822875827633, 11.2965396995778], [77.78832028027242, 11.296538837788013], [77.78832202663325, 11.296719498864135], [77.78795593838844, 11.29672294592446], [77.78795768455164, 11.29690360705448], [77.78786616241183, 11.296904468763415], [77.78786703547547, 11.296994799332918], [77.78777551330872, 11.296995661014904], [77.78777289422558, 11.296724669279449], [77.7878644163115, 11.296723807615429], [77.78786354326583, 11.296633477036945], [77.78777202121584, 11.296634338700965], [77.7877711482061, 11.296544008113496], [77.7876796261741, 11.296544869741584], [77.7876804991479, 11.296635200329053], [77.78758897707097, 11.296636061930192], [77.78759246893927, 11.296997384307012], [77.78750094674555, 11.296998245908151], [77.78750356564004, 11.297269237706487], [77.7874120433565, 11.297270099298643], [77.78741291630335, 11.297360429904078], [77.78732139398389, 11.297361291478266], [77.78731964814406, 11.297180630249432], [77.7872281258695, 11.297181491778705], [77.78722899875348, 11.297271822402106], [77.7870459541325, 11.297273545388787], [77.78704769981063, 11.297454206653555], [77.78695617742827, 11.29745506812893], [77.78695792307944, 11.29763572940268], [77.78677487817998, 11.297637452281563], [77.78677575096515, 11.297727782931913], [77.786684228475, 11.297728644335422], [77.78668510123322, 11.297818974994755], [77.78659357870713, 11.297819836380299], [77.78659532418762, 11.298000497707948], [77.78650380159866, 11.298001359075524], [77.78650467432094, 11.29809168974384], [77.78641315169604, 11.29809255109345], [77.78641402440034, 11.298182881770751], [77.7862309790697, 11.298184604398106], [77.78623272437952, 11.298365265770672], [77.78604967890513, 11.298366988317177], [77.78605055151962, 11.298457319021427], [77.785959028742, 11.298458180254256], [77.78595990132953, 11.298548510958506], [77.785868378516, 11.298549372173367], [77.78587012366411, 11.298730033608816], [77.78577860078768, 11.298730894805713], [77.78577947333929, 11.298821225527927], [77.78568795042692, 11.298822086706858], [77.78568882296057, 11.298912417438057], [77.78559730001227, 11.298913278590037], [77.78559817251895, 11.299003609330219], [77.78550664953472, 11.299004470464233], [77.78550752202345, 11.299094801204415], [77.78541599900329, 11.299095662320463], [77.78541687147404, 11.299185993069628], [77.78532534841794, 11.299186854158727], [77.78532622087073, 11.299277184916875], [77.78523469776972, 11.299278045988007], [77.78523644263937, 11.299458707513287], [77.78505339631158, 11.299460429601652], [77.78505426870149, 11.299550760368783], [77.78496274549269, 11.299551621386017], [77.78496361785564, 11.299641952162132], [77.78487209461989, 11.299642813152415], [77.78487296696488, 11.299733143937512], [77.78478144369319, 11.299734004900847], [77.78478231601123, 11.299824335694927], [77.78469079270361, 11.299825196640295], [77.78469253731274, 11.30000585823744], [77.78460101394224, 11.300006719173826], [77.78460188622434, 11.30009704997689], [77.78451036281791, 11.300097910886324], [77.78451210735517, 11.300278572510418], [77.78442058387688, 11.300279433410871], [77.78442232839618, 11.300460095043947], [77.78433080485499, 11.300460955926434], [77.78433254933836, 11.300641617568495], [77.78414950212124, 11.300643339279567], [77.78415037432251, 11.300733670109581], [77.78396732701556, 11.30073539172184], [77.78396907131926, 11.300916053417799], [77.78387754759842, 11.300916914201471], [77.78387929186619, 11.301097575906413], [77.78378776808246, 11.301098436672117], [77.78379038447063, 11.301369429251988], [77.7836988605881, 11.30137029000871], [77.78369711638321, 11.30118962827682], [77.78360559255457, 11.301190488988626], [77.78361169719982, 11.301822805095162], [77.78333712507607, 11.301825387212615], [77.78334061326127, 11.302186710775212], [77.78324908909127, 11.302187571451086], [77.7832508331704, 11.30236823324586], [77.78315930893751, 11.302369093903767], [77.78316105298968, 11.302549755707524], [77.78306952868493, 11.302550616356449], [77.78307214474074, 11.30282160908005], [77.7828890959426, 11.302823330341965], [77.7828917118906, 11.303094323092516], [77.78280018738822, 11.303095183705508], [77.78280193134158, 11.30327584555418], [77.78271040677632, 11.303276706149205], [77.78271215069374, 11.303457368006862], [77.78252910143746, 11.30345908913403], [77.78253171719682, 11.30373008196543], [77.78244019246986, 11.30373094251554], [77.78244280821126, 11.304001935355922], [77.78235128339446, 11.304002795897048], [77.7823521552903, 11.304093126843842], [77.78226063043758, 11.304093987367002], [77.78226237420229, 11.30427464928754], [77.78217084928669, 11.30427550978375], [77.78217172114658, 11.304365840748511], [77.78208019619504, 11.304366701235738], [77.78208106803697, 11.3044570322005], [77.7819895430495, 11.304457892660777], [77.78199128669745, 11.30463855462623], [77.78189976164708, 11.304639415068543], [77.78190237709204, 11.304910408016722], [77.78181085194288, 11.304911268459035], [77.78181259555487, 11.305091930442455], [77.78172107034283, 11.305092790857817], [77.78172281392787, 11.30527345285022], [77.78163128865295, 11.305274313265581], [77.78163216042302, 11.305364644266275], [77.78154063511215, 11.305365504654688], [77.78154150686424, 11.305455835664365], [77.78144998151745, 11.305456696025827], [77.78145085325158, 11.305547027044486], [77.78135932785987, 11.305547887387984], [77.78136368649461, 11.305999542490264], [77.78118063541476, 11.306001263168275], [77.78118237880217, 11.306181925232544], [77.7809078019533, 11.30618450608337], [77.7809104168413, 11.306455499238163], [77.78081889112619, 11.306456359482846], [77.78082237762256, 11.306817683710197], [77.78063932594081, 11.306819404172613], [77.78064194072101, 11.307090397381305], [77.78055041478133, 11.307091257590054], [77.78055128636275, 11.307181588662612], [77.78045976038713, 11.30718244886238], [77.78046150351405, 11.307363111016478], [77.78036997747554, 11.30736397119828], [77.7803717205755, 11.307544633370345], [77.78028019446513, 11.30754549353418], [77.78028106600165, 11.307635824624704], [77.78018953985534, 11.307636684761588], [77.78019128288345, 11.307817346960604], [77.78009975668326, 11.307818207088506], [77.78010149968439, 11.307998869296505], [77.77991844714028, 11.308000589498407], [77.77991931858695, 11.308090920615882], [77.77982779227895, 11.308091780671917], [77.77983214952131, 11.308543436286238], [77.77974062305162, 11.30854429636024], [77.77974236594497, 11.308724958613155], [77.7796508394124, 11.30872581866919], [77.77965258227879, 11.308906480940072], [77.77956105568333, 11.308907340978141], [77.7795636699515, 11.309178334393446], [77.7794721432662, 11.309179194431517], [77.77947388608769, 11.309359856720363], [77.77938235933952, 11.309360716740466], [77.77938410213406, 11.309541379038297], [77.77929257531402, 11.309542239049417], [77.77929518948336, 11.309813232509637], [77.77920366257351, 11.309814092511774], [77.77920714810867, 11.310175417152351], [77.77911562108203, 11.310176277154488], [77.77911649245684, 11.310266608316878], [77.77902496538528, 11.31026746830105], [77.77902409404639, 11.310177137129676], [77.7789325669928, 11.31017799706893], [77.77893169568986, 11.310087665888574], [77.77838253343117, 11.310092824913252], [77.7783816622989, 11.310002493687978], [77.77829013526328, 11.310003353420623], [77.77828926416694, 11.30991302219535], [77.77801468308701, 11.309915601195648], [77.7780138120895, 11.309825269943428], [77.77773923102752, 11.309827848674232], [77.77773836011984, 11.309737517404043], [77.77764683311116, 11.309738376912108], [77.7776459622394, 11.309648045632937], [77.77773748922114, 11.309647186124872], [77.77773661832244, 11.309556854845702], [77.77782814526823, 11.309555995319672], [77.77782553254518, 11.309285001509108], [77.77791705939217, 11.309284141974096], [77.77791531755882, 11.309103479451686], [77.77800684434293, 11.309102619898708], [77.77800510247366, 11.308921957385282], [77.77809662919488, 11.308921097823319], [77.77809314544736, 11.30855977280545], [77.77818467204281, 11.308558913243488], [77.77818293015557, 11.308378250748028], [77.77827445668815, 11.308377391168099], [77.77827358572657, 11.30828705992486], [77.77818205922094, 11.308287919495806], [77.77818118829529, 11.308197588252568], [77.77827271477396, 11.308196728681622], [77.77827097288673, 11.308016066195146], [77.77836249929354, 11.3080152066242], [77.77836075737935, 11.307834544146706], [77.7785438100672, 11.30783282493295], [77.7785429390607, 11.307742493707677], [77.77863446535972, 11.30774163407385], [77.77863098131574, 11.307380309190728], [77.778722507489, 11.3073794495569], [77.77872076545803, 11.307198787124323], [77.77890381767875, 11.307197067784802], [77.77890207555797, 11.307016405388156], [77.77899360159645, 11.307015545691447], [77.7789927305181, 11.306925214493123], [77.77890120450654, 11.30692607418085], [77.77889946242168, 11.306745411775223], [77.77899098837933, 11.306744552096479], [77.77899011732792, 11.30665422090714], [77.77908164324963, 11.30665336121043], [77.7790790300325, 11.306382367633429], [77.7791705558644, 11.306381507927735], [77.77916881370766, 11.30620084555804], [77.77926033946768, 11.306199985843364], [77.77925859727502, 11.306019323482651], [77.77935012298114, 11.306018463750009], [77.7793475096652, 11.305747470226907], [77.7794390352725, 11.305746610485281], [77.77943729304391, 11.305565948151518], [77.77952881857935, 11.305565088391926], [77.77952707632382, 11.305384426067146], [77.77961860180535, 11.305383566298572], [77.77961773065512, 11.305293235145164], [77.77970925610073, 11.305292375349639], [77.7797066426231, 11.305021381898403], [77.77979816796989, 11.305020522102879], [77.77979642562451, 11.304839859814031], [77.7800710014583, 11.304837280301692], [77.78007013020925, 11.304746949175236], [77.78016165544824, 11.304746089280895], [77.78015991292321, 11.304565427045947], [77.78025143809033, 11.304564567142625], [77.78025056680536, 11.304474236034135], [77.78034209194554, 11.304473376103862], [77.7803412206426, 11.304383045004355], [77.78043274573787, 11.304382185056117], [77.78043013179311, 11.304111191757594], [77.78052165679854, 11.304110331800372], [77.78052078546865, 11.304020000709848], [77.78061231043816, 11.30401914073466], [77.78060969641254, 11.303748147463086], [77.78079274615392, 11.303746427476778], [77.78079013202051, 11.30347543425012], [77.78088165679239, 11.303474574230016], [77.780879042641, 11.303203581021323], [77.78097056732305, 11.303202720992237], [77.78096969593028, 11.303112389928662], [77.78106122056741, 11.303111529890593], [77.78105947774591, 11.302930867763441], [77.78115100232016, 11.302930007707406], [77.781148388052, 11.30265901454363], [77.78123991253642, 11.30265815447861], [77.78123904109873, 11.302567823433002], [77.78133056554721, 11.302566963350015], [77.78132795118923, 11.302295970222172], [77.78141947554788, 11.302295110130204], [77.78141686117192, 11.302024117011344], [77.78150838544073, 11.302023256919375], [77.78150577104681, 11.30175226381848], [77.78159729521681, 11.301751403708545], [77.78159555226956, 11.301570741662244], [77.7816870763677, 11.301569881534343], [77.78168620487612, 11.301479550515683], [77.78159468080493, 11.301480410634602], [77.78159380934927, 11.301390079597976], [77.78168533339351, 11.301389219497024], [77.78168184753495, 11.30102789540442], [77.7817733714624, 11.301027035294485], [77.7817724999798, 11.300936704275825], [77.78186402387132, 11.300935844147924], [77.78186315237974, 11.300845513138247], [77.78195467623533, 11.30084465299238], [77.78195293319826, 11.300663990982011], [77.78204445699096, 11.300663130818178], [77.78204358546344, 11.300572799817484], [77.78213510921124, 11.300571939635683], [77.78213336611127, 11.300391277652263], [77.78222488980516, 11.300390417452498], [77.78222314667826, 11.300209755478061], [77.7823146703003, 11.30020889526931], [77.78231379872786, 11.300118564286583], [77.78240532231395, 11.300117704050885], [77.78240357911517, 11.299937042103398], [77.78249510263839, 11.299936181858715], [77.78249248781327, 11.299665188946467], [77.78258401124667, 11.299664328692801], [77.78258313962931, 11.299573997728041], [77.78267466301777, 11.29957313745641], [77.78267204811182, 11.299302144580095], [77.78285509470909, 11.299300423991914], [77.78285335136658, 11.299119762098327], [77.78294487459335, 11.299118901772795], [77.78294400290413, 11.299028570834984], [77.78303552609498, 11.299027710491488], [77.78303465438779, 11.298937379553676], [77.78330922383455, 11.298934798370473], [77.78330835204652, 11.29884446745961], [77.7833998751565, 11.298843607008315], [77.78339813153552, 11.298662945195575], [77.78330660848842, 11.298663805628903], [77.78330486495726, 11.29848314380718], [77.7834879109347, 11.298481422940524], [77.7834870391197, 11.298391092038646], [77.78357856207698, 11.298390231569384], [77.7835759465961, 11.298119238890699], [77.78366746945457, 11.298118378412454], [77.78366485396471, 11.297847385751735], [77.78375637672436, 11.297846525264507], [77.78375550488242, 11.297756194380595], [77.78412159574135, 11.297752752207106], [77.78411985185087, 11.297572090493182], [77.78439441975252, 11.29756950860929], [77.78439354772195, 11.297479177770294], [77.78448507031091, 11.29747831709442], [77.78448332623178, 11.297297655434393], [77.78457484875787, 11.297296794740554], [77.78457572082438, 11.297387125561585], [77.78485028843858, 11.297384543300401], [77.78484941629121, 11.297294212497338], [77.78494093879036, 11.297293351686717], [77.78493919445071, 11.297112690098555], [77.78475614956922, 11.297114411647932], [77.78475527746677, 11.297024080844869], [77.78521288947736, 11.29701977678278], [77.78521201724018, 11.296929446006665], [77.78530353959559, 11.296928585115197], [77.78530005061089, 11.296567262028706], [77.78539157284052, 11.296566401146219], [77.78538982833919, 11.296385739611956], [77.78557287266374, 11.29638401777512], [77.78557200036366, 11.296293687025955], [77.7856635224855, 11.296292826071603], [77.78566265016747, 11.296202495322438], [77.78575417225338, 11.29620163435012], [77.78575504459836, 11.296291965090303], [77.78602961090101, 11.29628938197572], [77.7860287384662, 11.296199051262487], [77.78612026052515, 11.296198190173389], [77.78611938807236, 11.296107859460157], [77.78621091008641, 11.29610699835309], [77.78621003761566, 11.296016667648843], [77.78630155959378, 11.296015806514829], [77.78630068710505, 11.295925475819562], [77.78639220904724, 11.295924614667582], [77.78639133653157, 11.295834283981298], [77.7864828584468, 11.295833422811352], [77.78648198590417, 11.295743092125068], [77.78657350778347, 11.295742230928171], [77.78657176267129, 11.295561569573573], [77.78675480628615, 11.295559847125881], [77.78675393368066, 11.295469516466548], [77.78693697721468, 11.295467793920041], [77.78693523191384, 11.295287132619341], [77.78702675361347, 11.295286271314646], [77.7870258809451, 11.29519594067328], [77.7871174026088, 11.295195079350618], [77.78711652992246, 11.295104748709251], [77.78720805154124, 11.295103887368624], [77.78720717883692, 11.29501355673624], [77.78729870041978, 11.295012695377647], [77.7872943368533, 11.294561042233696], [77.78747737972255, 11.294559319498541], [77.78747650697332, 11.294468988875142], [77.78765954975276, 11.294467266041174], [77.78765867695861, 11.29437693543574], [77.7877501983079, 11.294376073987314], [77.78775107113798, 11.294466404583765], [77.78784259250524, 11.294465543090425], [77.78784084680017, 11.29428488191549], [77.78793236811353, 11.294284020413166], [77.78793149523852, 11.294193689825697], [77.78802301651596, 11.294192828305407], [77.788022143623, 11.294102497726922], [77.78820518608802, 11.294100774614476], [77.78820344021227, 11.293920113484456], [77.78829496137291, 11.293919251901285], [77.78829408842606, 11.293828921340765], [77.78838560955077, 11.293828059730643], [77.78838386360314, 11.293647398627574], [77.78847538467396, 11.293646537008469], [77.78847451168218, 11.293556206465915], [77.78856603270809, 11.293555344819861], [77.78856428669758, 11.29337468374374], [77.7886558076606, 11.293373822088704], [77.78865493463289, 11.293283491555133], [77.78874645555997, 11.293282629873147], [77.7887455825143, 11.293192299348561], [77.78883710340546, 11.293191437648607], [77.78883623034181, 11.293101107133005], [77.78892775119704, 11.293100245406103], [77.78892687810644, 11.293009914899482], [77.78901839892573, 11.293009053154615], [77.78901577962701, 11.292738061634754], [77.78910730034748, 11.292737199880904], [77.78910642723892, 11.292646869383267], [77.789289468608, 11.29264514581268], [77.78928859544554, 11.292554815324026], [77.78938011609415, 11.292553953507293], [77.78938098928356, 11.292644283986963], [77.78947250995013, 11.292643422134296], [77.78947163672478, 11.292553091654625], [77.78956315735543, 11.292552229783993], [77.78956141088679, 11.292371568842619], [77.78965293144556, 11.292370706954019], [77.789651184941, 11.292190046030612], [77.78974270544586, 11.29218918413303], [77.78974357872511, 11.29227951458575], [77.78983509924794, 11.292278652643251], [77.78983422594176, 11.292188322199515], [77.78992574642866, 11.292187460239049], [77.78992312647418, 11.291916468907836], [77.79001464686228, 11.291915606947372], [77.79001377352914, 11.291825276503635], [77.79010529389028, 11.29182441451622], [77.79010354718808, 11.291643753655695], [77.79019506748634, 11.291642891659297], [77.79019332075718, 11.291462230807754], [77.79028484098359, 11.291461368793392], [77.79028396760553, 11.29137103836762], [77.790375487796, 11.29137017633529], [77.79037374099498, 11.291189515510696], [77.79046526112256, 11.2911886534604], [77.79046438770858, 11.291098323052596], [77.79055590780023, 11.291097460984334], [77.79055503436828, 11.291007130576528], [77.790646554424, 11.2910062684903], [77.7906456809651, 11.290915938091478], [77.79073720098489, 11.2909150759783], [77.79073545403115, 11.290734415207606], [77.79082697398806, 11.29073355307646], [77.79082522700737, 11.29055289231475], [77.79100826678643, 11.290551167998562], [77.7910065197249, 11.2903705072638], [77.79109803953808, 11.290369645078757], [77.79109716598934, 11.290279314715868], [77.79118868577557, 11.290278452512858], [77.7911878121999, 11.290188122149969], [77.7913708516915, 11.290186397672084], [77.79136997807089, 11.29009606732716], [77.79146149777627, 11.290095205052287], [77.79146062413771, 11.290004874716347], [77.79155214379817, 11.290004012414522], [77.79155127014164, 11.289913682087565], [77.79164278977515, 11.289912819767775], [77.79164366345863, 11.290003150094732], [77.7917351831101, 11.290002287739009], [77.7917360568385, 11.290092618056983], [77.79182757651692, 11.290091755665326], [77.79182932404558, 11.290272416274323], [77.79192084376892, 11.290271553846734], [77.79192171757816, 11.290361884146742], [77.79201323731948, 11.290361021674238], [77.79201498500983, 11.290541682256286], [77.79210650480503, 11.290540819747848], [77.79210737868614, 11.29063115002989], [77.7921988985083, 11.29063028748552], [77.79220064635136, 11.290810948031636], [77.79229216621843, 11.290810085451334], [77.79229304018938, 11.290900415715408], [77.79238456007441, 11.29089955309019], [77.7923854340723, 11.290989883354264], [77.79247695397531, 11.290989020693114], [77.79247870206092, 11.291169681194313], [77.79257022201783, 11.291168818497232], [77.7925737183777, 11.291530139463697], [77.79248219831298, 11.29153100218773], [77.79248307239173, 11.291621332433838], [77.79239155228211, 11.291622195139905], [77.79239242634289, 11.291712525394995], [77.79230090620631, 11.291713388083096], [77.79230265429192, 11.291894048602263], [77.79221113408349, 11.291894911272395], [77.79221200810832, 11.291985241545452], [77.79212048786397, 11.291986104188638], [77.79212136187084, 11.292076434461695], [77.79202984159053, 11.292077297095895], [77.79203158955937, 11.292257957650994], [77.79194006921618, 11.292258820267229], [77.79194094318713, 11.29234915054927], [77.79184942280801, 11.292350013147539], [77.79185117071397, 11.292530673729587], [77.79175965026299, 11.29253153630989], [77.79175877633696, 11.292441206009881], [77.79166725591293, 11.292442068554251], [77.79166638202284, 11.292351738254244]], [[77.79166638202284, 11.292351738254244], [77.79166550814173, 11.292261407945254], [77.79175702850289, 11.292260545409867], [77.79175790241992, 11.292350875709875], [77.79166638202284, 11.292351738254244]], [[77.78099758430794, 11.306002983738487], [77.78108910986134, 11.306002123466856], [77.7810899815236, 11.306092454503482], [77.78099845593427, 11.306093314784096], [77.78099758430794, 11.306002983738487]], [[77.7828786328243, 11.30173935924993], [77.78297015687752, 11.30173849872677], [77.78297277264588, 11.302009491486304], [77.78288124850282, 11.302010352036413], [77.7828786328243, 11.30173935924993]], [[77.78296405368755, 11.30110618226989], [77.78314710138078, 11.30110446122357], [77.78315146105756, 11.301556115768895], [77.78305993706722, 11.30155697633697], [77.78305819323963, 11.301376314506264], [77.7829666692942, 11.301377175038407], [77.78296405368755, 11.30110618226989]], [[77.78306168093074, 11.301737638167678], [77.783153204975, 11.301736777581635], [77.78315494892834, 11.301917439394375], [77.7832464730175, 11.301916578763416], [77.78324821706069, 11.30209724055819], [77.78315669290866, 11.302098101198132], [77.78315756491229, 11.30218843210001], [77.78306604072432, 11.302189292721986], [77.78306168093074, 11.301737638167678]], [[77.78351232465579, 11.301010687905658], [77.78360384843951, 11.301009827238767], [77.78360472049704, 11.301100158113696], [77.78351319668636, 11.30110101878957], [77.78351232465579, 11.301010687905658]], [[77.78367967597825, 11.299383010796207], [77.78377119922298, 11.299382150192198], [77.78377032725528, 11.299291819326253], [77.7839533736729, 11.29929009804637], [77.78395686183114, 11.299651421483205], [77.78386533850556, 11.299652282159078], [77.7838670825757, 11.29983294389097], [77.78368403579876, 11.299834665188818], [77.78367967597825, 11.299383010796207]], [[77.78403792068198, 11.298566590532761], [77.78431248954483, 11.298564008496157], [77.78431336162932, 11.298654339335155], [77.78422183865408, 11.29865520004696], [77.7842227107116, 11.298745530894939], [77.78413118770042, 11.298746391579796], [77.78413031566984, 11.298656060731817], [77.78403879267664, 11.298656921389725], [77.78403792068198, 11.298566590532761]], [[77.78412682761041, 11.298294737330917], [77.78421835047786, 11.298293876673009], [77.78421922250844, 11.298384207520987], [77.78412769961405, 11.298385068178895], [77.78412682761041, 11.298294737330917]], [[77.78458880269342, 11.298742087841102], [77.78468032566866, 11.298741227003532], [77.78468119787891, 11.298831557815578], [77.78458967487671, 11.298832418653149], [77.78458880269342, 11.298742087841102]], [[77.78494181096465, 11.29738368248978], [77.78503333348176, 11.297382821643227], [77.78503420570098, 11.297473152437307], [77.78494268314795, 11.29747401328386], [77.78494181096465, 11.29738368248978]], [[77.78522335688062, 11.298103746051236], [77.78531487960434, 11.298102885069934], [77.78531575196729, 11.298193215828082], [77.78522422920764, 11.298194076818366], [77.78522335688062, 11.298103746051236]], [[77.78548483965236, 11.296746201744096], [77.78557636192691, 11.296745340780761], [77.78557461728185, 11.296564679282433], [77.78566613948453, 11.29656381830113], [77.78566526714853, 11.29647348756095], [77.78603135578862, 11.296470043411167], [77.78603310070318, 11.296650704837631], [77.78594157850048, 11.296651565935713], [77.78594245094429, 11.29674189665793], [77.78575940644907, 11.296743618773244], [77.78576027883898, 11.296833949513426], [77.78548571196141, 11.296836532493261], [77.78548483965236, 11.296746201744096]], [[77.78722376154842, 11.296729838679667], [77.78740680581008, 11.296728115657054], [77.78740767871203, 11.296818446262488], [77.78722463439647, 11.296820169303068], [77.78722376154842, 11.296729838679667]], [[77.78749396335931, 11.296275601091626], [77.7876770072886, 11.296273877970197], [77.78767875320028, 11.296454539154116], [77.78749570916321, 11.296456262302495], [77.78749396335931, 11.296275601091626]], [[77.7879341138725, 11.294464681579118], [77.78802563523078, 11.29446382003188], [77.78802476231087, 11.294373489453394], [77.78811628363322, 11.294372627888187], [77.78811715658007, 11.29446295845769], [77.78820867792038, 11.29446209685655], [77.7882095508942, 11.29455242741707], [77.78811802952693, 11.29455328902719], [77.78811890248278, 11.294643619596693], [77.78793585965842, 11.294645342736088], [77.7879341138725, 11.294464681579118]], [[77.78848586111427, 11.29473050350113], [77.78857738250848, 11.294729641765244], [77.78857825562602, 11.294819972298813], [77.78848673419587, 11.294820834034699], [77.78848586111427, 11.29473050350113]], [[77.78893473615533, 11.293822889494992], [77.78902625723512, 11.293822027687241], [77.78902800360494, 11.294002688691497], [77.78893648247124, 11.294003550508231], [77.78893473615533, 11.293822889494992]], [[77.78929820065477, 11.29354845066328], [77.78948124256284, 11.293546726841166], [77.78948386249937, 11.293817718235262], [77.78930082041163, 11.293819442102292], [77.78929820065477, 11.29354845066328]], [[77.79011490127343, 11.292818049208687], [77.79020642194, 11.292817187113476], [77.79020554847212, 11.292726856696687], [77.79029706910276, 11.29272599458351], [77.79029794259759, 11.292816324991314], [77.7903894632462, 11.292815462842205], [77.79039121030773, 11.292996123639847], [77.79011664816429, 11.292998710051247], [77.79011490127343, 11.292818049208687]], [[77.79057250451646, 11.29281373845415], [77.79066402514711, 11.292812876215208], [77.7906657723883, 11.292993536976919], [77.79075729306386, 11.292992674702045], [77.79075816672038, 11.293083005073917], [77.79057512529741, 11.293084729614684], [77.79057250451646, 11.29281373845415]], [[77.79101088743263, 11.290822159096214], [77.79128544729436, 11.290819572352436], [77.79128632095089, 11.29090990269736], [77.79119480097602, 11.290910764981218], [77.7911956746056, 11.291001095335124], [77.79101263457501, 11.291002819830975], [77.79101088743263, 11.290822159096214]], [[77.79184680100299, 11.292079022265483], [77.79193832130126, 11.292078159694166], [77.79193919525423, 11.292168489985189], [77.79184767492902, 11.292169352565491], [77.79184680100299, 11.292079022265483]], [[77.78938448212203, 11.293005605905643], [77.78938535535634, 11.293095936385313], [77.78929383453706, 11.293096798246964], [77.78929296133867, 11.29300646775831], [77.78938448212203, 11.293005605905643]], [[77.78938448212203, 11.293005605905643], [77.78938273568932, 11.292824944946304], [77.78956577713026, 11.292823221178088], [77.78956665040052, 11.292913551648775], [77.7894751296531, 11.292914413546358], [77.78947600290537, 11.293004744017045], [77.78938448212203, 11.293005605905643]]], [[[77.7876804991479, 11.296635200329053], [77.78777202121584, 11.296634338700965], [77.78777289422558, 11.296724669279449], [77.78768137213069, 11.29672553091652], [77.7876804991479, 11.296635200329053]]]]}, "id": "+479+5052", "properties": {"count": 4726, "water": 1}}, {"type": "Feature", "geometry": {"geodesic": false, "type": "Polygon", "coordinates": [[[77.79486065768351, 11.357365093960658], [77.7949521984993, 11.357364225532324], [77.79495131841982, 11.357273895879104], [77.79504285919069, 11.357273027432802], [77.79504373930611, 11.35736335707704], [77.79531836167261, 11.357360751540508], [77.79531924186888, 11.357451081166777], [77.79559386426233, 11.357448475360751], [77.79559298396725, 11.357358145752448], [77.79577606546408, 11.35735640841967], [77.79577518512409, 11.35726607882035], [77.79586672583207, 11.35726521012252], [77.79586584547411, 11.357174880532183], [77.79614046746332, 11.357172274276998], [77.79613958702451, 11.35708194471361], [77.7965057494612, 11.357078469329405], [77.7965048689146, 11.356988139792966], [77.79659640947885, 11.356987270888524], [77.7965955289053, 11.356896941352085], [77.79668706943362, 11.356896072420692], [77.79668795003413, 11.356986401948149], [77.79677949058042, 11.356985532980826], [77.79678477448888, 11.357527510064713], [77.79669323377192, 11.357528379076953], [77.79669763709784, 11.357980026669317], [77.79678917795854, 11.357979157621145], [77.79679005867582, 11.358069487130635], [77.79688159956348, 11.358068618055512], [77.79688336106992, 11.358249277056526], [77.79697490200249, 11.358248407936488], [77.79697842523096, 11.358609725902582], [77.79706996627132, 11.358608856728646], [77.79708053701677, 11.359692810483196], [77.79717207839849, 11.359691941192478], [77.7971729593763, 11.359782270666036], [77.79726450077598, 11.359781401339387], [77.79726802485786, 11.360142719179715], [77.79717648334139, 11.360143588533315], [77.79717560233664, 11.36005325906874], [77.79699251933963, 11.360054997677125], [77.7969863529352, 11.359422691299343], [77.79689481162535, 11.359423560509212], [77.79689040741907, 11.358971913042613], [77.79679886624396, 11.358972782189598], [77.79679798545482, 11.358882452689093], [77.79670644430665, 11.358883321800146], [77.79670556355343, 11.358792992290656], [77.79661402242324, 11.358793861374762], [77.79661314170595, 11.358703531856289], [77.79652160059372, 11.358704400895478], [77.79652071991237, 11.358614071368022], [77.79642917882708, 11.358614940380262], [77.79642829818167, 11.358524610843823], [77.79615367496176, 11.35852721767393], [77.79615455551735, 11.358617547228334], [77.79606301440512, 11.358618416123793], [77.79606389494275, 11.358708745687181], [77.7959723537856, 11.358709614564674], [77.79597323430525, 11.358799944128062], [77.79579015191909, 11.358801681802198], [77.79578839100554, 11.358621022639488], [77.79569684986637, 11.358621891418165], [77.79569596944552, 11.358531561827828], [77.79560442832431, 11.358532430579556], [77.79560354793941, 11.358442100980234], [77.7952373834815, 11.35844557565477], [77.79523650322236, 11.358355246019517], [77.79514496211911, 11.358356114609547], [77.79514320168167, 11.35817545533904], [77.79505166063231, 11.358176323893138], [77.79505078045402, 11.358085994248903], [77.79495923942264, 11.358086862758086], [77.79495659902248, 11.357815873807407], [77.79486505806297, 11.357816742262692], [77.79486065768351, 11.357365093960658]], [[77.79578134766575, 11.357898385952716], [77.79587288857137, 11.357897517200987], [77.79587376899221, 11.357987846782343], [77.79578222805065, 11.357988715543055], [77.79578134766575, 11.357898385952716]]]}, "id": "+527+4310", "properties": {"count": 341, "water": 1}}, {"type": "Feature", "geometry": {"geodesic": false, "type": "Polygon", "coordinates": [[[77.8046753004223, 11.340559413439948], [77.80476683511158, 11.340558543232948], [77.80476595328038, 11.340468214235498], [77.80485748793373, 11.340467344010532], [77.80485660608456, 11.340377015022066], [77.80494814069299, 11.340376144779135], [77.80494725882586, 11.340285815790669], [77.805496466171, 11.340280593776123], [77.80549558413318, 11.340190264832572], [77.80558711864279, 11.340189394400994], [77.80558976485504, 11.340460381204698], [77.80549823026458, 11.340461251654242], [77.80549911232036, 11.340551580597793], [77.80540757769397, 11.340552451020388], [77.80540845973178, 11.340642779972923], [77.80522539040713, 11.34064452075523], [77.80522627239104, 11.340734849716746], [77.80467706404878, 11.34074007144383], [77.8046753004223, 11.340559413439948]]]}, "id": "+626+4494", "properties": {"count": 38, "water": 1}}, {"type": "Feature", "geometry": {"geodesic": false, "type": "Polygon", "coordinates": [[[77.80636558381886, 11.354274599182535], [77.8064571227392, 11.35427372742145], [77.80645535583388, 11.354093069857742], [77.80654689469134, 11.35409219807869], [77.80654601122521, 11.35400186930582], [77.80663755004673, 11.35400099749982], [77.80663578306955, 11.353820339963061], [77.80672732182819, 11.353819468148078], [77.80671848713094, 11.352916180482248], [77.80681002559314, 11.35291530871218], [77.80681090905927, 11.353005637476068], [77.80690244753943, 11.353004765670068], [77.8069033310415, 11.353095094424972], [77.80699486953964, 11.353094222574057], [77.8069966366246, 11.353274880074883], [77.80708817517664, 11.353274008188036], [77.80708994234247, 11.353454665661912], [77.80727301954535, 11.353452921780418], [77.80727390319113, 11.35354325049939], [77.80745698042097, 11.353541506492132], [77.80745786413863, 11.35363183520212], [77.8075494027715, 11.353630963144592], [77.80755293783079, 11.353992277939632], [77.80746139908113, 11.35399315002411], [77.80746493414941, 11.354354464837117], [77.80737339528297, 11.354355336921595], [77.80737693036022, 11.354716651761551], [77.80728539136801, 11.354717523837046], [77.80728892644527, 11.355078838694968], [77.80710584820933, 11.355080582836974], [77.80710673194496, 11.355170911555946], [77.8069236536192, 11.355172655599139], [77.80692276994644, 11.3550823268622], [77.8067396916566, 11.355084070770644], [77.80673880804675, 11.35499374201574], [77.80646419063893, 11.354996357658319], [77.80646330712788, 11.354906028876464], [77.80637176800093, 11.354906900691448], [77.80636558381886, 11.354274599182535]]]}, "id": "+638+4353", "properties": {"count": 194, "water": 1}}, {"type": "Feature", "geometry": {"geodesic": false, "type": "Polygon", "coordinates": [[[77.7557386184075, 11.40181988679824], [77.75583017647095, 11.40181902721831], [77.75582843396387, 11.401638362432147], [77.75591999195545, 11.401637502825269], [77.75591824942143, 11.40145683805707], [77.7560098073591, 11.40145597844121], [77.75601067865306, 11.401546310825308], [77.7561022366087, 11.401545451173513], [77.75610397927747, 11.401726115914762], [77.75628709527858, 11.401724396503376], [77.75628796668933, 11.401814728860524], [77.75619640865284, 11.401815588593166], [77.7561981514294, 11.40199625331645], [77.75628970951081, 11.401995393574822], [77.75629058093952, 11.402085725931972], [77.75619902282217, 11.40208658568258], [77.75619989423292, 11.40217691803973], [77.7560167779174, 11.402178637469083], [77.75601590656953, 11.402088305093967], [77.75592434843423, 11.402089164754745], [77.75592347712231, 11.401998832370646], [77.75583191901396, 11.40199969199549], [77.75583104773796, 11.401909359611393], [77.75573948963859, 11.401910219200305], [77.7557386184075, 11.40181988679824]]]}, "id": "+78+3821", "properties": {"count": 26, "water": 1}}, {"type": "Feature", "geometry": {"geodesic": false, "type": "MultiPolygon", "coordinates": [[[[77.75619118052076, 11.401273594396374], [77.75619205185964, 11.401363926762505], [77.75610049396688, 11.401364786423283], [77.75609962265496, 11.401274454048167], [77.75619118052076, 11.401273594396374]]], [[[77.75619118052076, 11.401273594396374], [77.75619030919087, 11.401183262021258], [77.75582407780848, 11.401186700457755], [77.75582669147477, 11.401457697637], [77.75555201760784, 11.401460276224073], [77.7555511464666, 11.401369943813025], [77.75536803057328, 11.401371662712373], [77.75536193317744, 11.400739335682323], [77.75527037542842, 11.400740195046655], [77.75526863343339, 11.400559530161678], [77.75545174882365, 11.400557811441994], [77.75545087778121, 11.40046747901298], [77.75563399309063, 11.40046576019448], [77.7556331219943, 11.40037542777445], [77.75609090997587, 11.400371130270063], [77.75609003874479, 11.400280797885964], [77.75627315382961, 11.400279078699157], [77.75627402511459, 11.40036941106529], [77.75645714022637, 11.400367691752718], [77.7564562688875, 11.400277359395568], [77.75654782640297, 11.400276499698858], [77.75654869776879, 11.400366832047025], [77.75664025531121, 11.400365972314383], [77.75664286955241, 11.40063696933193], [77.75645975430588, 11.400638688806199], [77.7564606256717, 11.400729021154365], [77.75636906800354, 11.400729880860059], [77.75637081071721, 11.400910545574357], [77.75655392616137, 11.400908826118053], [77.7565556690098, 11.40108949079642], [77.75646411123383, 11.401090350556013], [77.75646585406429, 11.401271015252345], [77.75664896972404, 11.401269295679262], [77.75665158418984, 11.401540292678844], [77.7565600262791, 11.401541152501318], [77.75655915481447, 11.401450820162134], [77.75646759692171, 11.401451679939694], [77.7564684683594, 11.401542012287859], [77.7563769104307, 11.401542872056433], [77.7563751676182, 11.401362207351118], [77.75628360974342, 11.401363067065795], [77.75628273837759, 11.401272734708646], [77.75619118052076, 11.401273594396374]]]]}, "id": "+84+3834", "properties": {"count": 141, "water": 1}}]}