{"type": "FeatureCollection", "columns": {"count": "Long<0, 4294967295>", "system:index": "String", "water": "Byte<0, 1>"}, "features": [{"type": "Feature", "geometry": {"geodesic": false, "type": "Polygon", "coordinates": [[[79.63719628754065, 12.858867980040154], [79.63719677536177, 12.858777577632377], [79.6372889130362, 12.858778056245779], [79.6372894008214, 12.858687653829021], [79.63765795142928, 12.858689567950245], [79.6376589267212, 12.858508763089779], [79.63775106431477, 12.858509241532499], [79.63775057670924, 12.85859964395824], [79.63793485197723, 12.85860060075385], [79.6379353395199, 12.858510198310142], [79.63802747712245, 12.858510676654047], [79.63802796462917, 12.85842027421034], [79.63848865256114, 12.858422665426811], [79.63848913989717, 12.858332262965137], [79.63867341503044, 12.858333219221757], [79.63867292775727, 12.858423621692415], [79.63904147819447, 12.858425533819378], [79.63904196533288, 12.85833513133974], [79.63950265330077, 12.85833752075958], [79.63950216632405, 12.858427923257187], [79.63977857924851, 12.858429356537188], [79.63977760548373, 12.858610161559351], [79.63968546777338, 12.8586096838263], [79.63968595469619, 12.85851928131971], [79.63950167934733, 12.858518325763775], [79.63950119236164, 12.858608728261382], [79.63940905466026, 12.858608250429517], [79.6394095416819, 12.85851784793191], [79.6389488533996, 12.85851545831444], [79.63894739184961, 12.85878666575336], [79.63848670317205, 12.858784275273507], [79.63848524109206, 12.859055482649545], [79.63839310326492, 12.85905500444937], [79.63839407805379, 12.858874199535006], [79.63830194029852, 12.858873721307882], [79.63830242772438, 12.85878331885519], [79.63811815229468, 12.858782362311109], [79.63811766480593, 12.858872764754818], [79.63765697612837, 12.858870372801727], [79.63765746377882, 12.858779970375986], [79.63747318840302, 12.858779013373764], [79.6374727006807, 12.858869415799505], [79.63719628754065, 12.858867980040154]]]}, "id": "+5236+7813", "properties": {"count": 84, "water": 1}}, {"type": "Feature", "geometry": {"geodesic": false, "type": "MultiPolygon", "coordinates": [[[[79.6404086682518, 12.775350128685036], [79.64040915165322, 12.775259725576575], [79.64050125909934, 12.775260200021792], [79.64050077573386, 12.77535060312127], [79.6404086682518, 12.775350128685036]]], [[[79.6404086682518, 12.775350128685036], [79.64040818485037, 12.775440531784513], [79.64031607734138, 12.775440057312347], [79.64031462701135, 12.775711266601796], [79.64013041181369, 12.775710317531699], [79.6401299282955, 12.775800720622193], [79.63985360543612, 12.775799296765518], [79.63985312181012, 12.775889699847031], [79.63957679888786, 12.77588827568493], [79.63957631516305, 12.775978678748473], [79.63948420749236, 12.775978203961897], [79.6394837237316, 12.776068607025442], [79.6392995083453, 12.776067657353472], [79.63929902452168, 12.776158060408035], [79.63939113224626, 12.776158535266477], [79.63938968083826, 12.776429744439147], [79.63929757301484, 12.776429269571722], [79.63929708917325, 12.776519672626282], [79.63911287347254, 12.776518722783633], [79.63911335737701, 12.776428319738056], [79.63883703394272, 12.776426894749504], [79.63883654993943, 12.776517297786098], [79.63865233427464, 12.776516347620056], [79.6386528183498, 12.776425944592443], [79.63856071055334, 12.776425469464508], [79.63856119465545, 12.776335066436895], [79.63846908689491, 12.776334591282009], [79.63846811861885, 12.77651539732825], [79.63791547175923, 12.776512545689263], [79.6379159560949, 12.776422142688599], [79.63773174056486, 12.776421191884753], [79.63773125616632, 12.776511594885417], [79.63763914837884, 12.776511119434087], [79.63763866394436, 12.776601522425766], [79.63736234049209, 12.776600095865161], [79.63736282502539, 12.776509692891448], [79.63727071724689, 12.776509217305371], [79.63727120181613, 12.776418814331658], [79.63699487860642, 12.776417387411728], [79.63699439394735, 12.776507790376458], [79.63616542422837, 12.77650350785597], [79.63616590918387, 12.77641310491819], [79.63644223229478, 12.776414532700501], [79.63644271714249, 12.776324129753737], [79.63681114787917, 12.776326033005347], [79.63681163259213, 12.7762356300496], [79.63699584791556, 12.776236581473283], [79.63699633256563, 12.776146178508553], [79.63736476312265, 12.776148080960661], [79.63736524763799, 12.776057677977965], [79.63754946287158, 12.776058629006389], [79.63754994731504, 12.77596822601471], [79.63782627009357, 12.775969652296835], [79.63782675443822, 12.775879249296173], [79.63819518473473, 12.775881150553522], [79.63819566894463, 12.775790747534893], [79.63847199161536, 12.775792173134299], [79.63847247571746, 12.775701770106686], [79.63884090586126, 12.775703670429788], [79.63884138982861, 12.775613267384209], [79.63920981990054, 12.775615167186288], [79.63921030373315, 12.775524764131726], [79.6393945187242, 12.775525713830644], [79.63939500249394, 12.775435310767099], [79.64022396984136, 12.775439582795265], [79.64022445331464, 12.775349179704769], [79.6404086682518, 12.775350128685036]]]]}, "id": "+5242+8732", "properties": {"count": 250, "water": 1}}, {"type": "Feature", "geometry": {"geodesic": false, "type": "Polygon", "coordinates": [[[79.63745308479866, 12.828312406350756], [79.63745357132622, 12.828222003718402], [79.63754569788848, 12.82822248112806], [79.6375471573454, 12.827951273222016], [79.63782353674473, 12.827952705208444], [79.63782305035193, 12.828043107858765], [79.63791517686029, 12.828043585124691], [79.63791469050341, 12.828133987775011], [79.63800681704771, 12.828134465013989], [79.63800633071779, 12.828224867673292], [79.63809845729801, 12.82822534488532], [79.63809894359201, 12.828134942226017], [79.63819107013632, 12.828135419402113], [79.63819155639437, 12.82804501674281], [79.63837580943806, 12.828045970996186], [79.63837629562425, 12.8279555683279], [79.63846842212364, 12.8279560453962], [79.63846988056545, 12.827684837382355], [79.63856200696603, 12.82768531441472], [79.63856297917673, 12.827504509060182], [79.63847085283903, 12.8275040320368], [79.63847231122695, 12.827232824013974], [79.6386565637047, 12.827233778006839], [79.63865704975615, 12.82714337532957], [79.63874917596807, 12.827143852272103], [79.6387501479991, 12.826963046899598], [79.63884227414815, 12.8269635238062], [79.63884130218, 12.827144329187687], [79.63902555461283, 12.82714528291106], [79.63902604053851, 12.827054880215822], [79.63911816673247, 12.82705535702361], [79.63911962437479, 12.826784148919936], [79.63921175046993, 12.82678462569179], [79.63921223630578, 12.82669422298757], [79.63939648844216, 12.826695176423481], [79.63939794574311, 12.82642396827489], [79.63949007172148, 12.826424444938947], [79.63949055744953, 12.82633404221676], [79.63958268339196, 12.826334518835901], [79.63958316908409, 12.826244116113717], [79.6394910431686, 12.826243639494576], [79.63949152888769, 12.82615323677239], [79.63967578065576, 12.826154189974739], [79.63967626631195, 12.82606378724357], [79.63986051802613, 12.826064740311171], [79.63986148917681, 12.825883934839851], [79.63995361497551, 12.825884411315261], [79.63995458605433, 12.825703605834956], [79.64004671179015, 12.825704082265451], [79.64004719729363, 12.825613679525299], [79.64013932299352, 12.825614155928845], [79.64014029391963, 12.82543335042159], [79.6402324195656, 12.825433826789203], [79.64023290498824, 12.825343424031086], [79.64050928184534, 12.825344852918326], [79.64051073778984, 12.825073644617023], [79.64069498884824, 12.825074597028854], [79.6406954741002, 12.82498419425277], [79.64087972510471, 12.824985146529851], [79.64088021027581, 12.824894743744785], [79.6410644612354, 12.824895695878137], [79.64106494634362, 12.82480529309307], [79.64134132270665, 12.824806721046063], [79.64134180770708, 12.824716318243029], [79.64180243489494, 12.824718697502924], [79.6418029197247, 12.824628294681924], [79.64217142141031, 12.82463019749336], [79.64217190611429, 12.824539794654392], [79.64226403150874, 12.824540270276403], [79.64226500082687, 12.82435946459847], [79.64235712616743, 12.824359940184548], [79.64235761079055, 12.824269537336598], [79.64244973609519, 12.824270012886743], [79.64245118983881, 12.823998804342894], [79.6425433150536, 12.823999279848124], [79.64254525319578, 12.82363766843836], [79.6426373782848, 12.82363814388969], [79.64263883175893, 12.823366935318893], [79.64273095674017, 12.823367410725307], [79.64273047228771, 12.823457813591222], [79.64282259731387, 12.82345828897967], [79.64282211288837, 12.823548691836603], [79.64291423795045, 12.823549167198102], [79.6429137535519, 12.823639570064019], [79.6430058786499, 12.823640045389585], [79.64300442554408, 12.823911253996314], [79.6430965507409, 12.823911729303916], [79.64309461333535, 12.824273340785545], [79.64318673867591, 12.824273816075179], [79.64318383265292, 12.824816233306606], [79.6432759581911, 12.824816708578274], [79.64327450522902, 12.825087917193986], [79.643366630875, 12.825088392447688], [79.64336566227553, 12.825269198197486], [79.64345778798439, 12.825269673424238], [79.6434553666025, 12.825721687798731], [79.64354749248204, 12.825722163007518], [79.64354555543581, 12.826083774516096], [79.6436376814501, 12.826084249706916], [79.6436367129674, 12.826265055456714], [79.64372883905357, 12.826265530629566], [79.64372399677487, 12.827169559396522], [79.64381612318442, 12.827170034569376], [79.64381273359831, 12.827802854693667], [79.6439048602504, 12.827803329857536], [79.64390292339282, 12.828164941357134], [79.64399505017067, 12.828165416503037], [79.64399456597874, 12.828255819377935], [79.64408669280152, 12.828256294487906], [79.64408475613259, 12.828617906005467], [79.64417688309011, 12.828618381106455], [79.64417543064904, 12.828889589740136], [79.64426755770538, 12.828890064814173], [79.64426658945625, 12.829070870581937], [79.64435871658445, 12.829071345629027], [79.64435726428712, 12.829342554280672], [79.64444939151414, 12.829343029309795], [79.64444890743898, 12.829433432193676], [79.64454103470193, 12.829433907195849], [79.64454055065373, 12.829524310079732], [79.64463267795261, 12.829524785054955], [79.64463219394034, 12.82961518794782], [79.64500070331553, 12.829617087516336], [79.64500021942902, 12.829707490427168], [79.64527660159517, 12.829708914777916], [79.64527515020514, 12.829980123519395], [79.64518302270862, 12.829979648750784], [79.64518253887601, 12.830070051661615], [79.64509041135254, 12.830069576866055], [79.64509089522109, 12.829979173964206], [79.64499876774255, 12.829978699132713], [79.64499925163804, 12.829888296230866], [79.64490712419543, 12.829887821372424], [79.64490760811786, 12.829797418479558], [79.6443548437137, 12.8297945686911], [79.64435532783378, 12.829704165807218], [79.64426320048099, 12.82970369073318], [79.64426416877504, 12.829522884983382], [79.64417204148513, 12.829522409882394], [79.6441725256681, 12.829432007007496], [79.64398827116914, 12.82943105671569], [79.64399069232645, 12.828979042368143], [79.64389856524316, 12.828978567195291], [79.6438995337528, 12.828797761454476], [79.64380740674139, 12.828797286254673], [79.64380789102316, 12.828706883388758], [79.64371576404766, 12.828706408162006], [79.64371624835638, 12.828616005296091], [79.64362412141682, 12.828615530033407], [79.64362460575249, 12.828525127176475], [79.6432560981829, 12.828523225829294], [79.64325561371248, 12.828613628677243], [79.64307135988727, 12.828612677810515], [79.64307184442056, 12.828522274971547], [79.64288759066721, 12.828521323979055], [79.6428880752634, 12.82843092114009], [79.64279594843164, 12.828430445598928], [79.64279643305477, 12.828340042768945], [79.64270430625893, 12.828339567200832], [79.64270479090901, 12.828249164370849], [79.64261266414911, 12.828248688766806], [79.64261314882614, 12.828158285945806], [79.64252102210219, 12.828157810314812], [79.6425219915281, 12.827977004672812], [79.64242986486703, 12.827976529023852], [79.64243034960694, 12.827886126202852], [79.64206184314227, 12.827884223274635], [79.64206232800795, 12.827793820471602], [79.6419702014367, 12.827793344660947], [79.64196923163348, 12.827974150267014], [79.64169285174007, 12.82797272262843], [79.64169236673965, 12.828063125422482], [79.64160024007857, 12.828062649477078], [79.64159975504222, 12.828153052262145], [79.64150762835419, 12.828152576280809], [79.64150665819164, 12.828333381841961], [79.64123027796586, 12.828331953682355], [79.64123076314594, 12.828241550906272], [79.64104650974294, 12.828240598647154], [79.64104602449099, 12.828331001414256], [79.64095389776702, 12.828330525226306], [79.64095341247913, 12.828420927984425], [79.64086128571924, 12.828420451769526], [79.64086080040441, 12.828510854527645], [79.64067654683072, 12.828509901981066], [79.64067606144403, 12.828600304730202], [79.64058393463023, 12.828599828407505], [79.64058442005286, 12.828509425667352], [79.640492293275, 12.828508949308723], [79.64049326417415, 12.82832814382842], [79.64058539088015, 12.828328620169083], [79.6405858762938, 12.82823821741995], [79.64067800297285, 12.828238693733661], [79.64067897371929, 12.82805788822641], [79.64040259387978, 12.828056459222388], [79.6404016229447, 12.828237264702691], [79.64021736960456, 12.82823631185967], [79.64021688406515, 12.828326714599822], [79.64012475736814, 12.828326238124411], [79.6401242717928, 12.828416640855579], [79.64003214505985, 12.828416164344237], [79.64003165944857, 12.828506567066423], [79.63993953269765, 12.828506090519147], [79.63993904704147, 12.828596493241333], [79.63975479347675, 12.828595540047967], [79.63975430775768, 12.82868594276117], [79.63966218095287, 12.82868546611508], [79.63966169518889, 12.828775868828282], [79.63956956835712, 12.828775392137278], [79.63957005414807, 12.828684989433057], [79.63947792734325, 12.828684512724086], [79.63947744151638, 12.828774915428305], [79.63920106103906, 12.82877348507681], [79.63920203288146, 12.828592679695323], [79.63837289223105, 12.828588386978955], [79.6383724060179, 12.828678789638259], [79.63800389902323, 12.82867688091591], [79.63800487171004, 12.82849607561527], [79.63772849170883, 12.828494643754606], [79.63772897814655, 12.828404241122252], [79.63754472488728, 12.828403286392767], [79.63754521138787, 12.828312883760415], [79.63745308479866, 12.828312406350756]]]}, "id": "+5269+8200", "properties": {"count": 2099, "water": 1}}, {"type": "Feature", "geometry": {"geodesic": false, "type": "MultiPolygon", "coordinates": [[[[79.64291757592834, 12.857270345755872], [79.64273330124425, 12.857269392562507], [79.64273378701722, 12.857178989930153], [79.64291806163843, 12.85717994312352], [79.64291757592834, 12.857270345755872]]], [[[79.64301117029287, 12.856999614379136], [79.64291903304064, 12.856999137840845], [79.64291951874175, 12.85690873520849], [79.64301165594905, 12.856909211737799], [79.64301117029287, 12.856999614379136]]], [[[79.64291757592834, 12.857270345755872], [79.64310185062142, 12.857271298823473], [79.64310282190687, 12.857090493531816], [79.6430106846187, 12.857090017020473], [79.64301117029287, 12.856999614379136], [79.64337971931971, 12.857001520217894], [79.6433792337803, 12.857091922868214], [79.64328709648316, 12.857091446455687], [79.64328612533247, 12.857272251756326], [79.64356253743048, 12.857273680922045], [79.64356108097395, 12.857544888899955], [79.6432846685795, 12.857543459707287], [79.6432851541728, 12.857453057056967], [79.6431930167499, 12.857452580599523], [79.64319350236119, 12.857362177958187], [79.64291709021825, 12.857360748397209], [79.64291757592834, 12.857270345755872]]]]}, "id": "+5274+7829", "properties": {"count": 25, "water": 1}}, {"type": "Feature", "geometry": {"geodesic": false, "type": "Polygon", "coordinates": [[[79.64172416586104, 12.856450524327032], [79.64172513806275, 12.856269719125207], [79.64190941193837, 12.856270672956374], [79.64190989796288, 12.85618027035097], [79.64200203487373, 12.856180747212656], [79.64200154887618, 12.856271149827043], [79.64209368582297, 12.85627162666178], [79.64209417179357, 12.856181224047392], [79.64246271948191, 12.856183131044975], [79.64246223364606, 12.85627353367733], [79.64264650758456, 12.856274486987475], [79.64264699334855, 12.856184084355121], [79.64283126723315, 12.856185037530519], [79.64283175293426, 12.856094634889184], [79.64301602676495, 12.856095587929834], [79.6430165123942, 12.856005185279514], [79.6431086492781, 12.856005661745941], [79.64310913487142, 12.855915259095621], [79.64356981920113, 12.855917640933681], [79.64357030462376, 12.855827238265395], [79.64366244147173, 12.855827714534191], [79.64366292685843, 12.855737311856922], [79.64403147414254, 12.855739216590752], [79.64403098889059, 12.855829619277005], [79.64412312574756, 12.855830095384105], [79.64412264053153, 12.85592049807934], [79.64403050362965, 12.85592002197224], [79.64402953310778, 12.856100827344745], [79.64393739614303, 12.85610035119273], [79.64393594023447, 12.856371559242504], [79.64384380317988, 12.856371083045572], [79.64384331782911, 12.856461485722841], [79.64347476952094, 12.856459580620703], [79.64347525499745, 12.8563691779614], [79.64338311796084, 12.856368701611753], [79.6433836034733, 12.856278298943467], [79.6431993294809, 12.856277346154345], [79.64319835833021, 12.856458151454985], [79.64264553603861, 12.856455292252182], [79.64264505026564, 12.856545694884536], [79.64255291319309, 12.856545218229464], [79.642553399002, 12.856454815606092], [79.64218485090042, 12.856452908689358], [79.64218436496574, 12.856543311303746], [79.64209222791116, 12.856542834495958], [79.64209271389075, 12.856452431881571], [79.64172416586104, 12.856450524327032]]]}, "id": "+5285+7842", "properties": {"count": 106, "water": 1}}, {"type": "Feature", "geometry": {"geodesic": false, "type": "Polygon", "coordinates": [[[79.64342631353212, 12.848322862301698], [79.64342728388331, 12.84814205686631], [79.64370368601003, 12.848143484882184], [79.64370417107332, 12.848053082151017], [79.6441648411917, 12.848055461518708], [79.6441653260933, 12.847965058769574], [79.64434959410292, 12.84796601028309], [79.64435007893266, 12.847875607533954], [79.64462648087971, 12.847877034543716], [79.64462502665998, 12.848148242836036], [79.64453289257881, 12.848147767187076], [79.64453240780297, 12.848238169945194], [79.64416387137949, 12.848236267007996], [79.6441633864689, 12.84832666975713], [79.64342631353212, 12.848322862301698]]]}, "id": "+5291+7929", "properties": {"count": 38, "water": 1}}, {"type": "Feature", "geometry": {"geodesic": false, "type": "MultiPolygon", "coordinates": [[[[79.64616505265882, 12.76679116524377], [79.6461655336797, 12.766700761865813], [79.64607342912616, 12.7667002897113], [79.64607535329954, 12.766338676199478], [79.64598324887176, 12.766338204035982], [79.6459856541828, 12.765886187155187], [79.6460777584399, 12.765886659300717], [79.64607823946078, 12.765796255922762], [79.64617034369093, 12.765796728041343], [79.64616890072709, 12.766067938193176], [79.64644521374991, 12.766069354378239], [79.64644473285479, 12.76615975777416], [79.6466289416205, 12.76616070175081], [79.64662749909685, 12.766431911947558], [79.6467196035875, 12.76643238389546], [79.64671912277323, 12.76652278729138], [79.64653491373801, 12.766521843359646], [79.64653443285188, 12.76661224675557], [79.64644232830732, 12.766611774735802], [79.64644136647216, 12.76679258150968], [79.64616505265882, 12.76679116524377]]], [[[79.64616505265882, 12.76679116524377], [79.64616409060807, 12.76697197199968], [79.64607198594673, 12.766971499836185], [79.64607294806935, 12.766790693089256], [79.64616505265882, 12.76679116524377]]]]}, "id": "+5303+8837", "properties": {"count": 51, "water": 1}}, {"type": "Feature", "geometry": {"geodesic": false, "type": "Polygon", "coordinates": [[[79.64481365678081, 12.847335569086315], [79.64481462606301, 12.847154763534146], [79.64490675979383, 12.847155239048359], [79.644907244399, 12.847064836263291], [79.64499937810287, 12.847065311741572], [79.64500034723234, 12.846884506171437], [79.6455531491232, 12.846887358331447], [79.64555363348582, 12.84679695551943], [79.64601430166383, 12.846799331419627], [79.64601284907005, 12.84707053989161], [79.64610498281883, 12.847071014983614], [79.64610449864486, 12.847161417804614], [79.64601236486014, 12.847160942712609], [79.64601188065024, 12.847251345533609], [79.64536694406735, 12.847248018937366], [79.64536645962389, 12.847338421731417], [79.64481365678081, 12.847335569086315]]]}, "id": "+5306+7941", "properties": {"count": 59, "water": 1}}, {"type": "Feature", "geometry": {"geodesic": false, "type": "MultiPolygon", "coordinates": [[[[79.64691583008697, 12.764173242273378], [79.64691631073954, 12.764082838850506], [79.64700841438578, 12.764083310609761], [79.64700793376915, 12.764173714041615], [79.64691583008697, 12.764173242273378]]], [[[79.64691583008697, 12.764173242273378], [79.64691486877283, 12.76435404911912], [79.64700697251789, 12.764354520896342], [79.64700553061405, 12.764625731173938], [79.64691342677018, 12.764625259387735], [79.64691294609067, 12.764715662810605], [79.64682084221984, 12.764715190997451], [79.64682036151336, 12.76480559441134], [79.64672825760661, 12.764805122553271], [79.64672873834901, 12.764714719139382], [79.64663663448718, 12.764714247263347], [79.64663519214318, 12.764985457487045], [79.64645098423085, 12.76498451360921], [79.64645146508106, 12.764894110204304], [79.64635936116532, 12.764893638220471], [79.64635839939304, 12.765074445012315], [79.64645050338065, 12.765074917005132], [79.6464490607941, 12.765346127210863], [79.64635695671666, 12.765345655209064], [79.64635647581255, 12.765436058596002], [79.64626437170817, 12.76543558655827], [79.64626485263923, 12.76534518317133], [79.64608064449334, 12.765344239006035], [79.64608112548727, 12.765253835619097], [79.64598902145475, 12.765253363491533], [79.64598950247564, 12.765162960104593], [79.64589739847906, 12.76516248795008], [79.64589836058371, 12.764981681185187], [79.64599046450843, 12.7649821533397], [79.64599094552932, 12.764891749952762], [79.64608304942709, 12.764892222071342], [79.64608353040306, 12.764801818684402], [79.64617563428287, 12.764802290758068], [79.6461761152229, 12.764711887362147], [79.64626821906677, 12.764712359408861], [79.64626869997088, 12.76462195601294], [79.6463608037878, 12.764622428023722], [79.64636128465597, 12.764532024618818], [79.64645338844595, 12.764532496593668], [79.64645386927819, 12.764442093188762], [79.64654597303222, 12.764442565118697], [79.64654645382853, 12.764352161713793], [79.64663855755562, 12.764352633616777], [79.646639038316, 12.76426223020289], [79.64682324572526, 12.764263173901062], [79.64682372641377, 12.76417277047819], [79.64691583008697, 12.764173242273378]]]]}, "id": "+5312+8856", "properties": {"count": 69, "water": 1}}, {"type": "Feature", "geometry": {"geodesic": false, "type": "Polygon", "coordinates": [[[79.64688073246865, 12.770772690579912], [79.64688121339071, 12.770682287201957], [79.64697331941748, 12.77068275921274], [79.64697380030363, 12.770592355834784], [79.6468816943038, 12.770591883824002], [79.64688217521689, 12.770501480446047], [79.64706638716264, 12.770502424422697], [79.64706734884508, 12.770321617648818], [79.64734366659304, 12.770323033357775], [79.64734462806888, 12.77014222656593], [79.64743673392498, 12.77014269839705], [79.6474362532185, 12.770233101801955], [79.64762046501156, 12.770234045374364], [79.64762094564615, 12.770143641969458], [79.6478051573853, 12.770144585407118], [79.64780611851978, 12.769963778570359], [79.64789822433096, 12.769964250239783], [79.64789870485778, 12.769873846816912], [79.64780659908253, 12.769873375156472], [79.64780707964526, 12.7697829717336], [79.64799129113288, 12.769783915018548], [79.64798840811575, 12.770326335564759], [79.64761998436796, 12.770324448788251], [79.64761806176664, 12.770686062416855], [79.647157531498, 12.770683703144474], [79.64715705067474, 12.770774106540395], [79.64706494460304, 12.770773634583513], [79.64706446374386, 12.770864037970451], [79.64697235763623, 12.770863565977635], [79.64697283853135, 12.77077316259968], [79.64688073246865, 12.770772690579912]]]}, "id": "+5323+8793", "properties": {"count": 50, "water": 1}}, {"type": "Feature", "geometry": {"geodesic": false, "type": "Polygon", "coordinates": [[[79.64784167013767, 12.76327392386753], [79.64784215043092, 12.763183520399743], [79.6479342537897, 12.763183991808654], [79.64793473403803, 12.763093588331884], [79.64802683736987, 12.763094059704864], [79.64802731758226, 12.763003656237077], [79.64821152418305, 12.763004598875236], [79.64821200433256, 12.762914195389483], [79.64830410760152, 12.762914666663647], [79.6483045877151, 12.762824263177894], [79.64839669095711, 12.762824734407143], [79.6483957308018, 12.763005541387633], [79.64848783411567, 12.763006012589932], [79.64848735405597, 12.763096416084668], [79.64830314737435, 12.763095473626171], [79.64830266725177, 12.763185877111924], [79.64821056387503, 12.76318540583776], [79.64821008371652, 12.76327580931453], [79.64811798032181, 12.76327533799545], [79.64811846050726, 12.76318493451868], [79.64802635714848, 12.763184463181634], [79.64802587691811, 12.76327486664942], [79.64784167013767, 12.76327392386753]]]}, "id": "+5327+8870", "properties": {"count": 15, "water": 1}}, {"type": "Feature", "geometry": {"geodesic": false, "type": "Polygon", "coordinates": [[[79.64784409716997, 12.831982269804936], [79.64784506308348, 12.831801463812592], [79.6483978326799, 12.831804306701988], [79.64839638438905, 12.832075515748894], [79.64848851276591, 12.832075989457492], [79.64848706453795, 12.83234719851338], [79.64830280758659, 12.8323462510333], [79.6483032904041, 12.832255848023655], [79.64821116196435, 12.832255374243191], [79.6482106791199, 12.832345777252836], [79.64793429373778, 12.832344355695849], [79.64793622549293, 12.83198274370218], [79.64784409716997, 12.831982269804936]]]}, "id": "+5331+8107", "properties": {"count": 34, "water": 1}}, {"type": "Feature", "geometry": {"geodesic": false, "type": "MultiPolygon", "coordinates": [[[[79.64959067582043, 12.763463682236432], [79.64959115549384, 12.763373278705764], [79.64968325898737, 12.76337374950382], [79.6496827793409, 12.763464153043474], [79.64959067582043, 12.763463682236432]]], [[[79.64866628065596, 12.764091796841537], [79.64866916077155, 12.763549375891085], [79.64876126429202, 12.763549847021517], [79.64876222423175, 12.763369040023061], [79.64894643115592, 12.763369982176132], [79.64894595124895, 12.763460385679851], [79.64903805475146, 12.76346085671147], [79.64903853462249, 12.76337045320775], [79.64913063808908, 12.763370924203437], [79.64913111792418, 12.763280520690735], [79.64949953170967, 12.763282404341105], [79.64949857229995, 12.763463211393459], [79.64959067582043, 12.763463682236432], [79.64959019613804, 12.763554085758118], [79.6494059890342, 12.763553144045224], [79.64940502953466, 12.763733951088595], [79.64931292592435, 12.763733480173757], [79.64931244613415, 12.76382388368646], [79.6494045497804, 12.76382435461028], [79.64940359026289, 12.76400516164467], [79.64931148655377, 12.764004690720848], [79.64931052694644, 12.764185497755237], [79.64921842317442, 12.7641850267865], [79.64921698365113, 12.764456237315626], [79.6491248797803, 12.764455766310956], [79.64912392001128, 12.764636573318395], [79.64903181608655, 12.764636102277793], [79.64903133616161, 12.764726505781512], [79.64912344012227, 12.764726976831097], [79.64912200042829, 12.764998187333273], [79.64902989636883, 12.764997716274705], [79.6490294164349, 12.765088119769441], [79.64875310418464, 12.765086706396106], [79.64875118399978, 12.76544832033912], [79.64865907979659, 12.76544784913682], [79.64865859970995, 12.76553825261359], [79.64856649547082, 12.76553778137536], [79.64856601534824, 12.765628184852128], [79.64838180682506, 12.765627242267866], [79.64838228701052, 12.765536838800081], [79.64819807856819, 12.765535896099038], [79.64819759831087, 12.765626299557843], [79.64801338981464, 12.765625356722053], [79.64801290949444, 12.765715760171872], [79.64755238814607, 12.765713402498495], [79.64755142716432, 12.765894209371186], [79.64736721852435, 12.765893266068273], [79.64736817964086, 12.765712459204563], [79.64746028388898, 12.765712930865003], [79.6474607644068, 12.76562252743315], [79.64755286863695, 12.765622999057657], [79.64755334911885, 12.765532595625801], [79.64810597434702, 12.76553542469911], [79.64810741518185, 12.765264214313715], [79.6481995193042, 12.76526468570466], [79.6482004797829, 12.765083878769087], [79.64792416763144, 12.765082464524385], [79.64792608893022, 12.764720850698152], [79.64801819284595, 12.764721322134013], [79.64801867312124, 12.764630918666226], [79.64792656924143, 12.764630447239348], [79.64792993134807, 12.763997623009756], [79.64802203500331, 12.763998094409683], [79.64802155474598, 12.76408849787747], [79.6482057621283, 12.764089440596479], [79.64820432153601, 12.764360651017807], [79.648296425326, 12.76436112234587], [79.64829594515851, 12.764451525813657], [79.64848015282828, 12.764452468370969], [79.64848207323772, 12.764090854445922], [79.64866628065596, 12.764091796841537]], [[79.64866628065596, 12.764091796841537], [79.64894259181928, 12.764093210205889], [79.64894211188535, 12.764183613709609], [79.6488500081313, 12.764183142615106], [79.64884952816145, 12.764273546109843], [79.6486653205905, 12.764272603822027], [79.64866628065596, 12.764091796841537]]]]}, "id": "+5339+8865", "properties": {"count": 248, "water": 1}}, {"type": "Feature", "geometry": {"geodesic": false, "type": "Polygon", "coordinates": [[[79.64680534506846, 12.871122426842586], [79.64680582992516, 12.871032024156332], [79.64699011495784, 12.871032975490184], [79.64698963017302, 12.87112337818542], [79.64717391528656, 12.871124329393508], [79.64717536945238, 12.870853121289835], [79.64726751191483, 12.87085359683998], [79.64726896594593, 12.87058238871834], [79.64791396261711, 12.870585716563243], [79.64791444706057, 12.870495313832073], [79.64828301653307, 12.87049721473908], [79.64828253222436, 12.870587617488214], [79.64874324432098, 12.870589992903321], [79.64874372845902, 12.87049959013622], [79.64892801325816, 12.870500540068699], [79.64892849733332, 12.870410137301599], [79.64902063970592, 12.87041061221394], [79.6490201556667, 12.870501014990024], [79.64911229806627, 12.870501489875416], [79.6491113300507, 12.870682295436568], [79.64901918757029, 12.870681820542194], [79.64901725135051, 12.871043431628564], [79.64892510875332, 12.871042956689273], [79.64892462465122, 12.871133359456374], [79.64883248201808, 12.87113288448115], [79.64883199788903, 12.87122328723927], [79.64827914198247, 12.871220436696225], [79.64827962630916, 12.871130033947091], [79.64818748370298, 12.871129558747288], [79.64818699934035, 12.87121996148744], [79.64800271407411, 12.871219010980038], [79.64800174519615, 12.871399816442375], [79.64818603059716, 12.871400766967744], [79.64818554622556, 12.871491169698912], [79.64827768895749, 12.87149164491668], [79.64827623590557, 12.871762853137136], [79.64836837874532, 12.871763328327955], [79.64836741009195, 12.871944133808258], [79.64845955300355, 12.87194460898111], [79.64845858439509, 12.872125414461415], [79.64827429844613, 12.872124464079777], [79.64827478281772, 12.872034061348607], [79.64818263988815, 12.872033586112872], [79.6481831242867, 12.871943183372721], [79.6479066955968, 12.871941757485853], [79.64790718009417, 12.871851354763669], [79.64772289438774, 12.87185040401372], [79.647723378939, 12.871760001291536], [79.64753909332241, 12.871759050424808], [79.64753957793656, 12.871668647711605], [79.64735529239182, 12.871667696719113], [79.64735480770581, 12.871758099423332], [79.64717052211617, 12.87175714828711], [79.6471700373583, 12.871847550982345], [79.64698575171475, 12.871846599720358], [79.64698817577363, 12.871394586262145], [79.64689603312253, 12.871394110604202], [79.64689748762073, 12.871122902527478], [79.64680534506846, 12.871122426842586]], [[79.64744937373307, 12.871306561398484], [79.64745034299729, 12.871125755972079], [79.64754248556754, 12.871126231432392], [79.64754297016371, 12.87103582871919], [79.64763511270701, 12.871036304143571], [79.64763414358652, 12.871217109578959], [79.64772628620167, 12.87121758497639], [79.64772580166837, 12.871307987698575], [79.64781794431947, 12.871308463069058], [79.64781745981313, 12.871398865791242], [79.64772531713508, 12.871398390420762], [79.6477248325928, 12.871488793142946], [79.64781697530677, 12.871489268513429], [79.64781649080042, 12.871579671235613], [79.64763220530061, 12.871578720449733], [79.64763268986984, 12.871488317727549], [79.64754054716485, 12.871487842285202], [79.64754151637517, 12.871307036858797], [79.64744937373307, 12.871306561398484]], [[79.6474517968577, 12.870854547832472], [79.64745276608599, 12.870673742406067], [79.64754490849454, 12.870674217848414], [79.6475439393381, 12.870855023283802], [79.6474517968577, 12.870854547832472]]]}, "id": "+5340+7680", "properties": {"count": 229, "water": 1}}, {"type": "Feature", "geometry": {"geodesic": false, "type": "Polygon", "coordinates": [[[79.64829927321001, 12.850246508928842], [79.64829975671924, 12.850156106044961], [79.64839189168076, 12.850156580445262], [79.64839237515403, 12.850066177552398], [79.64848451007963, 12.850066651916766], [79.64848499351697, 12.8499762490239], [79.64857712841561, 12.849976723352336], [79.64857761181703, 12.849886320450489], [79.64876188156039, 12.849887269008546], [79.64876236488995, 12.849796866106699], [79.64885449973468, 12.849797340327337], [79.6488549830283, 12.849706937416505], [79.64894711784609, 12.849707411610193], [79.64894760110377, 12.849617008690378], [79.64913187067646, 12.84961795696996], [79.64913235386229, 12.849527554050145], [79.64931662339005, 12.849528502185995], [79.64931710650401, 12.849438099257197], [79.64940924124095, 12.849438573280207], [79.64940972432797, 12.849348170342425], [79.64950185902896, 12.8493486443295], [79.64950234207106, 12.84925824139172], [79.64959447675409, 12.849258715333882], [79.6495935107238, 12.849439521218427], [79.64950137598687, 12.849439047267282], [79.64950089293579, 12.849529450205063], [79.64940875816292, 12.849528976209003], [79.64940827506693, 12.849619379146784], [79.64931614026712, 12.849618905114792], [79.64931565714417, 12.84970930804359], [79.64913138749064, 12.849708359889775], [79.64913090429583, 12.849798762818573], [79.64903876943313, 12.849798288687765], [79.64903828620238, 12.849888691598597], [79.64885401644106, 12.849887743238169], [79.64885353313845, 12.849978146148999], [79.64876139823083, 12.849977671919378], [79.64876091489229, 12.850068074821227], [79.64857664501419, 12.850067126254185], [79.64857616160378, 12.850157529147051], [79.64848402664227, 12.850157054818615], [79.64848354319594, 12.850247457711479], [79.64829927321001, 12.850246508928842]]]}, "id": "+5345+7914", "properties": {"count": 28, "water": 1}}, {"type": "Feature", "geometry": {"geodesic": false, "type": "Polygon", "coordinates": [[[79.65112674288093, 12.907306788694187], [79.65103458694377, 12.90730631318896], [79.65103507169266, 12.907215910592537], [79.65094291578242, 12.907215435051375], [79.65094340055828, 12.907125032454955], [79.65103555643256, 12.907125507987134], [79.65103701064332, 12.90685430019787], [79.6511291664188, 12.906854775685133], [79.65112868171481, 12.906945178290536], [79.6512208375352, 12.906945653750851], [79.65122132220326, 12.906855251145446], [79.65140563377219, 12.906856201967258], [79.651405149176, 12.906946604581647], [79.65158946082578, 12.906947555286678], [79.65159042989237, 12.906766750039937], [79.65168258565886, 12.906767225338553], [79.6516835546446, 12.906586420082828], [79.65205217748601, 12.906588320908988], [79.65205266183965, 12.90649791826765], [79.6521448175253, 12.906498393395587], [79.65214578615172, 12.90631758810393], [79.6518693193014, 12.90631616266622], [79.65186883489386, 12.906406565298573], [79.65168452361239, 12.906405614836087], [79.65168549256221, 12.906224809580364], [79.65159333699334, 12.906224334308696], [79.65159430599705, 12.90604352905297], [79.65122568402701, 12.906041627660874], [79.6512251993949, 12.906132030275263], [79.65113304387994, 12.906131554841897], [79.65113352853899, 12.906041152236494], [79.65085706211087, 12.906039725747755], [79.65085657734402, 12.906130128353158], [79.65076442184701, 12.906129652785047], [79.65076490664083, 12.906039250188627], [79.65039628480554, 12.90603734762872], [79.65039676973409, 12.905946945050266], [79.65048892515024, 12.905947420735158], [79.65048941004287, 12.905857018147719], [79.65058156543206, 12.90585749379668], [79.65058253513646, 12.905676688621803], [79.65049037981015, 12.905676212972843], [79.6504908646938, 12.905585810385405], [79.6503987094034, 12.905585334718479], [79.65039919430501, 12.905494932131042], [79.6505835048229, 12.905495883437943], [79.65058398966163, 12.905405480841523], [79.65067614489811, 12.905405956445566], [79.65067662969193, 12.905315553849146], [79.65076878489249, 12.905316029408274], [79.65076926965935, 12.905225626811852], [79.65104573518916, 12.90522705330059], [79.65104815845751, 12.904775040237636], [79.65086384843369, 12.904774089308026], [79.65086433314666, 12.904683686702622], [79.65058786823668, 12.904682260079136], [79.65058835304846, 12.904591857482714], [79.6504961981174, 12.90459138187867], [79.65049522843995, 12.904772187071513], [79.650403073446, 12.904771711431536], [79.65040258856236, 12.904862114018975], [79.65031043354146, 12.904861638343066], [79.65030994863088, 12.904952040930503], [79.65021779358302, 12.904951565218662], [79.65021730862752, 12.905041967797116], [79.64994084340314, 12.905040540454978], [79.64994035833985, 12.90513094302445], [79.6498482032381, 12.90513046717786], [79.64984723305759, 12.905311272307822], [79.64920214698607, 12.905307940411516], [79.64920263230988, 12.905217537868994], [79.6490183221064, 12.905216585609878], [79.64901977826649, 12.904945378000276], [79.64883546826961, 12.904944425633362], [79.64883595371022, 12.904854023108806], [79.6490202636442, 12.904854975466737], [79.64902123439064, 12.904674170390676], [79.64874476970526, 12.904672741817846], [79.6487452551728, 12.90458233929329], [79.64856094546339, 12.904581386755696], [79.64856045993297, 12.904671789280252], [79.6481918404243, 12.904669883809804], [79.64819232608949, 12.904579481303214], [79.64810017125724, 12.904579004854753], [79.64810065695835, 12.904488602357146], [79.64800850216203, 12.904488125881738], [79.64800801643398, 12.904578528379343], [79.64791586160172, 12.904578051868], [79.64791634736571, 12.904487649370395], [79.64782419257838, 12.904487172832102], [79.64782467836932, 12.904396770334497], [79.64773252361792, 12.904396293769254], [79.64773203779104, 12.904486696257878], [79.6476398830127, 12.904486219656704], [79.64764085472034, 12.904305414679458], [79.6474565452984, 12.904304461387278], [79.6474575171318, 12.904123656419014], [79.64736536248819, 12.904123179728009], [79.64736584843185, 12.904032777248368], [79.64745800303952, 12.904033253930391], [79.64745848893826, 12.90394285145075], [79.64782710727012, 12.903944757846464], [79.64782662149715, 12.90403516034407], [79.6479187761138, 12.904035636864396], [79.64791926185983, 12.90394523436679], [79.64810357104821, 12.903946187308625], [79.64810405671338, 12.903855784793052], [79.64819621128512, 12.903856261214564], [79.6481957256469, 12.903946663721154], [79.64828788025457, 12.903947140115715], [79.64828836585686, 12.903856737600142], [79.64838052042859, 12.903857213949788], [79.64838100599495, 12.903766811425232], [79.64847316054872, 12.903767287747929], [79.64847364607915, 12.903676885223373], [79.64875010963267, 12.903678313966882], [79.64875059506429, 12.90358791142436], [79.64911921306377, 12.903589815951577], [79.64911969835165, 12.903499413400072], [79.64921185283356, 12.903499889453272], [79.6492123380855, 12.903409486892784], [79.64930449253147, 12.90340996290107], [79.64930546296351, 12.903229157789076], [79.64948977173867, 12.90323010969785], [79.64949025688283, 12.903139707128378], [79.64985887433434, 12.903141610550668], [79.64985935934375, 12.90305120796323], [79.64995151368193, 12.903051683737953], [79.6499519986554, 12.902961281150516], [79.65004415296661, 12.902961756889306], [79.65004318309154, 12.903142562064183], [79.65031964624082, 12.90314398909191], [79.65032061592724, 12.902963183890085], [79.65022846159805, 12.902962708259091], [79.65022943132941, 12.902781903057265], [79.65013727708106, 12.902781427399322], [79.65013679217945, 12.902871829995744], [79.64986032934459, 12.902870402797337], [79.64986129933645, 12.902689597631444], [79.65004560776127, 12.90269054911801], [79.650047062511, 12.902419341337728], [79.6499549084064, 12.902418865625886], [79.64995684815655, 12.902057255258168], [79.64986469418669, 12.90205677952836], [79.6498651791422, 12.901966376940923], [79.64977302520826, 12.901965901175181], [79.64977399519114, 12.901785096000305], [79.64968184132009, 12.901784620216597], [79.64968232633848, 12.90169421762916], [79.64940586484211, 12.901692790089392], [79.6494063499593, 12.901602387510938], [79.6493141961691, 12.901601911601466], [79.64931516644843, 12.901421106462523], [79.64940732017575, 12.90142158236301], [79.64940829037423, 12.901240777206102], [79.64931613671877, 12.901240301314596], [79.64931662184496, 12.901149898736142], [79.64922446822543, 12.901149422817687], [79.64922543854068, 12.90096861766976], [79.64913328499303, 12.900968141724356], [79.64913377017311, 12.900877739154884], [79.64894946314966, 12.900876787165263], [79.64894994839263, 12.90078638459579], [79.64885779492582, 12.900785908560556], [79.64885925073557, 12.900514700870106], [79.64876709736758, 12.900514224807921], [79.64876758266445, 12.900423822256416], [79.64867542933239, 12.900423346158298], [79.64867639998002, 12.900242541046305], [79.64858424671982, 12.90024206493022], [79.64858521742134, 12.90006125982721], [79.64849306422403, 12.900060783684177], [79.64849403497946, 12.899879978572182], [79.64840188185401, 12.899879502411183], [79.64840285265436, 12.899698697308173], [79.64831069960077, 12.89969822111124], [79.64831167045502, 12.899517416017213], [79.6482195174733, 12.899516939802314], [79.64822048838144, 12.899336134708285], [79.6481283354626, 12.899335658466438], [79.64812979189219, 12.899064450829888], [79.64803763908115, 12.899063974570074], [79.64803812458463, 12.898973572027552], [79.64794597180952, 12.898973095731805], [79.64794645734894, 12.898882693189282], [79.64776215187058, 12.898881740507958], [79.6477631230572, 12.898700935440878], [79.64757881773157, 12.898699982642773], [79.64757930338776, 12.898609580118217], [79.64748715076537, 12.898609103669756], [79.64748812212267, 12.898428298620646], [79.64739596957214, 12.898427822154218], [79.64739645527325, 12.898337419629662], [79.64721215024406, 12.898336466597994], [79.64721263601703, 12.898246064082421], [79.64693617859902, 12.898244634305849], [79.64693666446182, 12.898154231799259], [79.64684451202807, 12.898153755144186], [79.64684402612934, 12.898244157650776], [79.64675187366865, 12.89824368095977], [79.64675090179031, 12.898424485954983], [79.64665874926673, 12.898424009228044], [79.64665923523734, 12.89833360673044], [79.64638277779237, 12.898332176360977], [79.64638326385281, 12.898241773872355], [79.64629111141008, 12.898241297019652], [79.64629062531371, 12.898331699499293], [79.64610632036538, 12.898330745695073], [79.64610583419714, 12.898421148165731], [79.64601368170051, 12.89842067120523], [79.64601319548737, 12.898511073675888], [79.64573673791664, 12.898509642605742], [79.6457357652927, 12.898690447520105], [79.64564361270625, 12.898689970424858], [79.64564312635835, 12.89878037287755], [79.64545882113153, 12.898779418579256], [79.64545833471178, 12.898869821022965], [79.64508972418626, 12.898867912022137], [79.64509021074078, 12.898777509596396], [79.64527451593166, 12.898778464146217], [79.64527500241431, 12.898688061711493], [79.6453671549828, 12.898688538941487], [79.64536910074268, 12.898326929157673], [79.64546125318542, 12.898327406333769], [79.6454617395872, 12.898237003890062], [79.64564604440979, 12.898237958143438], [79.64564653073971, 12.898147555690747], [79.64583083550839, 12.898148509809376], [79.64583132177545, 12.89805810733872], [79.64619993123195, 12.89806001518072], [79.64620090346959, 12.89787921022144], [79.64647736041151, 12.89788064073463], [79.64647784642703, 12.897790238246007], [79.64656999870806, 12.89779071501786], [79.64657048468764, 12.897700312520255], [79.64712339828401, 12.897703172441709], [79.64712388406596, 12.897612769926136], [79.64749249306433, 12.897614675872692], [79.64749297871154, 12.897524273339153], [79.64786158763805, 12.897526178755701], [79.6478620731505, 12.897435776213179], [79.64823068200513, 12.897437681099722], [79.64823116737388, 12.897347278539234], [79.64850762395646, 12.897348706851552], [79.64850810922637, 12.897258304282081], [79.64896887011052, 12.897260684134864], [79.64896935520078, 12.897170281547426], [79.65072024676172, 12.897179317539171], [79.65071976229132, 12.897269720189492], [79.65090406680847, 12.897270670678928], [79.65090358240093, 12.897361073338232], [79.65099573469993, 12.89736154852905], [79.65099476593876, 12.89754235385664], [79.65117907068048, 12.897543304166412], [79.65117858636279, 12.897633706834698], [79.65127073876958, 12.89763418194467], [79.65127025447883, 12.897724584612956], [79.65145455937326, 12.897725534743065], [79.6514540751454, 12.897815937420335], [79.65163838012069, 12.89781688742468], [79.6516378959557, 12.897907290110934], [79.65173004847928, 12.89790776506819], [79.65172956434124, 12.897998167754443], [79.65191386946924, 12.897999117579126], [79.65191338539408, 12.898089520274361], [79.65209769061192, 12.89809046997328], [79.65209720659965, 12.898180872668515], [79.65218935924001, 12.89818134747306], [79.65218887525468, 12.898271750177278], [79.65237318062523, 12.898272699696534], [79.65237269670278, 12.898363102409736], [79.65246484942399, 12.898363577124448], [79.65246436553748, 12.898453979837651], [79.65255651829462, 12.898454454516429], [79.65255603442608, 12.898544857229632], [79.65264818722814, 12.898545331890444], [79.65264770339552, 12.898635734603646], [79.65273985622453, 12.89863620923751], [79.6527388886132, 12.898817014672899], [79.65283104151408, 12.898817489279812], [79.65283007396563, 12.898998294715199], [79.65292222692938, 12.898998769295163], [79.6529217431866, 12.89908917201735], [79.65301389618628, 12.899089646570365], [79.65301292874564, 12.89927045202372], [79.65310508181719, 12.899270926540801], [79.65310459812831, 12.89936132927197], [79.65328890435225, 12.899362278225286], [79.65328842072626, 12.899452680956454], [79.65338057387865, 12.899453155392688], [79.65338009027062, 12.89954355813284], [79.65347224346793, 12.899544032533143], [79.65347175989584, 12.899634435273294], [79.6535639131201, 12.899634909646647], [79.6535629460298, 12.899815715135933], [79.65365509932593, 12.899816189482335], [79.65365413228054, 12.899996994971621], [79.65374628564854, 12.899997469291074], [79.65374531865704, 12.900178274789344], [79.65383747209691, 12.90017874909083], [79.65383602168603, 12.900449957338235], [79.6539281752247, 12.900450431612773], [79.65392430756418, 12.901173653605852], [79.65401646137235, 12.901174127871405], [79.65401501103334, 12.90144533611881], [79.65410716494033, 12.901445810366399], [79.65410571467318, 12.901717018622787], [79.65419786868796, 12.901717492843424], [79.6541964184837, 12.901988701099812], [79.6542885725973, 12.901989175302484], [79.65428663908145, 12.90235078631699], [79.65437879332978, 12.902351260501696], [79.65437782661678, 12.902532066008948], [79.65419351797637, 12.90253111759462], [79.65419303454799, 12.902621520343756], [79.65410088020083, 12.902621046087184], [79.65409894630768, 12.902982657056775], [79.65382248290689, 12.902981234035533], [79.6538219993258, 12.9030716367667], [79.65372984482593, 12.903071162357417], [79.65372887758292, 12.903251967810771], [79.6539131867174, 12.90325291660239], [79.65391270315429, 12.903343319333558], [79.65400485775298, 12.903343793688945], [79.65400534128017, 12.903253390957776], [79.65418965043261, 12.903254339551767], [79.65418820003971, 12.903525547781205], [79.65428035471925, 12.903526022037775], [79.65427987128189, 12.903616424786911], [79.65437202599736, 12.903616899016532], [79.65437105917655, 12.903797704505818], [79.65464752354754, 12.903799127032988], [79.65464414024963, 12.90443194630388], [79.6547362952795, 12.904432420443671], [79.65473436202416, 12.904794031449192], [79.6548265171888, 12.904794505571017], [79.65482265075896, 12.905517727591045], [79.6549148061841, 12.905518201703885], [79.65490997314905, 12.906422229204217], [79.65481781738255, 12.906421755055444], [79.65481685066955, 12.90660256054473], [79.65472469484017, 12.906602086360024], [79.6547237280463, 12.906782891840328], [79.65463157215405, 12.906782417619688], [79.65463060527934, 12.906963223082025], [79.65453844932419, 12.906962748816472], [79.65453796584193, 12.90705315154764], [79.65444580986882, 12.907052677255136], [79.65444532635063, 12.907143079977322], [79.65435317034158, 12.907142605639903], [79.65435220323332, 12.907323411084272], [79.65426004716139, 12.907322936710921], [79.65425859637323, 12.90759414485951], [79.65435075254396, 12.907594619241847], [79.6543483346565, 12.908046632825823], [79.6542561783151, 12.908046158425522], [79.65425521107207, 12.908226963842942], [79.65416305466778, 12.908226489406708], [79.6541620873439, 12.908407294815147], [79.65406993087673, 12.908406820333997], [79.65406896347201, 12.908587625742435], [79.65397680695094, 12.908587151225353], [79.65397632320816, 12.908677553920588], [79.65388416665114, 12.908677079367573], [79.65388368287242, 12.908767482053825], [79.65379152628846, 12.908767007464878], [79.65379055865019, 12.908947812846367], [79.65369840200334, 12.908947338212503], [79.65369743428423, 12.90912814358501], [79.6536052775745, 12.909127668915213], [79.65360430977452, 12.909308474269752], [79.6535121530109, 12.909307999564023], [79.65351118513007, 12.909488804909579], [79.65341902829458, 12.909488330158934], [79.65341854431824, 12.909578732836204], [79.6533263874558, 12.909578258049628], [79.6533268714591, 12.909487855381341], [79.65323471464157, 12.909487380567814], [79.65323519868079, 12.90939697790851], [79.65314304189022, 12.909396503059051], [79.6531435259564, 12.909306100399748], [79.65305136921073, 12.909305625532323], [79.65305185330385, 12.90921522287302], [79.65286753987542, 12.909214273039353], [79.6528680240404, 12.909123870389035], [79.65277586736661, 12.909123395422794], [79.6527768357415, 12.908942590131137], [79.65296114896333, 12.908943540000735], [79.65296163308341, 12.908853137350414], [79.65305378966737, 12.908853612235806], [79.65305475782667, 12.908672806908216], [79.65314691434774, 12.908673281757675], [79.65314885048667, 12.90831167108453], [79.65305669410034, 12.908311196253038], [79.65305717815754, 12.908220793584752], [79.65314933451691, 12.908221268416243], [79.65315030255944, 12.90804046307967], [79.65324245885594, 12.908040937866248], [79.65324342680861, 12.907860132520693], [79.65315127058399, 12.907859657734114], [79.65315175459627, 12.907769255065828], [79.65287528603015, 12.907767830526433], [79.65287577014124, 12.907677427867132], [79.65278361398846, 12.907676952963772], [79.6527840981265, 12.907586550304469], [79.65287625423436, 12.907587025207828], [79.65287673833647, 12.907496622539542], [79.65306105050726, 12.907497572247442], [79.65306298658331, 12.90713596155633], [79.65278651873585, 12.907134536989986], [79.65278458225556, 12.907496147645166], [79.65269242617465, 12.907495672705876], [79.65269194201865, 12.90758607536518], [79.6525997859108, 12.907585600398939], [79.65259881750895, 12.90776640569958], [79.65223019286194, 12.907764505475292], [79.65222970851728, 12.90785490811663], [79.65213755232857, 12.907854432970726], [79.65213706795697, 12.907944835612062], [79.65204491174131, 12.907944360430227], [79.65204345849178, 12.908215568318305], [79.65167483326982, 12.908213667240618], [79.65167531782109, 12.908123264626232], [79.65158316156052, 12.908122789282698], [79.65158364613873, 12.908032386668312], [79.65167580237235, 12.908032862011844], [79.65167628691464, 12.907942459397455], [79.65139981833056, 12.90794103328601], [79.65140030297165, 12.907850630680606], [79.65130814681888, 12.907850155247242], [79.65130863148693, 12.907759752641837], [79.65112431926224, 12.907758801685278], [79.65112480399316, 12.907668399088855], [79.65103264792124, 12.907667923565661], [79.65103313267912, 12.90757752096924], [79.65094097664313, 12.907577045419094], [79.65094146142795, 12.907486642831657], [79.651033617437, 12.907487118372819], [79.65103410219487, 12.90739671578538], [79.65112625816798, 12.90739719129061], [79.65112674288093, 12.907306788694187]], [[79.64810065695835, 12.904488602357146], [79.64810114265046, 12.904398199850558], [79.64791683312072, 12.904397246872788], [79.64791829037675, 12.904126039370984], [79.6481025996999, 12.904126992321805], [79.6481016283336, 12.904307797334985], [79.6483780925429, 12.904309226545617], [79.64837906371154, 12.90412842150549], [79.64847121839108, 12.904128897837168], [79.64847073284268, 12.904219300361724], [79.64856288755816, 12.904219776666455], [79.6485624020367, 12.904310179191011], [79.6484702472943, 12.90430970288628], [79.64846976173692, 12.904400105401853], [79.64837760695856, 12.90439962906119], [79.64837712136526, 12.904490031576763], [79.64810065695835, 12.904488602357146]], [[79.65112674288093, 12.907306788694187], [79.65112722760288, 12.907216386097767], [79.65121938351311, 12.907216861567063], [79.65121889883608, 12.907307264172468], [79.65112674288093, 12.907306788694187]], [[79.64822534268859, 12.898432109211198], [79.64822582810224, 12.898341706659693], [79.64831798065276, 12.898342182838658], [79.64831846603047, 12.89825178027817], [79.64850277108661, 12.898252732528304], [79.64850228577178, 12.898343135088792], [79.64868659090877, 12.898344087213161], [79.64868562041386, 12.898524892352105], [79.6487777730542, 12.898525368369373], [79.6487768026132, 12.8987061735173], [79.64886895531643, 12.89870664950762], [79.64886798492931, 12.898887454655547], [79.64849937384686, 12.898885550460706], [79.64850082982728, 12.898614342779242], [79.64840867716896, 12.898613866654173], [79.64840916251973, 12.898523464102668], [79.64831700989733, 12.898522987950653], [79.64831749527505, 12.898432585390164], [79.64822534268859, 12.898432109211198]], [[79.64865601323567, 12.904039447877157], [79.64865649871219, 12.903949045343618], [79.64884080796347, 12.903949997764432], [79.64884032254982, 12.904040400297971], [79.64865601323567, 12.904039447877157]], [[79.64911387462756, 12.90458424397322], [79.64911484528417, 12.904403438879193], [79.64939130971804, 12.904404867029815], [79.64938985402507, 12.904676074693315], [79.64929769911197, 12.904675598667062], [79.64929818437291, 12.904585196115557], [79.64911387462756, 12.90458424397322]], [[79.64921039705075, 12.90377109710779], [79.64921088231169, 12.903680694556284], [79.64930303685648, 12.903681170582535], [79.64930255163148, 12.90377157313404], [79.64921039705075, 12.90377109710779]], [[79.64939373580711, 12.903952854245338], [79.64939422100515, 12.90386245168485], [79.6494863756308, 12.90386292764822], [79.64948589045969, 12.903953330208708], [79.64939373580711, 12.903952854245338]], [[79.64948006809206, 12.905038160907623], [79.64948055330808, 12.904947758347134], [79.64957270832898, 12.904948234319487], [79.6495722231489, 12.905038636879976], [79.64948006809206, 12.905038160907623]], [[79.64948443491944, 12.904224537890174], [79.6494854052796, 12.904043732769196], [79.64966971466562, 12.904044684615089], [79.64966874443122, 12.904225489754033], [79.64948443491944, 12.904224537890174]], [[79.64949850374951, 12.90160286339346], [79.64949947390306, 12.90142205823655], [79.64959162763039, 12.901422534074156], [79.6495906575487, 12.901603339240049], [79.64949850374951, 12.90160286339346]], [[79.64966680392648, 12.904587100013954], [79.64966825930503, 12.904315892314521], [79.64976041410135, 12.904316368197042], [79.64976138428186, 12.9041355630581], [79.6498535390153, 12.904136038904689], [79.64985450910596, 12.903955233756761], [79.65003881845605, 12.90395618533316], [79.65003930342952, 12.90386578274572], [79.6503157673783, 12.903867209854297], [79.65031528250364, 12.903957612450718], [79.65040743719216, 12.903958088090695], [79.65040598264005, 12.904229295879958], [79.65031382785271, 12.904228820222016], [79.65031334296009, 12.904319222818437], [79.6502211881458, 12.904318747124561], [79.65021973335115, 12.904589954886875], [79.65003542352497, 12.904589003391326], [79.65003590852538, 12.904498600812872], [79.6499437536572, 12.904498125020181], [79.64994326862085, 12.904588527589652], [79.64985111371674, 12.90458805176103], [79.64985159878005, 12.904497649191558], [79.64975944392084, 12.904497173335987], [79.64975895882161, 12.904587575905458], [79.64966680392648, 12.904587100013954]], [[79.65067517528355, 12.905586761638409], [79.65067566008634, 12.905496359041988], [79.65076781535876, 12.9054968346101], [79.65076830012562, 12.905406432013677], [79.65086045536212, 12.905406907545856], [79.65085997062221, 12.905497310151262], [79.65095212590361, 12.90549778565649], [79.65095164119064, 12.905588188261895], [79.65067517528355, 12.905586761638409]], [[79.6508672413256, 12.904141271043246], [79.65086772601161, 12.90405086842886], [79.65095988076301, 12.90405134388019], [79.6509603654041, 12.903960941265801], [79.65105252011958, 12.903961416681199], [79.65105155089128, 12.904142221918958], [79.6508672413256, 12.904141271043246]], [[79.65114273649525, 12.904323502545164], [79.65114322108244, 12.904233099930776], [79.6512353759057, 12.904233575292276], [79.65123489135443, 12.904323977915647], [79.65114273649525, 12.904323502545164]], [[79.65133576711231, 12.902697205840877], [79.65133625157374, 12.90260680319954], [79.65142840580413, 12.902607278435275], [79.65142792137863, 12.902697681076612], [79.65133576711231, 12.902697205840877]], [[79.65151135594101, 12.904325403811496], [79.65151184040245, 12.904235001170159], [79.6516039952347, 12.904235476405894], [79.6516044796602, 12.904145073764557], [79.6516966344655, 12.90414554896436], [79.65169615007592, 12.904235951605697], [79.65178830491716, 12.904236426769566], [79.65178782056353, 12.904326829410904], [79.65169566568636, 12.904326354247033], [79.6516951812878, 12.90441675688837], [79.65160302637472, 12.904416281679586], [79.6516035108092, 12.904325879047231], [79.65151135594101, 12.904325403811496]], [[79.65179653848878, 12.902699581696158], [79.65179799136104, 12.902428373727231], [79.65189014554649, 12.902428848792285], [79.65189062979233, 12.902338446123998], [79.6517984756428, 12.902337971067928], [79.65179895992458, 12.902247568408624], [79.65198326816973, 12.902248518484836], [79.65198229973196, 12.902429323821409], [79.6520744539264, 12.902429798823581], [79.65207396974344, 12.902520201491868], [79.65216612397383, 12.902520676458106], [79.65216563981781, 12.902611079126393], [79.65207348555151, 12.902610604160154], [79.65207300135957, 12.902701006819457], [79.65179653848878, 12.902699581696158]], [[79.65188239703818, 12.903875291296222], [79.65188288134689, 12.903784888645902], [79.65197503603542, 12.903785363728923], [79.65197600458099, 12.9036045584193], [79.65206815920662, 12.903605033457405], [79.65206912766237, 12.9034242281388], [79.65216128222512, 12.903424703140972], [79.65216176641705, 12.903334300481669], [79.65262253911405, 12.903336674998458], [79.65262108702332, 12.903607883048235], [79.65243677773611, 12.903606933313382], [79.65243629363401, 12.903697335990653], [79.65252844830457, 12.903697810876045], [79.6525279642294, 12.903788213553314], [79.65225150011894, 12.90378678878934], [79.6522519842929, 12.903696386121053], [79.65215982963134, 12.903695911136849], [79.65215934542144, 12.903786313796152], [79.65206719072394, 12.903785838784994], [79.65206670648708, 12.903876241444298], [79.65225101594497, 12.903877191448643], [79.65225004757906, 12.904057996785216], [79.65206573798642, 12.904057046753922], [79.65206622224125, 12.903966644094618], [79.65197406748086, 12.903966169038547], [79.65197455176263, 12.903875766388227], [79.65188239703818, 12.903875291296222]], [[79.65197745736342, 12.90333335044139], [79.65197794161824, 12.903242947782086], [79.65207009610913, 12.90324342281121], [79.65206961189024, 12.903333825479496], [79.65197745736342, 12.90333335044139]], [[79.6521520818866, 12.905142353667735], [79.65215353466003, 12.90487114570779], [79.65233784485454, 12.904872095730102], [79.6523373606626, 12.904962498389406], [79.65242951580028, 12.904962973355646], [79.6524304841033, 12.904782168028056], [79.6525226391781, 12.90478264294938], [79.65252215505802, 12.904873045617666], [79.65270646527948, 12.904873995388451], [79.65270598122228, 12.904964398056737], [79.65252167093796, 12.904963448285953], [79.6525211868089, 12.90505385095424], [79.65242903164427, 12.905053376023933], [79.65242854747929, 12.905143778683236], [79.6521520818866, 12.905142353667735]], [[79.65269775172004, 12.906501243444556], [79.6526987199512, 12.906320438116966], [79.65279087560091, 12.906320913002357], [79.65278990743263, 12.90650171833893], [79.65269775172004, 12.906501243444556]], [[79.65271275767262, 12.903698760548012], [79.65271372567021, 12.903517955175507], [79.65280588029584, 12.903518429962086], [79.6528068482126, 12.903337624580596], [79.65289900277536, 12.903338099322257], [79.65289755098108, 12.903609307398982], [79.65280539632849, 12.903608832648338], [79.65280491235215, 12.90369923533459], [79.65271275767262, 12.903698760548012]], [[79.6524217688191, 12.906409415913481], [79.65242225303798, 12.906319013254178], [79.65251440866973, 12.906319488238385], [79.65251489284371, 12.906229085579081], [79.65242273724789, 12.906228610603858], [79.65242322144881, 12.906138207944554], [79.65260753259552, 12.906139157868052], [79.65260608016344, 12.906410365854946], [79.6524217688191, 12.906409415913481]], [[79.6524217688191, 12.906409415913481], [79.65242128460919, 12.906499818563802], [79.65251344030382, 12.906500293556991], [79.65251247192893, 12.906681098866615], [79.65242031616243, 12.906680623873426], [79.65242080038132, 12.906590221214122], [79.65232864465077, 12.906589746193983], [79.6523296131604, 12.906408940893343], [79.6524217688191, 12.906409415913481]], [[79.65325116996297, 12.906413689639463], [79.65325068604952, 12.906504092325715], [79.65343499751962, 12.906505041692258], [79.65343596522078, 12.906324236301785], [79.65352812089745, 12.90632471093565], [79.6535286047121, 12.90623430823143], [79.65343644907136, 12.906233833615532], [79.65343693291295, 12.906143430920297], [79.65362124413154, 12.906144380125141], [79.65362076035282, 12.90623478282936], [79.65371291600255, 12.906235257391359], [79.65371243225977, 12.906325660086594], [79.6538045879454, 12.906326134621644], [79.65380410422958, 12.906416537325862], [79.65371194850799, 12.906416062790814], [79.65371098099548, 12.906596868199252], [79.65352666943555, 12.906595919021356], [79.6535257017793, 12.906776724402846], [79.65324923426422, 12.906775300375491], [79.65324971819565, 12.906684897689237], [79.6531575624022, 12.906684422947576], [79.65315804636057, 12.906594020270306], [79.65297373484555, 12.906593070706135], [79.65297325081531, 12.906683473374422], [79.65288109503085, 12.90668299854293], [79.65288254720242, 12.906411790529086], [79.65297470288807, 12.906412265351596], [79.65297518690035, 12.906321862674327], [79.65306734255904, 12.906322337469888], [79.65306685857371, 12.906412740147157], [79.65325116996297, 12.906413689639463]], [[79.65325116996297, 12.906413689639463], [79.65325165388542, 12.90632328695321], [79.65315949821773, 12.906322812229515], [79.65316046610754, 12.90614200685701], [79.65325262170336, 12.906142481580705], [79.65325213779889, 12.906232884266958], [79.65334429343064, 12.90623335895472], [79.6533433256666, 12.906414164336208], [79.65325116996297, 12.906413689639463]]]}, "id": "+5360+7384", "properties": {"count": 5904, "water": 1}}, {"type": "Feature", "geometry": {"geodesic": false, "type": "MultiPolygon", "coordinates": [[[[79.64814739460476, 12.844188565623547], [79.64814884457546, 12.84391735685512], [79.64805671190464, 12.843916882598549], [79.64805719525218, 12.843826479669751], [79.6482414605399, 12.843827428155944], [79.64824242710019, 12.843646622298348], [79.64833455968117, 12.843647096483053], [79.64833504292089, 12.843556693545272], [79.64851930803793, 12.84355764181587], [79.64851979120579, 12.843467238869106], [79.64861192373287, 12.843467712954997], [79.64861288999673, 12.843286907061469], [79.6487971549341, 12.84328785511647], [79.64879763799416, 12.843197452160723], [79.64888977044039, 12.843197926138815], [79.64889025346451, 12.843107523183068], [79.64879812105423, 12.843107049204976], [79.64879957020746, 12.842835840337733], [79.64870743789598, 12.842835366350657], [79.648707920974, 12.84274496339491], [79.64861578869845, 12.842744489371901], [79.6486167549084, 12.842563683469388], [79.6487088871121, 12.842564157483414], [79.64870937017214, 12.842473754527667], [79.64880150234889, 12.842474228505761], [79.64880198537301, 12.842383825550014], [79.6488941175228, 12.842384299492174], [79.648894600511, 12.842293896527444], [79.6490788647477, 12.842294844312951], [79.64907934767301, 12.842204441339238], [79.6492636118558, 12.842205388989996], [79.64926409470924, 12.8421149860073], [79.6493562267692, 12.842115459787763], [79.64935670958671, 12.842025056805067], [79.64954097366171, 12.84202600424023], [79.64954145640736, 12.84193560124855], [79.64972572042846, 12.84193654855795], [79.64972620311123, 12.841846145557287], [79.64991046707843, 12.841847092722956], [79.64991094968933, 12.841756689722294], [79.65018734558173, 12.841758110219269], [79.65018782808484, 12.84166770720064], [79.65037209196221, 12.841668654033933], [79.65037257439344, 12.84157825100632], [79.6505568382259, 12.841579197704865], [79.65055732058526, 12.841488794668269], [79.65064945247455, 12.841489267963643], [79.65064993480698, 12.84139886493603], [79.65074206666031, 12.841399338195473], [79.6507444780799, 12.840947322985544], [79.65065234638826, 12.84094684974407], [79.65065282869372, 12.840856446707473], [79.65056069703802, 12.84085597343905], [79.65056117937942, 12.840765570402453], [79.6506533109992, 12.840766043670877], [79.65065427559219, 12.840585237588703], [79.65074640715807, 12.840585710812212], [79.6507473716702, 12.840404904721053], [79.65083950316422, 12.840405377917612], [79.65083902094858, 12.840495780963192], [79.65102328401747, 12.840496727248512], [79.65102376617921, 12.84040632419395], [79.6511158976822, 12.840406797291694], [79.65111541556539, 12.840497200346256], [79.65129967866122, 12.84049814644293], [79.65129919659829, 12.840588549506476], [79.65148345977497, 12.840589495486368], [79.65148249577486, 12.840770301622442], [79.65157462743058, 12.840770774567472], [79.65157366348438, 12.840951580721512], [79.65166579521195, 12.840952053639594], [79.6516638674004, 12.84131366593869], [79.65175599926273, 12.841314138838806], [79.65175407152304, 12.841675751146886], [79.65184620352012, 12.841676224029033], [79.65184427585231, 12.842037836337113], [79.65193640798412, 12.842038309201296], [79.65193496229838, 12.842309518436847], [79.65202709452903, 12.842309991283063], [79.65202613078944, 12.842490797437103], [79.65211826309194, 12.84249127025637], [79.65211633568464, 12.842852882582415], [79.65220846813087, 12.842853355383715], [79.65220702263377, 12.84312456462825], [79.65229915517882, 12.843125037411584], [79.65229626429243, 12.843667455909637], [79.65238839703511, 12.843667928675004], [79.65238454257084, 12.84439115333608], [79.65229240955867, 12.844390680543762], [79.65229144583705, 12.844571486697802], [79.65219931277099, 12.844571013860568], [79.65219979466323, 12.84448061078804], [79.65173912952153, 12.844478246170684], [79.6517367191979, 12.844930261434511], [79.6515524528322, 12.844929315328853], [79.65155197068842, 12.845019718374433], [79.6513677042778, 12.845018772125044], [79.65136722207114, 12.84510917516164], [79.65109082237886, 12.845107755545014], [79.65109226930427, 12.844836546462176], [79.65090800306434, 12.844835599898378], [79.65090703831864, 12.845016405944621], [79.65081490513579, 12.845015932613315], [79.6508144227315, 12.845106335631943], [79.65053802311108, 12.845104915422429], [79.65053754059899, 12.845195318432076], [79.64998474125936, 12.845192477132697], [79.64998425854964, 12.845282880115393], [79.64961572559366, 12.845280985254048], [79.64961524274919, 12.845371388227763], [79.64943097623078, 12.84537044059497], [79.64942952746382, 12.845641649480177], [79.64979806090489, 12.845643544655932], [79.64979757811432, 12.845733947629647], [79.6497054447069, 12.845733473885115], [79.64970496188039, 12.845823876849845], [79.64906002794754, 12.845820559685912], [79.6490595448785, 12.845910962632676], [79.64859887773356, 12.845908592239152], [79.64859839449383, 12.84599899516795], [79.64822986071141, 12.84599709826743], [79.64822937733693, 12.84608750117826], [79.64813724387561, 12.84608702686779], [79.64813772727703, 12.84599662395696], [79.64795346041726, 12.845995675246188], [79.64795394388156, 12.84590527234434], [79.6478618104921, 12.845904797935056], [79.64786229398335, 12.84581439504219], [79.64777016062982, 12.845813920605956], [79.64777112767521, 12.845633114811243], [79.64786326096585, 12.845633589238492], [79.64786374445711, 12.845543186336645], [79.64804801098451, 12.845544135074366], [79.64804849439491, 12.845453732163534], [79.64814062763166, 12.845454206482987], [79.64814256112955, 12.845092594821695], [79.64823469423155, 12.845093069096231], [79.6482351775611, 12.845002666176418], [79.6485115768132, 12.845004088793416], [79.64851206004394, 12.844913685855635], [79.64869632615812, 12.844914634099284], [79.64869680931699, 12.844824231161503], [79.64878894234712, 12.844824705229428], [79.64878990858404, 12.844643899344883], [79.64869777562576, 12.844643425285941], [79.64869825877565, 12.844553022339177], [79.64851399292199, 12.844552074131462], [79.64851447613476, 12.844461671193681], [79.64842234323937, 12.844461197044907], [79.64842330971882, 12.844280391178328], [79.64833117690428, 12.844279917002606], [79.64833166017095, 12.844189514073808], [79.64814739460476, 12.844188565623547]], [[79.64823324421593, 12.845364277855676], [79.64823372756345, 12.845273874935861], [79.64832586073732, 12.84527434918345], [79.64832537742572, 12.845364752103263], [79.64823324421593, 12.845364277855676]], [[79.64915892346819, 12.844555392310491], [79.64916037239685, 12.844284183434267], [79.64934463810678, 12.844285131174857], [79.64934318937576, 12.844556340078032], [79.64915892346819, 12.844555392310491]]], [[[79.64814739460476, 12.844188565623547], [79.6481469112752, 12.844278968552345], [79.64805477846964, 12.844278494277807], [79.64805526183514, 12.844188091357992], [79.64814739460476, 12.844188565623547]]]]}, "id": "+5361+8012", "properties": {"count": 1678, "water": 1}}, {"type": "Feature", "geometry": {"geodesic": false, "type": "Polygon", "coordinates": [[[79.65192213145457, 12.775409184991826], [79.6519245279711, 12.774957167302547], [79.6520166357496, 12.77495763771433], [79.652017594261, 12.774776830626042], [79.65229391740783, 12.774778241645791], [79.65229343825544, 12.774868645194426], [79.65238554600698, 12.77486911547146], [79.65238315032587, 12.77532113325057], [79.65229104241264, 12.77532066295557], [79.65229056323331, 12.775411066504205], [79.65192213145457, 12.775409184991826]]]}, "id": "+5370+8738", "properties": {"count": 31, "water": 1}}, {"type": "Feature", "geometry": {"geodesic": false, "type": "Polygon", "coordinates": [[[79.6552108508818, 12.85001079019879], [79.65521133191166, 12.849920387045412], [79.65530346705285, 12.849920859020262], [79.6553039480378, 12.849830455866886], [79.65539608314303, 12.84983092779682], [79.65539656410104, 12.849740524643444], [79.6556729693449, 12.849741940235617], [79.65567345019511, 12.849651537064275], [79.65576558525544, 12.849652008859461], [79.65576606606972, 12.849561605697103], [79.6558582010941, 12.849562077456357], [79.65585868187245, 12.84947167427603], [79.65604295186735, 12.849472617695726], [79.6560434325828, 12.8493822145154], [79.65613556755329, 12.849382686166855], [79.65613604822384, 12.84929228298653], [79.65632031811094, 12.849293226190628], [79.6563207987186, 12.849202823001319], [79.6564129336352, 12.849203294553961], [79.65641341419794, 12.849112891355668], [79.65668981886688, 12.849114305806983], [79.65669029933082, 12.849023902599708], [79.6567824342025, 12.849024374017603], [79.6567829146305, 12.848933970801344], [79.65696718430199, 12.848934913529336], [79.65696766465813, 12.848844510313077], [79.65733620392028, 12.848846395364818], [79.65733572369889, 12.848936798599043], [79.65724358884518, 12.848936327387761], [79.65724310857888, 12.849026730613003], [79.65715097369821, 12.849026259356805], [79.65715001309374, 12.849207065807288], [79.65696574320665, 12.849206123187095], [79.65696526283256, 12.849296526403354], [79.65687312786206, 12.849296055039357], [79.65687264745202, 12.849386458255616], [79.65659624245968, 12.849385043965999], [79.65659576195084, 12.849475447173274], [79.65650362692644, 12.849474975674532], [79.65650314638167, 12.849565378872825], [79.65641101133032, 12.849564907338149], [79.65640956956123, 12.849836116915059], [79.6565017047114, 12.849836588458718], [79.65650122414866, 12.84992699165701], [79.65640908896256, 12.849926520104368], [79.65640860836389, 12.850016923302661], [79.6562243379378, 12.850015980098561], [79.65622385726725, 12.850106383287871], [79.65603958679625, 12.850105439949026], [79.65604006753867, 12.8500150367687], [79.65576366195343, 12.850013621535851], [79.6557631811212, 12.850104024707194], [79.65557891067715, 12.850103081044955], [79.65557842978203, 12.850193484207315], [79.65548629453305, 12.850193012322295], [79.65548677547308, 12.85010260916892], [79.65539464026004, 12.85010213725695], [79.65539415929305, 12.850192540410328], [79.65530202405307, 12.850192068462427], [79.65530298604992, 12.850011262164657], [79.6552108508818, 12.85001079019879]]]}, "id": "+5429+7919", "properties": {"count": 111, "water": 1}}, {"type": "Feature", "geometry": {"geodesic": false, "type": "Polygon", "coordinates": [[[79.65736182150063, 12.878680372347047], [79.657453967206, 12.878680844591392], [79.65745204183786, 12.879042456719809], [79.65754418768695, 12.879042928946188], [79.657542743717, 12.879314138046992], [79.65735845183016, 12.879313193540336], [79.65735893321936, 12.879222790512722], [79.65726678731637, 12.879222318205496], [79.6572682315648, 12.878951109140624], [79.65717608576063, 12.87895063681543], [79.65717801151503, 12.878589024722947], [79.65708586584559, 12.878588552379787], [79.65708682876772, 12.878407746342528], [79.65717897437426, 12.878408218676705], [79.65717945579041, 12.878317815649092], [79.65736374694063, 12.878318760218631], [79.65736182150063, 12.878680372347047]], [[79.65736182150063, 12.878680372347047], [79.6573613401294, 12.87877077537466], [79.6572691943881, 12.8787703030854], [79.65726967578628, 12.87867990006677], [79.65736182150063, 12.878680372347047]]]}, "id": "+5431+7593", "properties": {"count": 28, "water": 1}}, {"type": "Feature", "geometry": {"geodesic": false, "type": "Polygon", "coordinates": [[[79.65839453818107, 12.90969472581199], [79.65839646694484, 12.909333114384259], [79.65848862390608, 12.909333587374206], [79.65848910604987, 12.909243184517273], [79.65867341992745, 12.909244130389368], [79.65867293784656, 12.909334533255285], [79.65858078087632, 12.90933406032822], [79.65858029875949, 12.909424463194135], [79.65876461277183, 12.909425409012332], [79.65876509482578, 12.909335006146415], [79.6589494087932, 12.909335951829865], [79.65894844482006, 12.909516757579663], [79.65904060187115, 12.909517230380963], [79.65904011990703, 12.909607633264844], [79.65913227700304, 12.909608106030213], [79.65913179507486, 12.909698508914095], [79.65894748082894, 12.90969756332946], [79.65894603481982, 12.909968771954157], [79.65885387759805, 12.909968299107941], [79.65885339555308, 12.910058701973858], [79.65857692383389, 12.910057283219613], [79.65857740597767, 12.909966880362681], [79.65839309157904, 12.909965934373805], [79.65839357378572, 12.909875531516871], [79.65830141661785, 12.909875058473027], [79.65830238108506, 12.909694252777127], [79.65839453818107, 12.90969472581199]], [[79.65839453818107, 12.90969472581199], [79.65848669528606, 12.909695198810919], [79.65848621311532, 12.909785601667853], [79.6583940559834, 12.909785128659939], [79.65839453818107, 12.90969472581199]], [[79.65885387759805, 12.909968299107941], [79.65876172038527, 12.909967826225794], [79.65876220246616, 12.909877423359877], [79.65885435964302, 12.909877896233043], [79.65885387759805, 12.909968299107941]]]}, "id": "+5447+7251", "properties": {"count": 48, "water": 1}}, {"type": "Feature", "geometry": {"geodesic": false, "type": "MultiPolygon", "coordinates": [[[[79.66126201032566, 12.820840610728329], [79.66135413510926, 12.820841079532126], [79.66135365739417, 12.820931483107712], [79.6614457822137, 12.820931951875576], [79.66144482684642, 12.821112759026747], [79.661352701964, 12.821112290249898], [79.6613531796791, 12.821021886683296], [79.66126105484159, 12.821021417870515], [79.66126201032566, 12.820840610728329]]], [[[79.66126201032566, 12.820840610728329], [79.66116988555105, 12.820840141897582], [79.661170363329, 12.820749738330981], [79.66107823859032, 12.8207492694643], [79.66107919419117, 12.820568462331098], [79.66098706952435, 12.820567993446453], [79.66098754734723, 12.82047758987985], [79.66089542271635, 12.820477120968254], [79.660896378425, 12.820296313844034], [79.66080425386598, 12.820295844905491], [79.66080520961954, 12.820115037790254], [79.66071308513237, 12.820114568815775], [79.66071404093984, 12.819933761709523], [79.66062191651557, 12.819933292717078], [79.6606233503076, 12.819662082044223], [79.66053122598214, 12.819661613033812], [79.66053170393977, 12.819571209485177], [79.6603474553697, 12.819570271365544], [79.66034841140174, 12.819389464268273], [79.66025628719306, 12.819388995168032], [79.66025676523154, 12.819298591628378], [79.66034888941327, 12.819299060719636], [79.6603493674248, 12.819208657171002], [79.6604414915706, 12.819209126235311], [79.66044292547043, 12.818937915571437], [79.6605350495264, 12.818938384590831], [79.6605364832915, 12.818667173908992], [79.66044435933435, 12.818666704907566], [79.660444837283, 12.818576301349946], [79.66035271336177, 12.818575832312588], [79.66035462525517, 12.818214218091097], [79.6602625014687, 12.81821374903577], [79.66026393544041, 12.817942538371899], [79.66035605912806, 12.81794300741824], [79.66035653707671, 12.817852603860622], [79.66044866073742, 12.817853072871031], [79.66044913865014, 12.81776266930443], [79.66054126228389, 12.817763138278908], [79.66054317377305, 12.8174015240125], [79.66045105027403, 12.817401055047005], [79.66045535121897, 12.816587422938607], [79.66036322801641, 12.816586953973113], [79.6603641838059, 12.81640614683991], [79.66027206068418, 12.816405677847467], [79.6602730165186, 12.816224870714263], [79.66036513958642, 12.816225339697723], [79.66036657322574, 12.815954128979952], [79.66045869618577, 12.815954597918497], [79.66046108534509, 12.81550258003159], [79.66036896253779, 12.81550211111101], [79.66036944039661, 12.815411707535425], [79.66046156316798, 12.815412176456004], [79.66046251879578, 12.815231369295851], [79.66055464150428, 12.815231838171513], [79.66055034134986, 12.816045470405676], [79.66064246436378, 12.81604593928134], [79.66063911982818, 12.816678764337382], [79.66073124306668, 12.816679233213046], [79.66072885416786, 12.817131251108936], [79.66082097757703, 12.817131719957649], [79.66081906651907, 12.817493334277955], [79.66091119006299, 12.817493803108702], [79.66089972329297, 12.81966348889579], [79.6609918476364, 12.819663957780435], [79.6609899364347, 12.820025572055824], [79.6610820609039, 12.820026040922505], [79.66108110534796, 12.820206848064691], [79.66117322988902, 12.82020731690442], [79.66117179662697, 12.820478527622193], [79.66126392126685, 12.820478996434973], [79.66126201032566, 12.820840610728329]]]]}, "id": "+5462+8291", "properties": {"count": 236, "water": 1}}, {"type": "Feature", "geometry": {"geodesic": false, "type": "Polygon", "coordinates": [[[79.66106197293921, 12.788926239420276], [79.66106292609663, 12.788745431855881], [79.6614313785905, 12.788747302534578], [79.66143233147845, 12.788566494934251], [79.66134021840888, 12.788566027316229], [79.66134069488429, 12.788475623525049], [79.66124858185066, 12.788475155880079], [79.66125096430855, 12.78802313690621], [79.66143519003447, 12.788024072124285], [79.66143566645597, 12.787933668324122], [79.66189623067196, 12.787936005785406], [79.66189670692279, 12.787845601967277], [79.66198881974083, 12.787846069360718], [79.66198929595572, 12.787755665533606], [79.66208140874681, 12.787756132891115], [79.66208093256785, 12.787846536718229], [79.66244938391189, 12.78784840584284], [79.66244890786767, 12.787938809687919], [79.66254102073961, 12.787939276892716], [79.66254149675687, 12.787848873047636], [79.66263360961085, 12.787849340207517], [79.66263456156454, 12.787668532517358], [79.66272667435564, 12.787668999641305], [79.66272952994721, 12.787126576507946], [79.66263741735375, 12.787126109401965], [79.66263884519894, 12.786854897839778], [79.66254673271328, 12.786854430706846], [79.66254816062136, 12.786583219144658], [79.6624560482345, 12.78658275199376], [79.66245747621444, 12.786311540440556], [79.66236536392641, 12.78631107326271], [79.66236679196923, 12.786039861709504], [79.662274679789, 12.786039394513692], [79.6622761078947, 12.78576818296947], [79.66218399581328, 12.785767715755691], [79.66218447187546, 12.78567731190163], [79.66200024779346, 12.785676377375255], [79.66200072391852, 12.78558597353916], [79.66190861190897, 12.785585506226566], [79.66190908806098, 12.785495102390469], [79.66181697609635, 12.785494635059909], [79.66181792845427, 12.785313827387716], [79.66172581655252, 12.785313360021224], [79.66172629276741, 12.78522295619411], [79.66154206904474, 12.785222021380276], [79.66154254531354, 12.785131617553162], [79.66145043349262, 12.785131150096838], [79.66145090978837, 12.785040746278709], [79.66135879800339, 12.785040278795435], [79.66136022697148, 12.78476906733206], [79.66145233865764, 12.78476953479737], [79.66145281494441, 12.784679130970256], [79.66154492660363, 12.784679598408614], [79.66154445035279, 12.784770002235726], [79.66163656204795, 12.784770469647135], [79.66163608582406, 12.78486087347425], [79.66172819755514, 12.784861340849725], [79.6617277213582, 12.784951744685822], [79.66181983312522, 12.784952212034348], [79.66181888080322, 12.785133019715524], [79.66191099263311, 12.7851334870371], [79.661909564213, 12.785404698554373], [79.66227801199072, 12.785406567562204], [79.662278487999, 12.785316163717123], [79.66255482377616, 12.785317565124899], [79.66255529968562, 12.785227161261854], [79.66264741158739, 12.785227628331903], [79.6626502667837, 12.784685205117695], [79.66255815507957, 12.784684738065613], [79.66255910685359, 12.784503930330539], [79.66246699521236, 12.78450346326049], [79.66246747113081, 12.784413059388461], [79.66292802916637, 12.784415394424295], [79.6629275534186, 12.784505798305306], [79.66301966506883, 12.784506265222642], [79.663019189348, 12.784596669103653], [79.66311130103416, 12.784597135985056], [79.66311082534928, 12.784687539875051], [79.66338716052455, 12.78468894034858], [79.66338668492949, 12.784779344247559], [79.66347879670549, 12.78477981101218], [79.66347832113738, 12.784870214911157], [79.66357043294032, 12.784870681639847], [79.663569481858, 12.785051489446786], [79.66366159373281, 12.78505195615751], [79.6636611182186, 12.785142360065471], [79.66338478251332, 12.785140959834488], [79.66338430690028, 12.785231363724483], [79.66329219497158, 12.785230896914946], [79.66329171932261, 12.785321300804942], [79.6631074954113, 12.785320367078068], [79.66310654396965, 12.785501174840093], [79.6630144319601, 12.785500707922758], [79.6630134804376, 12.785681515684782], [79.66292136835617, 12.78568104872253], [79.66291946514049, 12.78604266421963], [79.66301157734767, 12.786043131190864], [79.66300967420386, 12.78640474667898], [79.66310178654581, 12.786405213632248], [79.66310083501432, 12.786586021385288], [79.66319294742812, 12.786586488311606], [79.66319199595054, 12.786767296064648], [79.66328410842722, 12.786767762973], [79.66328363271538, 12.786858166854012], [79.66337574523698, 12.786858633726432], [79.66337479386719, 12.787039441488455], [79.6636511316386, 12.787040841935035], [79.66365065604354, 12.787131245825028], [79.66374276867293, 12.787131712580667], [79.66374229311381, 12.787222116479645], [79.66383440577914, 12.787222583208335], [79.66383393024695, 12.78731298709833], [79.66392604294822, 12.78731345380007], [79.66392461642354, 12.787584665497006], [79.66420095485073, 12.787586065431544], [79.66420047943532, 12.787676469339505], [79.66429259228032, 12.787676935915481], [79.66429164150343, 12.787857743740387], [79.66438375442029, 12.787858210298396], [79.66438232831781, 12.788129422031265], [79.66447444134248, 12.788129888571307], [79.66447349065541, 12.788310696396213], [79.66438137756786, 12.78831022985617], [79.6643809021884, 12.788400633764132], [79.66419667596841, 12.788399700576248], [79.66419620051708, 12.78849010448421], [79.6640119742432, 12.78848917116158], [79.66401149872, 12.788579575051575], [79.66391938555161, 12.788579108340851], [79.66391891000147, 12.788669512230847], [79.6637346836108, 12.788668578701603], [79.6637342079888, 12.788758982582616], [79.6636420947665, 12.788758515773079], [79.66364161910856, 12.78884891965409], [79.66354950585932, 12.788848452799638], [79.66354903016546, 12.788938856671665], [79.66345691688029, 12.788938389790264], [79.66345644115047, 12.789028793653308], [79.66336432784735, 12.789028326735973], [79.66336385207262, 12.78911873059902], [79.66327173873356, 12.789118263645753], [79.66327126293189, 12.789208667508797], [79.66317914956586, 12.789208200510615], [79.66317867371929, 12.78929860437366], [79.66290233354937, 12.789297203190463], [79.66290185760397, 12.789387607035541], [79.66253340396024, 12.789385738324155], [79.6625338800404, 12.78929533448806], [79.66207331322829, 12.789292997889158], [79.66207378947014, 12.789202594071027], [79.6615211096154, 12.789199789117484], [79.66152158604591, 12.789109385317321], [79.66133735952049, 12.78910845008128], [79.66133783601387, 12.789018046290098], [79.6611536095693, 12.789017110937275], [79.66115408611657, 12.788926707146095], [79.66106197293921, 12.788926239420276]]]}, "id": "+5486+8632", "properties": {"count": 830, "water": 1}}, {"type": "Feature", "geometry": {"geodesic": false, "type": "MultiPolygon", "coordinates": [[[[79.64885960675589, 12.762375072549696], [79.64885816705292, 12.76264628306984], [79.64876606385585, 12.762645812011272], [79.64876654378976, 12.76255540850755], [79.64867444062861, 12.76255493741305], [79.64867492059847, 12.76246453390933], [79.64876702372369, 12.762465004994848], [79.64876750365761, 12.762374601491128], [79.64885960675589, 12.762375072549696]]], [[[79.65865555830246, 12.773635365900551], [79.65865651198989, 12.773454558300225], [79.65874861948093, 12.773455026304521], [79.65874814266415, 12.773545430113668], [79.65884025019112, 12.773545898091015], [79.65883977341029, 12.773636301891178], [79.65865555830246, 12.773635365900551]]], [[[79.66236220960907, 12.769405075754197], [79.66245431577059, 12.76940554232119], [79.66245336509252, 12.769586350253894], [79.6623612588681, 12.769585883677918], [79.66236220960907, 12.769405075754197]]], [[[79.66419383013255, 12.753864432595735], [79.66419430425437, 12.753774028454211], [79.66428640482837, 12.753774493826445], [79.66428593074248, 12.753864897967969], [79.66419383013255, 12.753864432595735]]], [[[79.64874782354603, 12.766081144712443], [79.64874686338175, 12.766261951674966], [79.64883896789037, 12.766262422877265], [79.64883800777099, 12.766443229839789], [79.64865379863696, 12.766442287390275], [79.64865331850541, 12.766532690867045], [79.64846910931747, 12.7665317482738], [79.64846862912304, 12.766622151741588], [79.64837652450662, 12.76662168039556], [79.64837604426727, 12.766712083863345], [79.6482839396239, 12.766711612481384], [79.64828297908231, 12.76689241939899], [79.64800666495456, 12.76689100503751], [79.64800570419737, 12.76707181193715], [79.64772938991692, 12.76707039727024], [79.64772794846225, 12.767341607574787], [79.64763584360328, 12.767341135941297], [79.64763488255863, 12.767521942796023], [79.64754277763679, 12.767521471135582], [79.64754037478713, 12.76797348824994], [79.647356164638, 12.767972544785328], [79.64735520334183, 12.768153351613105], [79.64744730847029, 12.768153823363377], [79.64744682785366, 12.768244226786248], [79.64763103820042, 12.768245170205942], [79.64763151875417, 12.768154766783072], [79.64772362390958, 12.76815523844351], [79.64772314338278, 12.768245641875366], [79.64809156413916, 12.768247528211697], [79.64809204453124, 12.76815712477086], [79.64827625486902, 12.768158067732415], [79.6482767351982, 12.768067664282594], [79.64836884033564, 12.768068135718455], [79.6483693206199, 12.767977732268633], [79.64855353084988, 12.767978675032559], [79.64855401107127, 12.767888271564772], [79.64873822124734, 12.767889214193948], [79.64873774108885, 12.767979617661736], [79.64910616162067, 12.767981502542797], [79.64910664164442, 12.767891099066027], [79.64919874675492, 12.767891570196461], [79.64919970672157, 12.767710763224954], [79.64929181176919, 12.767711234328438], [79.64929277165501, 12.767530427347948], [79.64938487663974, 12.767530898406518], [79.64938439673277, 12.767621301901254], [79.6495686067741, 12.76762224392856], [79.64956908661819, 12.76753184042484], [79.6498454016263, 12.767533253214271], [79.64984588136258, 12.767442849701567], [79.65012219629881, 12.767444262194553], [79.6501226759363, 12.767353858672868], [79.65021478089407, 12.767354329434992], [79.65021526049563, 12.767263925913307], [79.65030736541748, 12.767264396639499], [79.65030832455768, 12.76708358957816], [79.65040042941666, 12.767084060259437], [79.65040090894634, 12.766993656728769], [79.65058511861038, 12.766994598001489], [79.65058655698382, 12.766723387373549], [79.6507707664682, 12.766724328493556], [79.65077124585416, 12.766633924944921], [79.65058703643267, 12.766632983824913], [79.65058751587252, 12.766542580276278], [79.65067962055181, 12.766543050849757], [79.65068057935966, 12.766362243752486], [79.6508647885925, 12.766363184782662], [79.65086526793354, 12.766272781225043], [79.65095737252301, 12.766273251690723], [79.65095785181913, 12.766182848133106], [79.65104995638166, 12.766183318562852], [79.65105091490203, 12.76600251142965], [79.65114301940167, 12.766002981814482], [79.65114349862593, 12.76591257824788], [79.65132770757131, 12.76591351891873], [79.6513296241629, 12.765551904607406], [79.65114541547803, 12.765550963954524], [79.65114589468432, 12.765460560378939], [79.65151431192831, 12.765462441540976], [79.65151479099984, 12.765372037947424], [79.65179110387894, 12.7653734484731], [79.65179254077016, 12.76510223767448], [79.65170043656697, 12.765101767541177], [79.6517028314845, 12.764649749546471], [79.65161072745198, 12.764649279404184], [79.65161120645165, 12.764558875801649], [79.65179541445382, 12.764559816059274], [79.65179637231842, 12.764379008845221], [79.65161216445101, 12.764378068605565], [79.6516131224324, 12.764197261409478], [79.65152101857055, 12.764196791249224], [79.6515224556145, 12.763925580450605], [79.65143035185147, 12.763925110272385], [79.65143083088708, 12.76383470666985], [79.65133872716898, 12.763834236464682], [79.65133824809743, 12.763924640058233], [79.65124614433441, 12.763924169808147], [79.65124566522694, 12.764014573392716], [79.65106145766495, 12.764013632802715], [79.65106241601464, 12.763832825633578], [79.65115451972378, 12.763833295946545], [79.65115547799262, 12.763652488768427], [79.6510633743374, 12.763652018473426], [79.65106481181253, 12.763380807719722], [79.65088060471767, 12.76337986703989], [79.65088204234551, 12.763108656304151], [79.65078993890589, 12.763108185928301], [79.65079041813912, 12.763017782343734], [79.65051410793701, 12.763016371036523], [79.65051602523828, 12.762654756761133], [79.65023971545837, 12.762653345202395], [79.65023923603648, 12.762743748760014], [79.65014713274957, 12.762743278177552], [79.65014761220739, 12.762652874619933], [79.6500555089564, 12.762652404001539], [79.65005598843219, 12.762562000452904], [79.64987178201106, 12.762561059126284], [79.64987226154973, 12.762470655577648], [79.64978015837958, 12.762470184878406], [79.64977967880499, 12.762560588418058], [79.64968757560791, 12.7625601176739], [79.64968709599738, 12.762650521213551], [79.64959499276436, 12.762650050442444], [79.64959259449611, 12.763102068113756], [79.64950049111039, 12.763101597279766], [79.64950288954033, 12.762649579635404], [79.6494107863163, 12.76264910879243], [79.64941126602564, 12.762558705261762], [79.64931916283753, 12.76255823439184], [79.64932012230113, 12.762377427339484], [79.64941222542636, 12.762377898200423], [79.64941270512672, 12.762287494669755], [79.64932060203743, 12.762287023808815], [79.64932108175576, 12.76219662028713], [79.64904477261366, 12.762195207524648], [79.64904525243081, 12.762104804011946], [79.64922945846565, 12.76210574586857], [79.64922993821092, 12.762015342346885], [79.6493220412014, 12.76201581322579], [79.64932252091074, 12.761925409695122], [79.64941462387426, 12.761925880547079], [79.64941510354768, 12.761835477007425], [79.64950720647528, 12.761835947814467], [79.64950768612174, 12.761745544283796], [79.64959978902237, 12.761746015054905], [79.64960026862393, 12.761655611515252], [79.64969237149761, 12.761656082250427], [79.64969285106324, 12.761565678701793], [79.64978495390997, 12.761566149410019], [79.64978543343966, 12.761475745861382], [79.64987753625046, 12.761476216524693], [79.6498780157532, 12.761385812967074], [79.64997011853706, 12.761386283603434], [79.64997059799488, 12.761295880045816], [79.65006270075179, 12.761296350637261], [79.65006318017367, 12.761205947079642], [79.65024738562461, 12.7612068881727], [79.65024786498361, 12.761116484597116], [79.65033996768662, 12.761116955089745], [79.65034044700072, 12.76102655151416], [79.65043254966778, 12.76102702197984], [79.65043302895492, 12.760936618395272], [79.65052513159506, 12.760937088816037], [79.65052561083728, 12.760846685240454], [79.65061771345046, 12.760847155625285], [79.65061819266573, 12.760756752040717], [79.65071029525195, 12.760757222389616], [79.65071077442232, 12.760666818796066], [79.65080287697262, 12.760667289118016], [79.65080335611601, 12.760576885524465], [79.65089545863937, 12.760577355801498], [79.65089593773786, 12.760486952198965], [79.65098804023425, 12.76048742244905], [79.65098851929682, 12.760397018846515], [79.65108062176627, 12.760397489051684], [79.6510811007929, 12.76030708544915], [79.6512653056779, 12.760308025760674], [79.65126578463266, 12.760217622149156], [79.6513578870482, 12.76021809225551], [79.65135836597601, 12.76012768863501], [79.65145046835563, 12.760128158705431], [79.65145094724751, 12.76003775508493], [79.65154304960018, 12.76003822511942], [79.65154352844715, 12.759947821489936], [79.65163563077286, 12.759948291488493], [79.65163610958389, 12.75985788785901], [79.65172821188267, 12.759858357821633], [79.65172869066674, 12.75976795419215], [79.65182079292958, 12.75976842411884], [79.65182127166875, 12.759678020480374], [79.65191337391362, 12.759678490371133], [79.65191385261684, 12.759588086732666], [79.65209805704372, 12.75958902641537], [79.65209853567508, 12.75949862276792], [79.65228274004804, 12.75949956230689], [79.65228321861652, 12.759409158650458], [79.65246742294457, 12.759410098063666], [79.65246790144118, 12.75931969439825], [79.65265210571533, 12.759320633676712], [79.65265258414009, 12.759230230002311], [79.65283678836033, 12.759231169146025], [79.65283726672222, 12.759140765462643], [79.65302147089754, 12.75914170447161], [79.65302194918755, 12.759051300788226], [79.65320615330899, 12.759052239653462], [79.65320663152713, 12.758961835961097], [79.6534829376419, 12.758963244016405], [79.65348341576123, 12.758872840315057], [79.65366761978385, 12.758873778847915], [79.6536680978313, 12.758783375137584], [79.65385230180901, 12.758784313535696], [79.6538527797936, 12.75869390981638], [79.65403698371739, 12.758694848079745], [79.65403746163011, 12.758604444351446], [79.654221665509, 12.758605382489048], [79.65422214334984, 12.758514978751766], [79.65440634717484, 12.758515916745637], [79.65440682494382, 12.758425512999372], [79.65459102872389, 12.758426450867477], [79.65459150643, 12.758336047112229], [79.65477571014719, 12.758336984836605], [79.6547761877904, 12.758246581081357], [79.65496039146268, 12.758247518670986], [79.65496086902505, 12.758157114906755], [79.65514507265242, 12.758158052361635], [79.65514555014292, 12.75806764858842], [79.65532975371637, 12.758068585908555], [79.655330231144, 12.757978182126358], [79.65551443466357, 12.757979119311743], [79.65551491202831, 12.757888715520563], [79.65569911549397, 12.757889652571203], [79.65569959278685, 12.757799248780023], [79.65588379620759, 12.757800185695913], [79.65588427342861, 12.757709781886767], [79.65606847679545, 12.757710718667912], [79.65606895395358, 12.757620314858764], [79.65625315726653, 12.757621251505162], [79.6562536343528, 12.757530847687033], [79.65643783762083, 12.757531784198681], [79.65643831463524, 12.757441380371569], [79.65662251784937, 12.757442316739489], [79.6566229947919, 12.757351912912375], [79.65680719796111, 12.757352849145548], [79.65680767484078, 12.75726244530945], [79.65699187795609, 12.757263381407876], [79.65699235476389, 12.757172977562798], [79.6571765578253, 12.757173913535457], [79.6571760810804, 12.75726431738952], [79.65726818265153, 12.757264785330936], [79.6572662757797, 12.757626400756168], [79.6573583774856, 12.757626868679617], [79.6573579007946, 12.757717272533679], [79.65745000253641, 12.757717740430179], [79.65744857252626, 12.757988952010333], [79.6575406743669, 12.757989419888865], [79.65753972107471, 12.758170227614956], [79.65790812874266, 12.758172098805693], [79.65790860526299, 12.758081694924682], [79.65818491095555, 12.758083097967392], [79.65818538736808, 12.75799269408638], [79.65827748924465, 12.757993161695417], [79.65827796562124, 12.757902757805422], [79.65837006746187, 12.75790322538751], [79.65837340178363, 12.757270398103644], [79.65828130017655, 12.757269930548505], [79.65828177652621, 12.757179526649526], [79.65818967494609, 12.757179059067438], [79.65819015132269, 12.757088655177444], [79.6580980497785, 12.757088187559422], [79.65809947899811, 12.756816975889437], [79.65800737755275, 12.756816508253449], [79.65800785398324, 12.756726104363453], [79.65819205680212, 12.756727039590514], [79.65819253316074, 12.756636635700518], [79.65837673593471, 12.75663757079283], [79.65837721222147, 12.756547166884868], [79.65856141494153, 12.756548101842434], [79.6585618911654, 12.756457697934472], [79.65874609383157, 12.756458632757289], [79.65874656998359, 12.756368228840344], [79.65893077259585, 12.756369163528413], [79.658931248685, 12.756278759602486], [79.65911545124335, 12.75627969415581], [79.65911592726063, 12.756189290220897], [79.65930012977407, 12.756190224639473], [79.65930060571948, 12.756099820695578], [79.65948480818801, 12.756100754979407], [79.65948528406155, 12.756010351035513], [79.65966948647618, 12.756011285184593], [79.65966996228684, 12.755920881222734], [79.65985416464757, 12.755921815237066], [79.65985464038637, 12.755831411275206], [79.66003884270218, 12.755832345154792], [79.66003931836912, 12.755741941174966], [79.66022352063104, 12.755742874919804], [79.66022399623508, 12.755652470939978], [79.6604081984431, 12.755653404550069], [79.66040867397528, 12.75556300056126], [79.6605928761294, 12.755563934036603], [79.66059335159869, 12.755473530038811], [79.6607775537079, 12.755474463379407], [79.66077802909635, 12.755384059381615], [79.66096223116064, 12.755384992578481], [79.66096270648622, 12.755294588571704], [79.66114690848762, 12.755295521642807], [79.6611473837503, 12.755205117627048], [79.66133158570679, 12.75520605055442], [79.66133206088864, 12.755115646529678], [79.6615162628002, 12.755116579331286], [79.66151673791916, 12.75502617529756], [79.66170093976785, 12.755027107964422], [79.66170141482394, 12.754936703921711], [79.6619777175341, 12.754938102661491], [79.66197819248237, 12.754847698618782], [79.66216239424124, 12.754848630944283], [79.66216286911764, 12.754758226883608], [79.66234707083159, 12.75475915907436], [79.66234754563614, 12.754668755013686], [79.66253174729619, 12.754669687069693], [79.66253222203784, 12.754579283000034], [79.662716423644, 12.754580214921294], [79.66271689832277, 12.754489810842651], [79.66290109987503, 12.754490742629164], [79.66290157448194, 12.754400338541538], [79.66308577598927, 12.754401270193304], [79.66308625052433, 12.754310866096695], [79.66327045197777, 12.754311797613713], [79.66327092644094, 12.754221393517104], [79.66345512784946, 12.754222324899374], [79.66345560224079, 12.7541319207848], [79.6636398035954, 12.754132852032322], [79.66364027792385, 12.75404244791775], [79.66382447922457, 12.754043379030524], [79.66382495349012, 12.753952974906966], [79.66400915473695, 12.753953905884995], [79.66400962893063, 12.753863501752454], [79.66419383013255, 12.753864432595735], [79.66419288187991, 12.754045240869798], [79.66428498255273, 12.754045706251015], [79.66426459303258, 12.757933083716688], [79.66417249094941, 12.757932618191742], [79.66417201666589, 12.758023022306315], [79.66407991455577, 12.758022556745436], [79.66407944023632, 12.758112960851028], [79.6641715423734, 12.758113426411906], [79.6641705937794, 12.758294234632071], [79.66426269598834, 12.758294700166001], [79.66426174744825, 12.758475508395149], [79.66416964516745, 12.758475042843253], [79.6641667992597, 12.759017467467816], [79.66407469679025, 12.759017001871003], [79.66407422242588, 12.759107405967612], [79.66389001744207, 12.75910647466619], [79.66388906857858, 12.759287282850423], [79.6637969660193, 12.759286817145814], [79.66379601707497, 12.759467625321061], [79.66361181184861, 12.759466693795062], [79.66360896452153, 12.760009118257928], [79.66351686171072, 12.760008652427553], [79.66351448867616, 12.760460672784829], [79.66342238571264, 12.760460206900555], [79.66342096174816, 12.760731419100548], [79.66323675564145, 12.760730487224205], [79.66323628090878, 12.760820891275896], [79.66314417782847, 12.760820425292808], [79.66314322830023, 12.761001233396193], [79.66305112515704, 12.76100076736819], [79.6630506503525, 12.761091171419881], [79.66268223768094, 12.761089306975492], [79.66268176274164, 12.761179711009218], [79.66258965954457, 12.761179244810535], [79.66259013451979, 12.761088840785792], [79.66240592821545, 12.761087908307578], [79.66240640324456, 12.760997504282836], [79.66222219702108, 12.760996571678858], [79.66222172192009, 12.761086975694617], [79.6620375156427, 12.761086042964873], [79.66203799080657, 12.760995638958098], [79.66185378461002, 12.760994706102592], [79.66185425983677, 12.760904302095815], [79.66157795066772, 12.760902902583483], [79.66157700001659, 12.761083710570087], [79.66148489690036, 12.761083243994111], [79.66148537226185, 12.760992840005303], [79.66139326918154, 12.760992373393394], [79.66139279378412, 12.761082777382203], [79.6612085875786, 12.761081844068556], [79.66120953849024, 12.760901036108903], [79.66102533241946, 12.760900102687456], [79.66102580793367, 12.760809698716614], [79.66084160195273, 12.760808765160421], [79.66084112636665, 12.760899169131264], [79.66074902334923, 12.760898702303761], [79.66074664523019, 12.761350722113063], [79.6606545420421, 12.761350255240643], [79.66065311503233, 12.761621467108258], [79.66074521831027, 12.76162193398966], [79.66074426701235, 12.761802741904399], [79.66056006033071, 12.761801808087695], [79.66055910888906, 12.761982615984467], [79.66046700548536, 12.761982149022215], [79.66046557819712, 12.762253360853897], [79.66074188870466, 12.762254761677768], [79.66074141303774, 12.762345165630645], [79.66055720596084, 12.762344231778009], [79.66055673022205, 12.762434635721903], [79.66028041953486, 12.762433234682437], [79.66028089537245, 12.762342830747526], [79.66018879185198, 12.762342363677476], [79.66018926771653, 12.762251959742565], [79.66000506075642, 12.762251025512636], [79.66000553668387, 12.762160621586709], [79.65991343323525, 12.762160154417845], [79.65991295727189, 12.762250558343773], [79.6598208538053, 12.76225009114796], [79.659820377806, 12.762340495064905], [79.6597282742945, 12.76234002783316], [79.65972637013559, 12.762701643491955], [79.65981847377286, 12.762702110732684], [79.65981799775558, 12.762792514649629], [79.6599101014198, 12.76279298187239], [79.65990914943916, 12.76297378970628], [79.6600012531842, 12.762974256902092], [79.66000077722084, 12.763064660819039], [79.66009288099285, 12.7630651279879], [79.66009240506541, 12.763155531904847], [79.66018450887336, 12.76315599904676], [79.66018403296388, 12.763246402972689], [79.66027613681673, 12.76324687007867], [79.6602756609432, 12.763337274004597], [79.66036776482301, 12.76333774108363], [79.66036728897642, 12.76342814501854], [79.66045939290113, 12.76342861206164], [79.6604589170815, 12.76351901599655], [79.66055102104215, 12.763519483021684], [79.66055054524946, 12.763609886956594], [79.66064264924604, 12.763610353954778], [79.66064169772355, 12.763791161833582], [79.66073380178301, 12.763791628795834], [79.6607333260532, 12.763882032739728], [79.6608254301486, 12.763882499675029], [79.66082495444574, 12.763972903618924], [79.66091705857708, 12.76397337053626], [79.66091658290117, 12.764063774480153], [79.66100868707743, 12.764064241361556], [79.66100821142847, 12.764154645314433], [79.66110031564064, 12.764155112168886], [79.66109984001864, 12.764245516121763], [79.66128404851486, 12.764246449731855], [79.66128357295574, 12.764336853693717], [79.6614677815328, 12.764337787187026], [79.66146730603657, 12.764428191148887], [79.6616515146855, 12.764429124525417], [79.66165103925215, 12.76451952849626], [79.66183524799092, 12.764520461747026], [79.66183477261146, 12.764610865726853], [79.66192687702126, 12.764611332302827], [79.66192640167773, 12.764701736282655], [79.66211061056023, 12.764702669362741], [79.66211013527959, 12.764793073342567], [79.66229434425192, 12.764794006296889], [79.66229386903416, 12.764884410285699], [79.66247807807835, 12.764885343114257], [79.6624771277596, 12.765066151118825], [79.66266133694752, 12.765067083830601], [79.66266086184655, 12.765157487837378], [79.66275296648094, 12.76515795414386], [79.66275249141587, 12.765248358150634], [79.6628445960862, 12.76524882443915], [79.66284412103911, 12.765339228445926], [79.66293622574537, 12.76533969470749], [79.66293432568277, 12.765701310752561], [79.66284222084177, 12.765700844482014], [79.66284127072065, 12.765881652504548], [79.66293337562453, 12.765882118775098], [79.66293290059541, 12.765972522781874], [79.6628407956556, 12.765972056502342], [79.6628398455165, 12.766152864515895], [79.6627477405138, 12.76615239820043], [79.6627463151749, 12.766423610202793], [79.66265421008238, 12.766423143842413], [79.662651834281, 12.766875163813411], [79.66255972903575, 12.766874697408117], [79.66255877861818, 12.767055505385736], [79.66265088393529, 12.767055971800016], [79.66264850800815, 12.767507991744065], [79.66255640252933, 12.767507525311819], [79.66255545206685, 12.767688333280457], [79.66264755760854, 12.767688799721684], [79.66264375587538, 12.768412031596231], [79.66255165006419, 12.768411565128053], [79.66255212532687, 12.768321161148227], [79.66227580802807, 12.768319761573014], [79.6622743819346, 12.768590973476561], [79.66245859365577, 12.768591906583596], [79.66245811834817, 12.768682310554441], [79.66264233015919, 12.768683243544695], [79.66264185491447, 12.76877364752452], [79.66227343118464, 12.768771781409265], [79.66227295580518, 12.768862185371127], [79.66236506176908, 12.768862651956084], [79.66236316034104, 12.769224267821492], [79.6624552664397, 12.769224734379502], [79.66245479110515, 12.769315138350345], [79.66236268497954, 12.769314671783354], [79.66236220960907, 12.769405075754197], [79.66227010345652, 12.769404609151271], [79.66227057885395, 12.769314205189412], [79.66217847273734, 12.769313738559537], [79.66217799730398, 12.769404142521397], [79.66199378500788, 12.769403209153852], [79.66199330951163, 12.769493613106729], [79.66217752187062, 12.769494546474276], [79.66217609553459, 12.76976575834189], [79.66236030810019, 12.769766691610622], [79.66235983272072, 12.769857095572483], [79.6622677263975, 12.769856628951592], [79.66226725097312, 12.769947032904469], [79.6623593573233, 12.76994749952536], [79.66235840653741, 12.770128307449081], [79.66208208728926, 12.770126907469626], [79.66208161179301, 12.770217311422503], [79.66198950535302, 12.770216844693815], [79.6619899808852, 12.770126440740937], [79.66162155529587, 12.770124573529737], [79.66162203095381, 12.770034169594826], [79.66134571190328, 12.770032768851804], [79.66134618765106, 12.769942364925877], [79.66116197503156, 12.769941430947474], [79.66116149921193, 12.770031834864419], [79.6608851802153, 12.77003043364529], [79.66088470428787, 12.770120837544269], [79.66070049157854, 12.77011990323349], [79.66070001558822, 12.77021030713247], [79.66051580282499, 12.77020937267796], [79.6605153267628, 12.770299776567956], [79.66033111394569, 12.770298841987684], [79.66033063782062, 12.770389245868696], [79.66023853138061, 12.77038877852017], [79.66023805521961, 12.770479182401182], [79.66014594875266, 12.770478715016722], [79.66014547255573, 12.770569118897734], [79.66005336606183, 12.770568651477342], [79.66005288981998, 12.770659055349372], [79.65996078329913, 12.77065858790203], [79.65996030703033, 12.770748991765076], [79.65986820047354, 12.770748524281803], [79.65986772416882, 12.770838928144848], [79.65977561758508, 12.770838460616659], [79.65977514123543, 12.770928864479705], [79.65968303462475, 12.770928396924566], [79.65968255824815, 12.771018800778627], [79.65959045161053, 12.771018333178572], [79.6595894987675, 12.771199140877716], [79.65949739206698, 12.77119867325071], [79.65949691560954, 12.77128907709579], [79.65940480887309, 12.77128860942387], [79.65940433237972, 12.77137901326895], [79.65903590537104, 12.771377142266859], [79.65903542873394, 12.771467546093973], [79.65894332196156, 12.771467078251373], [79.6589428452975, 12.771557482078485], [79.65866652489053, 12.771556078371022], [79.65866557134682, 12.7717368859983], [79.65875767820903, 12.771737353939715], [79.6587567247282, 12.77191816156699], [79.65857251086904, 12.771917225639246], [79.65857203405227, 12.77200762943941], [79.65866414101329, 12.77200809742574], [79.65866318743366, 12.772188905044034], [79.65875529446654, 12.772189373003414], [79.6587543409408, 12.772370180630691], [79.65884644803658, 12.772370648563124], [79.65884549456473, 12.7725514561904], [79.65902970890001, 12.772552391974415], [79.65902827885395, 12.772823603428805], [79.6591203861204, 12.772824071280388], [79.65911847948215, 12.77318568656189], [79.65884215728752, 12.773184282863411], [79.65884168051566, 12.773274686672558], [79.6587495730965, 12.773274218704193], [79.65874909628872, 12.773364622504356], [79.65856488138749, 12.773363686468814], [79.65856345075753, 12.77363489785134], [79.65865555830246, 12.773635365900551], [79.65865460459705, 12.773816173491896], [79.65856249698025, 12.773815705442683], [79.65856202009162, 12.773906109233865], [79.65846991244787, 12.773905641148719], [79.65846943551432, 12.7739960449399], [79.65837732784362, 12.773995576809838], [79.65837685088313, 12.774085980601019], [79.65846895858975, 12.774086448722096], [79.65846848164722, 12.774176852513277], [79.65837637391364, 12.774176384383216], [79.65837589694416, 12.774266788165415], [79.6580995736536, 12.774265383568618], [79.6580990965853, 12.774355787341833], [79.65791488101034, 12.774354850785267], [79.65791440387018, 12.774445254549498], [79.65763808044487, 12.774443849449646], [79.65763855768385, 12.774353445694398], [79.65745434214483, 12.774352508805457], [79.65745386484296, 12.774442912560705], [79.65717754147155, 12.774441506975762], [79.65717801887223, 12.77435110323848], [79.65699380337813, 12.774350166035129], [79.65699332590559, 12.774440569763426], [79.65690121812709, 12.774440101112344], [79.6569007406276, 12.77453050484064], [79.65680863282216, 12.774530036144641], [79.65680815527776, 12.77462043987294], [79.65662393961297, 12.77461950239111], [79.6566234619967, 12.774709906101442], [79.656439246287, 12.774708968484864], [79.65643972395716, 12.774618564774531], [79.65625550832831, 12.77461762703219], [79.65625503058628, 12.774708030733539], [79.65616292273592, 12.77470756181296], [79.65616244495796, 12.77479796551431], [79.65607033708065, 12.774797496557799], [79.65606938145285, 12.77497830394253], [79.65588516558145, 12.77497736592171], [79.65588420980093, 12.775158173288476], [79.65579210180685, 12.775157704224167], [79.65579114594549, 12.77533851158195], [79.65560692984053, 12.775337573336552], [79.65560645183798, 12.775427977010951], [79.65551434375406, 12.775427507838844], [79.65551386571558, 12.775517911504261], [79.65542175760471, 12.775517442296222], [79.6554212795303, 12.775607845961638], [79.65523706325466, 12.775606907437762], [79.65523658511736, 12.775697311094195], [79.6551444769526, 12.775696841778357], [79.65514399877038, 12.775787245434792], [79.65505189057868, 12.775786776083022], [79.6550509341424, 12.775967583386905], [79.65495882588779, 12.775967113999203], [79.65495834762473, 12.77605751763767], [79.65458991451649, 12.776055639754484], [79.6545894361187, 12.776146043383967], [79.65431311122913, 12.776144634627972], [79.65431358971676, 12.776054231007473], [79.65422148145318, 12.77605376135926], [79.65422004588247, 12.776324972202794], [79.65412793752905, 12.776324502509665], [79.65412841608855, 12.776234098898147], [79.65394419946257, 12.77623315943104], [79.65394324219984, 12.77641396664509], [79.65385113382845, 12.776413496853147], [79.65385065516116, 12.776503900446698], [79.65375854675385, 12.776503430627805], [79.65375902545708, 12.77641302702527], [79.6536669170857, 12.776412557170445], [79.65366739581587, 12.776322153576894], [79.65348317915397, 12.776321213786392], [79.65348461551518, 12.776050003014722], [79.65366883197947, 12.776050942796239], [79.65366931069168, 12.77596053920269], [79.65385352711105, 12.775961478840475], [79.65385400575141, 12.77587107523794], [79.65357768123913, 12.775869665736344], [79.65357720249098, 12.775960069329896], [79.65348509429927, 12.775959599430154], [79.65348557307436, 12.775869195836602], [79.6533934649096, 12.77586872590991], [79.65339394372063, 12.775778322316361], [79.65330183559179, 12.775777852362719], [79.65330231442977, 12.775687448778152], [79.65321020634585, 12.775686978788578], [79.6532106852018, 12.775596575204009], [79.65348700938169, 12.775597985064932], [79.65348796689595, 12.77541717787783], [79.65339585890186, 12.775416707960122], [79.65339681647002, 12.775235900782002], [79.6533047085478, 12.775235430846328], [79.65330518735882, 12.775145027252776], [79.6533972952541, 12.775145497188452], [79.6533987315704, 12.774874286407798], [79.65349083936687, 12.77487475630754], [79.65349419041526, 12.774241931107765], [79.65358629799611, 12.774242400944626], [79.65358677666342, 12.774151997333108], [79.65377099176227, 12.774152936908013], [79.6537719489711, 12.773972129675995], [79.65395616394419, 12.77397306910717], [79.65395759953286, 12.773701858236684], [79.65386549214064, 12.773701388552539], [79.65386453502164, 12.77388219579354], [79.65377242756654, 12.773881726064477], [79.65377338474842, 12.773700918832459], [79.65368127736518, 12.773700449085432], [79.65368223459198, 12.773519641853413], [79.65386644924168, 12.773520581311537], [79.65386692778321, 12.773430177691036], [79.65395903508559, 12.7734306473662], [79.6539604706024, 12.773159436486731], [79.65386836340781, 12.773158966820551], [79.65386884193138, 12.77306856320005], [79.65377673477272, 12.773068093506922], [79.65377912754329, 12.772616075395435], [79.65368702054633, 12.77261560568434], [79.65368749912379, 12.77252520206384], [79.65359539216276, 12.772524732325794], [79.6535963493716, 12.772343925093775], [79.65350424248244, 12.77234345532878], [79.65350519973619, 12.772162648096762], [79.65368941338875, 12.772163587572853], [79.65369037049877, 12.771982780331852], [79.65359826373536, 12.771982310611772], [79.65360304938427, 12.77107827436185], [79.65387936869531, 12.771079683324459], [79.6538784117919, 12.77126049059241], [79.65415473133649, 12.771261899285522], [79.65415520968938, 12.771171495638072], [79.65424731618329, 12.771171965133572], [79.65424779450024, 12.771081561477137], [79.6543399009582, 12.771082030936705], [79.65434037923923, 12.770991627280273], [79.65443248567026, 12.770992096703907], [79.65443296391534, 12.770901693047474], [79.65452507031941, 12.770902162435176], [79.65452554852857, 12.77081175876976], [79.65470976128282, 12.770812697446349], [79.6547107175574, 12.770631890097551], [79.65461861125215, 12.770631420790696], [79.65461908941639, 12.770541017116297], [79.6547111956947, 12.770541486432133], [79.654711673823, 12.770451082757734], [79.65452746133826, 12.770450144108095], [79.65452698313808, 12.77054054777351], [79.65425066433909, 12.770539139556504], [79.6542501860401, 12.770629543212939], [79.65415807975282, 12.770629073735405], [79.6541576014179, 12.770719477391838], [79.65397338878043, 12.770718538337956], [79.65397386717824, 12.770628134690506], [79.65388176089992, 12.77062766512314], [79.65388223932467, 12.770537261484673], [79.65369802683993, 12.770536322251127], [79.65369754834332, 12.770626725889596], [79.65378965462162, 12.770627195519841], [79.65378917615195, 12.770717599158308], [79.6534207509489, 12.77071572041274], [79.65342122954432, 12.77062531679224], [79.65351333581364, 12.770625786521302], [79.65351381437314, 12.770535382891818], [79.65342170813976, 12.770534913162756], [79.6534221867262, 12.770444509542255], [79.65351429292366, 12.770444979262335], [79.65351477147418, 12.770354575632851], [79.65360687764469, 12.77035504532598], [79.65360735615928, 12.770264641687513], [79.6535152500247, 12.770264172003367], [79.65351572857521, 12.770173768373883], [79.65342362247658, 12.770173298662787], [79.65342457961354, 12.76999249140382], [79.65324036755999, 12.769991551891797], [79.65323988892862, 12.770081955521281], [79.65314778286591, 12.770081485711371], [79.6531482615422, 12.76999108209087], [79.65259562548033, 12.769988262602586], [79.65259658320122, 12.7698074554065], [79.65250447726426, 12.769806985380994], [79.65250495615614, 12.769716581787444], [79.65259706204817, 12.769717051803966], [79.65259754090411, 12.769626648201433], [79.6526896467692, 12.769627118191005], [79.65269108320228, 12.76935590737442], [79.65259897742703, 12.769355437402812], [79.65259945626502, 12.769265033800277], [79.6525073505257, 12.769264563801721], [79.65250782939063, 12.769174160199187], [79.65259993509402, 12.769174630197742], [79.652600892752, 12.768993822992675], [79.6525087871115, 12.7689933530031], [79.6525116601753, 12.768450931378911], [79.65232744930752, 12.768449991345866], [79.6523279281994, 12.768359587743332], [79.65223582280144, 12.768359117681893], [79.65223630172926, 12.768268714088341], [79.65214419636723, 12.768268243999954], [79.65214467532199, 12.768177840406402], [79.6520525699959, 12.768177370282082], [79.65205400694103, 12.767906159510412], [79.65186979649545, 12.767905219198887], [79.65187027554005, 12.767814815614319], [79.65122553933537, 12.767811523522365], [79.65122506006621, 12.767901927088968], [79.65113295488383, 12.767901456650236], [79.65113247557873, 12.767991860207854], [79.65094826514215, 12.767990919249543], [79.65094778577416, 12.76808132279818], [79.65085568052892, 12.768080852260633], [79.65085520111602, 12.76817125580927], [79.65076309584383, 12.76817078523579], [79.65076261640398, 12.768261188775442], [79.65067051109585, 12.768260718175014], [79.65067003162007, 12.768351121714668], [79.650577926285, 12.768350651069323], [79.6505769672436, 12.768531458139645], [79.65048486185462, 12.768530987458368], [79.65048438229799, 12.768621390989038], [79.64983964442244, 12.768618095303822], [79.64983916463225, 12.768708498807541], [79.64974705919836, 12.768708027865754], [79.64974657937223, 12.768798431369474], [79.64965447392038, 12.768797960391753], [79.64965255443622, 12.769159574370699], [79.64946834327199, 12.769158632289495], [79.64946882321489, 12.769068228803741], [79.64919250658983, 12.769066815448372], [79.64919298662257, 12.768976411971602], [79.64882456464446, 12.768974527063591], [79.64882408447697, 12.769064930531378], [79.64873197896223, 12.769064459221282], [79.64873149875882, 12.769154862680084], [79.64863939320814, 12.769154391334055], [79.64863843272944, 12.769335198242679], [79.64854632712488, 12.769334726860718], [79.6485458468406, 12.769425130310537], [79.6484537412001, 12.769424658883661], [79.64845326088889, 12.76951506233348], [79.64836115522144, 12.769514590879654], [79.64836067487428, 12.769604994320492], [79.6482685691709, 12.76960452283073], [79.64826952993707, 12.769423715949056], [79.64836163556859, 12.769424187438815], [79.64836211591573, 12.769333783988996], [79.64845422151132, 12.769334255442823], [79.64845518212476, 12.76915344854318], [79.64827097105936, 12.769152505626543], [79.64827049068526, 12.769242909067382], [79.6481783851256, 12.769242437559654], [79.64817790471558, 12.769332841000493], [79.64808579912896, 12.769332369456833], [79.64808627956594, 12.769241966015995], [79.64799417401528, 12.769241494445387], [79.6479946544792, 12.769151091013534], [79.64790254895549, 12.769150619415974], [79.64790110744691, 12.769421829693572], [79.64753268501966, 12.769419942926048], [79.64753220437606, 12.769510346330954], [79.64744009874454, 12.769509874553732], [79.64743913738549, 12.769690681372525], [79.64753124308888, 12.76969115315873], [79.64753076242731, 12.769781556563634], [79.64743865670596, 12.76978108477743], [79.64743769531997, 12.76996189158724], [79.64734558952675, 12.769961419765103], [79.6473451088023, 12.770051823161026], [79.64725300298214, 12.770051351302957], [79.64725204144342, 12.7702321580948], [79.64688361794717, 12.770230270303196], [79.6468845797374, 12.770049463538303], [79.64679247393521, 12.770048991509553], [79.64679199301314, 12.770139394896491], [79.6464235697145, 12.770137506467085], [79.6464230886487, 12.770227909836057], [79.64660730035192, 12.770228854118134], [79.64660633834607, 12.770409660856078], [79.6465142324271, 12.770409188728514], [79.6465132703404, 12.770589995457478], [79.64660537632227, 12.770590467603007], [79.64660489531038, 12.77068087097198], [79.64596015324868, 12.770677565297499], [79.64595919074877, 12.770858371981543], [79.64577497863233, 12.770857427205392], [79.64577594126699, 12.770676620530331], [79.64586804725784, 12.77067709292739], [79.64586900981165, 12.770496286243343], [79.64577690388369, 12.770495813855268], [79.64577882908114, 12.770134200496159], [79.64587093487435, 12.770134672875251], [79.64587285987417, 12.769773059489193], [79.64605707120909, 12.769774004121613], [79.64605659003549, 12.76986440747262], [79.6459644843321, 12.769863935174376], [79.64596400311359, 12.7699543385164], [79.64624032033154, 12.769955755348247], [79.64623983921184, 12.770046158708237], [79.64642405077132, 12.770047103107096], [79.64642453182815, 12.769956699738122], [79.64651663757644, 12.769957171883654], [79.64651711859733, 12.769866768514682], [79.64633290716361, 12.769865824196671], [79.64633338823839, 12.769775420827699], [79.64642549392381, 12.769775893000178], [79.64642597497165, 12.769685489631206], [79.64633386932216, 12.76968501746771], [79.64633483146274, 12.769504210729766], [79.6461506203075, 12.76950326631294], [79.64615110143619, 12.76941286295295], [79.64596689035281, 12.769411918410363], [79.64596737154437, 12.769321515059357], [79.6458752660476, 12.769321042743146], [79.64587574726612, 12.76923063939214], [79.64578364180527, 12.769230167048981], [79.64578460430519, 12.769049360355952], [79.64569249890722, 12.769048887985843], [79.64569298017965, 12.768958484634837], [79.64532455875849, 12.768956594848973], [79.64532407735133, 12.769046998182013], [79.64513986660033, 12.769046053091452], [79.64514082954041, 12.768865246443339], [79.64523293484854, 12.76886571899311], [79.64523341628265, 12.768775315669055], [79.64514131101045, 12.768774843119282], [79.64514275538465, 12.768503633129146], [79.64505065021127, 12.768503160561409], [79.6450511316903, 12.768412757237352], [79.6448669214154, 12.768411811994076], [79.6448674029663, 12.768321408679004], [79.64495950806781, 12.768321881309625], [79.64495998957379, 12.768231477985568], [79.64505209464835, 12.768231950580255], [79.64505305758844, 12.76805114392316], [79.64532937264146, 12.76805256150061], [79.64532889127022, 12.768142964833649], [79.64542099631784, 12.768143437302573], [79.64542003363826, 12.768324243977636], [79.6453279285098, 12.768323771508712], [79.64532744712959, 12.768414174850735], [79.6456958677692, 12.768416064546766], [79.64569538651476, 12.768506467897772], [79.64587959691542, 12.768507412566125], [79.64588055928957, 12.768326605846147], [79.64606476958242, 12.768327550370769], [79.64606525070212, 12.76823714701078], [79.64634156606056, 12.768238563537203], [79.64634108504866, 12.768328966915158], [79.64643319020408, 12.768329439033739], [79.64643367118903, 12.768239035655784], [79.64661788146392, 12.768239979785147], [79.64661980510729, 12.767878366237392], [79.64689612014233, 12.76787978215296], [79.64689660094763, 12.767789378757037], [79.64698870593236, 12.767789850660023], [79.64698918670172, 12.767699447255119], [79.64717339662626, 12.76770039095329], [79.64717531939826, 12.767338777315704], [79.64708321456624, 12.767338305493567], [79.64708465670364, 12.767067095260886], [79.64699255197043, 12.7670666234118], [79.64699303271284, 12.766976220006894], [79.64708513741012, 12.766976691846997], [79.6470856181076, 12.76688628843311], [79.64717772277793, 12.76688676023728], [79.64717820344846, 12.766796356823392], [79.64727030808285, 12.76679682859163], [79.64727126933411, 12.76661602175487], [79.6473633739146, 12.766616493478192], [79.64736385450429, 12.76652609005532], [79.64745595904886, 12.766526561751693], [79.6474564396026, 12.76643615831984], [79.64764064864681, 12.76643710161377], [79.64764112912871, 12.766346698172931], [79.64828586066214, 12.766349998637185], [79.64828634091047, 12.766259595178381], [79.6484705498918, 12.76626053787044], [79.64847103006827, 12.766170134402653], [79.64865523899569, 12.766171076968948], [79.64865571910927, 12.766080673492178], [79.64874782354603, 12.766081144712443]], [[79.6465142324271, 12.770409188728514], [79.64642212650811, 12.770408716565019], [79.6464226075829, 12.770318313196046], [79.64651471346595, 12.770318785359542], [79.6465142324271, 12.770409188728514]], [[79.64753268501966, 12.769419942926048], [79.64734847382847, 12.769418999344657], [79.64734895453495, 12.769328595939752], [79.6472568489753, 12.769328124108632], [79.64725732970872, 12.769237720703726], [79.647165224185, 12.769237248836674], [79.64716666645714, 12.768966038639926], [79.64762719360863, 12.768968397579929], [79.64762671301894, 12.769058800993818], [79.6475346075491, 12.769058329270496], [79.64753268501966, 12.769419942926048]], [[79.6622743819346, 12.768590973476561], [79.66227390656411, 12.768681377438423], [79.66208969478005, 12.76868044419664], [79.6620901702224, 12.768590040234779], [79.6622743819346, 12.768590973476561]], [[79.66227580802807, 12.768319761573014], [79.6621837022618, 12.768319294979072], [79.66218417765924, 12.76822889100823], [79.66227628338059, 12.76822935760217], [79.66227580802807, 12.768319761573014]], [[79.64587622848462, 12.769140236041133], [79.64587670970315, 12.769049832690127], [79.64596881511008, 12.769050304997355], [79.6459683339275, 12.769140708348361], [79.64587622848462, 12.769140236041133]], [[79.64643078521642, 12.768781455914533], [79.64643174722227, 12.768600649167604], [79.64680016830206, 12.768602537354466], [79.64679920655674, 12.768783344128344], [79.64670710122165, 12.768782872126545], [79.64670662030856, 12.768873275513483], [79.64652240957554, 12.768872331393103], [79.64652289055151, 12.768781928015148], [79.64643078521642, 12.768781455914533]], [[79.64735231935451, 12.768695772078468], [79.6473532806956, 12.768514965259675], [79.6474453859588, 12.768515437027911], [79.64744586659342, 12.768425033614024], [79.64753797182968, 12.768425505355312], [79.647537491231, 12.768515908769201], [79.6476295965032, 12.768516380474557], [79.64762911593147, 12.768606783897427], [79.64753701063232, 12.768606312192071], [79.64753653001569, 12.76869671560596], [79.64735231935451, 12.768695772078468]], [[79.64745307565443, 12.767068982315871], [79.64745355623513, 12.766978578884016], [79.64754566095037, 12.766979050571406], [79.64754518040559, 12.767069453994276], [79.64745307565443, 12.767068982315871]], [[79.65297362340954, 12.76818207004307], [79.65297458071718, 12.768001262793085], [79.65306668601633, 12.768001732585029], [79.65306812185653, 12.767730521696578], [79.65343654267582, 12.767732400496046], [79.65343415024661, 12.768184418715329], [79.65334204487561, 12.768183949040166], [79.65334156634306, 12.768274352678633], [79.6530652501402, 12.768272943464497], [79.65306572877157, 12.768182539835014], [79.65297362340954, 12.76818207004307]], [[79.65357959617782, 12.775508051353157], [79.65358007489903, 12.775417647759605], [79.6536721829021, 12.775418117605449], [79.65367266159635, 12.775327714002914], [79.65376476957246, 12.775328183821808], [79.6537652482218, 12.77523778021029], [79.65394946412015, 12.77523871974028], [79.65394994269761, 12.775148316128762], [79.65404205061984, 12.775148785830876], [79.65404157206932, 12.775239189451376], [79.65413368002747, 12.775239659135522], [79.65413272298034, 12.77542046636754], [79.65422483100137, 12.775420936024737], [79.65422339550254, 12.77569214688624], [79.65403917926282, 12.775691207517946], [79.65403870068536, 12.775781611129464], [79.65394659253856, 12.775781141400401], [79.65394707114298, 12.775690737788885], [79.65376285492124, 12.775689798231946], [79.65376381225583, 12.775508991026877], [79.65357959617782, 12.775508051353157]], [[79.65386166357479, 12.774424617489593], [79.65386214216124, 12.774334213869093], [79.65395424977804, 12.77433468358019], [79.6539537712365, 12.77442508720069], [79.65386166357479, 12.774424617489593]], [[79.6538697989875, 12.772887755950066], [79.65387027751107, 12.772797352329565], [79.65396238457092, 12.772797821977779], [79.65396286305855, 12.772707418348295], [79.65405497009144, 12.77270788796956], [79.65405401318803, 12.772888695228527], [79.6538697989875, 12.772887755950066]], [[79.6539552068701, 12.774153876348171], [79.65395568541163, 12.77406347272767], [79.6540477929386, 12.77406394239385], [79.6540482714442, 12.77397353877335], [79.65414037894422, 12.773974008403597], [79.6541394219959, 12.774154815662564], [79.6539552068701, 12.774153876348171]], [[79.65403774353042, 12.7759624183525], [79.65403822211688, 12.775872014740981], [79.65413033029961, 12.775872484452076], [79.65412985174909, 12.775962888063594], [79.65403774353042, 12.7759624183525]], [[79.65404970692506, 12.773702327893881], [79.65405066390035, 12.773521520643897], [79.65423487857699, 12.77352245984151], [79.65423440015223, 12.773612863470994], [79.65414229278696, 12.773612393885662], [79.65414181432627, 12.773702797515146], [79.65404970692506, 12.773702327893881]], [[79.6543451618788, 12.770087590688991], [79.6543456401149, 12.769997187032557], [79.65443774618659, 12.769997656420259], [79.65443726797743, 12.770088060085676], [79.6543451618788, 12.770087590688991]], [[79.65468441451758, 12.775604091102565], [79.65468489286148, 12.775513687464098], [79.65477700093642, 12.775514156923666], [79.65477652263743, 12.775604560571116], [79.65468441451758, 12.775604091102565]], [[79.65480282387165, 12.770632359386438], [79.65480425816673, 12.770361148354256], [79.65498847060657, 12.770362086797284], [79.65498799257708, 12.770452490480666], [79.65563273647133, 12.770455774056593], [79.6556317808615, 12.770636581468274], [79.65526335549674, 12.770634705309853], [79.65526287755708, 12.77072510900222], [79.65498655847063, 12.770723701530816], [79.6549870365091, 12.770633297847432], [79.65480282387165, 12.770632359386438]], [[79.65561792285703, 12.773258288681632], [79.65561840076975, 12.773167884998248], [79.65571050803621, 12.773168354053574], [79.65571003015943, 12.773258757745939], [79.65561792285703, 12.773258288681632]], [[79.65580165961198, 12.773349630466681], [79.65580261531164, 12.77316882308195], [79.65589472258708, 12.773169292065411], [79.6558937669503, 12.773350099468109], [79.65580165961198, 12.773349630466681]], [[79.65616578934085, 12.77416513961385], [79.65616626709186, 12.774074735912501], [79.65625837470866, 12.77407520480613], [79.65625789698458, 12.774165608516462], [79.65616578934085, 12.77416513961385]], [[79.6561848966327, 12.770548991020899], [79.65618537423998, 12.770458587292602], [79.65627748054524, 12.770459056060465], [79.65627795811659, 12.770368652323185], [79.6563700643949, 12.770369121055117], [79.65636910931508, 12.770549928520696], [79.6561848966327, 12.770548991020899]], [[79.65718279271728, 12.773447065820749], [79.65718327008202, 12.773356662083467], [79.65736748487544, 12.773357599080207], [79.65736700758256, 12.773448002835455], [79.65718279271728, 12.773447065820749]], [[79.65746293303931, 12.77272524122896], [79.6574634102783, 12.772634837464729], [79.65755551742797, 12.772635305864284], [79.65755504021594, 12.772725709628515], [79.65746293303931, 12.77272524122896]], [[79.65756506074327, 12.770827230453898], [79.65756601499665, 12.770646422898487], [79.6577502278497, 12.770647359437087], [79.65774975079937, 12.770737763219284], [79.65784185726632, 12.77073823144816], [79.65784138023396, 12.770828635230357], [79.65756506074327, 12.770827230453898]], [[79.65764476148513, 12.773178196822277], [79.65764619304036, 12.772906985520601], [79.65773830029784, 12.772907453866257], [79.65773782313971, 12.772997857630488], [79.65792203771754, 12.772998794222985], [79.65792108353602, 12.773179601769415], [79.65764476148513, 12.773178196822277]], [[79.65773352862671, 12.773811491526534], [79.65773400581179, 12.773721087762302], [79.65782611335672, 12.773721556098977], [79.65782563620758, 12.773811959863208], [79.65773352862671, 12.773811491526534]], [[79.6577402088585, 12.772545838782383], [79.65774068598967, 12.772455435009169], [79.65792490017223, 12.772456371556752], [79.65792442310394, 12.772546775338949], [79.6577402088585, 12.772545838782383]], [[79.65793300974042, 12.770919507223462], [79.65793348673685, 12.770829103432282], [79.65802559324871, 12.770829571598275], [79.65802607020922, 12.770739167798112], [79.65811817668515, 12.770739635928173], [79.6581176997516, 12.770830039728336], [79.65820980627245, 12.770830507831448], [79.65820932936585, 12.770920911631611], [79.65811722281805, 12.770920443528501], [79.65811579199045, 12.771191654911025], [79.65802368535282, 12.771191186762998], [79.65802511627923, 12.770919975389457], [79.65793300974042, 12.770919507223462]], [[79.65802225439047, 12.77146239813654], [79.65802273138691, 12.77137199434536], [79.65811483808741, 12.77137246250237], [79.6581143611359, 12.77146286629355], [79.65802225439047, 12.77146239813654]], [[79.65818300526053, 12.758444713518388], [79.65818443453405, 12.758173501857387], [79.65836863841294, 12.75817443706648], [79.65836720932806, 12.758445648745449], [79.65818300526053, 12.758444713518388]], [[79.65819835960673, 12.773000198864697], [79.65819979056009, 12.772728987509122], [79.65847611217978, 12.772730391827439], [79.65847563530014, 12.772820795627602], [79.65856774254863, 12.772821263676816], [79.65856726569592, 12.77291166747698], [79.65847515842049, 12.772911199427767], [79.6584737277456, 12.773182410810291], [79.65838162036236, 12.773181942716164], [79.65838209729591, 12.773091538924982], [79.6582899899576, 12.773091070803904], [79.65829046690911, 12.773000667012724], [79.65819835960673, 12.773000198864697]], [[79.6585787091367, 12.770741976093387], [79.65858013941633, 12.77047076464798], [79.65876435222447, 12.770471700467928], [79.65876387553347, 12.770562104286057], [79.65885598197347, 12.770562572155606], [79.65885645863753, 12.770472168328494], [79.65904067146363, 12.770473103950811], [79.65903971827026, 12.770653911623004], [79.65894761179433, 12.770653443816338], [79.65894713515722, 12.77074384764345], [79.65885502864536, 12.77074337980085], [79.65885407530826, 12.770924187455076], [79.65866986215876, 12.77092325166208], [79.65867081563958, 12.770742444025819], [79.6585787091367, 12.770741976093387]], [[79.65867891957532, 12.769205579018793], [79.65867987290343, 12.769024771364567], [79.65877197878649, 12.769025239198184], [79.6587724554146, 12.768934835362089], [79.6588645612707, 12.768935303168755], [79.65886408467851, 12.769025707004852], [79.65895619056157, 12.76902617478457], [79.65895571399632, 12.769116578620666], [79.65886360807734, 12.769116110840947], [79.65886265486601, 12.76929691851314], [79.65877054887517, 12.76929645069749], [79.65877102552126, 12.769206046870377], [79.65867891957532, 12.769205579018793]], [[79.65873752243951, 12.758085903199412], [79.65873847487829, 12.757905095383487], [79.65901478047205, 12.757906497536865], [79.65901430435596, 12.757996901462793], [79.65910640625947, 12.75799736878437], [79.65910497798309, 12.758268580544188], [79.65919707998542, 12.758269047847799], [79.65919565177191, 12.758540259616598], [79.65901144756963, 12.758539324955478], [79.65901192371265, 12.758448921047517], [79.65891982164744, 12.75844845367204], [79.65892029780845, 12.758358049755095], [79.6590123998467, 12.758358517130572], [79.65901335210583, 12.758177709296682], [79.65882914817304, 12.758176774536746], [79.65882962436997, 12.758086370619802], [79.65873752243951, 12.758085903199412]], [[79.65875958514374, 12.771375738676177], [79.65876101530658, 12.771104527212804], [79.65894522859084, 12.771105462951903], [79.65894379862561, 12.771376674433242], [79.65875958514374, 12.771375738676177]], [[79.65932604344812, 12.76875683399091], [79.65932699629114, 12.768576026282785], [79.6598796308079, 12.768578831380058], [79.65987867836014, 12.768759639142083], [79.65997078419826, 12.76876010655349], [79.65996983179542, 12.768940914306532], [79.6596014082273, 12.768939044445302], [79.65960188455898, 12.768848640573273], [79.65941767286475, 12.76884770545401], [79.65941814925931, 12.768757301599948], [79.65932604344812, 12.76875683399091]], [[79.65969589557112, 12.768487492604363], [79.65969637185788, 12.768397088732334], [79.65988058324668, 12.768398023627016], [79.65988010703178, 12.768488427508029], [79.65969589557112, 12.768487492604363]], [[79.66024662561455, 12.768851912480082], [79.66024710171267, 12.768761508590087], [79.66033920755979, 12.768761975875732], [79.6603387314976, 12.768852379765727], [79.66024662561455, 12.768851912480082]], [[79.66126264486863, 12.76831462728794], [79.66126312058047, 12.768224223362013], [79.66135522627486, 12.768224690270365], [79.66135475058998, 12.768315094205276], [79.66126264486863, 12.76831462728794]], [[79.66171746659516, 12.76940180886897], [79.66171794219022, 12.769311404934058], [79.66181004829785, 12.76931187172563], [79.66180957272974, 12.769402275669524], [79.66171746659516, 12.76940180886897]], [[79.66172460017073, 12.768045749683608], [79.6617250757119, 12.767955345739713], [79.66181718132545, 12.767955812477386], [79.66181670581123, 12.768046216430264], [79.66172460017073, 12.768045749683608]], [[79.66180767043933, 12.769763891436117], [79.66180814601643, 12.769673487492224], [79.66190025224982, 12.769673954265828], [79.66189977670865, 12.769764358209722], [79.66180767043933, 12.769763891436117]], [[79.65681054295486, 12.774168421249414], [79.65680958789301, 12.774349228697028], [79.65671748015943, 12.774348759983063], [79.65671843528416, 12.774167952544431], [79.65681054295486, 12.774168421249414]], [[79.649688534811, 12.762379310594595], [79.64968901441254, 12.762288907054943], [79.64978111751083, 12.762289377790118], [79.64978063794521, 12.76237978132977], [79.649688534811, 12.762379310594595]], [[79.66033777935526, 12.769033187554701], [79.6604298853012, 12.769033654813395], [79.6604303613454, 12.7689432509234], [79.66061457318337, 12.768944185341976], [79.6606155251191, 12.768763377535036], [79.66070763098418, 12.768763844685934], [79.66070810691161, 12.768673440777972], [79.66080021274975, 12.768673907901919], [79.66079926094878, 12.768854715717842], [79.66070715504776, 12.768854248593895], [79.66070667911134, 12.768944652501856], [79.6607987850393, 12.768945119634786], [79.66079830912983, 12.769035523542748], [79.66070620316593, 12.769035056409818], [79.66070572722053, 12.769125460308796], [79.66052151523884, 12.76912452594412], [79.6605205632043, 12.769305333742077], [79.66042845715955, 12.769304866501347], [79.66042798110635, 12.769395270391342], [79.66033587502568, 12.76939480311468], [79.66033539893654, 12.769485207004676], [79.66015118672128, 12.769484272352539], [79.66015213902531, 12.769303464590514], [79.66024424507006, 12.769303931921074], [79.66024519730223, 12.769123124150068], [79.66033730327511, 12.769123591444696], [79.66033777935526, 12.769033187554701]], [[79.649688534811, 12.762379310594595], [79.64968805520945, 12.762469714134248], [79.6495959520483, 12.762469243372124], [79.6495964316768, 12.76237883983247], [79.649688534811, 12.762379310594595]], [[79.65570859649314, 12.773529968814055], [79.65580070389434, 12.773530437851413], [79.65580022603552, 12.77362084154378], [79.65589233347266, 12.773621310554189], [79.6558908999591, 12.77389252164027], [79.65598300749505, 12.77389299062373], [79.65598252969014, 12.773983394325079], [79.65589042211825, 12.773982925332636], [79.65588755496536, 12.774525347477848], [79.6557033394443, 12.774524409358213], [79.65570381737498, 12.77443400567483], [79.65561170965039, 12.77443353657459], [79.65561218760801, 12.774343132891207], [79.65570429530567, 12.774343601991449], [79.65570572907076, 12.7740723909413], [79.65579783666061, 12.774072859996625], [79.65579831454637, 12.773982456313243], [79.65570620698347, 12.773981987257917], [79.6557066848872, 12.77389158356555], [79.65561457736024, 12.773891114483277], [79.6556150552999, 12.773800710799893], [79.65570716279991, 12.773801179882168], [79.65570859649314, 12.773529968814055]], [[79.65561696702262, 12.773439096057379], [79.65552485965735, 12.773438626957137], [79.65552533761499, 12.773348223273755], [79.65561744494433, 12.773348692373997], [79.65561696702262, 12.773439096057379]], [[79.65681054295486, 12.774168421249414], [79.65681149799876, 12.773987613792817], [79.65717992845696, 12.773989488280371], [79.65717945106528, 12.774079892026636], [79.65708734341254, 12.774079423447418], [79.65708686598492, 12.774169827184698], [79.65681054295486, 12.774168421249414]], [[79.66033777935526, 12.769033187554701], [79.66024567340934, 12.769032720260073], [79.66024614951644, 12.768942316370078], [79.66033825542642, 12.768942783664706], [79.66033777935526, 12.769033187554701]], [[79.65570859649314, 12.773529968814055], [79.65561648910092, 12.773529499749745], [79.65561696702262, 12.773439096057379], [79.65570907438789, 12.773439565121688], [79.65570859649314, 12.773529968814055]]], [[[79.64939687320019, 12.765270810849458], [79.64939639337406, 12.76536121436216], [79.64948849757727, 12.765361685303949], [79.64948801779605, 12.765452088816652], [79.64958012203518, 12.76545255973149], [79.64957964227193, 12.765542963244194], [79.64976385083105, 12.76554390499302], [79.64976289143033, 12.76572471202741], [79.65013130885397, 12.765726595156757], [79.65013178841959, 12.765636191626088], [79.65022389274856, 12.765636662316346], [79.65022437228721, 12.765546258776695], [79.65031647658923, 12.765546729440004], [79.65031695609196, 12.765456325900352], [79.65040906035804, 12.76545679652773], [79.65040858089124, 12.765547200076366], [79.65050068520225, 12.765547670667809], [79.65049876743386, 12.765909284862351], [79.6504066629971, 12.76590881425294], [79.65040618351233, 12.765999217792594], [79.65031407903963, 12.765998747147249], [79.65031359951894, 12.766089150686902], [79.6502214950193, 12.766088680005625], [79.65022245412358, 12.765907872935303], [79.64976193201163, 12.765905519070781], [79.64976241172099, 12.765815115549096], [79.64920978550465, 12.765812289880403], [79.64920930560666, 12.765902693384122], [79.64902509683196, 12.765901751222069], [79.64902365689544, 12.766172961697295], [79.64883944794107, 12.766172019400496], [79.64883992798279, 12.766081615914743], [79.64874782354603, 12.766081144712443], [79.64874830362369, 12.765990741235672], [79.6488404080335, 12.76599121242899], [79.64884184814069, 12.76572000197173], [79.6489339524517, 12.76572047312013], [79.64893491243632, 12.76553966613964], [79.64902701669342, 12.765540137252106], [79.6490274966453, 12.76544973375737], [79.64930380932677, 12.76545114688816], [79.64930476902394, 12.765270339880722], [79.64939687320019, 12.765270810849458]]], [[[79.64904477261366, 12.762195207524648], [79.64904381296141, 12.762376014559036], [79.64885960675589, 12.762375072549696], [79.64886008664489, 12.762284669036994], [79.64895218971621, 12.76228514005963], [79.64895266956928, 12.762194736537944], [79.64904477261366, 12.762195207524648]]], [[[79.65004687770958, 12.764279667850028], [79.65013898154447, 12.76428013852232], [79.650136583932, 12.764732156238548], [79.64986027194225, 12.764730744059971], [79.64985979230477, 12.764821147590641], [79.64976768828123, 12.764820676792583], [79.6497672086168, 12.764911080323254], [79.64958300051583, 12.764910138628323], [79.64958204103425, 12.765090945662713], [79.64948993692987, 12.76509047476584], [79.64948897736745, 12.765271281791247], [79.64939687320019, 12.765270810849458], [79.649399272232, 12.764818793294928], [79.64930716822643, 12.764818322335174], [79.64930764805256, 12.764727918822471], [79.64939975202219, 12.764728389782224], [79.64940119139277, 12.764457179235134], [79.64949329527258, 12.764457650140988], [79.64949425476314, 12.7642768431066], [79.64958635858005, 12.764277313976523], [79.64958683828941, 12.764186910445853], [79.64977104586036, 12.764187852086883], [79.64977296440131, 12.763826237955223], [79.65004927539393, 12.7638276501338], [79.65004687770958, 12.764279667850028]], [[79.65004687770958, 12.764279667850028], [79.65004639816195, 12.76437007138968], [79.64995429429112, 12.76436960067247], [79.6499547738747, 12.764279197132819], [79.65004687770958, 12.764279667850028]]], [[[79.6535152500247, 12.770264172003367], [79.65351477147418, 12.770354575632851], [79.65342266531266, 12.770354105912771], [79.6534231438991, 12.77026370229227], [79.6535152500247, 12.770264172003367]]]]}, "id": "+5499+8971", "properties": {"count": 21953, "water": 1}}, {"type": "Feature", "geometry": {"geodesic": false, "type": "Polygon", "coordinates": [[[79.6658926895385, 12.781175775464217], [79.6658936386625, 12.780994967432699], [79.6659857491539, 12.780995433191206], [79.66598622367997, 12.780905029166465], [79.6658941132245, 12.78090456341694], [79.66589506233052, 12.78072375538542], [79.6660792831157, 12.780724686839555], [79.66607975759685, 12.78063428280583], [79.66635608871175, 12.780635679739996], [79.66635561432042, 12.780726083773722], [79.6667240559896, 12.780727945900457], [79.66672358173304, 12.780818349952149], [79.66690780265296, 12.780819280831363], [79.66690732845927, 12.780909684883055], [79.66709154945107, 12.780910615645487], [79.66709107532026, 12.781001019706162], [79.66727529640188, 12.78100195034283], [79.66727482233397, 12.781092354412488], [79.66736693290622, 12.781092819685906], [79.66736645886525, 12.781183223755564], [79.66755068009958, 12.78118415421257], [79.66755020612149, 12.781274558282227], [79.66773442742769, 12.781275488622452], [79.66773395351248, 12.781365892701093], [79.6675497321344, 12.781364962360868], [79.66754925814733, 12.781455366430528], [79.66736503672435, 12.781454435955556], [79.6673655107743, 12.781364031885898], [79.66718128942318, 12.781363101294145], [79.66718081531035, 12.78145350535482], [79.66708870460334, 12.781453040000553], [79.66708775629681, 12.781633848112921], [79.66699564552692, 12.781633382722722], [79.66699611972062, 12.78154297867103], [79.66681189827068, 12.7815420478008], [79.66681237252726, 12.781451643749108], [79.66653604046914, 12.781450247219183], [79.66653651482451, 12.781359843176475], [79.6664444041804, 12.781359377606613], [79.66644487855375, 12.781268973572887], [79.66607643614796, 12.781267110970044], [79.66607691064708, 12.781176706954286], [79.6658926895385, 12.781175775464217]]]}, "id": "+5523+8674", "properties": {"count": 109, "water": 1}}, {"type": "Feature", "geometry": {"geodesic": false, "type": "MultiPolygon", "coordinates": [[[[79.66796453171418, 12.912455840059007], [79.66796501057011, 12.912365436869697], [79.66787285213562, 12.912364967113685], [79.66787476768516, 12.912003354356449], [79.66805908428466, 12.912004293814572], [79.66805956309568, 12.91191389061628], [79.6684281962228, 12.911915769119304], [79.66842867489909, 12.911825365903045], [79.66852083315392, 12.91182583544346], [79.66851987587322, 12.912006641875978], [79.66842771754652, 12.91200617232658], [79.66842723887024, 12.912096575533855], [79.66851939722389, 12.912097045083254], [79.66851843991623, 12.912277851506788], [79.66842628149072, 12.91227738195739], [79.66842532410223, 12.912458188371941], [79.66833316561383, 12.912457718768643], [79.66833364434402, 12.91236731557035], [79.66824148590054, 12.912366845940102], [79.66824100713443, 12.912457249138395], [79.66814884865502, 12.912456779481198], [79.66814932744808, 12.912366376282906], [79.6680571690136, 12.912365906589777], [79.6680566901846, 12.91245630978807], [79.66796453171418, 12.912455840059007]]], [[[79.66796453171418, 12.912455840059007], [79.66796405284924, 12.912546243248316], [79.66787189434288, 12.912545773483322], [79.66787237324374, 12.912455370302995], [79.66796453171418, 12.912455840059007]]]]}, "id": "+5554+7223", "properties": {"count": 36, "water": 1}}, {"type": "Feature", "geometry": {"geodesic": false, "type": "Polygon", "coordinates": [[[79.67333393556017, 12.749661337938493], [79.6733344062684, 12.749570933437644], [79.673610704478, 12.749572319448296], [79.6736111750964, 12.74948191492948], [79.67397957262236, 12.749483762485541], [79.6739791021387, 12.749574167013341], [79.67434749985333, 12.749576014066346], [79.67434561840382, 12.749937632231441], [79.67416141927703, 12.749936708745363], [79.67416094883829, 12.750027113273163], [79.6739767496576, 12.750026189652337], [79.67397627915598, 12.750116594180135], [79.67388417954317, 12.750116132311332], [79.67388370899664, 12.750206536830149], [79.67351531043761, 12.750204689040524], [79.6735162517822, 12.750023880029842], [79.67342415221431, 12.750023418008325], [79.67342603498433, 12.749661799977977], [79.67333393556017, 12.749661337938493]]]}, "id": "+5604+9019", "properties": {"count": 62, "water": 1}}, {"type": "Feature", "geometry": {"geodesic": false, "type": "MultiPolygon", "coordinates": [[[[79.66860437591838, 12.91345356277772], [79.66869653477508, 12.913454032309152], [79.66869557749439, 12.913634838732687], [79.66860341856582, 12.913634369183288], [79.66860437591838, 12.91345356277772]]], [[[79.66842149440451, 12.913181414003196], [79.6684219731257, 12.91309101079592], [79.66832981441273, 12.913090541174656], [79.66833029316088, 12.913000137976363], [79.66842245184691, 12.913000607597628], [79.6684229305681, 12.912910204390352], [79.66851508921819, 12.912910673975684], [79.66851604657974, 12.912729867561133], [79.66842388799253, 12.912729397984783], [79.66842436669576, 12.912638994777508], [79.66860868381627, 12.912639933894273], [79.668609641088, 12.912459127461755], [79.66879395808274, 12.91246006643479], [79.66879204379084, 12.912821679308808], [79.66888420242296, 12.91282214875939], [79.66888372388142, 12.91291255197565], [79.66897588254947, 12.912913021399286], [79.66897636106407, 12.912822618174044], [79.66906851971416, 12.912823087552763], [79.66906947666247, 12.912642281093296], [79.6692537938279, 12.912643219751919], [79.6692542722347, 12.912552816517694], [79.66934643079495, 12.912553285788615], [79.66934690915681, 12.91246288255439], [79.66943906769012, 12.912463351789379], [79.66943954601606, 12.912372948546171], [79.66934738752768, 12.912372479311182], [79.66934882259532, 12.912101269581557], [79.66925666420575, 12.91210080031962], [79.6692576209744, 12.911919993842186], [79.66953409595449, 12.911921401502235], [79.66953553077062, 12.911650191745663], [79.66944337254273, 12.911649722564572], [79.66944480743072, 12.911378512816981], [79.66935264930166, 12.911378043617924], [79.66935456256948, 12.911016430618142], [79.6694467205638, 12.911016899799233], [79.66944719883584, 12.910926496547042], [79.66917072496068, 12.910925088904957], [79.66917120333153, 12.910834685661749], [79.66907904540908, 12.910834216381845], [79.6690800022047, 12.910653409895428], [79.6689878443541, 12.910652940597558], [79.66898880120361, 12.91047213411114], [79.66880448564616, 12.910471195425568], [79.66880544261245, 12.910290388957117], [79.66889760031931, 12.910290858308887], [79.66889807876204, 12.910200455074662], [79.66908239412184, 12.910201393670404], [79.669081915751, 12.910291796922595], [79.66926623119166, 12.910292735401555], [79.6692671878076, 12.91011192888819], [79.66945150314046, 12.91011286722342], [79.66944911189705, 12.91056488352031], [79.66954126972968, 12.910565352656484], [79.66953983503932, 12.910836562440007], [79.66963199297973, 12.910837031549232], [79.66963103656141, 12.911017838071581], [79.66999966861056, 12.911019714230001], [79.67000110283378, 12.910748504401562], [79.67009326075623, 12.91074897334909], [79.67009278271776, 12.91083937662823], [79.6703692566019, 12.91084078329115], [79.67036973454157, 12.910750380003027], [79.67064620836283, 12.91075178636052], [79.67064668619469, 12.910661383054428], [79.67083100203061, 12.910662320455412], [79.6708319575506, 12.91048151384323], [79.67101627326076, 12.910482451100483], [79.67101675094891, 12.91039204778541], [79.67110890878152, 12.910392516355644], [79.67110938643373, 12.91030211304057], [79.67138585985074, 12.91030351856263], [79.67138729248396, 12.910032308572495], [79.6714794501998, 12.910032777007983], [79.67147992769928, 12.90994237366596], [79.67138777001938, 12.909941905239455], [79.6713882475548, 12.909851501906415], [79.67148040520776, 12.90985197033292], [79.67148088270724, 12.909761566990896], [79.6715730403153, 12.909762035381469], [79.67157351777885, 12.909671632039446], [79.67166567536893, 12.909672100394086], [79.67166615279655, 12.909581697052063], [79.6717583103507, 12.90958216537077], [79.6717587877334, 12.909491762019764], [79.67185094526958, 12.909492230302538], [79.67185142261636, 12.909401826951532], [79.67203573761684, 12.909402763409284], [79.67203526033295, 12.909493166769273], [79.67221957541429, 12.909494103110243], [79.67222100705935, 12.90922289301231], [79.6723131645057, 12.909223361115421], [79.6723136416818, 12.909132957746449], [79.67240579910118, 12.90913342582261], [79.67240627623237, 12.909043022444655], [79.67249843362482, 12.909043490484883], [79.6724993878243, 12.90886268371999], [79.67240723050371, 12.908862215688744], [79.67240818475709, 12.908681408932832], [79.6725924992725, 12.908682344950408], [79.67259297632282, 12.90859194156347], [79.67268513355357, 12.908592409522852], [79.67268561056797, 12.908502006126929], [79.67277776777178, 12.908502474050378], [79.67277824475023, 12.908412070654457], [79.6728704019181, 12.908412538541972], [79.67287087886064, 12.908322135146049], [79.67296303600156, 12.908322602997632], [79.67296351290815, 12.908232199592728], [79.67305567002212, 12.90823266740838], [79.67305710062514, 12.90796145718468], [79.6731492576403, 12.907961924955416], [79.67315021129181, 12.90778111812764], [79.67305805433953, 12.907780650365888], [79.67305900804494, 12.907599843547095], [79.67296685116453, 12.90759937574941], [79.6729673280352, 12.907508972344505], [79.67305948488867, 12.907509440133206], [79.6730599617234, 12.907419036719318], [79.67324427536742, 12.907419972188922], [79.67324475213928, 12.907329568775035], [79.67342906572044, 12.907330504100909], [79.6734295424294, 12.907240100678036], [79.67361385595666, 12.907241035869163], [79.67361337932853, 12.907331439310001], [79.6737055361281, 12.907331906856157], [79.67370505952692, 12.907422310296994], [79.6737972163714, 12.907422777816201], [79.67379673978819, 12.907513181257038], [79.6738888966686, 12.907513648749296], [79.67388842012132, 12.907604052190132], [79.67398057703765, 12.907604519655441], [79.67397771787977, 12.908146940318433], [79.67406987499375, 12.908147407774758], [79.67406796894836, 12.90850902154709], [79.67416012620608, 12.908509488976465], [79.6741577437302, 12.908961506198619], [79.67424990114961, 12.908961973610028], [79.67423894136178, 12.911041252686411], [79.67414678317881, 12.911040785194153], [79.67414535339326, 12.91131199547175], [79.67405319512046, 12.911311527934577], [79.67405271848335, 12.911401931348466], [79.67396056017462, 12.911401463775361], [79.67395865347349, 12.911763077439897], [79.67386649503001, 12.911762609821874], [79.6738655415941, 12.911943416640668], [79.67377338309673, 12.911942948986715], [79.67377242957099, 12.912123755796525], [79.67368027101072, 12.912123288097655], [79.67367884060533, 12.912394498303387], [79.67321804734591, 12.91239215927005], [79.67321757036744, 12.912482562648005], [79.67284893569523, 12.912480690819464], [79.67284845858201, 12.91257109419742], [79.67257198251497, 12.912569689968935], [79.67257150529396, 12.912660093328924], [79.67220287046004, 12.912658220566135], [79.67220239310429, 12.912748623908158], [79.67192591692046, 12.912747218987969], [79.67192543946588, 12.912837622321009], [79.67146464572137, 12.912835280116619], [79.67146512333764, 12.912744876801545], [79.67164944075459, 12.912745813771336], [79.67164991830799, 12.91265541044728], [79.67183423568002, 12.912656347282324], [79.67183471315256, 12.912565943949284], [79.67192687181164, 12.91256641232189], [79.67192639436605, 12.912656815654929], [79.67211071175606, 12.912657752292343], [79.67211118913876, 12.91256734895032], [79.67220334780681, 12.912567817224112], [79.6722038251446, 12.912477413873106], [79.67257245971801, 12.912479286608946], [79.67257293693004, 12.912388883248957], [79.67275725416734, 12.912389819419246], [79.67275820843868, 12.912209012681302], [79.67266604988741, 12.912208544623105], [79.67266652704554, 12.912118141263116], [79.67248221000587, 12.912117205047911], [79.67248173277588, 12.9122076084079], [79.67238957423359, 12.912207140250889], [79.67238909696766, 12.912297543601895], [79.67211262125096, 12.912296138924251], [79.67211214388621, 12.912386542266274], [79.67192782669383, 12.912385605646827], [79.67192734925723, 12.912476008979867], [79.67137439756331, 12.912473198322022], [79.67137487519754, 12.91238279500695], [79.67119055806805, 12.912381857866478], [79.67119008036195, 12.912472261172569], [79.67109792176576, 12.912471792548434], [79.67109744403271, 12.912562195854525], [79.67091312678643, 12.912561258507441], [79.67091217115863, 12.912742065101655], [79.67054353645048, 12.912740189985282], [79.67054449233879, 12.912559383418017], [79.67036017513743, 12.912558445675675], [79.6703596971259, 12.912648848954815], [79.67045185575803, 12.912649317839461], [79.67045137778243, 12.912739721127585], [79.67035921911437, 12.912739252233957], [79.67035874110285, 12.912829655504114], [79.67026658240785, 12.912829186574552], [79.6702661043514, 12.912919589853693], [79.67017394562944, 12.9129191208882], [79.67017346754605, 12.913009524149373], [79.66998915003926, 12.91300858611957], [79.66998819371976, 12.91318939264192], [79.6698038760962, 12.913188454468386], [79.66980339786008, 12.913278857720577], [79.6696190801916, 12.913277919403315], [79.66961955849058, 12.913187516160106], [79.6692509233243, 12.91318563915727], [79.66925140174905, 12.913095235923045], [79.66915924300015, 12.913094766598224], [79.66915972145185, 12.913004363364], [79.66869892792293, 12.913002016254808], [79.66869844930055, 12.913092419471067], [79.66860629056961, 12.913091949939634], [79.66860437591838, 12.91345356277772], [79.66832789935727, 12.913452153967826], [79.66832742058217, 12.913542557166119], [79.66823526169851, 12.913542087499938], [79.66823478289648, 12.913632490689247], [79.66805046507527, 12.913631551240107], [79.66805094395816, 12.91354114805978], [79.6679587850835, 12.913540678285802], [79.66795974289421, 12.91335987192515], [79.6678675840914, 12.913359402133207], [79.6678680630282, 12.91326899895288], [79.66805238056193, 12.913269938500836], [79.66805285941788, 12.913179535311526], [79.6682371769067, 12.913180474724735], [79.66823669811365, 12.913270877914044], [79.66832885688949, 12.913271347571241], [79.6683293356556, 12.913180944381931], [79.66842149440451, 12.913181414003196]], [[79.66832789935727, 12.913452153967826], [79.6680514228231, 12.91345074487047], [79.66805190169701, 12.913360341681162], [79.66832837812338, 12.913361750769534], [79.66832789935727, 12.913452153967826]], [[79.66842149440451, 12.913181414003196], [79.66851365315341, 12.913181883597511], [79.66851269576492, 12.913362690003078], [79.66842053694414, 12.913362220399781], [79.66842149440451, 12.913181414003196]], [[79.66925140174905, 12.913095235923045], [79.6692518801738, 12.91300483268882], [79.66934403889576, 12.91300530198669], [79.66934356049795, 12.913095705220915], [79.66925140174905, 12.913095235923045]], [[79.67185094526958, 12.909492230302538], [79.67194310279677, 12.909492698558363], [79.67194262547694, 12.90958310190937], [79.67203478304008, 12.909583570129262], [79.67203430574719, 12.909673973489252], [79.67194214814813, 12.909673505269359], [79.67194167081932, 12.909763908620365], [79.67184951319332, 12.90976344036454], [79.67185094526958, 12.909492230302538]], [[79.67277776777178, 12.908502474050378], [79.67286992497557, 12.908502941937893], [79.67286944802406, 12.908593345342798], [79.67277729078432, 12.9085928774463], [79.67277776777178, 12.908502474050378]], [[79.66860772652659, 12.912820740317807], [79.66860820517593, 12.912730337101548], [79.66870036377212, 12.912730806615015], [79.66869988515872, 12.91282120982229], [79.66860772652659, 12.912820740317807]], [[79.66944050266794, 12.91219214205077], [79.66944145931085, 12.912011335564355], [79.66953361767347, 12.912011804754428], [79.66953266110244, 12.912192611249827], [79.66944050266794, 12.91219214205077]], [[79.66990559812994, 12.911380858318187], [79.6699065543686, 12.911200051786857], [79.6700908705369, 12.911200989744794], [79.67009039248944, 12.911291393023934], [79.67018255060952, 12.911291861953496], [79.67018016046204, 12.9117438783492], [79.67008800217128, 12.911743409392688], [79.67008895831111, 12.911562602843391], [79.66999680008324, 12.911562133868912], [79.66999775627697, 12.911381327328598], [79.66990559812994, 12.911380858318187]], [[79.67027231875281, 12.911744347269778], [79.67027279675536, 12.911653943990638], [79.67036495501917, 12.911654412875283], [79.67036447705254, 12.911744816154425], [79.67027231875281, 12.911744347269778]], [[79.67203048727842, 12.910397200342215], [79.67203096459824, 12.91030679699121], [79.67212312243984, 12.91030726520212], [79.67212264514697, 12.910397668562108], [79.67203048727842, 12.910397200342215]], [[79.67221337123571, 12.910669346826035], [79.67221432576757, 12.91048854011504], [79.67249079950797, 12.910489944487257], [79.67248936800664, 12.910761154594173], [79.67258152601892, 12.910761622670336], [79.67258295742144, 12.910490412545451], [79.67267511535287, 12.910490880576699], [79.6726741611534, 12.91067168733261], [79.67276631914771, 12.910672155336906], [79.67276488792486, 12.910943365470773], [79.672857046018, 12.910943833448119], [79.67285561485801, 12.91121504359097], [79.67294777305894, 12.911215511541368], [79.67294729603556, 12.911305914928306], [79.67276297957082, 12.911304978973611], [79.67276345666606, 12.911214575595656], [79.67267129847411, 12.911214107573393], [79.67267225270953, 12.911033300826466], [79.67248793646937, 12.911032364701091], [79.67248745928428, 12.91112276806108], [79.6725796174403, 12.911123236146224], [79.67257866312404, 12.91130404288417], [79.67267082134293, 12.911304510942365], [79.67266986708057, 12.911485317689293], [79.67257770878982, 12.911484849622115], [79.67257818595692, 12.911394446253142], [79.67230171121041, 12.911393041871943], [79.67230218847634, 12.911302638511954], [79.67239434668625, 12.911303106668964], [79.67239482391624, 12.911212703308975], [79.67230266573328, 12.911212235151964], [79.67230362023818, 12.91103142844097], [79.67239577834928, 12.911031896588996], [79.67239625557029, 12.910941493220024], [79.67230409748615, 12.91094102508098], [79.67230552921205, 12.910669814992028], [79.67221337123571, 12.910669346826035]], [[79.67258391167482, 12.910309605798524], [79.67258486591022, 12.910128799051597], [79.67267702369793, 12.910129267064876], [79.67267606953439, 12.910310073820787], [79.67258391167482, 12.910309605798524]], [[79.67285084409419, 12.912119077343576], [79.6728532295255, 12.911667060471764], [79.67322186301195, 12.91166893217454], [79.67322233995448, 12.911578528787603], [79.67340665665279, 12.911579464436869], [79.67340570289348, 12.911760271228713], [79.67331354447695, 12.911759803413062], [79.6733125906368, 12.911940610195924], [79.6732204321574, 12.91194014234434], [79.67321900128488, 12.912211352496172], [79.67303468413742, 12.912210416667243], [79.6730351611608, 12.912120013289286], [79.67285084409419, 12.912119077343576]], [[79.67369266649503, 12.909772799417413], [79.67369314319501, 12.90968239599454], [79.67387745853686, 12.909683331176684], [79.67387698189975, 12.909773734608539], [79.67369266649503, 12.909772799417413]], [[79.67350453683461, 12.910495091375694], [79.67341237887622, 12.910494623631909], [79.6734119020415, 12.910585027036813], [79.67331974405616, 12.910584559266079], [79.67332022092683, 12.910494155870156], [79.67313590502802, 12.910493220229872], [79.67313685887716, 12.910312413447013], [79.67322901675469, 12.910312881271645], [79.67322949364333, 12.910222477875724], [79.67332165149392, 12.910222945664424], [79.67332212834661, 12.91013254225952], [79.67359860182651, 12.910133945427994], [79.67359907857141, 12.910043542014106], [79.67369123636811, 12.91004400966806], [79.67369171307708, 12.909953606254172], [79.67387602862554, 12.909954541454281], [79.67387507533336, 12.910135348300024], [79.67396723317496, 12.910135815864146], [79.67396675655583, 12.910226219287017], [79.67405891443336, 12.91022668682419], [79.67405843784117, 12.91031709024706], [79.6739662799277, 12.910316622718872], [79.67396532667145, 12.910497429564614], [79.67387316869511, 12.910496961991509], [79.673872215358, 12.910677768837251], [79.67396437340622, 12.910678236410357], [79.67396294346796, 12.91094944667897], [79.67387078532991, 12.910948979087898], [79.6738703086389, 12.91103938251077], [79.6736859923089, 12.911038447220829], [79.6736864690538, 12.910948043806941], [79.67359431092474, 12.910947576126038], [79.67359526448642, 12.910766769307244], [79.67350310642922, 12.910766301590408], [79.67350358322803, 12.910675898185504], [79.67359574125827, 12.910676365893357], [79.67359621803013, 12.910585962488451], [79.67350406003581, 12.910585494780598], [79.67350453683461, 12.910495091375694]]], [[[79.67350453683461, 12.910495091375694], [79.67350501363342, 12.910404687961805], [79.67359717155587, 12.910405155660674], [79.673596694793, 12.910495559074564], [79.67350453683461, 12.910495091375694]]]]}, "id": "+5609+7274", "properties": {"count": 1765, "water": 1}}, {"type": "Feature", "geometry": {"geodesic": false, "type": "Polygon", "coordinates": [[[79.67571703509745, 12.840170341934124], [79.67571798173311, 12.839989533983454], [79.67581011401765, 12.839989998403473], [79.6758120071183, 12.83962838249315], [79.67590413927707, 12.839628846859268], [79.6759031928031, 12.839809654827906], [79.67617958951297, 12.839811047773551], [79.67618006264665, 12.83972064378474], [79.676364327072, 12.839721572247486], [79.67636480014278, 12.839631168240711], [79.67654906451422, 12.839632096568709], [79.67654953751315, 12.839541692561932], [79.67664166967192, 12.839542156676524], [79.67664025075598, 12.839813368705835], [79.67645598624979, 12.839812440431736], [79.67645551320595, 12.83990284442953], [79.67636338092142, 12.839902380243073], [79.67636290784164, 12.839992784240867], [79.67627077553016, 12.839992320018476], [79.67627030240546, 12.840082724007287], [79.67617817006702, 12.840082259748964], [79.67617769691539, 12.840172663737775], [79.67571703509745, 12.840170341934124]]]}, "id": "+5638+8023", "properties": {"count": 35, "water": 1}}, {"type": "Feature", "geometry": {"geodesic": false, "type": "Polygon", "coordinates": [[[79.67712375985772, 12.870644354668334], [79.67712518178303, 12.870373143222928], [79.67730946863031, 12.870374073194842], [79.67730994252756, 12.870283669376713], [79.67777065954697, 12.870285993722595], [79.67777018581141, 12.870376397567673], [79.67786232926201, 12.870376862347019], [79.67785996069206, 12.87082888155445], [79.67776781707977, 12.870828416757139], [79.67776734332625, 12.870918820602219], [79.67767519968702, 12.870918355768975], [79.6776747258886, 12.87100875960507], [79.6774904385562, 12.871007829839769], [79.67749091240854, 12.870917426012655], [79.67739876877827, 12.87091696108958], [79.6773997165548, 12.870736153435354], [79.67721542943802, 12.870735223499372], [79.67721590338019, 12.870644819681242], [79.67712375985772, 12.870644354668334]]]}, "id": "+5652+7683", "properties": {"count": 47, "water": 1}}, {"type": "Feature", "geometry": {"geodesic": false, "type": "MultiPolygon", "coordinates": [[[[79.67725391405531, 12.810524750964538], [79.6778066438923, 12.810527527486402], [79.67780711533715, 12.810437123237081], [79.67799135858021, 12.810438048483856], [79.67799182995319, 12.810347644216568], [79.67808395154778, 12.810348106786059], [79.67808300885571, 12.810528915320633], [79.67799088719825, 12.810528452742162], [79.67799041581628, 12.810618857000465], [79.67789829412288, 12.810618394386061], [79.67789782270499, 12.810708798644365], [79.67743721415717, 12.810706485078267], [79.67743674256859, 12.810796889318604], [79.67734462083925, 12.81079642650657], [79.67734509245479, 12.810706022266233], [79.67725297076139, 12.810705559427248], [79.67725391405531, 12.810524750964538]]], [[[79.67725391405531, 12.810524750964538], [79.6771617924248, 12.810524288098605], [79.6771622641032, 12.81043388386725], [79.67725438569778, 12.810434346733183], [79.67725391405531, 12.810524750964538]]]]}, "id": "+5652+8346", "properties": {"count": 21, "water": 1}}, {"type": "Feature", "geometry": {"geodesic": false, "type": "MultiPolygon", "coordinates": [[[[79.67831973168666, 12.871012012755058], [79.6783211523633, 12.870740801183887], [79.67822900876898, 12.870740336557255], [79.67822948235181, 12.87064993269421], [79.67832162591918, 12.87065039732084], [79.6783230465509, 12.870379185740687], [79.67823090309133, 12.870378721132022], [79.6782313766562, 12.870288317268976], [79.67813923323256, 12.870287852624378], [79.67814018042517, 12.870107044916253], [79.67804803706441, 12.870106580244705], [79.67804945792969, 12.8698353686915], [79.67823374445359, 12.869836297971712], [79.6782342180005, 12.869745894108668], [79.67832636123549, 12.86974635870835], [79.67832446715568, 12.870107974160533], [79.67841661052542, 12.870108438733265], [79.67841613702343, 12.870198842596311], [79.6785082804381, 12.870199307142093], [79.67850401909091, 12.871012941936455], [79.67831973168666, 12.871012012755058]]], [[[79.67831973168666, 12.871012012755058], [79.67831925812179, 12.87110241660912], [79.67841140185985, 12.871102881217785], [79.67841092832192, 12.87119328508083], [79.67850307208693, 12.871193749662547], [79.67850212507398, 12.871374557379655], [79.67840998123711, 12.871374092788956], [79.678410454784, 12.871283688934893], [79.67831831098307, 12.871283224317246], [79.67831878455692, 12.871192820463182], [79.67822664079192, 12.871192355818586], [79.67822758799352, 12.87101154811046], [79.67831973168666, 12.871012012755058]]]]}, "id": "+5658+7689", "properties": {"count": 41, "water": 1}}, {"type": "Feature", "geometry": {"geodesic": false, "type": "Polygon", "coordinates": [[[79.67821906265809, 12.872638817357823], [79.67822000997646, 12.872458009676647], [79.67868073112813, 12.872460332818786], [79.67868025763512, 12.87255073667285], [79.67877240191216, 12.87255120120965], [79.67877050803897, 12.872912816652848], [79.67886265245075, 12.872913281171682], [79.67886217901165, 12.873003685034728], [79.67877003456393, 12.873003220515894], [79.67876956108888, 12.873093624369957], [79.67849312767385, 12.873092230615827], [79.67849407483054, 12.872911422916685], [79.67840193043672, 12.872910958272088], [79.67840287763832, 12.872730150572945], [79.67831073331635, 12.8727296859014], [79.6783112069441, 12.87263928205632], [79.67821906265809, 12.872638817357823]]]}, "id": "+5662+7659", "properties": {"count": 31, "water": 1}}, {"type": "Feature", "geometry": {"geodesic": false, "type": "Polygon", "coordinates": [[[79.67900139946522, 12.811075965083132], [79.67900469666858, 12.81044313501449], [79.67918894000148, 12.810444059425834], [79.67918846905071, 12.810534463729054], [79.67928059076208, 12.810534925885317], [79.67928011983825, 12.810625330188538], [79.67937224157657, 12.810625792317852], [79.6793717706797, 12.810716196630056], [79.68066147592339, 12.810722663107713], [79.68066100548465, 12.810813067464832], [79.68056888362057, 12.810812605775691], [79.6805684131459, 12.810903010123829], [79.68047629126387, 12.810902548407737], [79.68047582075327, 12.810992952755875], [79.68056794267125, 12.810993414480947], [79.68056700170395, 12.811174223177218], [79.68047487971411, 12.811173761443163], [79.68047440919453, 12.811264165791298], [79.68038228717774, 12.811263704030294], [79.68038322828876, 12.811082895343004], [79.67992261859109, 12.81108058606187], [79.67992214787388, 12.811170990383056], [79.67983002591099, 12.811170528433404], [79.67982955515784, 12.81126093275459], [79.679737433168, 12.811260470760024], [79.67973696237893, 12.81135087508121], [79.67955271834535, 12.811349950993261], [79.67955224749339, 12.811440355305464], [79.67918375932742, 12.811438506725324], [79.67918470130081, 12.81125769813685], [79.67909257933793, 12.811257235917703], [79.67909352136523, 12.811076427320245], [79.67900139946522, 12.811075965083132]]]}, "id": "+5664+8345", "properties": {"count": 107, "water": 1}}, {"type": "Feature", "geometry": {"geodesic": false, "type": "Polygon", "coordinates": [[[79.67965054116975, 12.774826096724556], [79.67965194944964, 12.774554883024377], [79.67992827548007, 12.774556265091425], [79.67992874480488, 12.77446586051871], [79.68002085345474, 12.774466321138856], [79.68002038416586, 12.774556725720554], [79.68011249285165, 12.77455718631375], [79.6801120235897, 12.774647590895448], [79.68020413232041, 12.774648051461693], [79.68020319385043, 12.774828860634072], [79.68011108506583, 12.774828400058844], [79.6801106157949, 12.77491880464054], [79.67983428934227, 12.774917422726206], [79.67983381997254, 12.775007827298921], [79.67974171113403, 12.775007366588945], [79.67974264994537, 12.7748265574525], [79.67965054116975, 12.774826096724556]]]}, "id": "+5671+8743", "properties": {"count": 23, "water": 1}}, {"type": "Feature", "geometry": {"geodesic": false, "type": "Polygon", "coordinates": [[[79.68120950438242, 12.811629476247807], [79.68121091518657, 12.811358263140518], [79.68139515935489, 12.811359186060658], [79.68139468914973, 12.811449590444726], [79.68148681127431, 12.811450051864371], [79.68148634110509, 12.811540456239458], [79.68176270758664, 12.811541840309749], [79.68176223750724, 12.8116322447028], [79.68185435971267, 12.811632705996681], [79.68185388966022, 12.811723110389734], [79.68194601190159, 12.811723571656666], [79.68194554188507, 12.8118139760587], [79.68176129734843, 12.81181305347992], [79.68176082726004, 12.811903457872972], [79.68130021581065, 12.811901150855592], [79.68130162656091, 12.811629937739319], [79.68120950438242, 12.811629476247807]]]}, "id": "+5688+8335", "properties": {"count": 29, "water": 1}}, {"type": "Feature", "geometry": {"geodesic": false, "type": "Polygon", "coordinates": [[[79.68194857519934, 12.775741651828822], [79.68194951249252, 12.775560842539662], [79.68213373074445, 12.775561762423495], [79.68213419932367, 12.775471357769932], [79.68231841752171, 12.775472277510035], [79.68231888602907, 12.775381872856473], [79.68241099510112, 12.775382332677117], [79.68241052662073, 12.775472737339664], [79.68250263572872, 12.775473197124375], [79.68250169883979, 12.775654006458451], [79.68240958965991, 12.775653546655773], [79.68240818420074, 12.775924760634428], [79.68222396566135, 12.775923840921275], [79.6822244342226, 12.775833436267712], [79.68213232499782, 12.77583297636622], [79.68213279357704, 12.775742571721638], [79.68194857519934, 12.775741651828822]]]}, "id": "+5697+8733", "properties": {"count": 21, "water": 1}}, {"type": "Feature", "geometry": {"geodesic": false, "type": "Polygon", "coordinates": [[[79.6817372068861, 12.83414338015754], [79.68173767782788, 12.834052975917201], [79.68182980818104, 12.834053438019566], [79.68183074997478, 12.83387262953889], [79.68192288027404, 12.83387309159634], [79.68192335113498, 12.833782687356], [79.68219974193394, 12.83378407333072], [79.68219927116283, 12.833874477580043], [79.68229140147108, 12.833874939511727], [79.6822909307359, 12.833965343770032], [79.68238306108007, 12.833965805665784], [79.68238211966361, 12.834146614182394], [79.68247425007966, 12.83414707606018], [79.68247283802684, 12.834418288844077], [79.682380707512, 12.834417826957306], [79.68237929533342, 12.834689039723237], [79.68219503412405, 12.834688115832916], [79.6821955049221, 12.834597711583596], [79.68210337436234, 12.834597249598012], [79.68210384518734, 12.83450684534869], [79.68201171465452, 12.834506383336157], [79.68201218550648, 12.834415979095818], [79.68192005501858, 12.834415517047352], [79.68192052590646, 12.834325112807013], [79.6818283954455, 12.834324650731597], [79.68182933726621, 12.83414384225092], [79.6817372068861, 12.83414338015754]]]}, "id": "+5698+8087", "properties": {"count": 50, "water": 1}}, {"type": "Feature", "geometry": {"geodesic": false, "type": "MultiPolygon", "coordinates": [[[[79.68466654959757, 12.908472159844159], [79.6846660768861, 12.908562563671273], [79.68475823455702, 12.90856302737264], [79.68475728918798, 12.90874383503585], [79.68466513145418, 12.908743371334483], [79.68466560416564, 12.908652967507368], [79.68448128877888, 12.908652039996838], [79.68448223433657, 12.908471232351594], [79.68466654959757, 12.908472159844159]]], [[[79.68495767169819, 12.905671031490284], [79.68504982832707, 12.905671494985038], [79.68504935585814, 12.905761898848084], [79.68523366917879, 12.905762825756744], [79.68523414157585, 12.905672421884715], [79.68532629820473, 12.905672885280655], [79.68532724293595, 12.905492077536596], [79.68523508636996, 12.905491614140656], [79.6852346139729, 12.905582018012685], [79.68505030078701, 12.905581091121993], [79.68505077324696, 12.905490687258947], [79.68514292980396, 12.905491150717769], [79.68514387465198, 12.905310342982693], [79.68551250065545, 12.905312196458652], [79.68551297293573, 12.905221792577642], [79.6856051294119, 12.905222255856799], [79.68560465716756, 12.905312659746794], [79.68588112671283, 12.90531404941359], [79.68588065455832, 12.905404453303586], [79.68606496768132, 12.90540537960139], [79.68606449558969, 12.905495783500369], [79.68615665218265, 12.905496246599863], [79.68615476391493, 12.905857862213743], [79.68606260717826, 12.905857399096282], [79.68606213506865, 12.90594780299526], [79.68615429183228, 12.905948266112722], [79.68615334766699, 12.906129073919661], [79.68596903401397, 12.906128147639823], [79.68596856185945, 12.906218551529818], [79.685876405006, 12.906218088340491], [79.68587546061612, 12.906398896120482], [79.68578330369978, 12.90639843288624], [79.68578235922907, 12.906579240657246], [79.68559804527062, 12.906578314080964], [79.68559710066515, 12.906759121834005], [79.68578141474936, 12.90676004841927], [79.68577952574502, 12.907121663943318], [79.68568736856817, 12.907121200655178], [79.68568500706797, 12.907573220033289], [79.68577716440652, 12.907573683339397], [79.68577574756569, 12.907844894964466], [79.68568359011934, 12.907844431649375], [79.6856812284754, 12.908296450991553], [79.68558907086737, 12.908295987631547], [79.68558812611816, 12.908476795357638], [79.685772441469, 12.90847772206867], [79.68577196915278, 12.908568125940697], [79.68558765373908, 12.908567199220684], [79.685587181351, 12.90865760308373], [79.6854950236172, 12.908657139669824], [79.6854954960412, 12.90856673581576], [79.68540333834332, 12.908566272374907], [79.68540428322727, 12.908385464657798], [79.68531212560127, 12.908385001189993], [79.68531118064546, 12.90856580889812], [79.68521902295656, 12.908565345394381], [79.6852180779199, 12.908746153093524], [79.68540239343243, 12.908747080083032], [79.6854009760526, 12.90901829164522], [79.68549313392116, 12.909018755104041], [79.6854921890462, 12.909199562812166], [79.68540003111475, 12.909199099344361], [79.68539955863685, 12.909289503198424], [79.68530740067847, 12.90928903970367], [79.68530692816462, 12.90937944354875], [79.68521477017929, 12.90937898000908], [79.68521429762951, 12.909469383854159], [79.68512213960825, 12.909468920278558], [79.68512450248288, 12.90901690108011], [79.68503234463229, 12.90901643748654], [79.6850318720376, 12.90910684133162], [79.68493971416007, 12.909106377702118], [79.68493829623227, 12.909377589210408], [79.68503045420863, 12.909378052839909], [79.68502950898332, 12.909558860512101], [79.68512166702254, 12.909559324123636], [79.68512119443685, 12.909649727959733], [79.68502903635269, 12.909649264348198], [79.68502714583022, 12.9100108796836], [79.6849349876203, 12.910010416027148], [79.68493640561996, 12.909739204536827], [79.68484424751784, 12.90973874086241], [79.68484472020236, 12.909648337026313], [79.68475256213618, 12.909647873324946], [79.68475303485663, 12.909557469497834], [79.68456871879613, 12.909556541987303], [79.68456919157947, 12.909466138169172], [79.68429271760549, 12.909464746678797], [79.68429319048764, 12.90937434286965], [79.68410887459783, 12.90937341504471], [79.68410934753386, 12.909283011244545], [79.68401718962939, 12.909282547291651], [79.68401766260136, 12.909192143482505], [79.6837411889957, 12.909190751435174], [79.68374166205751, 12.909100347643992], [79.68318871514263, 12.909097562695932], [79.68318918840207, 12.909007158922718], [79.68364997733161, 12.909009479783137], [79.68365045042037, 12.908919075991957], [79.68374260818113, 12.908919540061632], [79.68374308124295, 12.908829136270452], [79.68383523897676, 12.908829600304195], [79.68383571199365, 12.908739196504031], [79.68392786970051, 12.908739660501842], [79.68392692372062, 12.908920468102169], [79.68401908149035, 12.908920932082014], [79.68401860852735, 12.909011335882177], [79.68411076634202, 12.90901179982609], [79.68411029340596, 12.909102203635236], [79.68420245125655, 12.909102667552197], [79.68420197835644, 12.909193071361344], [79.68438629412049, 12.909193999096454], [79.68438582128326, 12.909284402914585], [79.68447797920571, 12.909284866732731], [79.68447750639542, 12.909375270550862], [79.68484613825592, 12.909377125544975], [79.68484802894908, 12.909015510218556], [79.68494018679068, 12.909015973866023], [79.6849406594213, 12.908925570029925], [79.68484850160665, 12.908925106382458], [79.68484897427321, 12.908834702546363], [79.68503328982166, 12.908835629805365], [79.68503470757878, 12.90856441827911], [79.68485039222794, 12.908563491047056], [79.68485133751614, 12.908382683374864], [79.6847591799081, 12.90838221970943], [79.68475870723256, 12.908472623545526], [79.68466654959757, 12.908472159844159], [79.68466702230005, 12.908381756017047], [79.68457486470099, 12.90838129228873], [79.68457533743941, 12.908290888461618], [79.68448317987628, 12.908290424706353], [79.68448365264166, 12.908200020879239], [79.68429933759624, 12.908199093278876], [79.68430075607202, 12.907927881824486], [79.68420859865262, 12.907927417979389], [79.68420954435403, 12.90774661034313], [79.68411738700651, 12.907746146480067], [79.68411785987966, 12.907655742670919], [79.68374923065124, 12.907653886895273], [79.68374970365916, 12.907563483095108], [79.68365754639247, 12.907563019070349], [79.68365660030479, 12.907743826670677], [79.68393307231145, 12.907745218655124], [79.68393165345839, 12.908016430073582], [79.68383949602102, 12.908015966102722], [79.68383902303107, 12.908106369902885], [79.68374686556676, 12.908105905896091], [79.68374733858366, 12.908015502095928], [79.68365518115527, 12.908015038062185], [79.68365612726093, 12.90783423047084], [79.68356396989545, 12.907833766401165], [79.68356255063814, 12.908104977783688], [79.68365470810245, 12.908105441853365], [79.68365423504063, 12.908195845653529], [79.6837463925319, 12.908196309696255], [79.68374497342731, 12.908467521087763], [79.68383713103536, 12.908467985112523], [79.68383665801846, 12.908558388912686], [79.68374450039245, 12.908557924887926], [79.68374355429577, 12.908738732470288], [79.68328276585132, 12.908736411825465], [79.68328229262781, 12.908826815607663], [79.68319013492096, 12.90882635137629], [79.68319060817142, 12.908735947603075], [79.68300629282956, 12.908735019050498], [79.68301007923748, 12.908011788891734], [79.68310223664788, 12.908012253150057], [79.68310460287323, 12.907560234266018], [79.68319676011296, 12.907560698479426], [79.68319959926536, 12.907018275768275], [79.68329175631645, 12.907018739936765], [79.68329270260178, 12.906837932354405], [79.68338485958998, 12.906838396477978], [79.68338580580343, 12.906657588886635], [79.68347796272876, 12.906658052974276], [79.68347843579056, 12.906567649174113], [79.68338627890118, 12.906567185095454], [79.68338722508769, 12.906386377495126], [79.68347938191418, 12.906386841573784], [79.68348363928185, 12.90557320733638], [79.68366795234198, 12.905574135332001], [79.68366842529599, 12.90548373151387], [79.6838527383112, 12.905484659365762], [79.68385321120233, 12.90539425554763], [79.6839453676785, 12.905394719419677], [79.68394584052471, 12.905304315601548], [79.68413015343214, 12.905305243246826], [79.68413062621546, 12.905214839410728], [79.68422278263773, 12.905215303183962], [79.68422372811456, 12.905034495511769], [79.68413157176417, 12.905034031747519], [79.68413299006026, 12.904762820239231], [79.68422514632084, 12.904763283994496], [79.68422609176174, 12.90458247631332], [79.68431824795942, 12.904582940032654], [79.68431872064394, 12.904492536187574], [79.68441087681468, 12.904492999861992], [79.68441182210287, 12.904312192171831], [79.68459613431858, 12.904313119412869], [79.68459660688633, 12.904222715558806], [79.68468876296723, 12.904223179134409], [79.68468829042645, 12.90431358298847], [79.68478044654329, 12.904314046537124], [79.68477997402944, 12.90440445040017], [79.68487213017323, 12.90440491391289], [79.68487165769533, 12.904495317775936], [79.68477950150663, 12.904494854254231], [79.68477902899278, 12.904585258117278], [79.68468687277714, 12.904584794568624], [79.68468592765961, 12.90476560227675], [79.68487024022568, 12.904766529365073], [79.68487071271257, 12.904676125502027], [79.68496286897313, 12.90467658899678], [79.6849633414241, 12.904586185124751], [79.68505549764873, 12.904586648583573], [79.68505360793473, 12.904948264062705], [79.68496145157535, 12.9049478005949], [79.68496097910642, 12.905038204457947], [79.68505313549275, 12.905038667934734], [79.6850521906088, 12.905219475660827], [79.6849600341506, 12.90521901218404], [79.68495908918581, 12.90539981991013], [79.68486693266473, 12.905399356388427], [79.6848659876101, 12.905580164105535], [79.68495814420305, 12.905580627636223], [79.68495767169819, 12.905671031490284]], [[79.68495767169819, 12.905671031490284], [79.68495672669746, 12.905851839207394], [79.68486457001468, 12.905851375676706], [79.68486362492412, 12.90603218338483], [79.68523225195167, 12.906034037354864], [79.68523036226463, 12.906395652825013], [79.68513820537524, 12.906395189366192], [79.68513726044637, 12.906575997083301], [79.68522941739865, 12.906576460551106], [79.68522800008171, 12.906847672140243], [79.68532015714177, 12.906848135581098], [79.68531968472675, 12.906938539444143], [79.68550399892774, 12.906939466236022], [79.6855035265756, 12.907029870108051], [79.68559568371651, 12.907030333459074], [79.68559521139132, 12.907120737331104], [79.68550305422346, 12.90712027398008], [79.6855021095012, 12.907301081715154], [79.68540995226147, 12.907300618319216], [79.68540947986442, 12.907391022191245], [79.68522516534003, 12.907390095291568], [79.6852246928711, 12.907480499154614], [79.68531685016474, 12.907480962622419], [79.68531637772277, 12.90757136647648], [79.68540853505233, 12.907571829917336], [79.68540806264629, 12.907662233780382], [79.68531590528079, 12.907661770339526], [79.68531543282984, 12.90775217419359], [79.68522327543738, 12.907751710725785], [79.68522280295049, 12.907842114579847], [79.6851306455311, 12.907841651067127], [79.68513017300828, 12.907932054912207], [79.68503801556193, 12.907931591372536], [79.68503754300318, 12.908021995217617], [79.68485322803862, 12.908021068012513], [79.68485228278637, 12.908201875693688], [79.68457581017783, 12.908200484634504], [79.68457628290727, 12.908110080807392], [79.68439196791576, 12.908109153278893], [79.68439244070808, 12.90801874945178], [79.684668913101, 12.908020140690628], [79.68466938578553, 12.90792973685453], [79.68476154322289, 12.907930200528948], [79.68476390645685, 12.907478181339483], [79.68485606373251, 12.907478644968984], [79.68485795411127, 12.907117029588667], [79.6845814826975, 12.907115638646264], [79.68458195538201, 12.907025234810169], [79.68439764119, 12.90702430736252], [79.68439716843362, 12.907114711189632], [79.68430501131067, 12.9071142474164], [79.68430406572604, 12.907295055061644], [79.68421190854019, 12.907294591243497], [79.68421143571194, 12.90738499507061], [79.68411927849019, 12.907384531216529], [79.6841221156124, 12.906842108298767], [79.68467505778416, 12.90684489080341], [79.68467600306337, 12.906664083122234], [79.6847681600426, 12.906664546751735], [79.68476957783564, 12.906393335207513], [79.68467742096422, 12.906392871586995], [79.68467789358586, 12.906302467741916], [79.68458573675036, 12.906302004094448], [79.68458620939896, 12.90621160024937], [79.68467836620749, 12.906212063896836], [79.68467931144178, 12.906031256206678], [79.68449499796843, 12.906030328893776], [79.68449547064397, 12.905939925048695], [79.68440331394322, 12.905939461356313], [79.68440378664572, 12.905849057511233], [79.68431162998988, 12.905848593782917], [79.68431257545774, 12.905667786110724], [79.68495767169819, 12.905671031490284]], [[79.68403137721674, 12.906570432981313], [79.68403232293612, 12.90638962533607], [79.68412447978957, 12.90639008919015], [79.68412495260884, 12.906299685363036], [79.68421710942637, 12.906300149172202], [79.68421663664303, 12.906390552999314], [79.68430879349648, 12.906391016781528], [79.6843083207401, 12.906481420617625], [79.68421616384174, 12.906480956826428], [79.68421569104942, 12.90657136065354], [79.68403137721674, 12.906570432981313]], [[79.68514056763003, 12.905943170050964], [79.685141040072, 12.905852766187918], [79.68523319677274, 12.90585322961979], [79.68523272435772, 12.905943633491818], [79.68514056763003, 12.905943170050964]], [[79.68531259807018, 12.908294597335932], [79.68531354300804, 12.908113789627805], [79.68540570053523, 12.908114253086627], [79.68540475566925, 12.908295060803736], [79.68531259807018, 12.908294597335932]]], [[[79.68606496768132, 12.90540537960139], [79.68606543977296, 12.905314975693429], [79.68597328324289, 12.905314512566983], [79.68597375536147, 12.905224108668005], [79.68569728589705, 12.905222719109009], [79.68569775811444, 12.905132315219014], [79.685513445216, 12.905131388687646], [79.68551486203887, 12.904860177035626], [79.68523839302361, 12.904858787027472], [79.68523933775484, 12.90467797927443], [79.6853314940244, 12.904678442634436], [79.68533196634958, 12.904588038753426], [79.68551627882582, 12.904588965374623], [79.68551675107913, 12.904498561484628], [79.68560890729479, 12.904499024745821], [79.68560843506842, 12.904589428635816], [79.68579274757158, 12.904590355059385], [79.6857932197261, 12.904499951160407], [79.68597753218435, 12.904500877449228], [79.685978004267, 12.904410473541267], [79.68616231666238, 12.904411399695341], [79.68616042856534, 12.904773015336172], [79.68625258489779, 12.904773478381768], [79.68625164089418, 12.904954286206674], [79.68615948448988, 12.904953823161078], [79.68615712424732, 12.905405842691902], [79.68606496768132, 12.90540537960139]], [[79.68569775811444, 12.905132315219014], [79.68569823032286, 12.905041911329018], [79.6858825431584, 12.905042837725638], [79.68588207101287, 12.905133241615633], [79.68569775811444, 12.905132315219014]], [[79.68551533430119, 12.904769773145631], [79.6855158065635, 12.904679369264619], [79.6858844317046, 12.904681222120741], [79.68588395957703, 12.904771626028703], [79.68579180325358, 12.904771162857342], [79.68579133108109, 12.904861566747337], [79.6856070183803, 12.9048606403058], [79.68560749061565, 12.904770236415807], [79.68551533430119, 12.904769773145631]]]]}, "id": "+5729+7308", "properties": {"count": 960, "water": 1}}, {"type": "Feature", "geometry": {"geodesic": false, "type": "MultiPolygon", "coordinates": [[[[79.68567175835483, 12.786066624704725], [79.68567222607167, 12.785976219997263], [79.6857643391053, 12.785976679018408], [79.6857638714244, 12.786067083734853], [79.68567175835483, 12.786066624704725]]], [[[79.68567175835483, 12.786066624704725], [79.68567082291219, 12.78624743411965], [79.68557870977973, 12.78624697505359], [79.68557824201798, 12.78633737975207], [79.68548612885857, 12.786336920650077], [79.68548566106988, 12.786427325348555], [79.68520932151083, 12.786425947844949], [79.68520978940732, 12.786335543155454], [79.6851176762569, 12.786335083927698], [79.68511861210379, 12.786154274548705], [79.68521072518234, 12.786154733776462], [79.6852116609484, 12.78597392439747], [79.68530377396407, 12.78597438358031], [79.68530424180666, 12.785883978881833], [79.68539635479539, 12.785884438037723], [79.68539588697973, 12.785974842736202], [79.6854880000044, 12.78597530185616], [79.68548753222468, 12.78606570655464], [79.68567175835483, 12.786066624704725]]]]}, "id": "+5730+8617", "properties": {"count": 24, "water": 1}}, {"type": "Feature", "geometry": {"geodesic": false, "type": "Polygon", "coordinates": [[[79.69312217309434, 12.84179442293478], [79.69312357456499, 12.84152320914477], [79.69330784155952, 12.841524125848569], [79.69330830863855, 12.841433721248904], [79.69386110951432, 12.84143647056978], [79.69386064262392, 12.841526875196394], [79.69395277614814, 12.841527333310239], [79.69395137556681, 12.84179854719008], [79.69404350919882, 12.841799005276977], [79.69404304236232, 12.84188940990359], [79.69441157703409, 12.84189124195473], [79.69441111032337, 12.841981646590328], [79.6943189766195, 12.841981188629196], [79.69431850987284, 12.842071593264793], [79.69441064361264, 12.842072051234908], [79.69440877673382, 12.84243366979526], [79.69431664286824, 12.84243321180718], [79.69431617610363, 12.842523616442778], [79.69422404220212, 12.842523158427747], [79.69422357540157, 12.84261356305436], [79.69403930755365, 12.842612646916502], [79.69403977441709, 12.842522242289887], [79.69367123887396, 12.842520409636876], [79.69367170587215, 12.842430005028229], [79.69357957202455, 12.842429546788619], [79.69358003904968, 12.842339142179972], [79.693487905238, 12.84233868390443], [79.69348930638527, 12.84206747008747], [79.69321290528264, 12.84206609510813], [79.69321430668143, 12.84179488131812], [79.69312217309434, 12.84179442293478]]]}, "id": "+5825+8003", "properties": {"count": 115, "water": 1}}, {"type": "Feature", "geometry": {"geodesic": false, "type": "MultiPolygon", "coordinates": [[[[79.68507155261796, 12.919142127453028], [79.68507107964598, 12.919232531226243], [79.68488675647082, 12.919231603257572], [79.68488722950569, 12.91914119949334], [79.68507155261796, 12.919142127453028]]], [[[79.68525587573922, 12.919143055286954], [79.68534803730883, 12.919143519150015], [79.68534756443567, 12.919233922932214], [79.68543972604121, 12.919234386768327], [79.68543925320398, 12.919324790550524], [79.68553141484546, 12.91932525435969], [79.68553094203517, 12.919415658141887], [79.68571526539898, 12.919416585670383], [79.6857143198952, 12.919597393252745], [79.68552999640562, 12.919596465715264], [79.68552952357737, 12.919686869497461], [79.68506871474116, 12.919684550065364], [79.68506824175122, 12.919774953838578], [79.684976079966, 12.919774489849752], [79.68497702600878, 12.91959368232129], [79.68506918773112, 12.919594146301133], [79.685070606674, 12.919322934999457], [79.68516276829752, 12.919323398934386], [79.68516324124255, 12.91923299516117], [79.6852554028391, 12.919233459060168], [79.68525587573922, 12.919143055286954]]], [[[79.69319165406255, 12.917284343460969], [79.69337597642921, 12.917285265428895], [79.6933755065115, 12.917375669516518], [79.69319118408195, 12.91737474753961], [79.69319165406255, 12.917284343460969]]], [[[79.69448472794362, 12.916748369755243], [79.69448425844811, 12.9168387738788], [79.69439209738157, 12.916838313321536], [79.694392566913, 12.91674790919798], [79.69448472794362, 12.916748369755243]]], [[[79.69357627147944, 12.914212447761814], [79.6935767412085, 12.91412204364724], [79.69366890124199, 12.914122504402131], [79.6936698406103, 12.913941696164], [79.69394632054009, 12.913943078213082], [79.69394585095476, 12.914033482345623], [79.69403801097927, 12.914033942965768], [79.69403754142088, 12.914124347098308], [79.69412970147235, 12.914124807691504], [79.69413064050826, 12.91394399941744], [79.69403848052868, 12.913943538833227], [79.69403895006909, 12.913853134700688], [79.69422326998335, 12.913854055833179], [79.6942223310193, 12.914034864107244], [79.69431449105281, 12.914035324637556], [79.69431402159323, 12.91412572877908], [79.6942218615328, 12.914125268248766], [79.69421951404631, 12.914577288929435], [79.69412735382417, 12.914576828354205], [79.69412688428375, 12.914667232486746], [79.69421904454182, 12.914667693061975], [79.69421857502836, 12.914758097194515], [79.69449505591936, 12.914759478749524], [79.69449834173209, 12.914126649731909], [79.69440618166266, 12.91412618927346], [79.69440665107732, 12.914035785122953], [79.69459097115329, 12.9140367060129], [79.69459050180151, 12.914127110163408], [79.69505130221152, 12.91412941182683], [79.69505083302145, 12.914219815995303], [79.69560379383327, 12.914222576931396], [79.69560332483184, 12.914312981117835], [79.69551116465462, 12.91431252103668], [79.69551069562624, 12.914402925223119], [79.69560285583042, 12.914403385304274], [79.695602386829, 12.914493789490713], [79.69569454707808, 12.91449424954492], [79.69569267115322, 12.914855866290676], [79.69578483153705, 12.914856326326916], [79.69578436258054, 12.914946730513355], [79.69587652300031, 12.914947190522646], [79.69587605407973, 12.915037594718068], [79.69596821453544, 12.915038054691427], [79.69596446326064, 12.915761288227857], [79.6955958203958, 12.915759448020015], [79.69559535134046, 12.915849852197471], [79.69550319059731, 12.915849392062416], [79.69550272150605, 12.915939796230889], [79.69541056073594, 12.915939336059902], [79.69540962246359, 12.916120144396848], [79.6953174616306, 12.916119684189928], [79.69531699245849, 12.916210088349416], [79.69550131419633, 12.916211008745291], [79.69550084508711, 12.916301412913764], [79.69568516690582, 12.916302333192856], [79.69568188350955, 12.9169351624081], [79.69577404464798, 12.916935622516206], [79.69577310657326, 12.917116430862135], [79.69558878415268, 12.917115510592025], [79.69558831504345, 12.917205914760498], [79.69540399256898, 12.917204994355641], [79.6954030542068, 12.917385802674621], [79.69531089290669, 12.917385342422785], [79.69531042368966, 12.917475746573292], [79.6952182623626, 12.91747528627654], [79.69521920086851, 12.917294477975526], [79.69512703961331, 12.917294017660808], [79.69512797817312, 12.917113209359796], [79.69503581698079, 12.917112749018127], [79.69503534767394, 12.917203153159651], [79.69494318645467, 12.917202692782052], [79.69494224776011, 12.917383501065098], [79.69485008647796, 12.917383040642582], [79.69484961709924, 12.917473444784106], [79.69448097188081, 12.91747160277065], [79.69448144140325, 12.91738119863811], [79.69457360266743, 12.917381659195373], [79.6945745416315, 12.917200850930291], [79.69439021923786, 12.917199929815766], [79.69439162785012, 12.916928717445094], [79.69448378895262, 12.91692917801134], [79.69448331944814, 12.917019582134898], [79.69457548057757, 12.917020042674194], [79.69457688897424, 12.916748830276573], [79.69448472794362, 12.916748369755243], [79.69448519743014, 12.916657965622703], [79.6945773584338, 12.916658426144032], [79.69457923622717, 12.916296809604889], [79.69467139709609, 12.916297270081303], [79.69467092768144, 12.916387674222827], [79.69476308859528, 12.91638813467229], [79.69476261920758, 12.916478538813815], [79.69494694110713, 12.91647945961393], [79.69494928764139, 12.91602743887038], [79.6948571268623, 12.916026978501764], [79.69485853483677, 12.915755766059227], [79.69476637415649, 12.91575530566366], [79.69476684350825, 12.915664901513153], [79.69458252222854, 12.915663980641174], [79.69458299164319, 12.91557357649965], [79.69449083104377, 12.915573116014253], [79.69449176992697, 12.915392307740188], [79.69430744887183, 12.915391386688544], [79.69430791837631, 12.915300982556003], [79.69421575788468, 12.915300521989758], [79.69421669694755, 12.915119713724676], [79.69412453651879, 12.915119253131481], [79.69412500607717, 12.91502884899894], [79.69403284569334, 12.915028388378795], [79.6940314369104, 12.915299600749467], [79.69393927642774, 12.915299140084407], [79.69393833714928, 12.915479948322538], [79.69384617661272, 12.915479487612561], [79.69384523725341, 12.91566029584171], [79.69375307664501, 12.9156598350958], [79.69375213720485, 12.915840643315965], [79.69365997654253, 12.91584018252514], [79.69365950678652, 12.915930586630731], [79.69356734608827, 12.915930125812956], [79.6935664064954, 12.916110934015155], [79.69347424573428, 12.916110473152465], [79.69347377589742, 12.916200877249073], [79.69338161510933, 12.916200416359432], [79.69338067536376, 12.916381224543665], [79.69328851451279, 12.91638076360911], [79.69328757468635, 12.916561571784358], [79.69319541377251, 12.916561110804889], [79.69319494381887, 12.916651514892513], [79.6931027828691, 12.916651053877109], [79.69310231288851, 12.91674145795575], [79.69301015191178, 12.916740996913397], [79.69300968188628, 12.916831400992038], [79.69310184288994, 12.91683186203439], [79.69309996289573, 12.917193478348958], [79.69319212403414, 12.917193939382328], [79.69319165406255, 12.917284343460969], [79.69282300937411, 12.91728249912986], [79.69282347948047, 12.9171920950602], [79.69273131835102, 12.917191633901066], [79.69272990791518, 12.917462846083092], [79.69254558546766, 12.917461923648043], [79.69254464503037, 12.91764273176041], [79.69263680631252, 12.917643193000393], [79.69263539572395, 12.917914405164451], [79.6927275571229, 12.917914866386468], [79.69272614659722, 12.918186078550526], [79.69263398510846, 12.91818561732851], [79.69263304468015, 12.918366425431895], [79.69281736779243, 12.918367347866944], [79.69281689764115, 12.918457751927619], [79.69290905923772, 12.918458213095736], [79.6929085891134, 12.91854861715641], [79.69263210423388, 12.918547233526295], [79.69263257445701, 12.918456829474604], [79.69254041286943, 12.918456368207671], [79.6925394723513, 12.918637176302072], [79.69244731070084, 12.918636714990225], [79.69244684039685, 12.918727119032933], [79.69263116376963, 12.918728041629679], [79.69263022329642, 12.91890884972408], [79.69253806154714, 12.918908388430198], [79.69253853181519, 12.91881798438749], [79.69244637010185, 12.918817523075642], [79.69244589979787, 12.918907927109368], [79.6923537380486, 12.918907465761587], [79.69235326770868, 12.918997869795312], [79.6921689441652, 12.91899694698297], [79.69216847375343, 12.919087351016696], [79.69198415015606, 12.919086428069606], [79.69198462063072, 12.918996024044864], [79.69189245887246, 12.918995562526405], [79.69189198836187, 12.919085966542163], [79.69170766478247, 12.919085043397445], [79.6917071942, 12.919175447413204], [79.69161503238784, 12.919174985786945], [79.69161456176946, 12.919265389793722], [79.69170672361754, 12.919265851428964], [79.69170342942354, 12.91989867948538], [79.69179559150518, 12.919899141102656], [79.6917951209317, 12.919989545118415], [79.6918872830493, 12.91999000670874], [79.69188681250276, 12.920080410715517], [79.69207113681878, 12.920081333806337], [79.69206925484826, 12.920442949878357], [79.69216141714551, 12.920443411378852], [79.69216094667085, 12.920533815403592], [79.69197662201347, 12.920532892348707], [79.69197615147593, 12.920623296355483], [79.69188398912478, 12.920622834783122], [79.69188304796883, 12.920803642796676], [79.69206737281486, 12.92080456593241], [79.6920664317757, 12.92098537396393], [79.69188210679494, 12.920984450810227], [79.6918806950206, 12.921255662821574], [79.69197285760531, 12.921256124420882], [79.69197191646732, 12.921436932434435], [79.69206407912391, 12.921437394015777], [79.69206313803983, 12.921618202029329], [79.69215530076826, 12.921618663583722], [79.69215341868097, 12.921980279628794], [79.69196909296357, 12.921979356466109], [79.6919681517717, 12.922160164461696], [79.69178382593753, 12.922159241164263], [79.69178288459295, 12.922340049150867], [79.691598558642, 12.92233912570072], [79.69159808789783, 12.92242952968953], [79.69113727290816, 12.92242722048026], [79.69113774381402, 12.922336816509416], [79.69122990677602, 12.922337278414153], [79.69123037764595, 12.92224687444331], [79.69141470350706, 12.922247798144983], [79.69141517430512, 12.922157394156173], [79.69150733720424, 12.922157855962094], [79.69150827873747, 12.921977047993458], [79.69178476726415, 12.921978433168677], [79.69178523791848, 12.921888029170884], [79.69169307510919, 12.921887567481743], [79.69169401648072, 12.921706759495141], [79.69160185373433, 12.92170629777905], [79.69160232445154, 12.921615893790241], [79.69151016174106, 12.9216154320472], [79.69151063248522, 12.921525028058392], [79.69114198183198, 12.921523180753859], [79.69114292357182, 12.921342372803188], [79.69095859839341, 12.921341448975749], [79.6909581274606, 12.921431852946593], [79.69068163962564, 12.921430466944924], [79.69068211065725, 12.921340062983065], [79.6905899480905, 12.921339600925615], [79.69059041914907, 12.921249196972738], [79.69049825661827, 12.921248734879356], [79.69049778552376, 12.921339138832233], [79.69040562295703, 12.921338676702918], [79.69040609408746, 12.921248272759023], [79.69022176903482, 12.921247348410562], [79.69022224022814, 12.921156944466668], [79.69013007774224, 12.921156482247522], [79.69013149140304, 12.920885270424822], [79.69003932901596, 12.92088480818771], [79.69003980026318, 12.920794404243816], [79.68994763791203, 12.920793941979754], [79.68994810918619, 12.920703538035859], [79.68985594687996, 12.920703075744848], [79.68985688948219, 12.920522267875027], [79.68967256500447, 12.920521343194189], [79.68967303636848, 12.920430939259278], [79.6894887119716, 12.920430014461658], [79.6894891833895, 12.92033961053573], [79.68939702123598, 12.920339148092006], [79.68939654977316, 12.920429552008951], [79.68930438758372, 12.920429089529293], [79.68930533056324, 12.920248281695404], [79.68884452000226, 12.920245968821007], [79.68884404834182, 12.92033637272897], [79.68847539982657, 12.920334521831174], [79.68847492803138, 12.92042492572117], [79.68829060372434, 12.920424000070152], [79.68829154744049, 12.920243192308128], [79.68819938535883, 12.920242729442194], [79.68819891347381, 12.920333133323206], [79.68810675135623, 12.92033267042134], [79.6881081671101, 12.92006145879627], [79.68820032911988, 12.920061921689154], [79.68820080099592, 12.919971517808142], [79.68829296297876, 12.91997198066509], [79.68829390664997, 12.919791172903068], [79.688201744739, 12.9197907100551], [79.68820221659708, 12.919700306174088], [79.68792573097195, 12.919698917432559], [79.68792620293783, 12.919608513569512], [79.6877418792686, 12.919607587586118], [79.68774235129735, 12.919517183723071], [79.68783451309153, 12.919517646723753], [79.68783498507537, 12.919427242851723], [79.68774282331711, 12.919426779860025], [79.68774329532789, 12.919336375987998], [79.68765113360557, 12.919335912960367], [79.68765207769002, 12.919155105234275], [79.68746775438011, 12.919154179098166], [79.68746822648072, 12.91906377523512], [79.68719174163714, 12.919062385792905], [79.68719221383657, 12.918971981947825], [79.68710005226696, 12.91897151873155], [79.6871009967197, 12.91879071104139], [79.68691667371523, 12.918789784536973], [79.68691714600449, 12.918699380700875], [79.68645633872237, 12.918697063891859], [79.68645586627142, 12.91878746770999], [79.68627154331185, 12.918786540756415], [79.68627107078902, 12.918876944574544], [79.68581026330028, 12.918874626597717], [79.68580979060678, 12.918965030397882], [79.68571762908209, 12.918964566696514], [79.68571810181152, 12.918874162905334], [79.68562594033175, 12.918873699177018], [79.68562546756637, 12.918964102968198], [79.6853489830372, 12.918962711585621], [79.68534851017301, 12.919053115367818], [79.68525634863934, 12.919052651504755], [79.68525587573922, 12.919143055286954], [79.68507155261796, 12.919142127453028], [79.68507249854396, 12.918961319915583], [79.6849803370552, 12.918960855953705], [79.68498128303509, 12.91878004841626], [79.68507344446097, 12.918780512369155], [79.685073917406, 12.918690108586958], [79.68498175601604, 12.918689644643045], [79.68498222899701, 12.918599240869831], [79.68507439036001, 12.918599704813744], [79.68507533624108, 12.918418897267314], [79.6851674975412, 12.918419361166311], [79.68516844334144, 12.918238553610898], [79.6853527658159, 12.918239481310076], [79.68535560274948, 12.917697058571976], [79.68563208588627, 12.917698449810823], [79.68563397670519, 12.917336834601185], [79.68544965486852, 12.917335907162519], [79.68544918210316, 12.917426310962682], [79.68535702116236, 12.91742584718945], [79.68535749396366, 12.91733544339827], [79.68526533305881, 12.91733497959809], [79.68526580588706, 12.917244575806908], [79.68489716242931, 12.917242720300758], [79.68489858129135, 12.916971508963147], [79.68471425977808, 12.916970581039392], [79.68471473279497, 12.916880177266178], [79.68462257207877, 12.916879713259384], [79.68462588329585, 12.916246886846885], [79.6847180437785, 12.916247350835711], [79.68471851675946, 12.916156947053514], [79.68462635631275, 12.91615648307367], [79.68462682932065, 12.916066079300455], [79.6849954710177, 12.916067935022204], [79.68499641676404, 12.915887127439841], [79.6850885771299, 12.915887591284939], [79.68508904996713, 12.915797187484776], [79.68527337064498, 12.915798115067172], [79.68527384341034, 12.915707711267007], [79.68545816403429, 12.915708638714657], [79.68545863672779, 12.91561823490551], [79.68564295730681, 12.915619162209428], [79.68564342992845, 12.915528758391298], [79.68573559018652, 12.91552922199385], [79.68573511759183, 12.91561962581198], [79.68601159849182, 12.91562101643099], [79.68601207098769, 12.915530612603876], [79.68619639153079, 12.915531539512536], [79.68619686395479, 12.91544113567644], [79.68628902420389, 12.915441599081362], [79.68628949659195, 12.915351195236282], [79.68638165680511, 12.915351658605273], [79.68638118445297, 12.915442062450351], [79.68665766522719, 12.915443452368676], [79.68665813748052, 12.915353048514612], [79.68693461818287, 12.915354438127508], [79.68693509033739, 12.915264034264462], [79.68702725055054, 12.91526449739989], [79.68702772266013, 12.915174093536844], [79.68711988284635, 12.915174556636341], [79.6871194107637, 12.915264960508368], [79.68721157097686, 12.915265423580914], [79.68721204302356, 12.915175019699904], [79.68767284399054, 12.915177334559575], [79.6876723721145, 12.91526773844957], [79.68785669258573, 12.915268664172453], [79.68785622076359, 12.915359068071432], [79.68813270160967, 12.915360456417703], [79.68813222988635, 12.915450860325665], [79.68850087119712, 12.915452711016847], [79.6885013427857, 12.915362307099903], [79.68877782371263, 12.915363694763455], [79.68877735221389, 12.915454098698365], [79.68905383326658, 12.915455486074457], [79.68905430465752, 12.915365082139546], [79.68914646498746, 12.915365544529372], [79.68914740769749, 12.915184736641583], [79.68923956795555, 12.915185198995477], [79.68924003927464, 12.9150947950426], [79.68933219950576, 12.91509525736056], [79.68933267078891, 12.915004853407684], [79.68960915141041, 12.915006240154954], [79.68960962258576, 12.914915836193094], [79.6897939429492, 12.914916760514606], [79.68979441406167, 12.914826356543761], [79.68988657421194, 12.914826818664093], [79.68988563205886, 12.915007626614765], [79.69016211274325, 12.91500901277813], [79.6901630546987, 12.914828204800509], [79.69034737504415, 12.914829128735745], [79.69034784595001, 12.914738724746936], [79.69044000609131, 12.914739186660654], [79.69044047696123, 12.914648782662862], [79.69117775796579, 12.914652476786838], [79.69117728736536, 12.91474288081158], [79.69154592808324, 12.914744727101018], [79.69154545760858, 12.914835131143727], [79.69200625875521, 12.914837438295853], [79.69200531812928, 12.915018246399239], [79.69237395937716, 12.915020091565781], [79.69237348918098, 12.915110495626456], [79.69246564953787, 12.91511095683949], [79.69246517937762, 12.915201360909148], [79.69264950016326, 12.915202283245382], [79.69264997026062, 12.915111879175724], [79.69283429099237, 12.91511280136823], [79.69283476101788, 12.915022397289587], [79.69311124204361, 12.9150237803358], [79.69311171196132, 12.914933376248174], [79.6932038722733, 12.914933837191713], [79.69320528191862, 12.91466262490189], [79.69311312169648, 12.914662163967334], [79.69311359160521, 12.914571759870727], [79.69329791197762, 12.914572681703904], [79.69329932147023, 12.914301469396115], [79.69339148156661, 12.914301930258805], [79.69339195135855, 12.914211526153213], [79.69357627147944, 12.914212447761814]], [[79.69170342942354, 12.91989867948538], [79.69170295881412, 12.919989083492156], [79.69161079669654, 12.919988621838948], [79.69161126734188, 12.919898217841157], [79.69170342942354, 12.91989867948538]], [[79.69357627147944, 12.914212447761814], [79.6939449117841, 12.91421429060172], [79.69394303338888, 12.914575907104933], [79.69403519360203, 12.914576367743043], [79.69403425444933, 12.91475717599914], [79.6939420941733, 12.914756715352047], [79.69394162455202, 12.914847119475603], [79.69384946424006, 12.914846658792577], [79.69385040353649, 12.914665850554446], [79.69375824329637, 12.914665389844469], [79.69375777361223, 12.914755793959042], [79.69357345307812, 12.914754872431292], [79.69357439256319, 12.914574064211127], [79.69348223235902, 12.914573603411318], [79.693482702133, 12.914483199305728], [79.69357486229225, 12.914483660105535], [79.69357627147944, 12.914212447761814]], [[79.68498979620733, 12.917152780444505], [79.6849902691344, 12.917062376662308], [79.68508242992247, 12.91706284055232], [79.68508195704032, 12.917153244334518], [79.68498979620733, 12.917152780444505]], [[79.69004875324161, 12.919076729264912], [79.69005016674969, 12.91880551740628], [79.6901423283732, 12.918805979562544], [79.69014327063407, 12.918625171647806], [79.69023543218572, 12.91862563377712], [79.69023401890222, 12.91889684565372], [79.69069482725332, 12.918899155842151], [79.69069435631154, 12.918989559812996], [79.69078651802488, 12.918990021753665], [79.69078604711903, 12.91908042573349], [79.69087820886831, 12.91908088764721], [79.6908777379894, 12.919171291627038], [79.69096989977461, 12.919171753513806], [79.69096942892266, 12.919262157502617], [79.69115375257392, 12.919263081177341], [79.69115281099577, 12.91944388915496], [79.69124497289776, 12.919444350951899], [79.69124403137351, 12.919625158938501], [79.69133619333839, 12.91962562070849], [79.69133383962658, 12.920077640679489], [79.69087302900272, 12.92007533141632], [79.69087349991756, 12.919984927445478], [79.6907813378359, 12.919984465495826], [79.69078180877769, 12.919894061524982], [79.69050532264951, 12.919892675496364], [79.69050626473071, 12.919711867572643], [79.69059842670457, 12.919712329603144], [79.69059983969163, 12.919441117699595], [79.69023119221842, 12.919439269406915], [79.69023166333987, 12.919348865454038], [79.69013950151873, 12.919348403297773], [79.69014091496393, 12.919077191439142], [79.69004875324161, 12.919076729264912]], [[79.69106253237584, 12.919081811375834], [79.69106300319187, 12.918991407387024], [79.69115516491419, 12.918991869201928], [79.69115469414308, 12.919082273190737], [79.69106253237584, 12.919081811375834]], [[79.69169778183212, 12.920983527521779], [79.69169825248645, 12.920893123523985], [79.69179041492742, 12.920893585177193], [79.69178994430904, 12.92098398918397], [79.69169778183212, 12.920983527521779]], [[79.69468031521988, 12.914579591320491], [79.6946807845537, 12.914489187169984], [79.69486510498001, 12.914490107898235], [79.69486463570908, 12.914580512057725], [79.69468031521988, 12.914579591320491]], [[79.69486088139799, 12.915303745297711], [79.69486135069586, 12.915213341147204], [79.69495351117851, 12.915213801488871], [79.69495491896431, 12.914942589010401], [79.69504707935714, 12.914943049307153], [79.69504661013113, 12.915033453466643], [79.6951387705509, 12.915033913736446], [79.69513783216178, 12.915214722064407], [79.69522999265341, 12.91521518230726], [79.6952290543092, 12.915395990644207], [79.69495257264565, 12.915394609798868], [79.69495304191656, 12.915304205639378], [79.69486088139799, 12.915303745297711]]], [[[79.69440665107732, 12.914035785122953], [79.69431449105281, 12.914035324637556], [79.694315429945, 12.913854516345527], [79.69422326998335, 12.913854055833179], [79.6942237394609, 12.913763651691655], [79.69440805932126, 12.9137645726894], [79.69440758990662, 12.913854976830924], [79.69459190984784, 12.913855897702906], [79.69459144050505, 12.913946301862396], [79.69440712050094, 12.913945380981431], [79.69440665107732, 12.914035785122953]]]]}, "id": "+5835+7203", "properties": {"count": 5065, "water": 1}}, {"type": "Feature", "geometry": {"geodesic": false, "type": "Polygon", "coordinates": [[[79.69402063007871, 12.846228831352231], [79.69402109708588, 12.846138426752566], [79.69411323229892, 12.84613888497421], [79.69411369927015, 12.846048480365562], [79.69448224001452, 12.846050312901792], [79.69448270684202, 12.845959908284161], [79.6947591123464, 12.845961282329254], [79.6947595790751, 12.845870877702641], [79.69494384935744, 12.845871793562022], [79.69494338269165, 12.845962198197618], [79.69503551786876, 12.845962656086886], [79.69503458459104, 12.846143465358079], [79.69512671984002, 12.846143923220396], [79.69512531999531, 12.84641513713617], [79.69521745535208, 12.846415594971537], [79.69521652217318, 12.846596404251715], [79.69512438675352, 12.846595946407364], [79.69512392012365, 12.846686351042962], [79.69493964923043, 12.846685435246462], [79.69493918253768, 12.846775839873075], [79.69466277612601, 12.846774465926798], [79.69466230932545, 12.846864870544428], [79.69457017383394, 12.846864412502448], [79.69456970699744, 12.846954817111095], [79.69429330043306, 12.846953442760576], [79.69429423430365, 12.846772633552265], [79.69420209885705, 12.846772175375536], [79.69420349972584, 12.846500961576544], [79.69411136438703, 12.846500503372868], [79.69411276532769, 12.846229289573873], [79.69402063007871, 12.846228831352231]], [[79.69457204114394, 12.846502794040909], [79.69457297478098, 12.846321984805648], [79.69466511007488, 12.846322442838645], [79.6946641765097, 12.846503252073905], [79.69457204114394, 12.846502794040909]]]}, "id": "+5837+7954", "properties": {"count": 98, "water": 1}}, {"type": "Feature", "geometry": {"geodesic": false, "type": "Polygon", "coordinates": [[[79.69559686839735, 12.826437525038305], [79.69560012822183, 12.825804691484198], [79.69569225608664, 12.825805148430234], [79.69569272172838, 12.82571474363294], [79.69633761665636, 12.825717941365857], [79.69633435869142, 12.82635077510861], [79.69596584636973, 12.82634894793532], [79.69596538079988, 12.826439352741598], [79.69559686839735, 12.826437525038305]]]}, "id": "+5851+8177", "properties": {"count": 59, "water": 1}}, {"type": "Feature", "geometry": {"geodesic": false, "type": "Polygon", "coordinates": [[[79.6967349496812, 12.838015276749308], [79.6967377439987, 12.837472848226058], [79.69682987614848, 12.837473305181078], [79.69683034182614, 12.837382900428699], [79.69710673820364, 12.837384271105108], [79.69710720378248, 12.837293866334765], [79.6973836000971, 12.837295236705748], [79.69738313462605, 12.837385641485074], [79.69756739891665, 12.837386554919005], [79.69756786432481, 12.837296150130696], [79.69775212857049, 12.837297063420895], [79.6977516632252, 12.83738746821819], [79.69784379538397, 12.837387924822865], [79.69784286475628, 12.837568734417452], [79.69793499698692, 12.837569190986194], [79.69793360112175, 12.837840405387059], [79.6978414687923, 12.83783994880035], [79.69784053812869, 12.838020758385953], [79.697656273353, 12.838019845104737], [79.69765580795382, 12.838110249884064], [79.69756367553454, 12.83810979319854], [79.69756321009942, 12.838200197977867], [79.69737894520696, 12.838199284490038], [79.69737847969998, 12.838289689260382], [79.6971942147626, 12.838288775637805], [79.69719374918375, 12.838379180399167], [79.6971016166926, 12.838378723542963], [79.6971020822984, 12.83828831877262], [79.69691781737899, 12.838287404952412], [79.69691828305665, 12.838197000200035], [79.69682615063736, 12.838196543245017], [79.6968270820376, 12.838015733731277], [79.6967349496812, 12.838015276749308]]]}, "id": "+5867+8049", "properties": {"count": 114, "water": 1}}, {"type": "Feature", "geometry": {"geodesic": false, "type": "MultiPolygon", "coordinates": [[[[79.69762003712904, 12.880782153897902], [79.69771218511612, 12.880782612065648], [79.69771171812693, 12.880873016557514], [79.69761957011289, 12.88087255838977], [79.69762003712904, 12.880782153897902]]], [[[79.69762003712904, 12.880782153897902], [79.69752788915093, 12.88078169570321], [79.69752882323714, 12.880600886728459], [79.69743667533089, 12.880600428506817], [79.69743714240094, 12.880510024023932], [79.69752929028023, 12.880510482236593], [79.69753162543284, 12.880058459786245], [79.69762377315044, 12.880058917953988], [79.69762470711986, 12.879878108961272], [79.69771685477457, 12.879878567093083], [79.69771732171886, 12.879788162592234], [79.69799376460213, 12.879789536781058], [79.69799236404775, 12.880060750310555], [79.69817665951886, 12.8800616662957], [79.69817619272729, 12.880152070805535], [79.69826834050777, 12.880152528757682], [79.69826740697853, 12.880333337795314], [79.69854385051757, 12.88033471145413], [79.69854291717698, 12.880515520509729], [79.69826647343132, 12.880514146823963], [79.69826694020492, 12.880423742305148], [79.69808264446431, 12.880422826364917], [79.6980835781283, 12.880242017345251], [79.69799143032986, 12.880241559330221], [79.69799096346642, 12.88033196383107], [79.69789881563206, 12.880331505780108], [79.69789834873268, 12.88042191028994], [79.69762190516668, 12.880420535930437], [79.69762003712904, 12.880782153897902]]]]}, "id": "+5872+7579", "properties": {"count": 51, "water": 1}}, {"type": "Feature", "geometry": {"geodesic": false, "type": "Polygon", "coordinates": [[[79.70093876426628, 12.880527413566288], [79.70093969590008, 12.880346604340009], [79.70103184384224, 12.880347061321977], [79.70103230961872, 12.880256656704347], [79.70112445753395, 12.880257113650382], [79.70112492327449, 12.880166709032752], [79.70130921905103, 12.880167622817025], [79.70130875338235, 12.880258027443638], [79.70140090130656, 12.88025848429086], [79.70140043566482, 12.880348888926456], [79.70149258363395, 12.880349345746728], [79.70149165240439, 12.88053015500894], [79.70139950437239, 12.880529698179684], [79.7013990387127, 12.880620102806297], [79.70121474260378, 12.880619189057958], [79.70121520831736, 12.880528784431343], [79.70093876426628, 12.880527413566288]]]}, "id": "+5908+7575", "properties": {"count": 20, "water": 1}}, {"type": "Feature", "geometry": {"geodesic": false, "type": "MultiPolygon", "coordinates": [[[[79.70213808486189, 12.8802621379098], [79.70223023282202, 12.88026259446956], [79.70222976747674, 12.880352999132107], [79.70232191547281, 12.880353455655934], [79.7023205195178, 12.880624669643574], [79.70241266761268, 12.880625126149434], [79.7024122023213, 12.88071553081198], [79.70250435045212, 12.880715987290891], [79.70250341992325, 12.880896796624969], [79.70259556812593, 12.88089725307693], [79.70259463765096, 12.881078062411007], [79.70250248937641, 12.881077605950061], [79.70250295464983, 12.880987201287514], [79.70241080642019, 12.88098674479962], [79.70241127172056, 12.880896340137074], [79.70231912352686, 12.880895883622228], [79.70231865818158, 12.880986288284776], [79.7021343617313, 12.880985375147288], [79.70213482713947, 12.880894970493726], [79.70204267894577, 12.880894513880067], [79.70204314438088, 12.880804109235486], [79.7019509962321, 12.880803652594878], [79.70195146169416, 12.880713247950299], [79.702043609816, 12.880713704581924], [79.70204407524213, 12.880623299937344], [79.7016754829165, 12.88062147320423], [79.70167641402928, 12.880440663924054], [79.7019528580624, 12.880442033998591], [79.70195332350649, 12.880351629354012], [79.70204547149358, 12.880352085976654], [79.70204500607643, 12.880442490630218], [79.70213715409945, 12.880442947225909], [79.70213808486189, 12.8802621379098]]], [[[79.70213808486189, 12.8802621379098], [79.70204593691072, 12.880261681323091], [79.70204686771808, 12.880080872015965], [79.70213901561533, 12.880081328602673], [79.70213808486189, 12.8802621379098]]]]}, "id": "+5917+7576", "properties": {"count": 40, "water": 1}}, {"type": "Feature", "geometry": {"geodesic": false, "type": "Polygon", "coordinates": [[[79.70168060382565, 12.879627022140799], [79.70168153485758, 12.879446212851638], [79.70186583014903, 12.879447126195737], [79.70186676102824, 12.87926631688861], [79.70195890862007, 12.879266773511253], [79.70195844321191, 12.879357178164817], [79.70214273845845, 12.879358091311286], [79.70214320380373, 12.87926768664874], [79.70223535139556, 12.879268143172567], [79.70223581669592, 12.879177738501037], [79.70232796426978, 12.879178194988931], [79.70232842953422, 12.879087790317403], [79.70242057707215, 12.879088246760382], [79.70242011183466, 12.879178651440894], [79.70260440699137, 12.879179564246003], [79.70260394181676, 12.879269968926517], [79.70269608943553, 12.879270425288647], [79.70269515914921, 12.879451234649672], [79.70260301146756, 12.879450778287541], [79.70260254628397, 12.879541182968055], [79.70251039857536, 12.879540726561007], [79.70250993335584, 12.87963113124152], [79.70241778562028, 12.879630674798541], [79.70241825086676, 12.879540270127013], [79.7022339554675, 12.87953935716919], [79.70223349014917, 12.879629761831735], [79.70195704696944, 12.879628392134489], [79.7019565815523, 12.879718796788053], [79.70204872930582, 12.879719253392729], [79.70204826391563, 12.879809658046291], [79.70186396834569, 12.87980874480999], [79.70186489925186, 12.879627935502864], [79.70168060382565, 12.879627022140799]], [[79.70223442077685, 12.87944895249766], [79.7022348860862, 12.879358547835114], [79.70232703372295, 12.879359004323009], [79.70232656844954, 12.879449408994537], [79.70223442077685, 12.87944895249766]]]}, "id": "+5920+7587", "properties": {"count": 40, "water": 1}}, {"type": "Feature", "geometry": {"geodesic": false, "type": "MultiPolygon", "coordinates": [[[[79.70274962095061, 12.886774468444498], [79.7027500863498, 12.8866840638089], [79.70284223668149, 12.886684520377644], [79.70284270204473, 12.886594115733063], [79.70293485234947, 12.886594572265874], [79.70293717894114, 12.886142549051957], [79.70302932908419, 12.886143005530869], [79.7030297943576, 12.886052600877305], [79.70321409458082, 12.886053513736314], [79.70321362937027, 12.886143918389877], [79.70339792967432, 12.886144831123122], [79.70339699937902, 12.886325640448215], [79.70330484915513, 12.886325184086084], [79.70330391877897, 12.886505993402194], [79.7032117684922, 12.88650553700413], [79.70321130327268, 12.886595941657694], [79.70311915295896, 12.886595485223697], [79.70311868769453, 12.88668588987726], [79.70302653735385, 12.886685433407331], [79.70302607205348, 12.886775838051912], [79.70274962095061, 12.886774468444498]]], [[[79.70274962095061, 12.886774468444498], [79.70274915555143, 12.886864873080095], [79.70284130594601, 12.886865329648838], [79.70284037519255, 12.88704613892003], [79.7027482247351, 12.887045682342306], [79.70274775931796, 12.887136086977902], [79.70256345834017, 12.887135173714652], [79.70256438930024, 12.886954364461424], [79.70265653972174, 12.886954821102032], [79.70265747059197, 12.886774011839822], [79.70274962095061, 12.886774468444498]]]]}, "id": "+5929+7510", "properties": {"count": 37, "water": 1}}, {"type": "Feature", "geometry": {"geodesic": false, "type": "Polygon", "coordinates": [[[79.703398394813, 12.886054426460575], [79.70339885995166, 12.88596402179803], [79.70376746033519, 12.885965846851292], [79.70376792533911, 12.885875442179763], [79.70395222549045, 12.885876354499782], [79.70395176054942, 12.885966759189278], [79.7040439106655, 12.88596721529988], [79.70404437557062, 12.885876810619369], [79.70413652565077, 12.885877266694038], [79.70413699051994, 12.885786862004542], [79.70441344068857, 12.885788230048888], [79.7044129759182, 12.885878634747367], [79.70450512601633, 12.885879090696273], [79.7045041965295, 12.886059900102214], [79.70404344575141, 12.886057619989376], [79.7040429808463, 12.88614802466989], [79.70395083066732, 12.886147568550303], [79.70395129560836, 12.886057163869792], [79.703398394813, 12.886054426460575]]]}, "id": "+5942+7513", "properties": {"count": 23, "water": 1}}, {"type": "Feature", "geometry": {"geodesic": false, "type": "Polygon", "coordinates": [[[79.7038332188735, 12.855227764898022], [79.70383414653675, 12.855046955123772], [79.70392628535203, 12.855047410201312], [79.70392582156083, 12.85513781509742], [79.70411009927226, 12.855138725171651], [79.70411056300057, 12.855048320275543], [79.70438697950033, 12.855049685139853], [79.70438744312085, 12.854959280225778], [79.70457172074244, 12.854960189967633], [79.70457079360921, 12.855140999804766], [79.70466293248737, 12.855141454630777], [79.70466154186836, 12.855412669390967], [79.70456940289138, 12.85541221454699], [79.70456847572221, 12.855593024375139], [79.70466061477106, 12.855593479219117], [79.70465922409815, 12.855864693970323], [79.70475136323682, 12.855865148796335], [79.70475089970614, 12.855955553710409], [79.70484303888973, 12.855956008509471], [79.704842575386, 12.856046413423545], [79.70493471460553, 12.856046868195659], [79.70493378765195, 12.856227678041774], [79.70484164836954, 12.856227223269661], [79.70484211188226, 12.856136818346604], [79.7046578333893, 12.856135908712547], [79.7046573698137, 12.856226313626621], [79.70456523054027, 12.856225858764677], [79.70456476692874, 12.856316263669768], [79.70447262761938, 12.85631580876291], [79.70447123665902, 12.856587023478184], [79.70428695786961, 12.856586113556666], [79.70428603041297, 12.856766923348882], [79.70419389095989, 12.856766468334225], [79.70419574598095, 12.856404848758775], [79.70410360666261, 12.856404393717169], [79.70410499799128, 12.85613317904681], [79.7041971372198, 12.85613363407045], [79.70419852841373, 12.855862419373143], [79.70410638929302, 12.855861964358484], [79.70410778055881, 12.855590749670158], [79.70401564153691, 12.855590294628552], [79.70401610531913, 12.855499889732444], [79.70392396633316, 12.85549943467287], [79.70392535776065, 12.855228219993528], [79.7038332188735, 12.855227764898022]]]}, "id": "+5942+7854", "properties": {"count": 109, "water": 1}}, {"type": "Feature", "geometry": {"geodesic": false, "type": "Polygon", "coordinates": [[[79.70394385605763, 12.887503638704095], [79.70394432106156, 12.887413234032566], [79.70403647169867, 12.887413690197066], [79.70403693665767, 12.887323285525538], [79.7039447860565, 12.887322829352053], [79.70394525104246, 12.887232424680523], [79.70403740161669, 12.887232880845024], [79.70403786657569, 12.887142476164511], [79.7039457160374, 12.887142020008994], [79.70394618101436, 12.887051615337464], [79.70413048203707, 12.887052527612568], [79.70413187677036, 12.886781313562047], [79.7042240271829, 12.8867817696457], [79.70422495692125, 12.886600960275691], [79.70431710727989, 12.886601416314429], [79.70431757211314, 12.886511011624933], [79.70440972243584, 12.886511467627736], [79.70441018722417, 12.886421062938242], [79.70477878842516, 12.886422886626066], [79.70477785910003, 12.886603696049972], [79.70468570872343, 12.88660324016395], [79.70468524402493, 12.886693644871412], [79.70459309362137, 12.886693188949456], [79.70459169940013, 12.886964403053875], [79.70431524791996, 12.886963035081395], [79.70431385336633, 12.8872342491409], [79.70422170278312, 12.887233793075213], [79.70422077299087, 12.88741460244522], [79.70431292364594, 12.887415058510907], [79.70431245877677, 12.887505463200403], [79.70422030809475, 12.887505007125734], [79.70421984318963, 12.887595411806247], [79.70403554176269, 12.88759449954911], [79.70403600673068, 12.88750409487758], [79.70394385605763, 12.887503638704095]]]}, "id": "+5946+7506", "properties": {"count": 48, "water": 1}}, {"type": "Feature", "geometry": {"geodesic": false, "type": "MultiPolygon", "coordinates": [[[[79.70541733830976, 12.887691743032015], [79.70541687382686, 12.887782147757443], [79.7053247230011, 12.887781692060065], [79.70532379396343, 12.887962501501939], [79.70504734131546, 12.887961134194212], [79.7050478059331, 12.88787072948675], [79.70513995677685, 12.887871185282942], [79.70514088594027, 12.887690375859034], [79.7052330367301, 12.88769083161031], [79.70523443034948, 12.887419617460974], [79.70532658103151, 12.887420073176319], [79.70532518751993, 12.88769128734362], [79.70541733830976, 12.887691743032015]]], [[[79.70606378668539, 12.88742371774024], [79.70606425091677, 12.887333312987863], [79.70615640160779, 12.887333768415745], [79.70615593740337, 12.887424173168123], [79.70606378668539, 12.88742371774024]]], [[[79.7063420953785, 12.88706346487963], [79.70634116712237, 12.887244274402352], [79.70615686580322, 12.887243363663368], [79.70615779418512, 12.887062554149628], [79.7063420953785, 12.88706346487963]]], [[[79.70634255950208, 12.886973060118269], [79.70625040893682, 12.886972604771234], [79.70625087308736, 12.886882200018857], [79.70634302361667, 12.886882655356908], [79.70634255950208, 12.886973060118269]]], [[[79.70606378668539, 12.88742371774024], [79.70606332244505, 12.887514122492618], [79.70615547319893, 12.8875145779205], [79.70615500898553, 12.887604982663897], [79.70633931057418, 12.88760589342983], [79.7063407029898, 12.88733467915473], [79.70652500439878, 12.887335589776933], [79.70652639658087, 12.887064375474884], [79.7063420953785, 12.88706346487963], [79.70634255950208, 12.886973060118269], [79.70661901121579, 12.88697442595276], [79.70661854719104, 12.887064830723103], [79.7067106978012, 12.887065285944374], [79.70670744977161, 12.887698119345766], [79.70661529893687, 12.887697664106529], [79.70661437082447, 12.887878473638235], [79.70652221992684, 12.887878018354083], [79.70652175583021, 12.887968423115444], [79.70642960489666, 12.887967967804341], [79.70642867664051, 12.888148777318081], [79.70633652564408, 12.888148321962063], [79.70633606147558, 12.888238726714441], [79.7062439104522, 12.888238271331474], [79.70624344624777, 12.888328676074869], [79.70615129518845, 12.88832822065597], [79.70615083094809, 12.888418625399364], [79.70587437770725, 12.888417258918087], [79.70587484204641, 12.888326854183676], [79.7056905399637, 12.88832594304045], [79.70569007556165, 12.888416347765878], [79.70559792449333, 12.888415892149348], [79.70560071107633, 12.887873463787795], [79.70569286193802, 12.887873919386356], [79.7056933263221, 12.887783514651945], [79.70560117548736, 12.887783059053383], [79.70560163990739, 12.887692654327955], [79.70541733830976, 12.887691743032015], [79.70541780278367, 12.887601338306586], [79.70560210431842, 12.887602249593543], [79.70560256872047, 12.887511844859132], [79.70551041798454, 12.887511389242603], [79.70551134686052, 12.887330579782763], [79.70541919619644, 12.887330124139284], [79.70542012511733, 12.887149314679444], [79.70514367334073, 12.887147947560361], [79.7051441378955, 12.887057542843918], [79.70505198734821, 12.887057087074675], [79.70505291651165, 12.886876277641784], [79.70496076603622, 12.886875821854575], [79.70496215985324, 12.886604607714222], [79.70533076140457, 12.886606430647461], [79.7053312258695, 12.886516025922033], [79.70551552659576, 12.886516937191024], [79.70551506219371, 12.886607341925435], [79.7056993630098, 12.886608253077645], [79.70569889867063, 12.886698657812056], [79.70579104911012, 12.886699113338754], [79.7057905847979, 12.88678951808215], [79.7060670362511, 12.886790884482577], [79.70606750046451, 12.8867004797302], [79.70615965092196, 12.886700935131133], [79.70615872255803, 12.886881744644873], [79.70588227099702, 12.886880378334276], [79.70588134243548, 12.887061187821065], [79.70569704127801, 12.88706027676767], [79.70569750562618, 12.886969872033259], [79.70551320455856, 12.886968960863083], [79.70551227571852, 12.887149770322923], [79.70588087814122, 12.887151592564459], [79.70587948524947, 12.887422806794643], [79.70606378668539, 12.88742371774024]], [[79.7058753063766, 12.888236449449263], [79.70587577071576, 12.888146044705868], [79.70596792169424, 12.888146500223582], [79.70596885028276, 12.887965690745776], [79.70615315211394, 12.887966601664424], [79.70615222366018, 12.888147411160197], [79.70606007267271, 12.888146955705365], [79.70605960840541, 12.888237360448759], [79.7058753063766, 12.888236449449263]]]]}, "id": "+5954+7505", "properties": {"count": 193, "water": 1}}, {"type": "Feature", "geometry": {"geodesic": false, "type": "MultiPolygon", "coordinates": [[[[79.7056821801159, 12.889953228062229], [79.70568264458083, 12.889862823345783], [79.70577479617914, 12.889863278989262], [79.70577433175015, 12.889953683705707], [79.7056821801159, 12.889953228062229]]], [[[79.7056821801159, 12.889953228062229], [79.70568125117704, 12.890134037495118], [79.70558909947992, 12.890133581806724], [79.70558863497007, 12.89022398652317], [79.70568078669415, 12.890224442211563], [79.70568032222023, 12.890314846928009], [79.70558817046022, 12.890314391230632], [79.70558724142255, 12.89049520065454], [79.70540293777677, 12.89049428916097], [79.70540247318607, 12.890584693859449], [79.70531032133623, 12.890584238063257], [79.70530985670959, 12.890674642761736], [79.70512555295602, 12.890673731061554], [79.70512648233505, 12.89049292167358], [79.70521863414895, 12.890493377532653], [79.70521909879355, 12.890402972834174], [79.70531125058051, 12.890403428657315], [79.70531171518917, 12.890313023958837], [79.7054038669402, 12.890313479746046], [79.70540479610362, 12.890132670340105], [79.70531264441549, 12.890132214552896], [79.70531217980682, 12.890222619260358], [79.70522002809173, 12.890222163437217], [79.70521956344713, 12.890312568135695], [79.70485095649691, 12.890310744528719], [79.70485142126728, 12.890220339839223], [79.70503572467052, 12.890221251701101], [79.70503618937799, 12.890130847011607], [79.70522049273632, 12.890131758738738], [79.70522095737194, 12.890041354040259], [79.70531310902415, 12.890041809854416], [79.70531357362383, 12.889951405146954], [79.70540572524011, 12.88995186092518], [79.70540526066738, 12.890042265632642], [79.70558956398976, 12.890043177090279], [79.70559002849063, 12.889952772382816], [79.7056821801159, 12.889953228062229]]]]}, "id": "+5957+7468", "properties": {"count": 32, "water": 1}}, {"type": "Feature", "geometry": {"geodesic": false, "type": "Polygon", "coordinates": [[[79.70559560224052, 12.888867915767507], [79.70559653115244, 12.88868710631665], [79.70578083348667, 12.888688017549708], [79.70578036910258, 12.888778422284119], [79.70587252030565, 12.888778877855733], [79.7058720559485, 12.888869282581162], [79.70605635844444, 12.888870193634556], [79.70605682272972, 12.888779788900145], [79.70614897395073, 12.888780244372944], [79.70614943820907, 12.88868983962955], [79.70633374058822, 12.88869075047633], [79.70633466895215, 12.888509940971575], [79.70642682008334, 12.888510396336576], [79.70642728422489, 12.888419991584199], [79.70651943532911, 12.888420446913265], [79.70651989943472, 12.888330042160888], [79.70661205050304, 12.888330497454023], [79.70661019417942, 12.888692116499469], [79.70651804297636, 12.888691661188366], [79.70651757885278, 12.888782065940743], [79.70642542762279, 12.888781610602692], [79.70642449930376, 12.888962420107449], [79.70633234801089, 12.888961964715499], [79.70633141960204, 12.88914277421127], [79.70623926824626, 12.889142318792372], [79.7062388040059, 12.889232723535766], [79.70614665262319, 12.88923226807195], [79.7061461883469, 12.889322672815345], [79.70605403692825, 12.889322217324581], [79.7060558941502, 12.88896059837795], [79.70596374286629, 12.888960142860237], [79.7059632785361, 12.889050547594648], [79.70587112722525, 12.889050092049985], [79.70587019848402, 12.889230901509825], [79.70568589574555, 12.889229990294734], [79.70568775347951, 12.888868371402003], [79.70559560224052, 12.888867915767507]]]}, "id": "+5966+7485", "properties": {"count": 46, "water": 1}}, {"type": "Feature", "geometry": {"geodesic": false, "type": "MultiPolygon", "coordinates": [[[[79.7031703103525, 12.876650970007976], [79.70307816367696, 12.876650513906357], [79.70307862858206, 12.876560109189912], [79.70317077522168, 12.87656056529153], [79.7031703103525, 12.876650970007976]]], [[[79.7040657573788, 12.881718194345604], [79.7041579059408, 12.881718650276543], [79.70415744123333, 12.881809054992988], [79.70406529263539, 12.88180859906205], [79.7040657573788, 12.881718194345604]]], [[[79.70409595802899, 12.87584188643817], [79.70409549351913, 12.87593229119953], [79.70400334707715, 12.875931835448256], [79.70400381161396, 12.875841430695878], [79.70409595802899, 12.87584188643817]]], [[[79.70489277230983, 12.88217432026424], [79.70480062355018, 12.882173864575844], [79.70480108804207, 12.882083459841432], [79.70489323676578, 12.882083915520845], [79.70489277230983, 12.88217432026424]]], [[[79.70727473155263, 12.88489830131948], [79.7072742678423, 12.884988706125757], [79.70764286736343, 12.8849905255915], [79.70764194020325, 12.885171335231004], [79.7069968906123, 12.88516815078417], [79.70699828204877, 12.884896936392288], [79.70727473155263, 12.88489830131948]]], [[[79.7031703103525, 12.876650970007976], [79.70326245702805, 12.876651426082645], [79.70326199218582, 12.87674183079909], [79.70363057906766, 12.876743654765393], [79.70363150848263, 12.876562845287587], [79.70381580181575, 12.876563757068618], [79.70381626645137, 12.876473352325224], [79.70390841308199, 12.876473808157348], [79.70390887768167, 12.876383403413953], [79.704093170907, 12.876384314979388], [79.70409363543482, 12.876293910218026], [79.70427792860625, 12.876294821648713], [79.70427746414131, 12.876385226410076], [79.70436961076295, 12.876385682080503], [79.704368217449, 12.87665689637357], [79.70464465762835, 12.876658263214173], [79.70464512197651, 12.876567858443828], [79.704737268679, 12.876568313988493], [79.70473773298224, 12.876477909209164], [79.70482987965778, 12.876478364726879], [79.70483127245072, 12.876207150379914], [79.70464697930623, 12.876206239344485], [79.70464651497605, 12.876296644123812], [79.70455436838135, 12.8762961885522], [79.70455529709562, 12.87611537901151], [79.70464744363643, 12.876115834574142], [79.70464930089429, 12.875754215465815], [79.70455715449722, 12.875753759912168], [79.70455761883639, 12.875663355141823], [79.704281179753, 12.875661988310203], [79.70428071531501, 12.875752393071565], [79.70418856892692, 12.875751937392153], [79.70418903339186, 12.875661532630792], [79.70391259435337, 12.875660165412896], [79.7039130589261, 12.875569760660518], [79.70437379050719, 12.875572039183337], [79.70437471930232, 12.875391229642648], [79.70465115810724, 12.875392596348505], [79.70465208668676, 12.875211786780868], [79.7047442328952, 12.875212242280616], [79.70474376863687, 12.875302647068926], [79.70483591488123, 12.875303102532742], [79.70483637910361, 12.87521269774443], [79.70492852532102, 12.875213153181297], [79.70492945368494, 12.875032343595693], [79.705113745994, 12.875033254343661], [79.7051132818794, 12.875123659149937], [79.70529757426031, 12.875124569781123], [79.70529803831202, 12.875034164974847], [79.7052058921575, 12.875033709672728], [79.70520728438449, 12.874762495262882], [79.70511513832878, 12.874762039942796], [79.70511560242541, 12.874671635145502], [79.70529989448292, 12.874672545740756], [79.70530035851667, 12.87458214093448], [79.70539250451847, 12.8745825961827], [79.7053934325141, 12.874401786552179], [79.70548557845302, 12.874402241755483], [79.70548418655841, 12.874673456210246], [79.70557633259615, 12.874673911395584], [79.7055781883179, 12.874312292116578], [79.70576248014186, 12.874313202361488], [79.70576294399594, 12.874222797537247], [79.70585508988096, 12.874223252605802], [79.70585462606282, 12.874313657439028], [79.70594677198378, 12.874314112480636], [79.70594630819258, 12.874404517313861], [79.70566987033986, 12.874403152081243], [79.70566894254188, 12.874583961729728], [79.70576108856164, 12.874584416843202], [79.70576016081755, 12.874765226491688], [79.70622089127575, 12.874767501627858], [79.7062213549861, 12.874677096785648], [79.7063135010508, 12.874677551719458], [79.70631396472521, 12.874587146868265], [79.70640611076296, 12.87458760175716], [79.70640750165146, 12.874316387212565], [79.70631535571253, 12.874315932332655], [79.70631489205608, 12.874406337174864], [79.70613060011534, 12.874405427307245], [79.70613245500166, 12.874043807947391], [79.70622460083278, 12.874044262881199], [79.70622506451619, 12.873953858030006], [79.70640935612455, 12.87395476779881], [79.70640842889249, 12.87413557751018], [79.70650057477752, 12.874136032345174], [79.7065010383621, 12.874045627493981], [79.7065931842112, 12.874046082302026], [79.70659364775088, 12.87395567744185], [79.70668579357302, 12.873956132213964], [79.70668672058947, 12.87377532248463], [79.70677886634874, 12.873775777211826], [79.70678072021097, 12.87341415773519], [79.706965011469, 12.873415067072802], [79.70696454807305, 12.873505471950946], [79.70724098509034, 12.873506835728293], [79.7072419116756, 12.873326025954043], [79.70742620290666, 12.873326934968262], [79.70742666612294, 12.873236530072154], [79.7069659382429, 12.873234257316518], [79.70696547485595, 12.87332466219466], [79.70687332925839, 12.873324207548313], [79.70687379268126, 12.873233802670171], [79.70678164711964, 12.873233347996873], [79.70678303745119, 12.872962133371429], [79.706875182914, 12.872962588044727], [79.70687564631892, 12.872872183166585], [79.70678350089204, 12.87287172850227], [79.70678581803342, 12.872419704120544], [79.70697010856381, 12.872420613386291], [79.70697057191484, 12.872330208499166], [79.70724700764752, 12.87233157215075], [79.70724561787293, 12.872602786830091], [79.70733776322795, 12.872603241323727], [79.70733729999371, 12.872693646219835], [79.70724515461174, 12.872693191726201], [79.70724422808037, 12.872874001509434], [79.70733637352522, 12.872874456012052], [79.707335910282, 12.87296486090816], [79.70724376480122, 12.872964406396559], [79.70724330153104, 12.873054811292668], [79.7076118836069, 12.873056629141443], [79.7076109573001, 12.873237438942642], [79.70770310289767, 12.873237893337462], [79.70770263977123, 12.873328298242555], [79.70779478540473, 12.873328752601441], [79.70779385921472, 12.873509562411625], [79.70788600492008, 12.873510016743563], [79.70788554184755, 12.873600421657638], [79.70797768758884, 12.873600875962627], [79.70797722455222, 12.873691280867718], [79.70806937032047, 12.873691735145757], [79.7080679812825, 12.87396294988798], [79.70816012715854, 12.87396340413907], [79.70815920118413, 12.874144213976203], [79.70825134713203, 12.874144668200342], [79.70825088417628, 12.874235073114418], [79.70834303015114, 12.874235527311608], [79.70834210429351, 12.874416337157724], [79.70843425034023, 12.874416791327965], [79.70843378743837, 12.874507196251024], [79.70852593352102, 12.874507650394316], [79.70852454488728, 12.874778865172471], [79.70861669107774, 12.874779319288814], [79.70861483964994, 12.875140938990029], [79.70870698597514, 12.875141393097389], [79.70870467177124, 12.87559341772166], [79.70879681826713, 12.875593871811054], [79.70879635544611, 12.875684276743094], [79.70888850197792, 12.875684730796554], [79.70888757639877, 12.875865540651652], [79.70897972299346, 12.875865994687148], [79.7089787974682, 12.87604680455123], [79.70907094413478, 12.876047258550791], [79.70906955591427, 12.876318473355896], [79.70916170268863, 12.876318927337492], [79.70916031453999, 12.876590142142598], [79.70925246141316, 12.876590596106226], [79.70925153602265, 12.876771405979293], [79.7093436829677, 12.876771859906988], [79.70934229496278, 12.87704307473006], [79.70943444200664, 12.87704352863979], [79.7094330540646, 12.87731474345388], [79.70952520121625, 12.877315197345643], [79.70952381333711, 12.877586412168716], [79.70961596059657, 12.87758686603353], [79.70961411017487, 12.87794848580661], [79.70970625756907, 12.877948939653457], [79.70970440722823, 12.878310559426536], [79.7097965547482, 12.878311013255418], [79.70979424190973, 12.878763037969522], [79.70988638960037, 12.878763491780438], [79.70988500195479, 12.879034706612492], [79.70997714975323, 12.879035160405442], [79.70997576217052, 12.879306375237498], [79.71006791006778, 12.879306829003497], [79.71006606004134, 12.879668448794542], [79.71015820807335, 12.879668902542576], [79.71015728310505, 12.879849712433607], [79.71006513501017, 12.879849258685574], [79.71006467248559, 12.879939663626597], [79.7101568206164, 12.879940117383613], [79.71015034540713, 12.881205786575919], [79.71024249400507, 12.8812062403509], [79.71024110646728, 12.88147745516499], [79.71014895777053, 12.881477001390007], [79.710148495219, 12.881567406322048], [79.71024064395169, 12.881567860106014], [79.71023971890254, 12.881748669979078], [79.71014757010697, 12.881748216195113], [79.71014618240748, 12.882019430991235], [79.7100540335131, 12.882018977153372], [79.71005218307346, 12.88238059686357], [79.7099600340533, 12.882380142989772], [79.70995957139398, 12.88247054791283], [79.70986742234689, 12.882470093994117], [79.70986649696536, 12.882650903831248], [79.70977434784639, 12.882650449876603], [79.70977342238403, 12.882831259704753], [79.70968127321116, 12.882830805714175], [79.70968034766794, 12.88301161553334], [79.7095881984322, 12.883011161497846], [79.70958727280814, 12.88319197130803], [79.7094951235095, 12.883191517236602], [79.70949466066153, 12.883281922141695], [79.70940251132699, 12.883281468034335], [79.70940204844308, 12.883371872930443], [79.70930989908157, 12.883371418787151], [79.70930943616175, 12.883461823683259], [79.70921728677328, 12.883461369504035], [79.70921636084378, 12.883642179278285], [79.70912421140143, 12.883641725063129], [79.70912374840074, 12.883732129950253], [79.70903159891348, 12.88373167569018], [79.70903067284026, 12.883912485455449], [79.70884637375791, 12.883911576836487], [79.70884544753197, 12.884092386583788], [79.70856899873777, 12.884091023399328], [79.70856946195406, 12.884000618539153], [79.70847731239492, 12.88400016408145], [79.7084768491517, 12.884090568932642], [79.70829254997952, 12.884089659918423], [79.70829301328563, 12.88399925506723], [79.70820086374445, 12.883998800510714], [79.70820040039342, 12.884089205361906], [79.7080161012482, 12.884088296150058], [79.70801656465312, 12.883997891307848], [79.70792441512094, 12.8839974366615], [79.7079248785618, 12.883907031819291], [79.70801702806703, 12.883907486465638], [79.70801749147195, 12.88381708162343], [79.70783319253334, 12.883816172303783], [79.70783272905655, 12.88390657713701], [79.7077405795603, 12.88390612242778], [79.70774011605656, 12.883996527261006], [79.70755581701015, 12.883995617725763], [79.70755488984996, 12.884176427383233], [79.70746274026388, 12.884175972557221], [79.7074632038754, 12.88408556774196], [79.70727890478409, 12.88408465800909], [79.70727844110966, 12.88417506282435], [79.70718629153257, 12.884174607908507], [79.70718582781323, 12.884265012714783], [79.70737012703931, 12.884265922528503], [79.7073691997264, 12.884446732159024], [79.70764564878111, 12.884448096646041], [79.70764611233875, 12.884357691821798], [79.7077382619967, 12.884358146584928], [79.70773733494431, 12.884538956242396], [79.70782948467412, 12.884539410978576], [79.70782902117936, 12.884629815811802], [79.70755257190008, 12.884628451495466], [79.70755118109243, 12.884899665950229], [79.70727473155263, 12.88489830131948], [79.70727565896435, 12.884717491697943], [79.70718350918962, 12.884717036764133], [79.70718443665524, 12.884536227142597], [79.7070001372495, 12.884535317185147], [79.70699874584895, 12.884806531594995], [79.7065379969124, 12.884804256081532], [79.70653706897069, 12.88498506564917], [79.70644491912408, 12.884984610445866], [79.70644445510831, 12.885075015225192], [79.70616800550563, 12.885073649399684], [79.70616754139104, 12.88516405417003], [79.70607539149054, 12.885163598822995], [79.70607492734003, 12.885254003593339], [79.70616707726747, 12.88525445893139], [79.7061661490293, 12.88543526847208], [79.70598184903966, 12.885434357733095], [79.70598324159903, 12.885163143449011], [79.7058910917165, 12.885162688048078], [79.70589202013433, 12.884981878525355], [79.70561557068437, 12.88498051213391], [79.70561510638113, 12.885070916877304], [79.70552295653454, 12.885070461350606], [79.70552249219536, 12.885160866094003], [79.70561464206891, 12.885161321629683], [79.70561371343548, 12.885342131125455], [79.70552156349007, 12.885341675580792], [79.7055206347758, 12.88552248506758], [79.70469128488081, 12.885518383656438], [79.70469360812176, 12.885066360092177], [79.7048779077431, 12.885067271711511], [79.70487837231582, 12.884976866986083], [79.70478622254109, 12.884976411198874], [79.70478668714077, 12.884886006473446], [79.70487883688855, 12.884886462260654], [79.70487930145231, 12.884796057535226], [79.70478715174045, 12.884795601757], [79.70478761633115, 12.884705197031572], [79.70506406538586, 12.884706564276417], [79.70506499436962, 12.884525754807594], [79.70515714399164, 12.884526210487005], [79.70515993065548, 12.883983782053585], [79.70506778122211, 12.883983326401124], [79.70507010351085, 12.8835313027111], [79.70497795424816, 12.883530847040673], [79.70497841873106, 12.883440442306261], [79.70470197107772, 12.883439075106331], [79.7047029002232, 12.883258265646491], [79.70451860193137, 12.88325735403614], [79.70451767265115, 12.883438163478013], [79.70433337425153, 12.88343725171495], [79.70433383895902, 12.883346847007488], [79.70442598812289, 12.883347302893512], [79.704426917457, 12.883166493460621], [79.70461121567696, 12.883167405133854], [79.70461168027664, 12.883077000408425], [79.70451953119361, 12.883076544585283], [79.70451999582025, 12.882986139868839], [79.70442784678212, 12.882985684018747], [79.70442924074287, 12.882714469851445], [79.70433709180357, 12.882714013983389], [79.70433802115565, 12.882533204550498], [79.70424587228821, 12.88253274865549], [79.7042463369957, 12.882442343930062], [79.70406203934168, 12.882441432059201], [79.70406250410305, 12.882351027342756], [79.70387820652988, 12.882350115337147], [79.70387960100265, 12.882078901223743], [79.70406389838719, 12.882079813202402], [79.70406296887342, 12.882260622635293], [79.70415511763305, 12.882261078584198], [79.70415465289862, 12.88235148329166], [79.70443109930329, 12.882352850958714], [79.70443017003207, 12.882533660409571], [79.70452231890849, 12.882534116241695], [79.70452324810785, 12.882353306781855], [79.70461539692138, 12.882353762569064], [79.70461493235763, 12.882444167303476], [79.70470708119812, 12.882444623063735], [79.70470754573492, 12.882354218329324], [79.70489184337995, 12.882355129751028], [79.70489277230983, 12.88217432026424], [79.70498492106947, 12.8821747759167], [79.70498584991849, 12.881993966429912], [79.70507799861524, 12.88199442204644], [79.70507892738341, 12.881813612541684], [79.70498677874954, 12.881813156934138], [79.7049877075716, 12.881632347429383], [79.7048955590096, 12.881631891794887], [79.70489509457161, 12.881722296547265], [79.70480294597368, 12.881721840876837], [79.70480248149975, 12.881812245620232], [79.70424958983126, 12.881809510896979], [79.70425005450282, 12.88171910617155], [79.70434220307381, 12.881719562039608], [79.70434266771841, 12.88162915731418], [79.70415837064829, 12.881628245551115], [79.70415883534679, 12.88153784083467], [79.70397453835751, 12.881536928954825], [79.70397407358716, 12.88162733367127], [79.70388192507006, 12.88162687767745], [79.70388146026377, 12.881717282393895], [79.70360501461369, 12.881715914214801], [79.70360547951879, 12.881625509516322], [79.7036976280269, 12.881625965599975], [79.70369855776525, 12.881445156194033], [79.70360640932003, 12.88144470011038], [79.70360687420717, 12.881354295411901], [79.70342257739756, 12.881353383154764], [79.7034230423476, 12.881262978456284], [79.70351519072095, 12.88126343460282], [79.70351612055812, 12.881082625196878], [79.70342397224763, 12.88108216906831], [79.70342443719767, 12.880991764369831], [79.70324014065756, 12.880990852013879], [79.70324060566148, 12.880900447315401], [79.70333275390009, 12.880900903506852], [79.70333368383608, 12.880720094118876], [79.7034258320118, 12.880720550274395], [79.70342629694386, 12.880630145566933], [79.70351844508366, 12.880630601686518], [79.70351983975408, 12.880359387573115], [79.7032433956401, 12.880358019151476], [79.70324293065414, 12.880448423849955], [79.70296648646831, 12.880447055131873], [79.70296741662887, 12.880266245761863], [79.70305956462494, 12.88026670202518], [79.70306002967378, 12.880176297335684], [79.70315217763391, 12.880176753563067], [79.70315264263783, 12.88008634886459], [79.70306049471364, 12.880085892646187], [79.70306095975349, 12.87999548794771], [79.70296881185624, 12.879995031693376], [79.70296927692304, 12.87990462700388], [79.70278498121837, 12.879903714405383], [79.70278405094102, 12.880084523766408], [79.70250760721333, 12.880083154608151], [79.70250667672937, 12.880263963942227], [79.70241452875128, 12.880263507490266], [79.70241592457153, 12.87999229348466], [79.7023237767102, 12.879991837005749], [79.7023242420016, 12.879901432334218], [79.70241638983596, 12.87990188881313], [79.7024168551004, 12.879811484141602], [79.70260115071524, 12.87981239700061], [79.70260161590781, 12.879721992320096], [79.70269376368829, 12.879722448700194], [79.70269469400156, 12.879541639330185], [79.70278684171915, 12.879542095665366], [79.70278637659844, 12.879632500354862], [79.7029706721055, 12.879633412935393], [79.702972067261, 12.879362198857923], [79.7030642149157, 12.879362655094289], [79.70306467992862, 12.87927225039581], [79.70315682756535, 12.87927270658726], [79.70315729253335, 12.879182301888783], [79.70324944013416, 12.879182758053282], [79.7032499050752, 12.87909235334582], [79.70315775750133, 12.879091897190303], [79.70315868743732, 12.878911087784362], [79.70306653993532, 12.878910631601894], [79.70306746991622, 12.878729822204935], [79.7029753224861, 12.878729365995518], [79.702975787499, 12.87863896129704], [79.70279149271958, 12.878638048788375], [79.70279242287116, 12.878457239400399], [79.70270027554884, 12.878456783101152], [79.70270074066055, 12.878366378411656], [79.70279288794696, 12.878366834710905], [79.70279381808056, 12.878186025322929], [79.70288596531306, 12.878186481568278], [79.70288689536582, 12.878005672171321], [79.70297904252647, 12.878006128389721], [79.70298090247029, 12.877644509577838], [79.70307304950516, 12.87764496574234], [79.7030735144462, 12.877554561034877], [79.70325780845306, 12.877555473265065], [79.70325827333123, 12.87746506854862], [79.70307397937826, 12.877464156327415], [79.7030744443193, 12.87737375161097], [79.70270585659304, 12.877371926782285], [79.70270539152624, 12.877462331480764], [79.70224465679206, 12.87746004969706], [79.70224372631708, 12.877640859049103], [79.70196728532026, 12.877639489576435], [79.70196775065656, 12.877549084904906], [79.70205989761958, 12.877549541428733], [79.70206082822031, 12.877368732076691], [79.70261370967495, 12.87737147049202], [79.70261417476871, 12.877281065802524], [79.70270632165985, 12.877281522083805], [79.70270678671767, 12.877191117385328], [79.70289108044605, 12.87719202985806], [79.70289154543201, 12.877101625150598], [79.70298369226926, 12.877102081333065], [79.70298415721928, 12.877011676625603], [79.70307630402058, 12.877012132763156], [79.70307769876287, 12.876740918622803], [79.70316984547435, 12.876741374733404], [79.7031703103525, 12.876650970007976]], [[79.70452231890849, 12.882534116241695], [79.70461446778491, 12.882534572037889], [79.70461400320319, 12.882624976763317], [79.70452185429083, 12.882624520967124], [79.70452231890849, 12.882534116241695]], [[79.70576016081755, 12.874765226491688], [79.70575923306447, 12.874946036140173], [79.70566708691894, 12.874945581008735], [79.7056680147349, 12.874764771369232], [79.70576016081755, 12.874765226491688]], [[79.70801749147195, 12.88381708162343], [79.7080179548679, 12.88372667678122], [79.7082022537526, 12.883727585966119], [79.70820271708567, 12.883637181114926], [79.70829486650106, 12.883637635653477], [79.70829532978921, 12.883547230802284], [79.70847962856612, 12.88354813978057], [79.70847916534086, 12.883638544640746], [79.70838701591647, 12.883638090165078], [79.70838608938512, 12.883818899876447], [79.70801749147195, 12.88381708162343]], [[79.70306886485612, 12.878458608091533], [79.70307072473707, 12.878096989279651], [79.70325501914817, 12.878097901554755], [79.70325594893144, 12.877917092130847], [79.70316380178878, 12.87791663601126], [79.70316426671185, 12.8778262313038], [79.70307211960511, 12.877825775157264], [79.70307258455514, 12.877735370449802], [79.70316473162595, 12.877735826596338], [79.70316519654004, 12.877645421879892], [79.70334949062774, 12.87764633405618], [79.70334716635372, 12.878098357638407], [79.7035314607828, 12.878099269724865], [79.70353053118818, 12.878280079166737], [79.70371482576097, 12.878280991127431], [79.70371436102654, 12.87837139585286], [79.70380650834888, 12.878371851792782], [79.70380557892493, 12.878552661252622], [79.70371343153073, 12.878552205303716], [79.70371389628313, 12.878461800578288], [79.70343745421732, 12.878460432569875], [79.70343698937509, 12.87855083728632], [79.7031605472464, 12.878549468963497], [79.70316101219642, 12.878459064265018], [79.70306886485612, 12.878458608091533]], [[79.70343512995228, 12.878912456143118], [79.70343559481248, 12.878822051426672], [79.70380418476657, 12.878823875437892], [79.70380325530668, 12.879004684888748], [79.70361896018592, 12.879003772937038], [79.70361942499221, 12.87891336821161], [79.70343512995228, 12.878912456143118]], [[79.70472055131005, 12.879822885505288], [79.70472101573904, 12.87973248075291], [79.70481316360036, 12.879732936378423], [79.70481269919831, 12.879823341139783], [79.70472055131005, 12.879822885505288]], [[79.70481687867306, 12.8790096983055], [79.70481734304816, 12.87891929354414], [79.70490949061303, 12.878919749115752], [79.70490902627387, 12.879010153877113], [79.70481687867306, 12.8790096983055]], [[79.7048345221871, 12.875574316897673], [79.70483545064985, 12.875393507321052], [79.70511188950867, 12.875394873541818], [79.70511142537612, 12.875485278339111], [79.70501927905092, 12.875484822956144], [79.70501881488242, 12.875575227753439], [79.7048345221871, 12.875574316897673]], [[79.70498910077777, 12.881361133181231], [79.70498956517083, 12.881270728428854], [79.70517386204332, 12.88127163957208], [79.70517432636453, 12.88118123481072], [79.70508217796421, 12.881180779257072], [79.7050831066695, 12.880999969743334], [79.70499095833208, 12.880999514162736], [79.70499142271616, 12.880909109410359], [79.70517571931916, 12.88091002053562], [79.70517479068573, 12.881090830049358], [79.70526693905909, 12.881091285567072], [79.70526647477382, 12.881181690337417], [79.70535862318312, 12.881182145819198], [79.70535723039916, 12.881453360121247], [79.70508078487484, 12.88145199352319], [79.70508124924096, 12.881361588770812], [79.70498910077777, 12.881361133181231]], [[79.70501602979962, 12.876117656501268], [79.70501649399506, 12.876027251712957], [79.70520078703174, 12.876028162469908], [79.70520032290817, 12.876118567267202], [79.70501602979962, 12.876117656501268]], [[79.70506174287253, 12.885158587921525], [79.70506220738238, 12.885068183196097], [79.70524650703067, 12.88506909455492], [79.70524557814572, 12.885249904023743], [79.70515342824521, 12.885249448353315], [79.70515389272812, 12.885159043618902], [79.70506174287253, 12.885158587921525]], [[79.7054619119506, 12.879012886624073], [79.70546237609213, 12.878922481835762], [79.70555452368396, 12.878922937182796], [79.70555405957835, 12.879013341971108], [79.7054619119506, 12.879012886624073]], [[79.7055289927012, 12.883895199605627], [79.70552945699545, 12.883804794844266], [79.70562160637493, 12.883805250335032], [79.70562114210762, 12.883895655096392], [79.7055289927012, 12.883895199605627]], [[79.70591244183213, 12.881004068495463], [79.70591290588384, 12.880913663716136], [79.70600505422127, 12.880914118964355], [79.7060045902055, 12.881004523752667], [79.70591244183213, 12.881004068495463]], [[79.70592543389658, 12.87847273419819], [79.70592589784948, 12.878382329391913], [79.70601804526164, 12.878382784559285], [79.70601758134468, 12.878473189365561], [79.70592543389658, 12.87847273419819]], [[79.70618842299932, 12.881095838965551], [79.7061888869522, 12.881005434168257], [79.70628103533456, 12.881005889326646], [79.70628057140861, 12.881096294123939], [79.70618842299932, 12.881095838965551]], [[79.70646579595332, 12.88091639473833], [79.70646625979842, 12.880825989932053], [79.70655840812687, 12.880826444982644], [79.70655794430871, 12.880916849797904], [79.70646579595332, 12.88091639473833]], [[79.70647878237637, 12.878385059866135], [79.70647924612264, 12.878294655041891], [79.70657139352582, 12.87829511000265], [79.70657092980649, 12.878385514826894], [79.70647878237637, 12.878385059866135]], [[79.70663153848294, 12.884533496883972], [79.7066320024089, 12.88444309209566], [79.70672415205786, 12.884443547218115], [79.70672368816784, 12.884533952006427], [79.70663153848294, 12.884533496883972]], [[79.70666539562667, 12.877933945594572], [79.70666585929212, 12.877843540761345], [79.70675800653359, 12.877843995641257], [79.7067575428951, 12.877934400474482], [79.70666539562667, 12.877933945594572]], [[79.7067556883322, 12.878296019825354], [79.70675615197966, 12.878205614992128], [79.70684829935588, 12.878206069854071], [79.70684783574436, 12.878296474687298], [79.7067556883322, 12.878296019825354]], [[79.7067607882567, 12.877301566587999], [79.70676125185925, 12.877211161745791], [79.70685339887616, 12.877211616571802], [79.70685293530056, 12.87730202141401], [79.7067607882567, 12.877301566587999]], [[79.70695759674769, 12.874861545033244], [79.70695852363838, 12.874680735294927], [79.70705066973002, 12.874681189968225], [79.7070497429112, 12.874861999706543], [79.70695759674769, 12.874861545033244]], [[79.70711361618217, 12.880377150464284], [79.70711407977574, 12.880286745622074], [79.7072062279335, 12.88028720043012], [79.70720576436688, 12.88037760527233], [79.70711361618217, 12.880377150464284]], [[79.70723542528229, 12.87459169432888], [79.70723727860553, 12.874230074807329], [79.70742157049237, 12.874230983875448], [79.70742018069981, 12.874502198536822], [79.70751232675552, 12.87450265303944], [79.7075118635123, 12.874593057926566], [79.70741971742964, 12.874592603423947], [79.70741925415946, 12.874683008311072], [79.70732710804985, 12.874682553772523], [79.70732757135596, 12.87459214889438], [79.70723542528229, 12.87459169432888]], [[79.70730162069827, 12.879654821297784], [79.70730208419303, 12.879564416446591], [79.70739423209028, 12.879564871164805], [79.70739376862248, 12.879655276015997], [79.70730162069827, 12.879654821297784]], [[79.7074641310895, 12.883904758093475], [79.70746459469206, 12.883814353269232], [79.70755674415237, 12.883814808077277], [79.70755628057677, 12.88390521290152], [79.7074641310895, 12.883904758093475]], [[79.70749611132022, 12.877666823783395], [79.70749750138228, 12.877395609175919], [79.707589648498, 12.877396063750401], [79.70758825852577, 12.87766727836686], [79.70749611132022, 12.877666823783395]], [[79.70777069988313, 12.878029806938564], [79.70777116316229, 12.877939402060422], [79.70786331047563, 12.877939856554057], [79.7078628472324, 12.8780302614322], [79.70777069988313, 12.878029806938564]], [[79.70786192074596, 12.878211071188483], [79.70786238398918, 12.878120666310341], [79.7079545313744, 12.878121120777026], [79.70795406816711, 12.87821152565517], [79.70786192074596, 12.878211071188483]], [[79.70803834096546, 12.87974886302332], [79.70803880420868, 12.879658458145178], [79.70813095216882, 12.879658912611863], [79.70813048896153, 12.879749317481021], [79.70803834096546, 12.87974886302332]], [[79.70804714194894, 12.878031170329637], [79.7080476051203, 12.877940765451495], [79.70813975245161, 12.877941219846315], [79.70813928930721, 12.87803162473344], [79.70804714194894, 12.878031170329637]], [[79.70832265787864, 12.878213343225466], [79.70832312096017, 12.878122938329359], [79.70841526836335, 12.87812339264333], [79.70841480531776, 12.878213797539438], [79.70832265787864, 12.878213343225466]], [[79.70838794243886, 12.883457280444727], [79.70838840569107, 12.883366875584551], [79.70848055501665, 12.883367330051236], [79.70848009179139, 12.883457734911412], [79.70838794243886, 12.883457280444727]], [[79.70840646983227, 12.87984108556159], [79.70840693294075, 12.879750680683449], [79.7084990809458, 12.879751135015386], [79.70849861786427, 12.879841539902511], [79.70840646983227, 12.87984108556159]], [[79.7085046376277, 12.878666276307003], [79.70850510065533, 12.878575871410893], [79.70859724823818, 12.878576325661983], [79.7085967852375, 12.878666730567074], [79.7085046376277, 12.878666276307003]], [[79.7062102250394, 12.87684681281003], [79.7062097612482, 12.876937217643254], [79.70611761435705, 12.876936762601648], [79.70611807817521, 12.876846357777405], [79.7062102250394, 12.87684681281003]], [[79.70472612426941, 12.878738028422854], [79.70472565987635, 12.878828433184216], [79.7046335123474, 12.878827977558704], [79.7046339767764, 12.878737572797343], [79.70472612426941, 12.878738028422854]], [[79.70480851943611, 12.880636983920168], [79.7048080550071, 12.880727388663562], [79.70471590677748, 12.880726933002117], [79.70471451335573, 12.880998147232301], [79.7045302167168, 12.880997235783648], [79.70453161034517, 12.88072602157143], [79.70462375855683, 12.88072647730474], [79.70462422305769, 12.880636072561346], [79.70480851943611, 12.880636983920168]], [[79.7060087662307, 12.880190880612956], [79.70600923021054, 12.880100475815663], [79.70610137825153, 12.880100931001], [79.70610091430761, 12.880191335807277], [79.7060087662307, 12.880190880612956]], [[79.70607956868356, 12.884349955916846], [79.7060786404454, 12.884530765457535], [79.70617079011234, 12.88453122077762], [79.70617032601571, 12.884621625547965], [79.70607817632182, 12.884621170227879], [79.70607771218927, 12.884711574998223], [79.70570911330593, 12.884709753367542], [79.70570957756425, 12.884619348615162], [79.70561742788833, 12.884618893124399], [79.7056178921736, 12.884528488381003], [79.70571004182257, 12.884528943853802], [79.70571097033023, 12.884348134340064], [79.70561882074415, 12.884347678867265], [79.70561928502941, 12.884257274114887], [79.70571143457059, 12.884257729587684], [79.70571236306029, 12.884076920073946], [79.70580451253858, 12.884077375501828], [79.70580404833416, 12.88416778026319], [79.70598834738055, 12.884168691038107], [79.7059874190885, 12.884349500569812], [79.70607956868356, 12.884349955916846]], [[79.7062102250394, 12.87684681281003], [79.70621068882161, 12.876756407985786], [79.70648712932436, 12.876757772895012], [79.70648666563197, 12.876848177737221], [79.7062102250394, 12.87684681281003]], [[79.70480851943611, 12.880636983920168], [79.7048094483031, 12.880456174415412], [79.70499374456473, 12.880457085630503], [79.70499328019861, 12.880547490382881], [79.70508542836536, 12.880547945945512], [79.70508496403517, 12.880638350706873], [79.70499281583248, 12.880637895144242], [79.70499235146637, 12.880728299905604], [79.70490020322775, 12.880727844298058], [79.70490066762981, 12.88063743954568], [79.70480851943611, 12.880636983920168]], [[79.70607956868356, 12.884349955916846], [79.70608003279816, 12.884259551146503], [79.70617218236627, 12.884260006457604], [79.70617171827864, 12.884350411227949], [79.70607956868356, 12.884349955916846]], [[79.7060087662307, 12.880190880612956], [79.70600783824406, 12.880371690207543], [79.70591569010426, 12.880371234968306], [79.70591661815378, 12.880190425382702], [79.7060087662307, 12.880190880612956]], [[79.70472612426941, 12.878738028422854], [79.70472658866248, 12.878647623661493], [79.70481873612854, 12.878648079251073], [79.70481827177142, 12.878738484021417], [79.70472612426941, 12.878738028422854]]], [[[79.70270027554884, 12.878456783101152], [79.70269934532539, 12.878637592480143], [79.70279149271958, 12.878638048788375], [79.70279056254105, 12.878818858167365], [79.70269841509297, 12.878818401859135], [79.70269794996328, 12.87890880654863], [79.70260580248822, 12.878908350195482], [79.70260626764487, 12.87881794551497], [79.70251412019677, 12.878817489143856], [79.70251505056395, 12.878636679782831], [79.70233075581147, 12.878635766950772], [79.70232936005411, 12.878906980965361], [79.70223721258805, 12.878906524495433], [79.70223907372663, 12.878544905809314], [79.70214692639532, 12.878544449312436], [79.70214739170467, 12.878454044649889], [79.70233168630442, 12.878454957598729], [79.70233122105795, 12.878545362270259], [79.70251551574752, 12.878546275093335], [79.70251598092213, 12.878455870412822], [79.70270027554884, 12.878456783101152]], [[79.70269934532539, 12.878637592480143], [79.70269888021366, 12.878727997169639], [79.70260673279252, 12.878727540834458], [79.70260719794915, 12.878637136144961], [79.70269934532539, 12.878637592480143]]], [[[79.70397407358716, 12.88162733367127], [79.70406622211323, 12.881627789629158], [79.7040657573788, 12.881718194345604], [79.7039736088168, 12.881717738387715], [79.70397407358716, 12.88162733367127]]], [[[79.70418856892692, 12.875751937392153], [79.70418810444401, 12.875842342153515], [79.70409595802899, 12.87584188643817], [79.70409642253884, 12.875751481685793], [79.70418856892692, 12.875751937392153]]]]}, "id": "+5972+7662", "properties": {"count": 7039, "water": 1}}, {"type": "Feature", "geometry": {"geodesic": false, "type": "Polygon", "coordinates": [[[79.70579337059935, 12.886247089612798], [79.70579383489361, 12.886156684869402], [79.70607028564613, 12.886158051197967], [79.70606982145968, 12.886248455950344], [79.70634627234695, 12.886249822000432], [79.70634580825032, 12.886340226770775], [79.70653010893166, 12.88634113731213], [79.70652918086418, 12.886521946852818], [79.70671348168027, 12.886522857286376], [79.70671487357488, 12.886251642948395], [79.706991324543, 12.88625300831576], [79.70699317995033, 12.885891389144552], [79.70708533014728, 12.885891844195143], [79.70708579395644, 12.885801439397849], [79.70727009429643, 12.885802349382248], [79.70727055803373, 12.885711944575972], [79.70736270817677, 12.885712399518765], [79.7073636355795, 12.885531589906211], [79.70754793573983, 12.885532499675014], [79.70754747211032, 12.885622904490274], [79.70745532199423, 12.885622449619348], [79.7074548583198, 12.885712854425623], [79.70754700846285, 12.885713309305535], [79.70754654482437, 12.88580371411181], [79.7074543946454, 12.885803259240884], [79.70745393096199, 12.885893664047162], [79.70736178075607, 12.885893209131318], [79.70736131703674, 12.885983613937594], [79.70726916680387, 12.88598315898582], [79.70726731177382, 12.886344778183977], [79.7071751614062, 12.886344323196269], [79.70717469760602, 12.886434727984579], [79.70708254720246, 12.886434272951956], [79.70708115568513, 12.88670548732587], [79.70698900519176, 12.886705032257312], [79.70698854131072, 12.886795437045624], [79.70689639079039, 12.886794981932152], [79.70689685470735, 12.88670457714384], [79.70662040325415, 12.886703211632744], [79.70662086726992, 12.886612806862399], [79.70652871682145, 12.886612351632145], [79.7065282527877, 12.88670275640249], [79.70625180137942, 12.886701390496134], [79.70625226552096, 12.886610985734773], [79.70616011509046, 12.886610530369772], [79.70616057925895, 12.886520125617395], [79.70606842887335, 12.886519670225445], [79.7060688930688, 12.886429265464084], [79.70597674271914, 12.886428810045183], [79.70597720694153, 12.886338405292806], [79.7058850566278, 12.886337949846958], [79.70588552088613, 12.886247545094578], [79.70579337059935, 12.886247089612798]]]}, "id": "+5976+7516", "properties": {"count": 76, "water": 1}}, {"type": "Feature", "geometry": {"geodesic": false, "type": "Polygon", "coordinates": [[[79.7074515728664, 12.922237257933277], [79.70745250292815, 12.922056448814796], [79.70754466638422, 12.922056904952349], [79.70754559636512, 12.921876095824885], [79.70800641335804, 12.921878375982638], [79.70800594853378, 12.921968780564336], [79.70809811197189, 12.921969236504259], [79.70809671757995, 12.922240450249353], [79.70800455404303, 12.922239994300448], [79.7080040892008, 12.922330398882146], [79.70754327138144, 12.92232811863456], [79.70754373638536, 12.922237714070828], [79.7074515728664, 12.922237257933277]]]}, "id": "+5983+7114", "properties": {"count": 30, "water": 1}}, {"type": "Feature", "geometry": {"geodesic": false, "type": "MultiPolygon", "coordinates": [[[[79.70889717051381, 12.909949064093617], [79.7088967064621, 12.910039468792096], [79.7087123882636, 12.910038558268708], [79.70871192413104, 12.910128962958202], [79.70861976501384, 12.910128507647102], [79.70862069333285, 12.909947698277092], [79.70889717051381, 12.909949064093617]]], [[[79.71267153079883, 12.91078134441883], [79.71267245625222, 12.910600534770344], [79.71248813737999, 12.910599626870036], [79.71248767458593, 12.910690031694278], [79.71257983405349, 12.910690485657907], [79.71257937128637, 12.910780890482151], [79.7119342548338, 12.910777712000131], [79.71193379183313, 12.910868116797424], [79.71119651583219, 12.910864482276667], [79.711196052562, 12.91095488704701], [79.71101173352808, 12.91095397808669], [79.71101219686113, 12.91086357332533], [79.7109200373846, 12.910863118804745], [79.7109205007446, 12.910772714043384], [79.71082834130401, 12.910772259486867], [79.71082880469994, 12.910681854725507], [79.71073664529527, 12.91068140014204], [79.71073710871816, 12.910590995389661], [79.71036847126116, 12.910589176732403], [79.7103689348188, 12.910498771989008], [79.71027677549498, 12.910498317252829], [79.71027723907956, 12.910407912509433], [79.71018507979167, 12.910407457746304], [79.71018461618013, 12.910497862480716], [79.70972381964185, 12.910495588126079], [79.70972428342408, 12.910405183409635], [79.70953996490219, 12.910404273452183], [79.7095395010571, 12.910494678159646], [79.7092630232024, 12.910493312971942], [79.70926348714632, 12.91040290826448], [79.70917132790333, 12.910402453133042], [79.70917225584506, 12.910221643736083], [79.70908009666496, 12.910221188577696], [79.70907963266716, 12.910311593276175], [79.70898747346011, 12.910311138090837], [79.70898793749384, 12.910220733392357], [79.70889577833172, 12.91022027818007], [79.70889624239241, 12.910129873481592], [79.70908056067175, 12.910130783879216], [79.70908195264722, 12.909859569774797], [79.70898979361085, 12.909859114607425], [79.7089893295861, 12.909949519305904], [79.70889717051381, 12.909949064093617], [79.7088976345745, 12.90985865940412], [79.70880547553813, 12.909858204164884], [79.70880733186175, 12.909496585388935], [79.7086230140675, 12.90949567484758], [79.70862347820903, 12.909405270158084], [79.70853131935235, 12.909404814837998], [79.70853224768034, 12.90922400546799], [79.7084400888955, 12.909223550120956], [79.70844055309094, 12.909133145440444], [79.70834839434204, 12.90913269006646], [79.70835117962248, 12.9085902619744], [79.70816686252891, 12.908589351172534], [79.70816639826161, 12.908679755844064], [79.70807423968338, 12.908679300389231], [79.70807470398663, 12.9085888957177], [79.70789038692001, 12.908587984718206], [79.70789085128612, 12.90849758005566], [79.7079830097835, 12.90849803556439], [79.70798393844387, 12.908317226221332], [79.70761530472387, 12.908315404006744], [79.70761576917982, 12.908224999344197], [79.70807656117262, 12.908227277013617], [79.7080770254579, 12.908136872342087], [79.70816918383849, 12.908137327769971], [79.70816871958017, 12.908227732450483], [79.7082608779967, 12.9082281878604], [79.7082613422101, 12.908137783170904], [79.70835350059967, 12.908138238544888], [79.70835396477715, 12.908047833855392], [79.70826180643249, 12.90804737849039], [79.70826273485032, 12.907866569120383], [79.70817057657753, 12.907866113728433], [79.70817150504925, 12.907685304358424], [79.70807934683934, 12.907684848939525], [79.70807981110664, 12.907594444259011], [79.70798765293266, 12.907593988813163], [79.70798718862942, 12.907684393493675], [79.70789503042849, 12.907683938011894], [79.70789549475867, 12.907593533331381], [79.70780333659368, 12.90759307782265], [79.70780380095981, 12.90750267315112], [79.70761948470167, 12.907501762034844], [79.7076204135417, 12.907320952700768], [79.7075282554935, 12.907320497102205], [79.70752732658158, 12.907501306427298], [79.70734301034143, 12.907500395122375], [79.70734393938808, 12.907319585806265], [79.70725178133986, 12.907319130108888], [79.70725224589462, 12.907228725455324], [79.7074365619192, 12.907229636814147], [79.70743702640209, 12.9071392321516], [79.70752918438743, 12.907139687777113], [79.70752964882541, 12.907049283105582], [79.70743749087602, 12.907048827489053], [79.70744027765663, 12.906506399504792], [79.70753243540841, 12.906506855103355], [79.70753336424845, 12.906326045760295], [79.70762552193733, 12.906326501322926], [79.70762691506265, 12.906055287299354], [79.7077190726617, 12.906055742817069], [79.70772046565227, 12.90578452877553], [79.7078126231525, 12.905784984257313], [79.70781308744677, 12.905694579567816], [79.70790524491107, 12.905695035013665], [79.70790617341873, 12.905514225634674], [79.70818264565897, 12.905515591747642], [79.70818496635768, 12.905063568237281], [79.70827712361539, 12.905064023530416], [79.708277587712, 12.904973618822954], [79.70836974493378, 12.904974074071173], [79.70837067305516, 12.904793264656249], [79.70855498738192, 12.904794175053874], [79.70855637933043, 12.904522960895555], [79.70864853639948, 12.904523416035977], [79.7086490003434, 12.904433011310548], [79.70874115738549, 12.904433466415037], [79.70874162128449, 12.904343061689609], [79.7089259353148, 12.904343971790789], [79.70892639915091, 12.904253567056378], [79.70901855613013, 12.90425402205307], [79.7090190199393, 12.904163617318659], [79.70929549081409, 12.904164982111103], [79.70929595450647, 12.904074577358726], [79.70938811144077, 12.904075032229652], [79.70939042971405, 12.903623008449797], [79.70948258647766, 12.903623463266825], [79.70948351370073, 12.903442653744102], [79.709391356991, 12.903442198936057], [79.70939228426798, 12.903261389422319], [79.70930012763012, 12.903260934587324], [79.70930059129556, 12.903170529834947], [79.70911627810068, 12.903169620075126], [79.70911674182899, 12.903079215322748], [79.709024585263, 12.903078760397921], [79.70902644026609, 12.902717141406375], [79.70911859668836, 12.90271759632222], [79.7091190603987, 12.902627191569842], [79.70930337318934, 12.902628101284746], [79.70930383682783, 12.902537696523385], [79.7093959931962, 12.90253815133143], [79.70939645679874, 12.902447746570068], [79.70948861314017, 12.902448201342182], [79.70948907670679, 12.902357796571838], [79.70958123302125, 12.902358251308018], [79.70958169654295, 12.902267846537674], [79.70948954026441, 12.902267391801493], [79.70949000382205, 12.90217698703115], [79.70930569134583, 12.902176077477941], [79.70930522772531, 12.902266482239302], [79.70912091519519, 12.902265572551347], [79.70912137887859, 12.902175167789986], [79.70902922265395, 12.902174712901092], [79.70902968637328, 12.902084308148714], [79.70856890545672, 12.902082033219155], [79.70856936933775, 12.901991628484744], [79.70893799393086, 12.901993448480493], [79.70893845767715, 12.901903043728115], [79.709491394477, 12.901905772720117], [79.70949093092834, 12.901996177499443], [79.70958308710806, 12.901996632217658], [79.70958262358636, 12.902087036988002], [79.71013556093418, 12.902089764668464], [79.71013602424927, 12.90199935987117], [79.71050464908494, 12.902001177666046], [79.71050418589562, 12.902091582472323], [79.71096496718947, 12.902093853988283], [79.71096450416185, 12.902184258812525], [79.71142528569825, 12.902186529537968], [79.71142482284131, 12.902276934380177], [79.71170129190149, 12.902278296432762], [79.71170082913437, 12.902368701283953], [79.7119772983293, 12.90237006305806], [79.711976835661, 12.902460467909252], [79.71216114854147, 12.902461375602947], [79.71216068593604, 12.902551780472105], [79.71234499889735, 12.902552688040037], [79.71234453634584, 12.902643092909196], [79.71243669286692, 12.902643546648246], [79.71243623035133, 12.902733951517405], [79.71262054346535, 12.902734858905674], [79.71262008101264, 12.902825263783816], [79.71271223760559, 12.902825717433034], [79.71271177517983, 12.902916122311177], [79.71280393181769, 12.902916575933446], [79.71280346941889, 12.903006980820571], [79.71289562609267, 12.903007434406907], [79.7128951637298, 12.903097839294032], [79.71298732043054, 12.90309829285342], [79.71298685809462, 12.903188697740545], [79.71307901484028, 12.903189151272983], [79.71307809022233, 12.903369961056216], [79.71317024703086, 12.903370414561703], [79.71316932246681, 12.903551224344938], [79.71326147935619, 12.903551677823476], [79.71326055483705, 12.903732487615692], [79.71335271178933, 12.90373294106728], [79.71335178733307, 12.903913750859498], [79.71344394435721, 12.903914204293121], [79.71344301994586, 12.904095014085337], [79.71353517703288, 12.904095467492011], [79.7135337905012, 12.90436668218932], [79.71362594769603, 12.904367135569043], [79.71362456121825, 12.904638350275334], [79.71371671852087, 12.904638803628108], [79.71371579425325, 12.904819613438292], [79.71380795161875, 12.9048200667731], [79.71380702740504, 12.905000876583284], [79.7138991848424, 12.90500132988216], [79.71389872276698, 12.905091734796233], [79.7139908802313, 12.90509218806816], [79.71398995613436, 12.905272997887325], [79.71408211367952, 12.905273451141285], [79.7140811896275, 12.905454260960452], [79.71417334723554, 12.905454714187462], [79.71417242323743, 12.905635524015612], [79.71426458091733, 12.905635977215672], [79.71426365697312, 12.905816787043822], [79.7143558147249, 12.905817240216933], [79.71435442888492, 12.90608845496814], [79.7144465867355, 12.906088908123285], [79.71444520095841, 12.906360122874492], [79.7145373589168, 12.906360576002687], [79.71453412554771, 12.906993410437142], [79.71462628373068, 12.906993863556355], [79.71461889305728, 12.908440342190532], [79.71452673433532, 12.908439889017421], [79.71452442439842, 12.908891913533896], [79.71443226551477, 12.908891460315868], [79.71442995531736, 12.909343484805394], [79.714337796272, 12.90934303154245], [79.71433502372967, 12.90988546089215], [79.71424286449569, 12.909885007566325], [79.71424240235739, 12.909975412453452], [79.71433456162731, 12.909975865779277], [79.71433409952495, 12.910066270666402], [79.7142419402191, 12.910065817340577], [79.7142387051432, 12.91069865151452], [79.71433086468262, 12.910699104867295], [79.71432994040603, 12.910879914632561], [79.71423778080373, 12.910879461279787], [79.7142336211009, 12.9116931051651], [79.71414146120216, 12.91169265174046], [79.71414007447285, 12.911963866347937], [79.71404791448428, 12.911963412887363], [79.71404698991124, 12.9121442226167], [79.71395482985977, 12.912143769120194], [79.71395298054301, 12.912505388551914], [79.71386082035681, 12.912504935010492], [79.7138589708514, 12.912866554415263], [79.71376681053944, 12.912866100828927], [79.7137658856969, 12.91304691052233], [79.71367372532205, 12.913046456891077], [79.71367280039867, 12.913227266575495], [79.71348847952319, 12.913226359205193], [79.71348801698963, 12.913316764047403], [79.71330369606027, 12.913315856533371], [79.71330323346383, 12.913406261366596], [79.71311891248055, 12.913405353717817], [79.71311844981226, 12.91349575854206], [79.71302628929367, 12.913495304668263], [79.71302582658045, 12.913585709483522], [79.71293366603491, 12.913585255573793], [79.71293320329475, 12.913675660389053], [79.7127488821408, 12.913674752461795], [79.71274841932876, 12.913765157268072], [79.71265625872034, 12.913764703259528], [79.71265811008527, 12.913403084043402], [79.71275027055894, 12.913403538042964], [79.71275119615606, 12.913222728421427], [79.71293551697762, 12.913223636312752], [79.71293597969984, 12.913133231497493], [79.71312030046751, 12.91313413925407], [79.71312076312682, 12.913043734429827], [79.71321292348371, 12.913044188249726], [79.7132133861071, 12.912953783425483], [79.71312122577716, 12.912953329605584], [79.71312307636055, 12.912591710299628], [79.71321523654676, 12.912592164110544], [79.71321569915217, 12.912501759277317], [79.71330785931143, 12.912502213052301], [79.71330924699295, 12.912230998543638], [79.71340140706238, 12.912231452273705], [79.71340186958695, 12.912141047431495], [79.71349402962045, 12.91214150112563], [79.71349449210909, 12.91205109628342], [79.71358665211562, 12.912051549941623], [79.71358757700308, 12.91187074024822], [79.7134954170684, 12.911870286590018], [79.71349634200975, 12.911689476896617], [79.71340418213795, 12.911689023220449], [79.71340510714218, 12.91150821353603], [79.71349726694211, 12.911508667203215], [79.71349772940381, 12.911418262361005], [79.71331340986683, 12.911417354990704], [79.7133138723914, 12.911326950148494], [79.71322171265435, 12.911326496409444], [79.7132226377574, 12.911145686734008], [79.71313047810119, 12.911145232976992], [79.71313140324915, 12.910964423301555], [79.7129470840715, 12.910963515706674], [79.71294800934523, 12.910782706040223], [79.71267153079883, 12.91078134441883]], [[79.7084461231308, 12.90804828918446], [79.70844705142287, 12.907867479805468], [79.70853920971362, 12.907867935098604], [79.70853967381923, 12.907777530400125], [79.70872399034685, 12.907778440887581], [79.70872352630413, 12.90786884558606], [79.70881568460388, 12.90786930078038], [79.70881661261745, 12.907688491365457], [79.70900092910017, 12.907689401655283], [79.70900000122133, 12.90787021107919], [79.7089078429126, 12.907869755947752], [79.70890737893276, 12.907960160655215], [79.70881522059707, 12.907959705487842], [79.7088147565813, 12.908050110195305], [79.70863043984707, 12.908049199752764], [79.7086299757684, 12.908139604451243], [79.70853781736984, 12.908139149185057], [79.70853828149342, 12.908048744486578], [79.7084461231308, 12.90804828918446]], [[79.71003969775762, 12.902812548436396], [79.71004155126053, 12.902450929292138], [79.71013370761992, 12.902451383839672], [79.71013324428687, 12.902541788627982], [79.71022540069116, 12.902542243139584], [79.71022401075487, 12.90281345752248], [79.71003969775762, 12.902812548436396]], [[79.71003969775762, 12.902812548436396], [79.71003877098372, 12.902993358004034], [79.70985445786968, 12.902992448774219], [79.70985492131952, 12.902902044003875], [79.70967060828634, 12.902901134648296], [79.70967107180805, 12.902810729877952], [79.70957891532291, 12.902810275159739], [79.70957984241123, 12.90262946561905], [79.70985631166006, 12.902630829665894], [79.7098558482192, 12.90272123444522], [79.7099480046774, 12.90272168906462], [79.70994754126349, 12.902812093843947], [79.71003969775762, 12.902812548436396]]], [[[79.71257937128637, 12.910780890482151], [79.71267153079883, 12.91078134441883], [79.71267106806765, 12.910871749243073], [79.71257890852823, 12.910871295297412], [79.71257937128637, 12.910780890482151]]]]}, "id": "+5998+7335", "properties": {"count": 5893, "water": 1}}, {"type": "Feature", "geometry": {"geodesic": false, "type": "Polygon", "coordinates": [[[79.7064703436475, 12.915903920105588], [79.70647080879516, 12.915813515541858], [79.70693161447828, 12.915815796544027], [79.70693207946424, 12.91572539196233], [79.7070242405757, 12.915725848063948], [79.70702470551674, 12.915635443473267], [79.70711686660127, 12.915635899538954], [79.70711733151536, 12.915545494948272], [79.70720949256395, 12.915545950978027], [79.70720902769477, 12.915636355568708], [79.70757767207779, 12.915638179373312], [79.7075781368212, 12.915547774764665], [79.70803894221686, 12.915550053772575], [79.7080394067896, 12.915459649145962], [79.70840805104683, 12.915461471755808], [79.70840851547584, 12.91537106712021], [79.70868499860364, 12.915372433727253], [79.70868546293383, 12.915282029073689], [79.70886978497711, 12.91528293997437], [79.70887024923543, 12.915192535320807], [79.7091467322195, 12.91519390141581], [79.709147196379, 12.91510349674428], [79.70923935734675, 12.915103952046397], [79.70923889321419, 12.915194356717928], [79.70942321523053, 12.91519526722335], [79.70942275116084, 12.91528567189488], [79.70969923430661, 12.915287037423944], [79.7096996982685, 12.915196632734448], [79.70979185929014, 12.915197087838937], [79.70979278715102, 12.915016278459944], [79.70960846524248, 12.915015368224017], [79.70960892923131, 12.914924963543504], [79.70951676831746, 12.914924508376133], [79.70951723233324, 12.91483410369562], [79.70933291057742, 12.91483319328003], [79.70933337465608, 12.9147427886085], [79.70942553549806, 12.91474324382977], [79.70942599954977, 12.914652839149257], [79.70951816035581, 12.914653294325612], [79.7095186243626, 12.914562889645099], [79.70961078515069, 12.914563344794503], [79.70961217705428, 12.914292130726016], [79.70979649842383, 12.914293040899063], [79.70979510672684, 12.914564254994499], [79.70970294592978, 12.914563799907977], [79.70970201805093, 12.914744609286968], [79.70988633976184, 12.914745519433065], [79.70988680364287, 12.914655114743569], [79.70997896446688, 12.914655569758226], [79.70997942831198, 12.914565165059747], [79.71007158910903, 12.914565620047457], [79.7100720529182, 12.914475215339994], [79.71053285680469, 12.914477489766496], [79.71053239316622, 12.914567894482941], [79.71062455399023, 12.91456834927302], [79.71062409037869, 12.914658753998449], [79.71090057295852, 12.91466011818902], [79.71090103647124, 12.91456971345461], [79.71099319730423, 12.914570168118924], [79.71099227035066, 12.914750977587747], [79.7109001094458, 12.914750522923432], [79.71089964593308, 12.914840927657846], [79.71062316314664, 12.914839563449306], [79.7106213086466, 12.915201182333051], [79.71043698654043, 12.915200272672045], [79.71043652283906, 12.91529067738849], [79.71025220068799, 12.915289767592737], [79.71025127314152, 12.915470576998679], [79.7101591120031, 12.915470122046903], [79.71015957580329, 12.915379717348424], [79.71006741470978, 12.915379262360716], [79.71006695086469, 12.915469667059195], [79.70997478973524, 12.915469212044538], [79.70997386197318, 12.915650021432512], [79.70988170078087, 12.915649566372938], [79.70988123686391, 12.915739971062434], [79.70978907564464, 12.915739515975911], [79.70978953958854, 12.915649111286417], [79.70969737840521, 12.91564865616396], [79.7096983063649, 12.915467846793952], [79.70951398413297, 12.915466936468192], [79.7095125919958, 12.915738150500747], [79.7096047532061, 12.915738605686085], [79.70960382515658, 12.91591941504711], [79.70941950260125, 12.915918504622535], [79.70941903851362, 12.916008909294066], [79.70886607073086, 12.916006177211859], [79.70886653502512, 12.915915772558296], [79.70803708388999, 12.915911672270047], [79.70803661929929, 12.91600207689666], [79.70785229679788, 12.916001165358175], [79.7078518321443, 12.916091569966824], [79.70757534831581, 12.916090202407567], [79.70757581307718, 12.915999797807903], [79.70729932938345, 12.915998429961187], [79.70729979423466, 12.915908025361523], [79.707115471859, 12.915907113310997], [79.70711454201285, 12.916087922492359], [79.70739102578743, 12.916089290536705], [79.7073905609542, 12.91617969513637], [79.70702191579863, 12.916177870990404], [79.70702238076663, 12.916087466408706], [79.70674589703695, 12.916086097969101], [79.70674636209478, 12.915995693396386], [79.70656203969217, 12.915994780950603], [79.70656250481287, 12.915904376377888], [79.7064703436475, 12.915903920105588]], [[79.70914301879971, 12.915917138734146], [79.70914441135908, 12.915645924746507], [79.70923657252446, 12.915646380066592], [79.7092351800639, 12.915917594063215], [79.70914301879971, 12.915917138734146]]]}, "id": "+6002+7198", "properties": {"count": 308, "water": 1}}, {"type": "Feature", "geometry": {"geodesic": false, "type": "Polygon", "coordinates": [[[79.71280754819249, 12.86612083103908], [79.71280800921687, 12.86603042590941], [79.71299229552517, 12.866031330494934], [79.71299275647769, 12.86594092535628], [79.71336132900446, 12.865942734141054], [79.7133608681777, 12.866033139297675], [79.7134530113588, 12.866033591410774], [79.71345255055898, 12.866123996576377], [79.71363683698407, 12.866124900721728], [79.71363637624714, 12.86621530588733], [79.71372851950011, 12.866215757910599], [79.71372759808914, 12.866396568250787], [79.7136354547733, 12.866396116218535], [79.71363499402739, 12.866486521375156], [79.71354285068459, 12.866486069306973], [79.71354238990274, 12.866576474472575], [79.71335810315426, 12.86657557022841], [79.71335856400798, 12.86648516507179], [79.71317427734036, 12.866484260701862], [79.71317381642376, 12.866574665849498], [79.713081673063, 12.866574213619618], [79.71308121211946, 12.866664618758271], [79.71298906873174, 12.866664166492457], [79.71298999069069, 12.866483356206167], [79.71308213401552, 12.866483808471981], [79.71308351682818, 12.866212593038053], [79.71299137360215, 12.866212140781224], [79.71299183456367, 12.86612173564257], [79.71280754819249, 12.86612083103908]]]}, "id": "+6038+7733", "properties": {"count": 43, "water": 1}}, {"type": "Feature", "geometry": {"geodesic": false, "type": "MultiPolygon", "coordinates": [[[[79.71505437021096, 12.76831062164619], [79.71514647792657, 12.768311069806701], [79.71514602134884, 12.768401475690958], [79.71533023685193, 12.768402371913167], [79.71532978033709, 12.768492777806404], [79.71542188812457, 12.768493225868102], [79.71542143164565, 12.768583631770323], [79.71560564730146, 12.76858452781287], [79.71560519087645, 12.768674933715092], [79.7157894066131, 12.768675829631874], [79.71578895025097, 12.768766235543078], [79.71588105815522, 12.768766683452062], [79.71588060182003, 12.76885708937225], [79.7160648177094, 12.768857985109369], [79.7160643614371, 12.768948391029557], [79.7161564694222, 12.76894883884871], [79.71615601318584, 12.769039244768898], [79.71634022921893, 12.769040140326354], [79.71633977304545, 12.769130546255525], [79.7165239891594, 12.7691314416962], [79.71652353304879, 12.76922184762537], [79.71670774924358, 12.769222742940281], [79.71670729318689, 12.769313148878435], [79.71689150946251, 12.769314044076566], [79.7168910534687, 12.769404450023703], [79.71698316165143, 12.769404897573361], [79.71698270568456, 12.769495303520499], [79.71707481389424, 12.769495751043205], [79.71707435796331, 12.769586156990343], [79.71716646620892, 12.769586604486102], [79.71716601030494, 12.769677010442223], [79.71725811859547, 12.769677457902048], [79.71725766271842, 12.769767863858169], [79.71734977103591, 12.769768311300028], [79.71734885934471, 12.76994912321227], [79.7175330761234, 12.769950017997175], [79.7175326203362, 12.770040423962278], [79.71780894563899, 12.770041765919549], [79.71780848994162, 12.770132171893636], [79.7179005984208, 12.77013261914685], [79.71790014275037, 12.770223025120936], [79.71808435977161, 12.770223919546515], [79.71808390417304, 12.770314325529585], [79.71817601272409, 12.770314772692966], [79.71817555715248, 12.770405178676036], [79.71826766573047, 12.770405625812469], [79.7182672101858, 12.770496031804521], [79.71835931880871, 12.770496478914005], [79.71835886329998, 12.770586884897074], [79.71845097194984, 12.770587331979609], [79.71845051646805, 12.770677737971662], [79.71863473385761, 12.770678632046897], [79.71863382301083, 12.770859444039987], [79.71872593177747, 12.77085989103269], [79.71872547637653, 12.770950297033725], [79.71863336757396, 12.77094985003204], [79.71863291214608, 12.771040256033077], [79.7183565856665, 12.771038914839373], [79.71835704120218, 12.77094850884732], [79.71826493241757, 12.770948061728854], [79.7182653879802, 12.770857655745784], [79.71808117048285, 12.770856761401054], [79.71808162610836, 12.770766355426968], [79.71762108259855, 12.770764119026152], [79.71762062681134, 12.770854524991256], [79.71743640935891, 12.770853630197367], [79.71743595350883, 12.770944036153487], [79.71706751852311, 12.770942246170453], [79.71706706253828, 12.77103265211759], [79.71688284499601, 12.771031756928442], [79.7168823889393, 12.771122162857614], [79.71651395378291, 12.771120372084061], [79.71651440997437, 12.771029966163873], [79.71633019247702, 12.771029070588451], [79.71633064873134, 12.770938664677246], [79.71614643132384, 12.77093776897606], [79.71614780024852, 12.770666551251429], [79.71623990886245, 12.770666999106513], [79.71623945258116, 12.770757405017719], [79.71633156123103, 12.770757852845854], [79.71633110498568, 12.770848258757058], [79.7164232136625, 12.770848706558244], [79.7164236698719, 12.770758300638056], [79.71697632182496, 12.770760986717537], [79.71697677783675, 12.770670580779383], [79.71706888647762, 12.770671028347007], [79.71706934245348, 12.770580622408852], [79.71697723384854, 12.770580174841228], [79.71697768985133, 12.770489768903074], [79.71688558128233, 12.770489321308501], [79.71688603732106, 12.770398915370347], [79.71651760320673, 12.770397124704592], [79.71651714704221, 12.77048753062478], [79.71624082139806, 12.770486187275122], [79.71624036512577, 12.770576593195308], [79.71614825655676, 12.770576145340224], [79.71614916915526, 12.770395333517815], [79.71605706064912, 12.770394885644764], [79.71605797329254, 12.770214073822354], [79.71587375642402, 12.77021317798642], [79.71587421281309, 12.770122772084198], [79.71596632121143, 12.770123220011149], [79.71596677755558, 12.770032814108928], [79.71605888592697, 12.770033261999945], [79.71605934224418, 12.76994285608874], [79.71578301723784, 12.769941512316873], [79.71578256083079, 12.770031918219095], [79.71559834411498, 12.770031022203497], [79.7155988005849, 12.76994061631026], [79.71550669226743, 12.769940168257545], [79.71550714877328, 12.769849762364307], [79.71541504049173, 12.769849314284643], [79.71541641008118, 12.76957809661391], [79.71532430189845, 12.769577648507298], [79.71532612810155, 12.76921602495231], [79.71523402005356, 12.769215576827731], [79.71523493320004, 12.769034765050238], [79.71477439333738, 12.769032523987166], [79.71477485006783, 12.768942118120878], [79.71495906593923, 12.768943014630548], [79.71495997925638, 12.76876220287102], [79.71505208713369, 12.768762651076448], [79.71505300036998, 12.768581839307938], [79.71496089256453, 12.768581391111493], [79.71496134921414, 12.768490985227238], [79.71505345699262, 12.768491433423684], [79.71505437021096, 12.76831062164619]], [[79.71605979855241, 12.769852450177536], [79.71606025485167, 12.769762044266331], [79.71615236313322, 12.769762492121416], [79.71615190686092, 12.769852898032621], [79.71605979855241, 12.769852450177536]], [[79.71707116632096, 12.770218998629288], [79.71707253419463, 12.769947780787875], [79.71716464256602, 12.769948228292618], [79.71716327480014, 12.770219446143011], [79.71707116632096, 12.770218998629288]], [[79.71624629633328, 12.769401316259817], [79.71624538387852, 12.769582128100193], [79.71615327566883, 12.769581680290024], [79.71615418818648, 12.769400868449647], [79.71624629633328, 12.769401316259817]], [[79.71624629633328, 12.769401316259817], [79.71624675255168, 12.76931091033963], [79.71633886067153, 12.769311358113866], [79.71633840448906, 12.769401764034054], [79.71624629633328, 12.769401316259817]]], [[[79.71505437021096, 12.76831062164619], [79.71496226249535, 12.768310173458728], [79.71496271913595, 12.768219767574474], [79.71505482681563, 12.768220215761934], [79.71505437021096, 12.76831062164619]]]]}, "id": "+6051+8814", "properties": {"count": 458, "water": 1}}, {"type": "Feature", "geometry": {"geodesic": false, "type": "Polygon", "coordinates": [[[79.71457961498504, 12.916124757173966], [79.71458100170537, 12.915853542611405], [79.71467316314023, 12.915853996018079], [79.71467593628444, 12.915311566839058], [79.71476809753065, 12.915312020200815], [79.71476855966895, 12.915221615331657], [79.71495288210748, 12.915222521938391], [79.71495242002308, 12.91531292680755], [79.71504458127829, 12.915313380070492], [79.71504365718135, 12.915494189817794], [79.71495149586327, 12.91549373655485], [79.71494826116468, 12.916126570647945], [79.71504042271633, 12.916127023937838], [79.71503949855651, 12.916307833676155], [79.71476301370394, 12.91630647369868], [79.71476347588715, 12.916216068838505], [79.71467131430856, 12.916215615449799], [79.71467177652771, 12.916125210589623], [79.71457961498504, 12.916124757173966]]]}, "id": "+6058+7188", "properties": {"count": 41, "water": 1}}, {"type": "Feature", "geometry": {"geodesic": false, "type": "Polygon", "coordinates": [[[79.71594029902089, 12.829882736018583], [79.71594121614689, 12.829701925022624], [79.71603334617666, 12.829702374979766], [79.71603380470373, 12.829611969481787], [79.71612593469756, 12.829612419402997], [79.71612639318869, 12.829522013905017], [79.71631065312245, 12.829522913648622], [79.71631019470318, 12.829613319155586], [79.71640232471498, 12.829613768986963], [79.71640186631367, 12.82970417450291], [79.71649399636141, 12.829704624298355], [79.71649216288193, 12.830066246371123], [79.71658429306441, 12.830066696148602], [79.71658291801322, 12.83033791269644], [79.7166750482945, 12.830338362455953], [79.71667458997405, 12.830428767980882], [79.71658245965682, 12.830428318221369], [79.71658154293506, 12.830609129244277], [79.71630515182169, 12.830607779750142], [79.71630561027689, 12.830517374243179], [79.71621347995068, 12.830516924357902], [79.71621531388828, 12.830155302339033], [79.71612318368784, 12.830154852426807], [79.71612364219695, 12.830064446928827], [79.71603151204143, 12.830063996980668], [79.71603242911353, 12.82988318598471], [79.71594029902089, 12.829882736018583]]]}, "id": "+6068+8136", "properties": {"count": 53, "water": 1}}, {"type": "Feature", "geometry": {"geodesic": false, "type": "MultiPolygon", "coordinates": [[[[79.71037543858553, 12.891242093039759], [79.71037497575553, 12.891332497917901], [79.71028282344754, 12.891332043846473], [79.71028328631347, 12.891241638968332], [79.71037543858553, 12.891242093039759]]], [[[79.71192954518237, 12.893690740244821], [79.71183739195811, 12.893690286631536], [79.71183692955032, 12.893780691545611], [79.7117447762991, 12.893780237905375], [79.7117457011596, 12.89359942808621], [79.71193000754525, 12.893600335330747], [79.71192954518237, 12.893690740244821]]], [[[79.71229584690285, 12.894144578989861], [79.71238800030677, 12.894145032459416], [79.71238753808763, 12.894235437382473], [79.71229538464777, 12.894234983912918], [79.71229584690285, 12.894144578989861]]], [[[79.71460291301652, 12.893523070784003], [79.71460245161484, 12.893613475796892], [79.71451029831871, 12.893613023126838], [79.71451075975632, 12.893522618122931], [79.71460291301652, 12.893523070784003]]], [[[79.71460383580191, 12.893342260758224], [79.71451168261358, 12.893341808106136], [79.71451214403322, 12.893251403093245], [79.71414353142363, 12.893249592161498], [79.71414168517911, 12.89361121214119], [79.71404953190994, 12.893610759318422], [79.71404907030164, 12.893701164304362], [79.71395691699652, 12.89370071144566], [79.71395645536128, 12.8937911164316], [79.7136799953651, 12.893789757639903], [79.71367953362206, 12.893880162616858], [79.713403073563, 12.893878803519733], [79.71340168801946, 12.89415001841467], [79.71321738113076, 12.894149112167263], [79.71321691920807, 12.894239517126254], [79.71303261226547, 12.894238610744097], [79.71303307426003, 12.89414820579409], [79.71284876739827, 12.894147299286171], [79.71284830534083, 12.894237704227194], [79.712756151883, 12.894237250928319], [79.71275661397638, 12.894146845987295], [79.71266446055449, 12.894146392652488], [79.71266538477718, 12.89396558277044], [79.71257323142716, 12.893965129417664], [79.71257415571274, 12.893784319535616], [79.71248200242559, 12.893783866155893], [79.71248154026034, 12.893874271087933], [79.71238938694626, 12.893873817663293], [79.71238984914743, 12.893783412740236], [79.71229769587825, 12.893782959288647], [79.71229584690285, 12.894144578989861], [79.71220369349892, 12.894144125493357], [79.71220415578095, 12.894053720570298], [79.71211200241295, 12.894053267046845], [79.712111540095, 12.894143671969902], [79.71201938670005, 12.894143218410514], [79.71201892435514, 12.89423362332459], [79.71192677092426, 12.89423316972927], [79.71192630853444, 12.894323574634361], [79.71174200162777, 12.894322667335924], [79.71174107671337, 12.894503477146108], [79.71164892319267, 12.89450302344299], [79.71164846069505, 12.894593428339098], [79.71155630715637, 12.894592974600048], [79.71155676968992, 12.89450256970394], [79.71137246267546, 12.894501662136008], [79.7113738504468, 12.894230447465649], [79.71155815725466, 12.894231355015615], [79.71155861977024, 12.894140950119507], [79.71165077315621, 12.89414140384059], [79.71165031066757, 12.894231808736698], [79.71183461750238, 12.894232716098017], [79.71183507991915, 12.894142311183943], [79.71192723331409, 12.894142764815195], [79.71192954518237, 12.893690740244821], [79.71202169840664, 12.893691193822175], [79.71202216073358, 12.893600788899118], [79.7121143139309, 12.893601242440537], [79.7121152385219, 12.893420432594423], [79.71220739165634, 12.89342088609991], [79.71220831615751, 12.893240076244812], [79.71211616308597, 12.893239622748307], [79.71211662536798, 12.893149217825249], [79.71202447233237, 12.893148764301795], [79.7120240100234, 12.893239169224852], [79.71183970389826, 12.893238262070145], [79.71183924151741, 12.893328666984221], [79.71156278226684, 12.893327306000632], [79.71156324474649, 12.893236901095541], [79.71137893865729, 12.893235993617441], [79.71137940119984, 12.893145588721334], [79.7114715542085, 12.893146042469366], [79.7114720167151, 12.893055637564274], [79.71156416969683, 12.893056091285358], [79.7115646321675, 12.892965686380267], [79.71138032627593, 12.892964778920133], [79.71138078880948, 12.892874374015042], [79.71128863590862, 12.892873920240058], [79.71129187376927, 12.89224108594035], [79.71138402644556, 12.892241539688383], [79.71138448895218, 12.892151134783292], [79.71147664160151, 12.892151588504376], [79.7114771040632, 12.892061183590302], [79.71156925668559, 12.892061637275452], [79.71156971911135, 12.891971232361378], [79.71166187169781, 12.891971686001613], [79.71166233409663, 12.891881281087539], [79.71175448664715, 12.891881734691841], [79.71175633606272, 12.89152011499961], [79.71166418363796, 12.89151966140429], [79.71166510839066, 12.891338851567157], [79.71184941311442, 12.891339758703898], [79.71184987541443, 12.891249353780841], [79.71203418008429, 12.891250260791816], [79.7120346423214, 12.891159855850793], [79.7121267946204, 12.891160309302382], [79.71212864339817, 12.890798689538284], [79.71185218688744, 12.890797329120636], [79.71185172459643, 12.890887734052678], [79.71175957240523, 12.89088728052024], [79.71175911007829, 12.890977685443296], [79.711574805633, 12.89097677826164], [79.71157573041266, 12.890795968415526], [79.71148357825739, 12.890795514784273], [79.71148404067416, 12.890705109861216], [79.71139188855483, 12.890704656203013], [79.71139281344227, 12.890523846365882], [79.7113006613948, 12.89052339268073], [79.71130112386548, 12.890432987766655], [79.71120897186293, 12.890432534045573], [79.71120943436055, 12.890342129131497], [79.71111728238495, 12.890341675383464], [79.71111681985138, 12.890432080297538], [79.71084036385271, 12.890430718846826], [79.71084082648508, 12.890340313950718], [79.71074867452744, 12.89033986007692], [79.71074913719575, 12.890249455180813], [79.71056483335234, 12.890248547334403], [79.71056529607453, 12.890158142438295], [79.71047314419775, 12.890157688474666], [79.71047268143961, 12.890248093361791], [79.71038052952689, 12.89024763936223], [79.71038006673281, 12.890338044240371], [79.71028791478416, 12.890337590204878], [79.71028745195416, 12.89042799508302], [79.71037960392977, 12.890428449127498], [79.71037914112671, 12.89051885400564], [79.71047129313826, 12.890519308023167], [79.71047036759504, 12.890700117788434], [79.71056251966945, 12.890700571779012], [79.71056066866386, 12.89106219131853], [79.7104685164547, 12.891061737318969], [79.71046759086656, 12.891242547084236], [79.71037543858553, 12.891242093039759], [79.71037636424552, 12.891061283283475], [79.71028421203636, 12.891060829221031], [79.7102846748933, 12.890970424342889], [79.71019252272906, 12.890969970253495], [79.71019205983617, 12.891060375122654], [79.71000775544479, 12.891059466827087], [79.71000682952427, 12.891240276556422], [79.70982252500713, 12.891239368126108], [79.7098220619795, 12.8913297729773], [79.70963775741743, 12.89132886441224], [79.70963822050794, 12.891238459561047], [79.70954606827182, 12.89123800522911], [79.70954699451573, 12.891057195535707], [79.7094548423425, 12.89105674117682], [79.7094553054959, 12.89096633633461], [79.70936315335858, 12.89096588193979], [79.70936454289962, 12.890694667413161], [79.70927239086113, 12.890694213009358], [79.709275170042, 12.890151783947118], [79.70936732188287, 12.890152238332956], [79.70936778503626, 12.890061833490746], [79.70945993684118, 12.890062287840651], [79.70946039995864, 12.889971882989459], [79.70982900708852, 12.889973700065681], [79.70982947006225, 12.889883295196523], [79.71019807712025, 12.88988511174274], [79.71019853995924, 12.889794706864599], [79.71029069170129, 12.889795160909076], [79.71029115451331, 12.889704756030934], [79.71047545793452, 12.889705664030057], [79.7104759206657, 12.889615259133949], [79.71075237573014, 12.889616620881105], [79.71075283836251, 12.889526215984997], [79.71130574839256, 12.889528938580993], [79.71130621081832, 12.889438533657936], [79.71167481744514, 12.88944034805718], [79.71167527973616, 12.88934994312514], [79.71185958300464, 12.889350850127132], [79.71186004523277, 12.889260445177126], [79.71204434844736, 12.88926135204437], [79.71204481060363, 12.889170947094364], [79.71213696218398, 12.889171400474087], [79.7121374243043, 12.889080995524079], [79.71232172740211, 12.88908190217573], [79.71232218945059, 12.88899149721674], [79.71250649250348, 12.888992403733642], [79.71250695448906, 12.888901998765668], [79.71259910597958, 12.888902451974712], [79.71259956792923, 12.888812046997757], [79.7128760223379, 12.888813406418276], [79.71287648417974, 12.888723001441319], [79.71306078707993, 12.88872390755398], [79.71306124884993, 12.888633502559056], [79.71315340026857, 12.888633955561488], [79.71315386200263, 12.888543550566565], [79.71333816478602, 12.888544456472612], [79.7133386264572, 12.888454051468706], [79.71343077782196, 12.888454504372323], [79.71343123944821, 12.888364099368417], [79.71361554212382, 12.888365005067852], [79.71361600367821, 12.888274600054963], [79.71370815498906, 12.888275052850783], [79.7137086165165, 12.88818464782891], [79.71389291907532, 12.888185553321733], [79.7138933805309, 12.888095148299861], [79.71398553177887, 12.888095600987882], [79.71398599319852, 12.888005195957026], [79.71407814441955, 12.888005648618098], [79.71407860580325, 12.887915243587242], [79.7142629081914, 12.887916148792605], [79.71426336950324, 12.887825743752765], [79.71435552067037, 12.88782619630604], [79.71435598194628, 12.8877357912662], [79.71444813308645, 12.887736243783543], [79.71444859432644, 12.88764583873472], [79.71454074543067, 12.887646291216129], [79.71454120663472, 12.887555886167307], [79.71472550879828, 12.88755679103131], [79.71472596993047, 12.887466385973504], [79.71481812098081, 12.887466838347116], [79.71481858207707, 12.88737643328931], [79.71491073310045, 12.887376885626988], [79.71491119416078, 12.8872864805602], [79.71509549615367, 12.887287385145726], [79.71509595714211, 12.887196980069954], [79.7151881081116, 12.887197432308817], [79.71518856906413, 12.887107027233046], [79.71528072000667, 12.887107479435976], [79.71528118092326, 12.887017074351222], [79.71537333182987, 12.88701752651822], [79.71537379271052, 12.886927121433466], [79.71546594359019, 12.886927573564531], [79.7154664044349, 12.886837168479776], [79.71555855527865, 12.88683762057491], [79.71555901608743, 12.886747215481172], [79.71565116690421, 12.886747667540373], [79.71565162767708, 12.886657262446635], [79.7157437784669, 12.886657714469903], [79.71574423920383, 12.886567309367182], [79.71629714382603, 12.886570020815086], [79.71629668328673, 12.886660425935773], [79.7163888341035, 12.886660877734462], [79.71638653153278, 12.887112903337897], [79.71647868252025, 12.88711335511862], [79.716474537972, 12.887927001195822], [79.7165666892559, 12.887927452976545], [79.71656530778174, 12.888198668329624], [79.71665745916445, 12.888199120083396], [79.71665699869703, 12.888289525204083], [79.71674915012466, 12.888289976930906], [79.71674868968418, 12.888380382060577], [79.71684084114774, 12.88838083375147], [79.71683992032966, 12.888561644010808], [79.7169320718561, 12.888562095683733], [79.71693115109193, 12.888742905934091], [79.71702330269024, 12.888743357580067], [79.71702238197098, 12.888924167839408], [79.71711453364115, 12.888924619458434], [79.71711361298476, 12.889105429726758], [79.71720576471783, 12.889105881318834], [79.71720254252378, 12.889738717244493], [79.7172946944904, 12.889739168836568], [79.71729147235027, 12.890372004753244], [79.71738362455943, 12.890372456327354], [79.7173827039839, 12.890553266586695], [79.71747485626493, 12.890553718142838], [79.71746887260478, 12.891728984828553], [79.71737671989256, 12.891728533236476], [79.71737579920922, 12.891909343486834], [79.71746795198433, 12.891909795078911], [79.7174656503838, 12.892361820700312], [79.71737349744699, 12.892361369081287], [79.71737165597253, 12.892722989555052], [79.71727950290098, 12.89272253789111], [79.71727766123786, 12.893084158337926], [79.71700120166389, 12.893082803121523], [79.71700074113357, 12.893173208224244], [79.71709289435783, 12.893173659995982], [79.71709151286571, 12.893444875304146], [79.71699935954263, 12.893444423523423], [79.71699751736747, 12.893806043907357], [79.71690536391863, 12.893805592072736], [79.7169044427502, 12.89398640226021], [79.7168122892295, 12.893985950389656], [79.7168109073511, 12.894257165652903], [79.71671875374057, 12.894256713737434], [79.71671737171843, 12.894527928982713], [79.71662521801805, 12.89452747703131], [79.71662383587017, 12.894798692258625], [79.71653168207098, 12.894798240262308], [79.71653122131609, 12.894888645338078], [79.71625475983768, 12.894887289151495], [79.71625429897499, 12.894977694209299], [79.7159778374337, 12.894976337717287], [79.71597922029126, 12.894705122561838], [79.71616352779083, 12.894706026904819], [79.71616491042381, 12.89443481172242], [79.71607275676836, 12.894434359582371], [79.71607321767596, 12.894343954524565], [79.71598106406542, 12.894343502348585], [79.715981524991, 12.894253097290779], [79.71588937141638, 12.894252645087848], [79.7158902933394, 12.894071834981222], [79.71598244685111, 12.894072287175169], [79.71598336869329, 12.89389147705956], [79.71607552214212, 12.893891929217574], [79.71607598302278, 12.89380152415977], [79.71635244328846, 12.893802880427202], [79.71635336484316, 12.89362207027566], [79.71626121148415, 12.893621618225442], [79.71626167229294, 12.893531213158653], [79.71616951896986, 12.893530761081486], [79.7161699798056, 12.893440356014699], [79.7159856732403, 12.89343945176155], [79.71598613413892, 12.893349046703745], [79.71580182764548, 12.893348142333815], [79.71580228860698, 12.893257737276011], [79.71571013540068, 12.893257285046131], [79.71571244031601, 12.892805259775072], [79.7158967464052, 12.892806164171951], [79.71589766821144, 12.892625354038374], [79.71525259743822, 12.892622188132767], [79.71525213629705, 12.892712593172606], [79.71506783033361, 12.89271168832657], [79.71506736912956, 12.89280209336641], [79.71515952213824, 12.892802545802901], [79.71515767742085, 12.89316416594429], [79.71469691171275, 12.8931619033486], [79.71469645035599, 12.89325230836149], [79.71460429719461, 12.893251855745335], [79.71460383580191, 12.893342260758224]], [[79.7102846748933, 12.890970424342889], [79.71028513775026, 12.89088001947373], [79.71019298561295, 12.890879565375354], [79.71019344849685, 12.890789160506195], [79.7103777526996, 12.890790068649048], [79.71037682706654, 12.890970878405332], [79.7102846748933, 12.890970424342889]], [[79.71202447233237, 12.893148764301795], [79.71193231930573, 12.893148310742408], [79.71193278165065, 12.893057905819349], [79.71202493464135, 12.893058359378736], [79.71202447233237, 12.893148764301795]], [[79.71147479169187, 12.892513208133725], [79.71147571665118, 12.892332398323543], [79.71175217480582, 12.892333759289164], [79.71175125003515, 12.892514569126297], [79.71147479169187, 12.892513208133725]], [[79.71184201575755, 12.892786237481806], [79.71184294047433, 12.892605427644673], [79.71193509330334, 12.892605881213044], [79.71193416864945, 12.89278669105916], [79.71184201575755, 12.892786237481806]], [[79.71193324398658, 12.892967500905275], [79.7119337063225, 12.892877095982218], [79.71211801218712, 12.892878003047093], [79.71211754991408, 12.89296840797015], [79.71193324398658, 12.892967500905275]], [[79.71211338933989, 12.893782052286653], [79.71211385163988, 12.893691647363596], [79.71220600487314, 12.893692100878066], [79.71220554260009, 12.893782505801125], [79.71211338933989, 12.893782052286653]], [[79.71221293846575, 12.892336026933386], [79.71221340067592, 12.89224562199236], [79.71230555337915, 12.892246075417], [79.71230509120493, 12.892336480358026], [79.71221293846575, 12.892336026933386]], [[79.71240556202024, 12.890709644709483], [79.71240602410464, 12.890619239759475], [79.71259032835229, 12.890620146330278], [79.71258940431824, 12.890800956248258], [79.71249725212704, 12.890800502976333], [79.71249771417551, 12.890710098017342], [79.71240556202024, 12.890709644709483]], [[79.71248292676508, 12.893603056282828], [79.71248338892133, 12.893512651350786], [79.71266769528901, 12.893513558065319], [79.71266723319563, 12.893603963006342], [79.71248292676508, 12.893603056282828]], [[79.71285477377681, 12.892972034945059], [79.71285523578037, 12.892881629995053], [79.71294738874411, 12.892882083222062], [79.7129469267765, 12.89297248817207], [79.71285477377681, 12.892972034945059]], [[79.71350630933885, 12.89170953712012], [79.71350769450508, 12.8914383221623], [79.71359984696578, 12.891438775101848], [79.71360123199727, 12.891167560135045], [79.71378553673001, 12.891168465906347], [79.71378461351343, 12.891349275896193], [79.71369246107969, 12.891348823019525], [79.71369061446686, 12.891710442999218], [79.71350630933885, 12.89170953712012]], [[79.7140592247588, 12.891712254353173], [79.71405968627725, 12.891621849349267], [79.71415183882779, 12.891622302109154], [79.71415137733628, 12.89171270711306], [79.7140592247588, 12.891712254353173]], [[79.71470106374396, 12.892348258160732], [79.71470152505582, 12.89225785313886], [79.71479367786685, 12.892258305692133], [79.71479321658195, 12.892348710722988], [79.71470106374396, 12.892348258160732]], [[79.71607828738115, 12.89334949883481], [79.71607920910652, 12.893168688710217], [79.71626351548319, 12.893169592873534], [79.71626305469236, 12.893259997940323], [79.7161709014681, 12.893259545872139], [79.71617044064135, 12.893349950938926], [79.71607828738115, 12.89334949883481]], [[79.71610501156016, 12.888106003963962], [79.71610639351941, 12.8878347886558], [79.71629069599739, 12.88783569243284], [79.71629023541318, 12.887926097544545], [79.71638238669708, 12.88792654938815], [79.7163810050163, 12.888197764723262], [79.71619670226883, 12.888196860982154], [79.71619716289797, 12.888106455879432], [79.71610501156016, 12.888106003963962]], [[79.71634783529936, 12.89470693111305], [79.71634875692592, 12.894526120979474], [79.71644091061732, 12.894526573029692], [79.71643998906262, 12.894707383172252], [79.71634783529936, 12.89470693111305]], [[79.71691319332922, 12.892268705425295], [79.71691365385055, 12.892178300322575], [79.7171901124274, 12.892179655529995], [79.71718919158236, 12.892360465762387], [79.71728134451018, 12.892360917435312], [79.71728088411463, 12.892451322556], [79.71718873115087, 12.892450870874091], [79.71718827071938, 12.892541275985794], [79.71709611771969, 12.89254082425897], [79.71709703865454, 12.892360014044545], [79.71700488572672, 12.892359562299756], [79.71700534622111, 12.892269157197035], [79.71691319332922, 12.892268705425295]], [[79.71222310629882, 12.890347118212889], [79.71203880227574, 12.890346211399542], [79.71204018886132, 12.890074996567487], [79.71213234077405, 12.890075449983144], [79.71213280293031, 12.889985045033136], [79.7122249548071, 12.889985498412859], [79.71222587904776, 12.889804688503862], [79.71231803086167, 12.889805141847653], [79.71231572041273, 12.890257166615656], [79.71222356842814, 12.89025671326288], [79.71222310629882, 12.890347118212889]], [[79.71222310629882, 12.890347118212889], [79.71231525831037, 12.890347571565663], [79.71231433409665, 12.890528381474661], [79.71222218202223, 12.89052792810392], [79.71222310629882, 12.890347118212889]]], [[[79.71460383580191, 12.893342260758224], [79.71469598899922, 12.893342713383364], [79.71469506627672, 12.893523523409142], [79.71460291301652, 12.893523070784003], [79.71460383580191, 12.893342260758224]]]]}, "id": "+6071+7505", "properties": {"count": 4128, "water": 1}}, {"type": "Feature", "geometry": {"geodesic": false, "type": "Polygon", "coordinates": [[[79.71631221742174, 12.919749562723512], [79.7163145261549, 12.919297538260937], [79.71640668891928, 12.919297991173536], [79.71640715062638, 12.919207586277427], [79.71659147610123, 12.919208492003813], [79.71659193773647, 12.91911808709872], [79.71668410043796, 12.919118539903524], [79.71668363883865, 12.919208944817598], [79.71677580158506, 12.91920939759545], [79.71677534002168, 12.919299802509524], [79.71686750280402, 12.919300255260428], [79.71686704125861, 12.919390660174503], [79.71695920407687, 12.919391112898456], [79.7169587425674, 12.919481517812532], [79.7168665797132, 12.919481065088577], [79.71686611816779, 12.919571470002653], [79.71677395528664, 12.919571017242767], [79.71677349370529, 12.919661422147858], [79.7166813307882, 12.919660969352039], [79.71668086917093, 12.91975137425713], [79.71631221742174, 12.919749562723512]]]}, "id": "+6077+7145", "properties": {"count": 33, "water": 1}}, {"type": "Feature", "geometry": {"geodesic": false, "type": "Polygon", "coordinates": [[[79.71819519029115, 12.784780169727439], [79.71791884893547, 12.784778826656257], [79.71791611168794, 12.785321261907889], [79.71782399771108, 12.785320814133653], [79.7178244539654, 12.78523040825838], [79.71764022608353, 12.78522951262906], [79.71764068240076, 12.78513910676277], [79.71754856849574, 12.785138658898703], [79.71755039383648, 12.784777035451514], [79.71764250760673, 12.784777483297615], [79.71764342018726, 12.784596671565037], [79.71782764760201, 12.784597567158427], [79.71782810382939, 12.784507161283154], [79.71810444487964, 12.784508504417218], [79.71810398876006, 12.784598910301472], [79.71838032994506, 12.784600253157059], [79.71837987391531, 12.78469065905928], [79.71847198768558, 12.784691106608937], [79.71847153168277, 12.78478151251116], [79.71856364548896, 12.784781960033868], [79.71856227757037, 12.785053177731548], [79.71847016367435, 12.785052730190873], [79.71846970765358, 12.785143136084113], [79.71837759373061, 12.785142688516489], [79.71837804976934, 12.78505228262325], [79.71819382198629, 12.785051387380204], [79.71819519029115, 12.784780169727439]], [[79.71819519029115, 12.784780169727439], [79.71819564639277, 12.784689763843184], [79.71828776015404, 12.784690211464707], [79.71828730408835, 12.784780617357946], [79.71819519029115, 12.784780169727439]]]}, "id": "+6085+8634", "properties": {"count": 52, "water": 1}}, {"type": "Feature", "geometry": {"geodesic": false, "type": "Polygon", "coordinates": [[[79.71783038487648, 12.78405513189781], [79.7178326658427, 12.783603102503484], [79.71792477919077, 12.78360355021484], [79.71792523534627, 12.783513144330584], [79.71810946199746, 12.783514039645496], [79.71810854982117, 12.783694851431973], [79.71820066322312, 12.783695299053495], [79.71820020716642, 12.783785704946734], [79.71829232059531, 12.783786152532324], [79.71829095249707, 12.78405737022102], [79.71783038487648, 12.78405513189781]]]}, "id": "+6085+8645", "properties": {"count": 24, "water": 1}}, {"type": "Feature", "geometry": {"geodesic": false, "type": "Polygon", "coordinates": [[[79.71881667444012, 12.771131556001551], [79.71881895126512, 12.770679525987386], [79.71909527740335, 12.770680866660065], [79.71909436687996, 12.770861678689087], [79.71918647565559, 12.770862125520093], [79.71918602042533, 12.770952531539095], [79.71946234689594, 12.770953871852448], [79.71946143661509, 12.771134683899437], [79.71918510994686, 12.771133343568117], [79.7191855651861, 12.771042937549115], [79.71900134749112, 12.771042043842188], [79.719000892189, 12.771132449852207], [79.71881667444012, 12.771131556001551]]]}, "id": "+6095+8787", "properties": {"count": 22, "water": 1}}, {"type": "Feature", "geometry": {"geodesic": false, "type": "Polygon", "coordinates": [[[79.71927772950455, 12.807568260212967], [79.7192790991479, 12.807297042901562], [79.71937122114673, 12.807297490918343], [79.7193725906643, 12.807026273597954], [79.7194647125733, 12.807026721578803], [79.71946425610338, 12.80711712735526], [79.7195563780483, 12.80711757530916], [79.71955592160532, 12.807207981085616], [79.71964804358618, 12.807208429003584], [79.71964849999323, 12.807118023218143], [79.71974062194714, 12.807118471109161], [79.71974153468038, 12.806937659529297], [79.71964941279833, 12.806937211647263], [79.71965032558548, 12.806756400076381], [79.7198345692238, 12.806757295786552], [79.71983502555, 12.806666889992128], [79.7200192691434, 12.806667785576533], [79.72001881288008, 12.806758191370957], [79.72011093471721, 12.806758639118245], [79.72011047848983, 12.80684904492165], [79.7202026003629, 12.806849492633006], [79.72020168796203, 12.807030304248801], [79.72001744409015, 12.807029408772195], [79.72001698781784, 12.807119814575602], [79.71992486585495, 12.807119366783398], [79.71992440954672, 12.807209772577822], [79.71974016557601, 12.807208876894602], [79.71973970919592, 12.807299282680042], [79.71955546516234, 12.807298386871057], [79.71955500871937, 12.807388792647515], [79.71937076464086, 12.8073878966948], [79.7193698516022, 12.807568708238732], [79.71927772950455, 12.807568260212967]]]}, "id": "+6107+8389", "properties": {"count": 36, "water": 1}}, {"type": "Feature", "geometry": {"geodesic": false, "type": "Polygon", "coordinates": [[[79.71946288173488, 12.880166590598865], [79.71946425921155, 12.879895374760697], [79.71955640766575, 12.879895825211912], [79.71955686678571, 12.879805419929529], [79.71983331207647, 12.879806771076565], [79.71983377108863, 12.879716365785196], [79.71992591949792, 12.879716816101666], [79.71992546051271, 12.879807221393033], [79.72001760895795, 12.879807671682553], [79.72001623209215, 12.88007888757462], [79.72010838063619, 12.88007933783719], [79.72010746276457, 12.88026014843789], [79.71964671975691, 12.880257896765714], [79.71964717884993, 12.88016749148333], [79.71946288173488, 12.880166590598865]]]}, "id": "+6110+7581", "properties": {"count": 30, "water": 1}}, {"type": "Feature", "geometry": {"geodesic": false, "type": "MultiPolygon", "coordinates": [[[[79.72409393784488, 12.74737968683508], [79.72409439047003, 12.7472892804837], [79.72427859135752, 12.747290169016331], [79.7242790439108, 12.747199762655969], [79.72372644150882, 12.747197096689767], [79.7237259887579, 12.747287503032164], [79.72363388833662, 12.747287058590677], [79.72363343554979, 12.747377464924089], [79.7234492346533, 12.747376575933318], [79.72344832892692, 12.74755738859116], [79.72354042944703, 12.747557833104512], [79.72353997661527, 12.747648239437925], [79.72326367499207, 12.747646905781089], [79.72326412791365, 12.747556499465642], [79.72317202741151, 12.747556054853474], [79.72317338628406, 12.747284835898153], [79.72289708509204, 12.747283501899956], [79.72289753813939, 12.747193095584509], [79.72280543778099, 12.747192650864545], [79.72280589085528, 12.74710224455808], [79.72271379053281, 12.747101799793201], [79.72271424364304, 12.74701139349572], [79.72262214335649, 12.74701094870389], [79.72262259649368, 12.74692054240641], [79.72253049624307, 12.746920097596615], [79.72253140256234, 12.746739284992671], [79.72262350275007, 12.746739729802467], [79.72262395586928, 12.746649323496003], [79.72299235650341, 12.746651102393828], [79.72299190351895, 12.746741508709274], [79.72391290567472, 12.74674595374398], [79.72391245300466, 12.746836360086377], [79.72474135554762, 12.746840357903801], [79.72474090316503, 12.74693076428213], [79.72501720417738, 12.746932096321999], [79.72501629960084, 12.747112909087638], [79.72492419919752, 12.747112465104292], [79.72492374686882, 12.747202871482623], [79.72473954600827, 12.747201983408132], [79.72473909361669, 12.747292389777478], [79.72437069179678, 12.747290613233238], [79.72437023927046, 12.7473810195936], [79.72409393784488, 12.74737968683508]], [[79.723635699457, 12.746925433248043], [79.72363615222588, 12.746835026905647], [79.72372825248547, 12.746835471329167], [79.72372779974356, 12.746925877671563], [79.723635699457, 12.746925433248043]]], [[[79.72409393784488, 12.74737968683508], [79.72409348521974, 12.747470093177474], [79.72400138471761, 12.747469648861752], [79.72400183737868, 12.747379242510373], [79.72409393784488, 12.74737968683508]]]]}, "id": "+6136+9053", "properties": {"count": 148, "water": 1}}, {"type": "Feature", "geometry": {"geodesic": false, "type": "Polygon", "coordinates": [[[79.72258644684035, 12.827383690406556], [79.72258827122886, 12.827022067399541], [79.72304891772154, 12.82702430477952], [79.72304937364349, 12.826933899012046], [79.72314150291866, 12.82693434638204], [79.72314013524263, 12.82720556370243], [79.72323226461663, 12.827206011054457], [79.72322952937235, 12.827748445686252], [79.72332165894397, 12.827748893020315], [79.72331983550768, 12.82811051611716], [79.72341196522302, 12.828110963433257], [79.7234115093909, 12.828201369209713], [79.72322724989732, 12.828200474523623], [79.72322679399332, 12.828290880291098], [79.7231346642151, 12.828290432903136], [79.72313420827517, 12.828380838661628], [79.72304207846999, 12.828380391237735], [79.72304162249412, 12.828470796996225], [79.722949492662, 12.8284703495364], [79.7229490366502, 12.828560755285906], [79.72285690679112, 12.828560307790148], [79.72285873095505, 12.828198684783134], [79.72276660123072, 12.828198237260425], [79.72276842546651, 12.82783661425341], [79.72267629587692, 12.827836166721719], [79.72267857626824, 12.827384137956214], [79.72258644684035, 12.827383690406556]], [[79.72313648794783, 12.827928809842224], [79.72313694386979, 12.827838404074749], [79.72322907347734, 12.827838851453727], [79.72322861759132, 12.8279292572212], [79.72313648794783, 12.827928809842224]]]}, "id": "+6142+8165", "properties": {"count": 92, "water": 1}}, {"type": "Feature", "geometry": {"geodesic": false, "type": "Polygon", "coordinates": [[[79.72323317634375, 12.827025199501543], [79.72323408805292, 12.82684438794863], [79.72369473433898, 12.826846624160797], [79.72369519002737, 12.826756218366375], [79.72387944849689, 12.826757112621273], [79.72387899288036, 12.82684751842468], [79.72397112215553, 12.826847965507215], [79.72396793295661, 12.827480806104113], [79.72406006246536, 12.827481253177663], [79.72405824011602, 12.827842876382306], [79.7241503697595, 12.827843323428908], [79.72414763633881, 12.828385758231382], [79.72396337665657, 12.828384864057332], [79.72396292100412, 12.828475269851754], [79.7235944015588, 12.828473481099412], [79.72359531311525, 12.828292669537515], [79.72350318332803, 12.828292222275318], [79.72350500653975, 12.827930599169488], [79.72341287688728, 12.827930151880341], [79.72341470016188, 12.827568528774512], [79.72332257064416, 12.827568081476382], [79.72332530565487, 12.827025646817638], [79.72323317634375, 12.827025199501543]]]}, "id": "+6150+8167", "properties": {"count": 128, "water": 1}}, {"type": "Feature", "geometry": {"geodesic": false, "type": "Polygon", "coordinates": [[[79.72303660650819, 12.829465260303694], [79.72303751854075, 12.829284448804678], [79.72331390894445, 12.829285791085342], [79.72331436485743, 12.829195385317867], [79.72386714556602, 12.829198068989863], [79.72386760127237, 12.829107663213406], [79.72442038190908, 12.829110345699625], [79.72441992639138, 12.829200751503032], [79.72432779624484, 12.829200304501347], [79.72432642959288, 12.8294715218936], [79.72414216911115, 12.829470627764465], [79.72414171348562, 12.829561033558889], [79.72368106217799, 12.82955879766113], [79.72368060638179, 12.829649203437588], [79.72321995500229, 12.829646966722361], [79.72321949903541, 12.829737372480853], [79.72312736873616, 12.82973692503001], [79.72312873670865, 12.829465707772503], [79.72303660650819, 12.829465260303694]]]}, "id": "+6156+8141", "properties": {"count": 63, "water": 1}}, {"type": "Feature", "geometry": {"geodesic": false, "type": "Polygon", "coordinates": [[[79.72433781743692, 12.827211376763515], [79.72433918382836, 12.826940159317362], [79.72443131315744, 12.826940606247183], [79.72443085772956, 12.827031012059573], [79.72461511645957, 12.827031905820398], [79.72461557181559, 12.826941499990042], [79.72479983049172, 12.82694239361612], [79.72479800928325, 12.827304016937545], [79.72489013875605, 12.827304463714652], [79.72488831762843, 12.827666087036077], [79.72498044723598, 12.827666533786234], [79.72497817090505, 12.828118562946997], [79.72488604112681, 12.828118116169891], [79.72488558581571, 12.828208522000248], [79.72460919641813, 12.828207181480282], [79.7246105626299, 12.827935964025146], [79.72451843294151, 12.827935517131259], [79.72452025464405, 12.827573893872716], [79.72442812508142, 12.827573446960862], [79.7244299468648, 12.827211823693336], [79.72433781743692, 12.827211376763515]]]}, "id": "+6160+8165", "properties": {"count": 62, "water": 1}}, {"type": "Feature", "geometry": {"geodesic": false, "type": "Polygon", "coordinates": [[[79.72507212162226, 12.82775738634878], [79.72507621853285, 12.82694373380371], [79.72516834788887, 12.826944180473019], [79.72516880304727, 12.826853774624695], [79.72526093237634, 12.826854221258072], [79.7252604772449, 12.826944627106394], [79.72535260660092, 12.826945073703838], [79.72535215150542, 12.82703547955216], [79.72544428089738, 12.827035926122655], [79.72544337075128, 12.827216737828282], [79.72535124129644, 12.827216291248805], [79.72534896570212, 12.827668320490417], [79.72525683608559, 12.827667873866025], [79.72525638091822, 12.827758279705364], [79.72507212162226, 12.82775738634878]]]}, "id": "+6165+8166", "properties": {"count": 29, "water": 1}}, {"type": "Feature", "geometry": {"geodesic": false, "type": "Polygon", "coordinates": [[[79.72469859388957, 12.828750063257493], [79.72469996006542, 12.828478845802357], [79.7251606095944, 12.828481079732805], [79.72516106481568, 12.82839067390245], [79.72562171426381, 12.828392906997463], [79.72562080414465, 12.828573718703092], [79.72552867418676, 12.82857327214158], [79.72552821909125, 12.82866367798092], [79.72515969914288, 12.828661891393518], [79.72515924391263, 12.828752297232857], [79.72469859388957, 12.828750063257493]]]}, "id": "+6169+8149", "properties": {"count": 29, "water": 1}}, {"type": "Feature", "geometry": {"geodesic": false, "type": "MultiPolygon", "coordinates": [[[[79.72621745233741, 12.892947008770577], [79.7261252988706, 12.892946560214805], [79.7261257561041, 12.89285615478869], [79.72621790954396, 12.892856603335478], [79.72621745233741, 12.892947008770577]]], [[[79.72696016330752, 12.891865730531318], [79.72695970639742, 12.891956135993365], [79.72686755327197, 12.891955687734038], [79.72686709632593, 12.892046093196086], [79.72659063685077, 12.892044748220476], [79.7265915509225, 12.89186393732333], [79.72696016330752, 12.891865730531318]]], [[[79.7253041529657, 12.891315224563645], [79.7253050679088, 12.891134413747348], [79.72558152625209, 12.891135759989584], [79.72558198362033, 12.891045354572451], [79.726042747424, 12.89104759764775], [79.72604320463054, 12.890957192212653], [79.7262275101089, 12.890958089207414], [79.72622659583054, 12.891138900086592], [79.7264109014616, 12.891139796964572], [79.72641044438082, 12.891230202408652], [79.72650259723677, 12.891230650802726], [79.72650122608427, 12.891501867152934], [79.72659337903903, 12.891502315520059], [79.72659200795837, 12.891773531870268], [79.7264077018602, 12.89177263508212], [79.72640953021926, 12.891411013305797], [79.72622522439956, 12.891410116400868], [79.72622431009425, 12.891590927280046], [79.72604000414879, 12.89159003024037], [79.72603954692427, 12.891680435666483], [79.7258552409249, 12.89167953849206], [79.72585615550868, 12.891498727639831], [79.72576400258086, 12.891498279012195], [79.7257644598952, 12.891407873595064], [79.72558015412041, 12.891406976240978], [79.725579239348, 12.891587787066257], [79.72539493345641, 12.891586889577422], [79.72539447599834, 12.89167729498557], [79.72521017005288, 12.891676397353006], [79.72521062757383, 12.891585991944858], [79.72502632170921, 12.891585094195513], [79.72502677929305, 12.891494688796348], [79.72493462640115, 12.891494239872268], [79.72493554162274, 12.891313429091904], [79.72502769445174, 12.891313878007], [79.72502860960145, 12.89113306720867], [79.72512076236758, 12.891133516087836], [79.72512030482865, 12.891223921487], [79.7252124576307, 12.891224370339215], [79.72521200012771, 12.89131477573838], [79.7253041529657, 12.891315224563645]], [[79.7253041529657, 12.891315224563645], [79.72548845865066, 12.891316122097395], [79.72548800123751, 12.891406527514526], [79.72530369548068, 12.89140562996281], [79.7253041529657, 12.891315224563645]], [[79.7261335286693, 12.891319262472882], [79.72613398584889, 12.891228857037783], [79.72622613869586, 12.891229305530672], [79.72622568154321, 12.891319710965771], [79.7261335286693, 12.891319262472882]]], [[[79.72621745233741, 12.892947008770577], [79.7263096058132, 12.892947457290415], [79.72631006298381, 12.892857051855316], [79.72658652332136, 12.892858397217202], [79.72658698039317, 12.892767991773121], [79.72677128723694, 12.892768888507371], [79.72677174424587, 12.892678483063289], [79.72686389764081, 12.892678931376516], [79.72686526852382, 12.892407715017324], [79.7272338817353, 12.892409507919885], [79.72723479538482, 12.892228696986807], [79.72732694862705, 12.89222914512037], [79.72732740541139, 12.892138739649338], [79.7276038650752, 12.892140083861381], [79.72760432175174, 12.892049678381367], [79.72769647494906, 12.892050126380182], [79.72769738823027, 12.89186931540219], [79.72760523510482, 12.891868867412358], [79.72760614843993, 12.891688056443348], [79.72742184233277, 12.891687160364869], [79.72742047212348, 12.891958376795925], [79.72732831897109, 12.89195792870728], [79.72732877574644, 12.891867523227265], [79.72696016330752, 12.891865730531318], [79.72696107710976, 12.891684919616207], [79.72686892407415, 12.891684471365863], [79.72686938100222, 12.891594065903817], [79.72668507501183, 12.891593169313298], [79.72668553200278, 12.891502763860235], [79.72659337903903, 12.891502315520059], [79.72659383606592, 12.891411910075979], [79.72668598898476, 12.891412358407171], [79.72668644596672, 12.891321952954106], [79.72687075175948, 12.891322849517676], [79.72687166558866, 12.891142038593582], [79.7272402769496, 12.891143831316478], [79.72723982017425, 12.891234236796492], [79.72760843172382, 12.891236029007349], [79.72760888837342, 12.891145623518353], [79.72770104123836, 12.891146071490219], [79.7277005846247, 12.891236476979214], [79.72788489042644, 12.891237372824133], [79.72788397732488, 12.891418183820091], [79.72797613029762, 12.891418631702125], [79.72797658681246, 12.891328226204147], [79.72806873975826, 12.891328674050248], [79.72806919624614, 12.891238268543285], [79.728161349156, 12.891238716353454], [79.72816089270404, 12.891329121860418], [79.7282530456588, 12.891329569643636], [79.72825258923379, 12.891419975159582], [79.7284368952152, 12.891420870627208], [79.72843643885307, 12.891511276143152], [79.72834428582644, 12.891510828422815], [79.72834382943735, 12.891601233929778], [79.72825167638376, 12.891600786173507], [79.7282503070728, 12.891872002694397], [79.72815815392939, 12.89187155489321], [79.72815678449264, 12.892142771405116], [79.72834109098609, 12.89214366698952], [79.72834154740212, 12.892053261482559], [79.72880231355039, 12.89205549986865], [79.72880140104172, 12.89223631091851], [79.72889355434684, 12.8922367585041], [79.72889309812844, 12.892327164038011], [79.72898525146948, 12.89232761158767], [79.72898388286818, 12.892598828180422], [79.72889172942831, 12.892598380612798], [79.72889127319195, 12.892688786137727], [79.72870696624935, 12.892687890894681], [79.72870650994112, 12.892778296410627], [79.7285222029536, 12.892777401041817], [79.7285217465735, 12.89286780654878], [79.7284295930528, 12.892867358810475], [79.72842868022073, 12.893048169815419], [79.72833652663715, 12.893047722041182], [79.7283360701762, 12.893138127539162], [79.72824391656566, 12.893137679728992], [79.72824300358089, 12.893318490724951], [79.72815084989848, 12.893318042869867], [79.72815039336568, 12.893408448358864], [79.7280582396653, 12.893408000476828], [79.72805778309656, 12.893498405965826], [79.72787347562395, 12.893497510084975], [79.72787301898335, 12.89358791556499], [79.72768871146582, 12.893587019549392], [79.72768779804986, 12.893767830500435], [79.72759564422373, 12.893767382429754], [79.72759518747532, 12.893857787900785], [79.72750303362223, 12.893857339803155], [79.72750212005356, 12.894038150736232], [79.72731781223061, 12.894037254424191], [79.72731826908681, 12.893946848971128], [79.72741042295786, 12.89394729713164], [79.72741087977813, 12.893856891669593], [79.72731872593403, 12.89385644350908], [79.72731918278126, 12.893766038047033], [79.72722702897309, 12.893765589850588], [79.72722748584725, 12.893675184397525], [79.7273196396195, 12.893675632584985], [79.72732009645773, 12.893585227122939], [79.72750440395728, 12.893586123399048], [79.72750760126799, 12.892953285101836], [79.7275997547887, 12.892953733172517], [79.72760112491714, 12.892682516741461], [79.72750897149524, 12.892682068679763], [79.72750851475583, 12.892772474159777], [79.72741636130698, 12.892772026062147], [79.72741590453163, 12.892862431533176], [79.72732375104685, 12.892861983408597], [79.72732420785813, 12.892771577937566], [79.7272320544093, 12.892771129786038], [79.72723159757106, 12.892861535248086], [79.72695513716165, 12.89286019056892], [79.72695376631455, 12.893131406928111], [79.72686161275792, 12.89313095863285], [79.72686115576697, 12.893221364076933], [79.72704546296109, 12.893222260649484], [79.727045006042, 12.893312666111532], [79.72713715967052, 12.893313114352893], [79.72713624587726, 12.893493925259019], [79.72704409217688, 12.893493477017659], [79.72704454911394, 12.893403071564595], [79.72676808812062, 12.8934017266339], [79.72676763109374, 12.893492132077983], [79.72658332371995, 12.893491235289835], [79.7265837808187, 12.893400829845753], [79.72639947352576, 12.893399932940824], [79.7263999306784, 12.893309527505727], [79.72630777707684, 12.893309079003854], [79.72630823426543, 12.89321867357774], [79.72621608069082, 12.89321822504892], [79.72621745233741, 12.892947008770577]], [[79.72658652332136, 12.892858397217202], [79.72686298369484, 12.892859742282644], [79.72686252671286, 12.892950147726724], [79.72658606624957, 12.892948802652299], [79.72658652332136, 12.892858397217202]], [[79.72769738823027, 12.89186931540219], [79.72769784487087, 12.891778909922177], [79.72778999796938, 12.891779357876077], [79.72779045457405, 12.89168895238708], [79.72797476070816, 12.891689848205047], [79.72797339110076, 12.891961064698986], [79.72788123792141, 12.891960616790003], [79.72788169449913, 12.891870211301006], [79.72769738823027, 12.89186931540219]], [[79.72806326167894, 12.892413540052953], [79.72806417472658, 12.892232729056992], [79.72824848128292, 12.892233624722246], [79.72824711190906, 12.892504841225168], [79.7281549585231, 12.892504393406016], [79.72815541501998, 12.892413987908037], [79.72806326167894, 12.892413540052953]]]]}, "id": "+6179+7457", "properties": {"count": 494, "water": 1}}, {"type": "Feature", "geometry": {"geodesic": false, "type": "Polygon", "coordinates": [[[79.72709897470425, 12.827767206174512], [79.72710033820313, 12.827495988449881], [79.72719246782864, 12.827496434427486], [79.7271947400992, 12.82704440486248], [79.72728686956302, 12.827044850786187], [79.7272873239758, 12.826954444865999], [79.72719519453892, 12.826953998942292], [79.72719610340941, 12.8267731871109], [79.72728823278341, 12.826773633025624], [79.72728868717823, 12.826683227105436], [79.72747294586333, 12.82668411883607], [79.7274724915224, 12.82677452476524], [79.72765675028836, 12.82677541637011], [79.72765629601032, 12.826865822308264], [79.72774842542923, 12.826866268061291], [79.72774660844284, 12.827227891804924], [79.72783873799649, 12.827228337539985], [79.72783737531509, 12.827499555345463], [79.72774524566262, 12.827499109601419], [79.72774479140254, 12.82758951553059], [79.72765266172313, 12.827589069750614], [79.72765220741815, 12.827679475670802], [79.72746794799642, 12.827678584003051], [79.72746749362855, 12.82776898992324], [79.72709897470425, 12.827767206174512]]]}, "id": "+6189+8168", "properties": {"count": 68, "water": 1}}, {"type": "Feature", "geometry": {"geodesic": false, "type": "MultiPolygon", "coordinates": [[[[79.72711727824648, 12.915462881248422], [79.7269329547569, 12.915461983202631], [79.72693341252939, 12.915371577902281], [79.72711773595609, 12.915372475939087], [79.72711727824648, 12.915462881248422]]], [[[79.72711727824648, 12.915462881248422], [79.72720943999575, 12.915463330217417], [79.72720852463044, 12.915644140836083], [79.72730068645158, 12.91564458977813], [79.72729931347548, 12.91591580570613], [79.72720715155553, 12.915915356746117], [79.72720577845367, 12.916186572656152], [79.72702145442511, 12.916185674628329], [79.72702008108969, 12.916456890511412], [79.72692791898109, 12.916456441434619], [79.72692700334629, 12.916637252017352], [79.7268348411748, 12.916636802904627], [79.72683621472582, 12.916365587048492], [79.72692837679848, 12.916366036143252], [79.72692883460691, 12.916275630851885], [79.72674451054242, 12.916274732626432], [79.72674542628502, 12.916093922052681], [79.7268375882499, 12.91609437117439], [79.72683850392063, 12.91591356060064], [79.72674634201864, 12.91591311147893], [79.72674725773429, 12.915732300905178], [79.72683941956441, 12.915732750017906], [79.7268398773908, 12.915642344717556], [79.72693203919397, 12.91564279379435], [79.72693112361307, 12.915823604386066], [79.7270232854881, 12.91582405343591], [79.7270237432516, 12.915733648144544], [79.72711590509071, 12.915734097158454], [79.72711727824648, 12.915462881248422]], [[79.72720715155553, 12.915915356746117], [79.72711498964456, 12.915914907759156], [79.72711544737213, 12.915824502458806], [79.72720760924717, 12.915824951445767], [79.72720715155553, 12.915915356746117]], [[79.72692975022375, 12.91609482026915], [79.72693066582262, 12.915914009686416], [79.72702282772461, 12.91591445873626], [79.7270223699611, 12.91600486403661], [79.727114531908, 12.916005313059506], [79.72711407417145, 12.916095718359855], [79.72692975022375, 12.91609482026915]]]]}, "id": "+6190+7187", "properties": {"count": 35, "water": 1}}, {"type": "Feature", "geometry": {"geodesic": false, "type": "Polygon", "coordinates": [[[79.72718519600235, 12.828942928934895], [79.72718655953716, 12.82867171122823], [79.72737081965059, 12.828672603165476], [79.72737127409032, 12.828582197254272], [79.72764766419758, 12.828583534908612], [79.72764720985666, 12.8286739408288], [79.72773933993133, 12.828674386653692], [79.72773797698942, 12.828945604423238], [79.72736945631341, 12.82894382089909], [79.72736900186469, 12.829034226801312], [79.72727687166424, 12.829033780841671], [79.72727732615787, 12.828943374930468], [79.72718519600235, 12.828942928934895]]]}, "id": "+6191+8147", "properties": {"count": 22, "water": 1}}, {"type": "Feature", "geometry": {"geodesic": false, "type": "Polygon", "coordinates": [[[79.72634870722274, 12.90343493182592], [79.72635236748923, 12.902711688929045], [79.72662883865146, 12.902713035252129], [79.72662975347778, 12.902532224498714], [79.72681406747216, 12.902533121870768], [79.72681361013086, 12.902623527251965], [79.72764302357268, 12.902627563858644], [79.72764393767136, 12.902446753033365], [79.72755178067418, 12.902446304657257], [79.72755132359339, 12.902536710065405], [79.72736700954512, 12.902535813214374], [79.72736746668879, 12.90244540781521], [79.72727530970057, 12.902444959340288], [79.7272762240508, 12.902264148541958], [79.72718406713444, 12.902263700040086], [79.72718452433202, 12.90217329464092], [79.72782962259367, 12.902176433426389], [79.72782916562069, 12.902266838852503], [79.72792132256399, 12.902267287120813], [79.72792086562693, 12.902357692546927], [79.72801302260615, 12.902358140788287], [79.72801347950727, 12.902267735362173], [79.72838210732534, 12.902269527986256], [79.7283825641007, 12.902179122551159], [79.72847472102602, 12.902179570621838], [79.7284742642866, 12.90226997606592], [79.72856642124785, 12.90227042410965], [79.72856596454436, 12.902360829553732], [79.72902674958421, 12.902363069305263], [79.72902629304241, 12.90245347476731], [79.72930276420465, 12.90245481823375], [79.72930139483978, 12.90272603464684], [79.7289327662312, 12.90272424325345], [79.7289323096355, 12.902814648706514], [79.72865583810494, 12.902813304808882], [79.72865538141043, 12.902903710252962], [79.72856322420664, 12.902903262218215], [79.7285627674762, 12.902993667662296], [79.72847061024545, 12.902993219591615], [79.72846969670373, 12.90317403046181], [79.72874616860258, 12.903175374593005], [79.72874525524053, 12.903356185490148], [79.72837662578752, 12.903354393216409], [79.7283770825988, 12.903263987790295], [79.72800845332546, 12.903262195013498], [79.72800799637942, 12.90335260043063], [79.72791583904088, 12.903352152153337], [79.72791538205891, 12.903442557570468], [79.72782322468443, 12.903442109257243], [79.72782276766652, 12.903532514665391], [79.72754629547121, 12.903531169519102], [79.72754675259692, 12.903440764119937], [79.72745459523142, 12.903440315680946], [79.72745322377348, 12.903711531869458], [79.72754538122881, 12.903711980326415], [79.72754446696842, 12.903892791124743], [79.72745230944123, 12.903892342667788], [79.72745185227062, 12.90398274805797], [79.72717537962615, 12.903981402480488], [79.72717492235672, 12.904071807861687], [79.72708276477563, 12.904071359261001], [79.72708230747027, 12.904161764642199], [79.72671367707403, 12.904159969925043], [79.72671413451414, 12.904069564552827], [79.72652981939687, 12.904068667010094], [79.72653073440286, 12.90388785628363], [79.72643857692057, 12.903887407467348], [79.72643949198046, 12.903706596749865], [79.72653164939086, 12.903707045557166], [79.7265325643699, 12.903526234821717], [79.72644040702237, 12.903525786023401], [79.72644086453434, 12.903435380660168], [79.72634870722274, 12.90343493182592]], [[79.72773518063275, 12.902628012207803], [79.72773609466856, 12.90244720137354], [79.72801256568707, 12.902448546214403], [79.72801165185788, 12.902629357057648], [79.72773518063275, 12.902628012207803]]]}, "id": "+6204+7333", "properties": {"count": 370, "water": 1}}, {"type": "Feature", "geometry": {"geodesic": false, "type": "Polygon", "coordinates": [[[79.72827030444239, 12.906156513049847], [79.7282730461186, 12.905614080591976], [79.72845736248453, 12.905614977011814], [79.7284578193587, 12.905524571594682], [79.72864213567073, 12.905525467888758], [79.72864030844354, 12.905887089584231], [79.72854815015278, 12.905886641441686], [79.72854769330556, 12.9059770468678], [79.72845553497886, 12.905976598689323], [79.7284550780957, 12.906067004106454], [79.72854723644936, 12.906067452284931], [79.72854632273695, 12.906248263119194], [79.72845416431144, 12.906247814931733], [79.72845462120357, 12.906157409514602], [79.72827030444239, 12.906156513049847]]]}, "id": "+6206+7296", "properties": {"count": 23, "water": 1}}, {"type": "Feature", "geometry": {"geodesic": false, "type": "Polygon", "coordinates": [[[79.72878603773034, 12.785283467232672], [79.72878829942772, 12.784831435933917], [79.72906464202308, 12.784832767623444], [79.72906509425296, 12.784742361352912], [79.72934143677645, 12.784743692745995], [79.72934098464539, 12.78483409902551], [79.7294330988648, 12.78483454276631], [79.72943174254347, 12.785105761604852], [79.72933962822523, 12.785105317864051], [79.72933917607621, 12.785195724143565], [79.72915494739483, 12.785194836545182], [79.72915449518291, 12.785285242815712], [79.72897026644765, 12.785284355091566], [79.72896981416386, 12.785374761353113], [79.7288776997648, 12.785374317441633], [79.7288781520845, 12.785283911180084], [79.72878603773034, 12.785283467232672]]]}, "id": "+6207+8632", "properties": {"count": 35, "water": 1}}, {"type": "Feature", "geometry": {"geodesic": false, "type": "Polygon", "coordinates": [[[79.7300629963832, 12.824617250928569], [79.7300657163112, 12.824074814715738], [79.73015784479585, 12.824075259534517], [79.73015829807676, 12.82398485349755], [79.73025042653448, 12.823985298280396], [79.73025087977047, 12.823894892234444], [79.73034300820123, 12.823895336981359], [79.73034255500117, 12.82398574302731], [79.73052681193457, 12.82398663244029], [79.7305263587884, 12.824077038495224], [79.73061848729103, 12.824077483152307], [79.73061622168598, 12.824529513426983], [79.73043196434836, 12.824528624040951], [79.73043151114828, 12.824619030086904], [79.7300629963832, 12.824617250928569]]]}, "id": "+6220+8199", "properties": {"count": 39, "water": 1}}, {"type": "Feature", "geometry": {"geodesic": false, "type": "Polygon", "coordinates": [[[79.72943457120354, 12.912852339375393], [79.72943502798789, 12.912761933976228], [79.72952718882986, 12.912762382037926], [79.72952810231769, 12.91258157122163], [79.7294359415386, 12.912581123159931], [79.72943639830497, 12.912490717760766], [79.72962071980028, 12.912491613830262], [79.72962117650377, 12.912401208422114], [79.72952901578756, 12.912400760405333], [79.729529472518, 12.912310354988202], [79.72971379388754, 12.912311250985832], [79.72971516385428, 12.912040034734439], [79.72980732444474, 12.912040482670372], [79.72980595456782, 12.912311698939732], [79.72989811526607, 12.9123121468577], [79.72990085478632, 12.911769714301013], [79.72999301527796, 12.91177016216508], [79.72999164563461, 12.912041378452408], [79.73008380623405, 12.912041826298509], [79.73008198012077, 12.912403448020934], [79.73017414085494, 12.912403895840086], [79.7301732278522, 12.91258470671028], [79.73026538864927, 12.912585154502484], [79.73026447569144, 12.912765965372678], [79.73035663656935, 12.912766413146915], [79.73035526720449, 12.913037629452207], [79.73044742818121, 12.913038077199495], [79.7304469717562, 12.913128482634592], [79.72989400575212, 12.91312579563883], [79.7298949189974, 12.912944984804566], [79.72980275807458, 12.912944536868634], [79.72980321472417, 12.912854131451503], [79.72943457120354, 12.912852339375393]]]}, "id": "+6221+7227", "properties": {"count": 75, "water": 1}}, {"type": "Feature", "geometry": {"geodesic": false, "type": "Polygon", "coordinates": [[[79.72860842368576, 12.893953120361653], [79.72861024921514, 12.893591498333803], [79.72879455680452, 12.893592393702614], [79.72879501311276, 12.893501988186667], [79.73008516618457, 12.893508252085244], [79.73008425449338, 12.893689063206967], [79.72999210061333, 12.893688615989687], [79.72999164472732, 12.893779021541565], [79.73008379864328, 12.893779468767828], [79.7300833427932, 12.893869874319707], [79.72989903489838, 12.89386897984023], [79.72989949082033, 12.893778574288351], [79.72980733691335, 12.893778127008188], [79.72980596904867, 12.894049343645857], [79.72989812305447, 12.894049790943987], [79.72989766712352, 12.894140196495865], [79.72980551308179, 12.894139749197736], [79.72980505711492, 12.894230154740631], [79.72934428681644, 12.894227917746928], [79.729344742945, 12.894137512221999], [79.72916043491544, 12.894136617203532], [79.72916089110689, 12.894046211678603], [79.72870012125756, 12.89404397357997], [79.72870057761969, 12.893953568073009], [79.72860842368576, 12.893953120361653]]]}, "id": "+6221+7429", "properties": {"count": 98, "water": 1}}, {"type": "Feature", "geometry": {"geodesic": false, "type": "Polygon", "coordinates": [[[79.72971016697551, 12.894772140645975], [79.72971199103165, 12.89441051849236], [79.7298041451722, 12.894410965826422], [79.72980368918735, 12.894501371369318], [79.72989584336383, 12.894501818685413], [79.72989629930376, 12.894411413133534], [79.73008060759383, 12.894412307657928], [79.73008243106605, 12.894050685432449], [79.73017458508085, 12.894051132631763], [79.73017367341659, 12.894231943753486], [79.73035798158988, 12.894232838062283], [79.7303566142642, 12.894504054753853], [79.73044876845863, 12.894504501872317], [79.73044694543556, 12.894866124124748], [79.73035479111536, 12.894865676997298], [79.73035433531018, 12.89495608255816], [79.73017002661587, 12.894955188195464], [79.73016865900271, 12.8952264048511], [79.73007650455673, 12.895225957615851], [79.73007604865275, 12.895316363158747], [79.7298917397069, 12.895315468580455], [79.72989265164964, 12.895134657494664], [79.72998480605966, 12.895135104792793], [79.72998571792155, 12.894954293707002], [79.72989356358337, 12.894953846408873], [79.72989447550813, 12.894773035323082], [79.72971016697551, 12.894772140645975]]]}, "id": "+6222+7423", "properties": {"count": 58, "water": 1}}, {"type": "Feature", "geometry": {"geodesic": false, "type": "MultiPolygon", "coordinates": [[[[79.73003044014372, 12.904356914690455], [79.73003180890672, 12.904085698232448], [79.73021612428451, 12.904086593313798], [79.73021566809305, 12.904176998811776], [79.73012351037721, 12.904176551280084], [79.73012305414983, 12.904266956769082], [79.73021521191059, 12.904267404300773], [79.73021475571913, 12.904357809789769], [79.73003044014372, 12.904356914690455]]], [[[79.73067235244041, 12.904992885502892], [79.73076451047963, 12.904993332863905], [79.73076405446784, 12.905083738370866], [79.73067189639268, 12.905083291000873], [79.73067235244041, 12.904992885502892]]], [[[79.73003044014372, 12.904356914690455], [79.73002907135378, 12.904628131130494], [79.73030554501334, 12.904629473770484], [79.73030600118682, 12.904539068272504], [79.73039815904639, 12.904539515750297], [79.73039907130352, 12.90435870476332], [79.7304912291092, 12.904359152196198], [79.73049077300759, 12.904449557694177], [79.73058293084918, 12.904450005100104], [79.7305824747835, 12.904540410607067], [79.73049031691495, 12.904539963192157], [79.7304889486011, 12.904811179686096], [79.73058110656848, 12.90481162710999], [79.73058065048482, 12.904902032607968], [79.73067280848812, 12.904902479995929], [79.73067235244041, 12.904992885502892], [79.73039587834067, 12.904991543222229], [79.73039496602964, 12.905172354200221], [79.7303028079365, 12.905171906704462], [79.7303018955536, 12.905352717673471], [79.73011757924156, 12.905351822565173], [79.73011712297826, 12.905442228045187], [79.73020928116121, 12.905442675621794], [79.73020836868848, 12.90562348658182], [79.73030052694331, 12.905623934131478], [79.73030143935316, 12.905443123162469], [79.73039359754512, 12.905443570667211], [79.73039314137162, 12.905533976156207], [79.73048529959951, 12.905534423634], [79.73048393116888, 12.905805640109971], [79.73029961451549, 12.905804745100488], [79.73030007073389, 12.905714339611492], [79.73020791244313, 12.905713892061835], [79.73020699994345, 12.905894703021861], [79.73002268324514, 12.905893807814747], [79.73002222692793, 12.905984213285777], [79.72993006854733, 12.905983765628323], [79.72992961219418, 12.906074171090369], [79.72983745378664, 12.90607372339698], [79.7298383665648, 12.905892912472886], [79.72965404989345, 12.90589201699628], [79.72965268052859, 12.906163233373437], [79.72956052209409, 12.906162785581234], [79.72955960910033, 12.906343596487362], [79.72928313363516, 12.906342252886175], [79.72928359023085, 12.906251847442094], [79.72919143177839, 12.906251399515144], [79.72919097515575, 12.906341804959224], [79.72900665819694, 12.906340908997526], [79.72900711489144, 12.906250503571412], [79.72873063958797, 12.906249159395303], [79.72873155317461, 12.906068348543073], [79.72863939481198, 12.906067900427477], [79.72863985163225, 12.905977495010346], [79.72873200995895, 12.905977943116959], [79.72873520735949, 12.905345105116192], [79.72864304926635, 12.905344657027547], [79.72864396284402, 12.905163846175316], [79.72855180481376, 12.90516339805972], [79.72855226163404, 12.905072992633606], [79.72846010363972, 12.90507254449106], [79.72846193101064, 12.904710922786602], [79.72836977315106, 12.904710474626091], [79.72837023002523, 12.904620069199977], [79.72855454567251, 12.90462096549405], [79.72855500246584, 12.904530560058953], [79.72864716026253, 12.904531008156583], [79.72864761701992, 12.904440602721486], [79.72883193255939, 12.904441498799965], [79.72883238924491, 12.904351093364868], [79.72910886248226, 12.90435243723555], [79.72910840588658, 12.90444284267963], [79.72920056367428, 12.90444329057963], [79.72920010711452, 12.904533696032695], [79.72929226492917, 12.904534143896763], [79.72929272146199, 12.9044437384437], [79.72947703704638, 12.904444634064037], [79.72947749350732, 12.90435422860199], [79.72956965126808, 12.904354676367245], [79.72956919484307, 12.90444508182929], [79.72993782606575, 12.904446872566911], [79.729938282365, 12.904356467086897], [79.73003044014372, 12.904356914690455]], [[79.7298388229449, 12.905802507001857], [79.729839279325, 12.905712101539809], [79.7299314375978, 12.905712549215231], [79.72993098125363, 12.905802954686262], [79.7298388229449, 12.905802507001857]], [[79.72993189394197, 12.905622143744202], [79.72993280661233, 12.905441332802141], [79.73002496479529, 12.905441780441631], [79.7300240521878, 12.905622591392675], [79.72993189394197, 12.905622143744202]]]]}, "id": "+6223+7312", "properties": {"count": 363, "water": 1}}, {"type": "Feature", "geometry": {"geodesic": false, "type": "MultiPolygon", "coordinates": [[[[79.7298752810707, 12.916832417238153], [79.72987573783708, 12.91674201184797], [79.73024438713387, 12.916743803825266], [79.73024347385265, 12.916924614641562], [79.73005914906952, 12.91692371869783], [79.73005960577301, 12.916833313298666], [79.7298752810707, 12.916832417238153]]], [[[79.7298752810707, 12.916832417238153], [79.72987482430433, 12.916922822628335], [79.72969049953916, 12.916921926433075], [79.72969004270092, 12.917012331823257], [79.72959788029587, 12.917011883671726], [79.72959833717005, 12.91692147829053], [79.72932185007168, 12.916920133647295], [79.7293213930987, 12.917010539019511], [79.72886058117228, 12.917008297291686], [79.72886103830697, 12.916917891937437], [79.72913752536041, 12.91691923706576], [79.72913798239628, 12.916828831702528], [79.7298752810707, 12.916832417238153]]]]}, "id": "+6224+7172", "properties": {"count": 20, "water": 1}}, {"type": "Feature", "geometry": {"geodesic": false, "type": "Polygon", "coordinates": [[[79.72999152755106, 12.802105240865085], [79.72999198008638, 12.802014834675402], [79.73008410055806, 12.802015278766547], [79.73008500554783, 12.801834466396166], [79.73017712595664, 12.801834910451376], [79.73017803086556, 12.801654098063029], [79.73008591051963, 12.801653654007817], [79.73008545803822, 12.8017440601975], [79.72999333766535, 12.801743616115338], [79.72999424270003, 12.801562803744957], [79.73008636300104, 12.801563247818134], [79.73008726796385, 12.80138243543877], [79.73017938820199, 12.801382879476014], [79.73018029308395, 12.801202067078684], [79.7302724132592, 12.801202511079996], [79.73027286565976, 12.80111210488133], [79.73036498581703, 12.80111254884671], [79.73036543818166, 12.801022142639061], [79.730457558303, 12.801022586568509], [79.73045801063171, 12.80093218036086], [79.73119497148569, 12.80093573061066], [79.7311945194175, 12.801026136845259], [79.73128663957478, 12.801026580487244], [79.73128618753354, 12.801116986721842], [79.73165466832435, 12.801118760975378], [79.73165512022186, 12.801028354722813], [79.7317472403971, 12.801028798203102], [79.731746336647, 12.801209610708232], [79.73183845689412, 12.801210054161572], [79.73183439015794, 12.802023710434652], [79.73192651069252, 12.802024153887992], [79.73192515515272, 12.802295372645684], [79.73201727579509, 12.802295816072075], [79.73201501665791, 12.802747847334897], [79.73210713746198, 12.802748290743322], [79.73210533022231, 12.803109915762562], [79.73219745116113, 12.80311035915302], [79.73219519219462, 12.803562390424826], [79.73201094997565, 12.803561503572045], [79.7320114018462, 12.803471097328464], [79.73109019131721, 12.803466661178096], [79.73109064351115, 12.803376254970447], [79.73099852250947, 12.803375811175748], [79.73099897473035, 12.803285404968099], [79.7309068537646, 12.803284961155432], [79.73090821050813, 12.803013742523504], [79.7308160896412, 12.803013298683888], [79.73081654191598, 12.80292289247624], [79.73072442108497, 12.802922448609674], [79.73072577798122, 12.802651229986727], [79.73063365725801, 12.802650786093213], [79.73063456190641, 12.8024699736869], [79.73054244124609, 12.802469529775419], [79.73054334593941, 12.802288717369105], [79.73008274304198, 12.802286497335594], [79.7300836480587, 12.80210568495623], [79.72999152755106, 12.802105240865085]]]}, "id": "+6228+8453", "properties": {"count": 453, "water": 1}}, {"type": "Feature", "geometry": {"geodesic": false, "type": "Polygon", "coordinates": [[[79.73070519882673, 12.916746043073742], [79.73070565528766, 12.916655637647628], [79.73088997992708, 12.916656533106268], [79.73089043632514, 12.916566127680154], [79.73171989705428, 12.916570155627074], [79.73171944095266, 12.91666056108912], [79.73181160330381, 12.916661008477082], [79.73181069116345, 12.916841819392191], [79.7313498790933, 12.916839582084078], [79.73134942285694, 12.916929987528158], [79.73107293556095, 12.916928644744438], [79.73107339189613, 12.91683823930934], [79.73079690473489, 12.916836896247142], [79.7307973611689, 12.916746490821028], [79.73070519882673, 12.916746043073742]], [[79.73116555429219, 12.916838686939847], [79.73116601060043, 12.916748281495765], [79.73125817296955, 12.91674872909034], [79.73125771669724, 12.916839134525437], [79.73116555429219, 12.916838686939847]]]}, "id": "+6240+7174", "properties": {"count": 34, "water": 1}}, {"type": "Feature", "geometry": {"geodesic": false, "type": "Polygon", "coordinates": [[[79.73103596931209, 12.905989135370815], [79.73103642526998, 12.905898729863852], [79.7309442668804, 12.905898282565722], [79.73094563482593, 12.905627066053817], [79.73112995139847, 12.905627960596178], [79.73113040731144, 12.905537555080231], [79.73122256556627, 12.905538002297513], [79.73122302143433, 12.905447596781567], [79.73140733789907, 12.905448491117314], [79.73140824949147, 12.905267680067457], [79.73150040766544, 12.905268127185922], [79.7315008634257, 12.90517772165201], [79.73168517971078, 12.905178615772162], [79.73168563539917, 12.90508821023825], [79.73177779351028, 12.905088657248918], [79.73177688218739, 12.905269468325725], [79.7316847240134, 12.905269021306074], [79.73168426831603, 12.905359426839986], [79.7315921101061, 12.905358979793386], [79.73159074288822, 12.905630196386138], [79.73149858457948, 12.905629749294622], [79.73149767302303, 12.905810560344479], [79.73140551465143, 12.905810113208046], [79.73140460301413, 12.905990924248922], [79.73131244457963, 12.90599047708554], [79.73131107699342, 12.906261693633377], [79.7312189184691, 12.906261246416097], [79.73121846256511, 12.906351651932043], [79.73112630400486, 12.90635120467883], [79.73112584806493, 12.90644161018579], [79.73103368948671, 12.906441162905628], [79.73103323351086, 12.906531568403608], [79.7309410748967, 12.906531121087513], [79.73094061888492, 12.906621526585491], [79.73084846023482, 12.906621079233464], [79.73084800418711, 12.906711484731444], [79.73075584551006, 12.9067110373345], [79.73075538942642, 12.906801442832478], [79.73066323072243, 12.906800995399601], [79.73066277460285, 12.906891400888599], [79.73057061587191, 12.906890953428773], [79.7305701597074, 12.906981358908785], [79.73047800094952, 12.906980911413026], [79.73047708855763, 12.907161722373052], [79.73038492972788, 12.90716127483238], [79.73038675463742, 12.90679965292131], [79.73047891333242, 12.906800100453], [79.73048028187084, 12.906528884003977], [79.7306645990722, 12.906529778932613], [79.7306650551828, 12.906439373443616], [79.73057289661357, 12.906438925992774], [79.73057335275112, 12.906348520503776], [79.7304811942178, 12.906348073034968], [79.73048210654682, 12.906167262056975], [79.73057426501724, 12.906167709525784], [79.7305751772654, 12.905986898547791], [79.73103596931209, 12.905989135370815]], [[79.73103596931209, 12.905989135370815], [79.73112812772861, 12.905989582641995], [79.73112767180666, 12.906079988157941], [79.7310355133542, 12.906079540877778], [79.73103596931209, 12.905989135370815]]]}, "id": "+6240+7301", "properties": {"count": 100, "water": 1}}, {"type": "Feature", "geometry": {"geodesic": false, "type": "Polygon", "coordinates": [[[79.73224013534846, 12.83140837466272], [79.73224330488327, 12.830775532215293], [79.73261182892796, 12.83077730915479], [79.73261137627587, 12.830867715236675], [79.73297990050023, 12.8308694916821], [79.73297899545655, 12.831050303863835], [79.73307112659124, 12.83105074790108], [79.73306976909312, 12.831321966182665], [79.73316190032662, 12.83132241019296], [79.7331614478542, 12.831412816292811], [79.73325357912364, 12.831413260276157], [79.73325312668715, 12.831503666376008], [79.73343738929789, 12.831504554252868], [79.7334369369153, 12.831594960352719], [79.73362119961587, 12.8315958481128], [79.73362074729616, 12.831686254221633], [79.73371287868237, 12.831686698052266], [79.73371197409685, 12.831867510278917], [79.73361984264776, 12.831867066439301], [79.73361848565268, 12.832138284765803], [79.7338027487575, 12.832139172427068], [79.7338022964827, 12.832229578544885], [79.73389442807553, 12.832230022330602], [79.73389397582768, 12.83232042844842], [79.73398610745645, 12.832320872207186], [79.73398565524454, 12.832411278325003], [79.73407778690922, 12.832411722047837], [79.73407733472426, 12.832502128174639], [79.73389307133199, 12.83250124067507], [79.73389261908414, 12.832591646783904], [79.73380048735656, 12.832591202980222], [79.73380093964933, 12.832500796871388], [79.73343241292766, 12.832499021360212], [79.73343286534619, 12.832408615260361], [79.73324860207069, 12.832407727320618], [79.73324814958929, 12.832498133411486], [79.73278749130174, 12.832495912973732], [79.73278839658794, 12.832315100818947], [79.7326962650041, 12.83231465663797], [79.73269762301426, 12.832043438419268], [79.73260549152923, 12.832042994220325], [79.73260594422622, 12.831952588147423], [79.73251381278611, 12.83195214391255], [79.73251426550108, 12.831861737848632], [79.7324221340969, 12.831861293586808], [79.7324230395987, 12.831680481458971], [79.73233090826638, 12.831680037170198], [79.73233226659096, 12.831408818978444], [79.73224013534846, 12.83140837466272]]]}, "id": "+6245+8123", "properties": {"count": 205, "water": 1}}, {"type": "Feature", "geometry": {"geodesic": false, "type": "Polygon", "coordinates": [[[79.73426883161171, 12.831056517438789], [79.73426973573012, 12.830875705167223], [79.73445399796357, 12.830876592289497], [79.73445354596726, 12.830966998434265], [79.73454567711991, 12.830967441950486], [79.73454522515952, 12.831057848095254], [79.73463735634812, 12.831058291584526], [79.73463645247226, 12.831239103883043], [79.73472858373272, 12.831239547345366], [79.73472632414638, 12.831691578087165], [79.73481845557751, 12.831692021540505], [79.734817099885, 12.83196323999277], [79.73472496836403, 12.831962796530448], [79.73472451642162, 12.832053202675214], [79.73463238486472, 12.832052759185942], [79.73463328880345, 12.831871946905391], [79.73454115731842, 12.83187150338917], [79.73454432122078, 12.831238660384786], [79.73445218996034, 12.831238216859582], [79.73445264196563, 12.831147810714814], [79.7343605107501, 12.83114736716266], [79.73436096279133, 12.831056961026876], [79.73426883161171, 12.831056517438789]]]}, "id": "+6265+8122", "properties": {"count": 29, "water": 1}}, {"type": "Feature", "geometry": {"geodesic": false, "type": "Polygon", "coordinates": [[[79.73450401261024, 12.876080920077387], [79.73450446623252, 12.87599051424703], [79.73487305653694, 12.875992294159952], [79.73487260304942, 12.876082700008274], [79.73533334117025, 12.876084924192002], [79.7353324345186, 12.87626573592458], [79.73542458221823, 12.87626618066251], [79.73542367561149, 12.876446992395088], [79.73533152784898, 12.876446547648174], [79.73533198118379, 12.876356141781885], [79.73505553800408, 12.876354807343514], [79.73505599142871, 12.876264401486209], [79.7348716960654, 12.876263511704918], [79.73487214955291, 12.876173105856596], [79.73459570662472, 12.876171770951101], [79.73459616021105, 12.876081365111762], [79.73450401261024, 12.876080920077387]]]}, "id": "+6272+7623", "properties": {"count": 22, "water": 1}}, {"type": "Feature", "geometry": {"geodesic": false, "type": "MultiPolygon", "coordinates": [[[[79.73706213803797, 12.917228889874576], [79.73687781254516, 12.917227998727848], [79.73687826681422, 12.917137593086137], [79.73669394139327, 12.917136701813645], [79.73669439572521, 12.9170462961899], [79.73678655839976, 12.91704674183513], [79.73678701268678, 12.916956336202404], [79.73706350062955, 12.916957672949446], [79.73706213803797, 12.917228889874576]]], [[[79.73742988092566, 12.917411483083143], [79.73742942685423, 12.917501888733835], [79.73733726399105, 12.917501443295219], [79.7373377180984, 12.917411037653508], [79.73742988092566, 12.917411483083143]]], [[[79.73742988092566, 12.917411483083143], [79.7374307890775, 12.917230671772773], [79.73733862631312, 12.917230226352123], [79.7373390804115, 12.91713982070143], [79.73724691768307, 12.917139375244846], [79.73724737180838, 12.917048969594152], [79.73715520912486, 12.917048524110621], [79.73715747988624, 12.916596495866138], [79.73697315484259, 12.916595604836191], [79.73697360904876, 12.916505199185497], [79.73678928409494, 12.916504308029786], [79.7367888298169, 12.916594713662512], [79.73669666731304, 12.916594268035249], [79.73669621299906, 12.916684673667977], [79.73660405046826, 12.916684227995798], [79.73660086995604, 12.91731706737997], [79.73669303272939, 12.917317513070115], [79.73669257838847, 12.917407918702843], [79.73696906681634, 12.917409255584632], [79.73696861257423, 12.91749966122634], [79.73706077541945, 12.917500106790722], [79.73705986699812, 12.917680918074142], [79.73696770408104, 12.917680472491794], [79.73696724982995, 12.917770878133505], [79.73678292394187, 12.917769986878978], [79.73678246961892, 12.917860392502723], [79.73659814367696, 12.917859501122432], [79.73659950683447, 12.9175882842512], [79.73650734397127, 12.917587838525124], [79.73650779838407, 12.91749743290138], [79.73641563555681, 12.91749698713937], [79.73641654443628, 12.917316175900865], [79.7363243816719, 12.917315730111905], [79.73632529060528, 12.917134918882384], [79.73623312791277, 12.917134473075459], [79.73623403690004, 12.916953661845938], [79.7361418742794, 12.916953216003078], [79.73614232879999, 12.916862810388318], [79.73605016621528, 12.91686236451851], [79.73605107531932, 12.916681553306955], [79.73595891280648, 12.916681107410197], [79.73596073108645, 12.916319484978105], [79.73586856870836, 12.916319039063382], [79.73586811410692, 12.916409444669158], [79.73577595170187, 12.916408998718502], [79.73577640633026, 12.916318593112724], [79.7354999192319, 12.916317255081092], [79.7355003739591, 12.916226849484298], [79.7354082116349, 12.916226403407876], [79.73540912114319, 12.916045592232255], [79.73513263438619, 12.916044253832313], [79.73513308923916, 12.915953848244502], [79.73504092702275, 12.9159534020513], [79.7350422916535, 12.915682185314816], [79.7351344537621, 12.915682631499035], [79.7351349085971, 12.915592225911224], [79.73504274652443, 12.915591779727006], [79.73504320138638, 12.915501374148176], [79.73495103934066, 12.915500927937009], [79.73495149423853, 12.915410522358181], [79.73485933222874, 12.915410076120065], [79.73485978715357, 12.915319670541235], [79.73458330124997, 12.915318331629255], [79.73458375627361, 12.915227926068393], [79.73449159434468, 12.91522747970451], [79.73449295948747, 12.91495626300396], [79.7343086358362, 12.914955370195349], [79.73430909094967, 12.914864964634488], [79.73403260560303, 12.914863625192499], [79.73403306080633, 12.91477321964062], [79.73384873732574, 12.914772326526583], [79.73384919259193, 12.914681920974704], [79.7336648691922, 12.9146810277349], [79.73366532452127, 12.914590622200988], [79.73357316286182, 12.91459017553168], [79.73357361821783, 12.914499769997768], [79.73348145659432, 12.91449932330151], [79.7334819119773, 12.914408917767597], [79.73338975038972, 12.914408471035406], [79.73339066121852, 12.914227659976564], [79.73329849970281, 12.914227213226408], [79.73329895514867, 12.914136807692495], [79.7332067936599, 12.91413636091539], [79.7332072491327, 12.914045955381477], [79.73311508768884, 12.914045508577422], [79.7331155431886, 12.913955103052492], [79.73302338178068, 12.913954656212503], [79.73302110407533, 12.914406683819182], [79.73292894250572, 12.914406236925295], [79.73292848691614, 12.914496642441241], [79.73265200212646, 12.914495301579915], [79.73265154643805, 12.914585707086879], [79.73219073835644, 12.914583471638277], [79.73219119420652, 12.91449306614928], [79.73209903263691, 12.914492618967932], [79.73210040027702, 12.914221402509925], [79.73200823880622, 12.914220955301628], [79.73200869471918, 12.914130549821614], [79.73191653328432, 12.914130102586366], [79.73191562139549, 12.914310913546393], [79.73173129840899, 12.9143100189681], [79.7317308423972, 12.914400424439131], [79.73154651935678, 12.914399529726092], [79.73154697544044, 12.91430912425506], [79.7312704910011, 12.914307781947448], [79.7312691224537, 12.914578998324606], [79.73136128403229, 12.914579445802397], [79.73136082787677, 12.914669851255463], [79.73099218146356, 12.914668061137679], [79.73099263775383, 12.914577655693599], [79.73108479931446, 12.914578103270205], [79.73108844923235, 12.913854859645696], [79.73090412663211, 12.913853964519431], [79.73090458292238, 12.913763559066366], [79.73072026041197, 12.913762663814337], [79.73072071676512, 12.913672258370257], [79.73062855554585, 12.913671810694835], [79.73062901192594, 12.913581405250754], [79.7308133343016, 12.913582300565665], [79.73081379061881, 12.913491895112601], [79.7309059517752, 12.91349234271616], [79.73090549549393, 12.913582748169222], [79.73099765669522, 12.913583195736846], [79.7309972004409, 12.91367360118991], [79.73108936167813, 12.913674048739567], [79.73108890545075, 12.913764454192632], [79.7316418731257, 12.913767138789892], [79.73164232914647, 12.91367673330988], [79.73173449040166, 12.913677180625974], [79.7317349463865, 12.913586775154943], [79.73182710761476, 12.913587222435106], [79.73182756356366, 12.913496816946111], [79.73191972476496, 12.913497264190342], [79.73192018067793, 12.913406858701345], [79.73201234184332, 12.913407305918627], [79.7320132535884, 12.91322649493165], [79.73210541469987, 12.913226942104016], [79.732105870532, 12.913136536606036], [79.73219803160754, 12.913136983742469], [79.73219848740374, 12.913046578244488], [79.73256713161607, 12.913048366439876], [79.7325675872775, 12.912957960923931], [79.73284407036938, 12.912959301722374], [79.73284452592303, 12.912868896206428], [79.73312100895201, 12.912870236699444], [79.73312146440685, 12.912779831165533], [79.73349010834967, 12.91278161802243], [79.73349056367874, 12.912691212479535], [79.73413569047989, 12.912694338212482], [79.73413523539335, 12.912784743782327], [79.73441171846726, 12.91278608290092], [79.73441126347058, 12.912876488479748], [79.73450342453712, 12.912876934798714], [79.7345038794979, 12.912786529210903], [79.73468820156812, 12.912787421732054], [79.73468865645701, 12.912697016144243], [79.73514946152928, 12.912699246858722], [79.73514900680209, 12.9127896524645], [79.73533332891724, 12.912790544536493], [79.73533287425292, 12.91288095014227], [79.73551719645789, 12.912881842088499], [79.73551674185646, 12.91297224770326], [79.7360697087319, 12.912974922769395], [79.7360692543281, 12.913065328411104], [79.73616141552043, 12.913065774146165], [79.73616096114357, 12.913156179778893], [79.73625312237182, 12.913156625487003], [79.736252213681, 12.913337436770425], [79.73634437498112, 12.913337882442603], [79.73634392065816, 12.913428288084313], [79.73643608199421, 12.913428733738526], [79.73643562770718, 12.913519139380234], [79.73661995045116, 12.913520030589845], [79.73661949622701, 12.913610436240539], [79.73671165763493, 12.91361088180492], [79.73671074924054, 12.913791693106306], [79.73680291072033, 12.913792138643737], [79.73680245655008, 12.913882544294431], [79.73698677958151, 12.91388343527048], [79.73698632547415, 12.913973840930154], [79.73717064859541, 12.913974731780439], [79.73716974049748, 12.914155543117758], [79.73726190212997, 12.914155988502475], [79.73726144811245, 12.914246394171135], [79.73735360978087, 12.91424683951992], [79.73735270179972, 12.914427650866223], [79.73744486353102, 12.91442809618806], [79.73744395560377, 12.914608907534362], [79.73753611740695, 12.91460935283823], [79.73753566347027, 12.914699758515873], [79.73771998716644, 12.914700649024798], [79.73771953329265, 12.914791054711424], [79.7378116951677, 12.914791499916477], [79.73781124132982, 12.914881905603103], [79.73790340324977, 12.914882350781209], [79.73790249560999, 12.91506316215446], [79.7379946576018, 12.9150636073146], [79.73799375002488, 12.915244418687852], [79.73808591207958, 12.91524486382104], [79.73808545832257, 12.915335269507667], [79.73817762041321, 12.915335714613907], [79.73817580546599, 12.915697337378376], [79.73826796769137, 12.915697782457666], [79.73826615281602, 12.91605940523112], [79.73835831518514, 12.916059850292443], [79.73835740779687, 12.91624066167468], [79.73844957022887, 12.916241106709053], [79.73844820921832, 12.91651232379588], [79.73854037175812, 12.91651276881229], [79.73853810350305, 12.916964797290333], [79.73826161538959, 12.916963462115344], [79.73826116163258, 12.917053867792987], [79.73816899890413, 12.917053422668781], [79.7381685451022, 12.917143828346424], [79.73798421959143, 12.917142937990212], [79.73798376572661, 12.917233343658872], [79.73779944016194, 12.917232453158931], [79.73779898622526, 12.91732285882759], [79.73761466060668, 12.917321968192901], [79.73761420659814, 12.917412373852578], [79.73742988092566, 12.917411483083143]], [[79.73191653328432, 12.914130102586366], [79.73136356475598, 12.914127418492162], [79.7313644770221, 12.91394660756807], [79.73145663836713, 12.913947054991963], [79.73145709445977, 12.913856649520932], [79.73164141709594, 12.913857544260923], [79.73164096107517, 12.913947949740935], [79.73191744515519, 12.913949291617357], [79.73191653328432, 12.914130102586366]], [[79.73256530892536, 12.913409988485693], [79.7325662202752, 12.913229177462785], [79.73265838140465, 12.913229624437522], [79.73265792576116, 12.913320029953466], [79.73275008692653, 12.913320476901253], [79.73274917570247, 12.913501287933146], [79.73265701447421, 12.913500840976376], [79.73265747011769, 12.913410435469412], [79.73256530892536, 12.913409988485693]], [[79.73357726094919, 12.91377652567257], [79.73357771627826, 12.913686120129675], [79.73366987760534, 12.913686566763053], [79.73366942231219, 12.913776972305948], [79.73357726094919, 12.91377652567257]], [[79.73588038706102, 12.913968493097572], [79.73588129606625, 12.913787681850085], [79.73597345751908, 12.913788127674977], [79.73597254857673, 12.913968938931447], [79.73588038706102, 12.913968493097572]], [[79.73624676123062, 12.914422304399078], [79.73624767000229, 12.914241493133625], [79.73652415489977, 12.914242830168128], [79.73652324632573, 12.914423641451547], [79.73643108462137, 12.914423195797335], [79.73643063028943, 12.914513601439046], [79.73633846855812, 12.914513155748901], [79.736338922926, 12.914422750116174], [79.73624676123062, 12.914422304399078]], [[79.7367988230534, 12.914605789517942], [79.73680063983319, 12.91424416691517], [79.73689280147467, 12.914244612425652], [79.7368923473224, 12.914335018085328], [79.73698450900879, 12.914335463568861], [79.73698360075814, 12.914516274888213], [79.73689143899988, 12.914515829395697], [79.73689098483862, 12.91460623504639], [79.7367988230534, 12.914605789517942]], [[79.73734952374889, 12.91506049054684], [79.73744168572274, 12.915060935895625], [79.73744123173216, 12.915151341564284], [79.73734906973137, 12.915150896206516], [79.73734952374889, 12.91506049054684]], [[79.73734952374889, 12.91506049054684], [79.73725736178402, 12.915060045162122], [79.73725781583748, 12.914969639493462], [79.73734997776641, 12.91497008487818], [79.73734952374889, 12.91506049054684]], [[79.73468456231323, 12.91351066642556], [79.73468501722908, 12.913420260837748], [79.73477717850226, 12.913420707075867], [79.73477672362235, 12.913511112663677], [79.73468456231323, 12.91351066642556]], [[79.73459194605236, 12.913600625730338], [79.73459240101312, 12.91351022015151], [79.73468456231323, 12.91351066642556], [79.73468410738842, 12.913601072004388], [79.73459194605236, 12.913600625730338]], [[79.73514218550785, 12.914145736470314], [79.7352343470595, 12.9141461825647], [79.73523480180467, 12.914055776967906], [79.73532696332936, 12.91405622302636], [79.73532787273884, 12.913875411823788], [79.73523571128601, 12.913874965765334], [79.73523616601321, 12.91378456016854], [79.73542048887396, 12.913785452240532], [79.73541957953634, 12.913966263452087], [79.73551174103409, 12.91396670944766], [79.7355108317414, 12.914147520668198], [79.735602993311, 12.91414796663682], [79.73560344792142, 12.91405756102206], [79.73569560946409, 12.91405800695475], [79.73569515488062, 12.91414841256951], [79.73578731645921, 12.91414885847525], [79.73578777100674, 12.914058452851508], [79.73587993254941, 12.914058898721315], [79.7358794780378, 12.91414930434506], [79.73597163961641, 12.914149750178934], [79.7359707306471, 12.914330561426423], [79.73606289230655, 12.914331007242332], [79.73606152892445, 12.914602224113564], [79.73615369068271, 12.914602669902523], [79.73615323624298, 12.914693075535249], [79.73642972162556, 12.914694412713482], [79.73642926729362, 12.91478481834621], [79.73652142912374, 12.914785264018388], [79.73652097481875, 12.914875669651115], [79.73661313668481, 12.914876115287361], [79.7366117738417, 12.915147332212491], [79.7367960977984, 12.915148223404135], [79.73679564357425, 12.915238629054828], [79.73688780558405, 12.915239074601242], [79.7368855345891, 12.915691102836742], [79.73697769676957, 12.915691548374173], [79.73697724259036, 12.915781954024867], [79.73706940481573, 12.915782399526366], [79.73706758820663, 12.916144022129139], [79.73697542584651, 12.916143576609674], [79.7369758800437, 12.916053170967963], [79.73669939310703, 12.916051834220921], [79.7367003016721, 12.915871022946485], [79.73660813943773, 12.915870577310239], [79.73660950236167, 12.915599360403075], [79.73651734022613, 12.91559891473988], [79.73651824889899, 12.915418103474426], [79.73642608682631, 12.91541765778428], [79.73642654119419, 12.915327252151554], [79.73633437915746, 12.915326806434459], [79.73633392476263, 12.915417212067187], [79.73624176270793, 12.91541676631416], [79.73624085383744, 12.915597577561647], [79.73614869171986, 12.915597131763704], [79.7361468738082, 12.915958754240712], [79.73623903606952, 12.915959200047638], [79.73623858161181, 12.916049605671382], [79.73633074390906, 12.916050051442376], [79.73632983505654, 12.916230862689863], [79.73642199741667, 12.91623130844289], [79.73642154302185, 12.916321714066633], [79.73632938062579, 12.916321268313606], [79.73632892619503, 12.91641167393735], [79.73623676377201, 12.916411228148391], [79.7362376726964, 12.916230416909887], [79.73614551034525, 12.916229971093976], [79.73614641932355, 12.916049159864455], [79.73596209476499, 12.916048268151789], [79.73596254931252, 12.915957862537029], [79.73587038706917, 12.915957416631288], [79.73587129622712, 12.915776605419733], [79.73577913405563, 12.915776159487043], [79.73578049786892, 12.91550494266971], [79.73550401165988, 12.915503604718927], [79.73550446636014, 12.915413199113148], [79.7354123043234, 12.91541275307266], [79.73541275905059, 12.915322347475866], [79.73532059705877, 12.915321901399446], [79.7353210518219, 12.915231495802653], [79.73522888986602, 12.915231049699281], [79.73522934464711, 12.915140644111471], [79.73504502081619, 12.915139751814898], [79.73504456596322, 12.915230157393728], [79.73476808014047, 12.915228818697342], [79.73476899003504, 12.915048007548668], [79.73467682816899, 12.915047561256651], [79.73467773811745, 12.91486675010798], [79.73458557632325, 12.914866303789013], [79.73458603132893, 12.914775898219169], [79.73440170780343, 12.914775005491405], [79.73440216287199, 12.91468459992156], [79.73431000114967, 12.914684153512763], [79.73430954604518, 12.914774559073624], [79.7342173842959, 12.914774112628896], [79.73421783942734, 12.914683707068033], [79.73403351600065, 12.914682814088742], [79.73403488157463, 12.914411597433107], [79.73412704318916, 12.914412043922752], [79.73412749833857, 12.914321638370874], [79.73421965992614, 12.91432208483357], [79.7342192048037, 12.914412490394431], [79.7343113664272, 12.914412936821195], [79.73431227659127, 12.91423212569049], [79.73412795348797, 12.914231232810012], [79.73412840863737, 12.91414082724915], [79.73422057015308, 12.914141273702864], [79.73422102525758, 12.914050868142002], [79.73431318674635, 12.914051314559782], [79.73431455195201, 12.913780097859231], [79.73422239056207, 12.913779651450433], [79.7342237558396, 12.913508434749883], [79.73431591712175, 12.913508881149697], [79.73431546207117, 12.913599286719542], [79.73459194605236, 12.913600625730338], [79.73459149110059, 12.913691031309165], [79.73477581383557, 12.913691923830315], [79.73477444914194, 12.913963140584766], [79.73486661061274, 12.913963586804918], [79.73486615574181, 12.914053992392729], [79.73495831724854, 12.91405443858593], [79.73495877209253, 12.91396403299812], [79.7350509335723, 12.913964479155387], [79.73505138837136, 12.913874073558594], [79.73514354982419, 12.913874519679931], [79.73514218550785, 12.914145736470314]]], [[[79.73514218550785, 12.914145736470314], [79.73514173072677, 12.914236142067107], [79.73504956913918, 12.914235695927804], [79.7350500239562, 12.914145290339993], [79.73514218550785, 12.914145736470314]]], [[[79.73706213803797, 12.917228889874576], [79.73715430079336, 12.91722933539404], [79.73715339245288, 12.917410146686443], [79.73724555527114, 12.917410592187942], [79.73724464698456, 12.917591403471363], [79.73715248409444, 12.917590957969864], [79.73715293827365, 12.917500552328153], [79.73706077541945, 12.917500106790722], [79.73706213803797, 12.917228889874576]]]]}, "id": "+6277+7217", "properties": {"count": 1556, "water": 1}}, {"type": "Feature", "geometry": {"geodesic": false, "type": "Polygon", "coordinates": [[[79.73496112290277, 12.876806391703465], [79.73496157639029, 12.876715985855142], [79.73514587209496, 12.876716875609482], [79.73514541867931, 12.876807281457804], [79.73532971446484, 12.87680817108638], [79.73533016781761, 12.876717765229074], [79.73542231567893, 12.876718209993955], [79.73542140904524, 12.876899021717549], [79.73551355697843, 12.876899466446497], [79.73551310368855, 12.876989872312786], [79.73560525166664, 12.876990317023767], [79.73560389186883, 12.877261534622633], [79.73541959573296, 12.877260645155754], [79.73542004905879, 12.877170239298449], [79.73514360498075, 12.87716890486906], [79.7351440584054, 12.877078499011755], [79.7350519104183, 12.877078054139076], [79.73505327079104, 12.87680683659411], [79.73496112290277, 12.876806391703465]]]}, "id": "+6278+7615", "properties": {"count": 25, "water": 1}}, {"type": "Feature", "geometry": {"geodesic": false, "type": "Polygon", "coordinates": [[[79.73551491683014, 12.876628248856614], [79.73551537011106, 12.87653784298134], [79.7356996657259, 12.876538732331438], [79.73570011893494, 12.876448326456167], [79.73560797115447, 12.876447881808067], [79.73560933086245, 12.876176664191235], [79.73616221697935, 12.876179331576774], [79.73616176394997, 12.876269737470013], [79.7369910936688, 12.876273736392365], [79.73699064092688, 12.876364142312553], [79.73735923212962, 12.876365918775942], [79.73735832690629, 12.876546730643268], [79.73745047478558, 12.876547174689495], [79.73744956961615, 12.876727986556821], [79.73652809034716, 12.876723544603337], [79.73652854326875, 12.876633138701115], [79.7359756560649, 12.876630471998295], [79.73597656228534, 12.876449660229785], [79.73588441450488, 12.876449215671517], [79.73588350821255, 12.876630027431045], [79.73551491683014, 12.876628248856614]]]}, "id": "+6286+7621", "properties": {"count": 87, "water": 1}}, {"type": "Feature", "geometry": {"geodesic": false, "type": "MultiPolygon", "coordinates": [[[[79.73488075677878, 12.83765926977589], [79.73488030469262, 12.837749675884723], [79.73524883926557, 12.837751450084358], [79.73524929122595, 12.837661043957558], [79.73515715760293, 12.837660600459301], [79.73515760959027, 12.837570194332502], [79.73497334244303, 12.83756930724616], [79.73497469857573, 12.83729808890169], [79.73515896553431, 12.837298975961085], [79.73515941750368, 12.837208569834283], [79.73589648520328, 12.837212116787267], [79.73589603349443, 12.837302522941018], [79.73608030052488, 12.837303409353623], [79.7360798488789, 12.837393815516357], [79.73635624954136, 12.83739514491518], [79.73635579798521, 12.837485551077913], [79.73654006517737, 12.837486437185092], [79.73653961369308, 12.837576843356807], [79.73690814824806, 12.837578615202856], [79.73690769688955, 12.83766902139254], [79.73699983056648, 12.837669464270958], [79.7369993792349, 12.83775987046064], [79.73709151294777, 12.837760313312108], [79.73709106165214, 12.837850719501791], [79.73699892790334, 12.837850276650322], [79.73699802521327, 12.838031089020705], [79.73709015903391, 12.838031531881157], [79.73708970772032, 12.838121938070838], [79.73727397542451, 12.838122823710894], [79.73727442667523, 12.838032417512228], [79.73745869433449, 12.838033303017536], [79.73746185250562, 12.837400459599928], [79.73736971890055, 12.837400016883207], [79.73737107245508, 12.837128798278227], [79.73746320595234, 12.837129240976983], [79.73746410823817, 12.836948428570668], [79.73810904237763, 12.836951526536689], [79.73810949328698, 12.836861120311076], [79.73820162671238, 12.836861562749318], [79.73820117583897, 12.836951968974933], [79.73829330930927, 12.836952411386228], [79.7382928584628, 12.837042817620826], [79.73838499196904, 12.837043259996188], [79.73838363951046, 12.837314478717948], [79.73847577311552, 12.83731492106636], [79.73847487153037, 12.837495733553522], [79.7385670051983, 12.837496175874985], [79.73856655443268, 12.837586582118567], [79.73875082185839, 12.837587466689627], [79.7387499204529, 12.837768279185774], [79.73884205422864, 12.837768721426388], [79.73884160355284, 12.837859127678952], [79.7389337373735, 12.837859569892617], [79.73893328672466, 12.83794997614518], [79.73902542058124, 12.837950418322913], [79.73902496995935, 12.83804082458446], [79.73911710385187, 12.838041266735244], [79.7391166532659, 12.838131672996791], [79.73920878719436, 12.838132115120624], [79.73920833663534, 12.838222521382173], [79.7393926045641, 12.838223405540008], [79.73939215406797, 12.838313811801555], [79.7394842880683, 12.83831425384454], [79.73948383760809, 12.838404660106088], [79.73957597164434, 12.838405102113141], [79.73957552120211, 12.838495508383671], [79.73975978936444, 12.838496392307944], [79.7397593389851, 12.838586798587459], [79.73985147310219, 12.83858724050468], [79.73985102275877, 12.838677646784193], [79.73994315691179, 12.838678088665482], [79.73994270659533, 12.838768494944995], [79.74003484078429, 12.838768936808316], [79.74003439049477, 12.838859343087831], [79.74021865895355, 12.83886022671566], [79.74021775849128, 12.839041039292654], [79.74030989279703, 12.839041481066145], [79.74030944259735, 12.839131887354641], [79.74040157693004, 12.839132329101183], [79.7404011267573, 12.839222735398662], [79.74049326113492, 12.839223177109272], [79.74049236084333, 12.839403989704232], [79.74058449528383, 12.83940443138789], [79.74058404517396, 12.83949483768537], [79.74076831412681, 12.83949572097184], [79.74076786407984, 12.839586127278304], [79.74095213311354, 12.839587010430025], [79.74095168312046, 12.839677416745472], [79.74122808680126, 12.839678741248477], [79.741227636907, 12.839769147572905], [79.74168830994489, 12.839771354446098], [79.74168786020334, 12.839861760788494], [79.74187212950653, 12.839862643320378], [79.74187167983685, 12.839953049662775], [79.74196381452887, 12.83995349087931], [79.7419629152434, 12.840134303573084], [79.74205504999831, 12.84013474476267], [79.74205415076675, 12.840315557456446], [79.7421462855935, 12.840315998628064], [79.74214268878403, 12.841039249394182], [79.7422348238803, 12.841039690556817], [79.7422339247116, 12.84122050324161], [79.74232605987075, 12.84122094438628], [79.74232426162321, 12.841582569773829], [79.74241639692609, 12.841583010891549], [79.74241190137911, 12.84248707435144], [79.74231976575284, 12.842486633197788], [79.74231931614605, 12.842577039540185], [79.74222718049283, 12.842576598350599], [79.74222673085009, 12.842667004684012], [79.74204245948079, 12.84266612221501], [79.74204200976618, 12.84275652853944], [79.74194987405907, 12.84275608725104], [79.74194942430854, 12.842846493575468], [79.74185728856548, 12.84284605226012], [79.74185683877903, 12.842936458575565], [79.74176470300903, 12.8429360172153], [79.74176425318663, 12.843026423530747], [79.74157998159274, 12.843025540711402], [79.74157953169848, 12.843115947026847], [79.74148739587459, 12.843115505558785], [79.74148694594439, 12.843205911865248], [79.74130267423371, 12.84320502883929], [79.74130222424064, 12.84329543513677], [79.74121008836285, 12.843294993569891], [79.74120963832485, 12.843385399867373], [79.74102536650638, 12.843384516634801], [79.74102491640551, 12.8434749229233], [79.74093278046483, 12.843474481248624], [79.74093233032802, 12.84356488753712], [79.74074805839277, 12.843564004097937], [79.74074760819308, 12.843654410368467], [79.74056333620392, 12.843653526794537], [79.74056288593238, 12.843743933065069], [79.74047074991084, 12.843743491219712], [79.74047029959438, 12.843833897490244], [79.7403781635459, 12.843833455617938], [79.74037771320248, 12.843923861879485], [79.74019344104265, 12.843922978018094], [79.74019299062736, 12.844013384279641], [79.740100854525, 12.844012942299539], [79.74010040406479, 12.844103348552103], [79.7397318595475, 12.844101580299315], [79.73973231013346, 12.844011174055733], [79.73982444622685, 12.844011616170585], [79.73982489677688, 12.843921209927004], [79.73991703283434, 12.843921651996938], [79.73991748334844, 12.843831245753357], [79.74010175541844, 12.84383212979441], [79.74010220586068, 12.843741723541847], [79.74019434187322, 12.843742165512966], [79.74019479227952, 12.843651759251419], [79.74028692825613, 12.843652201186606], [79.74028737862649, 12.843561794925058], [79.74037951457616, 12.843562236824312], [79.74038041523605, 12.843381424292234], [79.7405646870096, 12.843382307982946], [79.74056513727217, 12.84329190170343], [79.740657273132, 12.843292343494888], [79.74065817357629, 12.843111530944844], [79.74075030937324, 12.843111972700367], [79.74075120974567, 12.842931160132357], [79.7409354812138, 12.842932043535606], [79.7409363814425, 12.842751230958614], [79.74102851711368, 12.842751672597355], [79.74102941726152, 12.84257086001138], [79.74112155286983, 12.84257130161419], [79.74112245293682, 12.842390489019229], [79.74121458848224, 12.842390930586108], [79.74121503847532, 12.842300524288627], [79.74130717400277, 12.842300965819572], [79.74130807390807, 12.842120153206645], [79.74140020937264, 12.842120594692675], [79.74140200902154, 12.841758969448856], [79.74130987369172, 12.841758527971809], [79.7413107735611, 12.8415777153499], [79.74121863830314, 12.841577273845903], [79.74122178797619, 12.840944429682693], [79.7410375179274, 12.840943546620803], [79.74103706792533, 12.841033952918282], [79.74094493287399, 12.841033511342422], [79.74094358272409, 12.841304730243845], [79.74085144758291, 12.841304288614086], [79.74084919711447, 12.841756320092504], [79.74075706180261, 12.841755878417828], [79.74075661166582, 12.841846284706325], [79.740664476327, 12.8418458430047], [79.74066357598153, 12.842026655572711], [79.74057144057984, 12.84202621382617], [79.74057054015351, 12.842207026385198], [79.74047840468894, 12.842206584602724], [79.74047795443536, 12.842296990882238], [79.74038581894384, 12.842296549054849], [79.74038536865432, 12.842386955334362], [79.74029323313584, 12.842386513471041], [79.7402927828104, 12.842476919741571], [79.74010851171955, 12.842476035925095], [79.74010806132225, 12.842566442186643], [79.74001592574089, 12.84256600023349], [79.74001637617414, 12.842475593971942], [79.7399242406377, 12.842475151982857], [79.73992469108892, 12.842384745721308], [79.73983255558842, 12.842384303705273], [79.73983300607557, 12.84229389745271], [79.73937232877967, 12.842291686896424], [79.73937097681515, 12.842562905609201], [79.73946311236956, 12.842563347795917], [79.73946266173868, 12.842653754030515], [79.73955479732902, 12.842654196190281], [79.73955434672509, 12.842744602433863], [79.73964648235136, 12.842745044557695], [79.73964377887151, 12.843287482010199], [79.7395516430566, 12.8432870398684], [79.73955119242571, 12.843377446102998], [79.73945905657487, 12.843377003916283], [79.73945860591704, 12.84346741015088], [79.73918219828366, 12.843466083402088], [79.73918174752701, 12.843556489627703], [79.73908961162226, 12.84355604730624], [79.73908916082071, 12.843646453522872], [79.73881275303461, 12.843645126369838], [79.73881230213424, 12.843735532577487], [79.73862803022593, 12.843734647638117], [79.73862757926267, 12.843825053836783], [79.7381668993886, 12.843822840908945], [79.73816644825466, 12.843913247089645], [79.7380743122511, 12.843912804408856], [79.73807476342996, 12.843822398228156], [79.73770621960436, 12.843820627163641], [79.73770667090898, 12.843730221000909], [79.73761453499526, 12.843729778158423], [79.73761498632682, 12.843639371986706], [79.73733857870242, 12.843638043279586], [79.7373390301238, 12.843547637125837], [79.73697048681026, 12.843545865073175], [79.73697003525412, 12.843636271217942], [79.7366014918687, 12.843634498635273], [79.73660194355061, 12.843544092508473], [79.73669407936552, 12.843544535692319], [79.73669588594942, 12.843182911149185], [79.73660375026925, 12.84318246796534], [79.73660465360612, 12.843001655693772], [79.7366967892234, 12.843002098868634], [79.73669814409844, 12.842730880443318], [79.73679027961691, 12.842731323573265], [79.73679118279209, 12.842550511283731], [79.73688331824768, 12.842550954377746], [79.73688557594754, 12.84209892361798], [79.73679344066264, 12.842098480550915], [79.73679479534005, 12.841827262098649], [79.73697906572121, 12.841828148196846], [79.73697951721448, 12.841737742034113], [79.73707165237363, 12.841738185029312], [79.73707210383095, 12.841647778875561], [79.73716423896315, 12.841648221834829], [79.73716469037556, 12.841557815663112], [79.73725682548081, 12.84155825859543], [79.73725727685729, 12.841467852423714], [79.73734941193558, 12.841468295311115], [79.73735031461668, 12.841287482967683], [79.7375345846475, 12.841288368634688], [79.73753503591618, 12.84119796245399], [79.7377193059021, 12.84119884799523], [79.73771975709892, 12.841108441805547], [79.73781189206044, 12.841108884522269], [79.73781234322132, 12.841018478323603], [79.73790447815588, 12.841018921004393], [79.73790492928083, 12.84092851481471], [79.73799706418845, 12.840928957459566], [79.73799796636649, 12.840748145053253], [79.73809010121121, 12.840748587662176], [79.73809055225533, 12.840658181454527], [79.73799841744652, 12.840657738854587], [79.7379993196066, 12.840476926448272], [79.73781505013272, 12.84047604115856], [79.73781550127565, 12.840385634968877], [79.73772336657464, 12.840385192279106], [79.73772381774451, 12.84029478608044], [79.73726314446408, 12.840292572164456], [79.73726359579564, 12.840202165983756], [79.7361579806682, 12.840196849322714], [79.73615752895036, 12.84028725546748], [79.73569685595739, 12.840285038802651], [79.73569640406886, 12.840375444920468], [79.73532786560622, 12.84037367099931], [79.73532831763846, 12.840283264890477], [79.7354204522137, 12.840283708415683], [79.73542271211446, 12.83983167783558], [79.73551484652799, 12.839832121315869], [79.73551575040385, 12.839651309071252], [79.7356078847545, 12.839651752515609], [79.73561104797415, 12.839018909628006], [79.73551891384807, 12.839018466210598], [79.73551936575456, 12.838928060083798], [79.7354272316644, 12.838927616639442], [79.73542768360683, 12.838837210512642], [79.73533554955262, 12.838836767041336], [79.73533600152199, 12.838746360923519], [79.7352438675037, 12.83874591741628], [79.73524431950001, 12.838655511298462], [79.73515218552664, 12.838655067764273], [79.73515263754992, 12.838564661646457], [79.73506050361249, 12.838564218085319], [79.73506185976314, 12.838292999749834], [79.73496972592451, 12.838292556161747], [79.73497063006987, 12.838111743935094], [79.73478636253635, 12.838110856687056], [79.7347886231827, 12.837658826142885], [79.73488075677878, 12.83765926977589]], [[79.73936737141779, 12.843286155477003], [79.73936782211155, 12.843195749242405], [79.73945995789053, 12.84319619145607], [79.7394595072327, 12.843286597690668], [79.73936737141779, 12.843286155477003]]], [[[79.73497334244303, 12.83756930724616], [79.73497289038383, 12.837659713363976], [79.73488075677878, 12.83765926977589], [79.73488120886492, 12.837568863658072], [79.73497334244303, 12.83756930724616]]]]}, "id": "+6306+8056", "properties": {"count": 3433, "water": 1}}, {"type": "Feature", "geometry": {"geodesic": false, "type": "MultiPolygon", "coordinates": [[[[79.73818675327928, 12.876731537785785], [79.73827890124839, 12.876731981544552], [79.73827935354116, 12.876641575579448], [79.73846364943448, 12.876642462989185], [79.73846274497473, 12.876823274928375], [79.73873918904377, 12.876824605827386], [79.73873828477267, 12.877005417784542], [79.73855398859187, 12.877004530536501], [79.7385544407948, 12.876914124571398], [79.73827799666287, 12.876912793465776], [79.73827754436113, 12.87700319943088], [79.73818539628421, 12.87700275566313], [79.73818584862188, 12.876912349707009], [79.7380937005809, 12.876911905903325], [79.73809415294552, 12.876821499956188], [79.73818630095057, 12.876821943741906], [79.73818675327928, 12.876731537785785]]], [[[79.73818675327928, 12.876731537785785], [79.73800245734104, 12.876730650169437], [79.73800200494946, 12.876821056125557], [79.73781770895732, 12.87682016837446], [79.73781816142076, 12.876729762427322], [79.73772601346063, 12.87672931850686], [79.73772646595101, 12.876638912568705], [79.73763431802682, 12.876638468621291], [79.73763567557884, 12.876367250788864], [79.73818856254914, 12.876369913943337], [79.73818811023841, 12.876460319899458], [79.73828025810872, 12.876460763649241], [79.73827980582493, 12.876551169614345], [79.7381876579187, 12.876550725864561], [79.73818675327928, 12.876731537785785]]]]}, "id": "+6308+7619", "properties": {"count": 41, "water": 1}}, {"type": "Feature", "geometry": {"geodesic": false, "type": "Polygon", "coordinates": [[[79.73955271916644, 12.824572493564297], [79.73964484817212, 12.824572935077276], [79.73964394834766, 12.824753747815967], [79.73973607742522, 12.824754189301995], [79.73973562753994, 12.82484459567134], [79.73982775665343, 12.824845037130421], [79.73982640706946, 12.82511625624744], [79.73991853629073, 12.825116697688554], [79.73991808645935, 12.825207104066882], [79.74001021570758, 12.825207545472065], [79.74000931609872, 12.825388358219739], [79.74010144541882, 12.825388799606953], [79.74010054585487, 12.82556961236361], [79.74019267524683, 12.825570053714893], [79.7401922254963, 12.825660460102204], [79.7402843549242, 12.825660901426536], [79.74028390520061, 12.825751307813848], [79.74046816412827, 12.825752190372683], [79.74046771446757, 12.825842596759994], [79.74055984397631, 12.825843038003478], [79.74055939434255, 12.82593344439079], [79.74065152387826, 12.825933885598342], [79.74065107428044, 12.826024291994637], [79.74074320386104, 12.82602473317524], [79.74074230471032, 12.826205545967829], [79.74092656400627, 12.826206428239201], [79.74092611448931, 12.82629683464448], [79.74101824417771, 12.82629727573525], [79.74101779468769, 12.82638768214053], [79.74110992441203, 12.826388123195366], [79.74110902549488, 12.826568936014906], [79.7412932850783, 12.826569818052718], [79.74129283568709, 12.826660224466979], [79.74120070585495, 12.826659783457057], [79.7411998069917, 12.826840596276595], [79.74129193688671, 12.826841037286519], [79.74129103806838, 12.827021850106057], [79.74138316802627, 12.827022291098013], [79.74138226926183, 12.827203103926536], [79.74129013924106, 12.827202662925597], [79.74128879096862, 12.827473882150413], [79.74119666084903, 12.827473441113542], [79.74119621138595, 12.82756384751882], [79.74082769079081, 12.827562083038956], [79.74082724119299, 12.827652489426267], [79.74055085069047, 12.827651165722763], [79.74055040099384, 12.827741572101091], [79.74027401041945, 12.82774024809216], [79.74027356061504, 12.827830654461506], [79.73990503977733, 12.827828888652135], [79.73990458983815, 12.827919295003515], [79.7397203293654, 12.827918411905692], [79.73972122936952, 12.827737599202933], [79.73953696904948, 12.827736715979347], [79.73953786917038, 12.827555903294554], [79.73944573907774, 12.827555461637845], [79.73944618916963, 12.827465055304431], [79.73898553893098, 12.827462846571727], [79.73898598918456, 12.827372440247297], [79.73861746918229, 12.827370672695194], [79.73861791956163, 12.827280266379748], [79.73852578960374, 12.827279824417612], [79.73852714081366, 12.827008605480255], [79.73843501095457, 12.827008163491168], [79.73843636223636, 12.826736944553813], [79.73862062174791, 12.826737828478086], [79.73862107210032, 12.82664742216264], [79.73880533156695, 12.826648305952165], [79.73880578184749, 12.826557899627735], [79.73889791155386, 12.826558341464109], [79.73889881204306, 12.826377528806265], [79.73908307133902, 12.826378412380196], [79.7390839716845, 12.826197599704388], [79.7391761012651, 12.826198041441945], [79.73917520098252, 12.826378854117754], [79.73935946029644, 12.826379737503038], [79.73936036044428, 12.826198924809264], [79.73926823085469, 12.826198483143571], [79.73926913104746, 12.826017670449795], [79.73936126057417, 12.826018112106505], [79.73936261075102, 12.825746893061352], [79.73945474017891, 12.825747334682127], [79.73945519019894, 12.825656928321765], [79.73954731959988, 12.82565736990661], [79.73954821955908, 12.825476557194868], [79.73945609023001, 12.825476115610025], [79.7394569902431, 12.825295302898283], [79.7393648609769, 12.825294861295472], [79.7393653110149, 12.825204454944092], [79.73927318178464, 12.825204013305349], [79.73927363184957, 12.825113606953972], [79.7390893734699, 12.825112723595636], [79.73908982358874, 12.82502231725324], [79.73890556528991, 12.825021433778124], [79.73890601548061, 12.824931027435728], [79.73881388636714, 12.824930585644271], [79.73881433658478, 12.82484017931086], [79.73853794936113, 12.824838853774793], [79.7385383996776, 12.82474844744138], [79.73844627064496, 12.824748005533142], [79.73844672098838, 12.824657599208711], [79.73872310799645, 12.824658924825627], [79.73872355824105, 12.824568518492214], [79.73909207417395, 12.82457028551431], [79.73909252427482, 12.824479879162931], [79.73955316910562, 12.824482087194951], [79.73955271916644, 12.824572493564297]], [[79.73955271916644, 12.824572493564297], [79.73955226921828, 12.824662899933642], [79.73946014018564, 12.82466245838473], [79.73946059016076, 12.824572052015384], [79.73955271916644, 12.824572493564297]], [[79.74055939434255, 12.82593344439079], [79.74055894470881, 12.826023850787085], [79.74046681513718, 12.8260234095436], [79.74046726480687, 12.825933003156289], [79.74055939434255, 12.82593344439079]], [[79.74129103806838, 12.827021850106057], [79.74129058865921, 12.827112256520318], [79.74119845866538, 12.82711181549243], [79.74119890811048, 12.827021409087152], [79.74129103806838, 12.827021850106057]]]}, "id": "+6320+8193", "properties": {"count": 617, "water": 1}}, {"type": "Feature", "geometry": {"geodesic": false, "type": "Polygon", "coordinates": [[[79.74142320574984, 12.911373416566576], [79.74142456299644, 12.911102199057542], [79.74170104499237, 12.911103530306894], [79.7417014973031, 12.911013124458572], [79.74197797923614, 12.911014455393513], [79.74197843143907, 12.910924049536208], [79.74225491330922, 12.910925380174705], [79.74225220061267, 12.911467815363455], [79.74151491412837, 12.911464266191633], [79.74151536651097, 12.911373860352294], [79.74142320574984, 12.911373416566576]]]}, "id": "+6354+7237", "properties": {"count": 44, "water": 1}}, {"type": "Feature", "geometry": {"geodesic": false, "type": "MultiPolygon", "coordinates": [[[[79.74260174598628, 12.878380111577242], [79.74260219678784, 12.87828970547739], [79.74269434549358, 12.87829014773597], [79.74269569777249, 12.87801892940947], [79.74287999498634, 12.87801981380985], [79.74288179771646, 12.877658189347564], [79.74269750076313, 12.877657304974132], [79.74269840224049, 12.877476492747482], [79.74279055064979, 12.87747693494318], [79.74279145204629, 12.87729612271653], [79.7428836003927, 12.877296564876296], [79.74288405105052, 12.877206158749495], [79.74316049599993, 12.877207485022181], [79.74316139711796, 12.877026672759596], [79.74325354537454, 12.877027114775633], [79.74325399588864, 12.87693670863985], [79.74334614411826, 12.876937150628935], [79.74334659459643, 12.876846744484169], [79.74343874279911, 12.876847186437322], [79.74343964368357, 12.876666374147788], [79.74371608810297, 12.87666769978267], [79.74371653844639, 12.876577293628921], [79.74380868655925, 12.876577735429361], [79.74380823625177, 12.876668141592093], [79.74390038440055, 12.876668583365584], [79.74389948384845, 12.876849395682067], [79.7438073356278, 12.876848953899593], [79.7438019316056, 12.87793382771764], [79.74389408021253, 12.877934269536047], [79.74388687461004, 12.879380767870279], [79.74397902375594, 12.87938120970665], [79.74397857341253, 12.879471615851417], [79.74407072258539, 12.879472057669824], [79.744069371627, 12.879743276104124], [79.74416152090767, 12.87974371789558], [79.74416107061815, 12.879834124040347], [79.74425321993473, 12.879834565804854], [79.74425231940062, 12.880015378103371], [79.74434446878907, 12.880015819840928], [79.74434356830885, 12.880196632139445], [79.74443571776916, 12.880197073850052], [79.74443481734284, 12.880377886157552], [79.74452696686605, 12.88037832784121], [79.74452651668433, 12.880468733994961], [79.74461866624347, 12.88046917565167], [79.74461776593392, 12.880649987968154], [79.74470991556493, 12.880650429588929], [79.7447094654371, 12.880740835751663], [79.74480161510404, 12.880741277354474], [79.74480071490228, 12.88092208967994], [79.74489286464109, 12.880922531246817], [79.74489196448425, 12.881103343581266], [79.74498411429492, 12.881103785130177], [79.74498321419199, 12.881284597455643], [79.74507536407452, 12.881285038977605], [79.74507401399649, 12.881556257483771], [79.74516616397783, 12.881556698978784], [79.74516436396061, 12.881918323656665], [79.7452565140767, 12.88191876513371], [79.74525516412443, 12.882189983639876], [79.74534731433934, 12.882190425098957], [79.74534416456747, 12.882823268283001], [79.74543631502492, 12.882823709733099], [79.74543406524819, 12.883275740573712], [79.74552621586734, 12.883276182005844], [79.74552531599798, 12.883456994349276], [79.74561746668898, 12.883457435754456], [79.74561656687352, 12.883638248097888], [79.7457087176364, 12.88363868947612], [79.74570826775113, 12.883729095647837], [79.74580041854993, 12.883729536999118], [79.74579951885124, 12.883910349351535], [79.74589166971293, 12.883910790666883], [79.74589121989054, 12.884001196847583], [79.74598337079715, 12.884001638144966], [79.74598247119728, 12.884182450506364], [79.74607462217575, 12.884182891767814], [79.74607327286128, 12.884454110318895], [79.74616542392958, 12.88445455156238], [79.74616362492746, 12.88481617629416], [79.7462557761395, 12.884816617519679], [79.74625397721823, 12.88517824226044], [79.74634612856502, 12.88517868345901], [79.74634298053589, 12.885811526750855], [79.74643513211623, 12.88581196794044], [79.74643378301735, 12.88608318649152], [79.74671023808179, 12.886084509916547], [79.7467093388592, 12.88626532229591], [79.74680149061922, 12.886265763377699], [79.74680059145054, 12.886446575766046], [79.74689274327342, 12.886447016820885], [79.74689229372052, 12.88653742301955], [79.74707659745614, 12.886538305039394], [79.74707614795713, 12.88662871123806], [79.74716829986986, 12.886629152203067], [79.74716740093474, 12.886809964609382], [79.74725955291035, 12.886810405547438], [79.74725775513892, 12.887172030369051], [79.74734990724927, 12.88717247128914], [79.74734945783112, 12.88726287749679], [79.74725730568483, 12.887262436576698], [79.74725640676768, 12.887443248983013], [79.74734855897684, 12.887443689912088], [79.74734721067746, 12.88771490852605], [79.7471629060615, 12.887714026614002], [79.7471624565625, 12.887804432812668], [79.74697815189263, 12.887803550765874], [79.74697905103437, 12.88762273838651], [79.74707120329744, 12.887623179414398], [79.74707300140125, 12.887261554637702], [79.74679654501628, 12.887260231482172], [79.74679699463206, 12.887169825292489], [79.74670484253969, 12.887169384174769], [79.7467052921914, 12.887078977994069], [79.74652098807849, 12.88707809567778], [79.74652143779309, 12.886987689497081], [79.74642928578155, 12.886987248289529], [79.74642883603101, 12.887077654470229], [79.74633668399252, 12.887077213226744], [79.74633623421505, 12.88716761939846], [79.74624408214063, 12.887167178128026], [79.74624453195405, 12.88707677195631], [79.74615237991556, 12.887076330649943], [79.7461519300662, 12.887166736812677], [79.74596762593534, 12.887165854101129], [79.7459703253548, 12.886623417133714], [79.74587817349597, 12.8866229757465], [79.74587862341718, 12.88653256959275], [79.74578647159429, 12.886532128178585], [79.74578692154245, 12.886441722015853], [79.74523401086562, 12.886439072866114], [79.74523356071084, 12.886529479001897], [79.7451414089149, 12.886529037363154], [79.74514095872419, 12.886619443498937], [79.74495665506943, 12.88661856010467], [79.74495620480685, 12.88670896623147], [79.7445875973985, 12.88670719905666], [79.74458804778683, 12.886616792947827], [79.74449589598191, 12.88661635107552], [79.7444963463972, 12.886525944957704], [79.7443120428592, 12.886525061123262], [79.74431249333738, 12.886434655014428], [79.74422034160432, 12.886434213052292], [79.74422079211841, 12.886343806952441], [79.7441286404213, 12.88634336495437], [79.74412909096233, 12.88625295885452], [79.74403693930114, 12.886252516838486], [79.74403738986913, 12.886162110738635], [79.74376093500233, 12.886160784483915], [79.74376273765161, 12.885799160129428], [79.74385488913315, 12.885799602226312], [79.74385533975504, 12.885709196135444], [79.74394749120962, 12.885709638196396], [79.74394794179558, 12.885619232096545], [79.7444086989607, 12.885621441934177], [79.74441050059488, 12.88525981746291], [79.74431834929302, 12.88525937558162], [79.74431879972627, 12.885168969463804], [79.74422664845135, 12.885168527546583], [79.74422709892053, 12.885078121428766], [79.74413494768154, 12.885077679484596], [79.74413539817768, 12.884987273375762], [79.74404324697463, 12.884986831395658], [79.74404414802079, 12.88480601917799], [79.74422845028316, 12.88480690309328], [79.74422799983195, 12.884897309202113], [79.74432015100805, 12.884897751110351], [79.74431970058379, 12.884988157228168], [79.74459615421989, 12.88498948277322], [79.74459750517829, 12.884718264383835], [79.74450535406507, 12.884717822583395], [79.74450580441747, 12.884627416456595], [79.7442293511856, 12.884626090857646], [79.74422980162782, 12.884535684739829], [79.74404549955409, 12.884534800851489], [79.74404595005922, 12.884444394742655], [79.74386164807531, 12.884443510728548], [79.7438620986433, 12.884353104628698], [79.7437699476828, 12.884352662576731], [79.74377129946764, 12.884081444268194], [79.74367914861493, 12.884081002189276], [79.74367869799303, 12.884171408289127], [79.74358654710439, 12.88417096618326], [79.74358564577975, 12.88435177837398], [79.74340134389466, 12.884350894045465], [79.74340089315598, 12.884441300136332], [79.74321659121699, 12.884440415664086], [79.74321614041544, 12.88453082174597], [79.74257108349424, 12.884527725073523], [79.74257153452936, 12.884437319018588], [79.74247938358683, 12.88443687650848], [79.74247983464889, 12.884346470453544], [79.74229553284465, 12.884345585343494], [79.74229598396961, 12.88425517928856], [79.74183522967012, 12.884252965974447], [79.74183568096575, 12.884162559937478], [79.74100632374949, 12.884158573950867], [79.7410058721664, 12.884248979951902], [79.74036081651182, 12.88424587790753], [79.74036036469518, 12.8843362838906], [79.73989961059331, 12.884334067153905], [79.73989915860598, 12.884424473119008], [79.73934625360648, 12.884421811940827], [79.73934580142152, 12.884512217887965], [79.73925365055983, 12.88451177424598], [79.73925319833893, 12.884602180184134], [79.73916104745028, 12.884601736506214], [79.73916059519345, 12.884692142444369], [79.73906844427786, 12.884691698730517], [79.73906889657063, 12.884601292792363], [79.73888459482029, 12.884600405265845], [79.73888504717593, 12.884509999336673], [79.73860859468068, 12.884508667817828], [79.73860904713514, 12.88441826189764], [79.7384247455465, 12.884417374056712], [79.73842519806384, 12.884326968145507], [79.73824089656503, 12.884326080187797], [79.73824134914526, 12.884235674276594], [79.73787274630934, 12.884233897983883], [79.73787229359436, 12.884324303877122], [79.73778014285843, 12.884323859723096], [79.73777969011651, 12.88441426560735], [79.73768753935363, 12.884413821417393], [79.73768799213148, 12.884323415524154], [79.73759584140453, 12.884322971307245], [79.73759629421832, 12.884232565422991], [79.7375041435273, 12.88423212117015], [79.73750459636804, 12.884141715285896], [79.73759674702312, 12.884142159529752], [79.73759765262375, 12.883961347752258], [79.73768980322492, 12.883961791960184], [79.73769025598482, 12.883871386066945], [79.73787455711532, 12.88387227438398], [79.73787591518835, 12.883601056686299], [79.73778376472193, 12.88360061255024], [79.7377842174369, 12.883510206657002], [79.73806066875535, 12.883511538939416], [79.7380611213715, 12.883421133037194], [79.73815327178404, 12.883421577065457], [79.73815417694449, 12.883240765234063], [79.73824632729415, 12.883241209226393], [79.73824677982945, 12.883150803306206], [79.73833893015215, 12.883151247262601], [79.73833938265153, 12.883060841342415], [79.73843153294729, 12.883061285262878], [79.73843198541073, 12.882970879333707], [79.73852413567056, 12.88297132321824], [79.73852504052557, 12.882790511359897], [79.73861719072252, 12.882790955199512], [79.7386176431141, 12.882700549270341], [79.73870979328409, 12.882700993074025], [79.73871024563974, 12.88261058713587], [79.73880239577379, 12.882611030912603], [79.7388028480935, 12.88252062497445], [79.7388949982006, 12.882521068706268], [79.73889545048439, 12.882430662768114], [79.73907975065369, 12.882431550132933], [79.73908020285663, 12.882341144185798], [79.73917235291881, 12.8823415878188], [79.73917416158682, 12.881979963985335], [79.73926631151426, 12.881980407573423], [79.73926721576741, 12.881799595652199], [79.73935936563197, 12.881800039204354], [79.73936026979528, 12.881619227265164], [79.73945241959697, 12.881619670781385], [79.73945287164719, 12.881529264807298], [79.73972932097139, 12.881530595131386], [79.7397297729138, 12.8814401891573], [79.73982192266159, 12.881440632529792], [79.73982237457706, 12.88135022654672], [79.74055957242459, 12.881353772349861], [79.74055912077861, 12.88144417835988], [79.74065127056232, 12.881444621444912], [79.74065036732426, 12.881625433464949], [79.74074251717985, 12.881625876523032], [79.74074206558778, 12.881716282542033], [79.74092636536182, 12.881717168559382], [79.74092817143368, 12.881355544474388], [79.74083602167691, 12.881355101488172], [79.7408364732151, 12.88126469546917], [79.74092862293593, 12.881265138446404], [79.7409295259494, 12.881084326399415], [79.74102167560736, 12.881084769340715], [79.74102212707366, 12.880994363312729], [79.74092997744266, 12.880993920371429], [79.74093178339774, 12.880632296259487], [79.741023932894, 12.88063273918282], [79.7410248357907, 12.880451927117866], [79.74093268635731, 12.880451484203515], [79.74093539515519, 12.879909048008653], [79.74102754438195, 12.87990949091402], [79.74102799580335, 12.879819084868068], [79.74130444342074, 12.879820413368575], [79.74130399209817, 12.879910819414528], [79.74139614134289, 12.879911262176165], [79.74139569005625, 12.880001668231099], [79.7414878393369, 12.880002110965787], [79.7414873880772, 12.880092517020723], [79.74157953739379, 12.880092959728461], [79.74157908616105, 12.880183365783395], [79.74167123551356, 12.880183808473168], [79.74167078431675, 12.880274214528104], [79.7419472325001, 12.880275542381824], [79.7419476835981, 12.880185136317905], [79.74203983296859, 12.88018557887293], [79.74204028403965, 12.88009517280003], [79.7421324333742, 12.88009561531912], [79.74213288440932, 12.88000520924622], [79.74194858580309, 12.880004324181085], [79.74194903689211, 12.879913918117168], [79.74185688762941, 12.879913475535194], [79.74185643650446, 12.880003881608095], [79.7416721379072, 12.880002996354314], [79.74167258910403, 12.879912590290397], [79.74158043985031, 12.87991214761859], [79.74158134228887, 12.87973133550872], [79.74167349147969, 12.879731778171543], [79.74167394265855, 12.879641372107624], [79.74176609182243, 12.879641814743499], [79.74176654296534, 12.87955140867958], [79.74204299036715, 12.879552736362621], [79.74204344141125, 12.87946233028972], [79.7422277396312, 12.879463215238072], [79.74222819061244, 12.879372809156187], [79.74232033968649, 12.879373251585447], [79.74232079063177, 12.879282845494581], [79.74241293967887, 12.879283287887908], [79.74241384147962, 12.879102475706173], [79.74250599047281, 12.879102918063568], [79.74250644132827, 12.879012511963717], [79.74241429237101, 12.879012069615305], [79.74241654679203, 12.878560039151983], [79.74250869558759, 12.87856048148243], [79.74250959726258, 12.878379669282728], [79.74260174598628, 12.878380111577242]], [[79.74260174598628, 12.878380111577242], [79.74269389471897, 12.878380553835822], [79.74269254239515, 12.87865177215334], [79.74260039356363, 12.878651329885777], [79.74260174598628, 12.878380111577242]], [[79.74222638668755, 12.879734433483724], [79.74222683767775, 12.879644027401842], [79.7423189868596, 12.879644469840084], [79.74231853590533, 12.879734875921969], [79.74222638668755, 12.879734433483724]], [[79.742966284772, 12.879195535438356], [79.74296673546576, 12.879105129329522], [79.74315103349707, 12.879106013613121], [79.74314968158646, 12.879377231957589], [79.7430575324675, 12.879376789824773], [79.7430584338101, 12.879195977598123], [79.742966284772, 12.879195535438356]]], [[[79.74404324697463, 12.884986831395658], [79.74404279645154, 12.885077237504492], [79.74413494768154, 12.885077679484596], [79.74413449718541, 12.88516808559343], [79.74404234591948, 12.885167643613325], [79.74404189538741, 12.885258049713176], [79.74394974409452, 12.885257607697142], [79.74395019466252, 12.885167201597291], [79.74385804340557, 12.885166759545323], [79.74385894458648, 12.884985947345621], [79.74404324697463, 12.884986831395658]]]]}, "id": "+6369+7617", "properties": {"count": 4304, "water": 1}}, {"type": "Feature", "geometry": {"geodesic": false, "type": "Polygon", "coordinates": [[[79.74369371599202, 12.844120561916865], [79.74369461433425, 12.84393974916919], [79.74378675053543, 12.84394018988267], [79.74378809791854, 12.8436689707387], [79.74388023402989, 12.843669411407262], [79.74388158127825, 12.84339819225431], [79.74397371729977, 12.843398632877957], [79.74397416634062, 12.843308226490645], [79.74406630232622, 12.843308667087342], [79.7440654042984, 12.843489479879933], [79.74415754035586, 12.84348992044968], [79.74415619339497, 12.843761139629581], [79.7440640572387, 12.84376069905085], [79.74406315917494, 12.843941511834458], [79.7438788867456, 12.843940630560214], [79.74387843765085, 12.844031036947527], [79.74378630140475, 12.844030596260998], [79.74378585226508, 12.844121002639326], [79.74369371599202, 12.844120561916865]]]}, "id": "+6370+7985", "properties": {"count": 22, "water": 1}}, {"type": "Feature", "geometry": {"geodesic": false, "type": "Polygon", "coordinates": [[[79.74261540887666, 12.894111206577056], [79.74261631160267, 12.893930394583967], [79.7427084660217, 12.89393083736357], [79.74270891734427, 12.893840431362534], [79.7429853805205, 12.893841759503715], [79.74298583174426, 12.893751353493696], [79.7430779861094, 12.893751796138552], [79.74307843729723, 12.89366139011955], [79.74326274597358, 12.893662275310447], [79.74326319708955, 12.893571869291446], [79.74335535140077, 12.893572311828503], [79.74335625356085, 12.893391499781515], [79.74344840780918, 12.89339194228264], [79.7434488588443, 12.893301536254656], [79.7436331672871, 12.893302421149109], [79.74363361825934, 12.893212015112141], [79.74372577244479, 12.893212457514451], [79.74372667430842, 12.893031645431531], [79.74381882843998, 12.893032087788926], [79.74381927933138, 12.892941681742975], [79.7440035875406, 12.89294256635895], [79.74400448917966, 12.892761754258064], [79.74409664322138, 12.892762196507661], [79.74409754478857, 12.892581384397792], [79.74418969876741, 12.892581826611456], [79.74419150172213, 12.892220202364767], [79.74437580942829, 12.892221086666332], [79.74437626009511, 12.892130680602413], [79.74456056773839, 12.892131564769231], [79.74456011714345, 12.892221970842133], [79.74465227100552, 12.892222412885118], [79.74465182043753, 12.89231281895802], [79.74474397433552, 12.892313260974056], [79.74474352379447, 12.892403667046956], [79.74492783167132, 12.892404550980213], [79.74492738119315, 12.892494957062098], [79.74511168915085, 12.89249584086959], [79.74511123873557, 12.892586246960457], [79.74520339275035, 12.892586688814797], [79.74520249197369, 12.892767501005515], [79.74529464606033, 12.892767942841887], [79.74529419569895, 12.892858348932755], [79.74538634982153, 12.892858790733195], [79.74538589949607, 12.892949196833046], [79.74547805365458, 12.892949638606536], [79.74547760335608, 12.893040044706387], [79.74556975755053, 12.893040486452929], [79.74556885700741, 12.893221298661613], [79.74566101126474, 12.893221740381204], [79.74566056102014, 12.893312146481055], [79.74575271532238, 12.893312588173698], [79.74575181489605, 12.893493400391366], [79.74584396926119, 12.893493842048075], [79.74584351907946, 12.893584248156909], [79.74593567348052, 12.893584689795652], [79.74593522332574, 12.893675095904486], [79.74602737777172, 12.893675537507296], [79.74602692763492, 12.893765943625114], [79.74621123659873, 12.893766826740903], [79.74621078653378, 12.893857232867703], [79.74630294105162, 12.893857674371699], [79.74630249102262, 12.8939480804985], [79.74639464557639, 12.893948521984528], [79.7463937455543, 12.89412933423813], [79.74648590017993, 12.894129775697209], [79.74648410024356, 12.89449140020441], [79.74657625500394, 12.894491841645525], [79.7465758050468, 12.894582247772325], [79.74666795984312, 12.894582689177506], [79.74666750991292, 12.894673095313289], [79.74675966474518, 12.89467353669152], [79.74675876493869, 12.894854348963088], [79.7468509198428, 12.89485479031437], [79.74684957020494, 12.895126008721721], [79.74694172520786, 12.895126450046053], [79.74694127535852, 12.89521685619082], [79.74703343039738, 12.895217297488204], [79.74703298057499, 12.895307703623986], [79.74721729074254, 12.895308586137904], [79.74721684097405, 12.895398992282672], [79.74730899609375, 12.895399433490223], [79.74730854637016, 12.895489839643973], [79.7474007015258, 12.895490280824575], [79.7474002518202, 12.895580686978326], [79.74749240701178, 12.895581128122995], [79.74749195734209, 12.895671534276744], [79.74804488876103, 12.895674180524926], [79.74804443928898, 12.895764586696641], [79.74813659457038, 12.895765027625716], [79.7481352462171, 12.896036246149848], [79.74804309083689, 12.89603580521179], [79.74804264134687, 12.896126211383505], [79.7479504859397, 12.896125770409515], [79.74795093545667, 12.8960353642378], [79.74785878008542, 12.896034923236861], [79.74785833053252, 12.896125329399593], [79.74776617512536, 12.896124888353738], [79.74776662471419, 12.896034482199989], [79.7475823139807, 12.89603360002743], [79.74758276363242, 12.89594319387368], [79.74739845297978, 12.895942311575357], [79.74739890269437, 12.895851905421608], [79.74730674741296, 12.895851464232022], [79.74730719715451, 12.895761058087256], [79.74703073140911, 12.89575973432087], [79.74703028156875, 12.895850140456654], [79.74693812629633, 12.89584969913232], [79.74693857617262, 12.895759292996537], [79.74684642093612, 12.895758851645255], [79.74684732074262, 12.895578039382672], [79.746755165578, 12.89557759800444], [79.74675561550819, 12.89548719187764], [79.7463869950024, 12.895485426050302], [79.74638654493747, 12.89557583216812], [79.74629438978182, 12.89557539062819], [79.74629393968094, 12.895665796746009], [79.74638609487252, 12.895666238285937], [79.7463856447986, 12.895756644403754], [79.746109179152, 12.895755319658205], [79.74611007949748, 12.895574507449519], [79.74574145895576, 12.895572740705902], [79.74574190924528, 12.895482334615034], [79.74564975415252, 12.895481892850526], [79.74565065480343, 12.895301080659808], [79.74555849978253, 12.895300638877334], [79.74555895012595, 12.895210232786466], [79.74537464015603, 12.89520934911372], [79.74537193760145, 12.895751785596046], [79.74518762724524, 12.895750901761604], [79.74518807774137, 12.895660495688702], [79.74509592260371, 12.895660053717583], [79.74509682366784, 12.895479241580762], [79.74500466859304, 12.895478799591677], [79.74500511915205, 12.895388393518775], [79.7448208090923, 12.895387509441788], [79.74482035846142, 12.895477915505706], [79.74463604834777, 12.895477031293971], [79.74463649904153, 12.895386625239038], [79.74445218899974, 12.895385740910521], [79.74445263975639, 12.895295334855588], [79.74436048477142, 12.895294892641923], [79.74436093555501, 12.89520448659597], [79.74426878061497, 12.895204044355356], [79.7442692314255, 12.895113638309404], [79.74408492161729, 12.895112753738344], [79.7440853724907, 12.895022347701374], [79.74399321762253, 12.895021905370928], [79.7439936685229, 12.89493149933396], [79.74408582336413, 12.894931941655424], [79.74408717594847, 12.894660723535534], [79.74399502121504, 12.89466028121407], [79.74399547210643, 12.894569875177101], [79.74390331740892, 12.894569432828689], [79.74390376832727, 12.894479026791721], [79.7438116136657, 12.89447858441636], [79.74381116271142, 12.894568990444345], [79.74353469865486, 12.894567663111648], [79.74353514969896, 12.894477257083661], [79.74325868576815, 12.894475929463503], [79.74325913692006, 12.894385523453485], [79.7430748277137, 12.894384638217671], [79.7430752789195, 12.89429423220765], [79.74289096979399, 12.894293346846073], [79.74289051851633, 12.89438375284711], [79.74270620934591, 12.894382867350785], [79.74270756335856, 12.894111649365643], [79.74261540887666, 12.894111206577056]], [[79.7435374049105, 12.894025226952717], [79.74353830697176, 12.893844414896746], [79.7437226158098, 12.893845299773233], [79.74372216484655, 12.893935705810202], [79.7436300103916, 12.893935263380941], [79.7436295593924, 12.89402566941791], [79.7435374049105, 12.894025226952717]], [[79.74464145639442, 12.894392158580853], [79.74464190704327, 12.894301752516935], [79.74473406166891, 12.894302194595852], [79.74473496288574, 12.894121382468015], [79.74482711745749, 12.894121824502017], [79.74482756802549, 12.894031418438098], [79.74491972256128, 12.894031860436169], [79.74492017309335, 12.893941454363267], [79.74510448210208, 12.893942338269573], [79.74510403163289, 12.894032744351458], [79.74501187709708, 12.894032302407288], [79.74501097607788, 12.894213114571057], [79.74491882147919, 12.894212672590955], [79.74491837092916, 12.894303078663855], [79.74482621630352, 12.89430263664782], [79.74482576571756, 12.894393042720722], [79.74464145639442, 12.894392158580853]]]}, "id": "+6378+7445", "properties": {"count": 991, "water": 1}}, {"type": "Feature", "geometry": {"geodesic": false, "type": "MultiPolygon", "coordinates": [[[[79.74714678606323, 12.760599228350346], [79.74723889213492, 12.760599665057338], [79.74723800234464, 12.7607804791974], [79.74714589620109, 12.760780042490408], [79.74714678606323, 12.760599228350346]]], [[[79.74714678606323, 12.760599228350346], [79.74705467999152, 12.760598791616404], [79.74705423502901, 12.760689198686435], [79.74668581065241, 12.760687451409309], [79.74668625574967, 12.760597044357244], [79.74640993759746, 12.760595733571513], [79.74640771161711, 12.76104776877794], [79.74622349920422, 12.761046894726151], [79.74622394447216, 12.760956487692052], [79.74613183831063, 12.760956050625735], [79.74613228360552, 12.760865643591636], [79.74604017747993, 12.760865206498368], [79.7460397321491, 12.760955613523484], [79.74585551983503, 12.760954739220168], [79.74585462902967, 12.761135553261415], [79.74576252281425, 12.76113511606035], [79.74576207736665, 12.761225523076481], [79.7455778648819, 12.761224648566554], [79.74557741937141, 12.761315055573702], [79.74530110056344, 12.761313743557281], [79.74530065495415, 12.761404150555446], [79.74520854865787, 12.761403713147768], [79.74520765735843, 12.7615845271441], [79.74493133829893, 12.761583214714454], [79.74493089254591, 12.761673621694653], [79.74483878616878, 12.761673184152228], [79.74483923194876, 12.761582777172029], [79.74465501926638, 12.761581901988363], [79.7446572484627, 12.76112986710533], [79.74447303611271, 12.761128991831832], [79.74447348200947, 12.761038584860616], [79.74456558814404, 12.76103902251084], [79.74456603400486, 12.760948615539622], [79.74475024622012, 12.760949490732271], [79.74475069200908, 12.760859083752072], [79.74493490417942, 12.760859958818957], [79.74493534989651, 12.76076955182079], [79.74521166808465, 12.760770864169588], [79.74521211370292, 12.760680457171423], [79.74548843181022, 12.760681769214793], [79.74548887732968, 12.760591362207645], [79.74585730139188, 12.760593111137672], [79.7458577467766, 12.760502704112556], [79.7471472309898, 12.760508821289298], [79.74714678606323, 12.760599228350346]], [[79.74622394447216, 12.760956487692052], [79.74622438974009, 12.760866080657955], [79.74631649588366, 12.760866517697323], [79.74631605064266, 12.760956924731422], [79.74622394447216, 12.760956487692052]], [[79.74558009237143, 12.76077261351284], [79.74558053785496, 12.760682206496709], [79.7456726438997, 12.760682643751672], [79.7456721984521, 12.760773050767805], [79.74558009237143, 12.76077261351284]], [[79.74604106813258, 12.760684392439154], [79.74604151345441, 12.760593985405055], [79.74622572551695, 12.760594859555658], [79.74622528026698, 12.760685266589757], [79.74604106813258, 12.760684392439154]]]]}, "id": "+6399+8901", "properties": {"count": 145, "water": 1}}, {"type": "Feature", "geometry": {"geodesic": false, "type": "Polygon", "coordinates": [[[79.75114363605624, 12.902650435612564], [79.75105147814277, 12.902649995509941], [79.75105102949718, 12.902740401735556], [79.75086671362531, 12.902739521431494], [79.75086716234279, 12.902649115205879], [79.7507750044383, 12.902648675013422], [79.75077455569388, 12.902739081230054], [79.75059023984, 12.902738200728363], [79.75059113746357, 12.902557388295099], [79.75049897961298, 12.902556948003829], [79.75049942844723, 12.90246654179618], [79.75031511281793, 12.902465661114825], [79.75031556171506, 12.902375254907176], [79.75022340393633, 12.902374814526075], [79.75022295500327, 12.90246522072474], [79.75003863939193, 12.902464339854738], [79.750038190387, 12.902554746044421], [79.74994603255438, 12.902554305564504], [79.74994558351351, 12.902644711754187], [79.74930047853245, 12.902641627397642], [79.7493013770813, 12.902460815063193], [79.74920921930257, 12.902460374313781], [79.74920966860395, 12.90236996815105], [79.74930182634674, 12.902370408891477], [79.74930272486864, 12.902189596548045], [79.74921056718873, 12.9021891558166], [79.74921101648111, 12.902098749644884], [79.74902670121114, 12.90209786808318], [79.74902715055742, 12.902007461920448], [79.74865852018813, 12.902005698419746], [79.74865896966917, 12.90191529227498], [79.74856681211503, 12.901914851318956], [79.748567711131, 12.90173403902044], [79.74829123869314, 12.901732715981689], [79.74829168829994, 12.901642309845906], [79.74819953086258, 12.901641868773101], [79.74819998049634, 12.901551462637318], [79.74829213789776, 12.901551903710123], [79.74829258749558, 12.901461497565357], [79.74847690225351, 12.901462379603167], [79.74847735177947, 12.901371973449418], [79.74884598119655, 12.901373737120798], [79.74884553180534, 12.901464143283532], [79.74893768919779, 12.901464584122774], [79.74893723983354, 12.901554990285506], [79.74930586958298, 12.901556753337049], [79.74930631882147, 12.90146634715635], [79.74949063365128, 12.901467228484492], [79.74949108280893, 12.90137682229481], [79.74967539758484, 12.901377703488205], [79.7496758466796, 12.901287297298522], [79.75013663351606, 12.901289499680137], [79.75013708244015, 12.90119909347249], [79.75032139713521, 12.901199974189778], [79.75032094828299, 12.90129038040641], [79.7506895778348, 12.901292141463692], [79.75069002656126, 12.901201735238077], [79.75096649866674, 12.90120305568968], [79.75096694729437, 12.901112649446098], [79.75105910463292, 12.901113089530757], [79.75106000180735, 12.900932277052577], [79.751152159083, 12.900932717092319], [79.7511526076298, 12.900842310848738], [79.75124476487852, 12.900842750852547], [79.75124521338937, 12.900752344608966], [79.75152168506365, 12.900753664422764], [79.75152213347569, 12.900663258161217], [79.75179860507811, 12.900664577669588], [79.75179994998186, 12.900393358866978], [79.75207642131478, 12.90039467806094], [79.75207686951123, 12.900304271781426], [79.75226118368526, 12.900305151070393], [79.7522607355517, 12.90039555735889], [79.75253720694751, 12.900396876058776], [79.75253586283428, 12.900668094942235], [79.75244370560353, 12.900667655396566], [79.75244325752386, 12.900758061694045], [79.75225894300847, 12.90075718249491], [79.75225715040236, 12.90111880762195], [79.7521649930099, 12.901118367968483], [79.75216454482245, 12.901208774247998], [79.75207238740305, 12.901208334549615], [79.75207193917068, 12.901298740820145], [79.75197978172433, 12.901298301094814], [79.75197888519669, 12.901479113635876], [79.75207104270592, 12.90147955337019], [79.75206969797286, 12.901750772181783], [79.7519775403648, 12.901750332438485], [79.75197709207853, 12.901840738700033], [79.75188493444354, 12.901840298920803], [79.75188448612133, 12.90193070518235], [79.75170017077949, 12.90192982551609], [79.75169882560624, 12.902201044282767], [79.7516066678455, 12.902200604386756], [79.7516062194065, 12.90229101063932], [79.75151406161879, 12.902290570716358], [79.75151316467793, 12.902471383203522], [79.7516053225375, 12.902471823144449], [79.75160442565054, 12.902652635640594], [79.751696583573, 12.902653075545588], [79.75169613516096, 12.902743481798154], [79.75160397719358, 12.902743041884175], [79.7516035287456, 12.90283344813674], [79.75123489679528, 12.902831688148453], [79.75123534538699, 12.902741281913855], [79.75114318743759, 12.902740841847162], [79.75114363605624, 12.902650435612564]], [[79.75114363605624, 12.902650435612564], [79.75114408466591, 12.902560029377966], [79.75123624254344, 12.902560469444659], [79.75123579396073, 12.902650875679257], [79.75114363605624, 12.902650435612564]]]}, "id": "+6462+7355", "properties": {"count": 577, "water": 1}}, {"type": "Feature", "geometry": {"geodesic": false, "type": "MultiPolygon", "coordinates": [[[[79.75262712404044, 12.900849347055914], [79.75262846807283, 12.900578128163474], [79.75272062527662, 12.900578567637277], [79.75272152122037, 12.900397755033334], [79.75281367836128, 12.900398194471203], [79.75281412628823, 12.900307788173723], [79.75299844052515, 12.900308666941667], [79.75299799266108, 12.900399073257114], [79.75290583551119, 12.900398633882125], [79.75290449179322, 12.900669852801515], [79.7528123345445, 12.900669413390593], [79.75281188660857, 12.900759819688075], [79.7527197293329, 12.90075938024122], [79.75271928135204, 12.9008497865387], [79.75262712404044, 12.900849347055914]]], [[[79.75262712404044, 12.900849347055914], [79.75262622800689, 12.901030159641891], [79.75253407064139, 12.901029720114188], [79.75253317451799, 12.901210532700166], [79.75244101708961, 12.90121009313653], [79.75243877657452, 12.90166212456105], [79.7525309341646, 12.90166256414265], [79.7525277975261, 12.902295408126198], [79.75261995535872, 12.902295847698817], [79.75261771496939, 12.902747879123334], [79.7527098729637, 12.902748318669003], [79.75270763265522, 12.903200350093522], [79.7527997908202, 12.903200789630207], [79.7527975505836, 12.903652821045743], [79.75288970892825, 12.903653260564463], [79.75288702072875, 12.904195698268495], [79.75297917927104, 12.90419613777823], [79.75297649115238, 12.90473857547328], [79.7530686498923, 12.90473901496505], [79.75306730588687, 12.905010233821558], [79.7531594647346, 12.905010673286379], [79.75315498482728, 12.905914736108466], [79.7532471439984, 12.905915175582269], [79.7532435600977, 12.90663842581838], [79.7531514006571, 12.906637986317628], [79.75314871237674, 12.907180423949796], [79.75305655273851, 12.907179984404127], [79.75305341603713, 12.907812828252926], [79.75296125617432, 12.907812388653358], [79.75295991171973, 12.908083607429019], [79.7528677517581, 12.908083167784536], [79.7528655107669, 12.908535199047357], [79.75277335064357, 12.90853475935796], [79.7527720059105, 12.908805978097686], [79.75267984569734, 12.90880553836337], [79.75267670763054, 12.90943838204149], [79.75276886808624, 12.909438821802755], [79.75276841980894, 12.909529228037353], [79.7526762593263, 12.909528788285071], [79.75267536269985, 12.909709600754267], [79.75258320215431, 12.909709160957071], [79.75258275380514, 12.90979956719167], [79.7523984326512, 12.909798687489477], [79.75239798423017, 12.909889093715092], [79.75230582362177, 12.909888653810098], [79.75230537516481, 12.909979060035713], [79.75212105390305, 12.90997818012691], [79.75212060537424, 12.910068586334559], [79.75193628405859, 12.910067706291006], [79.7519358354669, 12.910158112498655], [79.75175151409735, 12.910157232320357], [79.75175106543378, 12.910247638519023], [79.75156674401033, 12.910246758196994], [79.7515662952749, 12.910337164395658], [79.75138197379755, 12.910336283938882], [79.75138152499025, 12.910426690128565], [79.751197203468, 12.910425809537042], [79.75119675458883, 12.91051621571774], [79.75101243301268, 12.91051533499147], [79.75101198407063, 12.910605741163186], [79.75082766244057, 12.910604860302167], [79.75082721342666, 12.9106952664649], [79.75064289174271, 12.910694385469135], [79.75064244265694, 12.910784791622884], [79.75045812091908, 12.910783910492372], [79.75045767177042, 12.910874316646122], [79.75036551086556, 12.910873876022475], [79.75036506168097, 12.91096428216724], [79.75027290075815, 12.910963841516645], [79.75027334997867, 12.910873435371878], [79.75018118909178, 12.91087299468535], [79.75018298608167, 12.910511370115266], [79.75009082532952, 12.910510929410771], [79.75009037604612, 12.910601335546554], [79.74999821526703, 12.910600894806127], [79.74999776595666, 12.910691300950893], [79.74944480112939, 12.91068865580764], [79.74944525063736, 12.910598249689823], [79.74926092912409, 12.910597367723877], [79.74926137869495, 12.91050696160606], [79.74889273583909, 12.910505197296876], [79.74889363524133, 12.910324385097175], [79.74880147460597, 12.91032394394352], [79.74880237406211, 12.910143131743819], [79.74871021348963, 12.910142690563218], [79.74871156274122, 12.909871472272648], [79.74843508135615, 12.909870148578127], [79.74843643087723, 12.909598930305524], [79.74825211016346, 12.909598047692791], [79.7482525600667, 12.909507641610906], [79.74816039974574, 12.909507200259625], [79.74816084967594, 12.90941679417774], [79.74788436884782, 12.90941546994423], [79.74788526889687, 12.909234657798427], [79.74770094848851, 12.909233774817386], [79.74770049839663, 12.909324180881303], [79.7476083381655, 12.909323739341374], [79.74760788804666, 12.909414145405293], [79.74742356752154, 12.909413262226622], [79.74742536826638, 12.909051637997898], [79.74733320815204, 12.909051196368138], [79.74733365836072, 12.908960790313204], [79.74724149827333, 12.908960348656494], [79.74724104802871, 12.909050754711428], [79.74714888791438, 12.909050313018787], [79.74714843763384, 12.90914071906474], [79.74705627749255, 12.909140277336164], [79.74705582717608, 12.909230683382116], [79.74659502634385, 12.909228474236187], [79.7465977291859, 12.908686038050305], [79.74650556922427, 12.90868559614207], [79.746507821669, 12.908233565993157], [79.74641566187805, 12.908233124066953], [79.74641611239215, 12.908142718038969], [79.74650827214717, 12.908143159956188], [79.74650962355472, 12.907871941854266], [79.7466017832199, 12.907872383735553], [79.74660223365315, 12.907781977698585], [79.74651007402389, 12.907781535817296], [79.7465105244841, 12.907691129780329], [79.74641836489077, 12.907690687881074], [79.74641926587405, 12.907509875807136], [79.74614278731868, 12.907508549920726], [79.74614323790463, 12.907418143901724], [79.74605107841911, 12.907417701876705], [79.74605197964495, 12.907236889829717], [79.74559118263954, 12.907234679246482], [79.74559163341415, 12.907144273245446], [79.74531515534386, 12.90714294651462], [79.74531470447943, 12.907233352515656], [79.74503822634625, 12.907232025488385], [79.7450373243928, 12.907412837463509], [79.74494516496117, 12.907412395043231], [79.74494471394402, 12.9075028010263], [79.74485255448545, 12.907502358579075], [79.74485120132618, 12.9077735765193], [79.7447590417598, 12.907773134027158], [79.7447585906708, 12.907863540001244], [79.74457427148415, 12.907862654909161], [79.74457472264504, 12.907772248944058], [79.74448256309664, 12.9077718063531], [79.74448301428447, 12.907681400387997], [79.744390854772, 12.90768095777009], [79.74439130598678, 12.907590551804986], [79.74429914651024, 12.90759010916013], [79.74430050024444, 12.907318891273803], [79.7442083408667, 12.907318448601997], [79.7442087921354, 12.907228042645876], [79.7440244734608, 12.907227157212434], [79.74402492480134, 12.907136751265297], [79.74393276549549, 12.907136308494676], [79.74393321686298, 12.907045902547539], [79.7437488983411, 12.907045016934433], [79.74375025260528, 12.906773799093022], [79.74365809345214, 12.906773356250536], [79.74365854490048, 12.906682950303399], [79.74356638578327, 12.906682507433963], [79.74356864314178, 12.906230477716244], [79.7436608020973, 12.906230920576695], [79.74366170494908, 12.906050108682422], [79.7437538638417, 12.906050551497957], [79.7437552179981, 12.905779333638579], [79.74384737679192, 12.905779776418182], [79.74384782813247, 12.905689370462062], [79.74403214567519, 12.905690255913472], [79.74403259694387, 12.905599849948368], [79.74394043821293, 12.90559940724063], [79.74394088951755, 12.905509001284509], [79.74403304822154, 12.905509443983265], [79.74403349949021, 12.905419038018161], [79.74421781683532, 12.905419923325839], [79.74421826804111, 12.905329517351753], [79.74431042668222, 12.905329959951693], [79.74431087785209, 12.905239553977607], [79.74440303646624, 12.905239996541615], [79.7444034875912, 12.905149590558546], [79.74449564617841, 12.90515003308662], [79.74449609726742, 12.905059627103551], [79.74458825582768, 12.905060069595693], [79.74458870688076, 12.904969663612624], [79.74468086541407, 12.904970106068832], [79.74468131643123, 12.90487970007678], [79.7447734749286, 12.904880142497058], [79.74477392590983, 12.904789736505005], [79.74495824285067, 12.904790621237762], [79.74495914466938, 12.904609809235689], [79.74505130307693, 12.904610251548169], [79.7450522048148, 12.904429439537113], [79.74496004647014, 12.904428997224635], [79.74496049737051, 12.904338591223597], [79.74505265567923, 12.904339033527094], [79.74505355739913, 12.904158221507055], [79.74514571564498, 12.90415866377462], [79.74514616646451, 12.904068257755617], [79.7452383246834, 12.90406869998725], [79.745238775467, 12.903978293968246], [79.74551525004284, 12.903979620456527], [79.74551570072762, 12.903889214428542], [79.74570001705762, 12.903890098586377], [79.74570046767053, 12.90379969255839], [79.74579262580858, 12.90380013458341], [79.74579307638555, 12.903709728537457], [79.74625386697699, 12.903711938168478], [79.74625431738328, 12.903621532113544], [79.74634647547641, 12.903621973940933], [79.74634692584678, 12.903531567885997], [79.74643908390398, 12.90353200966847], [79.74643998457285, 12.903351197540633], [79.74653214257616, 12.903351639296158], [79.7465330431552, 12.90317082715934], [79.74671735903603, 12.903171710553606], [79.74671825947134, 12.902990898398821], [79.74681041735786, 12.902991340037563], [79.7468108675306, 12.902900933964663], [79.74690302538119, 12.902901375567472], [79.74690347552698, 12.902810969485587], [79.74699563335061, 12.902811411052467], [79.74699608345148, 12.902721004961599], [79.74718039904486, 12.90272188799654], [79.74718084907387, 12.902631481905672], [79.74727300684361, 12.902631923373734], [79.74727345684566, 12.902541517273884], [79.74764208780785, 12.902543282795794], [79.74764253766617, 12.90245287668696], [79.74773469538201, 12.902453317984344], [79.74773514521338, 12.902362911866526], [79.74782730290228, 12.902363353127978], [79.74782775268874, 12.90227294701016], [79.74801206801263, 12.902273829425264], [79.74801251772722, 12.902183423298464], [79.74810467536221, 12.902183864461099], [79.74810422567457, 12.902274270587899], [79.74828854100743, 12.902275152814356], [79.74828809138266, 12.902365558950141], [79.74838024908952, 12.902366000013961], [79.7483797994917, 12.902456406149746], [79.74874843048083, 12.902458170108586], [79.74874798101776, 12.902548576253354], [79.74893229660215, 12.902549458039635], [79.74893184719298, 12.902639864202369], [79.7490240050256, 12.902640305050594], [79.74902355565237, 12.902730711204343], [79.74911571351194, 12.90273115202562], [79.74911481481936, 12.902911964342103], [79.74920697275978, 12.90291240513643], [79.74920652343145, 12.903002811299162], [79.74939083938416, 12.903003692797984], [79.7493903901277, 12.903094098969701], [79.74948254814, 12.903094539665213], [79.74948209891048, 12.903184945836928], [79.7495742569587, 12.903185386514474], [79.74957380776513, 12.903275792686191], [79.74975812393342, 12.903276673942468], [79.74975767480274, 12.903367080123166], [79.75012630732797, 12.903368842258429], [79.75012585831406, 12.90345924844811], [79.75021801648805, 12.903459688901078], [79.75021846546602, 12.903369282711395], [79.75031062360407, 12.90336972312843], [79.75031107253713, 12.903279316929764], [79.75040323065721, 12.903279757310866], [79.75040367955435, 12.9031893511122], [79.75077231190892, 12.903191112313214], [79.75077186313754, 12.903281518529845], [79.7512326538188, 12.90328371931246], [79.75123220521812, 12.903374125547058], [79.75169299615091, 12.903376325530171], [79.75169344458989, 12.90328591928659], [79.7517856027549, 12.903286359182601], [79.75178605115795, 12.903195952930037], [79.75197036742506, 12.903196832623246], [79.75196991909387, 12.903287238884793], [79.75206207726785, 12.903287678681991], [79.75206162895462, 12.903378084943538], [79.75215378716454, 12.903378524713785], [79.75215423544184, 12.903288118452238], [79.7522463936248, 12.903288558186553], [79.75224684186615, 12.903198151916023], [79.75215468371015, 12.903197712190691], [79.75215513197845, 12.903107305920159], [79.75206297386735, 12.903106866158895], [79.75206387046686, 12.9029260536358], [79.75197171241864, 12.902925613856569], [79.75197216074085, 12.902835207595022], [79.75206431875313, 12.902835647374253], [79.75206656015756, 12.90238361605753], [79.75197440231597, 12.902383176287284], [79.7519748506202, 12.902292770025737], [79.75188269280555, 12.90229233022854], [79.75188358946794, 12.902111517705444], [79.75197574721072, 12.902111957502642], [79.75197664379226, 12.901931144970563], [79.75206880147216, 12.901931584722844], [79.75206924972251, 12.901841178452313], [79.75216140737547, 12.901841618168662], [79.75216185558988, 12.901751211898132], [79.75225401320691, 12.901751651578547], [79.75225625408133, 12.901299620189961], [79.75234841153666, 12.901300059816478], [79.7523493077948, 12.901119247248467], [79.75244146518725, 12.901119686848034], [79.75244236136454, 12.90093887427104], [79.7525345186941, 12.900939313825692], [79.75253496674682, 12.90084890752821], [79.75262712404044, 12.900849347055914]], [[79.75101602445024, 12.909792085581808], [79.75101737117755, 12.909520867048695], [79.75175465466148, 12.909524388893766], [79.75175420602486, 12.909614795101414], [79.75156988506853, 12.9096139148243], [79.75156943635108, 12.909704321022966], [79.75138511534085, 12.909703440611105], [79.7513846665605, 12.909793846809771], [79.75101602445024, 12.909792085581808]], [[79.75104744018861, 12.903463651540475], [79.75104788887016, 12.903373245323843], [79.75114004703515, 12.903373685444434], [79.75113959839854, 12.903464091670049], [79.75104744018861, 12.903463651540475]]]]}, "id": "+6470+7355", "properties": {"count": 6563, "water": 1}}, {"type": "Feature", "geometry": {"geodesic": false, "type": "MultiPolygon", "coordinates": [[[[79.7544169832069, 12.761899331485642], [79.75441786798457, 12.76171851686049], [79.75450997472102, 12.761718951070165], [79.75450909000622, 12.761899765695318], [79.7544169832069, 12.761899331485642]]], [[[79.7544169832069, 12.761899331485642], [79.75441609841126, 12.762080146110796], [79.75460031215364, 12.76208101451218], [79.75459986981421, 12.76217142183374], [79.75441565601793, 12.76217055341439], [79.75441521360663, 12.762260960726966], [79.75432310668154, 12.762260526463391], [79.75432222179606, 12.76244134107956], [79.7542301148081, 12.762440906780053], [79.75422922985075, 12.762621721378256], [79.75404501574904, 12.762620852680428], [79.75404545829508, 12.762530445385817], [79.7536770302713, 12.762528707612866], [79.75367658759052, 12.76261911488951], [79.75376869462342, 12.762619549386647], [79.75376825197856, 12.762709956672275], [79.75349193078107, 12.762708653073066], [79.75349237353372, 12.762618245805406], [79.75340026650981, 12.762617811209454], [79.75340070928941, 12.762527403941794], [79.75330860230144, 12.762526969318893], [79.753309045108, 12.762436562051231], [79.75321693815594, 12.762436127401381], [79.75321782382295, 12.76225531286606], [79.7531257169338, 12.762254878198243], [79.75312660265469, 12.762074063662922], [79.7530344958374, 12.762073628968157], [79.7530349387248, 12.761983221700495], [79.75294283195242, 12.761982786969797], [79.75294371778112, 12.761801972452442], [79.75285161107162, 12.761801537694794], [79.75285249695422, 12.761620723177439], [79.75266828366998, 12.761619853581294], [79.75266872667416, 12.7615294463316], [79.75257662007246, 12.761529011493105], [79.75257706310359, 12.76143860424341], [79.75239284998104, 12.761437734467602], [79.75239329306606, 12.761347327217907], [79.7521169735035, 12.761346022325126], [79.75211741668735, 12.761255615093397], [79.75202531020244, 12.761255180066255], [79.75202575342222, 12.761164772834526], [79.7521178598712, 12.761165207852686], [79.75211874622991, 12.760984393380246], [79.7516582143443, 12.760982217984022], [79.75165865768086, 12.760891810761278], [79.75156655133966, 12.760891375590404], [79.75156743807567, 12.760710561144915], [79.75147533180635, 12.760710125947092], [79.75147577519681, 12.76061971873333], [79.75138366896341, 12.760619283508559], [79.7513841123898, 12.760528876285813], [79.75129200619234, 12.760528441034092], [79.75129244964569, 12.76043803382033], [79.75156876813925, 12.760439339485663], [79.75156921148479, 12.760348932262918], [79.75166131762835, 12.760349367415825], [79.75166176093796, 12.760258960184096], [79.75175386704558, 12.760259395310054], [79.75175431032825, 12.760168988078325], [79.75221484075858, 12.760171163169124], [79.75221528387057, 12.760080755928412], [79.75368898131411, 12.76008771079314], [79.75368853873215, 12.76017811808775], [79.75424117569231, 12.760180724064456], [79.75424073329899, 12.760271131377033], [79.75451705191831, 12.760272433943179], [79.7545166096238, 12.760362841264737], [79.75479292837788, 12.760364143552405], [79.7547924861642, 12.760454550882947], [79.75506880505303, 12.760455852892138], [79.75506836293818, 12.760546260231663], [79.75525257561158, 12.760547128085076], [79.75525213355961, 12.760637535433585], [79.75534423993673, 12.760637969310885], [79.7553437979117, 12.760728376668377], [79.75543590432477, 12.760728810518726], [79.75543502033761, 12.760909625224727], [79.75525080739472, 12.760908757479113], [79.75525036533377, 12.760999164818639], [79.75469772637933, 12.760996560791275], [79.75469728412075, 12.761086968121818], [79.7547893906416, 12.76108740220573], [79.75478894840998, 12.761177809536273], [79.75442052222775, 12.761176072976047], [79.75441919511964, 12.76144729492276], [79.75432708849098, 12.761446860695118], [79.75432664607969, 12.761537268007695], [79.75441875274427, 12.761537702235337], [79.7544183103689, 12.761628109547914], [79.75414199027635, 12.761626806748206], [79.75414154780218, 12.7617172140518], [79.75358890752722, 12.76171460755407], [79.75358935019902, 12.761624200277426], [79.75331303020528, 12.761622896606353], [79.75331347297589, 12.76153248932971], [79.75312925973655, 12.761531620065941], [79.75312837405158, 12.761712434601263], [79.75322048074312, 12.761712869251113], [79.75322003792758, 12.761803276527758], [79.75331214465506, 12.761803711150657], [79.75331170186647, 12.761894118427302], [79.75340380862986, 12.761894553023254], [79.7534033658772, 12.761984960299896], [79.75386389988283, 12.761987132821513], [79.75386345729189, 12.762077540116122], [79.75395556413612, 12.762077974532412], [79.75395600670014, 12.761987567237801], [79.7543244339783, 12.76198930455261], [79.75432487640757, 12.761898897240034], [79.7544169832069, 12.761899331485642]], [[79.7536770302713, 12.762528707612866], [79.75358492327435, 12.76252827308878], [79.75358536598209, 12.762437865803154], [79.75367747294311, 12.76243830032724], [79.7536770302713, 12.762528707612866]], [[79.75248672876117, 12.761076540379186], [79.75248761485038, 12.760895725870814], [79.75267182758665, 12.760896595547807], [79.75267138460941, 12.760987002806484], [79.75276349102248, 12.760987437591082], [79.7527626051219, 12.761168252108437], [79.75257839217902, 12.761167382485343], [79.75257883519218, 12.761076975235648], [79.75248672876117, 12.761076540379186]]]]}, "id": "+6470+8906", "properties": {"count": 626, "water": 1}}, {"type": "Feature", "geometry": {"geodesic": false, "type": "MultiPolygon", "coordinates": [[[[79.75567859524804, 12.898784485607464], [79.75558643859222, 12.898784047229606], [79.7555859917163, 12.898874453643867], [79.75549383503352, 12.898874015230076], [79.75549294119185, 12.899054828049616], [79.75540078444618, 12.899054389599891], [79.75539989053264, 12.899235202401464], [79.75521557692454, 12.899234325394218], [79.75521512988693, 12.899324731790514], [79.75512297306042, 12.899324293232992], [79.75512252598686, 12.899414699620303], [79.75503036912443, 12.89941426102685], [79.75503126332544, 12.899233448252225], [79.75493910652587, 12.899233009631821], [79.75494000077178, 12.899052196857198], [79.75503215749949, 12.89905263546862], [79.75503171041694, 12.899143041864914], [79.75512386718057, 12.899143480449386], [79.75512431423616, 12.899053074053091], [79.75521647097283, 12.899053512601629], [79.75521736500315, 12.898872699800057], [79.75530952167695, 12.898873138312663], [79.75530996866067, 12.898782731907383], [79.75549428194537, 12.898783608824798], [79.75549472885723, 12.898693202410536], [79.75540257224631, 12.89869276397878], [79.75540391305374, 12.898421544753962], [79.75558822608691, 12.898422421572562], [79.75558867294488, 12.8983320151583], [79.75549651645973, 12.898331576771458], [79.75549696335361, 12.898241170357197], [79.75540480691338, 12.898240731934424], [79.75540570075506, 12.898059919114884], [79.75549785713241, 12.898060357528674], [79.7554974102475, 12.898150763942937], [79.75558956666079, 12.898151202329778], [79.75558911981182, 12.898241608744039], [79.75568127626103, 12.898242047103931], [79.755680829439, 12.898332453518192], [79.75577298592415, 12.898332891851135], [79.75577253912908, 12.898423298265397], [79.75586469565914, 12.89842373657139], [79.75586424889102, 12.898514142994634], [79.75595640545701, 12.898514581255712], [79.75595595871584, 12.89860498768794], [79.75604811531777, 12.898605425922067], [79.75604766860354, 12.898695832354296], [79.75577119871691, 12.898694517526147], [79.75577164552097, 12.898604111111885], [79.755679488937, 12.898603672769958], [79.75567859524804, 12.898784485607464]]], [[[79.75632369191071, 12.89878755332721], [79.75623153523692, 12.898787115173931], [79.75623198187927, 12.898696708741703], [79.75632413852613, 12.898697146886], [79.75632369191071, 12.89878755332721]]], [[[79.75567859524804, 12.898784485607464], [79.75577075190388, 12.89878492394939], [79.75577030509083, 12.898875330363651], [79.75567814839907, 12.898874892021725], [79.75567859524804, 12.898784485607464]]], [[[79.75577030509083, 12.898875330363651], [79.75613893188483, 12.898877083425928], [79.75613848519755, 12.898967489858157], [79.7557698582778, 12.898965736786897], [79.75577030509083, 12.898875330363651]]], [[[79.75613848519755, 12.898967489858157], [79.75632279867989, 12.898968366200648], [79.75632369191071, 12.89878755332721], [79.75641584859349, 12.898787991444557], [79.75641406223964, 12.899149617200417], [79.75632190543111, 12.899149179074087], [79.75632145879773, 12.899239585506315], [79.75622930196224, 12.899239147344051], [79.75622974862256, 12.899148740911825], [79.75613759181402, 12.899148302713629], [79.75613848519755, 12.898967489858157]]]]}, "id": "+6497+7380", "properties": {"count": 62, "water": 1}}, {"type": "Feature", "geometry": {"geodesic": false, "type": "Polygon", "coordinates": [[[79.75530505169603, 12.899777202293578], [79.75530594571737, 12.89959638950997], [79.75539810266065, 12.89959682800461], [79.75539854963539, 12.899506421608315], [79.75558286345908, 12.899507298507762], [79.75558331036196, 12.899416892102485], [79.75567546724236, 12.89941733049831], [79.7556759141093, 12.899326924084049], [79.75622885529293, 12.899329553767295], [79.75622840862361, 12.899419960199523], [79.7560440948179, 12.8994190837672], [79.75604364807671, 12.899509490190443], [79.75585933421709, 12.899508613614389], [79.75585888741303, 12.899599020028651], [79.7556745734995, 12.89959814331785], [79.75567412662357, 12.899688549723127], [79.75548981265615, 12.899687672877578], [79.75548936570837, 12.899778079282857], [79.75530505169603, 12.899777202293578]]]}, "id": "+6505+7366", "properties": {"count": 22, "water": 1}}, {"type": "Feature", "geometry": {"geodesic": false, "type": "Polygon", "coordinates": [[[79.7559091005245, 12.870758903566369], [79.75590954627752, 12.870668496954478], [79.75627813184784, 12.870670246055184], [79.7562785774661, 12.870579839425327], [79.75637072383623, 12.870580276608427], [79.75637116941857, 12.87048986997857], [79.75655546209593, 12.870490744254937], [79.75655501657647, 12.870581150893777], [79.75664716295557, 12.870581587987045], [79.75664671746306, 12.870671994634868], [79.75692315671714, 12.870673305726024], [79.75692360210185, 12.870582899078201], [79.757107894887, 12.870583772977277], [79.75710700423436, 12.870764586290889], [79.75729129716323, 12.870765460073184], [79.75729085190429, 12.87085586672999], [79.75738299840016, 12.870856303580712], [79.75738032693627, 12.871398743566465], [79.75728818023377, 12.871398306697776], [79.75728862551968, 12.87130790004097], [79.75710433219554, 12.871307026222743], [79.7571052228931, 12.871126212918114], [79.75682878312699, 12.871124901961704], [79.75682967400422, 12.870944088675042], [79.75673752749037, 12.870943651635672], [79.75673797295593, 12.870853244987849], [79.75655368000011, 12.870852370810297], [79.75655323446267, 12.870942777449137], [79.75627679495706, 12.870941465935772], [79.7562772405933, 12.870851059305915], [79.75600080121346, 12.870849747514072], [79.75600124693953, 12.870759340893198], [79.7559091005245, 12.870758903566369]]]}, "id": "+6507+7685", "properties": {"count": 64, "water": 1}}, {"type": "Feature", "geometry": {"geodesic": false, "type": "Polygon", "coordinates": [[[79.75633262351822, 12.896979424449098], [79.75633307006176, 12.896889017998905], [79.75642522605284, 12.896889456044388], [79.75642656556668, 12.896618236684823], [79.75679518914471, 12.896619988516408], [79.75679474277185, 12.896710394984568], [79.75697905465519, 12.896711270716205], [79.75697816203522, 12.896892083661509], [79.75688600602618, 12.896891645804674], [79.75688555968026, 12.896982052272833], [79.75697771572524, 12.896982490138653], [79.7569768230873, 12.897163303074972], [79.75642388650306, 12.897160675403951], [79.75642477953625, 12.896979862503564], [79.75633262351822, 12.896979424449098]]]}, "id": "+6511+7396", "properties": {"count": 34, "water": 1}}, {"type": "Feature", "geometry": {"geodesic": false, "type": "Polygon", "coordinates": [[[79.75728194587181, 12.872663999866115], [79.75728283653345, 12.872483186570468], [79.7573749836312, 12.872483623466108], [79.75737542892608, 12.872393216809302], [79.7574675759879, 12.87239365367799], [79.75746846650581, 12.872212840364377], [79.75756061350475, 12.87221327718815], [79.75756105872777, 12.872122870522361], [79.75765320569977, 12.872123307319185], [79.75765276051267, 12.872213713984975], [79.75774490752958, 12.872214150745865], [79.75774446236944, 12.872304557411654], [79.75783660942227, 12.872304994145596], [79.75783616429807, 12.87239540082037], [79.75792831137785, 12.87239583751838], [79.7579278662806, 12.872486244193151], [79.75774357204916, 12.872485370752218], [79.75774223654179, 12.872756590749585], [79.75765008933624, 12.872756153970728], [79.7576505345413, 12.87266574730494], [79.75728194587181, 12.872663999866115]]]}, "id": "+6519+7667", "properties": {"count": 25, "water": 1}}, {"type": "Feature", "geometry": {"geodesic": false, "type": "MultiPolygon", "coordinates": [[[[79.75796244365759, 12.846719880454328], [79.75796333198362, 12.84653906675444], [79.75805546964007, 12.84653950254515], [79.758055025513, 12.84662990940857], [79.7581471632054, 12.846630345172331], [79.75814671910526, 12.846720752035749], [79.75823885683359, 12.84672118777256], [79.75823930089778, 12.846630780909143], [79.75833143859916, 12.846631216610021], [79.75832966245916, 12.84699284407268], [79.75842180029528, 12.846993279755592], [79.7584222442966, 12.846902872892175], [79.75851438210577, 12.846903308539154], [79.75851349414806, 12.847084122274975], [79.75842135628498, 12.847083686619012], [79.75842046824643, 12.847264500354832], [79.7583283303115, 12.847264064653952], [79.75832788625628, 12.847354471517372], [79.7582357482944, 12.847354035789543], [79.75823619238554, 12.847263628935108], [79.75805191653363, 12.847262757380635], [79.7580528048327, 12.847081943680747], [79.75814494268678, 12.847082379462476], [79.75814449857768, 12.84717278631691], [79.7583287743667, 12.847173657799518], [79.75832921841294, 12.847083250936098], [79.75823708054986, 12.847082815217254], [79.75823752462304, 12.846992408353834], [79.75805324896876, 12.846991536826312], [79.7580536931138, 12.846901129971876], [79.75786941754038, 12.84690025831859], [79.75787030593825, 12.846719444618701], [79.75796244365759, 12.846719880454328]], [[79.75796244365759, 12.846719880454328], [79.75805458138592, 12.846720316263005], [79.75805413724986, 12.846810723117441], [79.75796199949458, 12.846810287308763], [79.75796244365759, 12.846719880454328]]], [[[79.75823930089778, 12.846630780909143], [79.7581471632054, 12.846630345172331], [79.75814805138768, 12.846449531454477], [79.75824018901719, 12.846449967182306], [79.75823930089778, 12.846630780909143]]]]}, "id": "+6524+7951", "properties": {"count": 29, "water": 1}}, {"type": "Feature", "geometry": {"geodesic": false, "type": "Polygon", "coordinates": [[[79.75801867819438, 12.872757900897511], [79.758019568335, 12.872577087547967], [79.7582960098169, 12.872578397390464], [79.7582964547884, 12.872487990697726], [79.75848074905576, 12.872488863761367], [79.75848030415614, 12.872579270454107], [79.75866459850437, 12.872580143383], [79.75866415366761, 12.872670550084722], [79.75912488977622, 12.872672731867969], [79.75912444509218, 12.872763138578675], [79.75930873962905, 12.872764011076377], [79.75930829500791, 12.872854417796066], [79.75958473692998, 12.872855726300076], [79.75958429241663, 12.872946133028746], [79.75967643975693, 12.87294656914285], [79.75967599527053, 12.873036975871521], [79.75976814265574, 12.873037411949694], [79.7597676981963, 12.873127818678364], [79.76013628788986, 12.873129562685625], [79.76013584356515, 12.873219969432261], [79.76041228597234, 12.873221277100837], [79.76041184173745, 12.873311683856459], [79.76050398923945, 12.873312119683101], [79.7605035450405, 12.873402526438722], [79.76031924995567, 12.87340165474052], [79.76031880568486, 12.873492061496142], [79.76013451054612, 12.873491189663191], [79.76013406620345, 12.873581596400847], [79.76004191861162, 12.873581160439457], [79.76004102984544, 12.873761973914766], [79.75994888218175, 12.87376153790846], [79.75994932660527, 12.873671131170804], [79.75985717898648, 12.873670695137548], [79.75985762342798, 12.873580288399895], [79.75976547584513, 12.87357985233969], [79.75976592032255, 12.873489445611018], [79.75967377277564, 12.873489009514879], [79.75967466178437, 12.873308196057536], [79.75958251430035, 12.87330775993445], [79.75958295884065, 12.873217353214761], [79.75930651652331, 12.873216044665837], [79.7593060718842, 12.873306451385524], [79.75921392442712, 12.873306015136674], [79.75921347975206, 12.873396421847378], [79.75902918476604, 12.873395549241877], [79.75903096368182, 12.873033922417022], [79.75847807959512, 12.873031303899834], [79.75847852452169, 12.872940897216079], [79.75838637721733, 12.87294046068875], [79.75838682216188, 12.872850053996011], [79.75829467489343, 12.872849617441732], [79.75829511987392, 12.872759210757977], [79.75801867819438, 12.872757900897511]]]}, "id": "+6528+7663", "properties": {"count": 115, "water": 1}}, {"type": "Feature", "geometry": {"geodesic": false, "type": "Polygon", "coordinates": [[[79.75488005846562, 12.83648907771813], [79.75478792458208, 12.836488641136903], [79.75478836951764, 12.836398234327381], [79.75469623567004, 12.836397797719204], [79.75469668062357, 12.836307390909685], [79.75451241300921, 12.836306517612481], [79.75451285802562, 12.836216110802962], [79.75442072425886, 12.836215674113935], [79.7544211693112, 12.836125267304416], [79.75423690184057, 12.836124393827548], [79.75423734695579, 12.836033987027012], [79.75405307956602, 12.836033113424381], [79.75405352474412, 12.835942706632828], [79.75414565840308, 12.835943143447619], [79.75414610354525, 12.835852736656065], [79.75423823717726, 12.835853173434922], [79.7542386822835, 12.835762766634385], [79.75433081587957, 12.83576320337731], [79.75433126094988, 12.835672796576773], [79.75423912738076, 12.835672359833849], [79.75423957247801, 12.835581953033312], [79.75442383955338, 12.835582826474246], [79.75442428457877, 12.83549241967371], [79.75433215107253, 12.835491982966717], [79.75433259613385, 12.83540157616618], [79.75442472960417, 12.835402012864188], [79.75442517462956, 12.835311606054669], [79.7543330411862, 12.83531116935666], [79.75433348623854, 12.835220762556123], [79.75451775305339, 12.835221635907226], [79.75452042289133, 12.834679195023156], [79.75442828968154, 12.834678758379047], [79.75442962464992, 12.83440753793252], [79.7553509559484, 12.83441190280157], [79.75535051129133, 12.834502309647023], [79.75553477765702, 12.834503182243541], [79.75553433305384, 12.834593589097976], [79.75581073272815, 12.834594897754698], [79.75580939921504, 12.834866118335972], [79.7563621992464, 12.83486873483195], [79.75636175493067, 12.834959141713336], [79.75645388831114, 12.83495957768371], [79.75645433259093, 12.834869170802325], [79.75663859930698, 12.834870042644257], [79.75663948772284, 12.834689228863521], [79.7568237543131, 12.834690100570706], [79.75682331017705, 12.834780507461074], [79.75691544350363, 12.83478094326975], [79.75691499939452, 12.834871350169102], [79.75728353289847, 12.834873093080416], [79.75728397687283, 12.834782686172082], [79.75737611022636, 12.83478312181008], [79.75737655417377, 12.834692714901745], [79.75746868749137, 12.83469315050381], [79.7574682435799, 12.834783557421128], [79.75802104378192, 12.834786170413675], [79.75802148749577, 12.834695763478392], [79.75811362084032, 12.83469619886486], [79.75811450819616, 12.834515384985309], [79.75820664147781, 12.834515820326862], [79.7582075287528, 12.834335006438328], [79.75829966197159, 12.834335441743947], [79.75830010556867, 12.834245034790698], [79.75839223876049, 12.834245470060386], [79.75839312588276, 12.834064656153885], [79.75830099275382, 12.83406422089318], [79.75830321066731, 12.83361218612693], [79.75876387550358, 12.833614362044177], [79.75876077155478, 12.834247210815743], [79.75885290476457, 12.834247645923734], [79.75885246136514, 12.834338052894951], [79.7590367278566, 12.834338923021102], [79.75903894450346, 12.833886888147052], [79.75922321068052, 12.833887758111505], [79.7592227674248, 12.833978165091706], [79.75940703367372, 12.833979034939379], [79.75940659048089, 12.83406944192856], [79.75949872364578, 12.83406987680299], [79.75949695096429, 12.834431504759722], [79.75958908426392, 12.834431939625167], [79.75958864112499, 12.834522346614351], [79.75968077446056, 12.834522781443864], [79.7596803313396, 12.834613188433048], [79.75977246472007, 12.834613623235612], [79.759770692353, 12.834975251219293], [79.75931002485771, 12.834973076838164], [79.75930958159302, 12.835063483818363], [79.75921744807779, 12.83506304884512], [79.75921700477717, 12.835153455816336], [79.75866420352412, 12.835150845267206], [79.75866376002585, 12.835241252220456], [79.75857162645673, 12.83524081701365], [79.75857029583621, 12.835512037873402], [79.75847816217724, 12.83551160262168], [79.75847727501005, 12.835692416510215], [79.75838514128822, 12.83569198122256], [79.75838425404916, 12.835872795111094], [79.75829212026444, 12.835872359778524], [79.75829034560665, 12.836233987528644], [79.75819821169617, 12.836233552160142], [79.75819643684976, 12.836595179883311], [79.75810430280453, 12.83659474446091], [79.75810385905474, 12.836685151387211], [79.75791959091936, 12.836684280452577], [79.75791914709771, 12.836774687369894], [79.75782701299858, 12.836774251848677], [79.75782656914099, 12.836864658765995], [79.75773443501491, 12.836864223208847], [79.7577339911214, 12.836954630126165], [79.75754972281534, 12.836953758913053], [79.75754927885895, 12.837044165812404], [79.75681220550894, 12.837040679639433], [79.75681176127407, 12.837131086520818], [79.75671962709409, 12.83713065059536], [79.7567200713559, 12.837040243722958], [79.75635153477971, 12.837038499733666], [79.75635109038315, 12.837128906597083], [79.75561401712297, 12.837125417037464], [79.75561446178904, 12.837035010200994], [79.75524592536556, 12.837033264657617], [79.7552463701574, 12.836942857839114], [79.75515423609419, 12.836942421374667], [79.75515468091297, 12.83685201454718], [79.75497041285844, 12.836851141537437], [79.75497130261277, 12.836670327900432], [79.75487916865738, 12.836669891346153], [79.75488005846562, 12.83648907771813]], [[79.75488005846562, 12.83648907771813], [79.75488094825589, 12.836308264081124], [79.75506521590617, 12.836309137126799], [79.75506477107841, 12.836399543945303], [79.75515690494399, 12.836399980427716], [79.75515646014317, 12.836490387255202], [79.75524859403569, 12.836490823701682], [79.75524770449695, 12.836671637356655], [79.75506343656818, 12.836670764418777], [79.7550638814139, 12.836580357591291], [79.75497174748546, 12.83657992108193], [79.75497219235814, 12.836489514263425], [79.75488005846562, 12.83648907771813]], [[79.75561624038143, 12.836673382846135], [79.75561668502954, 12.836582976000681], [79.75570881897595, 12.836583412294448], [79.75570837436378, 12.836673819139902], [79.75561624038143, 12.836673382846135]], [[79.75884980087865, 12.834880494695302], [79.75885024430505, 12.834790087724084], [79.75894237771247, 12.834790522823093], [79.75894193432201, 12.83488092979431], [79.75884980087865, 12.834880494695302]], [[79.7591270878549, 12.834700985942094], [79.7591275311735, 12.834610578970878], [79.75931179788056, 12.834611448917364], [79.75931135463384, 12.834701855897565], [79.7591270878549, 12.834700985942094]]]}, "id": "+6529+8093", "properties": {"count": 1235, "water": 1}}, {"type": "Feature", "geometry": {"geodesic": false, "type": "MultiPolygon", "coordinates": [[[[79.76161686011334, 12.871870838305899], [79.76134041906262, 12.871869532038696], [79.76134175059944, 12.87159831165505], [79.76115745678122, 12.871597440666518], [79.76115790069271, 12.871507033874964], [79.76106575381952, 12.871506598335783], [79.76106708561686, 12.871235377970105], [79.7609749388425, 12.871234942403973], [79.76097582676427, 12.871054128829849], [79.76079153335928, 12.871053257616737], [79.76079197737856, 12.870962850834166], [79.76069983072098, 12.870962415187186], [79.7607002747672, 12.870872008404616], [79.76051598152391, 12.870871137020824], [79.76051642563303, 12.870780730247237], [79.76042427904731, 12.870780294501442], [79.76042472319236, 12.870689887727854], [79.7602404300928, 12.8706890161644], [79.76024087430072, 12.870598609390813], [79.75987228828126, 12.870596865877626], [79.75987273261494, 12.870506459122005], [79.75941200033316, 12.870504279009626], [79.75941244482854, 12.870413872271971], [79.7591360056014, 12.87041256382186], [79.75913645018663, 12.87032215709319], [79.75895215745537, 12.870321284640402], [79.75895260210348, 12.870230877920713], [79.75858401681165, 12.870229132637848], [79.75858446158551, 12.870138725927141], [79.75849231530522, 12.870138289525578], [79.75849276011502, 12.870047882814871], [79.7583084676263, 12.870047009930893], [79.75830891249899, 12.869956603229172], [79.75821676629057, 12.869956166737774], [79.75821632138197, 12.870046573439497], [79.75812417514659, 12.870046136912167], [79.75812462008214, 12.869955730219429], [79.75784818149282, 12.869954420457779], [79.75784862652719, 12.869864013774022], [79.75775648037266, 12.86986357712093], [79.75775781555664, 12.869592357060679], [79.75766566950094, 12.869591920389619], [79.75766611458921, 12.869501513705863], [79.75738967653886, 12.869500203513022], [79.75739056690406, 12.869319390154493], [79.75748271284299, 12.869319826915385], [79.75748360312733, 12.869139013556856], [79.75739145725129, 12.869138576804948], [79.75739234758055, 12.868957763446419], [79.75748449339372, 12.868958200189345], [79.7574853836511, 12.868777386821833], [79.75757752940139, 12.868777823528825], [79.75757797448966, 12.868687416836087], [79.75730153734662, 12.86868610663426], [79.75730109215954, 12.868776513309033], [79.75720894641823, 12.868776076503227], [79.75720850119521, 12.868866483178], [79.75711635541798, 12.868866046345243], [79.75711591015903, 12.868956453011032], [79.75702376436384, 12.868956016142343], [79.75702287376508, 12.869136829473922], [79.75683858203993, 12.86913595561078], [79.75683947277344, 12.868955142288184], [79.75693161856863, 12.86895557922874], [79.7569325092123, 12.868774765906142], [79.75702465494462, 12.868775202801782], [79.75702554551643, 12.868594389461219], [79.75711769118585, 12.86859482632991], [79.75711858167682, 12.868414012980363], [79.7569342904727, 12.868413139234002], [79.75693384516883, 12.868503545899792], [79.7566574082863, 12.868502235033214], [79.75665785369796, 12.868411828376408], [79.75656570810938, 12.868411391363987], [79.75656526267076, 12.868501798011811], [79.75647311705524, 12.868501360963458], [79.75647267158068, 12.868591767611282], [79.7563805259382, 12.868591330526996], [79.75638008041874, 12.86868173717482], [79.75665651746296, 12.868683048346826], [79.75665607204232, 12.868773455003632], [79.75628748919391, 12.868771706693442], [79.75628882584213, 12.868500486758956], [79.75601238903147, 12.868499175209658], [79.7560128346767, 12.868408768579801], [79.75592068911506, 12.868408331333821], [79.75592024344289, 12.868498737963677], [79.75573595226571, 12.8684978633729], [79.75573639800078, 12.868407456743043], [79.75564425244812, 12.86840701940723], [79.75564380667713, 12.868497426028103], [79.75555166109753, 12.868496988647376], [79.7555525527024, 12.868316175414611], [79.75582898926153, 12.86831748742205], [79.75582943496066, 12.868227080792193], [79.75629016244544, 12.86822926682447], [79.75629060798288, 12.868138860176646], [79.75656704441624, 12.868140171393568], [79.75656748984588, 12.868049764736762], [79.75702821714201, 12.868051949439533], [79.75702866240097, 12.86796154276476], [79.7573972441714, 12.867963289925106], [79.7573976892956, 12.86787288324135], [79.75776627098519, 12.86787462987169], [79.75776671597464, 12.867784223178951], [79.75804315218345, 12.867785532805854], [79.7580435970651, 12.86769512609515], [79.75868861476586, 12.867698180735424], [79.75868905942293, 12.86760777399777], [79.75951836783372, 12.86761169903369], [79.75951881218538, 12.867521292269085], [79.75979524828638, 12.867522600027494], [79.75979480403355, 12.867613006801081], [79.75997909485139, 12.867613878481317], [79.75997865066142, 12.867704285254904], [79.76016294156011, 12.867705156809375], [79.76016249743304, 12.867795563591946], [79.7602546429228, 12.867795999328758], [79.76025419882268, 12.867886406111328], [79.76043848987408, 12.867887277486137], [79.76043760179061, 12.868068091069244], [79.76052974738818, 12.868068526716224], [79.76052885936758, 12.868249340308315], [79.76062100503702, 12.868249775928346], [79.76062011706134, 12.868430589511453], [79.76071226279366, 12.868431025104535], [79.76071004297575, 12.868883059089251], [79.76080218887874, 12.868883494664367], [79.76080085704548, 12.869154715056993], [79.76089300305627, 12.86915515060516], [79.76089167128589, 12.869426370997786], [79.7609838173955, 12.869426806527985], [79.76098204179449, 12.869788433730132], [79.76107418803885, 12.869788869242365], [79.76106974912167, 12.8706929372118], [79.76116189569841, 12.870693372724032], [79.76116100794731, 12.870874186316124], [79.76125315458691, 12.870874621801407], [79.76125182302316, 12.871145842194034], [79.76134396977056, 12.871146277661351], [79.76134352594892, 12.871236684461888], [79.76143567273226, 12.871237119893273], [79.76143478513387, 12.871417933494346], [79.76152693198908, 12.87141836889878], [79.76152604443561, 12.871599182508838], [79.76161819136269, 12.871599617886323], [79.76161686011334, 12.871870838305899]], [[79.75748627389054, 12.86859657345432], [79.75748671900575, 12.868506166761582], [79.75757886465723, 12.868506603459592], [79.75757841957794, 12.86859701015233], [79.75748627389054, 12.86859657345432]]], [[[79.76170811969355, 12.872052087284459], [79.76180026678233, 12.872052522608046], [79.76179982308645, 12.872142929417565], [79.76170767596174, 12.872142494084995], [79.76170811969355, 12.872052087284459]]], [[[79.76161686011334, 12.871870838305899], [79.76170900713923, 12.87187127366542], [79.76170811969355, 12.872052087284459], [79.7616159725958, 12.872051651915957], [79.76161686011334, 12.871870838305899]]]]}, "id": "+6542+7718", "properties": {"count": 1220, "water": 1}}, {"type": "Feature", "geometry": {"geodesic": false, "type": "Polygon", "coordinates": [[[79.76266678139098, 12.845657181054996], [79.76266810871469, 12.845385959988633], [79.76285238351558, 12.845386828174421], [79.76285282588195, 12.845296421149307], [79.76303710063792, 12.845297289191365], [79.76303754293244, 12.845206882157267], [79.7632218176345, 12.84520775007356], [79.76322049093062, 12.845478971202807], [79.76312835348077, 12.845478537253642], [79.76312746892768, 12.84565935132184], [79.76303533141495, 12.845658917336744], [79.76303488910247, 12.845749324370843], [79.76294275155381, 12.845748890340829], [79.7629423092054, 12.845839297374928], [79.76285017162978, 12.845838863317965], [79.76285061401413, 12.845748456283868], [79.76275847648343, 12.845748022199956], [79.76275891889473, 12.84565761517484], [79.76266678139098, 12.845657181054996]]]}, "id": "+6578+7965", "properties": {"count": 26, "water": 1}}, {"type": "Feature", "geometry": {"geodesic": false, "type": "Polygon", "coordinates": [[[79.76319085328157, 12.85153624154419], [79.7631926231154, 12.851174613542543], [79.76328476264933, 12.851175047662387], [79.76328520506063, 12.851084640655237], [79.76374590259557, 12.85108681074242], [79.76374546034597, 12.851177217758552], [79.7638375998889, 12.851177651680766], [79.76383715766626, 12.851268058705882], [79.7639292972541, 12.851268492601147], [79.76392797065802, 12.851539713676495], [79.76355941194734, 12.851537977870853], [79.7635589696079, 12.851628384878003], [79.7634668299033, 12.851627950839006], [79.76346727226966, 12.851537543831858], [79.76319085328157, 12.85153624154419]]]}, "id": "+6584+7900", "properties": {"count": 37, "water": 1}}, {"type": "Feature", "geometry": {"geodesic": false, "type": "MultiPolygon", "coordinates": [[[[79.75741768566806, 12.882519195449406], [79.7576019872028, 12.882520069797637], [79.75760154162944, 12.882610476391562], [79.75769369243724, 12.88261091351178], [79.7576928013444, 12.88279172670861], [79.75778495222407, 12.882792163810862], [79.75778450670461, 12.882882570404787], [79.75806095945138, 12.882883881522893], [79.75806051403073, 12.8829742881258], [79.75833696691227, 12.882975598965428], [79.7583374122341, 12.882885192344556], [79.7585217141102, 12.88288606607295], [79.75852215936017, 12.882795659443094], [79.75870646118237, 12.882796533027758], [79.75870690636947, 12.8827061263979], [79.75879905724912, 12.882706563140825], [79.75879994754246, 12.882525749872128], [79.75833919350347, 12.882523565879026], [79.75833874819062, 12.8826139724999], [79.75787799406181, 12.882611787671365], [79.75787933048547, 12.882340567862643], [79.7577871797675, 12.882340130805309], [79.757787625269, 12.882249724211384], [79.75769547458697, 12.882249287127099], [79.75769592011541, 12.882158880524193], [79.7575116188322, 12.882158006274775], [79.75751251001486, 12.881977193086925], [79.75760466058011, 12.881977630225109], [79.7576042150337, 12.882068036819033], [79.75806496811148, 12.882070222033844], [79.75806585888989, 12.881889408810062], [79.75834231058565, 12.881890719532912], [79.75834275586257, 12.881800312903055], [79.75852705694815, 12.8818011865506], [79.7585275021622, 12.881710779920743], [79.75861965267354, 12.881711216690618], [79.75862054302077, 12.881530403421921], [79.75871269346923, 12.881530840155863], [79.75871091288258, 12.88189246670224], [79.75880306347479, 12.881892903418215], [79.75880261835057, 12.881983310057056], [79.75889476896972, 12.881983746737097], [79.75889432388145, 12.882074153375937], [79.75917077585568, 12.882075463245386], [79.75917033086623, 12.882165869893209], [79.7594467829752, 12.882167179475196], [79.75944633807558, 12.882257586140986], [79.7596306395654, 12.882258459033947], [79.75963019472866, 12.882348865699738], [79.75916944086035, 12.882346683188855], [79.75916899585293, 12.882437089845663], [79.75907684505411, 12.882436653237484], [79.75907640001076, 12.882527059885307], [79.75898424918499, 12.88252662325018], [79.75898335902642, 12.88270743652786], [79.75907550991506, 12.88270787317197], [79.75907506486271, 12.88279827981081], [79.75935151766339, 12.882799589563477], [79.75935196261692, 12.882709182906671], [79.76045777370285, 12.882714418943918], [79.76045821826112, 12.88262401225118], [79.76091897285706, 12.88262619253424], [79.76091852846947, 12.882716599244944], [79.76147143429542, 12.88271921453718], [79.76147187848537, 12.882628807808508], [79.7615640294369, 12.882629243581253], [79.76156447359092, 12.882538836852582], [79.76174877544007, 12.882539708272306], [79.76174921952223, 12.882449301543634], [79.76184137041986, 12.882449737199599], [79.76184092636466, 12.882540143946235], [79.76202522823178, 12.882541015177313], [79.76202478423944, 12.882631421923952], [79.76220908618741, 12.882632293029266], [79.76220864225796, 12.882722699784887], [79.76239294428677, 12.882723570764437], [79.76239471970813, 12.88236194373297], [79.76230256882846, 12.882361508274636], [79.76230345657956, 12.88218069475441], [79.76221130577176, 12.882180259269127], [79.76221174967426, 12.882089852513506], [79.76248820202578, 12.882091158879525], [79.76248864582946, 12.882000752114921], [79.76258079658336, 12.88200118750139], [79.76258168411886, 12.881820373963198], [79.76276598550987, 12.881821244628338], [79.76276687289267, 12.88164043107218], [79.76285902352978, 12.881640866350851], [79.76286035448268, 12.881369646012123], [79.76295250502997, 12.881370081245878], [79.76295294863603, 12.881279674454325], [79.76304509914738, 12.88128010966113], [79.76304554272647, 12.881189702869577], [79.7632298436863, 12.881190573166407], [79.76323028719354, 12.88110016636587], [79.76341458809947, 12.881101036527953], [79.76341414466408, 12.88119144332849], [79.7637827466556, 12.881193183275364], [79.76378318996521, 12.881102776465845], [79.76387534043164, 12.881103211367222], [79.76387489715796, 12.881193618185726], [79.76396704766931, 12.881194053051171], [79.76396660442259, 12.881284459878657], [79.76387445388428, 12.881284025004229], [79.76387401060163, 12.881374431813748], [79.7637818600274, 12.881373996903386], [79.76378097339021, 12.88155481053141], [79.76387312402733, 12.881555245450755], [79.76387268073569, 12.881645652269258], [79.76405698209076, 12.881646522009133], [79.76405653885301, 12.881736928827635], [79.76414868957097, 12.881737363657148], [79.76414735996555, 12.88200858412164], [79.76423951078232, 12.882009018933188], [79.7642372948631, 12.88246105304367], [79.76414514388462, 12.88246061822314], [79.76414470065586, 12.882551025041643], [79.76396039863603, 12.882550155301768], [79.7639599553354, 12.882640562111288], [79.76377565326167, 12.882639692236665], [79.76377520989816, 12.882730099037202], [79.7634987567112, 12.882728793964757], [79.76349831324889, 12.882819200765294], [79.76276110463954, 12.882815719119831], [79.76276066090773, 12.882906125893419], [79.76257635872619, 12.882905255147431], [79.76257591491353, 12.882995661912036], [79.7623916126781, 12.882994791040282], [79.76239116881153, 12.88308519778692], [79.76156180861287, 12.883081277215627], [79.76156136444088, 12.8831716839443], [79.76063985310203, 12.88316732463582], [79.76063940859767, 12.883257731328559], [79.760270804028, 12.883255986683498], [79.76027124866711, 12.883165580008724], [79.76008694646761, 12.883164707493055], [79.76008650176561, 12.883255114167827], [79.75934929283288, 12.883251622811578], [79.75934973780437, 12.883161216163755], [79.75925758674505, 12.883160779600493], [79.75925714173762, 12.883251186248316], [79.7587963862883, 12.88324900292895], [79.75879683145742, 12.883158596299094], [79.75870468040708, 12.883158159547184], [79.75870423520202, 12.883248566168058], [79.75842778198812, 12.88324725569674], [79.758428227283, 12.883156849084848], [79.75824392522723, 12.883155975275605], [79.75824347986048, 12.883246381887496], [79.75778272459081, 12.883244196789466], [79.75778317012825, 12.883153790195543], [79.75769101911384, 12.883153353084309], [79.75769146467822, 12.883062946490384], [79.75759931369974, 12.883062509343217], [79.75760065047373, 12.882791289570427], [79.75750849960305, 12.882790852405295], [79.75750939082165, 12.88261003922643], [79.75741724002283, 12.882609602034346], [79.75741768566806, 12.882519195449406]]], [[[79.75741768566806, 12.882519195449406], [79.75723338414231, 12.882518320975409], [79.75723427554057, 12.88233750781451], [79.75732642624055, 12.882337945060492], [79.75732598056838, 12.882428351645432], [79.7574181313043, 12.882428788864464], [79.75741768566806, 12.882519195449406]]]]}, "id": "+6587+7568", "properties": {"count": 685, "water": 1}}, {"type": "Feature", "geometry": {"geodesic": false, "type": "Polygon", "coordinates": [[[79.76337292056247, 12.851989144783692], [79.76337380538506, 12.851808330778377], [79.76392664403498, 12.851810934742858], [79.76392708624864, 12.851720527717742], [79.7641113657567, 12.851721395445391], [79.76411003931334, 12.85199261652972], [79.76392575960766, 12.851991748784105], [79.763925317385, 12.85208215580922], [79.76364889775013, 12.852080853943763], [79.76364845542867, 12.852171260950911], [79.76346417561518, 12.85217039287292], [79.76346506039286, 12.851989578867604], [79.76337292056247, 12.851989144783692]]]}, "id": "+6588+7893", "properties": {"count": 25, "water": 1}}, {"type": "Feature", "geometry": {"geodesic": false, "type": "Polygon", "coordinates": [[[79.76444596365806, 12.877489546077044], [79.76444640659038, 12.877399139213624], [79.7645385557363, 12.877399573755678], [79.76453899864165, 12.877309166892259], [79.76463114775164, 12.877309601398379], [79.76463159062108, 12.877219194534959], [79.76472373970411, 12.877219629005147], [79.76472462536212, 12.877038815260343], [79.76490892340242, 12.877039684092919], [79.76490848064078, 12.877130090974305], [79.76500062970585, 12.87713052535466], [79.76499841602343, 12.87758255977057], [79.76453766992556, 12.877580387491498], [79.76453811283092, 12.877489980628079], [79.76444596365806, 12.877489546077044]]]}, "id": "+6598+7613", "properties": {"count": 25, "water": 1}}, {"type": "Feature", "geometry": {"geodesic": false, "type": "Polygon", "coordinates": [[[79.76546137505812, 12.877132696735416], [79.76546181762212, 12.877042289836064], [79.76573826478139, 12.877043592276445], [79.7657391496938, 12.876862778450793], [79.76592344768021, 12.876863646564717], [79.76592433244889, 12.876682832730081], [79.76601648138819, 12.876683266733144], [79.7660169237366, 12.876592859806843], [79.76610907263998, 12.876593293773974], [79.76610951494347, 12.876502886847673], [79.76620166381988, 12.876503320778871], [79.7662007792668, 12.876684134640456], [79.7662929282061, 12.876684568544706], [79.7662924859565, 12.87677497547999], [79.76620033698126, 12.876774541566757], [79.76619989468675, 12.876864948493058], [79.76610774568456, 12.876864514552876], [79.76610686103265, 12.877045328396497], [79.7660147119676, 12.877044894420381], [79.76601426960121, 12.877135301337699], [79.76582997140821, 12.877134433268692], [79.76582952896996, 12.877224840177025], [79.765737379851, 12.877224406093115], [79.76573693737683, 12.87731481300145], [79.76564478822193, 12.877314378881605], [79.76564523073203, 12.87722397197327], [79.76555308161308, 12.877223537826476], [79.76555352414115, 12.877133130918141], [79.76546137505812, 12.877132696735416]]]}, "id": "+6612+7619", "properties": {"count": 28, "water": 1}}, {"type": "Feature", "geometry": {"geodesic": false, "type": "Polygon", "coordinates": [[[79.7668032702369, 12.847665641823248], [79.76680415230166, 12.847484827521487], [79.76689629061389, 12.847485260248943], [79.76689717259781, 12.847304445947184], [79.7673578638715, 12.84730660906344], [79.76735742305021, 12.847397016232284], [79.76744956134448, 12.847397448762111], [79.7674500021388, 12.847307041593265], [79.76763427867344, 12.847307906545119], [79.76763383795098, 12.847398313731931], [79.76791025287868, 12.847399610935135], [79.76790981224605, 12.847490018121947], [79.76763339721953, 12.84748872090976], [79.7676329564791, 12.84757912808759], [79.76744867974685, 12.847578263108787], [79.76744823894353, 12.847668670277631], [79.76735610054148, 12.847668237738823], [79.76735654138072, 12.847577830569977], [79.76717226466643, 12.847576965402526], [79.7671718237643, 12.84766737256239], [79.7668032702369, 12.847665641823248]]]}, "id": "+6626+7942", "properties": {"count": 32, "water": 1}}, {"type": "Feature", "geometry": {"geodesic": false, "type": "MultiPolygon", "coordinates": [[[[79.76689849555571, 12.84703322447658], [79.76680635741415, 12.84703279176709], [79.76680679842408, 12.84694238461621], [79.76689893653868, 12.846942817316716], [79.76689849555571, 12.84703322447658]]], [[[79.76699063370624, 12.847033657159118], [79.76699151559134, 12.846852842839393], [79.76662296328564, 12.846851111947537], [79.76661943459541, 12.847574369118641], [79.76643515793502, 12.84757350343017], [79.76643559909766, 12.847483096297255], [79.7663434608034, 12.847482663408103], [79.76634478437215, 12.84721144200038], [79.76643692256759, 12.847211874880548], [79.76643956941766, 12.84666943202917], [79.76653170741547, 12.84666986485544], [79.76653214851522, 12.846579457713544], [79.76644001054436, 12.846579024887273], [79.76644089278878, 12.846398210594497], [79.76653303069676, 12.846398643411783], [79.76653391286034, 12.846217829119007], [79.7664417750332, 12.84621739630172], [79.76644265725068, 12.846036582008944], [79.76625838172217, 12.846035716302504], [79.76625882289378, 12.845945309160609], [79.76607454744611, 12.845944443328404], [79.76607498868061, 12.845854036186509], [79.7666278148709, 12.845856633278876], [79.76662825590778, 12.845766226127997], [79.76708894432483, 12.845768389459847], [79.76708938519101, 12.845677982291], [79.76764221121061, 12.845680577209446], [79.76764265187919, 12.84559017001365], [79.76884044157485, 12.845595788311], [79.76884000133748, 12.845686195542728], [79.76902427679414, 12.845687059425588], [79.76902383661965, 12.845777466657315], [79.76911597438391, 12.845777898549338], [79.76911553424534, 12.845868305790049], [79.76929980984573, 12.845869169484262], [79.76929936977005, 12.845959576733957], [79.76957578329639, 12.845960872041715], [79.76957534331055, 12.846051279291409], [79.76966748120057, 12.846051711003767], [79.76966704124168, 12.846142118262446], [79.7698513170846, 12.846142981588349], [79.76985087718859, 12.846233388847027], [79.77021942905411, 12.846235115121543], [79.77021810974337, 12.84650633694249], [79.77012597167368, 12.846505905418777], [79.77012553186749, 12.846596312686438], [79.76994125567423, 12.846595449522232], [79.7699416955433, 12.846505042263553], [79.76984955749157, 12.846504610632042], [79.76984999738758, 12.846414203373365], [79.7697578593718, 12.846413771714905], [79.76975653954902, 12.846684993490937], [79.76957226331083, 12.846684130066219], [79.76957402333505, 12.846322501058458], [79.76920547143361, 12.846320773867662], [79.76920503130403, 12.846411181108373], [79.76911289330621, 12.846410749225333], [79.7691124531407, 12.846501156457062], [79.76902031510696, 12.84650072453809], [79.76901987490551, 12.846591131769818], [79.76892773684482, 12.846590699823897], [79.76892817708219, 12.846500292592168], [79.76874390104163, 12.846499428592528], [79.76874346074138, 12.846589835815273], [79.76855918464692, 12.846588971689869], [79.76855830390268, 12.846769786117392], [79.76865044200831, 12.846770218207045], [79.76865000166313, 12.846860625420806], [79.76874213981367, 12.846861057483508], [79.76874169949545, 12.846951464706253], [79.76864956131796, 12.84695103264355], [79.76864912096381, 12.847041439857312], [79.76837270634154, 12.847040143471576], [79.76837226588856, 12.847130550676356], [79.76828012765718, 12.847130118478905], [79.7682792466704, 12.84731093287948], [79.7680028317966, 12.847309636080519], [79.76800327239329, 12.847219228884724], [79.76809541064264, 12.847219661180988], [79.7680958512034, 12.847129253985193], [79.7681879894258, 12.847129686245523], [79.76818842995063, 12.847039279049728], [79.76828056814608, 12.847039711274126], [79.768281008626, 12.846949304069348], [79.7683731467945, 12.846949736257814], [79.76837358723849, 12.846859329053036], [79.76846572538003, 12.84685976120557], [79.76846660619613, 12.84667894678703], [79.76828233005676, 12.846678082455012], [79.76828144910591, 12.84685889686457], [79.76818931098234, 12.846858464640171], [79.76818887046649, 12.84694887184495], [79.76809673230697, 12.846948439593602], [79.76809629175519, 12.847038846789397], [79.76800415356873, 12.847038414493133], [79.768003712981, 12.847128821688928], [79.7679115747586, 12.847128389365714], [79.76791113413496, 12.847218796552527], [79.7678189958856, 12.847218364193381], [79.76781855522603, 12.847308771380193], [79.76772641694973, 12.84730833897613], [79.76772685764524, 12.847217931798301], [79.76754258116452, 12.847217066909328], [79.7675430219229, 12.847126659731499], [79.76708233094567, 12.847124496965588], [79.76708277185678, 12.847034089805724], [79.76699063370624, 12.847033657159118]], [[79.76653303069676, 12.846398643411783], [79.76662516859577, 12.846399076202122], [79.76662472754093, 12.846489483353], [79.766532589606, 12.846489050562663], [79.76653303069676, 12.846398643411783]], [[79.76662384542227, 12.84667029765476], [79.76662428648609, 12.84657989050388], [79.76671642445696, 12.846580323267268], [79.76671598342908, 12.846670730418149], [79.76662384542227, 12.84667029765476]]], [[[79.76689849555571, 12.84703322447658], [79.76699063370624, 12.847033657159118], [79.7669901927592, 12.847124064318981], [79.76689805457274, 12.84712363163644], [79.76689849555571, 12.84703322447658]]]]}, "id": "+6639+7961", "properties": {"count": 486, "water": 1}}, {"type": "Feature", "geometry": {"geodesic": false, "type": "Polygon", "coordinates": [[[79.76981072815478, 12.81657891117671], [79.76981204471667, 12.81630768878084], [79.77008842593061, 12.816308980612119], [79.77008886468576, 12.816218573137846], [79.7705494999405, 12.816220725528217], [79.77054993852498, 12.816130318035976], [79.77064206555437, 12.816130748418828], [79.77064074989079, 12.816401970904531], [79.77027224140491, 12.816400249157525], [79.77027180271264, 12.81649065664078], [79.76990329414593, 12.816488934363768], [79.76990285531892, 12.816579341829058], [79.76981072815478, 12.81657891117671]]]}, "id": "+6657+8287", "properties": {"count": 22, "water": 1}}, {"type": "Feature", "geometry": {"geodesic": false, "type": "Polygon", "coordinates": [[[79.77045860218372, 12.796963055692292], [79.77045904011241, 12.796872648074288], [79.77055116014394, 12.796873077846287], [79.770552911715, 12.796511447347322], [79.7707371515265, 12.796512306774538], [79.7707375893474, 12.796421899138569], [79.77101394899279, 12.796423188032355], [79.771014824428, 12.796242372742448], [79.77119906407779, 12.796243231828305], [79.77119818877735, 12.796424047136176], [79.77110606888058, 12.79642361759774], [79.77110563119442, 12.796514025242693], [79.77101351127071, 12.796513595677308], [79.77101307354862, 12.79660400332226], [79.77082883365627, 12.796603144074709], [79.77082839586231, 12.796693551710678], [79.7707362758847, 12.796693122037494], [79.77073540022492, 12.796873937300452], [79.77064328018443, 12.796873507591336], [79.77064284231861, 12.796963915218322], [79.77045860218372, 12.796963055692292]]]}, "id": "+6662+8507", "properties": {"count": 22, "water": 1}}, {"type": "Feature", "geometry": {"geodesic": false, "type": "Polygon", "coordinates": [[[79.77008382235223, 12.874080525749196], [79.7700847039409, 12.873899711591166], [79.7703611481357, 12.873901008830302], [79.77036158883122, 12.873810601742305], [79.77119092128991, 12.873814491707996], [79.7711878384605, 12.87444734152161], [79.771279986762, 12.874447773602277], [79.77127778480259, 12.874899809177013], [79.77026415187815, 12.874895054367265], [79.77026459263655, 12.87480464728825], [79.77017244424522, 12.874804214839273], [79.77017597048305, 12.874080958198173], [79.77008382235223, 12.874080525749196]]]}, "id": "+6666+7649", "properties": {"count": 136, "water": 1}}, {"type": "Feature", "geometry": {"geodesic": false, "type": "Polygon", "coordinates": [[[79.77416781581789, 12.810993843821754], [79.77416825292913, 12.810903436167818], [79.77426037817986, 12.810903865113366], [79.7742616893878, 12.810632642142574], [79.7741695642269, 12.810632213214992], [79.77417000132017, 12.810541805561057], [79.77426212644512, 12.810542234488638], [79.77426256350246, 12.810451826825718], [79.77444681369849, 12.810452684582067], [79.77444725068396, 12.810362276919149], [79.77463150082609, 12.810363134531766], [79.77463193774867, 12.810272726859864], [79.77490831288101, 12.810274013040738], [79.77490874970478, 12.810183605359853], [79.77500087472195, 12.81018403401794], [79.7750013115008, 12.81009362632807], [79.77490918651958, 12.810093197669984], [79.77490962332539, 12.810002789989097], [79.77454112354418, 12.810001075060304], [79.77454156048474, 12.809910667388403], [79.77444943558436, 12.8099102385776], [79.77444987255186, 12.809819830914682], [79.77426562282297, 12.80981897320325], [79.77426605985335, 12.809728565540329], [79.77435818468186, 12.80972899440503], [79.77435862167631, 12.809638586742109], [79.77445074647788, 12.809639015570877], [79.77445118343641, 12.809548607898973], [79.7751881817142, 12.809552037379268], [79.7751877450162, 12.809642445069137], [79.77574049406815, 12.809645015840868], [79.77574005755879, 12.809735423557687], [79.77610855712439, 12.809737136770696], [79.77610812074977, 12.809827544496498], [79.7762002456771, 12.809827972723394], [79.77619980933842, 12.809918380449195], [79.77629193430168, 12.809918808649142], [79.77629106166923, 12.810099624109728], [79.77638318670436, 12.810100052282726], [79.77638231411683, 12.810280867743312], [79.77647443922382, 12.810281295889359], [79.77647356669917, 12.810462111358929], [79.77656569186905, 12.810462539478026], [79.77656525562918, 12.81055294721281], [79.77665738084397, 12.81055337530496], [79.77665650842712, 12.810734190783512], [79.7767486337048, 12.810734618848711], [79.77674819751883, 12.810825026583496], [79.77684032284142, 12.810825454621746], [79.77683901437334, 12.81109667785305], [79.77693113978576, 12.81109710586435], [79.77692808681635, 12.811729960061742], [79.77702021246233, 12.811730388064058], [79.77701934021617, 12.81191120354261], [79.777111465943, 12.811911631517978], [79.77710841321614, 12.812544485724352], [79.77701628726471, 12.812544057722036], [79.77701541495567, 12.812724873200589], [79.77692328895036, 12.812724445162338], [79.77692023554975, 12.81335729927888], [79.77682810931088, 12.813356871186732], [79.77682767306203, 12.813447278912534], [79.77655129427355, 12.813445994438458], [79.77655173061223, 12.81335558672164], [79.77645960439132, 12.813355158503727], [79.77646047713156, 12.813174343079075], [79.77636835098254, 12.813173914834213], [79.77636878737512, 12.813083507117394], [79.77646091350618, 12.813083935362256], [79.77646222258512, 12.812812712211802], [79.7765543486084, 12.812813140411748], [79.77655696648777, 12.812270694083887], [79.77646484065315, 12.812270265901908], [79.77646527699183, 12.812179858176107], [79.7761888996137, 12.812178573450502], [79.77618933604222, 12.812088165733684], [79.77582083305404, 12.812086452323044], [79.77582039649077, 12.812176860021896], [79.77535976766796, 12.812174717521977], [79.77536020439292, 12.812084309841092], [79.77499170152153, 12.812082595262641], [79.7749912646708, 12.812173002934545], [79.774899138926, 12.812172574213575], [79.77490001269932, 12.81199175886977], [79.77480788702638, 12.81199133012185], [79.77480832393998, 12.81190092245893], [79.77471619830298, 12.811900493675079], [79.77471707219307, 12.811719678340257], [79.77462494661896, 12.81171924953844], [79.77462538359543, 12.811628841875521], [79.77453325806624, 12.81162841303777], [79.77453500604405, 12.811266782395075], [79.7744428806406, 12.81126635353936], [79.77444375468342, 12.811085538222503], [79.77435162935184, 12.811085109339837], [79.7743520664002, 12.810994701676918], [79.77416781581789, 12.810993843821754]], [[79.7766447294566, 12.813175199469985], [79.77664560205312, 12.812994384027364], [79.77673772815724, 12.812994812173411], [79.77673685562361, 12.813175627616031], [79.7766447294566, 12.813175199469985]]]}, "id": "+6706+8360", "properties": {"count": 727, "water": 1}}, {"type": "Feature", "geometry": {"geodesic": false, "type": "MultiPolygon", "coordinates": [[[[79.7757688589302, 12.822844964147572], [79.77576711107815, 12.823206594646537], [79.77585924086537, 12.823207023430388], [79.77585880392482, 12.823297431048392], [79.77604306357112, 12.823298288535247], [79.77604218981577, 12.82347910378922], [79.77585793004371, 12.823478246302367], [79.77585749309416, 12.82356865392037], [79.7757653631812, 12.823568225127534], [79.77576492619572, 12.82365863274554], [79.77558066630687, 12.823657775043088], [79.77558110335522, 12.823567367434068], [79.77548897345123, 12.823566938542418], [79.77548853637592, 12.823657346151439], [79.77521214658307, 12.823656059260896], [79.77521258376618, 12.823565651660859], [79.77539684355621, 12.823566509614837], [79.77539815488093, 12.823295286787776], [79.7755824144913, 12.82329614458904], [79.77558372559143, 12.823024921744013], [79.7756758552978, 12.823025350581762], [79.77567672928672, 12.822844535345755], [79.7757688589302, 12.822844964147572]]], [[[79.77632120012905, 12.822937943947663], [79.77641332983542, 12.822938372524902], [79.7764120196336, 12.82320959545976], [79.77650414943878, 12.823210024019033], [79.77650371273178, 12.823300431663986], [79.7765958425729, 12.82330086019631], [79.77659540589286, 12.823391267850246], [79.77641114614775, 12.823390410749667], [79.77641070939583, 12.82348081839462], [79.77631857949184, 12.823480389790431], [79.77631901627967, 12.823389982154461], [79.7762268864116, 12.823389553523324], [79.77622776003221, 12.823208738242402], [79.77613563023601, 12.823208309593296], [79.77613606706876, 12.823117901957326], [79.77622819682904, 12.82311833060643], [79.77622863363484, 12.82302792297046], [79.77632076336816, 12.823028351583632], [79.77632120012905, 12.822937943947663]]], [[[79.77632120012905, 12.822937943947663], [79.7760448110369, 12.82293665800035], [79.77604524789659, 12.822846250373363], [79.7757688589302, 12.822844964147572], [79.77576973283826, 12.822664148902582], [79.77549334410543, 12.822662862407299], [79.77549378114479, 12.822572454789295], [79.77558591068947, 12.82257288364501], [79.77558678470533, 12.822392068409004], [79.77595530265046, 12.822393783499493], [79.77595486577277, 12.822484191135464], [79.77604699529948, 12.822484619829483], [79.77604612160702, 12.822665435101424], [79.77613825119661, 12.822665863768494], [79.77613781438183, 12.822756271404463], [79.77622994401632, 12.822756700053567], [79.7762295072195, 12.822847107689539], [79.77632163688995, 12.82284753630271], [79.77632120012905, 12.822937943947663]]]]}, "id": "+6715+8218", "properties": {"count": 74, "water": 1}}, {"type": "Feature", "geometry": {"geodesic": false, "type": "MultiPolygon", "coordinates": [[[[79.77425758950379, 12.887480647195764], [79.77425890882351, 12.887209425806006], [79.77416675575196, 12.88720899435416], [79.77416631595476, 12.887299401478089], [79.77388985667723, 12.887298106924916], [79.77389117636527, 12.887026885571093], [79.77398332935597, 12.887027317112771], [79.77398420906714, 12.88684650286491], [79.77389205613932, 12.886846071332215], [79.77389249602635, 12.886755664208284], [79.77380034313447, 12.886755232648639], [79.77380078304844, 12.886664825524708], [79.77398508876036, 12.88666568861705], [79.77398640827771, 12.886394467236276], [79.77389425552056, 12.886394035721546], [79.7738951352497, 12.886213221464702], [79.77380298256443, 12.886212789923023], [79.77380342245146, 12.886122382799094], [79.77371126980212, 12.886121951221481], [79.77371214963905, 12.885941136982604], [79.77361999705259, 12.885940705387025], [79.77362087695242, 12.885759891148147], [79.77352872443782, 12.885759459516638], [79.77352960438256, 12.885578645286744], [79.77316099462062, 12.885576918482222], [79.77316143472325, 12.885486511376259], [79.77279282514996, 12.885484784059697], [79.77279238491259, 12.885575191147694], [79.77251592767423, 12.885573895318915], [79.77251548733804, 12.88566430239793], [79.77242333489532, 12.885663870389125], [79.7724228945232, 12.88575427746814], [79.77168567484661, 12.885750820167022], [79.77168523421399, 12.885841227219087], [79.77140877678698, 12.885839930195546], [79.77140833604655, 12.885930337238628], [79.77113187855667, 12.88592903990068], [79.77113143770845, 12.886019446934778], [79.77094713267027, 12.886018581884109], [79.77094757358138, 12.885928174858993], [79.77076326861507, 12.885927309673576], [79.77076370958906, 12.885836902657443], [79.77067155714633, 12.88583647001982], [79.77067111613641, 12.885926877035953], [79.77057896366674, 12.885926444362395], [79.77057764052917, 12.886197665410792], [79.77039333539217, 12.886196799946898], [79.77039377650989, 12.88610639293975], [79.77048592904247, 12.886106825685172], [79.77048681119705, 12.885926011661889], [79.76993389645084, 12.88592341476715], [79.76993345517143, 12.886013821756334], [79.76956484527474, 12.886012089831414], [79.76956440386957, 12.886102496811615], [79.76947225136395, 12.886102063742799], [79.76947313424618, 12.885921249791384], [79.76984174399912, 12.885922981833083], [79.76984218530549, 12.8858325748439], [79.77030294740236, 12.885834739154914], [79.77030338853805, 12.885744332147764], [79.77104060781039, 12.885747793329605], [79.77104104867658, 12.885657386304489], [79.77131750586103, 12.885658683705321], [79.77131794662841, 12.885568276662239], [79.77168655612086, 12.885570006062892], [79.7716869967445, 12.885479599001844], [79.77223991088884, 12.885482192114676], [79.77224035131486, 12.885391785044645], [79.77242465598472, 12.8853926491431], [79.77242509634786, 12.885302242064084], [79.77270155328078, 12.885303537964731], [79.77270199353613, 12.885213130876732], [79.77279414582614, 12.885213562777738], [79.77279458604555, 12.885123155680757], [79.77307104282576, 12.88512445117716], [79.77307148293737, 12.885034044071197], [79.7732557874096, 12.88503490756778], [79.77325622745833, 12.884944500452834], [79.77344053187666, 12.884945363814671], [79.77344097185352, 12.884854956699723], [79.77362527621796, 12.88485581991783], [79.77362571613193, 12.884765412793898], [79.77371786827823, 12.884765844353545], [79.77371830815626, 12.884675437229614], [79.77399476454123, 12.884676731701939], [79.77399520431148, 12.884586324560042], [79.77408735641283, 12.884586755984941], [79.77408779614716, 12.884496348843044], [79.77445640445382, 12.88449807421026], [79.77445684405339, 12.884407667050398], [79.77473330021377, 12.88440896072322], [79.77473373971452, 12.884318553554376], [79.77501019581202, 12.884319846921771], [79.77501063520496, 12.884229439743942], [79.77547139527164, 12.884231594703495], [79.77547183449391, 12.8841411875077], [79.77620905050537, 12.884144633723606], [79.77620861155259, 12.88423504093737], [79.77630076360006, 12.884235471571749], [79.77630032466526, 12.884325878794495], [79.77639247675764, 12.884326309401926], [79.77639203785876, 12.88441671662467], [79.77648418997809, 12.884417147196169], [79.77648375110616, 12.884507554418915], [79.77657590326143, 12.884507984972448], [79.77657502558044, 12.88468879942692], [79.77666717780758, 12.88468922994452], [79.77666673898955, 12.884779637176248], [79.7767588912616, 12.884780067666899], [79.77675845247052, 12.884870474898626], [79.7768506047785, 12.884870905353345], [79.7768497272592, 12.885051719825784], [79.77694187963007, 12.885052150262535], [79.77694100217367, 12.885232964734975], [79.77703315460742, 12.885233395144777], [79.77703227720491, 12.885414209617217], [79.77712442971053, 12.885414640000068], [79.77712311366965, 12.885685861722203], [79.77721526628306, 12.885686292078105], [79.77721395031405, 12.88595751380024], [79.77730610302628, 12.885957944138177], [79.77730522575852, 12.886138758628581], [79.7773973785426, 12.88613918893957], [79.7773956241059, 12.886500817911397], [79.77748777703373, 12.886501248195435], [79.77748646126234, 12.886772469935535], [79.77757861428898, 12.886772900201606], [79.77757817572248, 12.886863307451302], [79.77767032878505, 12.886863737681441], [79.77766945171491, 12.887044552180829], [79.77776160484935, 12.887044982393002], [79.77776072783313, 12.887225796892391], [79.77766857463581, 12.887225366680218], [79.77766769754771, 12.887406181170624], [79.77757554428752, 12.887405750913535], [79.77757510570305, 12.887496158154246], [79.7774829524159, 12.887495727861225], [79.77748207517509, 12.887676542333665], [79.77738992182506, 12.88767611200471], [79.77738904449443, 12.887856926468167], [79.7772968910905, 12.88785649610328], [79.777296013679, 12.888037310557754], [79.77720386020322, 12.888036880147952], [79.77720342146603, 12.888127287370697], [79.77711126796329, 12.888126856933946], [79.77711082919018, 12.888217264147707], [79.7770186756515, 12.888216833675022], [79.7770208696698, 12.887764797579264], [79.77674440958378, 12.887763505990533], [79.77674484847368, 12.88767309877677], [79.77637623520832, 12.887671376221281], [79.77637667422398, 12.887580969016502], [79.7762845209548, 12.887580538301272], [79.77628408189422, 12.887670945497067], [79.77600762198787, 12.887669653144767], [79.77600718283746, 12.88776006033158], [79.77573072285924, 12.887758767673853], [79.77573116211745, 12.887668360496024], [79.7756390088303, 12.887667929547233], [79.77563856953617, 12.887758336725062], [79.77526995629775, 12.887756612597519], [79.77526951687784, 12.887847019757382], [79.77499305688166, 12.88784572631812], [79.77499261735396, 12.887936133469001], [79.77490046399494, 12.887935702250715], [79.77490134311323, 12.887754887957938], [79.77480918982609, 12.887754456712702], [79.77480962940768, 12.887664049561822], [79.77471747615647, 12.887663618298621], [79.77471703653895, 12.887754025440518], [79.77462488326078, 12.8877535941324], [79.77462620220321, 12.88748237270671], [79.77425758950379, 12.887480647195764]]], [[[79.77425758950379, 12.887480647195764], [79.77425714973354, 12.887571054319695], [79.77416499652725, 12.887570622858863], [79.7741654363424, 12.887480215734932], [79.77425758950379, 12.887480647195764]]]]}, "id": "+6721+7535", "properties": {"count": 1542, "water": 1}}, {"type": "Feature", "geometry": {"geodesic": false, "type": "Polygon", "coordinates": [[[79.77726612741223, 12.875199047753856], [79.77726656568228, 12.875108640441281], [79.77735871443294, 12.875109070401924], [79.7773591526581, 12.875018663080365], [79.77745130138179, 12.875019093005077], [79.777451739571, 12.874928685683518], [79.77754388825878, 12.874929115572296], [79.77754213560972, 12.875290744876501], [79.77763428444122, 12.875291174747314], [79.77763516070287, 12.875110360095212], [79.7778194582401, 12.87511121972904], [79.77781770595936, 12.875472849060195], [79.77800200377509, 12.875473708586224], [79.77800244177566, 12.875383301255681], [79.77827888842288, 12.8753845902932], [79.77827845051213, 12.875474997641708], [79.77855489728512, 12.875476286400747], [79.7785544594732, 12.87556669375824], [79.77892305534718, 12.875568411660456], [79.77892217996589, 12.87574922640239], [79.77873788188965, 12.875748367496197], [79.77873744413164, 12.875838774862673], [79.77864529506657, 12.875838345360169], [79.77864485727261, 12.87592875271766], [79.77846055908859, 12.87592789361384], [79.77846143480227, 12.875747078907837], [79.77809283873066, 12.875745360331885], [79.77809240074805, 12.875835767671411], [79.77800025170096, 12.875835337944329], [79.77799937564592, 12.876016152614397], [79.77781507744393, 12.876015293043451], [79.77781551553433, 12.875924885712909], [79.77753906834812, 12.875923596136403], [79.77754038291576, 12.875652374171723], [79.77772468083029, 12.875653233904366], [79.77772511894763, 12.875562826573823], [79.77744867216566, 12.875561536934436], [79.77744911038182, 12.875471129612876], [79.77735696149642, 12.875470699670197], [79.77735739973056, 12.87538029235762], [79.77726525088109, 12.87537986237901], [79.77726481261102, 12.87547026970057], [79.77698836598178, 12.875468979576091], [79.77698792760391, 12.875559386879685], [79.77689577870055, 12.87555895677531], [79.77689534028676, 12.875649364078903], [79.77680319135644, 12.875648933929613], [79.77680450667866, 12.875377712036798], [79.77708095319113, 12.87537900234094], [79.77708139152408, 12.875288595037347], [79.77717354033761, 12.875289025069856], [79.77717397863462, 12.87519861775728], [79.77726612741223, 12.875199047753856]], [[79.77726612741223, 12.875199047753856], [79.77735827619881, 12.875199477723484], [79.77735783796469, 12.87528988503606], [79.77726568915115, 12.875289455066433], [79.77726612741223, 12.875199047753856]]]}, "id": "+6735+7637", "properties": {"count": 95, "water": 1}}, {"type": "Feature", "geometry": {"geodesic": false, "type": "Polygon", "coordinates": [[[79.77651419280129, 12.821130647969516], [79.77651550267971, 12.820859424980759], [79.7766076316315, 12.820859853432232], [79.7766080682217, 12.82076944576033], [79.77670019714655, 12.820769874175872], [79.77670063369185, 12.82067946650397], [79.77660850480294, 12.82067903809741], [79.77660937795642, 12.820498222753605], [79.77688576444346, 12.820499507865485], [79.77688620091689, 12.820409100184598], [79.77734684497513, 12.820411241372977], [79.77734728127788, 12.820320833674126], [79.77753153885806, 12.820321689921304], [79.7775324113288, 12.820140874514617], [79.77762454005601, 12.820141302579817], [79.77762497625096, 12.820050894871981], [79.77771710495122, 12.820051322901248], [79.77771754111023, 12.819960915193413], [79.77780966978355, 12.819961343186748], [79.77781010590664, 12.819870935478912], [79.77790223454402, 12.819871363436313], [79.77790005405434, 12.820323402011422], [79.77780792524628, 12.820322974036054], [79.77780748910523, 12.820413381752871], [79.7777153602792, 12.820412953741572], [79.77771492409325, 12.820503361440425], [79.77753066636933, 12.82050250531901], [79.77752979388062, 12.820683320716713], [79.77743766495578, 12.820682892597615], [79.77743679237723, 12.820863707995318], [79.77734466338951, 12.820863279840289], [79.7773433544094, 12.821134502909894], [79.77706696717675, 12.821133218220224], [79.77706740360526, 12.821042810539337], [79.77715953264688, 12.821043238793184], [79.77716040543204, 12.820862423431413], [79.77706827646229, 12.820861995177566], [79.77706871288181, 12.820771587496681], [79.77679232607139, 12.820770302555482], [79.77679014344372, 12.821222340914995], [79.77660588526167, 12.821221484092893], [79.77660632186087, 12.821131076429975], [79.77651419280129, 12.821130647969516]], [[79.77716127820823, 12.820681608051673], [79.77716171459183, 12.820591200370789], [79.77725384347174, 12.820591628579718], [79.7772534071151, 12.820682036269586], [79.77716127820823, 12.820681608051673]]]}, "id": "+6736+8246", "properties": {"count": 79, "water": 1}}, {"type": "Feature", "geometry": {"geodesic": false, "type": "Polygon", "coordinates": [[[79.77764129418404, 12.87384465743168], [79.77764217033788, 12.873663842752629], [79.7779186150627, 12.873665132005742], [79.77791817708011, 12.873755539354251], [79.77801032536364, 12.873755969036418], [79.77800944946132, 12.873936783742419], [79.77810159781671, 12.873937213406618], [79.77810072196829, 12.874118028103638], [79.77846931565936, 12.874119746463995], [79.77846800225954, 12.874390968545455], [79.7781915566903, 12.874389679804382], [79.77819068086883, 12.874570494510383], [79.77828282945778, 12.874570924129667], [79.778282391574, 12.87466133148716], [79.77819024295809, 12.874660901858892], [79.77818980503838, 12.8747513092074], [79.77828195369919, 12.87475173883567], [79.77828107792264, 12.87493255354167], [79.77809678048422, 12.87493169424022], [79.77809721843987, 12.874841286900693], [79.77800506976108, 12.87484085720056], [79.77800419377792, 12.875021671888595], [79.77791204503625, 12.87502124215253], [79.77791248306376, 12.874930834813004], [79.77782033435803, 12.874930405058972], [79.77782208655792, 12.874568775700867], [79.7779142351289, 12.8745692054549], [79.77791379711935, 12.874659612794426], [79.77809809434218, 12.874660472203676], [79.77809940816422, 12.874389250158147], [79.77791511113902, 12.874388390766864], [79.77791554914857, 12.874297983427338], [79.77782340066742, 12.87429755368229], [79.77782427673142, 12.874116739003238], [79.77791642514072, 12.874117168739303], [79.7779168631323, 12.874026761390795], [79.77782471474995, 12.874026331663712], [79.77782559079601, 12.873845516975678], [79.77764129418404, 12.87384465743168]]]}, "id": "+6739+7651", "properties": {"count": 53, "water": 1}}, {"type": "Feature", "geometry": {"geodesic": false, "type": "Polygon", "coordinates": [[[79.776871795533, 12.823392553249587], [79.77687266869545, 12.82321173793273], [79.77705692834175, 12.823212594700932], [79.77705736485112, 12.823122187038013], [79.77724162444352, 12.823123043662484], [79.77724206088999, 12.823032635990582], [79.77733419065925, 12.82303306425341], [79.77733462706081, 12.822942656572526], [79.77761101628772, 12.82294394116338], [79.77761145259046, 12.822853533473513], [79.77779571203016, 12.822854389702725], [79.77779614826105, 12.822763982003874], [79.77798040764684, 12.822764838089356], [79.77798084381483, 12.822674430390505], [79.77807297347628, 12.822674858383838], [79.77807340959937, 12.822584450684985], [79.77844192816434, 12.822586162316963], [79.77844236416166, 12.822495754600144], [79.77853449377821, 12.822496182422798], [79.77853492973061, 12.82240577470598], [79.77899557769652, 12.822407913325176], [79.7789947061151, 12.822588728803728], [79.77908683578553, 12.822589156437736], [79.77908596424903, 12.822769971907306], [79.77871744533373, 12.822768261155678], [79.77871700942623, 12.82285866888148], [79.77862487967495, 12.822858241103742], [79.77862444373152, 12.822948648829543], [79.77807166508008, 12.822946081489377], [79.77807122893903, 12.823036489197213], [79.7777948395594, 12.823035205082464], [79.77779440331953, 12.823125612772332], [79.77770227349639, 12.8231251846712], [79.7777014009358, 12.823306000041955], [79.77751714117272, 12.82330514372291], [79.77751670482505, 12.823395551403797], [79.77742457492106, 12.823395123194867], [79.77742413852847, 12.823485530875752], [79.77733200859753, 12.82348510263089], [79.777331572169, 12.823575510302792], [79.77705518227735, 12.823574225361593], [79.77705605531403, 12.823393410026771], [79.776871795533, 12.823392553249587]]]}, "id": "+6748+8218", "properties": {"count": 99, "water": 1}}, {"type": "Feature", "geometry": {"geodesic": false, "type": "Polygon", "coordinates": [[[79.77779616615548, 12.84184041999211], [79.77779703994676, 12.841659604872884], [79.77788917651625, 12.841660033548937], [79.77788961337596, 12.84156962597585], [79.77798174991851, 12.841570054624954], [79.77798262355708, 12.841389239478778], [79.77807476003674, 12.841389668082966], [79.77807519682459, 12.841299260509878], [79.77816733326831, 12.841299689078134], [79.77816777001124, 12.841209281505046], [79.77825990643701, 12.84120971003737], [79.778260343144, 12.841119302455299], [79.77844461592368, 12.84112015942113], [79.77844505256779, 12.841029751830076], [79.77853718893067, 12.841030180263584], [79.77853762552986, 12.840939772663548], [79.7786297618658, 12.840940201061123], [79.77863019843805, 12.840849793461086], [79.77899874366501, 12.84085150671003], [79.7789991801025, 12.840761099101009], [79.77955199784863, 12.840763667986277], [79.77955156160877, 12.840854075613263], [79.7796436979447, 12.840854503651514], [79.77964326174076, 12.840944911287483], [79.77973539811263, 12.840945339298784], [79.77973496193565, 12.84103574692577], [79.77982709834345, 12.841036174910121], [79.77982666219341, 12.841126582546092], [79.78001093508986, 12.84112743841598], [79.78001049900271, 12.841217846051949], [79.78010263549136, 12.841218273946467], [79.78010219943116, 12.841308681591421], [79.78019433595574, 12.841309109450007], [79.78019389992248, 12.84139951709496], [79.78028603648299, 12.841399944926598], [79.78028560048567, 12.841490352580534], [79.78037773708212, 12.841490780376239], [79.78037730111174, 12.841581188030174], [79.78000875462715, 12.841579476622778], [79.78000919072328, 12.841489068977825], [79.77982491756632, 12.84148821308997], [79.77982535373432, 12.841397805454001], [79.77954894412464, 12.841396521384167], [79.7795493803735, 12.841306113757181], [79.77945724388483, 12.841305685665032], [79.7794581164544, 12.841124870420042], [79.77908957076032, 12.841123157781952], [79.77909000717086, 12.841032750172932], [79.77890573440916, 12.841031893665242], [79.77890486145331, 12.8412127088743], [79.77881272500959, 12.841212280566555], [79.77881228849124, 12.841302688166593], [79.77872015202055, 12.841302259822916], [79.77871971546628, 12.841392667422953], [79.77853544247101, 12.841391810627801], [79.77853500584487, 12.841482218218855], [79.77844286932029, 12.841481789776363], [79.77844243266719, 12.841572197358435], [79.77835029610668, 12.84157176888001], [79.77834985940866, 12.841662176462082], [79.77816558624272, 12.841661319388452], [79.77816514948182, 12.841751726970523], [79.77807301286741, 12.8417512983843], [79.77807257607058, 12.841841705957389], [79.77779616615548, 12.84184041999211]]]}, "id": "+6755+8015", "properties": {"count": 116, "water": 1}}, {"type": "Feature", "geometry": {"geodesic": false, "type": "Polygon", "coordinates": [[[79.77926642520745, 12.84266094358011], [79.77926860718833, 12.842208905535008], [79.77982142815941, 12.842211474141799], [79.77982099196446, 12.842301881768785], [79.78009740258923, 12.84230316564099], [79.78009871085968, 12.842031942724097], [79.78019084764477, 12.842032370609632], [79.780191283696, 12.841941962964679], [79.78028342045414, 12.841942390814284], [79.78028298442987, 12.842032798459236], [79.78037512122394, 12.84203322628189], [79.78037381324994, 12.842304449225733], [79.78046595014284, 12.842304877021437], [79.78046551418144, 12.842395284675373], [79.78055765111027, 12.842395712444128], [79.7805567792324, 12.842576527743018], [79.7804646422407, 12.842576099974263], [79.78046420627032, 12.842666507619215], [79.78018779520538, 12.842665224097354], [79.7801873591272, 12.842755631733326], [79.7796345368895, 12.842753063791287], [79.7796341006137, 12.84284347140929], [79.77935768944096, 12.842842186998098], [79.77935856219018, 12.842661371780057], [79.77926642520745, 12.84266094358011]]]}, "id": "+6763+8002", "properties": {"count": 82, "water": 1}}, {"type": "Feature", "geometry": {"geodesic": false, "type": "Polygon", "coordinates": [[[79.77999788647645, 12.862916090499416], [79.7799987601779, 12.862735275514936], [79.78009090449986, 12.862735704110142], [79.78009221493525, 12.862464481615456], [79.78018435916738, 12.86246491017473], [79.78018479593725, 12.862374502664524], [79.78027694013345, 12.862374931187864], [79.78027737686739, 12.862284523686641], [79.78046166522384, 12.86228538061654], [79.78045860848151, 12.86291823318798], [79.7801821752641, 12.86291694767186], [79.78018261205195, 12.862826540170637], [79.78009046768507, 12.86282611160238], [79.78009003087028, 12.862916519103603], [79.77999788647645, 12.862916090499416]]]}, "id": "+6766+7777", "properties": {"count": 26, "water": 1}}, {"type": "Feature", "geometry": {"geodesic": false, "type": "MultiPolygon", "coordinates": [[[[79.79129609223573, 12.831867372549217], [79.79129566050541, 12.831957780634346], [79.79138779401165, 12.83195820427085], [79.79138736230827, 12.832048612355978], [79.79120309524188, 12.832047765056018], [79.7912039587744, 12.831866948894746], [79.79129609223573, 12.831867372549217]]], [[[79.79203186565165, 12.832141984998323], [79.79212399924774, 12.832142408374317], [79.79212356780486, 12.832232816486394], [79.79203143418184, 12.8322323931104], [79.79203186565165, 12.832141984998323]]], [[[79.78699094736321, 12.826603764003899], [79.78717521018056, 12.826604613899988], [79.78717694222226, 12.82624298196372], [79.78708481094384, 12.826242557042624], [79.78708437790198, 12.826332965019954], [79.78699224659661, 12.826332540062927], [79.78699267966542, 12.826242132085596], [79.78690054839599, 12.82624170710162], [79.78690098150074, 12.82615129912429], [79.78680885026722, 12.826150874113361], [79.78680971652165, 12.825970058158703], [79.78690184769226, 12.825970483169629], [79.78690228077905, 12.8258800751923], [79.78699441192272, 12.825880500158311], [79.78699484497356, 12.82579009218098], [79.78717910719803, 12.825790942023172], [79.78717867421007, 12.825881350009485], [79.78727080535374, 12.825881774885666], [79.78727253716188, 12.825520142913465], [79.78718040614397, 12.825519718046268], [79.78718127209295, 12.825338902064658], [79.787273403039, 12.825339326922872], [79.78727383597307, 12.825248918927576], [79.78736596690115, 12.825249343749856], [79.78736553399402, 12.825339751745153], [79.78754979591307, 12.825340601299883], [79.78754936306883, 12.825431009304163], [79.78773362506871, 12.825431858733129], [79.78773319228736, 12.825522266746392], [79.7879174543681, 12.825523116049593], [79.78791702164962, 12.825613524071839], [79.788193414892, 12.825614797793081], [79.78819298227234, 12.82570520582431], [79.78828511338907, 12.82570563033218], [79.78828468079635, 12.825796038363409], [79.78837681194902, 12.82579646284433], [79.78837637939225, 12.825886870875559], [79.78846851058083, 12.825887295338514], [79.788468078051, 12.825977703369743], [79.78856020927553, 12.825978127796764], [79.78855977677264, 12.826068535827993], [79.78874403930254, 12.826069384592207], [79.78874360686255, 12.826159792632419], [79.78883573816792, 12.826160216969608], [79.78883530576385, 12.826250625009822], [79.78892743709618, 12.826251049320062], [79.78892700471907, 12.826341457360273], [79.78911126747353, 12.826342305890925], [79.78911040283609, 12.826523121989315], [79.7892025342852, 12.826523546209724], [79.78920166969266, 12.826704362308115], [79.78929380121363, 12.82670478651056], [79.7892925044057, 12.826976010667126], [79.78938463602547, 12.826976434833638], [79.7893842037831, 12.827066842891815], [79.78947633543882, 12.827067267031376], [79.7894759032234, 12.827157675089556], [79.78956803491505, 12.827158099202167], [79.7895671705471, 12.827338915327507], [79.78965930230163, 12.827339339413168], [79.7896588701491, 12.827429747471347], [79.78975100193955, 12.827430171530061], [79.7897501376794, 12.8276109876554], [79.78984226955072, 12.827611411687164], [79.78984183745207, 12.827701819754324], [79.78993396935033, 12.827702243759138], [79.78993353727866, 12.8277926518263], [79.79011780115601, 12.827793499737114], [79.79011736914721, 12.827883907813257], [79.79020950112633, 12.82788433172824], [79.79020906914447, 12.827974739804384], [79.79030120115951, 12.827975163683435], [79.7903007692046, 12.828065571768562], [79.79048503330655, 12.82806641943683], [79.79048460142351, 12.828156827521958], [79.79057673351042, 12.828157251311177], [79.79057543792418, 12.828428475575542], [79.79066757011888, 12.828428899346795], [79.7906662746045, 12.828700123602177], [79.79075840689804, 12.828700547355464], [79.79075711144654, 12.82897177161983], [79.79084924384786, 12.828972195337183], [79.79084881205465, 12.829062603431293], [79.79094094448291, 12.829063027121697], [79.79094051272564, 12.829153435215808], [79.79103264518983, 12.829153858879263], [79.79103221345952, 12.829244266982355], [79.79112434596863, 12.829244690609878], [79.79112391426524, 12.829335098712972], [79.79121604681029, 12.829335522313544], [79.79121561513386, 12.829425930416638], [79.79130774771484, 12.82942635399026], [79.79130731606537, 12.829516762093355], [79.79139944868228, 12.829517185649012], [79.79139858545518, 12.8296980018552], [79.79149071813498, 12.829698425374923], [79.79148942336622, 12.829969649693188], [79.7915815561538, 12.829970073194945], [79.7915798298793, 12.830331705625287], [79.79167196280163, 12.830332129100094], [79.79167066815863, 12.830603353427342], [79.79176280117977, 12.830603776884185], [79.79176150661762, 12.830875001211433], [79.7918536397376, 12.830875424641325], [79.79185320824082, 12.830965832753403], [79.79194534139673, 12.830966256156346], [79.7919444784571, 12.8311470723805], [79.79203661168486, 12.831147495765476], [79.79203574879914, 12.83132831198963], [79.79212788209877, 12.831328735347657], [79.79212701926693, 12.831509551580794], [79.79221915262944, 12.83150997490289], [79.79221785845357, 12.831781199257087], [79.79212572499225, 12.831780775926008], [79.79212529355836, 12.831871184038086], [79.79230956055288, 12.831872030682275], [79.79230826643987, 12.832143255036472], [79.7922161328438, 12.832142831723361], [79.79221656425074, 12.832052423611284], [79.79212443069059, 12.832052000262241], [79.79212486212448, 12.831961592150163], [79.79203272860026, 12.831961168783153], [79.79203186565165, 12.832141984998323], [79.79193973206456, 12.832141561586397], [79.79194016357032, 12.832051153483304], [79.79184803001915, 12.832050730044429], [79.79184846156083, 12.831960321941335], [79.79194059507606, 12.831960745371227], [79.79194102657281, 12.831870337268132], [79.79175675960525, 12.831869490363433], [79.79175632803663, 12.831959898466526], [79.79157206101515, 12.831959051436062], [79.79157249264667, 12.83186864334195], [79.79129609223573, 12.831867372549217], [79.79129652396605, 12.83177696446409], [79.79120439053168, 12.831776540809619], [79.79120482228895, 12.83168613272449], [79.79102055550105, 12.831685285316734], [79.7910201236809, 12.831775693401863], [79.79092799026448, 12.831775269648576], [79.7909275583994, 12.831865677715736], [79.7904668911826, 12.831863558446251], [79.79046732320937, 12.831773150388074], [79.79065159001524, 12.831773998191089], [79.79065202197015, 12.831683590123928], [79.79055988859865, 12.831683166244877], [79.79056032058051, 12.831592758177717], [79.7907445872696, 12.831593605899885], [79.79074545109856, 12.831412789765562], [79.79019265146248, 12.831410246248716], [79.79019221935485, 12.831500654297912], [79.7901000860642, 12.831500230266148], [79.79009965392065, 12.831590638315342], [79.79000752060306, 12.831590214247647], [79.79000708841458, 12.831680622287859], [79.78991495507005, 12.83168019818423], [79.78991452284565, 12.831770606224442], [79.78973025609366, 12.831769757909386], [79.78972982380638, 12.831860165940615], [79.78963769039896, 12.831859741738171], [79.78963812271319, 12.831769333706943], [79.78954598934169, 12.831768909468567], [79.78954555699153, 12.831859317490812], [79.78945342359309, 12.831858893225487], [79.78945299120699, 12.831949301247732], [79.78926872434722, 12.831948452600301], [79.78926829188926, 12.832038860613562], [79.78908402497558, 12.832038011831383], [79.78908359245474, 12.832128419835662], [79.78935999291957, 12.832129692972998], [79.78935869561755, 12.832400917030752], [79.78926656202148, 12.832400492675594], [79.78926742696436, 12.83221967664907], [79.78917529344014, 12.832219252266963], [79.78917486093727, 12.832309660280226], [79.7890827273861, 12.832309235862187], [79.78908229485629, 12.832399643866466], [79.78917442843439, 12.832400068284505], [79.7891739959315, 12.832490476297767], [79.78898972869445, 12.832489627416773], [79.78899059383495, 12.832308811408215], [79.78889846029277, 12.832308386927295], [79.78889802769108, 12.832398794931573], [79.78880589411297, 12.832398370414719], [79.78880459619111, 12.832669594409591], [79.78871246252318, 12.832669169847822], [79.7887115971581, 12.83284998582943], [79.78861946342728, 12.832849561231727], [79.78861989613677, 12.832759153245416], [79.78834349506108, 12.832757879272645], [79.78834392786938, 12.832667471286333], [79.7882517942194, 12.832667046562866], [79.7882526598989, 12.832486230608207], [79.78816052631181, 12.832485805857791], [79.7881618249074, 12.832214581925802], [79.7880696914281, 12.83221415715742], [79.78807012431726, 12.83212374918009], [79.7879779908739, 12.832123324384758], [79.78797842379, 12.832032916407428], [79.78788629038257, 12.832032491585148], [79.7878849915085, 12.832303715490188], [79.78797712502373, 12.832304140330434], [79.78797669208966, 12.832394548298781], [79.78788455854747, 12.832394123458535], [79.78788412557748, 12.83248453142688], [79.78779199200835, 12.8324841065507], [79.7877924250053, 12.832393698591337], [79.7877002914721, 12.832393273679225], [79.787700724505, 12.83230286571986], [79.78751645751048, 12.832302015823771], [79.78751602441471, 12.83239242377415], [79.78760815793892, 12.832392848749146], [79.78760642565467, 12.832754480577616], [79.78751429199572, 12.83275405559364], [79.78751472510945, 12.832663647643258], [79.78714619062633, 12.83266194740192], [79.78714532414735, 12.832842763284715], [79.78705319047042, 12.83284233813904], [79.78705362374585, 12.832751930197643], [79.78696149010486, 12.83275150502502], [79.7869610567935, 12.832841912957432], [79.78686892312555, 12.832841487748876], [79.78686935646387, 12.832751079816463], [79.78677722283186, 12.832750654580956], [79.78677678945762, 12.832841062504388], [79.78659252213072, 12.832840211925577], [79.78659295557684, 12.832749804002146], [79.78650082195381, 12.832749378667826], [79.78650038848075, 12.832839786582273], [79.7864082548218, 12.83283936121202], [79.78640868833078, 12.832748953297573], [79.78622442109372, 12.83274810245825], [79.78622485466559, 12.832657694552786], [79.7863169882437, 12.832658119976939], [79.78631785530659, 12.832477304157026], [79.78567292077187, 12.832474325505242], [79.78567335453239, 12.832383917608759], [79.78558122107107, 12.832383491960028], [79.78558165485853, 12.83229308407253], [79.78548952143313, 12.832292658396849], [79.78548995524756, 12.83220225050935], [79.78539782185808, 12.832201824806722], [79.78539738801672, 12.832292232685237], [79.78530525460032, 12.832291806946674], [79.78530482071403, 12.83238221482519], [79.78512055381833, 12.832381363240266], [79.78512142171665, 12.832200547492219], [79.78502928834516, 12.832200121654841], [79.78502885436905, 12.832290529533356], [79.78493672096161, 12.832290103660046], [79.78493715497366, 12.832199695790514], [79.78484502161115, 12.832199269890255], [79.78484588968914, 12.832018454160174], [79.7847537563895, 12.832018028232966], [79.78475419046444, 12.831927620363434], [79.78466205720073, 12.831927194409277], [79.78466162309886, 12.832017602269824], [79.78447735651757, 12.832016750262694], [79.78447865901185, 12.83174552669003], [79.78457079220368, 12.83174595270707], [79.78457122632352, 12.831655544837538], [79.78447909316762, 12.831655118829481], [79.7844795273234, 12.831564710968932], [79.78429526108346, 12.831563858862987], [79.78429439264615, 12.831744674566117], [79.78411012628943, 12.831743822316442], [79.78411056057996, 12.831653414473859], [79.78401842743304, 12.831652988295122], [79.78401929606798, 12.831472172609956], [79.78392716300192, 12.831471746413253], [79.7839284660262, 12.831200522885506], [79.78420486495492, 12.831201801358835], [79.78420573341918, 12.83102098564672], [79.78429786633254, 12.831021411735627], [79.78429830053322, 12.830931003875078], [79.78448256630604, 12.83093185594509], [79.78448300043486, 12.830841448075558], [79.78494366477706, 12.830843577666688], [79.78494409873521, 12.830753169788172], [79.78512836442718, 12.830754021391062], [79.7851305338496, 12.830301981944588], [79.78494626848104, 12.83030113037763], [79.78494583454085, 12.830391538256146], [79.78485370183411, 12.830391112418768], [79.78485239987882, 12.830662336054313], [79.78429960309937, 12.830659780302415], [79.78430003729109, 12.830569372441866], [79.78439217004274, 12.830569798476873], [79.78439260418953, 12.830479390616324], [79.78448473691424, 12.830479816615398], [79.78448690743262, 12.83002777727672], [79.78467117256763, 12.830028629149105], [79.78467204062765, 12.829847813392075], [79.78476417312778, 12.829848239274368], [79.78476504110695, 12.829667423517337], [79.78467290866072, 12.829666997635044], [79.78467334268176, 12.82957658975653], [79.78458121028044, 12.82957616385627], [79.7845803421755, 12.829756979604317], [79.78439607724711, 12.829756127687018], [79.78439520900741, 12.8299369434171], [79.78430307648034, 12.829936517409042], [79.78430090564756, 12.830388556720768], [79.78420877295878, 12.830388130658813], [79.7842083387491, 12.830478538510377], [79.78402407331765, 12.83047768628765], [79.78402363904509, 12.830568094139217], [79.78411577178777, 12.830568520273038], [79.78411490328756, 12.830749335976169], [79.78393063766747, 12.83074848366361], [79.7839323749194, 12.830386852275314], [79.78402450759918, 12.830387278436085], [79.78402537613532, 12.830206462723972], [79.7839332435274, 12.830206036572184], [79.7839336778269, 12.830115628720618], [79.7840258103989, 12.830116054872406], [79.78402667892604, 12.829935239169274], [79.78393454640795, 12.829934813017486], [79.783935414989, 12.829753997314356], [79.78384328254276, 12.829753571144602], [79.78384415116874, 12.82957275544147], [79.78402841592644, 12.829573607736062], [79.78402928440867, 12.829392792023947], [79.78412141672017, 12.829393218112854], [79.78412271932224, 12.829121994531206], [79.7842148515439, 12.829122420575196], [79.78421571986443, 12.828941604845117], [79.7843078520232, 12.828942030853174], [79.78430828614304, 12.828851622983642], [79.78440041827487, 12.828852048964748], [79.78440085235877, 12.828761641086233], [79.78449298445466, 12.828762067031409], [79.78449341850265, 12.828671659152894], [79.78458555058057, 12.828672085062136], [79.78458598459261, 12.828581677174638], [79.7846781166346, 12.828582103047948], [79.78467855061072, 12.82849169516045], [79.78495494665583, 12.828492972573766], [79.78495538052415, 12.828402564677285], [79.78504751251224, 12.828402990415848], [79.78504707867087, 12.828493398312329], [79.78513921070387, 12.828493824023942], [79.78513964450931, 12.828403416118478], [79.7852317765064, 12.82840384179416], [79.7852322102759, 12.828313433888693], [79.78560073815639, 12.828315136241073], [79.78560030452164, 12.82840554415552], [79.78541604050952, 12.828404693037722], [79.78541560679392, 12.82849510095217], [79.78532347476092, 12.828494675339371], [79.78532304101836, 12.828585083244835], [79.78523090894942, 12.828584657605088], [79.78523047517093, 12.828675065510552], [79.78504621097916, 12.828674214114276], [79.78504577712881, 12.828764622010757], [79.78495364501495, 12.828764196263212], [79.78495277723341, 12.82894501204719], [79.78486064504769, 12.828944586263713], [79.78486021112548, 12.829034994151211], [79.7847680789128, 12.829034568322816], [79.78476721098752, 12.829215384097813], [79.78467507871197, 12.829214958233486], [79.78467421069686, 12.829395773999499], [79.78476634304428, 12.829396199863826], [79.78476677701141, 12.82930579198531], [79.78522743860476, 12.829307920821854], [79.7852278724102, 12.829217512925373], [79.78532000470372, 12.829217938592071], [79.78532043847322, 12.829127530686605], [79.78541257073978, 12.829127956317372], [79.78541300447336, 12.829037548411906], [79.78550513670399, 12.829037974006738], [79.78550600409926, 12.828857158186826], [79.78569026844374, 12.828858009268693], [79.78569113569529, 12.828677193430813], [79.78596753204585, 12.828678469793102], [79.78596796556381, 12.828588061869672], [79.78606009765072, 12.82858848725789], [79.7860609646148, 12.828407671393062], [79.78615309664781, 12.828408096736368], [79.78615353008493, 12.828317688803953], [79.78624566209099, 12.828318114111324], [79.78624609549217, 12.828227706169928], [79.78643035943243, 12.828228556694839], [79.78643122610904, 12.828047740803061], [79.78652335801628, 12.828048166011618], [79.78652465790546, 12.827776942151493], [79.78661678972287, 12.827777367315134], [79.78661808947729, 12.827506143446026], [79.78671022119588, 12.827506568564752], [79.78671152082454, 12.827235344677678], [79.78680365244432, 12.82723576976047], [79.78680451878856, 12.827054953823778], [79.78689665034545, 12.827055378870638], [79.78689751659986, 12.82687456292496], [79.78680538510585, 12.826874137887085], [79.7868049519472, 12.82696454585543], [79.78671282041725, 12.826964120781621], [79.78671238722268, 12.827054528749969], [79.78662025566578, 12.827054103640226], [79.78661852271678, 12.827415735486664], [79.78652639103412, 12.827415310332006], [79.78652595775868, 12.827505718282385], [79.78643382604908, 12.82750529310078], [79.78643295941737, 12.82768610900154], [79.78624869586339, 12.827685258512561], [79.78624999600409, 12.827414034670403], [79.78634212767777, 12.827414459923876], [79.78634299435438, 12.827233644023115], [79.78643512596518, 12.827234069231672], [79.78643685915674, 12.826872437412185], [79.78652899064177, 12.826872862575826], [79.78653072363568, 12.826511230729388], [79.78662285499495, 12.826511655857097], [79.78662328819851, 12.82642124788875], [79.78680755085416, 12.826422098036367], [79.7868071177135, 12.826512506004715], [79.78699138044999, 12.826513356026569], [79.78699094736321, 12.826603764003899]], [[79.78467334268176, 12.82957658975653], [79.78467377669381, 12.829486181878014], [79.78476590906817, 12.829486607751324], [79.78476547508308, 12.82957701562984], [79.78467334268176, 12.82957658975653]], [[79.78699094736321, 12.826603764003899], [79.78699008119864, 12.826784579958558], [79.78689794973157, 12.826784154956615], [79.78689881596802, 12.826603339001954], [79.78699094736321, 12.826603764003899]], [[79.78727080535374, 12.825881774885666], [79.7873629365064, 12.825882199725912], [79.7873625035813, 12.825972607721209], [79.78727037239273, 12.825972182880962], [79.78727080535374, 12.825881774885666]], [[79.787700724505, 12.83230286571986], [79.7877011575289, 12.832212457760498], [79.78760902405858, 12.83221203283042], [79.78760945711842, 12.832121624871055], [79.7877015905528, 12.83212204979215], [79.78770245658262, 12.831941233864441], [79.78779458995412, 12.831941658758588], [79.78779285800226, 12.83230329062299], [79.787700724505, 12.83230286571986]], [[79.78457383100665, 12.83111309765628], [79.78457426510853, 12.83102268979573], [79.7849427968428, 12.831024393423718], [79.78494236287567, 12.831114801302233], [79.7850344958519, 12.831115227130628], [79.78503406191173, 12.831205635009143], [79.78531046095722, 12.831206912314661], [79.78530915940617, 12.831478135986139], [79.78540129252615, 12.831478561697752], [79.78540085871172, 12.83156896958525], [79.78549299186763, 12.831569395269915], [79.78549255807117, 12.831659803166396], [79.7853082916965, 12.831658951761137], [79.78530785783715, 12.83174935963965], [79.78539999105594, 12.83174978536923], [79.78539912338219, 12.831930601144228], [79.78530699010052, 12.831930175414648], [79.78530655623221, 12.832020583302146], [79.7852144229146, 12.832020157536633], [79.78521398901036, 12.832110565415148], [79.78502972232127, 12.832109713785309], [79.78503059026451, 12.831928898037262], [79.78512272354618, 12.831929323856674], [79.78512315747737, 12.831838915978159], [79.78503102423164, 12.831838490158747], [79.78503145819877, 12.831748082280232], [79.78493932498898, 12.831747656433873], [79.78493975898306, 12.831657248555357], [79.78484762581817, 12.831656822673065], [79.7848480598392, 12.831566414803532], [79.78475592670127, 12.83156598889429], [79.78475679480621, 12.831385173155226], [79.78484892787228, 12.831385599064468], [79.78484849386024, 12.831476006934], [79.78494062696224, 12.83147643280731], [79.78494149492344, 12.831295617059263], [79.78484936188433, 12.831295191185953], [79.78484979589638, 12.831204783316421], [79.78475766289318, 12.831204357416162], [79.78475809693218, 12.83111394954663], [79.78457383100665, 12.83111309765628]], [[79.7855825224155, 12.832112268288551], [79.78558382373299, 12.83184104460809], [79.78567595699668, 12.831841470238855], [79.78567639073026, 12.831751062342374], [79.78576852396701, 12.831751487928221], [79.78576765656274, 12.831932303730168], [79.78567552326311, 12.831931878135336], [79.78567465577801, 12.832112693928298], [79.7855825224155, 12.832112268288551]], [[79.78595148952725, 12.832023562744448], [79.785951923162, 12.831933154838984], [79.786412589741, 12.831935282022627], [79.78641215625898, 12.832025689946057], [79.78650428962148, 12.832026115289361], [79.78650385617537, 12.832116523212793], [79.78622745601596, 12.832115247075084], [79.78622788956089, 12.832024839160635], [79.78613575620736, 12.832024413718518], [79.78613532263549, 12.832114821632965], [79.78604318925501, 12.832114396154914], [79.78604362286282, 12.83202398824945], [79.78595148952725, 12.832023562744448]], [[79.78659512272652, 12.832297764384991], [79.78659598956483, 12.832116948529148], [79.78668812296328, 12.832117373809568], [79.7866885563465, 12.832026965886138], [79.78687282308051, 12.832027816348168], [79.78687238976916, 12.832118224280581], [79.78696452317658, 12.832118649471171], [79.78696408989218, 12.832209057403585], [79.7871483567789, 12.832209907685952], [79.78714792355737, 12.832300315636331], [79.78687152312847, 12.832299040154393], [79.7868719564488, 12.832208632221977], [79.78677982301444, 12.832208206995455], [79.78677938965816, 12.83229861492787], [79.78659512272652, 12.832297764384991]], [[79.78736163772216, 12.826153423711801], [79.78736207064725, 12.826063015716505], [79.78745420187177, 12.826063440538785], [79.78745376897363, 12.826153848534082], [79.78736163772216, 12.826153423711801]], [[79.7882535255694, 12.832305414644564], [79.78825395839567, 12.832215006667234], [79.78853035887848, 12.83221628068492], [79.78853079160592, 12.832125872689623], [79.78880719200788, 12.832127146410865], [79.78880762463652, 12.832036738406586], [79.78899189152324, 12.832037587386395], [79.78899145896646, 12.832127995399658], [79.78889932548717, 12.832127570918736], [79.78889889289447, 12.832217978923016], [79.788714625873, 12.83221712987134], [79.78871419320842, 12.832307537866637], [79.78852992614203, 12.832306688671233], [79.78852906067814, 12.83248750465284], [79.78843692708206, 12.83248708000124], [79.78843779261783, 12.832306264028615], [79.7882535255694, 12.832305414644564]], [[79.7894547207334, 12.831587669149767], [79.78945515311052, 12.831497261118539], [79.78963941965588, 12.831498109604274], [79.78963898734165, 12.831588517644485], [79.7894547207334, 12.831587669149767]], [[79.79175719116489, 12.831779082269321], [79.79175762272455, 12.831688674166228], [79.79184975614994, 12.83168909762307], [79.79184932461725, 12.831779505726164], [79.79175719116489, 12.831779082269321]], [[79.78513357089189, 12.82966912670515], [79.78494930599044, 12.829668275174127], [79.78494973991265, 12.829577867286629], [79.78513400474223, 12.82957871880867], [79.78513357089189, 12.82966912670515]], [[79.78513357089189, 12.82966912670515], [79.78540996827549, 12.829670403750159], [79.78540910076343, 12.829851219561087], [79.78531696822738, 12.829850793903374], [79.78531610063447, 12.830031609696336], [79.78513183545455, 12.830030758273109], [79.78513096771792, 12.830211574057088], [79.78503883506508, 12.830211148291577], [79.78504057066411, 12.829849516732601], [79.7851327031822, 12.82984994248913], [79.78513357089189, 12.82966912670515]], [[79.79083672061414, 12.831594029716051], [79.79083758438023, 12.831413213563764], [79.79092971766188, 12.831413637343998], [79.79092885396767, 12.831594453496287], [79.79083672061414, 12.831594029716051]], [[79.79083672061414, 12.831594029716051], [79.7908362887311, 12.831684437783213], [79.79074415535062, 12.831684013967045], [79.7907445872696, 12.831593605899885], [79.79083672061414, 12.831594029716051]]], [[[79.78816052631181, 12.832485805857791], [79.78815966056943, 12.83266662181245], [79.7882517942194, 12.832667046562866], [79.78825049566873, 12.832938270503838], [79.78815836191994, 12.832937845735456], [79.78815792903079, 12.833028253712786], [79.78806579525505, 12.833027828917455], [79.78806536232997, 12.833118236885802], [79.7879732285183, 12.833117812054537], [79.78797366147931, 12.833027404086192], [79.78788152770358, 12.833026979218994], [79.78788282665849, 12.83275575533192], [79.78769855932262, 12.832754905525661], [79.78769899236448, 12.832664497566299], [79.78779112599649, 12.832664922478411], [79.78779155900243, 12.832574514519047], [79.78797582621254, 12.832575364244457], [79.78797625915558, 12.832484956276112], [79.78816052631181, 12.832485805857791]]]]}, "id": "+6839+8187", "properties": {"count": 4102, "water": 1}}, {"type": "Feature", "geometry": {"geodesic": false, "type": "Polygon", "coordinates": [[[79.78945212641683, 12.832130117292223], [79.78945255881192, 12.832039709269978], [79.78954469228222, 12.832040133544286], [79.78954512463238, 12.83194972552204], [79.78963725807574, 12.8319501497694], [79.78963682574354, 12.832040557791645], [79.78972895922284, 12.832040982012055], [79.78972939151012, 12.831950573980826], [79.78991365840582, 12.831951422304865], [79.78991409063023, 12.831861014264653], [79.79000622404664, 12.831861438377265], [79.79000665623511, 12.831771030337054], [79.79009878962457, 12.83177145440475], [79.7900992217771, 12.831681046364539], [79.79019135513063, 12.831681470405284], [79.79019178724724, 12.83159106235609], [79.79028392057381, 12.831591486360903], [79.79028348849315, 12.8316818944101], [79.79037562185566, 12.831682318387964], [79.7903743256945, 12.831953542553515], [79.79000579185818, 12.831951846417477], [79.79000535966073, 12.832042254457688], [79.78991322618143, 12.832041830345077], [79.78991279394805, 12.832132238385288], [79.78945212641683, 12.832130117292223]]]}, "id": "+6871+8117", "properties": {"count": 22, "water": 1}}, {"type": "Feature", "geometry": {"geodesic": false, "type": "MultiPolygon", "coordinates": [[[[79.79232745583775, 12.847422641735776], [79.79251173417799, 12.847423489242347], [79.79251130233988, 12.847513897264593], [79.79232702393675, 12.847513049749038], [79.79232745583775, 12.847422641735776]]], [[[79.79232745583775, 12.847422641735776], [79.79195889920219, 12.847420946336356], [79.79195933123793, 12.847330538332079], [79.79186719211722, 12.84733011439913], [79.79186762417993, 12.847239706403833], [79.79177548509514, 12.847239282443935], [79.79177764551646, 12.846787242449489], [79.79186978443056, 12.846787666400402], [79.79187064851105, 12.846606850391845], [79.79177850965982, 12.846606426449913], [79.79178023791063, 12.846244794441779], [79.79168809919416, 12.846244370490863], [79.79168896336448, 12.846063554482305], [79.79159682471987, 12.84606313050444], [79.79159725683648, 12.84597272250016], [79.79150511821882, 12.845972298495347], [79.79150555036237, 12.845881890491068], [79.7915976889441, 12.845882314504866], [79.79159898524898, 12.845611090501011], [79.7916911237319, 12.845611514469892], [79.79169241992, 12.845340290448071], [79.79178455830409, 12.845340714372037], [79.79178628636626, 12.84497908232797], [79.79187842462458, 12.844979506207022], [79.79187885660644, 12.84488909819376], [79.79178671837506, 12.844888674314708], [79.79178758238368, 12.844707858288183], [79.79169544422416, 12.844707434382185], [79.79169674031345, 12.84443621035138], [79.79188101642588, 12.84443705810948], [79.79188058447097, 12.844527466122743], [79.79206486066424, 12.84452831375508], [79.79206529255626, 12.844437905732832], [79.79234170678329, 12.844439176929809], [79.79234257036072, 12.844258360858367], [79.79225043234493, 12.844257937167963], [79.79225086416508, 12.844167529136735], [79.79197445025248, 12.844166257867895], [79.79197617787447, 12.843804625760946], [79.7922525914008, 12.843805896993855], [79.79225129597627, 12.844077121096523], [79.79234343392018, 12.844077544786927], [79.79234300214495, 12.844167952827139], [79.79261941610247, 12.844169223709704], [79.79261768933388, 12.844530855888518], [79.79252555121928, 12.844530432278962], [79.79252382427103, 12.844892064430827], [79.79261596252037, 12.844892488049364], [79.7926133722013, 12.845434936290635], [79.79252123375433, 12.845434512654132], [79.79251821133663, 12.846067368872733], [79.79242607265608, 12.846066945182328], [79.79242477718662, 12.846338169258049], [79.79251691596598, 12.846338592957435], [79.7925164841638, 12.846429000988664], [79.79242434535749, 12.846428577280294], [79.79242132245469, 12.847061433436012], [79.79232918341482, 12.847061009673743], [79.79232875153178, 12.847151417695988], [79.79223661246498, 12.847150993897788], [79.79223618053702, 12.84724140191105], [79.79232831963976, 12.84724182570925], [79.79232745583775, 12.847422641735776]]]]}, "id": "+6893+7982", "properties": {"count": 288, "water": 1}}, {"type": "Feature", "geometry": {"geodesic": false, "type": "Polygon", "coordinates": [[[79.79195630695173, 12.8479633943261], [79.79195673899648, 12.847872986330804], [79.79204887831482, 12.847873410245786], [79.7920493103326, 12.847783002241508], [79.792141449624, 12.847783426120557], [79.79214188159686, 12.847693018116278], [79.79260257792806, 12.847695137017455], [79.79260214611689, 12.8477855450397], [79.79278642473562, 12.84778639237559], [79.79278340240774, 12.848419248549277], [79.79287554195965, 12.848419672185782], [79.79287381497547, 12.848781304283747], [79.79296595465313, 12.848781727911268], [79.79296422774979, 12.849143360009235], [79.79314850738362, 12.849144207183429], [79.79314764403975, 12.849325023236903], [79.793239783933, 12.849325446783576], [79.79323762568562, 12.849777486930737], [79.7930533455757, 12.84977663978349], [79.79305291385435, 12.849867047796753], [79.79314505393627, 12.849867471397326], [79.79314462224187, 12.849957879419572], [79.79323676235971, 12.849958302984211], [79.79323633069228, 12.85004871101544], [79.79314419054748, 12.850048287441817], [79.79314289542837, 12.850319511508554], [79.79323503568096, 12.850319935091159], [79.79323460400454, 12.850410343113404], [79.79295818315693, 12.850409072275756], [79.79295861493218, 12.85031866425351], [79.79286647469755, 12.850318240581073], [79.79286733831091, 12.850137424554548], [79.79295947848266, 12.850137848226986], [79.79296250078357, 12.849504992098217], [79.7928703608454, 12.849504568452728], [79.79287122439588, 12.849323752408237], [79.79277908452059, 12.8493233287358], [79.79277951632277, 12.849232920722537], [79.79250309681366, 12.849231649516579], [79.79250352871466, 12.8491412415123], [79.79241138892021, 12.849140817714098], [79.79241182084817, 12.849050409709818], [79.79231968108965, 12.849049985884667], [79.79232097695436, 12.848778761871829], [79.79222883729466, 12.848778338028712], [79.79222926927652, 12.848687930024433], [79.79213712965274, 12.848687506145383], [79.79213756167053, 12.848597098150087], [79.79222970125836, 12.848597522020153], [79.79223056520411, 12.848416706011596], [79.79213842567916, 12.848416282141528], [79.7921392896788, 12.848235466141954], [79.7920471502257, 12.848235042244937], [79.79204844629703, 12.847963818250065], [79.79195630695173, 12.8479633943261]]]}, "id": "+6897+7939", "properties": {"count": 161, "water": 1}}, {"type": "Feature", "geometry": {"geodesic": false, "type": "MultiPolygon", "coordinates": [[[[79.79271759687856, 12.842903934522731], [79.79280973440926, 12.842904358006523], [79.79280887126302, 12.84308517412288], [79.79290100886557, 12.843085597588704], [79.79289971421359, 12.843356821772222], [79.79299185191496, 12.843357245211097], [79.79299055733485, 12.843628469403598], [79.79280628173446, 12.843627622471947], [79.79280714492562, 12.843446806364575], [79.7927150071883, 12.843446382853834], [79.79271673366046, 12.843084750630105], [79.79262459606687, 12.84308432711038], [79.79262502770737, 12.842993919052203], [79.792717165274, 12.84299434258091], [79.79271759687856, 12.842903934522731]]], [[[79.79271759687856, 12.842903934522731], [79.79253332181717, 12.842903087447352], [79.7925337534846, 12.842812679398156], [79.79244161599883, 12.84281225581555], [79.79244204769323, 12.842721847766356], [79.79234991024337, 12.8427214241568], [79.79235034196472, 12.842631016107605], [79.79216606713689, 12.842630168798662], [79.79216649892112, 12.84253976075845], [79.79225863630808, 12.842540184421905], [79.79225906805637, 12.842449776381693], [79.79262761749644, 12.8424514707211], [79.79262718587391, 12.842541878779278], [79.79271932326985, 12.842542302281036], [79.79271759687856, 12.842903934522731]]]]}, "id": "+6897+7997", "properties": {"count": 35, "water": 1}}]}