{"type": "FeatureCollection", "columns": {"count": "Long<0, 4294967295>", "system:index": "String", "water": "Byte<0, 1>"}, "features": [{"type": "Feature", "geometry": {"geodesic": false, "type": "Polygon", "coordinates": [[[80.18200621918709, 13.103997764254444], [80.18200711496912, 13.103726512735193], [80.18219160445837, 13.10372709801455], [80.18219130593023, 13.103817515199612], [80.18228355071079, 13.103817807789882], [80.18228384920299, 13.103727390613805], [80.18246833870123, 13.103727975704516], [80.18246654811632, 13.104270478796918], [80.18237430316509, 13.104270186251563], [80.18237400469084, 13.10436060342764], [80.18228175971267, 13.104360310855336], [80.18228205821384, 13.104269893679257], [80.18209756832036, 13.104269308435834], [80.18209846403053, 13.10399805691658], [80.18200621918709, 13.103997764254444]]]}, "id": "+1141+5124", "properties": {"count": 27, "water": 1}}, {"type": "Feature", "geometry": {"geodesic": false, "type": "Polygon", "coordinates": [[[80.18237937684981, 13.102733094132468], [80.18237997370845, 13.102552259753361], [80.18247221802189, 13.102552552253801], [80.18247281480866, 13.102371717865712], [80.18284179181086, 13.10237288752611], [80.18284149355222, 13.102463304729138], [80.18302598213418, 13.102463889361708], [80.18302538575165, 13.102644723767764], [80.18293314139329, 13.102644431464954], [80.1829328431616, 13.102734848667982], [80.18284059876731, 13.102734556329239], [80.18284030050867, 13.102824973523283], [80.18256356724498, 13.102824096300441], [80.18256386561143, 13.102733679106397], [80.18237937684981, 13.102733094132468]]]}, "id": "+1145+5139", "properties": {"count": 26, "water": 1}}, {"type": "Feature", "geometry": {"geodesic": false, "type": "Polygon", "coordinates": [[[80.18950279484561, 13.124636790678547], [80.18950338752708, 13.124455956281475], [80.18978014545851, 13.124456827467638], [80.1897798492121, 13.124547244670666], [80.19005660726032, 13.124548115569366], [80.1900569034079, 13.124457698357356], [80.19014915605771, 13.124457988585059], [80.19014885995503, 13.12454840579707], [80.19042561803019, 13.124549276291528], [80.19042532201733, 13.124639693512522], [80.19070208021826, 13.124640563719522], [80.1907017843132, 13.124730980940516], [80.1907940370798, 13.12473127094364], [80.19079374120169, 13.124821688173617], [80.19088599401319, 13.124821978140806], [80.19088569816202, 13.124912395370783], [80.19116245669532, 13.124913265092692], [80.19116216095198, 13.125003682331652], [80.19125441383534, 13.12500397217308], [80.19125411811892, 13.125094389403056], [80.19134637103822, 13.125094679217533], [80.1913448926089, 13.125546765385385], [80.19143714569887, 13.125547055172913], [80.19143330194251, 13.126722479153633], [80.19152555547267, 13.12672276894116], [80.19152466850309, 13.12699402062211], [80.19143241486515, 13.1269937308256], [80.19143182347725, 13.12717456527657], [80.19152407717807, 13.127174855073081], [80.19152348584407, 13.127355689515069], [80.19133897830767, 13.127355109886116], [80.19133956977642, 13.127174275444126], [80.19124731608457, 13.127173985584735], [80.1912476118459, 13.12708356836374], [80.19115535818999, 13.127083278468415], [80.1911559497845, 13.12690244403541], [80.19106369619148, 13.126902154113136], [80.19106399202467, 13.126811736901125], [80.19097173846757, 13.126811446942916], [80.19097233017885, 13.126630612518895], [80.19088007669363, 13.126630322533739], [80.19088037258071, 13.126539905321728], [80.1907881191404, 13.126539615309621], [80.19078871096848, 13.1263587808856], [80.19069645759103, 13.126358490846544], [80.190696753541, 13.126268073634533], [80.1906045001995, 13.126267783559545], [80.19060509215335, 13.126086949135523], [80.1905128388837, 13.126086659033584], [80.19051313489656, 13.125996241830556], [80.19042088165388, 13.125995951692687], [80.19042147373348, 13.125815117277648], [80.19032922057164, 13.125814827112828], [80.19032951663839, 13.1257244099098], [80.1902372635035, 13.125724119718031], [80.19023785570887, 13.125543285302992], [80.19014560264584, 13.125542995084274], [80.19014589877547, 13.125452577881246], [80.19005364574838, 13.125452287626594], [80.19005423807053, 13.125271453220538], [80.1899619851153, 13.125271162938937], [80.18996228130783, 13.12518074573591], [80.18987002838853, 13.12518045542736], [80.18987062082746, 13.124999621021304], [80.18977836798003, 13.124999330676822], [80.18977866423542, 13.124908913482777], [80.18968641141494, 13.124908623111343], [80.18968700397964, 13.124727788705288], [80.18959475124001, 13.124727498306907], [80.1895950475493, 13.124637081112862], [80.18950279484561, 13.124636790678547]]]}, "id": "+1225+4895", "properties": {"count": 298, "water": 1}}, {"type": "Feature", "geometry": {"geodesic": false, "type": "Polygon", "coordinates": [[[80.19050410524692, 13.0722877287086], [80.19050498950357, 13.072016475949674], [80.19059722265095, 13.072016764883802], [80.19059751736124, 13.071926347294498], [80.19068975047269, 13.071926636183711], [80.19069004515603, 13.071836218594408], [80.19078227824052, 13.07183650745667], [80.19078198359311, 13.071926925054957], [80.19087421670454, 13.071927213881287], [80.19087392209306, 13.072017631479573], [80.19115062156214, 13.0720184977789], [80.19115032704947, 13.072108915377187], [80.19124256024176, 13.072109204086736], [80.19124226575605, 13.072199621685023], [80.1910577992996, 13.072199044238975], [80.191057504751, 13.072289461837261], [80.19087303824065, 13.072288884256466], [80.19087274361121, 13.072379301854752], [80.19059604376484, 13.072378435232032], [80.19059633848413, 13.072288017642729], [80.19050410524692, 13.0722877287086]]]}, "id": "+1230+5477", "properties": {"count": 28, "water": 1}}, {"type": "Feature", "geometry": {"geodesic": false, "type": "Polygon", "coordinates": [[[80.19038277291865, 13.10944930223468], [80.1903842512312, 13.108997215608687], [80.19066099193294, 13.108998084845506], [80.19066128748766, 13.108907667516714], [80.19093802810855, 13.108908536439122], [80.19093773265266, 13.108998953776897], [80.19121447339033, 13.108999822420827], [80.19121388267617, 13.10918065710536], [80.19112163569473, 13.109180367587328], [80.19112074950671, 13.109451619609636], [80.19038277291865, 13.10944930223468]]]}, "id": "+1233+5067", "properties": {"count": 45, "water": 1}}, {"type": "Feature", "geometry": {"geodesic": false, "type": "MultiPolygon", "coordinates": [[[[80.19474160014236, 13.045446619872155], [80.19464937675967, 13.04544633299517], [80.19464966938588, 13.045355915127388], [80.19474189273264, 13.045356202004374], [80.19474160014236, 13.045446619872155]]], [[[80.19474160014236, 13.045446619872155], [80.19538716387507, 13.045448627103758], [80.19538745623178, 13.04535820921801], [80.19557190296122, 13.045358782415027], [80.19557219524607, 13.04526836452928], [80.19575664192162, 13.04526893759155], [80.19575634970863, 13.045359355477297], [80.19566412633493, 13.04535906896862], [80.19566383407704, 13.045449486854366], [80.19575605748668, 13.045449773372027], [80.1957557652647, 13.045540191257775], [80.19520242466317, 13.045538471648758], [80.19520213223458, 13.045628889525522], [80.19492546186194, 13.045628029271857], [80.19492575438933, 13.045537611404075], [80.19483353097071, 13.045537324589972], [80.1948332384074, 13.045627742457754], [80.19474101495284, 13.045627455607717], [80.19474160014236, 13.045446619872155]]], [[[80.19575634970863, 13.045359355477297], [80.19584857308234, 13.045359641959024], [80.19584828089631, 13.045450059853755], [80.19575605748668, 13.045449773372027], [80.19575634970863, 13.045359355477297]]]]}, "id": "+1283+5771", "properties": {"count": 22, "water": 1}}, {"type": "Feature", "geometry": {"geodesic": false, "type": "Polygon", "coordinates": [[[80.1952892057644, 13.104129985888726], [80.19528979326259, 13.10394915094368], [80.19538203839349, 13.10394943885373], [80.19538262581982, 13.103768603908685], [80.19547487087885, 13.103768891782801], [80.19547516455609, 13.103678474310279], [80.19556740958818, 13.103678762148462], [80.19556770322947, 13.103588344666957], [80.19593668325003, 13.103589495696296], [80.19593697675657, 13.103499078205807], [80.19621371169113, 13.103499941118487], [80.19621400508989, 13.103409523627999], [80.19658298490383, 13.103410673705124], [80.19658269163982, 13.103501091213579], [80.19667493662699, 13.10350137864752], [80.19667464338993, 13.103591796155975], [80.19676688842202, 13.103592083562967], [80.19676630201077, 13.103772918570893], [80.19685854711473, 13.103773205950937], [80.19685825394055, 13.103863623459391], [80.19695049907145, 13.103863910812484], [80.1969502059332, 13.103954328320938], [80.1972269414427, 13.103955190173606], [80.19722664840326, 13.104045607691043], [80.19741113881778, 13.104046182100786], [80.19741172477087, 13.10386534706591], [80.1975962150686, 13.103865921331922], [80.19759592215495, 13.103956338858342], [80.19787265771832, 13.103957200019307], [80.19787236491246, 13.104047617545728], [80.1980568553629, 13.104048191497329], [80.19805539163, 13.104500279147402], [80.19796314623859, 13.1044999921716], [80.1979625606628, 13.104680827224444], [80.19787031519952, 13.104680540221693], [80.197867972537, 13.105403880388147], [80.1977757268132, 13.105403593331499], [80.19777543393548, 13.105494010848936], [80.19768318817574, 13.105493723756355], [80.19768289526209, 13.105584141273793], [80.19629920863271, 13.105579830941464], [80.19629950204943, 13.105489413459958], [80.19593051917224, 13.105488262789946], [80.1959308127237, 13.105397845317423], [80.19556183000822, 13.105396694135369], [80.19556212369443, 13.105306276662848], [80.19537763241753, 13.105305700878683], [80.19538145095818, 13.104130273798775], [80.1952892057644, 13.104129985888726]], [[80.19593110626619, 13.1053074278449], [80.19593169336015, 13.105126592890873], [80.1960239389402, 13.105126880603292], [80.19602335191811, 13.10530771555732], [80.19593110626619, 13.1053074278449]], [[80.19685620166742, 13.104496545991626], [80.19685678804272, 13.1043157109837], [80.19704127864588, 13.104316285671919], [80.19704039927606, 13.104587538188301], [80.19694815387567, 13.104587250853175], [80.19694844703189, 13.104496833353702], [80.19685620166742, 13.104496545991626]], [[80.19731567036096, 13.105040487538327], [80.19731625642184, 13.104859652521418], [80.1975007474562, 13.10486022690421], [80.19750016153006, 13.105041061930102], [80.19731567036096, 13.105040487538327]], [[80.19759182123786, 13.105222184102477], [80.19759270004175, 13.104950931559145], [80.19777719115694, 13.104951505744308], [80.19777660542843, 13.105132340779184], [80.19768435980346, 13.105132053704569], [80.19768406689877, 13.105222471213024], [80.19759182123786, 13.105222184102477]], [[80.19667347043271, 13.103953466162846], [80.19667317718667, 13.104043883662317], [80.19658093199288, 13.10404359621041], [80.19658122527485, 13.103953178710938], [80.19667347043271, 13.103953466162846]], [[80.19667347043271, 13.103953466162846], [80.19667376367875, 13.103863048663374], [80.19676600880965, 13.103863336079348], [80.19676571559954, 13.10395375357882], [80.19667347043271, 13.103953466162846]]]}, "id": "+1294+5128", "properties": {"count": 533, "water": 1}}, {"type": "Feature", "geometry": {"geodesic": false, "type": "Polygon", "coordinates": [[[80.1966646721262, 13.10666599092242], [80.19666496543513, 13.106575573440914], [80.19684945771814, 13.106576148362697], [80.19684828473397, 13.106937818306685], [80.19694053101472, 13.10693810572266], [80.19693994457653, 13.107118940694654], [80.19675545188929, 13.107118365817788], [80.19675515859832, 13.107208783299294], [80.19666291222775, 13.10720849580247], [80.19666320554566, 13.107118078329947], [80.19657095921102, 13.107117790806175], [80.19657125256485, 13.10702737332467], [80.19666349887254, 13.107027660848441], [80.19666379219045, 13.106937243366936], [80.19638705337518, 13.10693638071477], [80.19638764020861, 13.106755545760741], [80.19629539400871, 13.10675525815612], [80.19629510056504, 13.106845675628643], [80.1962028543382, 13.106845387979105], [80.19620344129741, 13.10666455303406], [80.19611119513344, 13.106664265357574], [80.19611148864898, 13.106573847885052], [80.19638822703307, 13.106574710815696], [80.19638793362533, 13.106665128288219], [80.1966646721262, 13.10666599092242]], [[80.1966646721262, 13.10666599092242], [80.19675691829916, 13.106666278401278], [80.19675662501717, 13.106756695882783], [80.19666437881727, 13.106756408403925], [80.1966646721262, 13.10666599092242]], [[80.19684828473397, 13.106937818306685], [80.19684799148793, 13.10702823578819], [80.19675574518024, 13.107027948336283], [80.19675603846221, 13.106937530854777], [80.19684828473397, 13.106937818306685]]]}, "id": "+1297+5093", "properties": {"count": 29, "water": 1}}, {"type": "Feature", "geometry": {"geodesic": false, "type": "Polygon", "coordinates": [[[80.19620549559174, 13.106031630717421], [80.19620578905338, 13.105941213235916], [80.19629803494786, 13.105941500867486], [80.19629832837356, 13.10585108338598], [80.19703629531371, 13.105853383198871], [80.19703658846991, 13.1057629656994], [80.19731332600959, 13.105763827588], [80.19731303296118, 13.105854245087471], [80.19749752473216, 13.10585481951518], [80.19749781771769, 13.105764402006725], [80.1977745552933, 13.105765263392268], [80.19777426240657, 13.105855680900723], [80.19795875419551, 13.105856254996054], [80.19795846138067, 13.105946672513493], [80.19786621545026, 13.105946385483794], [80.1978659225905, 13.106036802992248], [80.19758918470946, 13.106035941687553], [80.19758947766805, 13.105945524188082], [80.19749723174662, 13.105945237014652], [80.19749693875211, 13.106035654523106], [80.19620549559174, 13.106031630717421]]]}, "id": "+1307+5102", "properties": {"count": 41, "water": 1}}, {"type": "Feature", "geometry": {"geodesic": false, "type": "MultiPolygon", "coordinates": [[[[80.20090988751151, 13.077473984923804], [80.20090930533134, 13.077654820479705], [80.20081706986632, 13.077654535111888], [80.20081677873131, 13.077744952889837], [80.20072454323035, 13.077744667477106], [80.2007248343923, 13.07765424970814], [80.20054036345326, 13.077653678801827], [80.20054007222843, 13.077744096570793], [80.20007889475956, 13.077742668716615], [80.20007918615507, 13.077652250947649], [80.20017142161112, 13.07765253658496], [80.2001717129707, 13.077562118824977], [80.2003561838199, 13.077562689991801], [80.2003558925232, 13.077653107760767], [80.20044812798824, 13.07765339329028], [80.200448419249, 13.077562975521314], [80.20081736098335, 13.077564117333939], [80.20081765210936, 13.07747369955599], [80.20090988751151, 13.077473984923804]]], [[[80.20275459610241, 13.07747968535412], [80.20275488651875, 13.077389267531254], [80.20284712192988, 13.077389552207368], [80.20284683154946, 13.077479970030234], [80.20275459610241, 13.07747968535412]]], [[[80.20247788976121, 13.07747883112815], [80.20238565431416, 13.077478546326272], [80.20238536376306, 13.077568964140156], [80.20109406731555, 13.077564973338573], [80.20109435833376, 13.077474555560624], [80.20090988751151, 13.077473984923804], [80.2009104696827, 13.077293149358923], [80.20127941106671, 13.077294290479845], [80.20127912011137, 13.07738470827576], [80.20137135549554, 13.077384993472897], [80.20137164641496, 13.077294575685965], [80.20155611712043, 13.077295145981422], [80.20155640796797, 13.077204728185507], [80.20192534927112, 13.077205868381164], [80.20192563998391, 13.077115450576265], [80.20201787527826, 13.07711573553984], [80.2020175846014, 13.077206153344738], [80.20229429061021, 13.077207008046816], [80.20229400003217, 13.077297425860698], [80.20247847078257, 13.077297995500386], [80.20247788976121, 13.07747883112815]], [[80.20192447713275, 13.077477121786877], [80.20192476784554, 13.077386703990962], [80.20201700324769, 13.077386988954537], [80.20201671256184, 13.077477406759435], [80.20192447713275, 13.077477121786877]]], [[[80.20247788976121, 13.07747883112815], [80.20275459610241, 13.07747968535412], [80.20275430568606, 13.077570103176985], [80.20247759923707, 13.077569248942032], [80.20247788976121, 13.07747883112815]]]]}, "id": "+1352+5419", "properties": {"count": 73, "water": 1}}, {"type": "Feature", "geometry": {"geodesic": false, "type": "Polygon", "coordinates": [[[80.20312266707279, 13.077752077347506], [80.20312324764498, 13.077571241692793], [80.20321548313696, 13.077571526243142], [80.20321577338262, 13.077481108411295], [80.20330800884766, 13.077481392916727], [80.2033074284192, 13.077662228589409], [80.203491899484, 13.077662797519427], [80.20349218963085, 13.077572379678596], [80.20339995412989, 13.077572095236043], [80.20340024431269, 13.077481677395213], [80.20358471525172, 13.077482246253366], [80.20358442513182, 13.077572664094198], [80.2039533671716, 13.07757380142423], [80.20395307718644, 13.077664219274045], [80.20422978384204, 13.077665071927962], [80.2042294939557, 13.077755489777777], [80.20432172954648, 13.077755773932868], [80.20432143968709, 13.077846191791666], [80.20450591094054, 13.077846760003032], [80.204505621153, 13.07793717786183], [80.20404444287566, 13.07793575706841], [80.20404473283386, 13.077845339218596], [80.20395249721612, 13.07784505496469], [80.20395220723097, 13.077935472805523], [80.20385997158627, 13.077935188515683], [80.20386026160736, 13.077844770674853], [80.20367579038985, 13.077844201996362], [80.20367608047381, 13.07775378415553], [80.20349160932817, 13.077753215351276], [80.20349131917233, 13.077843633192106], [80.20330684797278, 13.077843064253106], [80.20330713819149, 13.077752646421256], [80.20312266707279, 13.077752077347506]]]}, "id": "+1369+5415", "properties": {"count": 37, "water": 1}}, {"type": "Feature", "geometry": {"geodesic": false, "type": "Polygon", "coordinates": [[[80.20644915238422, 13.104707090495854], [80.20645031113908, 13.104345419644568], [80.20654255667422, 13.104345703566096], [80.20654284631802, 13.104255285851028], [80.20691182832384, 13.104256421222733], [80.20691124929675, 13.104437256670835], [80.20700349486783, 13.10443754043965], [80.20700146842127, 13.105070464508003], [80.20672473099837, 13.105069613075795], [80.20672502059725, 13.104979195360727], [80.20663277482855, 13.104978911484114], [80.20663335408919, 13.10479807605398], [80.20654110839236, 13.104797792150418], [80.20654139805411, 13.10470737443535], [80.20644915238422, 13.104707090495854]]]}, "id": "+1406+5119", "properties": {"count": 43, "water": 1}}, {"type": "Feature", "geometry": {"geodesic": false, "type": "MultiPolygon", "coordinates": [[[[80.19774576949867, 13.028999708329952], [80.19774547838163, 13.029090126377396], [80.19746882620886, 13.029089269905638], [80.19746911743368, 13.028998851867177], [80.1972846827237, 13.028998280727302], [80.19728497401142, 13.028907862688841], [80.19737719133047, 13.028908148272254], [80.19737777382505, 13.028727312186348], [80.19746999107225, 13.028727597733829], [80.19746969986538, 13.028818015781273], [80.19765413444063, 13.028818586777415], [80.19765355214368, 13.028999422872305], [80.19774576949867, 13.028999708329952]]], [[[80.20171314573128, 13.028379024885322], [80.20171343540203, 13.028288606748047], [80.20199008697293, 13.028289458629414], [80.2019903765269, 13.028199040483155], [80.20235924519227, 13.028200175863843], [80.20235953461149, 13.0281097577086], [80.20272840316908, 13.028110892559281], [80.20272869246253, 13.028020474395058], [80.20300534380885, 13.028021325180479], [80.20300563299452, 13.02793090700727], [80.203282284251, 13.02793175749625], [80.20328257333784, 13.027841339314058], [80.20346700745495, 13.027841906133036], [80.20346729646992, 13.027751487950844], [80.20383616459631, 13.027752621193542], [80.20383645347654, 13.027662203002368], [80.20429753851775, 13.027663618810138], [80.2042978272273, 13.027573200600997], [80.20466669516505, 13.027574332648934], [80.20466698373986, 13.027483914439793], [80.20503585158777, 13.027485045948742], [80.20503614001883, 13.027394627730619], [80.2052205738844, 13.027395193282972], [80.20522086225259, 13.027304775055864], [80.2054975129701, 13.027305623137359], [80.20549780123947, 13.02721520491025], [80.20586666875501, 13.027216335215456], [80.20586695688964, 13.027125916979367], [80.20632804116728, 13.027127329113027], [80.20632832912224, 13.027036910858971], [80.20678941329209, 13.027038322166181], [80.20678970108536, 13.02694790390314], [80.20706635150641, 13.026948750286818], [80.20706663919188, 13.026858332014795], [80.20725107275203, 13.026858896102896], [80.20725049750685, 13.027039732655924], [80.20734271435879, 13.027040014655059], [80.20734242677213, 13.02713043292708], [80.20743464365101, 13.027130714890282], [80.20743406853161, 13.027311551443312], [80.20734185157187, 13.027311269471127], [80.20734156397623, 13.02740168774315], [80.20660382816362, 13.027399430770915], [80.20660354029849, 13.02748984902497], [80.2060502383245, 13.02748815490116], [80.20604995025275, 13.027578573146233], [80.20512778014337, 13.027575746965502], [80.20512749173027, 13.027666165192608], [80.20466640659025, 13.027664750858076], [80.20466611801544, 13.0277551690762], [80.20420503275864, 13.027753753915217], [80.20420474401315, 13.027844172115374], [80.20411252693664, 13.027843888984362], [80.20411223815523, 13.027934307175537], [80.2037433697324, 13.027933174310133], [80.20374308081622, 13.028023592501308], [80.20346642941601, 13.028022742506403], [80.20346614040103, 13.028113160688594], [80.20328170607732, 13.028112593851649], [80.20328141699048, 13.028203012024857], [80.20300476542856, 13.028202161526895], [80.20300447623391, 13.02829257969112], [80.20272782459115, 13.028291728887732], [80.2027281138846, 13.028201310723507], [80.20254367953395, 13.02820074336554], [80.20254339016863, 13.028291161520782], [80.20263560737989, 13.028291445217732], [80.20263531805051, 13.028381863381957], [80.2024508835651, 13.028381295943142], [80.20245059417283, 13.028471714107367], [80.20189729058187, 13.02847001099142], [80.20189700098298, 13.028560429137679], [80.20152813183252, 13.028559293065287], [80.2015278420899, 13.028649711202563], [80.20134340746077, 13.028649142964248], [80.20134369726627, 13.028558724835955], [80.20125147999212, 13.028558440671882], [80.20125119015069, 13.028648858800175], [80.2011589728496, 13.028648574600167], [80.20115868297223, 13.02873899272846], [80.20060537896805, 13.028737286818751], [80.20060508888407, 13.028827704938061], [80.20032843681012, 13.028826851538541], [80.20032814663632, 13.028917269639884], [80.20005149448151, 13.02891641594392], [80.20005120419991, 13.029006834045264], [80.19995898678204, 13.029006549405082], [80.19995927709957, 13.02891613130374], [80.19986705971763, 13.028915846645592], [80.19986676937314, 13.029006264737951], [80.19977455196425, 13.029005980034889], [80.19977484234467, 13.02891556194253], [80.19940597286183, 13.028914422824851], [80.19940568234667, 13.029004840908227], [80.19885237798314, 13.029003131225595], [80.19885208727035, 13.029093549299988], [80.1987598698435, 13.0290932642376], [80.1987601606012, 13.029002846172189], [80.19866794321926, 13.029002561073867], [80.19866765243461, 13.029092979139278], [80.19829878278108, 13.029091838431581], [80.19829907370048, 13.02900142036617], [80.1980224215906, 13.029000564496283], [80.19802213057237, 13.029090982552711], [80.19792991317246, 13.029090697193878], [80.19793020422661, 13.02900027913745], [80.19774576949867, 13.028999708329952], [80.1977460606157, 13.028909290282508], [80.19783827794375, 13.028909575704223], [80.19783856902484, 13.028819157647796], [80.19793078632594, 13.028819443033578], [80.19793107737111, 13.028729024977151], [80.19820772917556, 13.02872988093687], [80.19820743822922, 13.028820298993297], [80.19903739405584, 13.028822865093789], [80.19903710341491, 13.028913283177165], [80.19931375549784, 13.02891413796009], [80.19931404603996, 13.028823719876714], [80.19959069804206, 13.028824574354212], [80.19959098848535, 13.028734156270835], [80.19977542309653, 13.02873472575781], [80.19977571347694, 13.028644307656467], [80.20051345174194, 13.028646584274858], [80.20051374185287, 13.028556166164531], [80.2006981763742, 13.028556734986752], [80.20069846640428, 13.028466316867442], [80.20115955258635, 13.028467738343583], [80.20115984245473, 13.02837732021529], [80.20171314573128, 13.028379024885322]], [[80.20171314573128, 13.028379024885322], [80.2018053629605, 13.028379308887699], [80.20180507332569, 13.028469727024975], [80.20171285606952, 13.02846944303158], [80.20171314573128, 13.028379024885322]]]]}, "id": "+1407+5975", "properties": {"count": 317, "water": 1}}, {"type": "Feature", "geometry": {"geodesic": false, "type": "Polygon", "coordinates": [[[80.2121880967456, 13.127510189314497], [80.21218982540066, 13.126967683239688], [80.21283560408226, 13.126969659003308], [80.21283589194739, 13.126879241306206], [80.21302040008567, 13.126879805511086], [80.2130206878879, 13.126789387805003], [80.2131129419301, 13.126789669858034], [80.21311265416378, 13.12688008756412], [80.21366617866843, 13.12688177918163], [80.21366589109975, 13.126972196896698], [80.21385039935481, 13.126972760508691], [80.21384953685535, 13.127244013662876], [80.21375728262451, 13.127243731870355], [80.21375699509176, 13.127334149585423], [80.21366474083398, 13.127333867747986], [80.2136644532563, 13.127424285463052], [80.2135721989626, 13.127424003598666], [80.21357076089457, 13.12787609213807], [80.21366301535896, 13.127876374011441], [80.2136627277723, 13.127966791717524], [80.21375498226365, 13.127967073563944], [80.21375440715323, 13.128147908985097], [80.21384666172543, 13.128148190795585], [80.21384637419267, 13.128238608510651], [80.21375411959352, 13.12823832669118], [80.21375354447412, 13.12841916210335], [80.21384579913614, 13.128419443922821], [80.21384522407062, 13.128600279343972], [80.21375296933674, 13.128599997515519], [80.21375210662168, 13.128871250624789], [80.21365985178898, 13.1288709687604], [80.21365956418435, 13.128961386466486], [80.21356730931572, 13.128961104566166], [80.21356615871757, 13.12932277535457], [80.21347390372317, 13.129322493409335], [80.2134736160377, 13.129412911106437], [80.21338136100736, 13.12941262912527], [80.21338164872877, 13.12932221143715], [80.21328939373436, 13.129321929429034], [80.2132896814917, 13.129231511740915], [80.21319742653323, 13.129231229696867], [80.21319771431752, 13.129140812008748], [80.21310545939498, 13.129140529937748], [80.21310632283766, 13.128869276873395], [80.21319857766139, 13.128869558944395], [80.21319886543668, 13.128779141247293], [80.21329112022447, 13.128779423273377], [80.2132916957032, 13.128598587888158], [80.21338395042812, 13.128598869878308], [80.213384525826, 13.128418034484106], [80.21347678048804, 13.128418316438324], [80.21347706815554, 13.128327898741222], [80.21338481352944, 13.128327616787004], [80.21338510122389, 13.128237199089904], [80.21329284663373, 13.128236917099754], [80.21329313436412, 13.128146499402652], [80.21320087980989, 13.128146217394535], [80.21320116756723, 13.128055799697433], [80.21301665853962, 13.1280552355734], [80.21301694635984, 13.1279648178763], [80.21292469188646, 13.127964535769369], [80.21292497974261, 13.12787411808125], [80.21264821642129, 13.127873271553842], [80.21264850437625, 13.127782853874708], [80.21255624997474, 13.127782571633029], [80.21255653795664, 13.12769215394491], [80.21246428359106, 13.127691871676282], [80.21246457160892, 13.127601453997148], [80.21228006294962, 13.127600889361075], [80.21228035103933, 13.12751047168194], [80.2121880967456, 13.127510189314497]]]}, "id": "+1474+4870", "properties": {"count": 244, "water": 1}}, {"type": "Feature", "geometry": {"geodesic": false, "type": "MultiPolygon", "coordinates": [[[[80.21091976476714, 13.149116316200818], [80.21101202710078, 13.149116599475558], [80.21101173805886, 13.14920701697503], [80.21091947568928, 13.14920673370029], [80.21091976476714, 13.149116316200818]]], [[[80.21091976476714, 13.149116316200818], [80.2108275024335, 13.149116032899126], [80.2108272133287, 13.149206450389615], [80.2107349509681, 13.149206167051991], [80.21073524010885, 13.14911574955252], [80.21064297777521, 13.149115466178962], [80.21064355611958, 13.148934631189002], [80.21055129386679, 13.148934347788497], [80.21055187226504, 13.148753512798535], [80.21045961007513, 13.148753229371081], [80.21046047776686, 13.148481976890631], [80.21036821568474, 13.148481693427243], [80.21036850494227, 13.148391275936754], [80.21027624289609, 13.148390992446418], [80.21027682147401, 13.14821015746544], [80.21018455949071, 13.148209873948154], [80.21018484881112, 13.148119456457666], [80.21009258687275, 13.148119172904446], [80.21009287622009, 13.148028755413957], [80.21000061431765, 13.148028471833788], [80.21000119307524, 13.147847636861794], [80.20990893124466, 13.147847353245693], [80.2099092206549, 13.147756935764187], [80.20963243526197, 13.14775608473622], [80.20963272477101, 13.147665667254714], [80.2091714159954, 13.147664248221993], [80.20917170567512, 13.147573830758454], [80.20898718224753, 13.147573262915396], [80.20898747199013, 13.147482845442873], [80.20889521031226, 13.147482561476428], [80.20889550008182, 13.14739214401289], [80.2088032384399, 13.147391860010513], [80.20880381805088, 13.147211025083434], [80.20871155648081, 13.147210741054108], [80.20871184632223, 13.147120323590569], [80.2086195847881, 13.147120039534293], [80.20861987465648, 13.147029622070754], [80.20843535165108, 13.147029053859386], [80.20843622144486, 13.146757801477753], [80.20834396005445, 13.146757517322662], [80.20834453997087, 13.146576682404566], [80.20825227865232, 13.146576398222527], [80.2082537285781, 13.146124310922797], [80.20816146742126, 13.14612402672279], [80.20816349747007, 13.145491104487], [80.20825575838437, 13.145491388678023], [80.20825691822618, 13.145129718805899], [80.20834917901472, 13.145130002952007], [80.208349468937, 13.145039585479484], [80.20844172968062, 13.14503986958966], [80.20844201956696, 13.144949452117137], [80.20853428029261, 13.14494973619138], [80.20853485998445, 13.144768901237352], [80.20862712064722, 13.144769185284645], [80.20862770026719, 13.144588350321634], [80.20871996084911, 13.14458863432401], [80.20872083016678, 13.144317381870511], [80.20881309065886, 13.144317665836956], [80.20881424957543, 13.143955995883985], [80.20890650993276, 13.143956279805513], [80.2089091170683, 13.143142522355182], [80.2090013771292, 13.143142806222812], [80.20900195639882, 13.142961971223869], [80.20909421638787, 13.142962255055567], [80.2090953747744, 13.142600585039713], [80.20900311492011, 13.142600301216998], [80.20900456301334, 13.14214821369269], [80.20918908238953, 13.142148781293203], [80.20919024056049, 13.1417871112504], [80.20928250011832, 13.141787394983282], [80.2092827896184, 13.141696977474828], [80.2093750491403, 13.14169726118076], [80.20937649646098, 13.141245173584586], [80.20946875582119, 13.141245457245605], [80.20946962407885, 13.140974204675324], [80.20956188334024, 13.140974488300408], [80.20956217272352, 13.140884070773987], [80.20974669117446, 13.140884637916358], [80.2097472697973, 13.14070380284555], [80.20983952895989, 13.140704086362836], [80.20984010751087, 13.140523251292027], [80.20974784841115, 13.140522967783724], [80.20974813772258, 13.14043255024832], [80.20984039677737, 13.140432833756623], [80.20984155384339, 13.140071163606022], [80.2099338127724, 13.140071447078393], [80.209934101994, 13.139981029534006], [80.21002636089608, 13.139981312970445], [80.21002693926738, 13.13980047788167], [80.21011919810658, 13.139800761282174], [80.2101194872563, 13.139710343737788], [80.21030400485384, 13.139710910431], [80.21030458301854, 13.13953007532426], [80.21039684175891, 13.139530358616968], [80.21039713080084, 13.139439941063598], [80.21048938950528, 13.139440224320373], [80.21048967851128, 13.139349806767003], [80.21058193718878, 13.139350089987845], [80.21058222615883, 13.13925967242549], [80.2108590020925, 13.13926052189039], [80.21085929096375, 13.139170104319053], [80.21104380820196, 13.139170670464294], [80.21104409700133, 13.139080252892958], [80.21113635558002, 13.139080535907187], [80.21113664434347, 13.138990118335851], [80.21132116145591, 13.138990684265497], [80.2113214501475, 13.138900266685177], [80.21150596720604, 13.138900832489059], [80.21150625582575, 13.138810414899755], [80.21169077282143, 13.138810980559906], [80.21169106136928, 13.138720562970603], [80.21178331984015, 13.138720845751271], [80.21178360836106, 13.138630428161967], [80.211875866796, 13.138630710906703], [80.211876155272, 13.138540293308417], [80.21206067207902, 13.13854085869009], [80.21206096049212, 13.138450441091804], [80.21215321886419, 13.138450723737725], [80.21215523745948, 13.137817800513787], [80.21224749559798, 13.13781808310581], [80.21224864890006, 13.137456412667747], [80.21215639088732, 13.137456130084708], [80.21215667924653, 13.13736571247744], [80.21224893721435, 13.137365995060478], [80.21224922552864, 13.137275577453208], [80.21215696759675, 13.13727529487017], [80.21216504053163, 13.13474360155221], [80.21207278354296, 13.13474331899612], [80.2120739368181, 13.134381648486194], [80.212166193672, 13.134381931042283], [80.21216705850708, 13.134110678148609], [80.21225931526219, 13.134110960659783], [80.2122601799715, 13.133839707757126], [80.21235243662778, 13.133839990223382], [80.21235358940883, 13.13347831966854], [80.21244584593038, 13.133478602098865], [80.21244671039713, 13.13320734916926], [80.21253896681986, 13.133207631563652], [80.21254011927752, 13.132845960972876], [80.21244786298057, 13.132845678587467], [80.21244901553703, 13.132484007996691], [80.21254127169027, 13.13248429037312], [80.21254242407606, 13.132122619755394], [80.21263468009454, 13.132122902095887], [80.21263496814832, 13.132032484434719], [80.21281948013139, 13.132033048998926], [80.21281976812229, 13.131942631337758], [80.21291202407788, 13.131942913570454], [80.21291231203284, 13.131852495909284], [80.21318907982779, 13.13185334240076], [80.21318879197163, 13.13194376007091], [80.21337330391876, 13.131944324230876], [80.21337272834121, 13.132125159580163], [80.21346498438665, 13.13212544161523], [80.21346383335731, 13.132487112304819], [80.2135560895285, 13.132487394312937], [80.21355493859798, 13.132849065002526], [80.2136471949129, 13.132849346992677], [80.21364661950602, 13.13303018233298], [80.21373887588383, 13.133030464296182], [80.21373801285438, 13.133301717306637], [80.21364575636876, 13.133301435343435], [80.21364345457958, 13.134024776686683], [80.21373571134367, 13.13402505866785], [80.21373484823336, 13.13429631166034], [80.21382710509626, 13.134296593614557], [80.21382595439032, 13.134658264277197], [80.21391821138796, 13.134658546204466], [80.21391763609786, 13.134839381535787], [80.21382537902835, 13.134839099599535], [80.21382480365742, 13.135019934930854], [80.21391706078981, 13.135020216858123], [80.21391447181821, 13.13583397580864], [80.21400672925603, 13.135834257726927], [80.21400298974916, 13.137009687250252], [80.21409524763614, 13.137009969168538], [80.21409380943338, 13.137462057429465], [80.21418606748205, 13.137462339311817], [80.21418491701864, 13.137824009920559], [80.21427717521105, 13.137824291784947], [80.21427660002875, 13.138005127089317], [80.21418434177347, 13.138004845215947], [80.21418347889673, 13.13827609816352], [80.21427573725083, 13.13827638003689], [80.21427516205057, 13.138457215332277], [80.21436742047653, 13.138457497178697], [80.21436684533916, 13.138638332474086], [80.21445910383699, 13.138638614293557], [80.21445881629525, 13.138729031945742], [80.21455107482902, 13.13872931372928], [80.21455021229363, 13.139000566676852], [80.21464247093519, 13.139000848442425], [80.21464218344735, 13.139091266085627], [80.21454992478782, 13.139090984329037], [80.21454877471069, 13.139452654919813], [80.21464103351396, 13.139452936685386], [80.21464045852929, 13.139633771980773], [80.21473271739544, 13.139634053719396], [80.21473041764543, 13.140357394891963], [80.2146381585008, 13.140357113135375], [80.21463729595644, 13.14062836606498], [80.21472955520885, 13.14062864782157], [80.21472926772101, 13.140719065464772], [80.21463700844164, 13.1407187836992], [80.21463643339409, 13.14089961897662], [80.21454417405185, 13.140899337175117], [80.21454388649214, 13.140989754809336], [80.21463614587033, 13.140990036610841], [80.21463499574828, 13.1413517071567], [80.21472725526121, 13.141351988940238], [80.21472581773217, 13.141804077111333], [80.21463355804858, 13.141803795327794], [80.21463240784568, 13.142165465846706], [80.21472466766403, 13.142165747639227], [80.21472438014027, 13.142256165273446], [80.21463212029495, 13.142255883471941], [80.21463183273525, 13.14234630110616], [80.21472409261649, 13.142346582907665], [80.21472351756894, 13.142527418158137], [80.21463125761584, 13.142527136356632], [80.21462953219472, 13.143069642108047], [80.21472179235444, 13.143069923918535], [80.21471719139915, 13.144516605832479], [80.21480945209785, 13.14451688765195], [80.21480427597824, 13.1461444046367], [80.2148965372878, 13.146144686456172], [80.21489366169972, 13.147048862492936], [80.2148014000578, 13.147048580655499], [80.21480111245317, 13.147138998253785], [80.2147088507753, 13.147138716380415], [80.21470856313475, 13.147229133978701], [80.21452403971612, 13.147228570124165], [80.21452375200371, 13.147318987713467], [80.21443149026295, 13.147318705741283], [80.21443033926955, 13.147680376089513], [80.21424581552753, 13.14767981201938], [80.21424552770732, 13.1477702295997], [80.21415326580488, 13.147769947510735], [80.21415297794873, 13.147860365091054], [80.21387619215156, 13.147859518635512], [80.21387561622366, 13.148040353778185], [80.21378335423138, 13.148040071554473], [80.2137830662315, 13.148130489116827], [80.21359854218406, 13.148129924570586], [80.21359883024682, 13.14803950699925], [80.21341430627125, 13.148038942318262], [80.21341459440588, 13.147948524755908], [80.21323007051114, 13.147947959949157], [80.21323035870866, 13.147857542395785], [80.21332262062009, 13.147857824808145], [80.21332290878166, 13.147767407254774], [80.21341517066615, 13.1477676896312], [80.21341545879179, 13.147677272068847], [80.21359998249787, 13.147677836731868], [80.21360027055165, 13.147587419169515], [80.21369253237324, 13.147587701447126], [80.2136928203911, 13.147497283875788], [80.2138773439804, 13.147497848332197], [80.2138790716473, 13.146955342877225], [80.21378681005926, 13.146955060671479], [80.21378709803218, 13.14686464309116], [80.21369483648009, 13.146864360867447], [80.21369541247985, 13.146683525715789], [80.2136031509996, 13.14668324344716], [80.21360343902644, 13.146592825875825], [80.21351117758213, 13.146592543580246], [80.2135114656449, 13.146502126008908], [80.21341920423652, 13.146501843686382], [80.21341949233522, 13.146411426115044], [80.2133272309538, 13.146411143756584], [80.21332809533072, 13.146139891042573], [80.21314357279246, 13.146139326253788], [80.21314386098098, 13.14604890868245], [80.2130515997433, 13.146048626234158], [80.21305188796775, 13.145958208671805], [80.21249832081108, 13.145956513317302], [80.212498032389, 13.146046930870673], [80.21231350994954, 13.146046365480016], [80.21231322145559, 13.146136783033388], [80.21212869896223, 13.146136217507983], [80.2121284104054, 13.14622663505237], [80.21203614912278, 13.146226352244753], [80.21203586052104, 13.14631676978914], [80.21194359921148, 13.146316486936607], [80.21194302194509, 13.1464973220164], [80.21175849920022, 13.146496756212517], [80.21175821049066, 13.146587173747921], [80.21166594908229, 13.146586890796573], [80.2116653716003, 13.1467677258584], [80.21157311012905, 13.146767442871118], [80.21157166620401, 13.147219530512208], [80.21166392784595, 13.147219813517454], [80.21166335032804, 13.147400648570297], [80.21175561204184, 13.147400931539611], [80.21175503457782, 13.147581766601437], [80.2118472963545, 13.147582049543802], [80.21184700766293, 13.147672467070223], [80.21203153128815, 13.147673032865121], [80.21203095402177, 13.147853867926948], [80.21212321590625, 13.147854150779482], [80.21212263870275, 13.14803498585029], [80.21221490065909, 13.148035268666892], [80.2122143235005, 13.148216103737699], [80.21249110958514, 13.14821695200784], [80.21249082110916, 13.148307369552226], [80.2125830831733, 13.148307652243064], [80.21258279473324, 13.14839806978745], [80.21267505683332, 13.148398352451338], [80.21267448000711, 13.14857918753113], [80.21276674217904, 13.148579470168068], [80.21276616540673, 13.14876030524786], [80.21285842764156, 13.148760587857849], [80.21285756257292, 13.149031840482028], [80.2127653002303, 13.14903155787204], [80.21276472344003, 13.149212392951831], [80.21258019862901, 13.149211827624057], [80.21257991016202, 13.149302245159461], [80.21248764772058, 13.149301962441674], [80.2124870707147, 13.1494827975035], [80.21184123323837, 13.149480817535766], [80.21184152198386, 13.149390400018328], [80.21174925952445, 13.14939011704003], [80.2117495482969, 13.149299699522592], [80.21147276105343, 13.149298850381086], [80.21147362766716, 13.14902759784674], [80.2113813653515, 13.149027314742677], [80.21138194314788, 13.148846479716784], [80.21101289419961, 13.14884534696816], [80.21101231613372, 13.149026181976087], [80.21092005383602, 13.149025898701344], [80.21091976476714, 13.149116316200818]], [[80.20973540628634, 13.144410921150342], [80.20973685324768, 13.143958833608067], [80.20982911363197, 13.14395911719722], [80.20982940297932, 13.143868699688765], [80.21001392367604, 13.143869266768254], [80.21001421296052, 13.143778849250817], [80.21019873360335, 13.143779416186575], [80.21019902281596, 13.143688998669138], [80.21038354339589, 13.143689565470149], [80.21038383253664, 13.143599147943728], [80.21056835305369, 13.143599714618976], [80.21056864213155, 13.14350929708357], [80.21075316259471, 13.143509863615089], [80.21075345160071, 13.143419446079683], [80.21103023220562, 13.14342029562543], [80.21103052110381, 13.143329878081044], [80.21139956181453, 13.143331010335594], [80.2113992730421, 13.143421427888965], [80.2114915332647, 13.143421710876245], [80.2114909557917, 13.143602545974003], [80.21158321607719, 13.143602828925351], [80.21158292736763, 13.143693246478723], [80.21167518768905, 13.143693529403121], [80.21167461034182, 13.143874364509863], [80.21176687073509, 13.143874647398329], [80.21176629345074, 13.144055482514053], [80.2118585539069, 13.14405576537557], [80.21185797667644, 13.144236600482312], [80.21195023720448, 13.144236883316879], [80.21194937144413, 13.144508135985975], [80.21204163207996, 13.144508418793592], [80.21204105496628, 13.144689253900333], [80.21213331566499, 13.144689536681001], [80.21213302714409, 13.144779954243354], [80.21204076640046, 13.144779671453703], [80.212039900703, 13.145050924113816], [80.21194763986956, 13.145050641297214], [80.21194735126781, 13.145141058850585], [80.21185509039842, 13.145140775989068], [80.21185480175176, 13.14523119354244], [80.21176254085542, 13.14523091064499], [80.2117622521818, 13.145321328189377], [80.21157773031727, 13.145320762304648], [80.21157744157179, 13.145411179849035], [80.21139291965336, 13.145410613829558], [80.21139263083602, 13.145501031364962], [80.21120810886369, 13.145500465201755], [80.21120781997446, 13.145590882737158], [80.21111555895237, 13.145590599606148], [80.2111152700362, 13.145681017132569], [80.21093074793812, 13.145680450771732], [80.2109304589411, 13.14577086828917], [80.21046915356112, 13.145769451789697], [80.21046944271983, 13.145679034281242], [80.21037718168874, 13.145678750880736], [80.2103774708744, 13.145588333372281], [80.21028520987926, 13.145588049944827], [80.21028607753503, 13.145316797410478], [80.21019381663871, 13.145316513956073], [80.21019410589622, 13.145226096438636], [80.21010184502684, 13.145225812957282], [80.21010242359579, 13.14504497794037], [80.21001016279827, 13.145044694423085], [80.2100107414211, 13.144863859406174], [80.20991848070443, 13.144863575861939], [80.20991934871954, 13.144592323336573], [80.20982708810169, 13.144592039765389], [80.20982766683233, 13.144411204748478], [80.20973540628634, 13.144410921150342]], [[80.21039048224365, 13.141519544674342], [80.21039337305818, 13.140615369230467], [80.21122370544059, 13.140617917598215], [80.21122399420405, 13.14052750003586], [80.21140851247532, 13.14052806597449], [80.21140822377474, 13.140618483536844], [80.21150048293734, 13.140618766461243], [80.21150077161094, 13.140528348889905], [80.21168528988223, 13.140528914621921], [80.21168500128945, 13.140619332202242], [80.21177726046102, 13.140619615018842], [80.21177379752747, 13.141704625910819], [80.21168153795165, 13.14170434306727], [80.21168096069425, 13.14188517820096], [80.21149644140789, 13.141884612397078], [80.21149615270733, 13.141975029959433], [80.21121937369243, 13.141974181015556], [80.21121966249181, 13.141883763453203], [80.21112740285312, 13.141883480412023], [80.21112711402678, 13.141973897965393], [80.21085033502986, 13.141973048617276], [80.21085062396399, 13.141882631063904], [80.21057384509282, 13.141881781428326], [80.21057413412576, 13.141791363883938], [80.21048187454097, 13.141791080609195], [80.21048274172065, 13.141519827976033], [80.21039048224365, 13.141519544674342]], [[80.2143654074508, 13.139090420708063], [80.21436598261512, 13.138909585412675], [80.21445824121177, 13.138909867241129], [80.2144576661193, 13.139090702536517], [80.2143654074508, 13.139090420708063]]]]}, "id": "+1475+4814", "properties": {"count": 6688, "water": 1}}, {"type": "Feature", "geometry": {"geodesic": false, "type": "MultiPolygon", "coordinates": [[[[80.21113562643546, 13.023253976801339], [80.21113534030408, 13.023344395190144], [80.21104312473675, 13.02334411461933], [80.21104341090405, 13.023253696230526], [80.21113562643546, 13.023253976801339]]], [[[80.21141141495895, 13.02352607348256], [80.21140912660856, 13.024249420566042], [80.21131691069087, 13.024249140076078], [80.21131633851793, 13.02442997683572], [80.21122412254634, 13.024429696300839], [80.21122383642394, 13.02452011468066], [80.21113162041642, 13.02451983411883], [80.2111313342581, 13.024610252489667], [80.21103911821464, 13.024609971891906], [80.21103797341961, 13.024971645375256], [80.2109457572504, 13.024971364732579], [80.21094547101121, 13.025061783103416], [80.21085325481505, 13.025061502424805], [80.21085268226481, 13.025242339157497], [80.21076046599678, 13.025242058442954], [80.21076017968574, 13.02533247680481], [80.21066796339076, 13.025332196054332], [80.2106673906968, 13.025513032778042], [80.21057517433894, 13.025512751991634], [80.21057488794705, 13.025603170344505], [80.21039045516844, 13.025602608672873], [80.21038988225888, 13.025783445378616], [80.2102976658022, 13.02578316448441], [80.2102973793115, 13.025873582837281], [80.21011294634424, 13.025873020959038], [80.21011265978167, 13.025963439302926], [80.21002044327109, 13.025963158309905], [80.21002015667258, 13.026053576653792], [80.20992794012608, 13.02605329562484], [80.20992765350061, 13.026143713959744], [80.20983543691817, 13.026143432903842], [80.2098351502478, 13.026233851238747], [80.209650717038, 13.02623328901016], [80.20965014356251, 13.026414125670986], [80.20946571022695, 13.026413563307653], [80.20946542341284, 13.026503981633574], [80.20937320671362, 13.026503700406991], [80.20937291987256, 13.02659411872393], [80.20918848641125, 13.026593556162966], [80.20918819949833, 13.026683974479905], [80.20909598273622, 13.026683693145523], [80.20909569578737, 13.026774111453479], [80.20900347899831, 13.026773830083167], [80.20900319201353, 13.026864248400106], [80.20872654155654, 13.026863404091536], [80.20872625446395, 13.026953822390508], [80.20854182076907, 13.026953259353437], [80.20854153361361, 13.02704367765241], [80.20798823237624, 13.027041987723731], [80.20798909443552, 13.026770732853764], [80.2078968776734, 13.026770451097175], [80.20789716505345, 13.026680032807185], [80.20808159852376, 13.026680596293414], [80.20808188583193, 13.026590178003424], [80.20817410254014, 13.02659045969713], [80.20817381525892, 13.02668087798712], [80.20826603199407, 13.026681159653878], [80.20826631923936, 13.026590741354905], [80.20835853594757, 13.02659102298573], [80.20835824873821, 13.026681441284703], [80.20854268222648, 13.026682004447537], [80.20854296937296, 13.026591586139581], [80.20881961951554, 13.026592430627813], [80.2088199065632, 13.026502012319858], [80.20891212325344, 13.026502293753055], [80.20891241025619, 13.026411875436116], [80.2090046269105, 13.026412156833379], [80.20900520086211, 13.0262313201995], [80.20909741744454, 13.02623160156083], [80.20909770438442, 13.026141183234909], [80.2091899209399, 13.026141464560306], [80.20919020784383, 13.026051046243367], [80.20937464090092, 13.026051608786364], [80.209374927733, 13.025961190460443], [80.20955936073618, 13.02596175285971], [80.20955964749638, 13.025871334533788], [80.20965186396204, 13.025871615688505], [80.20965215068631, 13.0257811973536], [80.20974436712503, 13.025781478472386], [80.20974465382236, 13.025691060137481], [80.20992908663689, 13.025691622267253], [80.20992937326234, 13.025601203923365], [80.21002158963817, 13.025601484943335], [80.21002187621872, 13.025511066599448], [80.2101140925676, 13.025511347583485], [80.21011437912118, 13.025420929230613], [80.21020659543413, 13.025421210178719], [80.21020716846047, 13.025240373481958], [80.21029938471054, 13.025240654394132], [80.21029967119226, 13.02515023604126], [80.21039188740639, 13.025150516908518], [80.210392460289, 13.024969680202775], [80.21048467644025, 13.024969961043082], [80.210485249251, 13.024789124319373], [80.21057746533936, 13.024789405123748], [80.2105777517043, 13.024698986761893], [80.21066996776572, 13.024699267530336], [80.21067054042375, 13.024518430797643], [80.2107627564133, 13.024518711530153], [80.21076304270638, 13.024428293159314], [80.21085525866899, 13.024428573855891], [80.21085554492613, 13.024338155485054], [80.21076332899946, 13.02433787479746], [80.21076361528355, 13.024247456426624], [80.21094804708301, 13.02424801777486], [80.21094833330422, 13.02415759939504], [80.211040549168, 13.024157880019752], [80.21104083535329, 13.024067461648913], [80.21094861951644, 13.024067181024202], [80.21094919194091, 13.023886344273544], [80.21104140771487, 13.023886624889272], [80.21104226623478, 13.023615369758794], [80.2112266975761, 13.023615930882452], [80.21122641147166, 13.023706349262273], [80.21131862717375, 13.023706629779186], [80.21131919931973, 13.023525793001578], [80.21141141495895, 13.02352607348256]]], [[[80.21290170863365, 13.018828797953596], [80.21290199401943, 13.01873837950191], [80.2129942079249, 13.018738659309154], [80.21299449327473, 13.018648240857468], [80.21308670715325, 13.018648520637765], [80.21308642183035, 13.01873893908945], [80.21327084965924, 13.018739498551225], [80.21327113491027, 13.018649080090556], [80.21336334878879, 13.018649359772038], [80.21336363400388, 13.018558941311367], [80.21354806170702, 13.018559500566532], [80.21354863199349, 13.018378663627226], [80.21410191475252, 13.018380340593216], [80.2141016298069, 13.018470759071851], [80.2141938436405, 13.018471038456887], [80.21419412855917, 13.01838061996927], [80.21428634235683, 13.018380899318373], [80.21428577260036, 13.018561736284628], [80.21419355873083, 13.018561456935524], [80.21419327381217, 13.018651875423142], [80.21400884601921, 13.018651316617136], [80.2140094159823, 13.018470479659864], [80.21382498832409, 13.018469920728096], [80.21382441822627, 13.018650757685366], [80.21363999044229, 13.018650198618849], [80.21363942020972, 13.018831035558154], [80.21290170863365, 13.018828797953596]]], [[[80.21122841416677, 13.023073420567595], [80.21122784197587, 13.023254257345203], [80.21113562643546, 13.023253976801339], [80.21113619868926, 13.023073140032714], [80.21122841416677, 13.023073420567595]]], [[[80.21290170863365, 13.018828797953596], [80.21290142323888, 13.018919216405282], [80.21280920927053, 13.01891893655312], [80.21280863841812, 13.019099773456494], [80.21290085245833, 13.019100053308653], [80.21289999625607, 13.019371308663711], [80.21280778212602, 13.019371028802569], [80.21280721124667, 13.019551865696958], [80.21262278284286, 13.019551305866871], [80.21262221182874, 13.019732142752277], [80.21252999756396, 13.019731862783336], [80.21252971201648, 13.019822281217056], [80.21243749772474, 13.019822001221165], [80.21243692655791, 13.020002838088605], [80.21234471219431, 13.020002558056781], [80.21234414095562, 13.020183394915238], [80.21225192652913, 13.020183114838497], [80.21225164087386, 13.020273533272217], [80.21215942642043, 13.020273253159546], [80.21215914072921, 13.020363671584281], [80.21206692623986, 13.020363391444661], [80.2120657833223, 13.020725065134624], [80.21188135408306, 13.020724504729618], [80.21187963923511, 13.021267015224137], [80.21178742441337, 13.021266734967735], [80.21178628101073, 13.0216284086038], [80.21169406606322, 13.021628128302481], [80.2116926365831, 13.022080220336331], [80.21160042147389, 13.022079939981115], [80.21159956365466, 13.022351195192442], [80.21150734844664, 13.022350914801292], [80.21150706246797, 13.02244133319908], [80.21159927772091, 13.02244161359023], [80.21159670414643, 13.023255379161329], [80.21150448859704, 13.023255098752214], [80.21150420260041, 13.02334551715], [80.21159641817674, 13.023345797550133], [80.21159613221603, 13.023436215947921], [80.21150391660377, 13.023435935538805], [80.21150363059816, 13.02352635392761], [80.21141141495895, 13.02352607348256], [80.2114128451128, 13.023073981538541], [80.21122841416677, 13.023073420567595], [80.21122927242617, 13.022802165401183], [80.21132148779589, 13.022802445900131], [80.21132434821142, 13.021898261958192], [80.21123213317408, 13.021897981477212], [80.21123413556376, 13.021265052701684], [80.21132635036754, 13.021265333155718], [80.21132692239675, 13.02108449635116], [80.21141913712866, 13.021084776778242], [80.21141999505568, 13.020813521557931], [80.21151220969776, 13.020813801940097], [80.21151249563152, 13.020723383533328], [80.21160471023767, 13.020723663879561], [80.21160585382896, 13.020361990225531], [80.21169806830933, 13.020362270535832], [80.21169864002414, 13.020181433704325], [80.21179085443265, 13.020181713978694], [80.21179114025861, 13.020091295553957], [80.21188335464018, 13.020091575792394], [80.21188278306013, 13.020272412632883], [80.21197499751356, 13.02027269284437], [80.21197528326765, 13.020182274419634], [80.21206749768515, 13.020182554595188], [80.21206806913045, 13.020001717745714], [80.21188364042122, 13.020001157367657], [80.21188392621124, 13.01991073894292], [80.21197614052095, 13.019911019145423], [80.21197642627504, 13.019820600720687], [80.21216085484953, 13.019821161017896], [80.21216171187824, 13.01954990572572], [80.21225392606217, 13.019550185820426], [80.21225421169949, 13.019459767386707], [80.21234642586546, 13.01946004744548], [80.21234671146685, 13.019369629002776], [80.21253113971794, 13.019370189021508], [80.21253142525644, 13.019279770578805], [80.21262363935054, 13.019280050538763], [80.21262478133384, 13.018918376758968], [80.21271699530219, 13.018918656674012], [80.21271728075985, 13.018828238222326], [80.21290170863365, 13.018828797953596]], [[80.21280778212602, 13.019371028802569], [80.212715567987, 13.019370748905493], [80.21271585345363, 13.01928033046279], [80.21280806755672, 13.019280610350883], [80.21280778212602, 13.019371028802569]], [[80.21188163988207, 13.020634086313864], [80.21188249727011, 13.02036283105762], [80.21197471175049, 13.020363111269107], [80.21197385447024, 13.020634366534333], [80.21188163988207, 13.020634086313864]]]]}, "id": "+1483+6069", "properties": {"count": 476, "water": 1}}, {"type": "Feature", "geometry": {"geodesic": false, "type": "MultiPolygon", "coordinates": [[[[80.2128532369333, 13.150388103549027], [80.21276097407865, 13.150387820903106], [80.21276126250073, 13.150297403376685], [80.21285352531946, 13.150297686013623], [80.2128532369333, 13.150388103549027]]], [[[80.21652997223889, 13.154739426705001], [80.21662223680035, 13.154739708084296], [80.21662194968981, 13.154830125664617], [80.21652968509241, 13.15482984428532], [80.21652997223889, 13.154739426705001]]], [[[80.2128532369333, 13.150388103549027], [80.21294549977898, 13.150388386150032], [80.21294607649739, 13.150207551088206], [80.21313060207197, 13.150208116191402], [80.21313089035033, 13.150117698655997], [80.21322315311515, 13.150117981158187], [80.21322401785142, 13.149846728525025], [80.21368533116352, 13.149848140505972], [80.21368590730701, 13.14966730539923], [80.21377816991014, 13.14966758769481], [80.21377845794596, 13.149577170132455], [80.21387072051316, 13.1495774523921], [80.21387100851304, 13.149487034829747], [80.21396327105329, 13.14948731705346], [80.21396355901723, 13.149396899491105], [80.21424034653917, 13.149397745955632], [80.21424005867404, 13.149488163526968], [80.21433232122327, 13.149488445615933], [80.21433203339407, 13.149578863187271], [80.21442429597026, 13.149579145249287], [80.21442458377251, 13.14948872767795], [80.21460910887097, 13.149489291694184], [80.21460939660136, 13.149398874113864], [80.21470165912365, 13.149399156077065], [80.2147019468181, 13.149308738496746], [80.21479420930444, 13.14930902041503], [80.21479449696297, 13.149218602834711], [80.2149790218728, 13.149219166572466], [80.21497873428613, 13.14930958416177], [80.21525552178113, 13.149310429530352], [80.21525494680544, 13.149491264708958], [80.21534720937264, 13.149491546438599], [80.21534577205023, 13.149943634394097], [80.21543803478811, 13.149943916096788], [80.21543659759145, 13.150396004052288], [80.2155288605, 13.150396285728029], [80.2155277108361, 13.150757956085242], [80.21561997387941, 13.150758237743014], [80.21561882431433, 13.15111990810023], [80.21571108750136, 13.151120189731053], [80.21570993803509, 13.151481860079283], [80.21580220135688, 13.151482141692142], [80.21580105199841, 13.151843812040372], [80.21589331545493, 13.151844093617298], [80.21589159155198, 13.15238659913515], [80.21598385521511, 13.152386880694111], [80.21598241873711, 13.15283896862266], [80.21607468257093, 13.15283925015467], [80.2160738207542, 13.153110502913597], [80.21616608469583, 13.153110784418658], [80.21616493571464, 13.153472454757905], [80.2162571998, 13.153472736245], [80.21625547646298, 13.154015241735904], [80.21634774075494, 13.154015523205032], [80.21634716635418, 13.154196358365672], [80.21643943070903, 13.154196639798867], [80.21643914354458, 13.15428705738817], [80.21653140793536, 13.154287338785434], [80.21652997223889, 13.154739426705001], [80.21643770768641, 13.15473914528977], [80.21643799485985, 13.154648727709452], [80.21625346581777, 13.154648164789162], [80.21625375306307, 13.154557747217824], [80.21616148857348, 13.15455746570378], [80.21616177584572, 13.154467048132444], [80.21606951140105, 13.154466766591451], [80.21606979870921, 13.154376349020113], [80.21597753429148, 13.154376067452171], [80.2159778216356, 13.15428564987185], [80.2158855572538, 13.154285368276959], [80.21588584462486, 13.154194950705621], [80.2157013159511, 13.15419438740804], [80.21570160338504, 13.154103969836703], [80.2156093390751, 13.154103688142996], [80.21560962654497, 13.154013270571658], [80.21551736227997, 13.154012988851003], [80.21551764977679, 13.153922571279665], [80.2154253855477, 13.153922289523077], [80.21542567307148, 13.153831871960723], [80.21533340887832, 13.1538315901682], [80.21533369643804, 13.153741172605848], [80.21524143228082, 13.153740890786377], [80.21524171987646, 13.153650473224022], [80.21505719163389, 13.153649909486266], [80.2150574792924, 13.153559491923913], [80.21496521520704, 13.15355921001461], [80.2149655029015, 13.153468792452257], [80.21487323885208, 13.153468510507022], [80.21487352657348, 13.15337809295365], [80.21478126256, 13.153377810972483], [80.21478155030835, 13.153287393419111], [80.2146892863308, 13.153287111410995], [80.21468957411508, 13.153196693857623], [80.21450504624082, 13.153196129742575], [80.21450533408799, 13.153105712198187], [80.21441307019127, 13.153105430091255], [80.21441335807438, 13.153015012537885], [80.21432109420462, 13.153014730404003], [80.21432138211466, 13.152924312859616], [80.21422911828982, 13.152924030689801], [80.2142294062358, 13.152833613145415], [80.21413714243792, 13.152833330948651], [80.21413743041084, 13.152742913404264], [80.21404516665787, 13.152742631171568], [80.21404545466673, 13.152652213636163], [80.21386092722366, 13.15265164908094], [80.21386121529541, 13.152561231536552], [80.2137689516143, 13.152560949214024], [80.21376923971299, 13.15247053167862], [80.21367697606782, 13.15247024932016], [80.21367726420245, 13.152379831784756], [80.2135850005932, 13.152379549399347], [80.21358528876375, 13.152289131863942], [80.21349302518145, 13.1522888494426], [80.21349331338794, 13.152198431907195], [80.21330878630421, 13.15219786697468], [80.21330907457357, 13.152107449448259], [80.21321681107213, 13.152107166937085], [80.21321709936845, 13.15201674940168], [80.21312483590295, 13.152016466863557], [80.21312512422621, 13.151926049337137], [80.21303286079663, 13.151925766754097], [80.21303314915583, 13.151835349227676], [80.21294088576218, 13.15183506662667], [80.21294117415732, 13.15174464910025], [80.21275664744189, 13.15174408379044], [80.2127569358999, 13.151653666273003], [80.21266467257813, 13.1516533835642], [80.21266496107208, 13.151562966046761], [80.21257269778623, 13.15156268331101], [80.21257298630714, 13.15147226579357], [80.21248072305721, 13.15147198303087], [80.21248101160506, 13.15138156551343], [80.21238874840006, 13.151381282714796], [80.21238903698385, 13.151290865206342], [80.21229677380579, 13.151290582371775], [80.21229706241652, 13.151200164863319], [80.21211253614126, 13.151199599113337], [80.21211282482386, 13.151109181604882], [80.21220508793006, 13.151109464493349], [80.21220537657672, 13.15101904697591], [80.21229763964698, 13.151019329828443], [80.21229792825771, 13.150928912311006], [80.21239019129203, 13.15092919513659], [80.21239076844164, 13.150748360092729], [80.21248303141309, 13.150748642873397], [80.21248331995194, 13.15065822535596], [80.21266784584094, 13.1506587908095], [80.21266813430793, 13.150568373283077], [80.21276039722548, 13.150568655964932], [80.21276068565655, 13.15047823843851], [80.21285294853817, 13.150478521075447], [80.2128532369333, 13.150388103549027]]]]}, "id": "+1495+4622", "properties": {"count": 1291, "water": 1}}, {"type": "Feature", "geometry": {"geodesic": false, "type": "Polygon", "coordinates": [[[80.2154018608174, 13.103197374094869], [80.21540329274093, 13.102745284495452], [80.2156800281516, 13.102746126468402], [80.21568031442672, 13.102655708537739], [80.21604929486048, 13.102656830695224], [80.21604958100086, 13.102566412764562], [80.21641856133581, 13.102567534392042], [80.21641884734143, 13.102477116443414], [80.21678782757758, 13.102478237531905], [80.21678811344844, 13.102387819574291], [80.21715709358577, 13.102388940132776], [80.21715737931291, 13.102298522166182], [80.21752635935142, 13.102299642185677], [80.21752664494382, 13.1022092242101], [80.2179878698617, 13.102210623479884], [80.2179881552924, 13.102120205504306], [80.21817264520386, 13.102120764975064], [80.21817293056269, 13.102030346990503], [80.21854191028679, 13.102031465527778], [80.2185421955019, 13.101941047534233], [80.21900342004248, 13.101942444953488], [80.2190037050869, 13.101852026950962], [80.21918819484566, 13.101852585685101], [80.21918733990104, 13.102123839719635], [80.2192795848882, 13.10212411904179], [80.21927873002443, 13.102395373067342], [80.21937097511041, 13.102395652362546], [80.21936983539985, 13.10275732439961], [80.21946208062957, 13.102757603676848], [80.21946094100883, 13.103119275704927], [80.21955318637329, 13.103119554955217], [80.21955204686036, 13.10348122699228], [80.21964429235956, 13.103481506206636], [80.21964258323388, 13.104024014248756], [80.21945809183123, 13.104023455748177], [80.21945780690358, 13.104113873750705], [80.21899657827565, 13.104112476915354], [80.21899629316835, 13.104202894899917], [80.21835057294912, 13.104200937929054], [80.21835028760825, 13.104291355904632], [80.21825804183955, 13.104291076205186], [80.21825775646275, 13.10438149417178], [80.2177965274665, 13.104380095162506], [80.21779624191903, 13.10447051312012], [80.21751950445122, 13.10446967331211], [80.21751921880492, 13.104560091269722], [80.21724248124728, 13.104559251156285], [80.2172421954932, 13.104649669104916], [80.2169654578637, 13.10464882868605], [80.21696517201079, 13.104739246625698], [80.21650394249352, 13.104737845262838], [80.21650365646096, 13.1048282631935], [80.21613467275732, 13.104827141503138], [80.21613438659, 13.104917559424818], [80.21585764873592, 13.104916717802212], [80.21585850750736, 13.104645464055137], [80.21576626166679, 13.104645183448392], [80.21576740681216, 13.104283511779638], [80.21567516109737, 13.104283231154927], [80.2156760200305, 13.104011977398871], [80.2155837744235, 13.10401169674721], [80.21558520611347, 13.103559607147792], [80.21549296067715, 13.103559326478166], [80.21549410611897, 13.103197654800429], [80.2154018608174, 13.103197374094869]]]}, "id": "+1539+5146", "properties": {"count": 1042, "water": 1}}, {"type": "Feature", "geometry": {"geodesic": false, "type": "Polygon", "coordinates": [[[80.21933990569053, 13.112251211718611], [80.21934104629942, 13.111889539951044], [80.2195255435591, 13.111890098864846], [80.21952582863945, 13.111799680916217], [80.21961807723785, 13.111799960328202], [80.21961722208661, 13.11207121417409], [80.21970947079281, 13.112071493550145], [80.2197080456695, 13.112523583293292], [80.21980029454639, 13.11252386265138], [80.21979915454835, 13.112885534436913], [80.219891403551, 13.11288581376805], [80.21989026365178, 13.113247485553586], [80.2197980145144, 13.113247206222448], [80.21979772949692, 13.113337624162094], [80.21970548032361, 13.113337344786041], [80.21970605042144, 13.113156508906748], [80.219613801311, 13.113156229503746], [80.21961494160547, 13.112794557736176], [80.21952269263876, 13.112794278306225], [80.21952326283541, 13.112613442426932], [80.21943101394056, 13.11261316297003], [80.21943215445063, 13.112251491202462], [80.21933990569053, 13.112251211718611]]]}, "id": "+1544+5036", "properties": {"count": 48, "water": 1}}, {"type": "Feature", "geometry": {"geodesic": false, "type": "Polygon", "coordinates": [[[80.21797999958675, 13.016764512001851], [80.21798028308608, 13.016674093415418], [80.21807249633576, 13.016674371381116], [80.21807277979916, 13.016583952803666], [80.21825720625361, 13.016584508627265], [80.21825748964514, 13.016494090040831], [80.2185341292415, 13.016494923533685], [80.21853441253421, 13.016404504938269], [80.21881105204073, 13.016405338125693], [80.21881133523463, 13.016314919530277], [80.21908797466031, 13.01631575242126], [80.2190882577464, 13.01622533381686], [80.21936489710022, 13.016226166402415], [80.2193651800875, 13.016135747789033], [80.21945739317549, 13.016136025251674], [80.21945711021516, 13.016226443865056], [80.21973374959593, 13.016227276055352], [80.21973403244846, 13.016136857432986], [80.22010288484535, 13.016137966555918], [80.22010260211859, 13.016228385187267], [80.22019481526047, 13.016228662389398], [80.22019509794234, 13.016138243758048], [80.22037952416323, 13.016138798054511], [80.2203789589253, 13.016319635326193], [80.22028674574747, 13.016319358186944], [80.22028618042867, 13.016500195449643], [80.22010175395624, 13.016499641063348], [80.22010147122947, 13.016590059694698], [80.21991704469416, 13.016589505173656], [80.21991732748381, 13.01649908655129], [80.21964068779762, 13.016498254540657], [80.21964040490018, 13.01658867315404], [80.21908712538405, 13.016587008234458], [80.21908684228897, 13.016677426829874], [80.21871798918241, 13.01667631621574], [80.21871770595259, 13.016766734811156], [80.2184410660508, 13.016765901506949], [80.21844078271317, 13.016856320093382], [80.21807192940001, 13.016855208545], [80.21807221287237, 13.01676478996755], [80.21797999958675, 13.016764512001851]]]}, "id": "+1549+6094", "properties": {"count": 96, "water": 1}}, {"type": "Feature", "geometry": {"geodesic": false, "type": "Polygon", "coordinates": [[[80.22130109079338, 13.016322404895096], [80.22130193764418, 13.016051148938168], [80.22139415074116, 13.016051425709106], [80.22139443299183, 13.015961007050807], [80.22167107219292, 13.015961837165996], [80.22167079005006, 13.016052255824293], [80.22176300315601, 13.016052532460485], [80.22176328527193, 13.015962113802187], [80.22203992449998, 13.015962943513133], [80.2220402065081, 13.01587252484585], [80.22213241956017, 13.015872801347296], [80.22213213758798, 13.01596322002356], [80.22231656375499, 13.015963772936617], [80.22231628184568, 13.016054191612882], [80.22259292121747, 13.016055020748906], [80.22259263939799, 13.016145439434155], [80.22250042623813, 13.016145163085424], [80.22250014439172, 13.016235581761688], [80.22157801257752, 13.016232816468767], [80.22157773038974, 13.016323235127064], [80.22130109079338, 13.016322404895096]]]}, "id": "+1568+6097", "properties": {"count": 40, "water": 1}}, {"type": "Feature", "geometry": {"geodesic": false, "type": "MultiPolygon", "coordinates": [[[[80.22434356510391, 13.016512358674522], [80.22443577843445, 13.016512634376467], [80.22443549727973, 13.016603053088664], [80.22434328391326, 13.01660277738672], [80.22434356510391, 13.016512358674522]]], [[[80.22434356510391, 13.016512358674522], [80.22415913843385, 13.016511807180803], [80.22415885718031, 13.016602225893001], [80.22425107054679, 13.016602501657827], [80.22425078932021, 13.016692920370025], [80.2241585759178, 13.016692644605198], [80.22415801340176, 13.01687348202061], [80.22406579993647, 13.01687320621985], [80.22406636252438, 13.016692368795455], [80.22397414913097, 13.016692092967748], [80.22397443045635, 13.01660167425555], [80.22379000374139, 13.016601122492338], [80.22379028512967, 13.016510703789123], [80.22351364517398, 13.016509875901757], [80.22351420814816, 13.016329038504312], [80.22342199489847, 13.016328762478974], [80.2234222764215, 13.016238343784742], [80.22286899717488, 13.016236686967966], [80.22286927889553, 13.016146268273735], [80.22277706572669, 13.016145992023818], [80.2227773474743, 13.016055573338571], [80.22268513434139, 13.016055297061705], [80.22268541612493, 13.015964878376456], [80.22296205541586, 13.01596570710824], [80.22296177374012, 13.01605612580247], [80.22305398688201, 13.01605640198052], [80.22305426852182, 13.015965983295272], [80.22314648162778, 13.015966259437391], [80.22314620001492, 13.016056678131623], [80.22342283944958, 13.016057506378315], [80.22342255793554, 13.01614792508153], [80.22360698430018, 13.016148477087288], [80.22360726574236, 13.016058058384074], [80.22369947889324, 13.016058334337545], [80.22369891606277, 13.016239171743974], [80.22388334250826, 13.016239723561087], [80.22388306115592, 13.016330142264302], [80.22397527441458, 13.016330418127941], [80.22397499309817, 13.016420836840139], [80.22434384628558, 13.016421939953341], [80.22434356510391, 13.016512358674522]]]]}, "id": "+1579+6096", "properties": {"count": 50, "water": 1}}, {"type": "Feature", "geometry": {"geodesic": false, "type": "Polygon", "coordinates": [[[80.22270513531322, 13.009635568855014], [80.22270598018773, 13.009364312664523], [80.22279819084129, 13.00936458879766], [80.2227984724272, 13.009274170067494], [80.2229828936894, 13.009274722225967], [80.22298317520345, 13.00918430348682], [80.22344422821074, 13.009185683317064], [80.2234439468584, 13.009276102065193], [80.22362836814754, 13.009276653765525], [80.22362780556861, 13.009457491270767], [80.22372001628506, 13.00945776708051], [80.22371917250649, 13.009729023333882], [80.22353475088497, 13.009728471669483], [80.22353446955059, 13.009818890417614], [80.22344225870837, 13.009818614536007], [80.22344197733806, 13.009909033284137], [80.22325755559974, 13.009908481422109], [80.22325727416656, 13.009998900161255], [80.22307285235638, 13.00999834816448], [80.22307313386143, 13.009907929425333], [80.22298092299228, 13.00990765338203], [80.22298120453328, 13.009817234642883], [80.22288899370005, 13.009816958563645], [80.222889275268, 13.009726539833482], [80.22279706447071, 13.009726263727297], [80.2227973460656, 13.009635844997133], [80.22270513531322, 13.009635568855014]]]}, "id": "+1582+6171", "properties": {"count": 70, "water": 1}}, {"type": "Feature", "geometry": {"geodesic": false, "type": "Polygon", "coordinates": [[[80.22331393921196, 13.139298439553954], [80.22331450782757, 13.139117603881274], [80.22349902557781, 13.139118161079296], [80.22349817284305, 13.139389414610774], [80.22377494978284, 13.139390250178735], [80.22377523392893, 13.13929983232892], [80.2239597518319, 13.139300389212531], [80.22395833142475, 13.139752478461604], [80.22386607230709, 13.139752200028783], [80.22386578817894, 13.139842617869613], [80.22377352903433, 13.13984233940086], [80.22377381318942, 13.139751921560027], [80.22368155407175, 13.139751643064322], [80.2236818382538, 13.139661225214509], [80.2234973200993, 13.139660668124284], [80.22349760434422, 13.139570250283453], [80.2234053453074, 13.139569971688934], [80.22340619814996, 13.139298718175421], [80.22331393921196, 13.139298439553954]]]}, "id": "+1587+4734", "properties": {"count": 28, "water": 1}}, {"type": "Feature", "geometry": {"geodesic": false, "type": "Polygon", "coordinates": [[[80.22319136538502, 13.11958677939127], [80.22319278492978, 13.119134689513375], [80.2232850363399, 13.119134967766534], [80.22328645566907, 13.11868287786169], [80.22337870691749, 13.118683156069935], [80.22337842308579, 13.118773574054497], [80.22347067437016, 13.118773852217824], [80.22347095815694, 13.118683434233262], [80.22356320941435, 13.118683712369641], [80.22356292565452, 13.118774130363185], [80.22365517693888, 13.118774408463631], [80.2236534745326, 13.119316916379987], [80.22356122305061, 13.119316638261575], [80.22356037171721, 13.119587892206278], [80.22319136538502, 13.11958677939127]]]}, "id": "+1587+4960", "properties": {"count": 40, "water": 1}}, {"type": "Feature", "geometry": {"geodesic": false, "type": "Polygon", "coordinates": [[[80.22493338793306, 13.034417184152941], [80.22493535749831, 13.033784253904178], [80.22521201672286, 13.033785081351368], [80.22521173546035, 13.033875499964752], [80.22530395524079, 13.033875775720595], [80.22530283030751, 13.03423745018311], [80.2252106104013, 13.034237174418283], [80.22521032912981, 13.034327593031666], [80.22530254907194, 13.034327868796492], [80.22530198659183, 13.034508706023257], [80.2250253265588, 13.034507878629965], [80.22502560790215, 13.034417460016583], [80.22493338793306, 13.034417184152941]]]}, "id": "+1602+5899", "properties": {"count": 29, "water": 1}}, {"type": "Feature", "geometry": {"geodesic": false, "type": "MultiPolygon", "coordinates": [[[[80.2268268787719, 13.01859942261404], [80.22655023630092, 13.018598597834844], [80.22655079716408, 13.018417760338584], [80.22645858307895, 13.01841748534631], [80.22645886354196, 13.018327066598179], [80.22627443544359, 13.018326516532781], [80.22627471596948, 13.018236097784651], [80.22618250195622, 13.018235822702545], [80.22618278251805, 13.018145403954415], [80.22609056854073, 13.01814512884536], [80.2260908491295, 13.018054710097228], [80.22590642124672, 13.018054159780302], [80.22590698255902, 13.017873322302009], [80.22581476868051, 13.017873047094138], [80.22581504936811, 13.017782628354992], [80.22563062170092, 13.01778207784942], [80.22563146394336, 13.017510821640961], [80.22553925020857, 13.01751054634326], [80.225539530986, 13.017420127613097], [80.2257239583837, 13.017420678163585], [80.22572367767813, 13.017511096902732], [80.22581589141292, 13.017511372128569], [80.2258156107343, 13.017601790876698], [80.22590782450501, 13.017602066075586], [80.22590754385337, 13.017692484814733], [80.22609197146666, 13.017693035122676], [80.22609169088686, 13.017783453861822], [80.22618390472944, 13.017783728970878], [80.22618362418558, 13.017874147719008], [80.2263680519426, 13.017874697829322], [80.22636777145263, 13.017965116586435], [80.22645998537607, 13.017965391596675], [80.22645970492204, 13.018055810344807], [80.2265519188724, 13.018056085328098], [80.22655163844533, 13.018146504076228], [80.22664385244062, 13.018146779023587], [80.22664273085805, 13.018508454043056], [80.22682715910915, 13.018509003856925], [80.2268268787719, 13.01859942261404]]], [[[80.2268268787719, 13.01859942261404], [80.22691909293788, 13.018599697471567], [80.22691853232625, 13.018780534985792], [80.2268263180974, 13.018780260119282], [80.2268268787719, 13.01859942261404]]], [[[80.22691853232625, 13.018780534985792], [80.22728738925963, 13.018781634119458], [80.22728710909307, 13.018872052876572], [80.22719489481929, 13.018871778144808], [80.22719461460781, 13.018962196910906], [80.22710240030709, 13.018961922134226], [80.22710268055451, 13.018871503377113], [80.22691825202493, 13.018870953742907], [80.22691853232625, 13.018780534985792]]], [[[80.22719461460781, 13.018962196910906], [80.22728682891751, 13.018962471642668], [80.22728710909307, 13.018872052876572], [80.22756375191437, 13.0188728768922], [80.22756403199112, 13.01878245811712], [80.22784067473158, 13.01878328182732], [80.22784039475366, 13.018873700602398], [80.2279326090454, 13.018873975109583], [80.2279328889784, 13.018783556334503], [80.22839396027538, 13.018784928358386], [80.2283942400467, 13.018694509565341], [80.22867088274225, 13.018695332386208], [80.22867116240576, 13.018604913593162], [80.22885559081855, 13.018605461969727], [80.22885447240704, 13.018967137159878], [80.22876225806141, 13.018966862976086], [80.22876197842484, 13.019057281769133], [80.22857754967967, 13.019056733311718], [80.22857726997124, 13.019147152104765], [80.22839284117217, 13.01914660350362], [80.22839256139187, 13.019237022287683], [80.22793148926844, 13.019235650209902], [80.22793176921043, 13.019145231434821], [80.22783955482886, 13.019144956927637], [80.22783927485094, 13.019235375702717], [80.2273782027814, 13.019234002636788], [80.2273787630786, 13.01905316511358], [80.22719433440531, 13.019052615668018], [80.22719461460781, 13.018962196910906]]]]}, "id": "+1607+6080", "properties": {"count": 131, "water": 1}}, {"type": "Feature", "geometry": {"geodesic": false, "type": "Polygon", "coordinates": [[[80.22538737977798, 13.154766288038795], [80.2253885153563, 13.15440461693598], [80.22548077998064, 13.154404895126257], [80.22548106383928, 13.154314477348308], [80.22566559304306, 13.154315033630047], [80.22566587682086, 13.154224615843114], [80.2257581413913, 13.154224893934577], [80.22575842514215, 13.154134476147645], [80.22594295422016, 13.154135032222772], [80.22594267054117, 13.154225450009704], [80.22603493511161, 13.154225727993369], [80.22603465145957, 13.154316145789284], [80.22612691607493, 13.154316423746], [80.22612663245883, 13.154406841532932], [80.22621889710115, 13.154407119462698], [80.22621776274454, 13.154768790628395], [80.22612549795849, 13.15476851269863], [80.22612521433341, 13.154858930485561], [80.22557162548243, 13.154857262179332], [80.22557190931413, 13.154766844401383], [80.22538737977798, 13.154766288038795]]]}, "id": "+1614+4568", "properties": {"count": 55, "water": 1}}, {"type": "Feature", "geometry": {"geodesic": false, "type": "MultiPolygon", "coordinates": [[[[80.22860645112341, 13.06923961455912], [80.22851421816468, 13.069239339252434], [80.22851449900499, 13.069148920818714], [80.22860673193676, 13.0691491961254], [80.22860645112341, 13.06923961455912]]], [[[80.22952541495688, 13.070327387312455], [80.22961764833782, 13.07032766227778], [80.22961568498891, 13.070960591448564], [80.22952345136544, 13.070960316465273], [80.22952457342411, 13.070598642667512], [80.22943233994435, 13.07059836765727], [80.2294329010231, 13.070417530762882], [80.22952513444895, 13.07041780576414], [80.22952541495688, 13.070327387312455]]], [[[80.22860645112341, 13.06923961455912], [80.22869868409111, 13.069239889838855], [80.22869812251831, 13.06942072672426], [80.22860588948771, 13.069420451444525], [80.22860645112341, 13.06923961455912]]], [[[80.22869812251831, 13.06942072672426], [80.22879035555788, 13.069421001968063], [80.22879007479843, 13.069511420410766], [80.22888230786495, 13.06951169562762], [80.2288820271504, 13.069602114070323], [80.22897426025287, 13.069602389251244], [80.22897397956527, 13.06969280770293], [80.22906621270366, 13.069693082856901], [80.22906593204301, 13.069783501299604], [80.22888146569437, 13.069782950955728], [80.22888174642688, 13.069692532513026], [80.22878951328849, 13.069692257296172], [80.22878979404794, 13.069601838853469], [80.22869756094549, 13.069601563600683], [80.22869812251831, 13.06942072672426]]], [[[80.22906593204301, 13.069783501299604], [80.22925039840065, 13.069784051508734], [80.22924955660736, 13.070055306863791], [80.22915732332524, 13.070055031763719], [80.22915760395894, 13.069964613321016], [80.22906537072173, 13.069964338193994], [80.22906593204301, 13.069783501299604]]], [[[80.22924955660736, 13.070055306863791], [80.22934178988949, 13.070055581927932], [80.22934150931867, 13.070146000370634], [80.22943374263673, 13.070146275407824], [80.22943346210185, 13.07023669385951], [80.22952569545583, 13.070236968860769], [80.22952541495688, 13.070327387312455], [80.22934094818604, 13.070326837274006], [80.22934122875684, 13.07023641882232], [80.22924899540286, 13.07023614375818], [80.22924955660736, 13.070055306863791]]]]}, "id": "+1640+5508", "properties": {"count": 29, "water": 1}}, {"type": "Feature", "geometry": {"geodesic": false, "type": "Polygon", "coordinates": [[[80.2292266833263, 13.017883207848486], [80.22922780110001, 13.017521532595454], [80.22932001491564, 13.017521806581616], [80.22932057372165, 13.017340968941626], [80.2294127874744, 13.017341242891854], [80.22941306684146, 13.017250824071859], [80.22959749428408, 13.01725137186452], [80.22959777358827, 13.017160953044524], [80.22968998727814, 13.017161226886955], [80.2296902665374, 13.017070808057976], [80.22978248020033, 13.017071081873459], [80.22978303865598, 13.016890244206518], [80.22987525224704, 13.016890517986068], [80.22987469386324, 13.017071355644024], [80.22996690752615, 13.017071629387642], [80.2299666283567, 13.017162048225602], [80.229782200968, 13.017161500702437], [80.22978192173568, 13.017251919531416], [80.22968970800987, 13.017251645715934], [80.22968914947337, 13.017432483364908], [80.22959693568468, 13.017432209513494], [80.22959609775415, 13.017703465982462], [80.22950388386666, 13.017703192086133], [80.22950360452654, 13.017793610906127], [80.22931917668866, 13.017793063023635], [80.2293188972677, 13.017883481843631], [80.2292266833263, 13.017883207848486]]]}, "id": "+1652+6086", "properties": {"count": 29, "water": 1}}, {"type": "Feature", "geometry": {"geodesic": false, "type": "Polygon", "coordinates": [[[80.23018174374063, 13.007216519719226], [80.2301828591877, 13.0068548440889], [80.2305516987836, 13.00685593759013], [80.23055114132508, 13.007036775418767], [80.23064335129591, 13.007037048722209], [80.23064251520692, 13.007308305469655], [80.23045809506762, 13.007307758826839], [80.23045837383282, 13.007217339917013], [80.23018174374063, 13.007216519719226]]]}, "id": "+1659+6197", "properties": {"count": 20, "water": 1}}, {"type": "Feature", "geometry": {"geodesic": false, "type": "Polygon", "coordinates": [[[80.23087270296486, 13.111743381835478], [80.23087326483413, 13.111562545453129], [80.23096551358523, 13.111562820795747], [80.23096579447945, 13.111472402595588], [80.23115029193674, 13.111472953173026], [80.23115057275909, 13.111382534972869], [80.23142731885072, 13.111383360578513], [80.23142591521513, 13.111835451597269], [80.23096467089363, 13.111834075378253], [80.23096495178784, 13.111743657178096], [80.23087270296486, 13.111743381835478]]]}, "id": "+1672+5041", "properties": {"count": 25, "water": 1}}, {"type": "Feature", "geometry": {"geodesic": false, "type": "Polygon", "coordinates": [[[80.23451789695658, 13.126221284864993], [80.23442564266286, 13.126221010492555], [80.23442676246675, 13.125859337826672], [80.2345190166347, 13.125859612181143], [80.23451929654077, 13.125769194007935], [80.23442704240875, 13.125768919653463], [80.23442732235972, 13.125678501489238], [80.23488859286711, 13.125679872929217], [80.23488831308681, 13.125770291111408], [80.23479605894582, 13.1257700168827], [80.23479577913857, 13.125860435064892], [80.23488803330652, 13.1258607092936], [80.23488719396563, 13.126131963822207], [80.23497944824139, 13.126132238023965], [80.23497888873469, 13.126313074379365], [80.23479438004844, 13.126312525939918], [80.23479465987366, 13.12622210776671], [80.23470240556198, 13.126221833493087], [80.23470212570982, 13.126312251666295], [80.23451761704153, 13.126311703029218], [80.23451789695658, 13.126221284864993]], [[80.23451789695658, 13.126221284864993], [80.2345181768806, 13.126130866691785], [80.23461043114737, 13.126131141028289], [80.23461015125928, 13.126221559192514], [80.23451789695658, 13.126221284864993]]]}, "id": "+1710+4883", "properties": {"count": 32, "water": 1}}, {"type": "Feature", "geometry": {"geodesic": false, "type": "Polygon", "coordinates": [[[80.2347219386373, 13.09005423999882], [80.23472277577733, 13.089782984715626], [80.23518397945904, 13.089784351951488], [80.23518230617614, 13.090326862571773], [80.23527454712088, 13.090327135929114], [80.23527175848075, 13.091231320248344], [80.23536399976686, 13.091231593596701], [80.23536316322873, 13.091502848888878], [80.23527092184379, 13.09150257554052], [80.2352706429708, 13.091592993965257], [80.23490167731431, 13.0915919002125], [80.23490195633104, 13.091501481796746], [80.23508643908292, 13.091502028736006], [80.23508671803677, 13.09141161031127], [80.23490223534777, 13.091411063380992], [80.23490390938525, 13.090868552841556], [80.23481166825185, 13.090868279340485], [80.23481417947426, 13.090054513517856], [80.2347219386373, 13.09005423999882]]]}, "id": "+1712+5280", "properties": {"count": 90, "water": 1}}, {"type": "Feature", "geometry": {"geodesic": false, "type": "Polygon", "coordinates": [[[80.2354595865857, 13.090146845668558], [80.2354609804656, 13.089694753455044], [80.23573770261713, 13.089695573104859], [80.23573742395075, 13.089785991556544], [80.23582966470686, 13.089786264707273], [80.23582799283432, 13.090328775399422], [80.23592023378805, 13.090329048532185], [80.23591716886206, 13.091323651428866], [80.23600941019309, 13.091323924552645], [80.23600913158958, 13.091414342995348], [80.2357324074977, 13.091413523534179], [80.2357321287864, 13.091503941967899], [80.23563988739248, 13.091503668754289], [80.23564128110169, 13.091051576567724], [80.23554903987846, 13.091051303327163], [80.23554931864366, 13.09096088488446], [80.23564155983097, 13.09096115812502], [80.23564183856921, 13.0908707396913], [80.23554959740886, 13.09087046645074], [80.23555182746757, 13.090147118927085], [80.2354595865857, 13.090146845668558]]]}, "id": "+1718+5281", "properties": {"count": 70, "water": 1}}, {"type": "Feature", "geometry": {"geodesic": false, "type": "Polygon", "coordinates": [[[80.23788209142361, 13.022068093017115], [80.23797430710773, 13.022068364011886], [80.23797264885366, 13.022610877812205], [80.23778821709014, 13.022610335759781], [80.23778849353769, 13.022519916796055], [80.23788070938352, 13.022520187844725], [80.23788098579513, 13.022429768872017], [80.23769655416636, 13.022429226756708], [80.23769683064086, 13.022338807801967], [80.2376046148669, 13.022338536690414], [80.23760489137733, 13.022248117735671], [80.23751267563033, 13.02224784659717], [80.23751350524245, 13.021976589723959], [80.23742128960325, 13.021976318558506], [80.23742156616757, 13.021885899603765], [80.2373293505643, 13.021885628411363], [80.23733018035608, 13.021614371538153], [80.23723796485163, 13.021614100318802], [80.23723824147883, 13.021523681355076], [80.23714602601031, 13.021523410108776], [80.23714685597278, 13.021252153235565], [80.23705464061204, 13.021251881962316], [80.23705491729315, 13.021161463007573], [80.23696270195937, 13.021161191698392], [80.23696325539345, 13.020980353788906], [80.23687104013153, 13.02098008244379], [80.23687187035452, 13.020708825588546], [80.23668744004628, 13.020708282826451], [80.23668771685315, 13.02061786387171], [80.23687214709851, 13.020618406633805], [80.23687242383352, 13.020527987670079], [80.23714906911621, 13.020528801561692], [80.23714851584383, 13.02070963948016], [80.23724073100693, 13.020709910717477], [80.23724017779743, 13.020890748644929], [80.23733239303239, 13.020891019846314], [80.23733183987679, 13.021071857773764], [80.23742405517464, 13.0210721289482], [80.23742377862828, 13.021162547911924], [80.23751599397104, 13.02116281905941], [80.23751571745164, 13.021253238023135], [80.23760793283033, 13.021253509134688], [80.23760710336194, 13.02152476603485], [80.23769931883945, 13.021525037128436], [80.2376987659264, 13.021705875055886], [80.23779098146679, 13.02170614611354], [80.23779015217805, 13.0219774030137], [80.23788236782624, 13.021977674044406], [80.23788209142361, 13.022068093017115]], [[80.23705491729315, 13.021161463007573], [80.23705519397426, 13.021071044043847], [80.23714740927211, 13.02107131532608], [80.23714713262693, 13.021161734280822], [80.23705491729315, 13.021161463007573]], [[80.23742156616757, 13.021885899603765], [80.23742184273189, 13.021795480640039], [80.23751405830822, 13.02179575180549], [80.23751378177982, 13.021886170760233], [80.23742156616757, 13.021885899603765]], [[80.23788209142361, 13.022068093017115], [80.23788181502098, 13.02215851198084], [80.23778959930092, 13.022158240941152], [80.23778987573948, 13.022067821977426], [80.23788209142361, 13.022068093017115]]]}, "id": "+1731+6046", "properties": {"count": 94, "water": 1}}, {"type": "Feature", "geometry": {"geodesic": false, "type": "Polygon", "coordinates": [[[80.23799506906042, 13.105525619392733], [80.23799590364023, 13.105254364235304], [80.23818039676766, 13.105254909521664], [80.23818011864026, 13.105345327910468], [80.2382723652444, 13.105345600504242], [80.23827264332688, 13.105255182115437], [80.23864162960868, 13.105256272158153], [80.23864135166095, 13.105346690555939], [80.23873359826509, 13.105346962988015], [80.23873276449376, 13.105618218199343], [80.23864051778182, 13.105617945758283], [80.23864023981612, 13.10570836415607], [80.23845574633835, 13.10570781918412], [80.23845602436693, 13.105617400786333], [80.23827153096103, 13.10561685568862], [80.23827180905249, 13.105526437290832], [80.23817956238547, 13.105526164697059], [80.23817928425808, 13.105616583085864], [80.2380870375641, 13.105616310447175], [80.23808731572743, 13.10552589205837], [80.23799506906042, 13.105525619392733]]]}, "id": "+1750+5109", "properties": {"count": 30, "water": 1}}, {"type": "Feature", "geometry": {"geodesic": false, "type": "Polygon", "coordinates": [[[80.24075993284848, 13.076237904224733], [80.24076186861012, 13.075604973652577], [80.2408541042009, 13.075605244719213], [80.24085465719482, 13.0754244074116], [80.2407624216669, 13.075424136344964], [80.24076408079235, 13.074881624404155], [80.24085631611365, 13.074881895452826], [80.24085659258814, 13.074791476794527], [80.24076435730278, 13.074791205745857], [80.24076546332653, 13.074429531094696], [80.24113440396492, 13.0744306150648], [80.24113412759823, 13.074521033732083], [80.24141083319381, 13.074521846366054], [80.24141055691695, 13.074612265042319], [80.24177949787874, 13.074613348105125], [80.2417792217456, 13.074703766790373], [80.24205592758373, 13.074704578741626], [80.24205565154044, 13.074794997435855], [80.2425168281559, 13.074796350047146], [80.24251600052905, 13.075067606129839], [80.24260823595814, 13.075067876558672], [80.24260740841214, 13.075339132650349], [80.24205399526265, 13.075337509547344], [80.24205371920138, 13.07542792822361], [80.24140807038923, 13.07542603309277], [80.24140613629845, 13.07605896376374], [80.24103719322561, 13.07605788005415], [80.24103691677807, 13.076148298703464], [80.24094468098066, 13.076148027690726], [80.24094440450617, 13.076238446349025], [80.24075993284848, 13.076237904224733]], [[80.24103746966418, 13.07596746139585], [80.24103774609375, 13.075877042737552], [80.24122221749992, 13.075877584646246], [80.24122194112424, 13.075968003313529], [80.24103746966418, 13.07596746139585]], [[80.24113164017218, 13.075334801737617], [80.24113274571084, 13.074973127077474], [80.24140945181847, 13.074973939738396], [80.24140834667507, 13.075335614425487], [80.24113164017218, 13.075334801737617]]]}, "id": "+1776+5450", "properties": {"count": 204, "water": 1}}, {"type": "Feature", "geometry": {"geodesic": false, "type": "Polygon", "coordinates": [[[80.24163864187152, 13.060326647441416], [80.24163919361676, 13.060145809882274], [80.24173142349427, 13.06014608032009], [80.24173169933096, 13.060055661536028], [80.24163946948939, 13.06005539109821], [80.24164029708929, 13.059784134755006], [80.2421014457941, 13.059785486584762], [80.24210061869726, 13.060056742954915], [80.24219284854782, 13.060057013231035], [80.24219229720681, 13.060237850817126], [80.2419156074665, 13.060237039889953], [80.24191533169268, 13.060327458674015], [80.24163864187152, 13.060326647441416]]]}, "id": "+1786+5612", "properties": {"count": 29, "water": 1}}, {"type": "Feature", "geometry": {"geodesic": false, "type": "MultiPolygon", "coordinates": [[[[80.24299785024483, 13.068287553314097], [80.24281338440822, 13.06828701296847], [80.24281366002933, 13.068196594220339], [80.24299812580306, 13.068197134556984], [80.24299785024483, 13.068287553314097]]], [[[80.2462210645485, 13.069924526576383], [80.24640553175054, 13.069925064550457], [80.24640525739606, 13.07001548336147], [80.24622079013113, 13.070014945387395], [80.2462210645485, 13.069924526576383]]], [[[80.24299785024483, 13.068287553314097], [80.24327454901322, 13.068288363567532], [80.2432742735628, 13.068378782324647], [80.24355097245696, 13.068379592299605], [80.24355069709638, 13.068470011065703], [80.24373516310366, 13.068470550881322], [80.24373488780596, 13.068560969647418], [80.24391935388512, 13.068561509337275], [80.24391907865927, 13.068651928112354], [80.24410354481928, 13.068652467676447], [80.24410326965632, 13.068742886442543], [80.2442877358882, 13.068743425880871], [80.24428718568805, 13.06892426343103], [80.24410271932143, 13.068923723992702], [80.2441029944844, 13.068833305217623], [80.24401076134599, 13.068833035444559], [80.24401103654488, 13.068742616678463], [80.24373433721954, 13.068741807179611], [80.24373461250826, 13.068651388413516], [80.24355014637521, 13.068650848588911], [80.24355042173579, 13.068560429822815], [80.2433659556746, 13.068559889872446], [80.24336623109807, 13.06846947110635], [80.24318176510874, 13.06846893103022], [80.24318204060408, 13.068378512273105], [80.24299757468663, 13.068377972062226], [80.24299785024483, 13.068287553314097]]], [[[80.24428718568805, 13.06892426343103], [80.24437941887136, 13.068924533105278], [80.2443796939355, 13.0688341143302], [80.2445641602482, 13.068834653570898], [80.24456388525593, 13.068925072354961], [80.24465611844822, 13.06892534192141], [80.24465584347392, 13.069015760705474], [80.24493254316756, 13.069016569234146], [80.24493226830106, 13.06910698802719], [80.24502450156521, 13.069107257467877], [80.24502422672565, 13.069197676260924], [80.24520869333482, 13.069198215052465], [80.24520841856712, 13.06928863384551], [80.24511618522212, 13.069288364467706], [80.24511591041848, 13.069378783251768], [80.24502367704653, 13.069378513838032], [80.2450239518861, 13.069288095044985], [80.24493171855008, 13.069287825595316], [80.24493199342557, 13.069197406811254], [80.24465529353428, 13.0691965982736], [80.24465556850859, 13.069106179489536], [80.24447110198926, 13.069105640302736], [80.24447137702646, 13.069015221518674], [80.24428691058797, 13.06901468220611], [80.24428718568805, 13.06892426343103]]], [[[80.24520841856712, 13.06928863384551], [80.24530065190314, 13.069288903196364], [80.2453003771624, 13.06937932198941], [80.24548484391528, 13.069379860601288], [80.2454845692464, 13.069470279394334], [80.24520786901375, 13.069469471431601], [80.24520841856712, 13.06928863384551]]], [[[80.2454845692464, 13.069470279394334], [80.24566903607115, 13.069470817880449], [80.24566876146515, 13.069561236673493], [80.24585322837076, 13.06956177502486], [80.24585295382764, 13.06965219382689], [80.24594518731638, 13.069652462962148], [80.24594491280021, 13.069742881764178], [80.24612937984955, 13.069743419926898], [80.24612910540525, 13.06983383873791], [80.24622133896584, 13.069834107765372], [80.2462210645485, 13.069924526576383], [80.24594436376788, 13.069923719368235], [80.24594463828404, 13.069833300566206], [80.24585240472344, 13.069833031430948], [80.24585267927554, 13.069742612637901], [80.24566821223519, 13.069742074277551], [80.24566848685018, 13.069651655475523], [80.24548401988169, 13.069651116989409], [80.2454845692464, 13.069470279394334]]]]}, "id": "+1796+5519", "properties": {"count": 66, "water": 1}}, {"type": "Feature", "geometry": {"geodesic": false, "type": "Polygon", "coordinates": [[[80.24274873185773, 13.149754590122964], [80.24275011896432, 13.149302499229973], [80.24284238206153, 13.149302771087127], [80.24284210467974, 13.149393189269318], [80.24293436781288, 13.149393461081557], [80.2429332583935, 13.149755133810324], [80.24302552167038, 13.149755405604596], [80.24302496701458, 13.149936241968978], [80.24293270367482, 13.149935970174706], [80.242932426311, 13.150026388347914], [80.24311695305339, 13.150026931918493], [80.24311667576143, 13.150117350100684], [80.24302441234981, 13.150117078333361], [80.24302385767605, 13.15029791468876], [80.24311612115953, 13.150298186465067], [80.24311556654867, 13.15047902282945], [80.24320783009503, 13.150479294569823], [80.24320755281205, 13.150569712752015], [80.24311528923873, 13.150569441002657], [80.24311501192881, 13.150659859184849], [80.24302274831058, 13.15065958739956], [80.24302358033917, 13.150388332870952], [80.24293131682875, 13.150388061058713], [80.24293187157437, 13.150207224712297], [80.2428396081358, 13.15020695287311], [80.24284099512562, 13.149754861989102], [80.24274873185773, 13.149754590122964]]]}, "id": "+1797+4622", "properties": {"count": 26, "water": 1}}, {"type": "Feature", "geometry": {"geodesic": false, "type": "Polygon", "coordinates": [[[80.24279132790238, 13.075520510815629], [80.24279243104253, 13.075158836020739], [80.24316137293857, 13.075159917152165], [80.24316109729052, 13.075250335864363], [80.24362227486719, 13.075251686544275], [80.24362199938085, 13.075342105265456], [80.24408317718209, 13.0753434551279], [80.24408290186642, 13.075433873858064], [80.2441751374662, 13.075434143738924], [80.24417458689774, 13.075614981190268], [80.24325223032507, 13.075612280890457], [80.243251954695, 13.075702699602655], [80.24288301199047, 13.075701618552076], [80.24288356351113, 13.07552078115463], [80.24279132790238, 13.075520510815629]]]}, "id": "+1798+5442", "properties": {"count": 60, "water": 1}}, {"type": "Feature", "geometry": {"geodesic": false, "type": "Polygon", "coordinates": [[[80.24696414247141, 13.15917055762812], [80.24696469463888, 13.158989721227805], [80.24733376189481, 13.158990803167717], [80.2473340378393, 13.158900384958574], [80.24742630462859, 13.158900655360458], [80.24742658053714, 13.158810237142335], [80.2475188472905, 13.158810507508285], [80.24751857141787, 13.15890092572641], [80.24761083820715, 13.158901196056428], [80.2476102865158, 13.159082032483694], [80.24770255336796, 13.159082302786762], [80.24770227755822, 13.159172721004886], [80.2477945444553, 13.159172991272023], [80.24779399288073, 13.159353827708271], [80.24788625984968, 13.159354097948457], [80.24788570833799, 13.159534934384705], [80.24797797536982, 13.159535204597942], [80.24797742392101, 13.15971604103419], [80.24806969102471, 13.159716311220478], [80.24806913963879, 13.159897147647744], [80.24816140681435, 13.159897417807082], [80.24816113114834, 13.159987836025206], [80.24825339835982, 13.159988106148612], [80.24825284709068, 13.16016894258486], [80.24834511436505, 13.160169212681318], [80.24834428755567, 13.160440467344673], [80.24843655493784, 13.160440737414179], [80.24843600378547, 13.160621573850428], [80.24852827123951, 13.160621843892985], [80.24852799569028, 13.160712262111108], [80.24862026318026, 13.160712532117733], [80.24861971215365, 13.160893368562965], [80.2487119797065, 13.16089363854264], [80.24871170422016, 13.160984056760764], [80.24880397181792, 13.160984326713491], [80.2488036963675, 13.161074744931614], [80.24889596399223, 13.161075014848407], [80.24889541315427, 13.161255851302622], [80.24898768085086, 13.161256121183483], [80.24898740546332, 13.16134653941059], [80.24907967319584, 13.1613468092645], [80.24907939783525, 13.161437227491609], [80.24917166561268, 13.16143749731857], [80.24917139027905, 13.161527915545678], [80.2492636580924, 13.161528185336707], [80.24926338279471, 13.161618603572798], [80.24935565063501, 13.161618873327894], [80.24935537537324, 13.161709291563984], [80.24944764324948, 13.161709561292131], [80.24944709278883, 13.161890397755329], [80.24953936073695, 13.161890667456527], [80.24953908552907, 13.161981085692616], [80.24963135352209, 13.161981355357883], [80.24963080317822, 13.162162191830063], [80.24972307122515, 13.162162461468379], [80.24972252094415, 13.16234329794056], [80.24981478907192, 13.162343567551925], [80.24981451396286, 13.162433985788015], [80.24990678211759, 13.162434255363449], [80.24990623195337, 13.16261509183563], [80.24999850018894, 13.162615361384114], [80.24999822513378, 13.162705779629187], [80.25009049340528, 13.16270604914174], [80.25009021838606, 13.162796467386812], [80.25018248668452, 13.162796736872414], [80.25018221170123, 13.162887155108505], [80.25027448003561, 13.162887424567158], [80.25027420508825, 13.16297784281223], [80.25036647345857, 13.162978112234951], [80.25036619853816, 13.163068530480025], [80.25045846694441, 13.163068799875795], [80.25045819205094, 13.163159218111886], [80.25073499739545, 13.163160026101568], [80.25073527218112, 13.163069607856494], [80.25082754060534, 13.163069877117517], [80.25082781535507, 13.162979458863461], [80.25101235213164, 13.162979997286692], [80.25101207744478, 13.16307041554075], [80.251104345869, 13.163070684702959], [80.25110379655818, 13.163251521220054], [80.25119606505427, 13.163251790355313], [80.2511957904303, 13.16334220860937], [80.25128805895334, 13.163342477708696], [80.2512877843653, 13.163432895971736], [80.25138005293324, 13.163433165044113], [80.25137977837217, 13.16352358329817], [80.25147204696707, 13.163523852343598], [80.25147149790777, 13.163704688860694], [80.25156376658352, 13.16370495787019], [80.25156349208532, 13.163795376133228], [80.25165576078801, 13.163795645115774], [80.25165521185448, 13.163976481641853], [80.25174748062905, 13.163976750588466], [80.25174693174942, 13.164157587114547], [80.25183920059585, 13.16415785603421], [80.25183892618747, 13.164248274297249], [80.25193119506984, 13.164248543189963], [80.25193064631598, 13.164429379725027], [80.2520229152702, 13.164429648581807], [80.25202209222475, 13.16470090337991], [80.25220663033083, 13.164701441012625], [80.25220635604822, 13.164791859275665], [80.25229862514618, 13.164792128042613], [80.25229807663486, 13.16497296458666], [80.2523903457957, 13.164973233326661], [80.25238979734726, 13.165154069861723], [80.25248206657997, 13.165154338574775], [80.25248124399266, 13.16542559338186], [80.25238897466114, 13.165425324668808], [80.25238924888986, 13.16533490640577], [80.25229697959428, 13.165334637656786], [80.25229670532963, 13.165425055919824], [80.25220443599812, 13.165424787143891], [80.25220388738799, 13.165605623669972], [80.25211161799359, 13.165605354849124], [80.25211134365709, 13.165695773112162], [80.25201907422677, 13.165695504255382], [80.25201879985433, 13.16578592251842], [80.25192653039704, 13.165785653625706], [80.2519262559797, 13.165876071879763], [80.25174171700225, 13.165875534004504], [80.25174144252202, 13.165965952249577], [80.25164917300185, 13.16596568325805], [80.25164889848568, 13.166056101512105], [80.25146435938248, 13.166055563421251], [80.25146408479445, 13.166145981666324], [80.25137181521141, 13.16614571257598], [80.25137154058744, 13.16623613081207], [80.25109473174848, 13.166235323325445], [80.2510944570257, 13.166325741561534], [80.2508176481059, 13.166324933769483], [80.25081737327532, 13.166415351996589], [80.25054056427467, 13.16641454389911], [80.25054028934527, 13.166504962117234], [80.25017121056395, 13.166503884183808], [80.25017148563707, 13.166413465965684], [80.24906424990394, 13.166410229003338], [80.24906397443556, 13.166500647194514], [80.24897170477166, 13.166500377232804], [80.24897198027598, 13.16640995904163], [80.24887971064803, 13.166409689043988], [80.24887998618827, 13.166319270861797], [80.24878771659624, 13.166319000828222], [80.24878799216344, 13.166228582646031], [80.24860345306024, 13.166228042498034], [80.24860235048602, 13.166589715226799], [80.24841781111333, 13.166589174926088], [80.24841753539341, 13.166679593099296], [80.24814072624903, 13.166678782396701], [80.24814100206775, 13.166588364232476], [80.2480487323859, 13.166588093929407], [80.24804928408624, 13.166407257591974], [80.24795701447624, 13.166406987261956], [80.24795922144824, 13.165683641894256], [80.24786695211674, 13.165683371546272], [80.24786777979749, 13.16541211703563], [80.24777551056478, 13.165411846660696], [80.24777661424393, 13.165050173967863], [80.24768434515495, 13.16504990356598], [80.24768517299741, 13.164778649046355], [80.24759290399827, 13.164778378626504], [80.247594007902, 13.164416705924689], [80.24750173904658, 13.16441643547789], [80.24750284304014, 13.164054762776074], [80.24768738048145, 13.16405530363374], [80.24768765640798, 13.163964885451549], [80.24787219378642, 13.163965426165484], [80.24787246964107, 13.163875007983291], [80.24833381295691, 13.163876359184227], [80.24833491568384, 13.163514686401562], [80.24824264715183, 13.163514416242224], [80.24824347427563, 13.163243161650733], [80.2481512058514, 13.163242891455463], [80.24815230879393, 13.162881218672798], [80.24806004050446, 13.162880948450578], [80.24806141930164, 13.162428857467756], [80.24796915118286, 13.162428587227568], [80.24796970275742, 13.162247750827254], [80.24787743471049, 13.162247480560117], [80.24787826215768, 13.161976225968626], [80.24778599420958, 13.161975955665557], [80.2477870975743, 13.16161428287391], [80.24769482976993, 13.161614012552874], [80.24769593324245, 13.161252339761226], [80.24760366557283, 13.16125206940426], [80.24760449325358, 13.160980814812769], [80.24751222568277, 13.160980544437836], [80.24751305345335, 13.160709289837362], [80.24742078599033, 13.160709019435478], [80.24742161383278, 13.160437764835004], [80.24732934647756, 13.160437494406171], [80.24733045038128, 13.160075821614525], [80.2472381831608, 13.160075551149758], [80.24723901116495, 13.159804296558269], [80.24714674404329, 13.159804026066553], [80.24714757213728, 13.159532771475064], [80.24705530512341, 13.159532500956399], [80.24705640935052, 13.15917082816475], [80.24696414247141, 13.15917055762812]], [[80.2482500906282, 13.16107312473915], [80.24825064193327, 13.16089228832087], [80.24843517703897, 13.1608928285048], [80.24843462586865, 13.161073664941046], [80.2482500906282, 13.16107312473915]]]}, "id": "+1848+4517", "properties": {"count": 2231, "water": 1}}, {"type": "Feature", "geometry": {"geodesic": false, "type": "Polygon", "coordinates": [[[80.24386459577441, 13.025883241226772], [80.2438651444025, 13.025702403092708], [80.24395736155986, 13.025702672039321], [80.24395708727727, 13.025793091101862], [80.24404930447056, 13.025793360021526], [80.24404985296391, 13.025612521878477], [80.24414207009431, 13.025612790762208], [80.24414234429608, 13.025522371681703], [80.24423456139954, 13.0255226405295], [80.24423483556536, 13.025432221448993], [80.2443270526329, 13.02543249026086], [80.24432787504054, 13.02516123301934], [80.24442009200925, 13.025161501795273], [80.24442036610321, 13.025071082714765], [80.24460479997776, 13.02507162014985], [80.24460534803093, 13.024890781979854], [80.24469756490981, 13.024891050639006], [80.24469783889599, 13.024800631549516], [80.24488227258189, 13.024801168786972], [80.24488282042844, 13.024620330590025], [80.24497503720852, 13.024620599159347], [80.24497531108688, 13.024530180060873], [80.24488309434274, 13.024529911500537], [80.24488336826602, 13.024439492402063], [80.24506780168244, 13.024440029486804], [80.24506807553385, 13.024349610388333], [80.2451602922151, 13.024349878876803], [80.24516056603058, 13.024259459769349], [80.24506834937628, 13.024259191280876], [80.24506889706115, 13.024078353074946], [80.24516111364358, 13.024078621563419], [80.24516138745008, 13.023988202455962], [80.24525360400557, 13.023988470908503], [80.24525387777614, 13.023898051801046], [80.2453460942957, 13.023898320217652], [80.24534636803033, 13.023807901101213], [80.24543858451395, 13.023808169481889], [80.24543885821265, 13.023717750374432], [80.24553107466933, 13.023718018719174], [80.24553162199487, 13.023537180486295], [80.24571605478246, 13.023537717076964], [80.24571632837336, 13.023447297951542], [80.24580854473122, 13.023447566197468], [80.24580881829517, 13.023357147072046], [80.245993250957, 13.023357683456101], [80.24599352444011, 13.023267264321696], [80.24608574074406, 13.02326753246881], [80.24608601420023, 13.023177113334404], [80.24617823046826, 13.0231773814366], [80.24617850388847, 13.023086962311178], [80.24627072012956, 13.02308723037744], [80.24627099350487, 13.022996811243035], [80.24636320971001, 13.02299707928235], [80.24636348305837, 13.022906660138961], [80.24645569923658, 13.022906928142342], [80.246455972549, 13.022816508998954], [80.24654818869126, 13.022816776966403], [80.24654846196775, 13.022726357823014], [80.24673289419839, 13.0227268936591], [80.24673316740302, 13.022636474506726], [80.2468253834824, 13.022636742375362], [80.24682565666008, 13.02254632322299], [80.24691787271252, 13.022546591055692], [80.24691814584527, 13.022456171894337], [80.24701036186178, 13.022456439691105], [80.2470106349676, 13.022366020538733], [80.24710285095715, 13.02236628829957], [80.24710312401804, 13.022275869138216], [80.24719533998064, 13.02227613686312], [80.2471956130056, 13.022185717701765], [80.24728782893227, 13.02218598539972], [80.24728837491932, 13.022005147068025], [80.24738059078311, 13.022005414721065], [80.24738140964241, 13.021734157219033], [80.24747362540738, 13.02173442483614], [80.24747417123274, 13.021553586495463], [80.24756638693482, 13.021553854076636], [80.24756720556056, 13.021282596547655], [80.24765942116383, 13.021282864092896], [80.24765969400914, 13.021192444913575], [80.24775190957648, 13.021192712422884], [80.24775327356943, 13.020740616508311], [80.24784548897507, 13.020740883972703], [80.24784630725047, 13.020469626416773], [80.2479385225573, 13.020469893845233], [80.24794015884757, 13.01992737869744], [80.2480323739478, 13.019927646080983], [80.2480334646373, 13.019565969291833], [80.24812567961175, 13.019566236639445], [80.24812649750086, 13.019294979038598], [80.2482187123855, 13.019295246341295], [80.24821953015783, 13.019023988722482], [80.24831174493465, 13.019024255989246], [80.24831201748351, 13.018933836782974], [80.2484042322334, 13.018934104013805], [80.24840477726822, 13.01875326559228], [80.24831256259021, 13.01875299836145], [80.24831283513907, 13.01866257915518], [80.24840504978116, 13.018662846377026], [80.248405594807, 13.018482007955502], [80.2484978093862, 13.018482275141418], [80.24849862680819, 13.018211017495656], [80.24868305577793, 13.018211551759688], [80.24868360057921, 13.018030713320195], [80.2487758149967, 13.018030980398313], [80.2487760873659, 13.017940561174075], [80.24886830175646, 13.017940828216261], [80.24886884640502, 13.017759989767786], [80.24896106073268, 13.017760256774038], [80.24896187759772, 13.01748899908336], [80.24905409182658, 13.01748926605368], [80.24905436407899, 13.01739884682046], [80.2491465782719, 13.017399113754847], [80.24914630605542, 13.017489532988067], [80.24923852029326, 13.01748979988652], [80.24923824810374, 13.017580219128725], [80.24933046236852, 13.017580486000229], [80.24933019021492, 13.017670905233448], [80.24942240451564, 13.017671172078003], [80.24942213239798, 13.017761591320207], [80.24951434673463, 13.01776185812883], [80.24951407464391, 13.017852277371034], [80.2496062890165, 13.017852544143723], [80.24960601695273, 13.017942963385927], [80.24969823136125, 13.01794323014065], [80.24969768730558, 13.018124068625058], [80.24978990178596, 13.018124335343849], [80.2497893577842, 13.018305173828255], [80.24969714323194, 13.018304907109464], [80.24969578302989, 13.018757003302515], [80.24978799773486, 13.018757270039272], [80.24978745370613, 13.018938108514696], [80.2496952389293, 13.01893784177794], [80.24969387864641, 13.019389937953024], [80.24960166370788, 13.01938967117135], [80.24960030320938, 13.019841767319486], [80.24950808810019, 13.019841500492896], [80.24950672737711, 13.020293596614081], [80.2494145121062, 13.02029332975156], [80.24941396773612, 13.020474168191052], [80.24932175239336, 13.020473901292597], [80.24932148017687, 13.020564320507852], [80.24922926480716, 13.020564053573466], [80.24922844803196, 13.020835311219226], [80.24913623256343, 13.020835044239924], [80.24913541567145, 13.021106301876703], [80.2490432001041, 13.021106034861468], [80.2490426554286, 13.02128687327401], [80.24885822416813, 13.021286339144725], [80.24885795176301, 13.021376758342013], [80.24876573609686, 13.021376491227963], [80.24876519121473, 13.021557329631522], [80.24867297548569, 13.021557062472557], [80.24867243053171, 13.021737900867132], [80.24858021473979, 13.021737633672233], [80.24857994221787, 13.021828052869521], [80.248487726399, 13.021827785647673], [80.2484871812923, 13.022008624024282], [80.24839496540157, 13.022008356766502], [80.24839469281677, 13.022098775954806], [80.24830247689908, 13.02209850865211], [80.24830220426938, 13.022188927840416], [80.24820998831576, 13.02218866051077], [80.24820971565912, 13.022279079690092], [80.24811749967854, 13.022278812324513], [80.24811722697697, 13.022369231503834], [80.24802501096946, 13.022368964102323], [80.24802473824093, 13.022459383281646], [80.24793252218849, 13.022459115844201], [80.24793224942404, 13.022549535023524], [80.24784003335364, 13.022549267550147], [80.24783976054427, 13.022639686720487], [80.24774754443794, 13.02263941922016], [80.24774727160163, 13.022729838390498], [80.24765505546834, 13.02272957085424], [80.2476547825871, 13.022819990015597], [80.24747035024868, 13.022819454835282], [80.24746953141633, 13.023090712319348], [80.24728509888925, 13.023090177004287], [80.24728455285728, 13.02327101530903], [80.24710012020444, 13.02327047985024], [80.2470998471166, 13.023360899002611], [80.24700763075873, 13.023360631223808], [80.24700735763496, 13.023451050367196], [80.24682292485635, 13.023450514701793], [80.24682265166969, 13.023540933845181], [80.24673043524895, 13.023540665967564], [80.24672988879477, 13.023721504245358], [80.24663767231115, 13.023721236322825], [80.24663739904364, 13.023811655466213], [80.2464529660135, 13.023811119522332], [80.24645241934374, 13.023991957791143], [80.24636020277028, 13.02399168976081], [80.24635992939497, 13.024082108895216], [80.24617549618517, 13.024081572744723], [80.24617522274698, 13.024171991870146], [80.24608300610167, 13.024171723740999], [80.24608273262754, 13.024262142866421], [80.24599051596425, 13.024261874701343], [80.2459902424542, 13.024352293826766], [80.24589802574599, 13.024352025634737], [80.24589775220001, 13.024442444751177], [80.24571331873868, 13.02444190825034], [80.24571304512082, 13.02453232736678], [80.2456208283677, 13.024532059066953], [80.24562028106014, 13.024712897290849], [80.24543584741016, 13.024712360592382], [80.24543557368452, 13.024802779699838], [80.24515892312871, 13.024801974387135], [80.24515810164633, 13.025073231691538], [80.2447892338613, 13.02507215745917], [80.24478813798852, 13.02543383381713], [80.24460370384448, 13.025433296498827], [80.24460342980441, 13.025523715579332], [80.24441899559748, 13.025523178117298], [80.24441844737363, 13.025704016278311], [80.24432623020729, 13.025703747493395], [80.24432595605943, 13.025794166573903], [80.24414152166385, 13.025793628905255], [80.24414097323339, 13.025974467048302], [80.24395653871206, 13.025973929244909], [80.24395681299465, 13.025883510173385], [80.24386459577441, 13.025883241226772]], [[80.24451176084395, 13.02534260870527], [80.24451203491095, 13.02525218961578], [80.2446042519156, 13.025252458328831], [80.24460397787554, 13.025342877409336], [80.24451176084395, 13.02534260870527]], [[80.2471003932833, 13.023180060697866], [80.24710066637115, 13.023089641545495], [80.2471928826302, 13.023089909288366], [80.24719260957829, 13.023180328440738], [80.2471003932833, 13.023180060697866]], [[80.24913759401414, 13.020382948181622], [80.2491378662935, 13.020292528966367], [80.2492300815644, 13.020292795927704], [80.24922980931198, 13.020383215142957], [80.24913759401414, 13.020382948181622]], [[80.24913813857286, 13.020202109751112], [80.24913895540197, 13.019930852096367], [80.24923117053812, 13.01993111904872], [80.24923035380783, 13.020202376712449], [80.24913813857286, 13.020202109751112]], [[80.24923253171934, 13.019479022945502], [80.24923307617925, 13.019298184497027], [80.24932529108185, 13.019298451404465], [80.24932501888333, 13.0193888706287], [80.24941723382184, 13.01938913750919], [80.24941696165926, 13.019479556742409], [80.24923253171934, 13.019479022945502]], [[80.24941777813802, 13.019208299051732], [80.2494185946078, 13.018937041370037], [80.24951080937565, 13.01893730820561], [80.24951053725799, 13.01902772743883], [80.24960275206176, 13.019027994238469], [80.24960247998003, 13.01911841347169], [80.24951026514032, 13.019118146663066], [80.24950999301367, 13.019208565896287], [80.24941777813802, 13.019208299051732]]]}, "id": "+1861+6081", "properties": {"count": 1082, "water": 1}}, {"type": "Feature", "geometry": {"geodesic": false, "type": "Polygon", "coordinates": [[[80.25090716969757, 13.16722938533751], [80.2509079941354, 13.166958130665172], [80.25118480376489, 13.166958938394343], [80.2511850784697, 13.166868520167235], [80.25136961817478, 13.16686905848267], [80.25136989280772, 13.166778640246578], [80.2517389721011, 13.166779716482187], [80.25173924659929, 13.166689298237115], [80.25201605598622, 13.166690105058986], [80.25201578158683, 13.16678052330406], [80.25192351176125, 13.16678025439338], [80.25192323732593, 13.166870672647438], [80.25201550718745, 13.166870941558118], [80.25201523278805, 13.16696135980319], [80.25210750268552, 13.166961628686922], [80.25210722832206, 13.167052046940979], [80.25219949825545, 13.167052315788776], [80.25219894957345, 13.167233152287906], [80.25229121958769, 13.167233421108754], [80.25229039665004, 13.167504675861942], [80.25238266676308, 13.16750494465584], [80.25238211819787, 13.16768578115497], [80.2524743883828, 13.16768604992192], [80.25247356561582, 13.167957304675108], [80.25256583589955, 13.167957573415109], [80.25256501322241, 13.168228828168296], [80.25265728361394, 13.168229096881346], [80.2526567352194, 13.168409933380476], [80.25274900567382, 13.168410202066578], [80.25274818317634, 13.168681456819764], [80.25284045372956, 13.168681725469932], [80.25283990545181, 13.168862561978047], [80.25293217608588, 13.168862830601267], [80.25293135375011, 13.169134085363435], [80.25302362449197, 13.169134353959706], [80.25302307632202, 13.169315190467819], [80.25311534712678, 13.169315459028157], [80.25311452497066, 13.169586713790325], [80.25320679587422, 13.169586982332698], [80.25320597379896, 13.169858237094868], [80.25329824481032, 13.169858505601306], [80.25329769682004, 13.170039342109419], [80.25338996789428, 13.170039610588908], [80.2533891459897, 13.17031086536006], [80.2532046036256, 13.170310328347183], [80.25320487766567, 13.17021991010211], [80.25255897969679, 13.170218029550929], [80.25255925397042, 13.170127611314838], [80.2519133563429, 13.170125729146688], [80.25191390535726, 13.169944892701457], [80.25182163433692, 13.169944623691963], [80.2518224579483, 13.169673369019623], [80.25173018703575, 13.169673099983179], [80.2517307361669, 13.169492263528966], [80.25163846532621, 13.169491994465572], [80.25163956368733, 13.169130321566126], [80.25154729299038, 13.169130052475783], [80.2515481168443, 13.16885879779446], [80.25145584624617, 13.168858528677168], [80.25145639553902, 13.168677692231936], [80.25136412500376, 13.168677423078712], [80.25136522370623, 13.168315750179266], [80.25127295331471, 13.168315481008074], [80.25127377742017, 13.168044226335736], [80.25118150712746, 13.168043957128612], [80.25118233131376, 13.167772702456274], [80.25109006112885, 13.167772433231182], [80.25109088540499, 13.16750117854986], [80.25099861531889, 13.167500909297821], [80.25099943967588, 13.167229654625483], [80.25090716969757, 13.16722938533751]], [[80.25173348167893, 13.168588081239927], [80.25173403075617, 13.168407244776729], [80.25191857163804, 13.16840778276877], [80.25191802269553, 13.168588619240952], [80.25173348167893, 13.168588081239927]], [[80.2526523477757, 13.169856625337584], [80.2526528962331, 13.16967578885642], [80.25274516716362, 13.169676057560489], [80.25274461877807, 13.169856894041652], [80.2526523477757, 13.169856625337584]]]}, "id": "+1897+4430", "properties": {"count": 539, "water": 1}}, {"type": "Feature", "geometry": {"geodesic": false, "type": "Polygon", "coordinates": [[[80.25575378280328, 13.15114887238112], [80.25575514623928, 13.150696780194554], [80.25621646574078, 13.150698115917518], [80.25621619322784, 13.15078853436022], [80.25630845716049, 13.150788801411387], [80.25630791219753, 13.15096963831476], [80.25640017621102, 13.150969905329994], [80.25639963130195, 13.151150742233368], [80.25593831093806, 13.151149406797865], [80.25593803830836, 13.151239825231585], [80.25584577421402, 13.15123955804567], [80.25584604687067, 13.151149139602968], [80.25575378280328, 13.15114887238112]]]}, "id": "+1942+4607", "properties": {"count": 32, "water": 1}}, {"type": "Feature", "geometry": {"geodesic": false, "type": "MultiPolygon", "coordinates": [[[[80.25911888284399, 13.012997196359176], [80.25921109562655, 13.012997459628437], [80.25921082714707, 13.013087879104202], [80.25911861433755, 13.01308761582596], [80.25911888284399, 13.012997196359176]]], [[[80.25911888284399, 13.012997196359176], [80.25902667006143, 13.012996933053984], [80.25902613297669, 13.013177771996531], [80.25911834582213, 13.013178035301724], [80.25911754028485, 13.013449293711053], [80.25920975322911, 13.013449556989297], [80.25920921626116, 13.013630395931845], [80.25911700324502, 13.013630132644618], [80.25911592913842, 13.013991810511747], [80.2592081422893, 13.013992073807957], [80.25920787379185, 13.01408249327474], [80.25911566060503, 13.01408222997853], [80.2591145864625, 13.014443907836675], [80.25902237314993, 13.014443644504533], [80.25902210458061, 13.014534063962332], [80.2589298912321, 13.014533800594258], [80.25892962261787, 13.014624220052056], [80.2588374092424, 13.014623956648048], [80.25883714060123, 13.014714376105848], [80.25874492718984, 13.014714112665908], [80.25874465851271, 13.014804532123707], [80.25865244507438, 13.014804268647834], [80.25865190763929, 13.014985107545465], [80.25837526712665, 13.014984316929201], [80.25837499830581, 13.015074736369034], [80.25791393067395, 13.015073418001522], [80.25791366168242, 13.015163837441357], [80.25763702101706, 13.015163046016607], [80.25763675192673, 13.015253465447458], [80.2573601111895, 13.015252673726264], [80.25735984199136, 13.01534309314813], [80.25699098756427, 13.01534203705275], [80.25699125689717, 13.015251617639867], [80.25680682975998, 13.015251089403531], [80.2568065603642, 13.015341508816414], [80.2556999973255, 13.015338336604634], [80.25569972753446, 13.015428755990568], [80.25533087311636, 13.015427697532619], [80.2553306031816, 13.015518116909568], [80.25496174866468, 13.015517057921613], [80.25496147859518, 13.015607477289581], [80.2547770512873, 13.015606947597973], [80.25477678114594, 13.015697366956958], [80.25468456746506, 13.015697102061747], [80.25468429728775, 13.015787521420732], [80.25431544242947, 13.015786461489544], [80.25431517211743, 13.015876880848529], [80.25422295837366, 13.015876615773655], [80.25422268803466, 13.01596703513264], [80.25403826048425, 13.01596650489306], [80.25403880130598, 13.01578566620204], [80.25376216020045, 13.015784870609108], [80.25376188969076, 13.015875289950127], [80.25385410342555, 13.015875555186698], [80.2538538329518, 13.015965974527717], [80.25394604671354, 13.015966239728355], [80.25394577626673, 13.016056659069372], [80.2537613486714, 13.016056128632163], [80.25376107815273, 13.01614654797318], [80.25330000902069, 13.016145221305237], [80.25329973833135, 13.016235640637273], [80.2529308829251, 13.016234578702843], [80.25293061210999, 13.016324998025894], [80.25265397047446, 13.016324201220238], [80.25265369955154, 13.016414620534306], [80.25256148564608, 13.016414354866544], [80.25256121468725, 13.016504774180612], [80.25237678681344, 13.016504242746274], [80.25237651578274, 13.016594662051359], [80.2522843018144, 13.016594396284782], [80.25228403075674, 13.016684815589867], [80.25209960275717, 13.016684283948916], [80.25209933162766, 13.016774703245018], [80.25200711759643, 13.016774437379627], [80.25200684643097, 13.01686485667573], [80.25182241831463, 13.016864324828166], [80.2518221470773, 13.016954744124268], [80.25163771890706, 13.016954212141956], [80.25163744759789, 13.017044631429076], [80.25136080525267, 13.017043833204081], [80.25136053384468, 13.0171342524912], [80.25117610554867, 13.017133720176512], [80.25117664849941, 13.016952881611257], [80.25090000627996, 13.016952082910155], [80.25089973471027, 13.017042502179308], [80.25080752060718, 13.017042235873742], [80.25080724900155, 13.017132655151878], [80.25071503486254, 13.017132388810378], [80.25071476322097, 13.01722280807953], [80.25062254905501, 13.017222541711083], [80.25062227737752, 13.017312960971253], [80.25053006318458, 13.017312694566872], [80.25052979147117, 13.017403113827042], [80.25043757724231, 13.017402847386728], [80.25043730549295, 13.017493266646898], [80.25034509123715, 13.017493000170653], [80.25034454765759, 13.017673838690992], [80.2502523333389, 13.017673572178813], [80.25025178968748, 13.01785441069017], [80.25015957530591, 13.01785414414206], [80.25015930343977, 13.017944563393245], [80.25006708902227, 13.017944296809201], [80.25006681712918, 13.018034716060388], [80.2498823882313, 13.018034182784504], [80.24988266018727, 13.0179437635423], [80.24979044577874, 13.017943496850458], [80.24979071777065, 13.017853077608255], [80.24969850338908, 13.017852810898447], [80.24969877541692, 13.01776239164726], [80.24960656107127, 13.01776212490152], [80.24960683313505, 13.017671705659316], [80.24951461882534, 13.017671438886627], [80.2495151629978, 13.017490600402219], [80.24942294875996, 13.017490333593598], [80.24942322087762, 13.017399914360377], [80.24933100667572, 13.017399647524805], [80.24933155097393, 13.017218809040399], [80.2492393368349, 13.017218542177877], [80.24924069770172, 13.016766445975843], [80.24933291167005, 13.01676671282938], [80.24933345594133, 13.016585874335991], [80.2494256698378, 13.01658614116258], [80.2494259419375, 13.016495721911394], [80.24951815580702, 13.016495988693066], [80.24951869992557, 13.016315150199675], [80.24961091373223, 13.016315416945417], [80.24961145777891, 13.01613457843406], [80.24970367152268, 13.016134845143869], [80.2497039435056, 13.016044425892682], [80.24979615721342, 13.016044692566556], [80.24979697306337, 13.015773434786048], [80.24988918667239, 13.01577370142399], [80.24988973049449, 13.01559286290365], [80.24998194404063, 13.015593129496677], [80.24998248778189, 13.015412290967355], [80.25007470126513, 13.015412557533432], [80.25007497310433, 13.01532213826428], [80.25016718655165, 13.015322404794425], [80.25016745835491, 13.015231985525272], [80.25025967177527, 13.015232252019484], [80.25026021530094, 13.015051413472195], [80.25035242865843, 13.015051679930474], [80.25035270038083, 13.014961260652338], [80.25044491371138, 13.014961527074686], [80.25044518539785, 13.01487110779655], [80.25053739869246, 13.014871374182963], [80.25053767035197, 13.014780954895844], [80.25062988361066, 13.014781221255308], [80.25063015522527, 13.01469080196819], [80.25072236845699, 13.014691068291722], [80.25072264004464, 13.014600649004603], [80.25081485324044, 13.01460091528322], [80.25081512479217, 13.0145104959961], [80.25099955112985, 13.014511028463502], [80.25099982260971, 13.014420609167399], [80.25109203574263, 13.014420875356185], [80.25109230718655, 13.014330456060081], [80.25118452029251, 13.014330722203951], [80.25118479170949, 13.014240302907849], [80.25136921785854, 13.014240835096773], [80.25136948919466, 13.014150415791688], [80.25146170224673, 13.014150681836743], [80.25146197354692, 13.014060262531656], [80.25155418656306, 13.014060528549761], [80.2515544578363, 13.013970109235693], [80.2516466708165, 13.013970375208881], [80.25164694205381, 13.013879955903796], [80.25173915499808, 13.013880221841053], [80.25173942619946, 13.013789802526984], [80.25183163911677, 13.013790068437292], [80.25183191028223, 13.013699649123224], [80.25201633606297, 13.01370018083604], [80.25201660715655, 13.013609761512988], [80.2522010328744, 13.013610293091057], [80.2522013039051, 13.013519873768006], [80.25247794239652, 13.01352067087909], [80.25247821331943, 13.013430251547055], [80.2526626389295, 13.013430782792748], [80.25266290978053, 13.013340363451729], [80.2527551225541, 13.013340629020677], [80.25275539337821, 13.01325020967966], [80.25284760611585, 13.013250475221657], [80.25284787690401, 13.013160055880638], [80.25294008961471, 13.01316032137772], [80.25294036035795, 13.013069902036703], [80.25312478571648, 13.013070432932052], [80.25312505639684, 13.012980013582052], [80.25321726904467, 13.012980278980319], [80.25321753968909, 13.012889859630318], [80.25330975230996, 13.012890125001636], [80.25331002291846, 13.012799705642651], [80.25349444809731, 13.012800236268506], [80.25349471863395, 13.012709816909522], [80.25367914374992, 13.01271034740063], [80.25367941422367, 13.012619928041646], [80.25377162675471, 13.0126201932333], [80.25377189718354, 13.012529773874316], [80.25386410968764, 13.012530039030038], [80.25386438008952, 13.012439619662072], [80.25404880501685, 13.012440149883684], [80.25404907534687, 13.012349730506733], [80.25414128778807, 13.01234999556364], [80.25414155808215, 13.01225957618669], [80.25423377048743, 13.012259841216649], [80.25423404074559, 13.012169421839697], [80.25441846549326, 13.012169951782834], [80.25441873568853, 13.0120795323969], [80.25451094803091, 13.01207979731906], [80.25451121819026, 13.011989377933126], [80.25460343049672, 13.011989642819355], [80.25460370062012, 13.01189922343342], [80.25469591289963, 13.011899488283715], [80.2546961829871, 13.011809068897781], [80.25488060749223, 13.011809598499557], [80.25488087750784, 13.01171917910464], [80.25497308972447, 13.011719443856121], [80.25497335970414, 13.011629024461204], [80.2551577840835, 13.011629553856366], [80.25515805400029, 13.011539134452466], [80.25525026616302, 13.011539399105132], [80.25525053603491, 13.011448979701232], [80.2553427481617, 13.011449244317966], [80.25534301800663, 13.011358824905082], [80.25561965430617, 13.011359618548669], [80.25561938456005, 13.011450037952569], [80.25571159669583, 13.011450302434556], [80.25571186640602, 13.011359883021672], [80.25598850272353, 13.011360676270002], [80.25598877233489, 13.011270256848134], [80.25635762065343, 13.01127131403946], [80.25635789013005, 13.01118089460861], [80.25654231423093, 13.011181423006644], [80.25654258363568, 13.011091003575794], [80.25691143173863, 13.011092059967618], [80.25691170099965, 13.011001640527786], [80.2573727610138, 13.01100296026972], [80.25737303011313, 13.010912540811919], [80.2575574540613, 13.010913068482317], [80.25755718503383, 13.011003487931134], [80.25801824511086, 13.011004806532206], [80.2580179762451, 13.011095225990006], [80.25829461241888, 13.011096016758984], [80.25829434365193, 13.011186436225767], [80.25857097994249, 13.011187226707284], [80.25857071127434, 13.01127764618305], [80.25875513554591, 13.01127817300903], [80.25875459834438, 13.01145901196056], [80.25884681054305, 13.011459275328637], [80.25884546765153, 13.011911372707463], [80.25893768002986, 13.011911636057572], [80.25893714292715, 13.01209247500012], [80.25902935536836, 13.012092738323279], [80.25902720713718, 13.012816094111436], [80.25911941985687, 13.012816357407646], [80.25911888284399, 13.012997196359176]], [[80.25182241831463, 13.016864324828166], [80.25173020425646, 13.016864058854976], [80.25173101805824, 13.016592800975651], [80.25182323200862, 13.016593066939858], [80.25182296078027, 13.01668348623596], [80.2519151747666, 13.016683752173217], [80.25191490357419, 13.01677417146932], [80.25182268955194, 13.016773905532062], [80.25182241831463, 13.016864324828166]], [[80.25099330649115, 13.01659067205826], [80.2509938495407, 13.016409833501989], [80.25117827728874, 13.01641036591549], [80.25117854874166, 13.016319946637354], [80.25145519027838, 13.01632074500608], [80.25145546163247, 13.016230325718961], [80.25163988926374, 13.016230857800087], [80.25164016055496, 13.016140438503985], [80.251916801921, 13.016141236369654], [80.25191598835278, 13.016412494275928], [80.25173156057778, 13.016411962383447], [80.25173128931353, 13.01650238167955], [80.25163907539907, 13.016502115679412], [80.2516393466903, 13.016411696383308], [80.25136270504578, 13.01641089820323], [80.25136243364676, 13.016501317490349], [80.2510857919214, 13.016500519004842], [80.25108552042356, 13.01659093829196], [80.25099330649115, 13.01659067205826]]]]}, "id": "+1952+6153", "properties": {"count": 3936, "water": 1}}, {"type": "Feature", "geometry": {"geodesic": false, "type": "Polygon", "coordinates": [[[80.25782001551205, 13.139038661622939], [80.25782055885804, 13.138857824486005], [80.25800507789289, 13.138858356926455], [80.25800399146141, 13.139220031200324], [80.25809625111806, 13.139220297371143], [80.2580959795304, 13.13931071593961], [80.25818823922299, 13.13931098208348], [80.25818688146435, 13.139763074934796], [80.25827914132762, 13.139763341051717], [80.25827886980285, 13.139853759620184], [80.2580020901232, 13.139852961152643], [80.25800317661758, 13.139491286896742], [80.2579109168621, 13.139491020681007], [80.25791227509684, 13.139038927856639], [80.25782001551205, 13.139038661622939]]]}, "id": "+1961+4738", "properties": {"count": 23, "water": 1}}, {"type": "Feature", "geometry": {"geodesic": false, "type": "Polygon", "coordinates": [[[80.25914878559486, 13.126655032887518], [80.25914932744068, 13.126474195526004], [80.25933383727677, 13.126474726520168], [80.2593341081278, 13.12638430783492], [80.25951861791899, 13.126384838685356], [80.25951834713082, 13.126475257379585], [80.25970285699387, 13.126475788104257], [80.25970258626859, 13.126566206789503], [80.25988709620349, 13.12656673738841], [80.2598873668569, 13.126476318694179], [80.26016413167841, 13.126477114341009], [80.26016386112381, 13.12656753303524], [80.26025611610025, 13.126567798190962], [80.26025638661892, 13.126477379487747], [80.26034864155942, 13.126477644598555], [80.26034837107669, 13.126568063301768], [80.26062513603294, 13.126568858454526], [80.26062486564904, 13.126659277166723], [80.26080937569174, 13.126659807109858], [80.26080964600378, 13.12656938839766], [80.26090190099819, 13.126569653310838], [80.26090163071308, 13.126660072023036], [80.2611783957951, 13.126660866591887], [80.2611781256178, 13.126751285313068], [80.26127038068407, 13.126751550100481], [80.26127065083442, 13.1266611313793], [80.26145516090408, 13.126661660855312], [80.26145408056317, 13.127023335758002], [80.26117731504995, 13.127022541467626], [80.26117758524522, 13.126932122746446], [80.26053179935914, 13.126930268264374], [80.26053206978797, 13.12683984956116], [80.259794029168, 13.126837728180632], [80.25979429985735, 13.126747309495386], [80.25924076968433, 13.126745717087813], [80.25924104058028, 13.126655298402566], [80.25914878559486, 13.126655032887518]]]}, "id": "+1977+4876", "properties": {"count": 83, "water": 1}}, {"type": "Feature", "geometry": {"geodesic": false, "type": "Polygon", "coordinates": [[[80.26045112274146, 13.153875014136148], [80.26045139377216, 13.15378459562158], [80.26054365891753, 13.153784861208493], [80.2605439299123, 13.153694442693926], [80.26072846014912, 13.153694973759954], [80.26072656363489, 13.154327903397864], [80.26081882898686, 13.154328168894946], [80.26081828717697, 13.154509005933065], [80.2609105526098, 13.154509271403198], [80.26091001085382, 13.154690108441317], [80.26100227634953, 13.154690373875518], [80.26100200550748, 13.15478079239907], [80.26072520892154, 13.154779995979688], [80.26072547986242, 13.154689577465119], [80.26063321437569, 13.154689311923121], [80.2606337563293, 13.154508474893985], [80.26054149090545, 13.154508209325037], [80.26054338792275, 13.153875279723062], [80.26045112274146, 13.153875014136148]]]}, "id": "+1991+4574", "properties": {"count": 30, "water": 1}}, {"type": "Feature", "geometry": {"geodesic": false, "type": "Polygon", "coordinates": [[[80.26173084608536, 13.127024129742948], [80.26173138606268, 13.12684329228262], [80.26182364117386, 13.126843556881388], [80.26182391112658, 13.126753138142242], [80.26191616620184, 13.126753402705075], [80.26191589628505, 13.126843821435239], [80.26228491676571, 13.1268448793542], [80.26228464698367, 13.126935298093347], [80.26283817796518, 13.126936883979148], [80.26283790838076, 13.12702730272728], [80.26311467400177, 13.127028095230006], [80.26311440451617, 13.127118513987119], [80.26329891500804, 13.127119042160574], [80.26329864558531, 13.12720946092667], [80.26339090086718, 13.127209724968482], [80.26339117025395, 13.127119306202385], [80.2635756807548, 13.12711983417821], [80.26357541143989, 13.127210252944307], [80.26412894319394, 13.127211836090247], [80.26412867407664, 13.127302254865327], [80.26458995076445, 13.127303573250805], [80.26458968181782, 13.127393992034866], [80.26495870334054, 13.127395046153953], [80.2649584345197, 13.127485464947], [80.26440490204698, 13.127483883552774], [80.26440517106546, 13.127393464777693], [80.26385163887122, 13.127391882206675], [80.26385190808733, 13.127301463431595], [80.26366739744276, 13.1273009356534], [80.26366712815478, 13.127391354419496], [80.26357487280106, 13.127391090476499], [80.26357514211598, 13.127300671710403], [80.26265258901887, 13.12729803047482], [80.26265285867515, 13.127207611726691], [80.26237609288346, 13.127206818720907], [80.26237636263855, 13.127116399972778], [80.26182283131568, 13.127114813071879], [80.2618231012684, 13.127024394341715], [80.26173084608536, 13.127024129742948]]]}, "id": "+2003+4872", "properties": {"count": 76, "water": 1}}, {"type": "Feature", "geometry": {"geodesic": false, "type": "Polygon", "coordinates": [[[80.263109772039, 13.06662769676352], [80.26311004024001, 13.0665372775842], [80.26338673833466, 13.066538066206205], [80.26338647023246, 13.066628485394508], [80.26366316845288, 13.066629273729053], [80.26366290044949, 13.06671969292634], [80.26412406435381, 13.066721006164471], [80.26412379651212, 13.06681142537074], [80.2642160293361, 13.06681168792135], [80.26421629713288, 13.066721268715078], [80.26440076271795, 13.06672179371748], [80.26440049498406, 13.06681221292375], [80.26467719346499, 13.066813000189299], [80.26467746110006, 13.066722580974046], [80.2653230907242, 13.066724416753194], [80.26532282333167, 13.06681483597743], [80.26587622043725, 13.066816408235791], [80.26587595323338, 13.066906827469012], [80.26642935061743, 13.066908398550577], [80.26642908362017, 13.066998817792781], [80.26652131655194, 13.066999079525923], [80.26652158352226, 13.066908660283719], [80.2666138164271, 13.066908921980927], [80.2666135494927, 13.066999341232114], [80.26698248126473, 13.067000387697554], [80.2669822144651, 13.067090806957724], [80.26744337940247, 13.067092114320873], [80.2674431127735, 13.067182533581043], [80.26753534579512, 13.067182794954858], [80.26753561239713, 13.067092375694688], [80.26772007838645, 13.06709289833452], [80.26771981185631, 13.067183317612656], [80.26799651095708, 13.067184101338844], [80.2679967773884, 13.067093682060706], [80.26808901039205, 13.067093943236893], [80.26808874399664, 13.067184362515029], [80.26818097703622, 13.067184623664266], [80.26818071066778, 13.067275042942402], [80.26827294374328, 13.067275304055705], [80.26827241106928, 13.067456142611977], [80.26845687736402, 13.067456664748752], [80.2684566110944, 13.067547084035873], [80.26854884426871, 13.067547345059344], [80.26854857803501, 13.06763776433748], [80.26864081125426, 13.067638025334002], [80.26864054503852, 13.067728444612138], [80.2687327782937, 13.067728705572728], [80.26873251211389, 13.067819124859849], [80.268824745405, 13.067819385784505], [80.26882447926113, 13.067909805071624], [80.26891671258817, 13.067910065969333], [80.26891618035432, 13.068090904552554], [80.26900841374425, 13.06809116541433], [80.26900761548332, 13.06836242328467], [80.2689153819856, 13.068362162413912], [80.2689156481115, 13.068271743126793], [80.26873118119691, 13.06827122128646], [80.2687317135655, 13.068090382712223], [80.26854724679464, 13.06808986075511], [80.26854777929798, 13.067909022189854], [80.26845554597992, 13.0679087611574], [80.26845581225854, 13.067818341879263], [80.26836357897642, 13.067818080819858], [80.26836384529096, 13.067727661541722], [80.26817937879859, 13.067727139324099], [80.26817964517602, 13.067636720054946], [80.26808741197475, 13.067636458896725], [80.26808767837913, 13.067546039627572], [80.26790321203946, 13.067545517221303], [80.26790347850672, 13.06745509795215], [80.26762677910952, 13.0674543141002], [80.26762704568458, 13.067363894831047], [80.26735034640414, 13.067363110700619], [80.26735061307802, 13.067272691440449], [80.26698168086583, 13.06727164546908], [80.26698194766546, 13.06718122620891], [80.26688971465283, 13.067180964637467], [80.26688944781726, 13.067271383888654], [80.26661274868056, 13.067270598967708], [80.26661301562393, 13.067180179725504], [80.26605961761105, 13.067178609003264], [80.26605988475205, 13.067088189770043], [80.26532202112713, 13.067086093650142], [80.26532228852865, 13.066995674425906], [80.26467665819484, 13.066993838610825], [80.26467639055079, 13.067084257817095], [80.26449192469622, 13.067083732994357], [80.26449219240315, 13.066993313788085], [80.26384656219511, 13.066991475897897], [80.2638468301356, 13.066901056709593], [80.26347789875884, 13.066900005770542], [80.26347816683408, 13.066809586582236], [80.26329370123104, 13.066809060915082], [80.26329396936916, 13.066718641735761], [80.26320173659909, 13.066718378852777], [80.26320200476417, 13.066627959673454], [80.263109772039, 13.06662769676352]]]}, "id": "+2017+5538", "properties": {"count": 191, "water": 1}}, {"type": "Feature", "geometry": {"geodesic": false, "type": "MultiPolygon", "coordinates": [[[[80.26591815043501, 13.021335191371422], [80.26573371842896, 13.021334669234646], [80.26573345214136, 13.021425088782276], [80.26564123610689, 13.021424827668973], [80.26564096978336, 13.021515247216604], [80.26554875371296, 13.021514986058385], [80.26554902007243, 13.021424566519737], [80.26545680404693, 13.021424305334568], [80.26545733681976, 13.02124346624829], [80.26536512085717, 13.021243205036171], [80.26536565369288, 13.021062365949893], [80.26527343780214, 13.021062104710825], [80.26527397069175, 13.020881265624547], [80.26518175486389, 13.020881004349548], [80.26518202134014, 13.0207905848109], [80.26536645292398, 13.020791107315985], [80.26536725213712, 13.020519848673093], [80.26527503644402, 13.020519587443008], [80.26527530288433, 13.020429167895378], [80.26518308722716, 13.020428906638344], [80.26518335369443, 13.020338487090713], [80.26499892245194, 13.02033796447783], [80.26499865592179, 13.020428384016478], [80.2648142246254, 13.020427861268848], [80.26481449122741, 13.0203374417302], [80.26490670683967, 13.020337703121982], [80.26490697340574, 13.020247283583334], [80.26527583574699, 13.020248328800117], [80.26527690144536, 13.019886650609594], [80.26564576329254, 13.019887695278404], [80.26564602958014, 13.01979727572179], [80.26583046044533, 13.019797797849582], [80.26583072666106, 13.019707378292969], [80.26592294205773, 13.019707639307457], [80.26592240968914, 13.019888478438652], [80.26601462515767, 13.019888739426191], [80.26601435900481, 13.019979158991788], [80.26573771250041, 13.019978375921372], [80.26573558237928, 13.020701732374283], [80.26582779815324, 13.02070199344267], [80.26582753191055, 13.020792412999285], [80.26591974771146, 13.020792674040722], [80.26591921529796, 13.02097351315395], [80.26582699942519, 13.020973252112512], [80.26582620067917, 13.021244510764387], [80.26591841665075, 13.021244771814809], [80.26591815043501, 13.021335191371422]]], [[[80.26600876928288, 13.021877969707628], [80.26600823687836, 13.022058808802889], [80.26610045315537, 13.022059069808394], [80.26610018698456, 13.022149489356025], [80.26628461961045, 13.022150011259239], [80.26628408740355, 13.022330850372466], [80.26637630377938, 13.022331111279158], [80.26637603770737, 13.022421530835771], [80.26628382128663, 13.022421269920097], [80.2662835551787, 13.02251168947671], [80.26609912229229, 13.02251116755553], [80.26609965464291, 13.022330328460269], [80.26600743826708, 13.022330067454764], [80.26600770447384, 13.022239647907133], [80.26591548813394, 13.022239386865694], [80.26591575436764, 13.022148967318063], [80.26582353806369, 13.022148706258658], [80.26582380433331, 13.022058286711028], [80.26573158806528, 13.02205802561569], [80.26573238696402, 13.021786766972799], [80.26582460313323, 13.021787028068136], [80.26582433687258, 13.021877447615767], [80.26600876928288, 13.021877969707628]]], [[[80.26591815043501, 13.021335191371422], [80.26619479845758, 13.021335974325057], [80.26619320170215, 13.02187849166474], [80.26600876928288, 13.021877969707628], [80.2660095678672, 13.021606711046768], [80.26591735176086, 13.021606450023297], [80.26591815043501, 13.021335191371422]]]]}, "id": "+2043+6056", "properties": {"count": 139, "water": 1}}, {"type": "Feature", "geometry": {"geodesic": false, "type": "Polygon", "coordinates": [[[80.26621175326025, 13.078119856122889], [80.26621255519528, 13.07784859862984], [80.2663047921605, 13.077848860659426], [80.26630452488475, 13.07793927982078], [80.26639676187692, 13.077939541814432], [80.2663959601395, 13.078210799316464], [80.26658043434841, 13.078211323213939], [80.2665801671625, 13.078301742384276], [80.26667240429839, 13.078302004288098], [80.26667160283947, 13.078573261799113], [80.26685607732685, 13.078573785516923], [80.26685527604758, 13.078845043027938], [80.26703975074157, 13.078845566628967], [80.26703948370837, 13.078935985799305], [80.2671317210958, 13.078936247550413], [80.26713145409853, 13.079026666729733], [80.26722369151291, 13.07902692844491], [80.26722342455157, 13.07911734762423], [80.26731566200188, 13.079117609312455], [80.26731539506748, 13.079208028491777], [80.26740763256271, 13.07920829014407], [80.26740736565527, 13.07929870932339], [80.26759184070859, 13.079299232547129], [80.26759157387302, 13.07938965172645], [80.26768381144011, 13.079389913288912], [80.26768354463148, 13.079480332477216], [80.26786801983752, 13.079480855503324], [80.26786775309178, 13.079571274691627], [80.26795999073073, 13.079571536155274], [80.26795972402093, 13.07966195534358], [80.26842091240432, 13.079663262194687], [80.26842064585621, 13.079753681391976], [80.26943526084587, 13.079756553584417], [80.26943552702568, 13.07966613436018], [80.26971224014015, 13.079666916990421], [80.26971250621216, 13.079576497766185], [80.26980474388704, 13.079576758574062], [80.26980500992312, 13.079486339349824], [80.26998948521899, 13.079486860866762], [80.26998975118319, 13.079396441633541], [80.27026646403716, 13.07939722365293], [80.27026672990254, 13.079306804410725], [80.27045120508164, 13.079307325586305], [80.2704506734856, 13.07948816407071], [80.27054291114253, 13.079488424609092], [80.2705421138428, 13.079759682335704], [80.27044987607808, 13.079759421788339], [80.27044934446407, 13.079940260263761], [80.27026486881786, 13.079939739061233], [80.2702646029345, 13.080030158294454], [80.27008012722541, 13.080029636948195], [80.27008039317165, 13.07993921772396], [80.26980367972479, 13.079938435471009], [80.26980341367974, 13.080028854695247], [80.2686965596767, 13.080025722719009], [80.268696826126, 13.079935303512737], [80.26860458833434, 13.079935042300619], [80.26860432184911, 13.080025461497907], [80.26851208403049, 13.08002520025884], [80.26851235055166, 13.079934781061551], [80.2683278749863, 13.079934258475618], [80.26832814157034, 13.07984383927833], [80.26795919059232, 13.079842793720188], [80.26795945731112, 13.079752374531884], [80.26777498189847, 13.079751851559674], [80.26777524868014, 13.07966143237137], [80.26759077334833, 13.079660909273397], [80.2675910401929, 13.079570490094076], [80.26740656493295, 13.079569966861355], [80.26740683184937, 13.079479547682034], [80.2672223566613, 13.079479024323549], [80.2672226236406, 13.079388605153211], [80.26713038608251, 13.079388343429054], [80.26713065308876, 13.079297924249731], [80.26703841557557, 13.079297662498623], [80.26703868260877, 13.079207243319303], [80.26685420764528, 13.07920671970929], [80.26685447475035, 13.079116300538953], [80.26676223730902, 13.07911603868903], [80.26676250444105, 13.079025619518692], [80.26667026702667, 13.07902535764182], [80.26667053419462, 13.078934938471482], [80.26657829682516, 13.078934676558678], [80.26657909840986, 13.078663419056646], [80.26648686113921, 13.078663157116893], [80.26648712836106, 13.078572737955538], [80.26639489112635, 13.07857247597985], [80.26639569289071, 13.078301218486803], [80.26630345575482, 13.078300956484167], [80.26630399032427, 13.078120118152473], [80.26621175326025, 13.078119856122889]]]}, "id": "+2049+5413", "properties": {"count": 179, "water": 1}}, {"type": "Feature", "geometry": {"geodesic": false, "type": "Polygon", "coordinates": [[[80.26569678375589, 13.158411030088086], [80.2656975913503, 13.15813977431082], [80.2657898582384, 13.158140038101104], [80.26579039656282, 13.157959200910271], [80.26615946386367, 13.157960255721061], [80.26615892580875, 13.158141092920877], [80.26625119270584, 13.15814135654048], [80.26625092371431, 13.158231775144879], [80.26634319064732, 13.158232038737534], [80.2663423837446, 13.158503294550732], [80.26625011671277, 13.158503030949095], [80.26624957870277, 13.158683868148911], [80.26588051031494, 13.15868281341897], [80.26588024117969, 13.158773232014386], [80.26578797404905, 13.158772968242069], [80.2657890507428, 13.15841129387837], [80.26569678375589, 13.158411030088086]], [[80.26615811871739, 13.158412348725092], [80.26615838774485, 13.158321930120692], [80.2662506547138, 13.158322193749278], [80.26625038571328, 13.158412612353679], [80.26615811871739, 13.158412348725092]]]}, "id": "+2050+4527", "properties": {"count": 44, "water": 1}}, {"type": "Feature", "geometry": {"geodesic": false, "type": "MultiPolygon", "coordinates": [[[[80.26343032447546, 13.144932054436048], [80.2635225863779, 13.144932318774302], [80.26352231666773, 13.145022737414635], [80.26343005472935, 13.145022473076379], [80.26343032447546, 13.144932054436048]]], [[[80.26343032447546, 13.144932054436048], [80.263338062582, 13.14493179006186], [80.26333779279996, 13.145022208693208], [80.26315326893217, 13.145021679846018], [80.26315299908725, 13.145112098477366], [80.26278395125289, 13.145111040369759], [80.26278449122121, 13.144930203116044], [80.26269222933674, 13.144929938508294], [80.26269195932113, 13.14502035713066], [80.26259969740072, 13.14502009249596], [80.2626007775979, 13.144658418006497], [80.26250851582121, 13.144658153335865], [80.26250959611721, 13.144296478846401], [80.26241733447527, 13.14429621414882], [80.26242030550036, 13.143301609266862], [80.26232804423572, 13.143301344560298], [80.26232831435014, 13.14321092593793], [80.26223605311245, 13.143210661195434], [80.26223578297108, 13.143301079826783], [80.26214352169745, 13.143300815048352], [80.26214298133385, 13.143481652302068], [80.26205071999735, 13.143481387487705], [80.26205099021956, 13.143390968874323], [80.2618664676274, 13.143390439155766], [80.26186781904393, 13.142938346061902], [80.26177555792302, 13.142938081166692], [80.26177636884121, 13.142666825308577], [80.261591846806, 13.142666295428324], [80.26159238754688, 13.142485458192574], [80.26168464849711, 13.142485723141686], [80.26168518916613, 13.142304885905936], [80.2617774500445, 13.142305150819114], [80.26177799063267, 13.142124313574381], [80.26205477309709, 13.142125108107301], [80.26205504328338, 13.142034689475953], [80.2621473040809, 13.142034954254383], [80.26214757423125, 13.141944535623033], [80.26233209575443, 13.141945065072095], [80.26233236583292, 13.141854646440747], [80.26307045172798, 13.141856762907489], [80.26307018191, 13.141947181565786], [80.26343922503719, 13.14194823900864], [80.26343976439468, 13.141767401692043], [80.2639933287486, 13.141768986850211], [80.26399359821623, 13.141678568173946], [80.26537750890341, 13.141682525827694], [80.265377777868, 13.141592107133462], [80.26648490633329, 13.141595267864773], [80.26648356351365, 13.142047361479658], [80.26657582440099, 13.142047624668072], [80.2665755558676, 13.142138043398235], [80.26648329494432, 13.142137780200839], [80.26648275780568, 13.1423186176432], [80.26657501879184, 13.142318880840596], [80.2665696475851, 13.14412725512946], [80.2664773859162, 13.144126991896133], [80.26647711730197, 13.144217410599346], [80.26638485560613, 13.14421714733907], [80.26638458695597, 13.144307566042285], [80.2662923252242, 13.14430730273709], [80.2662920565381, 13.144397721440304], [80.26619979477938, 13.14439745809918], [80.26619925733532, 13.144578295496625], [80.26610699550474, 13.144578032119567], [80.26610565167897, 13.145030125590722], [80.26601338968669, 13.145029862177731], [80.26601365848957, 13.1449394434835], [80.26592139653323, 13.144939180034577], [80.26592166537205, 13.14484876134933], [80.26582940345163, 13.144848497873456], [80.2658296723174, 13.144758079179224], [80.26555288667294, 13.144757288553977], [80.26555261769937, 13.144847707230243], [80.26546035578795, 13.144847443619621], [80.26545981777794, 13.145028280981135], [80.26527529382932, 13.145027753652096], [80.26527502474795, 13.145118172328361], [80.26472145273141, 13.145116589532764], [80.26472333763941, 13.144483658870776], [80.26463107587172, 13.144483394972694], [80.26463188376258, 13.144212138970849], [80.26472414542248, 13.14421240286893], [80.26472441467452, 13.144121984192665], [80.26463215305056, 13.144121720303568], [80.26463376876042, 13.143579208272929], [80.26454150733409, 13.14357894435688], [80.26454177664901, 13.1434885256896], [80.26435725388616, 13.14348799775869], [80.26435698450835, 13.14357841642597], [80.264264723091, 13.14357815241111], [80.26426418426352, 13.143758989745672], [80.26417192278329, 13.143758725685895], [80.26417165333362, 13.143849144353176], [80.26407939181745, 13.14384888026645], [80.26407885284624, 13.144029717583047], [80.26389432968813, 13.144029189301794], [80.26389406013067, 13.14411960795111], [80.26380179852467, 13.144119343765567], [80.26380152893127, 13.144209762414883], [80.26370926728933, 13.144209498184425], [80.26370872803066, 13.144390335483056], [80.26352420463002, 13.144389806923327], [80.26352474402343, 13.144208969633679], [80.26343248239047, 13.144208705304406], [80.26343167318807, 13.144479961234385], [80.26361619666058, 13.14448048986598], [80.26361538763784, 13.144751745795961], [80.26352312580725, 13.144751481493637], [80.26352285609707, 13.14484190013397], [80.26343059422157, 13.144841635795714], [80.26343032447546, 13.144932054436048]], [[80.2633431880546, 13.14321383585063], [80.26334372753784, 13.143032998552], [80.26343598873062, 13.143033262881273], [80.26343544931026, 13.143214100188887], [80.2633431880546, 13.14321383585063]], [[80.26334480647738, 13.142671323945756], [80.26334507620552, 13.142580905287458], [80.26343733722763, 13.14258116961673], [80.26343706752643, 13.142671588266046], [80.26334480647738, 13.142671323945756]]]]}, "id": "+2053+4708", "properties": {"count": 1527, "water": 1}}, {"type": "Feature", "geometry": {"geodesic": false, "type": "Polygon", "coordinates": [[[80.26740206175928, 13.112301929593439], [80.2674028645657, 13.112030672747178], [80.26749511426901, 13.112030935019309], [80.26749538183222, 13.111940516064566], [80.26740313216483, 13.111940253801418], [80.26740447011561, 13.11148815903669], [80.267588969127, 13.111488683518068], [80.26758870160872, 13.111579102481793], [80.26768095115034, 13.111579364673075], [80.267680683659, 13.111669783627818], [80.26777293323656, 13.11167004579215], [80.26777266578115, 13.111760464755877], [80.26795716500814, 13.111760988985726], [80.26795663023206, 13.111941826913178], [80.26804887991743, 13.111942088978696], [80.26804834519525, 13.112122926906148], [80.26814059494349, 13.1121231889537], [80.26813899092969, 13.11266570272707], [80.26804674097484, 13.112665440670535], [80.2680470083494, 13.112575021715793], [80.26795475843048, 13.112574759632308], [80.2679542236095, 13.112755597541794], [80.26786197362769, 13.112755335422376], [80.26786170618126, 13.112845754377119], [80.26776945616352, 13.11284549222177], [80.26776999111925, 13.112664654321268], [80.26767774117339, 13.112664392138969], [80.26767854369233, 13.112393135274742], [80.26758629384527, 13.112392873065494], [80.26758656138153, 13.11230245411075], [80.26740206175928, 13.112301929593439]]]}, "id": "+2064+5041", "properties": {"count": 73, "water": 1}}, {"type": "Feature", "geometry": {"geodesic": false, "type": "MultiPolygon", "coordinates": [[[[80.2656671578568, 13.075134450893025], [80.26566689041037, 13.075224870063362], [80.26585136236451, 13.075225394365079], [80.26585109498096, 13.0753158135444], [80.26575885896797, 13.075315551407018], [80.26575832412003, 13.075496389756676], [80.26566608804414, 13.07549612758336], [80.26566582058874, 13.0755865467537], [80.26575805670055, 13.075586808927014], [80.26575752184362, 13.075767647267691], [80.26584975801833, 13.075767909414058], [80.2658494906258, 13.075858328584395], [80.26594172683643, 13.075858590703811], [80.26594119210527, 13.076039429044489], [80.26584895582278, 13.076039166925073], [80.26584868842127, 13.07612958609541], [80.26594092473071, 13.076129848214826], [80.26594065736514, 13.076220267385166], [80.26575618466539, 13.076219743110398], [80.26575645210283, 13.07612932394006], [80.2656642157934, 13.076129061757761], [80.26566555312435, 13.075676965924037], [80.26557331698558, 13.07567670371479], [80.26557492192465, 13.07513418869276], [80.2656671578568, 13.075134450893025]]], [[[80.26576073085938, 13.074682617178716], [80.2657609982609, 13.074592197999396], [80.26585323400441, 13.074592460118811], [80.26585350137897, 13.07450204093949], [80.26594573708654, 13.074502303022975], [80.26594653908445, 13.074231045476028], [80.2660387747022, 13.07423130752358], [80.26603957657436, 13.073960049958666], [80.26613181209328, 13.073960311970284], [80.26613261384865, 13.073689054387405], [80.26622484925979, 13.07368931636309], [80.26622511648164, 13.073598897165803], [80.26631735186581, 13.073599159105557], [80.26631761904274, 13.07350873990827], [80.26640985439099, 13.073509001803107], [80.26641038868198, 13.073328163408531], [80.26650262396734, 13.073328425267437], [80.26650315817747, 13.073147586863879], [80.26668762862244, 13.073148110491857], [80.26668789565564, 13.073057691276604], [80.26678013085117, 13.073057953036695], [80.26678066484571, 13.072877114615169], [80.26687289997837, 13.072877376339328], [80.26687316693969, 13.072786957124073], [80.26696540203642, 13.072787218821283], [80.26696566896182, 13.072696799597045], [80.26705790402261, 13.07269706125832], [80.26705817091208, 13.072606642034083], [80.26715040594591, 13.072606903659427], [80.26715067279945, 13.07251648443519], [80.26724290780633, 13.072516746015618], [80.26724317462394, 13.07242632679138], [80.26733540959489, 13.07242658834486], [80.26733567637658, 13.072336169120621], [80.26742791131159, 13.072336430629184], [80.26742817806631, 13.072246011404946], [80.26752041296541, 13.07224627288656], [80.2675206796842, 13.07215585365334], [80.26770514942848, 13.072156376508767], [80.26770488279054, 13.072246795741988], [80.26761264787348, 13.07224653433224], [80.2676123811996, 13.072336953565461], [80.26752014625559, 13.072336692110797], [80.26751961281802, 13.072517530577237], [80.26733514280424, 13.072517007569095], [80.26733434243228, 13.072788265241808], [80.26714987222985, 13.07278774209892], [80.26714933850481, 13.072968580529427], [80.26705710333623, 13.072968318904083], [80.26705683643777, 13.073058738119338], [80.26696460124224, 13.073058476458062], [80.26696433430786, 13.073148895673315], [80.26687209907638, 13.073148633976107], [80.26687183210606, 13.07323905319136], [80.26677959684766, 13.07323879145822], [80.26677906283514, 13.073419629879744], [80.26668682750487, 13.07341936811067], [80.26668656046269, 13.073509787316942], [80.26659432510544, 13.073509525511934], [80.26659405802734, 13.073599944718206], [80.26650182263417, 13.073599682877267], [80.26650128840608, 13.073780521280826], [80.26640905295002, 13.073780259403954], [80.26640851864109, 13.073961097798529], [80.26631628312215, 13.073960835885725], [80.26631574874133, 13.074141674271317], [80.26622351315953, 13.07414141232258], [80.2662224442362, 13.07450308908478], [80.26613020851966, 13.074502827100112], [80.26612994125288, 13.074593246288416], [80.2660377055004, 13.074592984258832], [80.2660374381977, 13.074683403447136], [80.26576073085938, 13.074682617178716]]], [[[80.26576073085938, 13.074682617178716], [80.26576019604738, 13.074863455528376], [80.2658524318897, 13.074863717656775], [80.26585216450616, 13.074954136836098], [80.2657599286279, 13.074953874707697], [80.26575939380692, 13.075134713057357], [80.2656671578568, 13.075134450893025], [80.26566849508893, 13.074682355023368], [80.26576073085938, 13.074682617178716]]]]}, "id": "+2064+5476", "properties": {"count": 114, "water": 1}}, {"type": "Feature", "geometry": {"geodesic": false, "type": "MultiPolygon", "coordinates": [[[[80.26938103587631, 13.160591603752861], [80.26938076798072, 13.160682022402177], [80.26928850006855, 13.160681759851569], [80.26928876800007, 13.160591341202254], [80.26938103587631, 13.160591603752861]]], [[[80.26938612558698, 13.158873649290106], [80.26938585772733, 13.158964067948405], [80.26929359045296, 13.158963805442712], [80.26929385834853, 13.158873386784414], [80.26938612558698, 13.158873649290106]]], [[[80.27030960060709, 13.158605016521605], [80.27040186776469, 13.15860527866797], [80.27040160028233, 13.158695697353219], [80.27030933309779, 13.158695435206852], [80.27030960060709, 13.158605016521605]]], [[[80.2704106935866, 13.155621461740377], [80.27041096100606, 13.15553104302818], [80.27059549302156, 13.155531567087351], [80.27059522567396, 13.155621985790566], [80.2704106935866, 13.155621461740377]]], [[[80.2681040431773, 13.155614899834688], [80.26801177718752, 13.155614636924753], [80.2680123137692, 13.155433799608156], [80.26792004785129, 13.155433536671273], [80.26792058449585, 13.15525269936366], [80.2680128503509, 13.15525296229156], [80.2680133869236, 13.155072124974962], [80.26810565270677, 13.15507238786693], [80.26810592095269, 13.154981969208633], [80.26819818670891, 13.154982232064667], [80.26819845492788, 13.154891813406369], [80.26829072064818, 13.15489207622647], [80.26829125699629, 13.154711238891908], [80.26819899134787, 13.154710976071806], [80.2681992595489, 13.154620557404524], [80.26810699392742, 13.154620294548488], [80.26810833510315, 13.15416820121208], [80.26801606965236, 13.154167938338079], [80.26801687443506, 13.15389668232725], [80.26810913977805, 13.153896945201252], [80.268109676225, 13.153716107857706], [80.2682019415051, 13.153716370695776], [80.26820167332205, 13.15380678937204], [80.2682939386381, 13.153807052174177], [80.26829447494131, 13.153626214821646], [80.26810994444396, 13.153625689190424], [80.26811101729292, 13.153264014494349], [80.26829554752078, 13.153264540107603], [80.26829527938264, 13.153354958783869], [80.26857207483671, 13.1533557469657], [80.2685718067974, 13.153446165650948], [80.26866407198767, 13.153446428318336], [80.26866353596294, 13.153627265688833], [80.2685712707008, 13.153627003021443], [80.2685707346042, 13.153807840382955], [80.26866299992923, 13.153808103050345], [80.26866273190788, 13.153898521735593], [80.26875499726884, 13.153898784376032], [80.26875472928343, 13.15398920306128], [80.26884699468032, 13.153989465665788], [80.26884672673084, 13.154079884351034], [80.2690312575965, 13.154080409470218], [80.26903098970989, 13.15417082816445], [80.26884645877237, 13.154170303036283], [80.2688461908139, 13.154260721721531], [80.2690307218143, 13.154261246849696], [80.26903045391872, 13.154351665534945], [80.26893818838708, 13.154351402984336], [80.26893792045556, 13.154441821669584], [80.26903018602313, 13.154442084220193], [80.26902857860472, 13.154984596322697], [80.2691208443789, 13.15498485885534], [80.26911950498183, 13.155436952263612], [80.2692117709267, 13.155437214769305], [80.26921150307602, 13.155527633454552], [80.26948830102741, 13.155528420774], [80.26948776551471, 13.155709258144496], [80.26967229762903, 13.15570978286842], [80.269672565318, 13.155619364183172], [80.26958029929229, 13.155619101839177], [80.26958056701719, 13.155528683144945], [80.26994963099428, 13.155529732314315], [80.26994936340412, 13.15562015101753], [80.27004162943882, 13.155620413226778], [80.27004189699305, 13.155529994523564], [80.27031869499832, 13.15553078095368], [80.2703184275519, 13.155621199656894], [80.2704106935866, 13.155621461740377], [80.2704104261761, 13.155711880443592], [80.27059495832634, 13.155712404502761], [80.27059442362213, 13.155893241918173], [80.27040989132816, 13.155892717850021], [80.2704088216233, 13.156254392662877], [80.27050108790952, 13.156254654719412], [80.27050135530206, 13.156164236016197], [80.27068588780264, 13.156164760030453], [80.2706842838068, 13.156707272258721], [80.2705920173499, 13.156707010256085], [80.27059174997534, 13.1567974289593], [80.27068401645919, 13.156797690961936], [80.27068374912056, 13.15688810966515], [80.27059148260078, 13.156887847662514], [80.27059121522622, 13.156978266356745], [80.27077574833766, 13.15697879034405], [80.2707752137053, 13.157159627741496], [80.27068294708671, 13.157159365765809], [80.27068321443433, 13.157068947071577], [80.27059094784266, 13.15706868505996], [80.27059041307558, 13.157249522457406], [80.27049814643003, 13.157249260409854], [80.27049787901055, 13.157339679104084], [80.2703133456386, 13.157339154910167], [80.27031307814725, 13.157429573604398], [80.27022081143882, 13.157429311449048], [80.27022027638428, 13.157610148828528], [80.27049707673416, 13.157610935186778], [80.27049734416262, 13.157520516492546], [80.27068187766932, 13.1575210405607], [80.27068134295612, 13.157701877958145], [80.27077360978134, 13.157702139942815], [80.27077334245169, 13.15779255864603], [80.27068107559055, 13.157792296652376], [80.27068080823395, 13.157882715346608], [80.27077307512205, 13.157882977340261], [80.2707728077924, 13.15797339603449], [80.27068054086837, 13.157973134040839], [80.27068000612823, 13.158153971429302], [80.27077227312412, 13.158154233431937], [80.2707720057855, 13.158244652126168], [80.270495204699, 13.158243866019445], [80.27049493726156, 13.158334284713677], [80.27058720432034, 13.158334546779194], [80.27058693690984, 13.158424965473426], [80.2704024027294, 13.158424441297475], [80.27040267020278, 13.158334022612227], [80.27031040315299, 13.158333760474843], [80.27030960060709, 13.158605016521605], [80.27021733345849, 13.15860475434829], [80.2702186711847, 13.158152660940015], [80.26994187023294, 13.158151874249388], [80.26994160259787, 13.158242292925653], [80.26984933558401, 13.158242030626573], [80.26984880022404, 13.158422867979104], [80.26994106730078, 13.158423130287165], [80.26994079965672, 13.158513548954447], [80.2700330667694, 13.158513811226578], [80.27003253153518, 13.158694648579107], [80.26994026435064, 13.158694386306976], [80.2699399966976, 13.158784804983242], [80.27003226391808, 13.158785067255373], [80.2700317286659, 13.158965904607902], [80.26984719409919, 13.158965380018726], [80.26984772948612, 13.158784542675178], [80.26975546227462, 13.158784280331183], [80.26975492682482, 13.158965117665746], [80.26966265954147, 13.158964855285818], [80.26966346281499, 13.158693599283973], [80.26957119563943, 13.158693336877096], [80.26957092785165, 13.158783755544377], [80.26947866064914, 13.158783493101566], [80.26947839282542, 13.158873911768849], [80.26938612558698, 13.158873649290106], [80.26938639344662, 13.158783230631807], [80.26929412624412, 13.158782968117132], [80.2692949299129, 13.158511712133253], [80.26920266280922, 13.158511449600612], [80.2692037344724, 13.158149774949452], [80.26911146751245, 13.15814951238986], [80.26911200340243, 13.15796867506428], [80.26892746961724, 13.157968149855266], [80.26892586152509, 13.158510661796074], [80.26883359443936, 13.158510399128685], [80.26883332638208, 13.158600817778], [80.26901786063438, 13.158601343085829], [80.26901652065341, 13.159053436359354], [80.26910878795472, 13.159053698972844], [80.26910798405238, 13.159324954929774], [80.26920025145252, 13.159325217516315], [80.26919998351201, 13.159415636174613], [80.26929225094808, 13.159415898725221], [80.26929171512997, 13.159596736041818], [80.26947625014584, 13.159597261053204], [80.26947571446246, 13.1597780983698], [80.26956798203328, 13.159778360830577], [80.26956771421855, 13.159868779497858], [80.26993678469046, 13.159869829017572], [80.26993651701046, 13.159960247684852], [80.27002878466213, 13.159960509983932], [80.270027981712, 13.160231765985777], [80.26993571396152, 13.160231503677714], [80.26993544627256, 13.160321922344997], [80.26975091069075, 13.160321397630055], [80.26975064293889, 13.160411816288354], [80.26956610730318, 13.160411291429684], [80.26956557163778, 13.160592128737298], [80.26938103587631, 13.160591603752861], [80.2693813037719, 13.160501185094564], [80.26928903593158, 13.160500922552938], [80.26928983970816, 13.160229666604993], [80.26919757196667, 13.160229404036418], [80.2691981078836, 13.160048566737787], [80.26864450188378, 13.160046990634639], [80.26864503819597, 13.159866153353974], [80.2685527705982, 13.15986589056082], [80.26855330697327, 13.159685053280157], [80.26864557449917, 13.15968531607331], [80.2686458426463, 13.159594897432976], [80.26855357515633, 13.159594634648807], [80.26855384333038, 13.159504216008475], [80.26883064571047, 13.159505004271153], [80.26883198606873, 13.15905291103356], [80.26873971877639, 13.159052648321255], [80.2687402549718, 13.158871811022625], [80.26855572053086, 13.158871285508184], [80.2685551842007, 13.159052122797831], [80.26864745148406, 13.159052385573018], [80.2686471833549, 13.159142804222332], [80.26846264870734, 13.159142278627042], [80.26846345331936, 13.158871022697063], [80.26837118609889, 13.158870759858994], [80.26837225901073, 13.158509085288683], [80.268279991934, 13.158508822414682], [80.26828052844381, 13.158327985134017], [80.26837279545767, 13.158328247999036], [80.26837306367665, 13.15823782934972], [80.26828079669872, 13.158237566493684], [80.26828106495363, 13.15814714784437], [80.26837333189563, 13.158147410709388], [80.26837360010562, 13.158056992060072], [80.26846586702067, 13.158057254880175], [80.26846667155183, 13.157785998932228], [80.26837440474459, 13.157785736112126], [80.26837494115559, 13.157604898813496], [80.26819040767585, 13.157604373083458], [80.26819201726819, 13.15706186119655], [80.26809975073941, 13.157061598286615], [80.26810001903026, 13.156971179646284], [80.26819228553208, 13.156971442547235], [80.2681928220419, 13.156790605239621], [80.26810055561194, 13.15679034233867], [80.26810216529412, 13.15624783042481], [80.26800989907078, 13.156247567505893], [80.26801016737959, 13.156157148856579], [80.268102433567, 13.156157411775496], [80.26810297011275, 13.155976574458899], [80.26801070398822, 13.155976311548965], [80.2680104356884, 13.156066730207263], [80.26791816952793, 13.156066467252414], [80.26791870619945, 13.1558856299448], [80.26810323838562, 13.155886155809583], [80.26810350664951, 13.155795737151285], [80.26801124058787, 13.155795474241351], [80.2680115088877, 13.155705055583052], [80.26810377491341, 13.155705318492986], [80.2681040431773, 13.155614899834688]], [[80.2681040431773, 13.155614899834688], [80.26810431143221, 13.15552448117639], [80.26819657739505, 13.15552474405039], [80.26819630916708, 13.15561516270869], [80.2681040431773, 13.155614899834688]], [[80.26810833510315, 13.15416820121208], [80.26810887155908, 13.153987363877517], [80.26829340232591, 13.153987889517722], [80.26829313416981, 13.154078308193988], [80.26820086874598, 13.154078045382867], [80.26820060055394, 13.154168464059133], [80.26810833510315, 13.15416820121208]], [[80.26819818670891, 13.154982232064667], [80.26829045247412, 13.154982494893753], [80.26829018429108, 13.155072913561035], [80.26819791849891, 13.155072650731949], [80.26819818670891, 13.154982232064667]], [[80.26837494115559, 13.157604898813496], [80.2683752093566, 13.15751448016418], [80.26846747606504, 13.1575147429753], [80.26846720789996, 13.157605161633597], [80.26837494115559, 13.157604898813496]], [[80.2685712707008, 13.153627003021443], [80.26847900544763, 13.15362674031812], [80.26847927353187, 13.153536321641857], [80.2685715387491, 13.153536584336194], [80.2685712707008, 13.153627003021443]], [[80.2692949299129, 13.158511712133253], [80.26929519779053, 13.158421293474955], [80.26938746485828, 13.158421555971664], [80.26938719700762, 13.158511974638946], [80.2692949299129, 13.158511712133253]], [[80.26994026435064, 13.158694386306976], [80.26984799717509, 13.158694123998915], [80.26984826485507, 13.158603705331632], [80.26994053200369, 13.158603967630713], [80.26994026435064, 13.158694386306976]], [[80.2703184275519, 13.155621199656894], [80.27031816009648, 13.155711618360108], [80.27022589402586, 13.155711356249673], [80.27022616150822, 13.155620937546459], [80.2703184275519, 13.155621199656894]], [[80.26819711384198, 13.155343906724811], [80.26819738206096, 13.155253488057529], [80.26828964792497, 13.155253750895598], [80.26828937973295, 13.155344169553898], [80.26819711384198, 13.155343906724811]], [[80.26829152517035, 13.154620820224627], [80.26829179334442, 13.154530401548362], [80.26838405893895, 13.154530664341515], [80.26838379080081, 13.154621083008797], [80.26829152517035, 13.154620820224627]], [[80.26847498399553, 13.15498302045311], [80.26847525210671, 13.154892601776845], [80.26856751783599, 13.154892864507117], [80.26856724975175, 13.154983283183382], [80.26847498399553, 13.15498302045311]], [[80.26855893836806, 13.1577862617164], [80.2685592065062, 13.157695843067083], [80.2686514732865, 13.15769610581532], [80.26865227759308, 13.15742484984941], [80.26874454426559, 13.157425112561713], [80.26874427619931, 13.157515531220012], [80.26892880964314, 13.157516056545807], [80.26892827363638, 13.157696893871387], [80.26902054042566, 13.15769715649386], [80.2690202724582, 13.15778757515216], [80.26892800563299, 13.157787312529686], [80.26892773762961, 13.157877731187984], [80.26865093707312, 13.157876943122934], [80.26865120517532, 13.15778652447362], [80.26855893836806, 13.1577862617164]], [[80.26856778591123, 13.154802445830851], [80.26856805397749, 13.154712027154586], [80.26866031964389, 13.154712289848925], [80.26866005160457, 13.15480270852519], [80.26856778591123, 13.154802445830851]], [[80.26865737110363, 13.155706895251905], [80.2686576391609, 13.155616476575641], [80.26874990516866, 13.155616739252013], [80.26875017319, 13.155526320584732], [80.26893470513363, 13.155526845829678], [80.26893416922569, 13.155707683182207], [80.26930323340939, 13.155708733294809], [80.26930242992925, 13.155979989332586], [80.26921016377777, 13.155979726853843], [80.26920989591812, 13.156070145530109], [80.26902536355229, 13.156069620455842], [80.2690256314838, 13.15597920178856], [80.26884109918983, 13.155978676588528], [80.2688416351876, 13.155797839244983], [80.268749369108, 13.15579757659556], [80.26874963713833, 13.155707157928278], [80.26865737110363, 13.155706895251905]], [[80.26866085572252, 13.154531452496396], [80.26866112375285, 13.154441033820131], [80.26875338932042, 13.154441296469553], [80.26875312131703, 13.154531715145819], [80.26866085572252, 13.154531452496396]], [[80.26873730578475, 13.159866416120177], [80.26873757390491, 13.159775997479846], [80.26882984146675, 13.159776260210116], [80.26882957338252, 13.159866678850449], [80.26873730578475, 13.159866416120177]], [[80.26874642067553, 13.156792181935657], [80.26874776089906, 13.156340088608232], [80.2688400271763, 13.156340351266639], [80.26883975917292, 13.15643076993392], [80.2689320254861, 13.156431032556393], [80.26893256142998, 13.15625019522183], [80.26911709393056, 13.15625072035898], [80.26911736182615, 13.156160301682714], [80.2693941604872, 13.156161089145892], [80.26939362488467, 13.156341926507405], [80.26920909231221, 13.156341401558903], [80.26920855655698, 13.156522238911432], [80.26911629020788, 13.15652197637879], [80.26911602229433, 13.156612395055054], [80.26902375590929, 13.156612132495464], [80.2690232200193, 13.156792969830027], [80.26893095357137, 13.156792707234503], [80.26893068558596, 13.156883125901786], [80.26883841910211, 13.156882863261345], [80.26883868712345, 13.156792444603047], [80.26874642067553, 13.156792181935657]], [[80.26884431503278, 13.154893652482334], [80.26884485097666, 13.154712815129805], [80.26893711665203, 13.154713077716345], [80.26893658077103, 13.154893915077858], [80.26884431503278, 13.154893652482334]], [[80.2689231812128, 13.159414848307193], [80.2689234492521, 13.159324429657879], [80.26901571665225, 13.159324692316284], [80.26901544863988, 13.159415110965599], [80.2689231812128, 13.159414848307193]], [[80.26893550899106, 13.155255589800884], [80.26893604489003, 13.15507475243937], [80.26902831069117, 13.155075015007945], [80.26902777486407, 13.155255852369459], [80.26893550899106, 13.155255589800884]], [[80.2693002872317, 13.156703338760671], [80.26930082291507, 13.15652250140814], [80.26948535563125, 13.156523026293762], [80.26948482008262, 13.156703863655274], [80.2693002872317, 13.156703338760671]], [[80.26948214219578, 13.157608050417922], [80.26948240999255, 13.157517631741658], [80.26957467672794, 13.157517894157518], [80.26957494448877, 13.157427475481255], [80.26966721118822, 13.157427737861182], [80.26966694346332, 13.157518156537447], [80.2697592101987, 13.157518418890426], [80.26975894250074, 13.15760883756669], [80.26966667572944, 13.157608575213711], [80.26966640799554, 13.157698993889976], [80.26957414119728, 13.157698731510049], [80.26957440895812, 13.157608312833784], [80.26948214219578, 13.157608050417922]], [[80.26957735424648, 13.156613707376904], [80.26957762198934, 13.156523288691655], [80.26966988835642, 13.156523551053619], [80.26966962064948, 13.156613969738865], [80.26957735424648, 13.156613707376904]], [[80.26976349306055, 13.156071719944425], [80.2697640283756, 13.155890882564945], [80.26985629450913, 13.15589114484606], [80.26985575925694, 13.15607198223452], [80.26976349306055, 13.156071719944425]], [[80.270500285705, 13.156525910820072], [80.2705005531065, 13.15643549212584], [80.27059281945562, 13.156435754146443], [80.27059255209004, 13.156526172849658], [80.270500285705, 13.156525910820072]], [[80.2702242890778, 13.15625386844201], [80.27031655534606, 13.15625413057041], [80.27031628788167, 13.156344549264642], [80.27022402157748, 13.15634428713624], [80.2702242890778, 13.15625386844201]], [[80.2702242890778, 13.15625386844201], [80.27013202280055, 13.156253606286661], [80.27013255786409, 13.156072768889215], [80.27022482406947, 13.156073031044565], [80.27022509156082, 13.155982612350334], [80.27031735773025, 13.15598287446975], [80.27031682281046, 13.156163711867196], [80.27022455656915, 13.15616344974778], [80.2702242890778, 13.15625386844201]]], [[[80.2706842838068, 13.156707272258721], [80.27077655025472, 13.156707534225424], [80.27077628295203, 13.156797952928638], [80.27068401645919, 13.156797690961936], [80.2706842838068, 13.156707272258721]]]]}, "id": "+2073+4579", "properties": {"count": 1120, "water": 1}}, {"type": "Feature", "geometry": {"geodesic": false, "type": "Polygon", "coordinates": [[[80.26769953336793, 13.167549104388922], [80.26770060799556, 13.167187430115053], [80.26797741894556, 13.167188219752154], [80.26797768749691, 13.167097801174704], [80.26806995778064, 13.1670980643182], [80.26807049481148, 13.1669172271633], [80.26816276503233, 13.166917490270864], [80.26816303351183, 13.166827071693413], [80.26825530369673, 13.166827334765044], [80.26825557214029, 13.16673691617861], [80.26853238262316, 13.166737705195874], [80.26853211427843, 13.166828123782308], [80.26862438447232, 13.166828386719192], [80.26862411616351, 13.166918805314609], [80.26871638640232, 13.166919068224542], [80.26871611812047, 13.167009486810976], [80.26908519921047, 13.167010538118335], [80.26908546734859, 13.166920119522919], [80.269362278083, 13.16692090765085], [80.26936254612231, 13.16683048904645], [80.26963935677587, 13.166831276868955], [80.26963882090385, 13.167012114086738], [80.26973109118758, 13.167012376637345], [80.26973082328301, 13.16710279525073], [80.26991536393132, 13.167103320244147], [80.26991509608963, 13.167193738857529], [80.27019190718336, 13.167194526105112], [80.27019163944948, 13.167284944727477], [80.27028390984998, 13.167285207080456], [80.27028364214304, 13.167375625702823], [80.2701913717066, 13.167375363340861], [80.27019110395474, 13.167465781963227], [80.27028337442712, 13.167466044316205], [80.2702831067112, 13.16755646293857], [80.27037537721951, 13.1675567252646], [80.27037484185954, 13.16773756250035], [80.27055938301089, 13.167738087062576], [80.2705591153938, 13.167828505684941], [80.2706513860009, 13.167828767912157], [80.27065165359107, 13.16773834928979], [80.27074392417124, 13.167738611481072], [80.27074419171649, 13.167648192858707], [80.2708364622697, 13.167648455014056], [80.27083699728833, 13.167467617760341], [80.27074472680697, 13.167467355604991], [80.27074552942472, 13.167196099710944], [80.27083779980727, 13.167196361866294], [80.27083753230694, 13.167286780497642], [80.27092980271644, 13.16728704261706], [80.27092953525204, 13.167377461248408], [80.27102180569746, 13.167377723340875], [80.27102153826002, 13.167468141972225], [80.2712060792407, 13.167468666049361], [80.27120581186614, 13.167559084689694], [80.27111354133987, 13.167558822669092], [80.27111327392937, 13.16764924130044], [80.27102100337615, 13.167648979243905], [80.27101993357248, 13.168010653769302], [80.2712044749574, 13.168011177873389], [80.27120474234094, 13.167920759233056], [80.27129701300197, 13.167921021235692], [80.27129728035857, 13.16783060259536], [80.27138955098366, 13.167830864562063], [80.27138981829533, 13.167740445921732], [80.27148208889346, 13.167740707852502], [80.27148128704826, 13.168011963782481], [80.2713890163513, 13.168011701842728], [80.27138767973902, 13.168463795026423], [80.2711108671451, 13.168463008991566], [80.27111059971664, 13.168553427622914], [80.27101832882205, 13.16855316553943], [80.27101859628645, 13.168462746908082], [80.27074178371049, 13.168461960477966], [80.2707415161473, 13.168552379100332], [80.2706492452617, 13.168552116891084], [80.27064978045998, 13.168371279646351], [80.27055750964624, 13.168371017410154], [80.27055777727233, 13.168280598787788], [80.27046550649452, 13.168280336515657], [80.27046577415655, 13.168189917893292], [80.27018896192196, 13.168189130888255], [80.27018869416112, 13.168279549492654], [80.2700964233923, 13.168279287094759], [80.27009615558654, 13.16836970569916], [80.26991161398603, 13.16836918078659], [80.2699113461174, 13.168459599390989], [80.26972680444501, 13.168459074343671], [80.26972653651349, 13.168549492939087], [80.26963426564586, 13.168549230361531], [80.26963399766943, 13.16863964896593], [80.26926491410008, 13.16863859831434], [80.26926518221126, 13.168548179718924], [80.26908064050293, 13.168547654204483], [80.269080908677, 13.16845723561805], [80.26889636704954, 13.168456709968861], [80.26889663528648, 13.168366291382426], [80.26871209373087, 13.168365765607474], [80.26871236203968, 13.16827534702104], [80.26862009129782, 13.168275084084158], [80.26862062797831, 13.168094246929257], [80.26834381596831, 13.16809345792996], [80.26834408440287, 13.16800303935251], [80.26806727251862, 13.168002250065753], [80.26806754105202, 13.167911831488302], [80.2678829998737, 13.167911305138427], [80.2678838056715, 13.167640049433027], [80.26779153519014, 13.167639786208682], [80.26779180381335, 13.167549367640214], [80.26769953336793, 13.167549104388922]]]}, "id": "+2076+4430", "properties": {"count": 495, "water": 1}}, {"type": "Feature", "geometry": {"geodesic": false, "type": "Polygon", "coordinates": [[[80.26800459354884, 13.033095728620296], [80.26800565637261, 13.032734050564521], [80.26855897801072, 13.032735613058193], [80.2685592435078, 13.032645193528529], [80.26911256501117, 13.032646754836426], [80.26911203441226, 13.032827593913721], [80.26920425473169, 13.03282785402091], [80.2692029283602, 13.033279951714148], [80.2692951488503, 13.03328021179439], [80.26929382259559, 13.033732309478644], [80.26938604325638, 13.033732569540918], [80.26938498234603, 13.034094247686525], [80.26929276155049, 13.034093987615266], [80.26929249628697, 13.034184407153914], [80.26855472971604, 13.034182325416042], [80.26855446417404, 13.034272744936723], [80.26827780164369, 13.034271963734803], [80.26827859854816, 13.034000705199707], [80.26818637780653, 13.034000444742174], [80.26818770610042, 13.033548347183684], [80.26809548552946, 13.033548086699202], [80.26809681394913, 13.033095989122746], [80.26800459354884, 13.033095728620296]], [[80.26864907447028, 13.033459229573378], [80.26864933995837, 13.033368810052698], [80.26874156046645, 13.033369070330568], [80.26874129502328, 13.033459489860231], [80.26864907447028, 13.033459229573378]]]}, "id": "+2078+5913", "properties": {"count": 208, "water": 1}}, {"type": "Feature", "geometry": {"geodesic": false, "type": "MultiPolygon", "coordinates": [[[[80.26844515946098, 13.071435112600463], [80.26844462674205, 13.07161595111182], [80.26835239204958, 13.071615689971566], [80.2683521256452, 13.071706109222752], [80.26825989092576, 13.07170584805555], [80.26825962449443, 13.071796267297755], [80.26807515498372, 13.071795744855551], [80.26807488848053, 13.071886164097755], [80.26789041891591, 13.071885641511821], [80.26789068548199, 13.0717952222786], [80.26798292023734, 13.071795483580551], [80.26798318676748, 13.071705064338348], [80.26807542148691, 13.071705325604364], [80.2680756879901, 13.07161490636216], [80.2681679226736, 13.071615167601228], [80.26816818913188, 13.071524748350042], [80.26826042378842, 13.071525009553177], [80.26826069021976, 13.07143459030199], [80.26844515946098, 13.071435112600463]]], [[[80.26881569530072, 13.070893641223165], [80.26881649392995, 13.070622383415706], [80.2689087282631, 13.070622644367313], [80.26890979294637, 13.070260967281719], [80.26900202714478, 13.070261228197392], [80.26900282553147, 13.069989970371967], [80.26909505963106, 13.069990231242725], [80.26909452744214, 13.070171069798999], [80.2691867616136, 13.070171330642808], [80.26918649555057, 13.070261749920943], [80.26909426134318, 13.070261489077135], [80.26909372914528, 13.070442327624423], [80.26900149487501, 13.07044206674468], [80.26900069645238, 13.070713324561122], [80.2689084620833, 13.070713063636466], [80.26890792973268, 13.070893902174772], [80.26881569530072, 13.070893641223165]]], [[[80.26853766041411, 13.071344954444614], [80.26853739409057, 13.071435373704784], [80.26844515946098, 13.071435112600463], [80.26844542582045, 13.071344693349277], [80.26853766041411, 13.071344954444614]]], [[[80.26881569530072, 13.070893641223165], [80.26881516286925, 13.071074479752488], [80.26872292836542, 13.071074218755964], [80.26872239586208, 13.071255057285287], [80.26863016129536, 13.071254796252832], [80.26862989500776, 13.071345215513002], [80.26853766041411, 13.071344954444614], [80.26853819306118, 13.071164115924274], [80.26863042758296, 13.071164376992662], [80.26863096015816, 13.07098353846334], [80.26872319461708, 13.070983799495796], [80.26872346086874, 13.070893380226643], [80.26881569530072, 13.070893641223165]]]]}, "id": "+2079+5500", "properties": {"count": 35, "water": 1}}, {"type": "Feature", "geometry": {"geodesic": false, "type": "MultiPolygon", "coordinates": [[[[80.26892702353184, 13.126954250183273], [80.26901927883166, 13.12695451219489], [80.269019011511, 13.12704493107777], [80.26892675617525, 13.127044669057167], [80.26892702353184, 13.126954250183273]]], [[[80.26892702353184, 13.126954250183273], [80.26883476822303, 13.126953988126738], [80.26883450083949, 13.127044407000632], [80.2684654795144, 13.127043358469066], [80.26846521198712, 13.127133777333977], [80.26818844591696, 13.127132990580467], [80.26818817829087, 13.127223409436395], [80.26781915675917, 13.127222359961598], [80.26781888898935, 13.127312778808543], [80.26763437816511, 13.127312253869023], [80.26763411033241, 13.127402672715968], [80.26735734401072, 13.12740188505516], [80.26735707607021, 13.127492303893122], [80.26689579874463, 13.12749099044838], [80.26689553063345, 13.127581409277358], [80.26652650867055, 13.127580357916099], [80.26652677691648, 13.127489939096103], [80.26643452147292, 13.127489676177186], [80.26643425319106, 13.127580094997182], [80.2662497422231, 13.12757956905155], [80.26625027891258, 13.127398731411558], [80.26680381143021, 13.127400308826248], [80.26680407956833, 13.127309889997269], [80.26735761195121, 13.127311466208216], [80.26735787988274, 13.127221047370256], [80.26754239062612, 13.127221572507404], [80.26754265849476, 13.127131153660459], [80.26772716917526, 13.127131678653878], [80.26772743697204, 13.127041259806933], [80.26818871355204, 13.127042571715556], [80.26818898117813, 13.126952152850645], [80.26865025763236, 13.12695346393282], [80.26865052508776, 13.126863045058926], [80.26883503561555, 13.126863569252844], [80.2688353029991, 13.126773150378948], [80.269019813473, 13.12677367443812], [80.26901954615234, 13.126864093320997], [80.26892729087945, 13.126863831300396], [80.26892702353184, 13.126954250183273]]]]}, "id": "+2080+4872", "properties": {"count": 60, "water": 1}}, {"type": "Feature", "geometry": {"geodesic": false, "type": "Polygon", "coordinates": [[[80.268914317473, 13.068723839553405], [80.26891458360788, 13.068633420266286], [80.26900681720441, 13.068633681146029], [80.26900708329438, 13.068543261858908], [80.26919155042457, 13.068543783510593], [80.26919128439748, 13.068634202806697], [80.269283518003, 13.068634463587623], [80.26928272000258, 13.068905721457964], [80.26937495370692, 13.068905982211941], [80.26937442176951, 13.069086820795164], [80.26928218800231, 13.069086560032202], [80.26928192199318, 13.069176979328304], [80.26918968819004, 13.069176718529413], [80.26918889005488, 13.06944797639077], [80.26928112395683, 13.069448237189663], [80.26928059192961, 13.069629075754918], [80.26918835795578, 13.069628814956024], [80.26918755979366, 13.069900072799415], [80.26909532572103, 13.06989981196459], [80.2690977204589, 13.069086038425432], [80.26900548669168, 13.06908577757264], [80.26900655110546, 13.068724100433148], [80.268914317473, 13.068723839553405]]]}, "id": "+2080+5516", "properties": {"count": 32, "water": 1}}, {"type": "Feature", "geometry": {"geodesic": false, "type": "Polygon", "coordinates": [[[80.26934646031391, 13.172255604214481], [80.2693488736469, 13.171441837089295], [80.26971796142935, 13.171442887830716], [80.26971769342597, 13.17153330641715], [80.26980996540752, 13.171533569021657], [80.26980969743109, 13.171623987599107], [80.26990196944855, 13.171624250176665], [80.26990223738906, 13.171533831590232], [80.27008678137011, 13.17153435663755], [80.2700865134925, 13.171624775223982], [80.27017878551895, 13.171625037693742], [80.27017851767727, 13.171715456289158], [80.27008624562386, 13.171715193810416], [80.27008544199101, 13.171986449560732], [80.2699931698298, 13.171986187046057], [80.2699926340027, 13.17216702420994], [80.26971581733044, 13.172166236450318], [80.26971528128773, 13.172347073605218], [80.26943846443581, 13.172346285540169], [80.26943873256495, 13.172255866971701], [80.26934646031391, 13.172255604214481]], [[80.26980835753994, 13.17207608049534], [80.26980889350179, 13.17189524334044], [80.26990116562706, 13.171895505917998], [80.2699006297281, 13.172076343081882], [80.26980835753994, 13.17207608049534]]]}, "id": "+2089+4378", "properties": {"count": 63, "water": 1}}, {"type": "Feature", "geometry": {"geodesic": false, "type": "Polygon", "coordinates": [[[80.26978757460262, 13.147934035334616], [80.26978917946083, 13.147391522836854], [80.27025049424618, 13.147392833047663], [80.2702507615399, 13.147302414281565], [80.27034302447541, 13.147302676221319], [80.27034275720864, 13.147393094987416], [80.27043502017109, 13.14739335690022], [80.27043341673222, 13.14793586946985], [80.27024889039407, 13.14793534559034], [80.2702486230824, 13.148025764347455], [80.2698795703073, 13.148024716202164], [80.26987983775372, 13.147934297454034], [80.26978757460262, 13.147934035334616]]]}, "id": "+2095+4645", "properties": {"count": 47, "water": 1}}, {"type": "Feature", "geometry": {"geodesic": false, "type": "MultiPolygon", "coordinates": [[[[80.27126430865725, 13.11647219129417], [80.2711720572112, 13.116471930288665], [80.27117365506257, 13.115929416299696], [80.27108140382312, 13.115929155276225], [80.27108220282066, 13.11565789827725], [80.27098995168902, 13.115657637217845], [80.27099101712687, 13.115295961228195], [80.27089876612997, 13.115295700141841], [80.27089983166665, 13.114934024143208], [80.2709920825288, 13.11493428522058], [80.2709918161873, 13.115024704220238], [80.2710840670764, 13.115024965270658], [80.27108246915319, 13.115567479277592], [80.2711747202489, 13.115567740301064], [80.27117392135915, 13.115838997300038], [80.27126617256266, 13.115839258296562], [80.27126430865725, 13.11647219129417]]], [[[80.27144668176959, 13.11719606519465], [80.27153893348515, 13.117196326119307], [80.27153813489184, 13.117467583109299], [80.27144588307748, 13.117467322184641], [80.27144668176959, 13.11719606519465]]], [[[80.27126430865725, 13.11647219129417], [80.27135656009433, 13.116472452272726], [80.27135549509664, 13.116834128262376], [80.27126324351585, 13.116833867274837], [80.27126430865725, 13.11647219129417]]], [[[80.27135549509664, 13.116834128262376], [80.27144774666847, 13.116834389205], [80.27144668176959, 13.11719606519465], [80.27135443006303, 13.117195804243043], [80.27135549509664, 13.116834128262376]]]]}, "id": "+2101+5003", "properties": {"count": 33, "water": 1}}, {"type": "Feature", "geometry": {"geodesic": false, "type": "Polygon", "coordinates": [[[80.27068322158492, 13.031656556810773], [80.2706842804022, 13.031294878485504], [80.27077650019162, 13.03129513800879], [80.27077676485327, 13.031204718425228], [80.27114564390317, 13.031205756159043], [80.27114590843007, 13.031115336566497], [80.2712381281656, 13.031115595919102], [80.27123786366565, 13.031206015511648], [80.2713300834371, 13.031206274828321], [80.27132902556306, 13.031567953198508], [80.27114458575963, 13.031567434511262], [80.27114432121476, 13.031657854103809], [80.27068322158492, 13.031656556810773]]]}, "id": "+2101+5930", "properties": {"count": 33, "water": 1}}, {"type": "Feature", "geometry": {"geodesic": false, "type": "Polygon", "coordinates": [[[80.26969000230038, 13.024420133240566], [80.26969053213571, 13.02423929401954], [80.26978274929309, 13.024239553749439], [80.26978248441584, 13.024329973359952], [80.26987470160913, 13.0243302330629], [80.26987496645044, 13.024239813452388], [80.27024383511582, 13.024240851922823], [80.27024436452896, 13.024060012683831], [80.27042879874487, 13.024060531712436], [80.27042906337957, 13.023970112083957], [80.27052128045608, 13.023970371553343], [80.27052101584833, 13.024060791181823], [80.27070545007322, 13.024061310012797], [80.27070571460911, 13.02397089038432], [80.27089014877112, 13.023971409080547], [80.27088988429811, 13.02406182871801], [80.27098210141955, 13.024062088016716], [80.27098236585661, 13.023971668379254], [80.27107458294212, 13.023971927651012], [80.27107484734326, 13.023881508013549], [80.2711670644018, 13.02388176724039], [80.271167328767, 13.023791347602929], [80.27144397984384, 13.023792125103789], [80.27144371557745, 13.023882544750235], [80.27172036677105, 13.023883321954653], [80.27171957425035, 13.024154580911954], [80.2714429227603, 13.02415380368957], [80.27144265848493, 13.024244223336016], [80.27125822409835, 13.02424370501708], [80.2712584884366, 13.024153285370636], [80.27116627127924, 13.024153026170744], [80.27116600690505, 13.024243445808205], [80.27088935534313, 13.02424266798395], [80.27088909087013, 13.024333087621413], [80.2705202220161, 13.024332050058277], [80.27051995739936, 13.024422469686755], [80.27033552292295, 13.024421950703067], [80.27033578760256, 13.02433153108357], [80.27024357040028, 13.024331271542318], [80.27024330568473, 13.024421691161814], [80.27015108844653, 13.024421431593613], [80.270151353198, 13.024331011974116], [80.26996691880242, 13.0243304927389], [80.26996665398806, 13.024420912349413], [80.26969000230038, 13.024420133240566]]]}, "id": "+2103+6011", "properties": {"count": 67, "water": 1}}, {"type": "Feature", "geometry": {"geodesic": false, "type": "MultiPolygon", "coordinates": [[[[80.27125470814622, 13.151012463295057], [80.27107017948144, 13.151011939891657], [80.27107044655956, 13.150921521134544], [80.2709781822586, 13.150921259383436], [80.2709789835828, 13.150650003130064], [80.27144030457549, 13.150651311526275], [80.27144003764111, 13.150741730283388], [80.27125550916497, 13.150741207023717], [80.27125470814622, 13.151012463295057]]], [[[80.2713469724831, 13.15101272494735], [80.27134750643272, 13.150831887433124], [80.27162429925473, 13.150832672174406], [80.27162403238322, 13.150923090940504], [80.27171629669314, 13.150923352458049], [80.27171602984859, 13.151013771224145], [80.27180829419446, 13.151014032705758], [80.27180802738583, 13.151104451471854], [80.27171576301302, 13.151104189981258], [80.27171549616847, 13.151194608747355], [80.27143870293324, 13.151193824077938], [80.27143923681999, 13.15101298656371], [80.2713469724831, 13.15101272494735]]], [[[80.27125470814622, 13.151012463295057], [80.2713469724831, 13.15101272494735], [80.27134643853348, 13.151193562452594], [80.27125417412473, 13.151193300800301], [80.27125470814622, 13.151012463295057]]]]}, "id": "+2107+4608", "properties": {"count": 29, "water": 1}}, {"type": "Feature", "geometry": {"geodesic": false, "type": "Polygon", "coordinates": [[[80.27017542142703, 13.110320565257075], [80.27017675414962, 13.109868470150985], [80.27026900310734, 13.109868731390053], [80.27026926961054, 13.109778312363446], [80.27036151853233, 13.109778573566581], [80.27036178500857, 13.109688154539974], [80.27026953611373, 13.109687893336838], [80.27026980260794, 13.109597474310231], [80.27045430033475, 13.109597996671585], [80.27045483318842, 13.109417158618369], [80.27054708198445, 13.109417419740657], [80.27054734837985, 13.109327000705065], [80.27063959714893, 13.109327261800402], [80.27064012985888, 13.109146423729221], [80.27073237855609, 13.109146684779642], [80.27073317750872, 13.108875427663886], [80.27082542610711, 13.108875688687359], [80.27082595866435, 13.10869485059821], [80.27101045573538, 13.108695372528373], [80.27101072194213, 13.108604953474817], [80.2711029704507, 13.10860521439049], [80.27110350279233, 13.10842437629236], [80.27119575123801, 13.108424637163118], [80.27119628349881, 13.108243799056003], [80.27128853188161, 13.108244059899812], [80.27128879797158, 13.108153640837273], [80.27138104631845, 13.10815390164515], [80.27138131238146, 13.108063482582608], [80.2714735606924, 13.108063743354553], [80.27147409273759, 13.107882905229472], [80.27156634098566, 13.107883165965482], [80.2715666069768, 13.107792746902943], [80.27165885518893, 13.107793007594038], [80.27165832327849, 13.107973845728102], [80.2715660749945, 13.107973585028024], [80.27156554301219, 13.108154423153104], [80.27147329466531, 13.108154162417092], [80.27147276260216, 13.10833500053319], [80.27138051418342, 13.108334739761245], [80.2713797159764, 13.108605996921918], [80.27128746746783, 13.108605736114042], [80.2712872013599, 13.108696155167598], [80.27119495281539, 13.108695894314806], [80.27119388823093, 13.10905757051107], [80.27100939088142, 13.10905704870667], [80.27100859222524, 13.10932830583141], [80.2708240946781, 13.109327783883279], [80.27082302950075, 13.109689460034627], [80.27073078059692, 13.10968919900217], [80.2707302479319, 13.10987003706437], [80.2706379989562, 13.109869775995982], [80.27063746621931, 13.11005061405818], [80.27054521718074, 13.11005035295386], [80.27054495077635, 13.110140771980468], [80.27026820357979, 13.11013998845191], [80.27026767055544, 13.110320826496142], [80.27017542142703, 13.110320565257075]]]}, "id": "+2108+5082", "properties": {"count": 93, "water": 1}}, {"type": "Feature", "geometry": {"geodesic": false, "type": "MultiPolygon", "coordinates": [[[[80.29762339827481, 13.125316174158126], [80.29762314144646, 13.125406593615924], [80.29743863083783, 13.125406090110207], [80.29743888773802, 13.125315670652409], [80.29762339827481, 13.125316174158126]]], [[[80.29982907571053, 13.128306049036533], [80.2998288196278, 13.128396468521283], [80.29973656316017, 13.128396217514025], [80.2997363070415, 13.128486636998774], [80.29945953755772, 13.128485883788358], [80.2994597937842, 13.128395464312593], [80.29955205024285, 13.128395715418664], [80.2995523064244, 13.128305295942898], [80.29982907571053, 13.128306049036533]]], [[[80.30208557949267, 13.113302413535706], [80.30217783037278, 13.113302663420068], [80.30217757545786, 13.113393083048548], [80.3020853245418, 13.113392833164186], [80.30208557949267, 13.113302413535706]]], [[[80.30245585711168, 13.112851314661267], [80.30245636672593, 13.112670475386343], [80.30254861738148, 13.112670725117992], [80.30254887215268, 13.112580305471546], [80.30264112277229, 13.112580555167263], [80.30264137751654, 13.1124901355298], [80.30273362810021, 13.112490385189584], [80.30273311869256, 13.112671224482474], [80.30264086803702, 13.112670974813708], [80.30264061329277, 13.112761394460154], [80.30254836261028, 13.112761144755455], [80.3025481078301, 13.112851564401899], [80.30245585711168, 13.112851314661267]]], [[[80.30282486000333, 13.1128523134082], [80.30282460533095, 13.112942733054645], [80.30273235456761, 13.112942483412828], [80.30273260927592, 13.112852063775366], [80.30282486000333, 13.1128523134082]]], [[[80.30314486228457, 13.097481712143257], [80.30314537077594, 13.097300872616803], [80.30323761571819, 13.097301121818447], [80.3032371072897, 13.097481961344899], [80.30314486228457, 13.097481712143257]]], [[[80.29982907571053, 13.128306049036533], [80.29982933179328, 13.128215629560769], [80.3000138445938, 13.128216131458501], [80.30001486862832, 13.127854453510523], [80.2999226123583, 13.127854202593099], [80.29992286839612, 13.12776378310835], [80.29964609971186, 13.127763030140478], [80.29964584357523, 13.127853449616245], [80.29927681854909, 13.127852445191959], [80.2992765622777, 13.12794286465874], [80.29899979343173, 13.127942110990183], [80.29900004980193, 13.127851691523402], [80.29890779355888, 13.127851440237666], [80.29890804997399, 13.127761020770885], [80.29881579375788, 13.127760769449218], [80.29881553731582, 13.127851188915999], [80.29872328107275, 13.1278509375584], [80.29872302459476, 13.127941357025183], [80.29863076832476, 13.12794110563165], [80.29863025529689, 13.128121944547248], [80.29835348628923, 13.128121190169022], [80.2983532296675, 13.128211609626822], [80.29826097329868, 13.128211358098541], [80.29826174325369, 13.12794009974311], [80.29816948699266, 13.127939848187882], [80.2981697436683, 13.127849428739065], [80.29826199990237, 13.127849680294295], [80.29826225654206, 13.127759260836497], [80.2981700003529, 13.12775900929025], [80.29817051370415, 13.127578170383634], [80.29807825757787, 13.127577918801457], [80.29807851428045, 13.12748749935264], [80.29789400209975, 13.127486996098453], [80.2978942588742, 13.127396576649636], [80.29798651492861, 13.127396828285713], [80.29798677166713, 13.127306408836898], [80.29789451564864, 13.12730615720082], [80.2978947724141, 13.127215737752005], [80.29780251643155, 13.12721548607101], [80.29780277322395, 13.127125066631178], [80.29789502917956, 13.127125318294205], [80.29789528594502, 13.12703489884539], [80.29780303002535, 13.127034647182363], [80.29780328682673, 13.126944227724563], [80.297711030943, 13.126943976025604], [80.29771128777134, 13.126853556576787], [80.29780354361914, 13.126853808275747], [80.29780405720396, 13.126672969378115], [80.2976195456431, 13.126672465953247], [80.29762005935368, 13.126491627055614], [80.29752780364062, 13.126491375293773], [80.29752857428734, 13.126220116947326], [80.29762082990158, 13.126220368700183], [80.29762057305527, 13.126310788157983], [80.29771282869646, 13.126311039874908], [80.2977125718771, 13.126401459323725], [80.29780482756321, 13.1264017110137], [80.29780508434663, 13.126311291564885], [80.29789733998783, 13.126311543218929], [80.29789708324033, 13.126401962676727], [80.29808159461254, 13.126402465886], [80.29808185129716, 13.126312046428202], [80.29817410694733, 13.12631229798343], [80.298174363596, 13.126221878516649], [80.29835887484245, 13.126222381528292], [80.2983596445639, 13.125951123127946], [80.2982673890395, 13.125950871644582], [80.29826764564325, 13.125860452177799], [80.29817539016376, 13.125860200667486], [80.29817641669558, 13.125498522800356], [80.29826867204932, 13.12549877431067], [80.29826918523887, 13.125317935368122], [80.29817692994801, 13.125317683866792], [80.29817718657873, 13.12522726440001], [80.29790042083195, 13.12522650969839], [80.29790016410243, 13.12531692915619], [80.29762339827481, 13.125316174158126], [80.29762365510315, 13.125225754700326], [80.29780816558602, 13.125226258062312], [80.2978084223425, 13.125135838595531], [80.29808518798147, 13.125136593395965], [80.29808544463914, 13.125046173929183], [80.29817769982219, 13.125046425457462], [80.29817795643493, 13.124956005981696], [80.29827021159103, 13.124956257483026], [80.29826995500524, 13.12504667694981], [80.29854672056337, 13.125047431247188], [80.29854749001532, 13.124776172810908], [80.2984552349221, 13.124775921417376], [80.29845574794996, 13.124595082456862], [80.29827123790726, 13.124594579579965], [80.29827098133045, 13.12468499905573], [80.29790196114622, 13.124683992897697], [80.29790170443466, 13.124774412364479], [80.2976249392179, 13.124773657393364], [80.29762468239853, 13.124864076860147], [80.29734791709194, 13.124863321583605], [80.29734766017377, 13.124953741041404], [80.29725540504462, 13.124953489207698], [80.29725591895283, 13.124772650301082], [80.29707140882927, 13.124772146561805], [80.29707192286325, 13.124591307655189], [80.29734868784645, 13.124592063210208], [80.29734894475564, 13.124501643752408], [80.2974411997231, 13.1245018955412], [80.29744145659635, 13.124411476074417], [80.29762596646837, 13.124411979544202], [80.29762699368291, 13.124050301677073], [80.29771924848868, 13.124050553358066], [80.29771976201958, 13.123869714415518], [80.29781201675348, 13.123869966060578], [80.297812273483, 13.123779546584814], [80.29790452818995, 13.123779798184959], [80.29790478488354, 13.123689378718176], [80.29799703955455, 13.123689630282389], [80.29799678289689, 13.123780049758153], [80.29818129231077, 13.12378055280573], [80.29818077912121, 13.12396139175726], [80.29836528867882, 13.123961894679072], [80.29836503214693, 13.124052314163821], [80.29845728697066, 13.124052565575319], [80.29845703046571, 13.124142985060068], [80.29864154017604, 13.12414348778425], [80.29864128374295, 13.124233907269], [80.29873353862956, 13.124234158581682], [80.2987332822324, 13.124324578075415], [80.29891779208647, 13.124325080610951], [80.29891907373084, 13.123872983151275], [80.298826818979, 13.123872731910456], [80.29882707533123, 13.123782312416726], [80.29873482060631, 13.123782061139973], [80.29873507700347, 13.123691641646243], [80.29836605826553, 13.12369063623381], [80.29836657130238, 13.123509797264312], [80.29818206208613, 13.123509294360467], [80.29818283183452, 13.123238035915204], [80.29827508634384, 13.123238287371619], [80.29827482979397, 13.123328706865351], [80.29836708433922, 13.123328958294815], [80.298367853881, 13.123057699831586], [80.29864461722029, 13.123058453904386], [80.29864436081417, 13.123148873398117], [80.2985521063318, 13.123148622067466], [80.29855159343869, 13.123329461054931], [80.29873610253816, 13.123329963680298], [80.29873635891734, 13.123239544186566], [80.2990131224902, 13.123240297882074], [80.29901337877057, 13.123149878379358], [80.29919788775325, 13.12315038067235], [80.29919814396176, 13.123059961160651], [80.29938265289054, 13.123060463318895], [80.29938316516382, 13.122879624304483], [80.29956767396685, 13.122880126318996], [80.29956741790208, 13.122970545830693], [80.29965967233055, 13.122970796793034], [80.29966018440619, 13.122789957760656], [80.29975243877178, 13.122790208687064], [80.29975218277886, 13.122880628207746], [80.29984443718038, 13.12288087909822], [80.29984392524847, 13.1230617181306], [80.29993617972184, 13.123061968994126], [80.29993592378284, 13.123152388514807], [80.30012043281044, 13.123152890143045], [80.30012017693431, 13.123243309663726], [80.30021243148855, 13.123243560428438], [80.30021217564835, 13.123333979958103], [80.30039668481969, 13.123334481397693], [80.30039642904238, 13.123424900918375], [80.30058093829456, 13.123425402232202], [80.30058068258013, 13.123515821761867], [80.30067293724215, 13.12351607236488], [80.30067268156367, 13.123606491894545], [80.30076493626163, 13.123606742470612], [80.30076468061905, 13.123697162000276], [80.30085693534397, 13.123697412549392], [80.30085642411274, 13.12387825160872], [80.3009486789185, 13.123878502121903], [80.30094842332983, 13.12396892166055], [80.30104067817152, 13.123969172137802], [80.30104042261878, 13.124059591676449], [80.30113267748743, 13.12405984212675], [80.30113216644484, 13.124240681195062], [80.30122442138534, 13.124240931618413], [80.30122391040565, 13.124421770686725], [80.30131616541802, 13.124422021083127], [80.30131590995512, 13.124512440621775], [80.30140816500342, 13.124512690982245], [80.30140739871354, 13.124783949589204], [80.30149965386065, 13.124784199922724], [80.30149914305163, 13.124965039000019], [80.3015913982706, 13.12496528930659], [80.30159114290652, 13.125055708836255], [80.30168339816143, 13.125055959115876], [80.30168288747818, 13.125236798193171], [80.30177514280496, 13.12523704843686], [80.30177488749477, 13.125327467975508], [80.3018671428485, 13.125327718183263], [80.30186663229101, 13.12550855726954], [80.30195888772559, 13.125508807450348], [80.301958377222, 13.125689646527643], [80.30205063272844, 13.1256898966815], [80.30205037750808, 13.12578031622913], [80.30214263304147, 13.125780566347055], [80.30214212266364, 13.125961405433333], [80.30223437826889, 13.125961655524309], [80.30223412311142, 13.12605207507194], [80.30232637875261, 13.126052325135964], [80.30232612363108, 13.126142744674612], [80.3024183793082, 13.126142994702706], [80.30241786911901, 13.126323833797967], [80.30251012485901, 13.12632408379911], [80.30250986980036, 13.12641450334674], [80.3026021255763, 13.126414753311952], [80.30260136048116, 13.126686011954844], [80.3026936163649, 13.126686261893104], [80.30269336136014, 13.126776681440736], [80.30278561727981, 13.126776931352047], [80.30278536231098, 13.126867350899678], [80.30287761826658, 13.126867600775057], [80.30287710838283, 13.127048439879301], [80.30296936441029, 13.127048689727731], [80.30296885458942, 13.127229528822992], [80.30306111067976, 13.127229778644473], [80.30306060092177, 13.127410617748717], [80.30315285708399, 13.127410867534266], [80.30315260223193, 13.127501287081897], [80.30324485843008, 13.127501536849477], [80.30324460361398, 13.12759195639711], [80.30333685984805, 13.127592206128758], [80.30333635026972, 13.127773045233003], [80.30342860657566, 13.12777329492872], [80.30342809706022, 13.127954134032963], [80.30352035343802, 13.12795438370173], [80.30351984397647, 13.128135222814958], [80.30361210041717, 13.128135472456774], [80.30361159102749, 13.128316311561019], [80.30370384754004, 13.128316561166905], [80.30370359287664, 13.128406980723518], [80.30379584941615, 13.128407230302454], [80.30379534015222, 13.128588069415681], [80.3038875967636, 13.128588318967667], [80.30388734216308, 13.12867873852428], [80.30397959881039, 13.128678988040335], [80.30397908966324, 13.128859827153562], [80.3040713463914, 13.128860076642665], [80.30407083729816, 13.129040915755892], [80.30416309408919, 13.129041165218048], [80.30416283957851, 13.129131584774662], [80.30425509640547, 13.129131834209867], [80.30425484192173, 13.12922225376648], [80.30416258505883, 13.129222004331275], [80.30416207602848, 13.129402843444502], [80.3040698191027, 13.129402593982348], [80.30406956454709, 13.129493013538962], [80.30397730759437, 13.129492764031891], [80.30397705300284, 13.129583183588506], [80.30416156698914, 13.12958368255773], [80.30416182150881, 13.129493263001116], [80.30443859239395, 13.1294940112169], [80.3044383379731, 13.129584430773514], [80.30453059497972, 13.129584680109904], [80.30453008619192, 13.129765519232114], [80.30462234327041, 13.129765768541555], [80.30462132582055, 13.130127446785977], [80.3047135830248, 13.130127696068469], [80.30471231134274, 13.130579793869503], [80.30480456871767, 13.130580043125045], [80.30480202554219, 13.131484238700166], [80.30507879870007, 13.131484986332044], [80.30507930714651, 13.131304147209834], [80.30517156479993, 13.131304396348595], [80.30517207317452, 13.131123557226385], [80.30507981558398, 13.131123308087624], [80.30508134086045, 13.130580790703025], [80.30498908347654, 13.130580541546298], [80.30499060888775, 13.130038024152716], [80.30489835171045, 13.13003777496904], [80.30489962299725, 13.129585677132072], [80.30480736599063, 13.129585427930428], [80.30480787456284, 13.129404588790251], [80.3047156176191, 13.129404339552675], [80.30471587194113, 13.129313919987078], [80.30462361503332, 13.129313670722553], [80.3046241237313, 13.12913283159136], [80.30453186689535, 13.129132582290902], [80.30453237564723, 13.128951743159709], [80.30444011888315, 13.128951493841285], [80.30444037329501, 13.128861074275687], [80.30434811656687, 13.128860824912348], [80.30434837100569, 13.128770405346751], [80.30425611430448, 13.128770155965444], [80.30425662325399, 13.128589316834251], [80.30416436662466, 13.128589067417012], [80.30416487562806, 13.128408228294802], [80.3040726190706, 13.128407978850614], [80.30407287359924, 13.128317559285016], [80.3039806170867, 13.128317309804896], [80.30398087165128, 13.128226890248282], [80.30388861516566, 13.128226640732228], [80.30388912434874, 13.128045801619], [80.30379686793499, 13.128045552075998], [80.30379737718994, 13.12786471296277], [80.30370512083907, 13.127864463392818], [80.3037056301479, 13.127683624270608], [80.3036133738779, 13.127683374673706], [80.30361388324063, 13.12750253556048], [80.3035216270335, 13.127502285927644], [80.3035218817508, 13.12741186637103], [80.30342962557961, 13.127411616711246], [80.3034301350681, 13.127230777598019], [80.30333787896878, 13.127230527911285], [80.30333838852015, 13.127049688798058], [80.30324613249269, 13.127049439084375], [80.30324638729982, 13.126959019527762], [80.3031541312993, 13.126958769778147], [80.30315464097644, 13.126777930664918], [80.3030623850478, 13.126777680888354], [80.30306289477883, 13.12659684178411], [80.30297063892205, 13.126596591971612], [80.30297089381901, 13.126506172414999], [80.30287863799816, 13.126505922575552], [80.30287914785497, 13.126325083471308], [80.30278689210597, 13.126324833604912], [80.30278714706581, 13.126234414057281], [80.30269489135277, 13.126234164154951], [80.30269540132635, 13.126053325050707], [80.30260314568517, 13.12605307512143], [80.3026034007079, 13.1259626555738], [80.30251114509365, 13.125962405608588], [80.30251165520198, 13.125781566513327], [80.30241939965961, 13.125781316521165], [80.30241965473624, 13.125690896973534], [80.3023273992298, 13.125690646954425], [80.30232790946388, 13.125509807859164], [80.30223565402034, 13.125509557804122], [80.30223590916881, 13.125419138256492], [80.30214365377017, 13.125418888174499], [80.30214416412106, 13.125238049088221], [80.30205190878529, 13.125237798970296], [80.30205216399666, 13.125147379422666], [80.30195990869683, 13.125147129286775], [80.30196016393516, 13.125056709739145], [80.30186790867126, 13.12505645956732], [80.30186841921079, 13.124875620481042], [80.30177616401876, 13.124875370273287], [80.30177641931996, 13.12478495073464], [80.30168416416386, 13.124784700499934], [80.30168493015731, 13.124513441875008], [80.30159267510003, 13.12451319160437], [80.30159293046411, 13.124422772065722], [80.30150067544275, 13.124422521768134], [80.30150118622483, 13.12424168269084], [80.30140893127533, 13.124241432366302], [80.3014091867023, 13.124151012827655], [80.30131693178875, 13.124150762476168], [80.30131718724267, 13.12406034293752], [80.30122493236505, 13.124060092550101], [80.30122544333577, 13.123879253472808], [80.30113318853, 13.123879003058438], [80.30113344403782, 13.12378858351979], [80.301041189268, 13.12378833306949], [80.30104170036448, 13.123607494001178], [80.30094944565754, 13.123607243523928], [80.30094970123722, 13.12351682398528], [80.30085744656621, 13.12351657348108], [80.30085770218183, 13.123426153951415], [80.30076544754675, 13.123425903411283], [80.30076570318931, 13.123335483872635], [80.30067344859017, 13.123335233305554], [80.30067370426866, 13.123244813775889], [80.30058144970546, 13.123244563172873], [80.30058221681281, 13.122973304574897], [80.30048996235739, 13.122973053944934], [80.30049098526901, 13.122611375826276], [80.30039873094834, 13.122611125169362], [80.30039975396775, 13.122249447041721], [80.30030749979082, 13.122249196357858], [80.30030903446367, 13.121706679152924], [80.30021678048436, 13.121706428451093], [80.30021857108723, 13.121073491698528], [80.30031082483298, 13.121073742391374], [80.30031184785238, 13.120712064227801], [80.30040410146339, 13.120712314875732], [80.30040486861566, 13.120441056241823], [80.30049712211886, 13.12044130685382], [80.30049737779736, 13.12035088730619], [80.30058963128259, 13.120351137882256], [80.30059014255873, 13.120170298786993], [80.3006823959721, 13.120170549327128], [80.30068290718536, 13.119989710213899], [80.30077516052685, 13.1199899607181], [80.30077567166826, 13.119809121604872], [80.30086792494687, 13.119809372073139], [80.30086869153321, 13.119538113394315], [80.30096094471301, 13.11953836382665], [80.30096196666344, 13.119176685564263], [80.30105421970849, 13.119176935951682], [80.3010544751624, 13.119086516386083], [80.30114672818051, 13.11908676673757], [80.3011472390075, 13.118905927597394], [80.30123949195375, 13.11890617792193], [80.30124000270887, 13.118725338772771], [80.30133225559223, 13.118725589052392], [80.30133302160364, 13.118454330319668], [80.30142527438818, 13.118454580563357], [80.3014260402828, 13.11818332182165], [80.30151829296854, 13.118183572029407], [80.3015190587464, 13.117912313269734], [80.3016113113333, 13.117912563441557], [80.30161182177402, 13.117731724265449], [80.30170407429806, 13.117731974392356], [80.30170458465791, 13.117551135207263], [80.30179683711907, 13.117551385307221], [80.30179734740706, 13.117370546113145], [80.30188959979635, 13.117370796168187], [80.30189113040882, 13.11682827858596], [80.30198338260946, 13.116828528596086], [80.30198491295242, 13.116286010968942], [80.3018926609584, 13.116285760967799], [80.30189342620623, 13.116014502154227], [80.30180117432, 13.116014252126135], [80.3018019396487, 13.115742993303579], [80.30170968787026, 13.115742743248537], [80.30171019814928, 13.115561904036495], [80.30161794643372, 13.115561653954503], [80.30161845676663, 13.11538081474246], [80.30152620512295, 13.115380564624536], [80.30152722591454, 13.115018886209434], [80.30161947742349, 13.115019136318375], [80.30162024289591, 13.114747877495821], [80.30171249430603, 13.114748127559846], [80.30171351477422, 13.114386449108812], [80.3018057660496, 13.11438669914589], [80.30180627620285, 13.114205859906898], [80.30189852741535, 13.114206109908041], [80.30189903749672, 13.11402527066905], [80.30208353979596, 13.114025770545572], [80.30208379476478, 13.113935350926075], [80.30217604587847, 13.11393560081044], [80.30217630081135, 13.113845181190943], [80.30226855189808, 13.113845431039373], [80.30226880679506, 13.113755011410895], [80.30236105785482, 13.113755261232374], [80.30236131271586, 13.113664841603896], [80.3024535637397, 13.113665091389443], [80.3024538185648, 13.113574671751982], [80.30254606955272, 13.113574921501597], [80.30254632435087, 13.113484501873117], [80.30263857530285, 13.1134847515868], [80.30263883006506, 13.113394331949339], [80.3027310809901, 13.113394581627087], [80.30273133570739, 13.113304161989626], [80.30282358660548, 13.113304411631443], [80.30282384128685, 13.113213991984997], [80.302916092149, 13.113214241599866], [80.30291634680341, 13.11312382195342], [80.30300859762964, 13.113124071532356], [80.30300885224813, 13.11303365188591], [80.3031011030474, 13.11303390141993], [80.30310135762096, 13.112943481773485], [80.30319360839329, 13.112943731280556], [80.30319386293091, 13.112853311625127], [80.3032861136763, 13.112853561096264], [80.303286368178, 13.112763141440835], [80.30337861888744, 13.112763390885023], [80.3033788733532, 13.112672971220613], [80.3034711240267, 13.112673220628867], [80.30347163289537, 13.112492381309028], [80.30356388350599, 13.112492630672367], [80.3035641378999, 13.112402211007955], [80.30365638847458, 13.112402460335362], [80.30365664284155, 13.112312040670952], [80.3037488933803, 13.11231228997141], [80.30374914771133, 13.112221870298015], [80.30384139822313, 13.112222119562539], [80.30384165250923, 13.112131699889144], [80.3039339029941, 13.112131949117737], [80.30393415724427, 13.112041529444342], [80.3040264076932, 13.112041778637002], [80.30402666191642, 13.111951358963607], [80.30411891232941, 13.111951608120334], [80.30411916651671, 13.111861188437956], [80.30421141690276, 13.111861437567734], [80.30421167105412, 13.111771017885356], [80.30430392140423, 13.111771266970218], [80.3043044296261, 13.111590427605462], [80.30439667991334, 13.111590676654393], [80.30439693399283, 13.111500256972013], [80.30448918424412, 13.11150050598501], [80.30448943828769, 13.111410086293649], [80.30458168851203, 13.111410335279697], [80.30458194251966, 13.111319915588336], [80.30467419270808, 13.11132016453845], [80.30467444667978, 13.111229744838106], [80.30476669684124, 13.111229993752287], [80.30476695076803, 13.111139574060926], [80.30485920090254, 13.111139822939176], [80.30485996258408, 13.110868563838144], [80.30476771255735, 13.110868314968878], [80.3047689821643, 13.110416216476139], [80.30467673230827, 13.110415967579923], [80.30467774809624, 13.110054288778548], [80.30458549837495, 13.110054039855381], [80.30458651426174, 13.109692361054005], [80.3044942646752, 13.10969211210389], [80.30449553466843, 13.109240013593185], [80.30440328525256, 13.109239764625105], [80.30440531740344, 13.108516406986418], [80.30431306826605, 13.108516157991389], [80.30431459250048, 13.10797363975339], [80.30422234356071, 13.107973390740392], [80.30422335981581, 13.107611711903084], [80.3041311110108, 13.107611462863137], [80.3041323814532, 13.1071593643165], [80.30404013282785, 13.107159115249605], [80.30404038694327, 13.107068695540278], [80.30413263554168, 13.107068944607173], [80.30413288962117, 13.106978524888863], [80.3040406410587, 13.10697827583095], [80.30404165749346, 13.106616596984658], [80.30394940906575, 13.106616347899795], [80.30394991734151, 13.106435508472158], [80.30385766898567, 13.106435259360346], [80.30385868564501, 13.106073580514053], [80.3037664374239, 13.106073331366309], [80.30376669162017, 13.105982911656982], [80.303674443435, 13.105982662482289], [80.30367571455113, 13.105530563926669], [80.30358346652766, 13.105530314725025], [80.30358372077782, 13.105439895015698], [80.30339922482071, 13.105439396531564], [80.30339897050766, 13.10552981624089], [80.30330672249316, 13.105529566940433], [80.3033062137862, 13.105710406359089], [80.30339846186357, 13.105710655650563], [80.30339820754153, 13.10580107535989], [80.30349045565484, 13.105801324624416], [80.30348969276957, 13.106072583752397], [80.30358194099067, 13.106072832989973], [80.3035809239181, 13.1064345118183], [80.30367317227396, 13.106434761028925], [80.30367266379157, 13.10661560044758], [80.3037649122193, 13.106615849631257], [80.30376364115706, 13.107067948159928], [80.30385588974649, 13.107068197325638], [80.30385385622118, 13.107791554955341], [80.30394610508908, 13.107791804094102], [80.30394483424244, 13.108243902604807], [80.30403708328102, 13.1082441517256], [80.3040350500881, 13.108967509319372], [80.30412729939617, 13.108967758413216], [80.30412628289852, 13.109329437205611], [80.30421853233236, 13.109329686272506], [80.30421726183607, 13.109781784756262], [80.30430951144956, 13.10978203380519], [80.30430849514056, 13.1101437125886], [80.30440074488881, 13.11014396161058], [80.30439947463506, 13.11059606007637], [80.30449172455398, 13.110596309080384], [80.30449096248618, 13.110867568154466], [80.30458321250391, 13.110867817122546], [80.30458270451561, 13.111048656514253], [80.304490454426, 13.111048407537188], [80.30448994635685, 13.11122924691991], [80.30439769620436, 13.111228997906913], [80.30439744213385, 13.111319417598274], [80.30430519194543, 13.111319168549345], [80.30430493784797, 13.111409588240706], [80.30421268762363, 13.111409339155845], [80.30421243348125, 13.111499758838223], [80.30412018322995, 13.11149950972641], [80.30411992906062, 13.111589929399805], [80.3040276787734, 13.111589680252061], [80.30402742455915, 13.11168009993444], [80.30393517425395, 13.111679850750763], [80.30393492000378, 13.111770270424158], [80.30384266965366, 13.11177002120455], [80.30384241537655, 13.111860440877944], [80.30375016499949, 13.111860191622402], [80.30374991067744, 13.111950611295796], [80.30365766026445, 13.111950362004322], [80.30365816897141, 13.111769522666515], [80.30375041931254, 13.111769771949007], [80.3037506736256, 13.111679352275612], [80.30384292393978, 13.111679601531154], [80.3038431782169, 13.11158918185776], [80.30393542849515, 13.111589431068385], [80.30393568273634, 13.11149901139499], [80.30402793298764, 13.111499260578666], [80.3040281871929, 13.111408840896289], [80.30412043740826, 13.111409090044033], [80.3041206915776, 13.111318670361655], [80.304212941766, 13.111318919473467], [80.30421345003279, 13.111138080099728], [80.30430570014934, 13.111138329175606], [80.30430595425578, 13.111047909493228], [80.30421370416619, 13.11104766041735], [80.30421573716147, 13.11032430291341], [80.30412348735035, 13.110324053819566], [80.30412475808019, 13.109871955371743], [80.30403250843976, 13.10987170625095], [80.30403276261806, 13.109781286559587], [80.30394051300458, 13.109781037411844], [80.30394127562035, 13.109509778346743], [80.30384902611465, 13.10950952917205], [80.30384953457907, 13.109328689789328], [80.30403403345572, 13.109329188093799], [80.30403428761606, 13.109238768402438], [80.30366529000649, 13.109237771658748], [80.30366579859668, 13.109056932285009], [80.30348129994462, 13.109056433720026], [80.30348155430259, 13.108966014028665], [80.30329705572238, 13.108965515337918], [80.30329680129255, 13.109055935020296], [80.30338905061858, 13.109056184383636], [80.30338752421922, 13.109598702477903], [80.30357202327552, 13.109599201132719], [80.30357253194656, 13.109418361758978], [80.30366478141632, 13.109418611032487], [80.30366452711225, 13.109509030714865], [80.30375677660896, 13.109509279961424], [80.30375626807268, 13.109690119335163], [80.30384851764126, 13.109690368545788], [80.30384800915887, 13.109871207919527], [80.30394025879932, 13.109871457103205], [80.30393949616557, 13.110142716168305], [80.30384724642632, 13.110142466975645], [80.30384673792597, 13.110323306349384], [80.30393898773708, 13.110323555542044], [80.30393924195133, 13.110233135850683], [80.30403149172652, 13.11023338500741], [80.30402971240649, 13.110866322811004], [80.30412196241524, 13.110866571940782], [80.30412119991624, 13.1111378309969], [80.30402894980867, 13.111137581858138], [80.30402869560342, 13.111228001531533], [80.30393644545991, 13.11122775235684], [80.30393593697752, 13.111408591712612], [80.30384368677115, 13.111408342501987], [80.30384343249402, 13.111498762184365], [80.30375118225172, 13.111498512928822], [80.30375092793865, 13.111588932602217], [80.30365867766939, 13.111588683319725], [80.3036584233204, 13.11167910299312], [80.30347392271001, 13.111678604329324], [80.30347417712188, 13.111588184664912], [80.30328967658335, 13.111587685866366], [80.30328942210859, 13.111678105530778], [80.3031971718034, 13.111677856077607], [80.30319666277305, 13.111858695406431], [80.30310441240496, 13.111858445917326], [80.30310415784936, 13.111948865572755], [80.30301190745433, 13.111948616056702], [80.3030116528628, 13.11203903571213], [80.30291940244082, 13.11203878615116], [80.30291914781336, 13.112129205806589], [80.30282689735544, 13.11212895621867], [80.30282664269204, 13.1122193758741], [80.3027343921982, 13.112219126241266], [80.30273413749887, 13.112309545896693], [80.30264188697808, 13.11230929623691], [80.30264163224281, 13.112399715883356], [80.30254938169507, 13.11239946618764], [80.30254912692388, 13.112489885834083], [80.3024568763402, 13.112489636102435], [80.30245662153307, 13.112580055739897], [80.30227212029385, 13.112579556177785], [80.30227135567483, 13.112850815090171], [80.30245585711168, 13.112851314661267], [80.30245560229557, 13.11294173429873], [80.30236335154122, 13.112941484531147], [80.30236309669814, 13.11303190416861], [80.30227084591685, 13.113031654356112], [80.30227059102887, 13.113122073993575], [80.30208608940337, 13.113121574278749], [80.30208557949267, 13.113302413535706], [80.30199332861255, 13.113302163624395], [80.30199307362577, 13.113392583252873], [80.30190082270971, 13.113392333305628], [80.30190056768699, 13.113482752934107], [80.30180831674399, 13.11348250295093], [80.30180806168532, 13.11357292257941], [80.3017158107064, 13.113572672560299], [80.3017155556118, 13.113663092179795], [80.30162330460591, 13.113662842133737], [80.30162279433588, 13.113843681363745], [80.30143829218937, 13.113843181154845], [80.30143854739177, 13.113752761544331], [80.30134629635893, 13.113752511399458], [80.30134655158827, 13.113662091788946], [80.30116204959447, 13.1136615913914], [80.30116230489567, 13.113571171780887], [80.30107005393471, 13.113570921537198], [80.30107030926287, 13.113480501926686], [80.30097805833783, 13.113480251647065], [80.30097831369294, 13.113389832045534], [80.30088606280383, 13.113389581729981], [80.30088682897694, 13.113118322916408], [80.30079457819564, 13.113118072582889], [80.30079559986757, 13.112756394158804], [80.3010723518342, 13.112757145042584], [80.30107311776474, 13.112485886202062], [80.30116536832148, 13.112486136427785], [80.30116511304722, 13.112576556038297], [80.30125736363988, 13.11257680623707], [80.30125787412551, 13.11239596699808], [80.30135012465529, 13.112396217151936], [80.30135037985767, 13.112305797532441], [80.30125812936383, 13.112305547378583], [80.30125889506083, 13.112034288520096], [80.30116664467478, 13.112034038330306], [80.3011676657179, 13.111672359852323], [80.3010754154666, 13.111672109644566], [80.30107592604206, 13.111491270396591], [80.30098367585364, 13.111491020161886], [80.30098393117281, 13.11140060054239], [80.30089168102931, 13.111400350271753], [80.30089193637544, 13.111309930652256], [80.30070743615131, 13.111309430021148], [80.30070820239628, 13.111038171171643], [80.30061595238753, 13.111037920802191], [80.30061671871336, 13.110766661952686], [80.3005244688124, 13.110766411565267], [80.30052497975616, 13.110585572335259], [80.3004327299181, 13.110585321911907], [80.30043349642358, 13.110314063062402], [80.30034124668431, 13.110313812621085], [80.30034226879643, 13.109952134152085], [80.3002500192009, 13.109951883674833], [80.30025078586809, 13.109680624825328], [80.30015853637137, 13.109680374330113], [80.3001593031194, 13.109409115471625], [80.30006705373049, 13.109408864949458], [80.30006756495273, 13.109228025710467], [80.2999753156267, 13.109227775152368], [80.29997633818796, 13.108866096683368], [80.29988408899668, 13.108865846098318], [80.29988511166574, 13.108504167629318], [80.29979286260921, 13.10850391701732], [80.2997938853771, 13.108142238539337], [80.29970163646429, 13.108141987909374], [80.2997018921877, 13.108051568289877], [80.29979414106458, 13.108051818919842], [80.29979465243055, 13.10787097968085], [80.29988690124455, 13.107871230274881], [80.29988766818121, 13.107599971398427], [80.29979541947502, 13.107599720804396], [80.29979618649254, 13.107328461927942], [80.29970393788517, 13.107328211315943], [80.29970496067999, 13.106966532811011], [80.29961271220736, 13.106966282172063], [80.29961322366317, 13.106785442915106], [80.2995209752624, 13.106785192240226], [80.29952225404116, 13.106333094115797], [80.29915326112081, 13.106332091128817], [80.29915377288204, 13.10615125188084], [80.29906152472381, 13.106151001053247], [80.29906229246, 13.105879742194759], [80.29897004440957, 13.105879491340216], [80.29897055628759, 13.105698652101225], [80.29887830830901, 13.105698401210748], [80.29887958814778, 13.105246303104288], [80.29878734033093, 13.105246052204828], [80.29878836430255, 13.104884373708877], [80.29869611662043, 13.10488412278247], [80.29869662866015, 13.104703283534494], [80.2986043810499, 13.104703032572154], [80.29860540524611, 13.104341354076205], [80.2985131577706, 13.104341103095898], [80.29851392600085, 13.104069844219444], [80.29842167863315, 13.104069593203203], [80.29842270304495, 13.103707914716237], [80.29833045581198, 13.103707663673047], [80.29833096806729, 13.103526824425073], [80.2982387209062, 13.103526573354934], [80.29823974553359, 13.103164894858985], [80.29814749850725, 13.103164643761897], [80.29814826706988, 13.102893384885443], [80.29805602014234, 13.102893133761404], [80.29805704498533, 13.102531455265455], [80.29796479820153, 13.102531204114468], [80.29796531068142, 13.102350364866492], [80.2978730639605, 13.102350113688557], [80.29787357650326, 13.10216927444058], [80.29778132985422, 13.102169023226711], [80.29778158615255, 13.102078603607216], [80.29768933953943, 13.102078352366398], [80.29768959587369, 13.101987932737918], [80.29759734929651, 13.10198768147015], [80.29759811838015, 13.10171642260268], [80.29769036485852, 13.101716673870447], [80.29769062118382, 13.10162625424197], [80.29759837474137, 13.101626002983183], [80.29759888744583, 13.101445163735209], [80.2976911338254, 13.101445414993995], [80.29769190277429, 13.101174156108558], [80.29778414905503, 13.10117440733141], [80.2977846616068, 13.10099356807445], [80.29796915403354, 13.100994070412359], [80.29796941024203, 13.100903650774896], [80.29806165642397, 13.10090390188995], [80.2980621687691, 13.100723062615026], [80.29815441488815, 13.100723313694148], [80.29815492715244, 13.100542474419223], [80.29824717320861, 13.100542725462413], [80.29824742930931, 13.100452305815967], [80.29833967532954, 13.100452556823225], [80.29833993138533, 13.100362137176779], [80.29843217737861, 13.100362388157086], [80.29843243339847, 13.100271968501659], [80.29852467935582, 13.100272219446033], [80.29852519134164, 13.100091380144159], [80.29861743722712, 13.100091631043618], [80.29861794913208, 13.09991079173276], [80.29871019496368, 13.099911042605271], [80.29871045087573, 13.099820622949842], [80.29880269667139, 13.099820873777436], [80.2988029525475, 13.099730454122007], [80.29926418138204, 13.099731707774884], [80.29926443708749, 13.099641288110472], [80.299448928571, 13.09964178933447], [80.29944918420458, 13.099551369661075], [80.29991041276962, 13.099552622146142], [80.29991066824151, 13.099462202463764], [80.30009515960823, 13.099462703220636], [80.30009541500826, 13.099372283538258], [80.29972643240954, 13.099371281889766], [80.29972694347907, 13.099190442533995], [80.29981918905914, 13.099190692984296], [80.29981944455797, 13.099100273301918], [80.29963495346972, 13.0990997723564], [80.29963444233731, 13.099280611721156], [80.2995421967303, 13.09928036119899], [80.29954194112366, 13.099370780872384], [80.29935744984677, 13.099370279720253], [80.29935770551629, 13.099279860046858], [80.29926545990928, 13.099279609425878], [80.29926622700765, 13.099008350405693], [80.29917398150843, 13.09900809974878], [80.29917449296424, 13.09882726040199], [80.29926673839158, 13.09882751104992], [80.29926852819496, 13.098194573309208], [80.29917628299219, 13.098194322679243], [80.29917577156334, 13.098375162026032], [80.29908352630667, 13.098374911360136], [80.29908327055631, 13.09846533103353], [80.29899102525474, 13.098465080322718], [80.29899204838193, 13.098103401629139], [80.29889980322409, 13.098103150900359], [80.29890031484159, 13.097922311553571], [80.29880806975561, 13.097922060788859], [80.29880730222605, 13.09819331980006], [80.29889954741084, 13.098193570573754], [80.29889826832667, 13.098645668931745], [80.29871377760672, 13.09864516733944], [80.29871275403035, 13.099006845997087], [80.29880499952058, 13.099007096815697], [80.29880448779528, 13.09918793614452], [80.29889673334839, 13.099188186936182], [80.2988957099966, 13.099549865593827], [80.29880346430875, 13.099549614793183], [80.29880397605201, 13.099368775473344], [80.29871173042703, 13.09936852464575], [80.29871070678779, 13.09973020328543], [80.29834172376687, 13.099729199633696], [80.29834274794511, 13.099367521029949], [80.29769702867809, 13.099365763413212], [80.29769728494948, 13.09927534377575], [80.2976050393784, 13.099275092552897], [80.29760452676376, 13.099455931836806], [80.29751228112981, 13.099455680578021], [80.29751202477757, 13.099546100215482], [80.29714304212496, 13.099545094865933], [80.29714278564697, 13.09963551449441], [80.29695829426227, 13.099635011617515], [80.29695803771241, 13.099725431237012], [80.29677354627381, 13.099724928225369], [80.2967732896521, 13.099815347844864], [80.29658879815061, 13.099814844698473], [80.29658956821342, 13.099543585848968], [80.29668181385637, 13.099543837431147], [80.2966825838024, 13.099272578563676], [80.29659033824929, 13.099272326990482], [80.29659110827616, 13.09900106812301], [80.29649886283086, 13.099000816513882], [80.296499376236, 13.098819977274891], [80.29640713086256, 13.098819725638814], [80.29640790106012, 13.098548466771343], [80.29622341051086, 13.098547963409356], [80.29622366731225, 13.098457543789861], [80.29613142207354, 13.098457292063951], [80.29613116524521, 13.098547711683448], [80.29603891997957, 13.098547459912623], [80.29603969056339, 13.098276201072101], [80.29613193573023, 13.09827645282496], [80.29613167890189, 13.098366872444457], [80.29622392410465, 13.098367124170364], [80.29622572160659, 13.09773418682491], [80.29613347663738, 13.097733935107986], [80.29613399026711, 13.09755309586001], [80.29604174536978, 13.097552844116136], [80.29604225904443, 13.097372004877144], [80.29595001421895, 13.097371753097335], [80.29595155542255, 13.096829235362394], [80.2958593107947, 13.09682898356462], [80.2958595676949, 13.096738563945124], [80.29549058935422, 13.096737556439617], [80.29549136042314, 13.096466297581129], [80.295399115948, 13.096466045630642], [80.29539963005384, 13.096285206400633], [80.29530738564159, 13.096284954414212], [80.29530841397005, 13.095923275945212], [80.29521616969255, 13.095923023931842], [80.29521719811981, 13.095561345462842], [80.29512495398605, 13.095561093431506], [80.29512546825359, 13.095380254192515], [80.29503322418269, 13.095380002125246], [80.29503425283454, 13.095018323656246], [80.29494200890738, 13.095018071562027], [80.29494303765804, 13.094656393084044], [80.29485079386563, 13.094656140971859], [80.29485207992973, 13.094204042874381], [80.29494432356044, 13.094204294977581], [80.29494483790883, 13.094023455729607], [80.29485259434998, 13.094023203626405], [80.29485362314556, 13.093661525130456], [80.29476137973045, 13.093661273000304], [80.29476240863382, 13.093299594504355], [80.29467016534446, 13.093299342347255], [80.2946709371051, 13.0930280834708], [80.29457869392353, 13.09302783128675], [80.29457895121001, 13.092937411667256], [80.29430222177314, 13.09293665492646], [80.29430325128737, 13.092574976439494], [80.29421100828549, 13.092574724138663], [80.29421126568874, 13.092484304519168], [80.29430350866369, 13.092484556819997], [80.29430376604, 13.09239413719152], [80.29411928016198, 13.092393632562908], [80.29411953760118, 13.092303212943412], [80.29421178050424, 13.092303465271192], [80.29421203790751, 13.092213045651697], [80.29430428077465, 13.092213297943545], [80.29430582495168, 13.091670780181653], [80.29421358228217, 13.091670527898788], [80.29421461182335, 13.091308849384873], [80.29412236928857, 13.09130859707506], [80.29412339893756, 13.09094691855216], [80.29403115653753, 13.090946666215396], [80.29403141397673, 13.090856246586917], [80.29393917161264, 13.090855994223205], [80.29393942908776, 13.090765574594725], [80.29366270211227, 13.090764817287992], [80.29366321725118, 13.090583978049], [80.29357097500386, 13.09058372555054], [80.29357174779756, 13.090312466683068], [80.29366398995504, 13.090312719172546], [80.293664247511, 13.090222299544067], [80.29357200538946, 13.09022204705459], [80.29357252058226, 13.090041207806616], [80.29348027853258, 13.090040955290188], [80.2934807937703, 13.08986011603323], [80.29375751973069, 13.089860873483696], [80.29375777725073, 13.089770453846233], [80.2938500192016, 13.089770706263845], [80.2938502766857, 13.089680286626383], [80.2937580347618, 13.089680034217754], [80.29375880730394, 13.089408775323333], [80.29385104912006, 13.08940902772298], [80.2938513065952, 13.089318608085517], [80.29394354838436, 13.089318860458214], [80.29394406326276, 13.089138021183288], [80.29385182154545, 13.089137768819576], [80.29385207901159, 13.089047349182113], [80.29375983732123, 13.089047096782469], [80.29376112481366, 13.088594998586174], [80.29366888329398, 13.088594746168562], [80.29366914082301, 13.088504326531101], [80.29357689933927, 13.088504074068574], [80.29357664178329, 13.088594493706035], [80.2934844002726, 13.088594241216558], [80.29348388507981, 13.088775080491482], [80.29329940192368, 13.08877457540473], [80.29329965958745, 13.088684155776251], [80.2932074180498, 13.08868390318796], [80.29320767574053, 13.088593483559482], [80.29302319273712, 13.088592978284083], [80.2930234504997, 13.088502558655605], [80.29283896755918, 13.088502053254443], [80.29283922538464, 13.088411633625963], [80.2927469839548, 13.088411380875975], [80.29274775752104, 13.088140122017487], [80.292655516199, 13.08813986924055], [80.2926562898461, 13.087868610373079], [80.29293301353374, 13.087869368587112], [80.2929332713143, 13.087778948958633], [80.29320999491212, 13.087779706867238], [80.29321025258487, 13.087689287238758], [80.2933024937542, 13.0876895398001], [80.29330223611738, 13.087779959437563], [80.29339447732264, 13.087780211980938], [80.2933939621029, 13.087961051255864], [80.29348620337105, 13.087961303763306], [80.2934859457971, 13.088051723400769], [80.29357818710118, 13.088051975881262], [80.29357767200719, 13.088232815156186], [80.29366991338314, 13.08823306760973], [80.29366939834306, 13.088413906884655], [80.29376163979086, 13.08841415931125], [80.29376138230674, 13.088504578948712], [80.29385362379048, 13.088504831339375], [80.29385310886718, 13.088685670623281], [80.29394535042279, 13.088685922978012], [80.29394509299257, 13.088776342624456], [80.29403733458412, 13.088776594952238], [80.29403681978657, 13.088957434236145], [80.29412906144998, 13.088957686536975], [80.29412880408265, 13.089048106174438], [80.294221045773, 13.089048358448318], [80.2942207884416, 13.08913877808578], [80.2943130301679, 13.089139030323729], [80.29431277287243, 13.089229449970174], [80.29440501463465, 13.089229702181173], [80.29440475736614, 13.089320121827619], [80.29449699916428, 13.089320374002686], [80.29449674192271, 13.089410793649131], [80.2945889837568, 13.089411045788266], [80.29458795491631, 13.08977272438303], [80.29486468084076, 13.089773480638735], [80.29486442372496, 13.089863900294162], [80.29495666573871, 13.089864152307532], [80.29495640864987, 13.089954571962961], [80.29504865069954, 13.089954823949382], [80.29504787954079, 13.090226082915667], [80.29514012168927, 13.090226334875139], [80.29513935061136, 13.090497593841423], [80.29523159286767, 13.090497845773944], [80.2952308218706, 13.09076910474023], [80.2953230642347, 13.090769356645803], [80.2953220363464, 13.091131035258533], [80.29541427883626, 13.091131287137156], [80.29541350800989, 13.091402546094457], [80.29550575059855, 13.091402797946131], [80.29550395216238, 13.092035735516163], [80.29559619499359, 13.09203598734987], [80.29559593810237, 13.092126406996316], [80.2956881809695, 13.09212665879409], [80.29568792410524, 13.092217078449519], [80.29605689573552, 13.092218085335187], [80.29605715246504, 13.092127665670777], [80.29633388110241, 13.092128420480194], [80.29633413772414, 13.092038000815782], [80.29661086628066, 13.092038755328755], [80.29661112280358, 13.09194833565536], [80.29688785127925, 13.091949089862906], [80.29688810769437, 13.091858670180528], [80.29725707888447, 13.091859675323466], [80.29725733517382, 13.091769255632105], [80.29762630625613, 13.091770260236054], [80.29762656240175, 13.091679840544693], [80.29781104789349, 13.091680342649038], [80.29781130396725, 13.091589922948694], [80.29799578939611, 13.091590424909308], [80.29799655741077, 13.091319165808276], [80.29790431480413, 13.091318914845935], [80.29790457083297, 13.09122849514559], [80.29781232826227, 13.091228244147317], [80.29781258432705, 13.091137824446973], [80.29772034178329, 13.091137573430732], [80.2977208539847, 13.090956734030044], [80.29762861150382, 13.090956482977871], [80.29762886764047, 13.090866063277527], [80.29744438275958, 13.090865561074368], [80.29744412656903, 13.090955980774712], [80.29735188409715, 13.090955729623724], [80.2973516278617, 13.091046149315085], [80.29725938536286, 13.091045898128167], [80.29725912910047, 13.091136317819528], [80.29707464403991, 13.091135815346874], [80.29707490037417, 13.091045395655511], [80.29698265787533, 13.091045144369778], [80.29698317060675, 13.090864304996039], [80.29689092818876, 13.090864053683354], [80.2968911845859, 13.090773634000977], [80.29679894219487, 13.09077338265236], [80.29679919861897, 13.090682962969982], [80.29670695626386, 13.090682711594416], [80.29670721272389, 13.090592291912039], [80.29661497040472, 13.09059204050054], [80.29661548338767, 13.090411201135785], [80.29652324114035, 13.090410949697336], [80.29652349766327, 13.090320530023941], [80.29643125545189, 13.09032027854956], [80.29643151200175, 13.090229858867183], [80.2963392698263, 13.090229607374836], [80.29633978298891, 13.09004876801008], [80.29624754088533, 13.0900485164818], [80.29624779749808, 13.089958096808406], [80.29615555542145, 13.089957845244193], [80.29615581207013, 13.089867425570798], [80.29606357003841, 13.089867173979638], [80.29606408338967, 13.089686334623865], [80.29597184142084, 13.089686083005754], [80.29597235483497, 13.089505243649981], [80.29588011293801, 13.08950499200492], [80.29588062640605, 13.089324152649148], [80.29597286824013, 13.089324404294208], [80.2959731249427, 13.089233984620813], [80.29588088314455, 13.089233732975753], [80.29588113987407, 13.089143313293375], [80.29578889811185, 13.089143061621364], [80.29578941163379, 13.088962222265591], [80.29569716994344, 13.088961970566633], [80.29569742673584, 13.088871550893238], [80.29560518507243, 13.088871299149362], [80.29560569872014, 13.088690459802573], [80.29551345713757, 13.088690208040731], [80.29551371399288, 13.088599788367336], [80.29542147243727, 13.088599536569562], [80.2954217293195, 13.088509116896168], [80.29532948780881, 13.088508865071445], [80.29532974472698, 13.08841844539805], [80.29523750324324, 13.088418193537393], [80.29523776018836, 13.088327773863998], [80.29514551874055, 13.088327521976392], [80.2951452617595, 13.088417941640804], [80.29505302028474, 13.088417689717266], [80.29505327730173, 13.088327270052854], [80.29496103585392, 13.088327018093384], [80.29496129290685, 13.088236598428972], [80.29486905149497, 13.088236346442551], [80.29486930857483, 13.08814592677814], [80.29477706720787, 13.088145674764771], [80.29477732432368, 13.08805525510036], [80.29468508298366, 13.088055003051057], [80.29468559726917, 13.087874163722233], [80.29459335600102, 13.087873911645982], [80.2945936131797, 13.08778349198157], [80.29468585441191, 13.087783744057822], [80.29468662581321, 13.087512485064586], [80.29459438467983, 13.087512232997318], [80.29459489901024, 13.087331393668494], [80.2945026579487, 13.087331141565294], [80.29450291514536, 13.087240721900882], [80.29441067411975, 13.08724046977073], [80.29441093134335, 13.087150050106318], [80.29431869035368, 13.087149797940235], [80.29431894761322, 13.087059378284808], [80.29422670665949, 13.087059126091775], [80.29422722123245, 13.086878286771935], [80.29413498035058, 13.086878034542968], [80.29413523766401, 13.086787614887541], [80.29404299681806, 13.086787362631625], [80.29404325416743, 13.086696942967214], [80.29395101334845, 13.086696690684349], [80.29395152811904, 13.086515851373493], [80.2937670466248, 13.08651534670895], [80.29376678917662, 13.086605766364377], [80.29358230762847, 13.086605261556103], [80.29358308017063, 13.086334002607785], [80.29376756151215, 13.086334507398092], [80.29376781896033, 13.086244087742664], [80.29395230024797, 13.08624459238924], [80.29395255762428, 13.086154172733812], [80.29413703885801, 13.086154677254626], [80.29413729616246, 13.086064257590214], [80.29422953674788, 13.08606450979223], [80.2942297940164, 13.085974090127818], [80.2943220345659, 13.085974342302885], [80.29432229179847, 13.08588392262949], [80.29441453232101, 13.085884174768625], [80.29441478951766, 13.08579375509523], [80.29450703000427, 13.08579400719843], [80.29450728717397, 13.085703587525035], [80.29469176808432, 13.085704091632623], [80.29469151099546, 13.085794511306018], [80.29459927049987, 13.085794259274682], [80.29459875623233, 13.085975098621471], [80.29469099679979, 13.08597535066179], [80.29469048259514, 13.086156190017563], [80.29478272322548, 13.086156442030934], [80.2947824661546, 13.086246861704328], [80.29487470682088, 13.086247113681766], [80.294874192733, 13.08642795303754], [80.29496643347115, 13.086428204988026], [80.29496617646313, 13.086518624670404], [80.29505841722822, 13.08651887658496], [80.29505816025616, 13.086609296267337], [80.29515040105717, 13.086609548154943], [80.29515014411206, 13.08669996783732], [80.295242384949, 13.086700219697978], [80.29524212803982, 13.086790639380355], [80.29551885067644, 13.08679139475571], [80.29551859385708, 13.086881814447072], [80.29561083477489, 13.086882066172981], [80.29561057799147, 13.086972485864342], [80.2957028189452, 13.086972737563302], [80.29570256218872, 13.08706315724568], [80.2957948031784, 13.08706340891769], [80.29579428972832, 13.087244248291428], [80.29588653078986, 13.087244499936489], [80.29588627409626, 13.08733491962785], [80.29597851519372, 13.087335171227995], [80.29597825852709, 13.087425590919356], [80.29607049966049, 13.087425842501535], [80.29606998639906, 13.087606681884257], [80.29616222759535, 13.087606933430502], [80.29616197100057, 13.087697353121863], [80.29625421223278, 13.08769760464116], [80.29625369909712, 13.087878444023882], [80.2963459404012, 13.087878695507246], [80.29634568386032, 13.08796911520759], [80.29643792520034, 13.087969366664005], [80.29643766869539, 13.088059786355366], [80.29652991007133, 13.08806003778483], [80.29652965359332, 13.08815045747619], [80.2966218950052, 13.088150708869723], [80.29662086922797, 13.088512387662117], [80.29671311076561, 13.0885126390287], [80.29671259793537, 13.088693478420405], [80.29680483955386, 13.088693729760038], [80.2968045831657, 13.088784149460382], [80.29689682481113, 13.088784400764084], [80.2968965684589, 13.088874820464428], [80.29698881014926, 13.088875071732197], [80.29698855382397, 13.08896549143254], [80.29717303726756, 13.088965993887228], [80.29717278100516, 13.089056413596555], [80.29726502276738, 13.089056664774493], [80.2972647665409, 13.089147084474837], [80.29735700833906, 13.089147335625823], [80.297356495949, 13.089328175035496], [80.29744873781004, 13.089328426159533], [80.29744771313773, 13.089690104978876], [80.29753995514248, 13.089690356075964], [80.29753969900585, 13.089780775776308], [80.29763194103757, 13.089781026837464], [80.29763168492788, 13.089871446546791], [80.29772392700451, 13.089871697580998], [80.29772367093075, 13.089962117281342], [80.2979081551379, 13.08996261925094], [80.29790738710528, 13.090233878378921], [80.29799962931666, 13.090234129323296], [80.29799937333274, 13.090324549032623], [80.29809161558005, 13.090324799941065], [80.29809110368407, 13.090505639359721], [80.2979066190547, 13.090505137506904], [80.29790636303484, 13.090595557216231], [80.29781412068873, 13.090595306235924], [80.29781360857714, 13.090776145645595], [80.29790585098615, 13.090776396625902], [80.2979055949663, 13.090866816326248], [80.29799783741123, 13.090867067279605], [80.29799732541643, 13.091047906689276], [80.29808956793325, 13.091048157615685], [80.29808931196729, 13.091138577325012], [80.29818155452001, 13.091138828215488], [80.29818129858101, 13.091229247924815], [80.29827354116968, 13.091229498779358], [80.29827302936353, 13.091410338198013], [80.29882648532673, 13.091411842687467], [80.29882674102319, 13.091321422969157], [80.29910346893293, 13.091322174760235], [80.29910372453058, 13.091231755041925], [80.29938045235048, 13.091232506527575], [80.29938070784931, 13.091142086800282], [80.29947295042899, 13.091142337232617], [80.2994726949661, 13.091232756959911], [80.29984166542857, 13.091233758356873], [80.29984192075672, 13.091143338620597], [80.30002640593406, 13.091143839116958], [80.30002666119034, 13.091053419371697], [80.30030338886652, 13.091054169860218], [80.30030287855158, 13.091235009359721], [80.30039512117617, 13.09123525945968], [80.3003946109241, 13.091416098959183], [80.30048685362057, 13.091416349032192], [80.3004863434224, 13.091597188531695], [80.30057858619074, 13.091597438577754], [80.30057782097883, 13.0918686978315], [80.30067006385497, 13.091868947841627], [80.30066980881426, 13.09195936759587], [80.30076205171734, 13.091959617579047], [80.30076179671259, 13.09205003733329], [80.3008540396516, 13.092050287289519], [80.3008542946294, 13.091959867535275], [80.30094653754146, 13.091960117446588], [80.30094602765772, 13.092140956964057], [80.30076154169885, 13.092140457087533], [80.3007612866851, 13.092230876832794], [80.30085352969597, 13.092231126789022], [80.30085301973138, 13.092411966297508], [80.30094526281411, 13.092412216226785], [80.30094449795256, 13.092683475480532], [80.30103674113411, 13.092683725373877], [80.30103623128629, 13.092864564882364], [80.30112847453971, 13.092864814748761], [80.30112770984881, 13.09313607401149], [80.30121995320106, 13.093136323850937], [80.30121969834002, 13.09322674360518], [80.3013119417282, 13.093226993417678], [80.30131168689411, 13.09331741317192], [80.30149617374232, 13.093317912698101], [80.30149591898011, 13.093408332452343], [80.30131143206003, 13.093407832926165], [80.30131117721697, 13.093498252680407], [80.30158790770487, 13.093499001929253], [80.30158739822537, 13.093679841446722], [80.30149515465753, 13.093679591724056], [80.30149439032597, 13.093950850977803], [80.30158663399261, 13.093951100709452], [80.30158612449513, 13.094131940217938], [80.30167836822466, 13.094132189913655], [80.30167785879007, 13.09431302942214], [80.30177010259146, 13.094313279090908], [80.30176959321076, 13.094494118599394], [80.30186183708402, 13.094494368241211], [80.3018610731028, 13.094765627503941], [80.30195331707488, 13.094765877118808], [80.30195280781096, 13.094946716627295], [80.3020450518549, 13.09494696620623], [80.30204428804436, 13.095218225477943], [80.3021365321961, 13.09521847502993], [80.30213602304896, 13.095399314538415], [80.30222826726359, 13.095399564063452], [80.30222750362373, 13.095670823335164], [80.30204301499685, 13.095670324240176], [80.30204276037837, 13.095760743985435], [80.30195051602901, 13.095760494388534], [80.30195026137459, 13.095850914142778], [80.30204250575989, 13.09585116373968], [80.30204174189545, 13.096122422984442], [80.30213398637957, 13.096122672563377], [80.30213296799546, 13.0964843515534], [80.30222521261432, 13.096484601096403], [80.30222495804973, 13.096575020850647], [80.30231720270453, 13.0965752703667], [80.30231643909163, 13.096846529611463], [80.30250092861681, 13.096847028553738], [80.3024999107088, 13.097208707552744], [80.30259215560615, 13.097208956978966], [80.30259164671054, 13.097389796487452], [80.30268389167075, 13.097390045886725], [80.30268338283803, 13.097570885386228], [80.3028678729112, 13.097571384094941], [80.30286812726018, 13.097480964331714], [80.30314486228457, 13.097481712143257], [80.30314435377524, 13.097662551660726], [80.30323659886122, 13.097662800862368], [80.30323583619155, 13.097934060143064], [80.30314359100674, 13.097933810932439], [80.30314308248843, 13.098114650449908], [80.30295859200204, 13.098114151920857], [80.30295808333102, 13.09829499142036], [80.30314257396113, 13.098295489958394], [80.30314282822029, 13.09820507020415], [80.3032350735039, 13.098205319414777], [80.3032353277361, 13.098114899660533], [80.30341981823148, 13.098115397991954], [80.30341956407113, 13.098205817755181], [80.30351180935475, 13.098206066866991], [80.30351079282117, 13.098567745910914], [80.30341854739382, 13.09856749679012], [80.30341803904619, 13.098748336298605], [80.30351028453642, 13.098748585428384], [80.30350926795792, 13.099110264454339], [80.30360151357391, 13.099110513557168], [80.30360100534305, 13.099291353074637], [80.30369325103092, 13.099291602150515], [80.30369274286294, 13.099472441659001], [80.30378498862267, 13.099472690707932], [80.30378397237655, 13.099834369733887], [80.30387621828, 13.099834618755867], [80.30387596424542, 13.09992503851011], [80.3039682101848, 13.099925287496157], [80.30396617813275, 13.10064864554807], [80.30405842434163, 13.10064889451615], [80.30405817036095, 13.100739314270394], [80.3043349090864, 13.100740060977007], [80.30433465520453, 13.100830480740234], [80.30442690148527, 13.10083072958255], [80.3044258860746, 13.10119240861749], [80.30451813249009, 13.101192657432856], [80.3045178786711, 13.101283077196083], [80.30442563221968, 13.101282828380715], [80.30442487062798, 13.101554087652428], [80.30433262407774, 13.101553838792144], [80.30433186237825, 13.101825098054874], [80.3044241090273, 13.101825346915158], [80.30442436290018, 13.101734927160914], [80.30451660952228, 13.101735175985265], [80.30451686335026, 13.101644756231021], [80.30460910993642, 13.101645005019439], [80.3046098713305, 13.101373745738744], [80.30470211781785, 13.10137399449123], [80.30470364034548, 13.100831475902888], [80.30498037921465, 13.100832221926781], [80.30498012556636, 13.100922641698991], [80.30534911088697, 13.10092363593638], [80.3053488573734, 13.101014055717574], [80.30562559648513, 13.10101480105875], [80.30562534307039, 13.10110522083994], [80.30580983588341, 13.101105717572361], [80.30580958253155, 13.101196137362537], [80.30599407542542, 13.101196633960209], [80.30599382214541, 13.101287053750385], [80.30608606862378, 13.101287302008796], [80.30608581537075, 13.101377721798972], [80.30617806189403, 13.101377970021451], [80.30617780866794, 13.101468389811627], [80.3063623017774, 13.101468886157772], [80.30636204862317, 13.10155930595693], [80.30645429521832, 13.101559554080595], [80.30645404209105, 13.101649973879754], [80.30654628871315, 13.101650221976469], [80.30654603562179, 13.101740641766645], [80.30663828228882, 13.10174088983641], [80.30663802922442, 13.10183130963557], [80.30673027592736, 13.101831557669403], [80.3067300228989, 13.10192197746856], [80.30682226962881, 13.101922225466462], [80.3068220166273, 13.10201264526562], [80.3069142634021, 13.102012893236571], [80.30691375747094, 13.102193732843872], [80.30700600430863, 13.10219398077889], [80.30700575137, 13.102284400587033], [80.30719024511727, 13.102284896376222], [80.30718973937475, 13.102465735983522], [80.30728198632025, 13.10246598382871], [80.30728173348042, 13.102556403636852], [80.30737398046186, 13.102556651446106], [80.30737372764898, 13.102647071254248], [80.30746597466634, 13.102647319045536], [80.30746546911247, 13.102828158652837], [80.3075577162017, 13.102828406408191], [80.30755746345172, 13.102918826216333], [80.30764971057687, 13.10291907394474], [80.30764945785383, 13.103009493752882], [80.30774170501492, 13.103009741445355], [80.3077409469536, 13.103281000869782], [80.30783319421352, 13.103281248535305], [80.30783294156234, 13.10337166835243], [80.30792518885818, 13.103371915982022], [80.30792468360075, 13.10355275560729], [80.30801693096845, 13.103553003209932], [80.30801642578288, 13.103733842835197], [80.30810867321348, 13.10373409041089], [80.3081081680818, 13.103914930027175], [80.30820041558427, 13.103915177575917], [80.30819991051547, 13.104096017201185], [80.3082921580898, 13.104096264713995], [80.3082916530749, 13.104277104339262], [80.3083839007121, 13.104277351825123], [80.3083831432886, 13.104548611267516], [80.3084753910336, 13.104548858726426], [80.30847463368194, 13.104820118159836], [80.30856688153473, 13.104820365591799], [80.30856637669054, 13.105001205217066], [80.30865862460621, 13.105001452622078], [80.30865837221555, 13.105091872439203], [80.30875062016716, 13.105092119808283], [80.3087501154577, 13.10527295943355], [80.3088423634722, 13.10527320677568], [80.30884211114441, 13.105363626592805], [80.30893435920382, 13.105363873907987], [80.3089336023103, 13.105635133350379], [80.30902585046853, 13.105635380629627], [80.30902534593874, 13.105816220263877], [80.30911759416882, 13.105816467516176], [80.309116837446, 13.106087726967552], [80.3092090857749, 13.106087974192901], [80.3092088335639, 13.106178394010026], [80.30930108193772, 13.106178641199444], [80.3093005775786, 13.106359480833694], [80.3093928260153, 13.10635972799616], [80.30939232171907, 13.106540567639394], [80.30948457021864, 13.106540814774913], [80.3094840659853, 13.106721654409164], [80.30957631455675, 13.106721901517732], [80.3095758103773, 13.106902741151982], [80.30966805902959, 13.106902988224617], [80.30966730284575, 13.107174247684975], [80.30975955159685, 13.107174494730662], [80.30975879549386, 13.107445754191021], [80.3098510443438, 13.107446001209759], [80.3098507923394, 13.107536421026884], [80.31003529012011, 13.107536914974526], [80.31003554205263, 13.107446495148418], [80.31012779091154, 13.107446742077322], [80.31012829470471, 13.107265902425105], [80.31003604591767, 13.107265655505184], [80.31003654977373, 13.107084815852966], [80.30994430105855, 13.107084568906096], [80.30994455301803, 13.106994149079986], [80.3098523043298, 13.106993902106165], [80.30985306029804, 13.106722642636823], [80.30976081171761, 13.10672239562707], [80.30976131575333, 13.106541555983837], [80.30966906724477, 13.106541308947133], [80.30966957133438, 13.106360469294916], [80.30957732289768, 13.106360222231263], [80.30957782705019, 13.10617938258803], [80.30948557867637, 13.106179135488444], [80.30948608289175, 13.105998295845211], [80.3093938345898, 13.10599804872766], [80.30939433886807, 13.105817209084426], [80.309302090629, 13.10581696192196], [80.30930234279508, 13.105726542104835], [80.30921009460093, 13.105726294915417], [80.30921085119799, 13.105455035464042], [80.30911860309367, 13.105454788247675], [80.30911935978057, 13.105183528787316], [80.30902711178403, 13.105183281544], [80.30902736403995, 13.105092861726876], [80.30893511607935, 13.105092614456611], [80.30893562065407, 13.104911774813377], [80.30884337276534, 13.104911527516162], [80.30884387740294, 13.104730687872928], [80.30875162958607, 13.104730440548765], [80.30875213427757, 13.104549600905532], [80.30865988652359, 13.104549353545435], [80.30866039127797, 13.104368513911185], [80.30856814359585, 13.104368266524139], [80.30856890081274, 13.104097007072763], [80.30847665323843, 13.104096759649783], [80.30847690567401, 13.104006339832658], [80.30838465812664, 13.10400609238273], [80.30838516306068, 13.103825252757463], [80.30829291558517, 13.103825005280585], [80.30829342058209, 13.103644165646335], [80.30820117317846, 13.103643918133525], [80.30820167822928, 13.103463078508257], [80.3081094308975, 13.103462830968498], [80.3081099360112, 13.10328199134323], [80.30801768874231, 13.103281743776522], [80.30801819390992, 13.103100904142272], [80.30792594671288, 13.103100656548612], [80.30792645195235, 13.102919816923345], [80.3078342048182, 13.102919569293753], [80.30783445746938, 13.102829149485611], [80.30774221038016, 13.10282890182907], [80.30774271572741, 13.102648062203803], [80.30765046871005, 13.10264781451133], [80.30765072141513, 13.102557394703188], [80.30755847443369, 13.102557146983767], [80.30755872717471, 13.102466727175624], [80.30746648022023, 13.102466479429252], [80.30746698576512, 13.102285639812967], [80.30728249199989, 13.102285144221408], [80.30728299767054, 13.102104304605124], [80.30719075085979, 13.102104056759938], [80.30719125658435, 13.101923217152637], [80.30709900984546, 13.1019229692805], [80.3070995156329, 13.101742129664215], [80.3070072689569, 13.10174188176513], [80.30700752188655, 13.101651461965972], [80.30691527524648, 13.101651214030953], [80.3069160341073, 13.10137995461551], [80.30682378757503, 13.101379706662525], [80.30682404055858, 13.101289286854383], [80.30673179406223, 13.101289038865465], [80.30673255310272, 13.101017779450023], [80.30664030671417, 13.101017531434156], [80.30664081279805, 13.100836691826855], [80.3065485664724, 13.100836443784038], [80.30654907261916, 13.100655604176737], [80.30645682635638, 13.100655356097988], [80.3064570794657, 13.100564936298829], [80.30636483323886, 13.100564688193131], [80.30636584577492, 13.10020300897853], [80.3062735996918, 13.100202760845882], [80.30627410600925, 13.100021921247563], [80.306181859998, 13.100021673078983], [80.30618236637834, 13.099840833480666], [80.30609012042996, 13.099840585285136], [80.30609088009028, 13.099569325878676], [80.30599863424972, 13.099569077656197], [80.30599888749377, 13.099478657857038], [80.30590664168913, 13.09947840960761], [80.30590765480014, 13.09911673040199], [80.30581540913025, 13.099116482125613], [80.30581566243718, 13.099026062326454], [80.30572341680323, 13.099025814014142], [80.30572392348, 13.098844974415824], [80.30563167790892, 13.098844726076564], [80.30563193127875, 13.098754306286388], [80.30553968574361, 13.098754057911195], [80.30554095272748, 13.098301958915401], [80.30535646200754, 13.09830146209315], [80.30535772928786, 13.097849363106338], [80.30517323890928, 13.097848866167306], [80.30517450646808, 13.097396767180495], [80.30508226145396, 13.097396518670555], [80.30508251499447, 13.097306098871396], [80.3049902700073, 13.097305850334505], [80.30499103071864, 13.09703459093703], [80.30489878583927, 13.09703434237319], [80.30489903944266, 13.096943922574031], [80.30480679459922, 13.096943673974259], [80.30480755549023, 13.096672414585766], [80.3047153107456, 13.096672165959045], [80.30471607172645, 13.096400906570551], [80.30462382708963, 13.096400657916881], [80.3046243344581, 13.096219818327546], [80.30453208989313, 13.096219569637944], [80.30453310474687, 13.09585789045029], [80.30444086031665, 13.09585764174272], [80.30444111406376, 13.095767221952546], [80.3043488696605, 13.095766973209043], [80.3043496309827, 13.095495713820549], [80.30425738668724, 13.095495465050098], [80.30425764049724, 13.095405045259922], [80.3041653962377, 13.095404796453538], [80.30416615773957, 13.095133537074027], [80.30407391357885, 13.095133288249677], [80.30407543672631, 13.094590769463707], [80.30398319278119, 13.09459052062139], [80.30398420830865, 13.094228841424753], [80.3038919644893, 13.094228592555488], [80.30389298012454, 13.093866913358852], [80.30380073644892, 13.093866664462636], [80.30380175218299, 13.093504985266], [80.30370950864211, 13.093504736333852], [80.30371001656754, 13.093323896735534], [80.30361777308954, 13.09332364778542], [80.30361904303786, 13.092871548780641], [80.30352679973053, 13.092871299803578], [80.30352806980461, 13.0924192007988], [80.30343582666798, 13.092418951794787], [80.30343862101242, 13.091424333941156], [80.30334637825307, 13.09142408492816], [80.30334764850681, 13.09097198588745], [80.30325540590916, 13.090971736847504], [80.30325870877192, 13.089796279287757], [80.30316646662342, 13.089796030238828], [80.3031669747914, 13.08961519061356], [80.30307473271476, 13.0896149415287], [80.3030749868302, 13.089524521720557], [80.30279826069014, 13.089523774277325], [80.30279851491336, 13.089433354469183], [80.30261403089486, 13.08943285602098], [80.30261428518097, 13.089342436212839], [80.30233755927448, 13.0893416882935], [80.30233781365041, 13.08925126849434], [80.3021533297936, 13.089250769722746], [80.3021535842414, 13.089160349923587], [80.30196910045645, 13.089159851017245], [80.30196935496714, 13.089069431227069], [80.3018771131061, 13.08906918172898], [80.30187736765272, 13.088978761929821], [80.30178512582762, 13.088978512404786], [80.3017853804012, 13.088888092605627], [80.301693138621, 13.088887843044658], [80.30169339322153, 13.088797423254482], [80.30160115147727, 13.088797173666563], [80.30160140611373, 13.088706753876387], [80.30150916439642, 13.088706504252537], [80.30150941906881, 13.08861608446236], [80.30141717738744, 13.088615834802576], [80.30141743208677, 13.088525415012402], [80.30132519045031, 13.088525165334651], [80.3013254451766, 13.088434745544475], [80.30123320357607, 13.08843449582181], [80.30123345833829, 13.088344076040617], [80.30114121676472, 13.088343826291002], [80.30114147156287, 13.088253406509809], [80.30104923002523, 13.088253156724262], [80.30104948485032, 13.088162736943069], [80.30095724334862, 13.088162487130571], [80.30095749820964, 13.088072067349378], [80.30086525674388, 13.088071817509931], [80.30086551164084, 13.08798139772874], [80.30068102878116, 13.08798089795103], [80.300681283741, 13.087890478169838], [80.30058904234708, 13.087890228231577], [80.30058955232067, 13.087709388678174], [80.30049731099862, 13.087709138712963], [80.30049756601237, 13.087618718931772], [80.30040532472626, 13.087618468930627], [80.30040557977594, 13.087528049158418], [80.30031333852575, 13.087527799130324], [80.30031359360238, 13.087437379358116], [80.30022135238814, 13.08743712929409], [80.30022160750069, 13.087346709521881], [80.30012936632238, 13.087346459430906], [80.30012962147087, 13.087256039658696], [80.30003738031951, 13.087255789531788], [80.30003763549495, 13.087165369759578], [80.2999453943885, 13.087165119605721], [80.29994590480226, 13.086984280070286], [80.2998536637587, 13.086984029889479], [80.29985391899702, 13.08689361011727], [80.29976167799836, 13.08689335990053], [80.29976193326364, 13.08680294012832], [80.29966969229193, 13.086802689884632], [80.29966994759315, 13.086712270121406], [80.29957770666635, 13.086712019841785], [80.2995779619945, 13.086621600078558], [80.29948572109467, 13.086621349771988], [80.29948623182284, 13.086440510236551], [80.29939399099487, 13.086440259903032], [80.29939450178593, 13.086259420367597], [80.29930226102084, 13.086259170007127], [80.29930251644781, 13.0861687502439], [80.29921027572763, 13.086168499847497], [80.29921053118156, 13.086078080084272], [80.29911829048832, 13.086077829651936], [80.29911880145904, 13.085896990125484], [80.29902656084667, 13.0858967396662], [80.29902707188027, 13.08571590014873], [80.29893483132179, 13.085715649662497], [80.29893508687452, 13.08562522989927], [80.29884284636097, 13.085624979377103], [80.29884310194065, 13.085534559622861], [80.29875086145404, 13.085534309073745], [80.29875111706966, 13.085443889310518], [80.29865887662795, 13.085443638734453], [80.29865913226153, 13.085353218971226], [80.29856689185577, 13.085352968359228], [80.29856714753427, 13.085262548604986], [80.29847490715545, 13.085262297966038], [80.29847541856635, 13.085081458448569], [80.29838317826838, 13.085081207782672], [80.29838343400078, 13.084990788028428], [80.29829119372977, 13.084990537317616], [80.2982914494981, 13.084900117563373], [80.29819920926302, 13.084899866834593], [80.29819972086256, 13.084719027326107], [80.29810748069933, 13.084718776561395], [80.29810799235277, 13.084537937061892], [80.29801575226142, 13.084537686270233], [80.29801626396875, 13.084356846761745], [80.29792402394926, 13.084356595943134], [80.29792453571949, 13.084175756434648], [80.29783229576287, 13.084175505589089], [80.29783255168392, 13.084085085834845], [80.29774031176325, 13.084084834953353], [80.29774082365923, 13.08390399545385], [80.29764858381043, 13.083903744536425], [80.29764883978537, 13.083813324791166], [80.2975565999725, 13.083813073846791], [80.29755711199424, 13.083632234356271], [80.29746487224425, 13.083631983375962], [80.29746538431989, 13.083451143885442], [80.29737314465075, 13.083450892878187], [80.29737340071551, 13.083360473132926], [80.29728116107331, 13.08336022209872], [80.29728167327472, 13.0831793826082], [80.2971894337044, 13.083179131547045], [80.29718968983205, 13.083088711801784], [80.29709745029766, 13.083088460704696], [80.29709770646124, 13.08299804096842], [80.29700546696279, 13.0829977898354], [80.29700572315332, 13.082907370099122], [80.29691348369079, 13.082907118939152], [80.29691399614373, 13.082726279457615], [80.29682175674408, 13.082726028270695], [80.29682226925989, 13.082545188789158], [80.2967300299321, 13.082544937575289], [80.29673028621248, 13.08245451783003], [80.29663804692062, 13.08245426658921], [80.29663855955323, 13.082273427107674], [80.29654632033323, 13.082273175830922], [80.29654683302873, 13.082092336358368], [80.29645459387162, 13.082092085054668], [80.2964548502508, 13.082001665309408], [80.29636261112962, 13.082001413978757], [80.29636312395087, 13.081820574506205], [80.29627088490157, 13.08182032313962], [80.29627139777672, 13.081639483667068], [80.29617915879928, 13.081639232264552], [80.29617967172831, 13.081458392791998], [80.29608743282274, 13.081458141371517], [80.29608768931871, 13.08136772163524], [80.29599545044007, 13.081367470178826], [80.29599622002678, 13.081096210978979], [80.29590398125596, 13.081095959495615], [80.29590449436466, 13.080915120023061], [80.2958122556657, 13.080914868512748], [80.2958127688373, 13.080734029040194], [80.29572053020121, 13.080733777502932], [80.29572104343568, 13.08055293803936], [80.29562880487146, 13.080552686466165], [80.29562906152015, 13.080462266729889], [80.29553682299185, 13.080462015129743], [80.2955373363431, 13.080281175666173], [80.29544509788668, 13.080280924030095], [80.29544535458926, 13.080190504302802], [80.29535311616878, 13.080190252639776], [80.2953536296458, 13.080009413176205], [80.2952613912882, 13.080009161486227], [80.2952619048281, 13.079828322031641], [80.29516966654235, 13.079828070305732], [80.29516992334375, 13.079737650578439], [80.29507768508496, 13.07973739882558], [80.29507819875062, 13.079556559370992], [80.2949859605637, 13.079556307591185], [80.29498647428326, 13.079375468136597], [80.29489423617719, 13.079375216320857], [80.2948944930684, 13.079284796593564], [80.29480225498928, 13.079284544750873], [80.29480276882562, 13.079103705305268], [80.29471053081836, 13.07910345343563], [80.29471104472657, 13.078922613981042], [80.2946188067822, 13.078922362084453], [80.2946193207443, 13.078741522629866], [80.29452708288076, 13.078741270697344], [80.29452733988877, 13.078650850979034], [80.29443510205219, 13.078650599019563], [80.29443561614006, 13.07846975957396], [80.29434337837534, 13.078469507578555], [80.29434389251712, 13.078288668132952], [80.29425165482427, 13.078288416110599], [80.2942519119221, 13.078197996392287], [80.29415967426519, 13.078197744342985], [80.29416018853271, 13.078016904897382], [80.29406795093868, 13.078016652821129], [80.29406846526011, 13.077835813375525], [80.29397622773794, 13.077835561272323], [80.29397648493459, 13.077745141554013], [80.29388424744836, 13.077744889405896], [80.29388476189555, 13.077564049969276], [80.29379252448118, 13.077563797803192], [80.29379303899125, 13.07738295836657], [80.29370080163977, 13.077382706164554], [80.29370131620375, 13.077201866727934], [80.29360907892412, 13.077201614498968], [80.29360959355098, 13.07702077507133], [80.29351735634322, 13.077020522806432], [80.29351761369259, 13.076930103097105], [80.29342537651178, 13.076929850805257], [80.29342589126439, 13.076749011377618], [80.29333365415545, 13.076748759058821], [80.29333442637422, 13.076477499912874], [80.2932421893641, 13.076477247567126], [80.29324244680329, 13.076386827848816], [80.2931502098291, 13.076386575476121], [80.29315072476138, 13.076205736048482], [80.29305848785904, 13.076205483639855], [80.29305926033832, 13.075934224493906], [80.29296702354378, 13.075933972067311], [80.29296779611289, 13.075662712921362], [80.29287555941718, 13.075662460458835], [80.29287633205816, 13.07539120132187], [80.29278409547022, 13.075390948832393], [80.2927846106271, 13.075210109404756], [80.29269237410206, 13.075209856888328], [80.29269263171193, 13.075119437170018], [80.29260039522282, 13.075119184626642], [80.29260091050546, 13.074938345199005], [80.29250867408821, 13.074938092619696], [80.29250970475229, 13.074576413773404], [80.2924174684698, 13.074576161167146], [80.29241875693239, 13.074124062602543], [80.29232652082057, 13.074123809978317], [80.29232780939097, 13.073671711404732], [80.29223557344983, 13.073671458753559], [80.29223634667471, 13.07340019960761], [80.29214411084138, 13.073399946929486], [80.29214514190969, 13.073038268065227], [80.2920529062111, 13.073038015360154], [80.29205342179915, 13.072857175932517], [80.29196118616345, 13.072856923191512], [80.29196221745634, 13.072495244327254], [80.29186998196437, 13.07249499156828], [80.29187127120849, 13.072042892985712], [80.29177903587822, 13.072042640199792], [80.29178058310951, 13.071500121889928], [80.29168834798584, 13.07149986908604], [80.29168886377153, 13.07131902964942], [80.29159662871973, 13.0713187768096], [80.29159766041687, 13.070957097936358], [80.2915054254998, 13.070956845069588], [80.291506715247, 13.070504746469052], [80.29141448050062, 13.070504493584316], [80.29141680222342, 13.069690716083588], [80.29132456778247, 13.069690463180887], [80.29132585772729, 13.069238364553401], [80.29123362345702, 13.06923811162375], [80.29123465551348, 13.068876432714575], [80.29114242137796, 13.068876179766958], [80.29114319550115, 13.068604920585077], [80.29105096146445, 13.068604667601527], [80.29105147760048, 13.068423828155922], [80.29095924363564, 13.068423575145422], [80.29095975983455, 13.068242735690836], [80.2910519937365, 13.068242988692353], [80.29105250986356, 13.068062149237765], [80.29123697753273, 13.068062655141983], [80.29123723551989, 13.067972235405707], [80.29132946932303, 13.067972488308408], [80.29132972728326, 13.067882068572132], [80.29142196105946, 13.067882321438901], [80.29142247689903, 13.067701481957364], [80.29151471060337, 13.0677017347882], [80.29151600000021, 13.067249636070883], [80.29160823354285, 13.067249888856805], [80.29160849138628, 13.067159469111544], [80.2915162578706, 13.067159216325624], [80.29151651574996, 13.067068796580363], [80.29133204879945, 13.067068290909708], [80.29133101703943, 13.067429969881763], [80.29123878343391, 13.067429716988045], [80.2912377515032, 13.067791395933153], [80.29114551776294, 13.0677911430035], [80.29114525973985, 13.067881562739778], [80.29105302597263, 13.067881309774194], [80.2910527679226, 13.067971729501487], [80.29096053411945, 13.067971476508955], [80.29096027602448, 13.068061896236248], [80.29068357454318, 13.068061137034068], [80.2906833163494, 13.068151556761363], [80.29040661477826, 13.068150797253756], [80.29040635648568, 13.068241216972066], [80.2900374209497, 13.068240203834122], [80.29003819624072, 13.067968944706141], [80.28994596246451, 13.067968691345298], [80.28994622092779, 13.067878271635971], [80.28976175344727, 13.06787776481547], [80.28976201197342, 13.067787345115127], [80.28966977826909, 13.067787091655468], [80.28967003682219, 13.067696671955124], [80.2894855694854, 13.067696164945978], [80.28948582811037, 13.067605745245634], [80.2893935944779, 13.067605491687162], [80.28939385312982, 13.067515071986817], [80.28930161953329, 13.067514818410379], [80.28930187822114, 13.067424398710035], [80.28920964466054, 13.067424145097664], [80.28921042080495, 13.06715288599663], [80.28911818735214, 13.067152632357312], [80.2891184460939, 13.067062212656966], [80.28902621266805, 13.067061958981713], [80.28902647144572, 13.066971539290352], [80.28884200467488, 13.066971031850015], [80.2888407104451, 13.06742313030682], [80.28893294399671, 13.067423384053939], [80.28893268517412, 13.0675138037453], [80.28902491876165, 13.067514057465468], [80.289024659975, 13.067604477156829], [80.28911689359848, 13.067604730841065], [80.28911663483876, 13.067695150532426], [80.28920886849816, 13.067695404189713], [80.28920860977439, 13.067785823881074], [80.28930084346973, 13.06778607750243], [80.2893005847729, 13.067876497202773], [80.28939281850418, 13.067876750788194], [80.28939255984328, 13.067967170488538], [80.28948479361048, 13.06796742404701], [80.28948453497654, 13.068057843747354], [80.28957676877968, 13.068058097269894], [80.28957651018166, 13.068148516970238], [80.28966874402073, 13.068148770465829], [80.28966848544967, 13.068239190175156], [80.2899451870747, 13.06823995047328], [80.28994492860244, 13.068330370173625], [80.28957599297664, 13.068329356370928], [80.28957625158364, 13.068238936670582], [80.28939178385158, 13.068238429580589], [80.28939204251249, 13.068148009880243], [80.28929980868239, 13.068147756285839], [80.28930006738821, 13.068057336594478], [80.28920783358507, 13.06805708296414], [80.28920809231784, 13.06796666327278], [80.28828575481639, 13.067964125217692], [80.28828601387255, 13.067873705544297], [80.28810154646389, 13.06787319753802], [80.28810128733586, 13.067963617211415], [80.28791681986432, 13.067963109079376], [80.28791630146453, 13.068143948417182], [80.28782406766139, 13.06814369429277], [80.28782380842557, 13.068234113957182], [80.28773157459548, 13.06823385979684], [80.28773131532373, 13.068324279461251], [80.2876390814577, 13.068324025273958], [80.28763882215, 13.068414444929386], [80.28736212047107, 13.068413682160894], [80.28736186105559, 13.068504101816323], [80.28699292538487, 13.068503084312567], [80.28699266583463, 13.068593503959013], [80.28680819794089, 13.068592995000522], [80.28680793832777, 13.068683414646967], [80.28671570434496, 13.068683160118315], [80.2867154446959, 13.068773579755778], [80.28643874267561, 13.06877281597219], [80.28643848291877, 13.068863235609653], [80.28625401484535, 13.06886272624692], [80.28625427467406, 13.068772306618442], [80.28597757268074, 13.06877154234078], [80.2859773127532, 13.06886196196926], [80.28579284470673, 13.06886145227415], [80.28579258471633, 13.068951871902629], [80.285608116598, 13.068951362072774], [80.28560785653572, 13.069041781692269], [80.28533115429086, 13.06904101670494], [80.28533089412079, 13.069131436315452], [80.28496195767751, 13.069130415865223], [80.28496169738168, 13.069220835466751], [80.28477722910165, 13.069220325044007], [80.28477748946935, 13.069129905442477], [80.28468525536977, 13.06912965018619], [80.28468577615907, 13.068948810992113], [80.28459354213135, 13.068948555699892], [80.28459484424833, 13.06849645771021], [80.28450261039129, 13.068496202400025], [80.28450365218549, 13.06813452400289], [80.28478035337933, 13.068135289816668], [80.28478061372007, 13.06804487021514], [80.28505731483307, 13.068045635732476], [80.285057575075, 13.067955216121963], [80.28524204242079, 13.067955726293178], [80.28524230259086, 13.067865306682666], [80.2856112371836, 13.06786632662984], [80.28561149721892, 13.067775907010343], [80.28598043170386, 13.067776926427511], [80.28598069160445, 13.067686506790048], [80.28625739238507, 13.067687271004827], [80.28625765217784, 13.067596851367366], [80.286442119317, 13.0675973606762], [80.28644237903792, 13.067506941029754], [80.28681131319048, 13.067507959243178], [80.28681157278564, 13.067417539596734], [80.28690380629234, 13.067417794062504], [80.28690406585156, 13.067327374407075], [80.28708853281105, 13.067327883248785], [80.28708879228942, 13.067237463584373], [80.28718102574223, 13.067237717951329], [80.28718128519365, 13.0671472982959], [80.28727351861052, 13.067147552626924], [80.287273778026, 13.067057132962512], [80.28736601140695, 13.067057387266587], [80.2873662707865, 13.066966967593192], [80.28755073750345, 13.066967476093541], [80.28755099681115, 13.066877056420147], [80.28773546345624, 13.066877564776766], [80.28773572270104, 13.06678714510337], [80.28810465589241, 13.066788161412367], [80.2881049149935, 13.066697741729989], [80.28819714826663, 13.066697995728637], [80.28819740733178, 13.066607576046259], [80.28828964056899, 13.06660782999999], [80.28828989960718, 13.066517410317612], [80.28838213280845, 13.066517664244392], [80.28838239181071, 13.066427244553031], [80.28865909133368, 13.066428006126763], [80.28865935022816, 13.06633758642642], [80.2888438165229, 13.066338093974554], [80.28884407535449, 13.06624767427421], [80.28902854158635, 13.066248181687598], [80.28902880034607, 13.066157761978271], [80.28921326652404, 13.066158269256912], [80.28921352521189, 13.066067849547585], [80.28939799132698, 13.066068356691478], [80.28939824994296, 13.065977936973168], [80.28976718206533, 13.065978950856714], [80.28976744054658, 13.065888531129419], [80.28995190655387, 13.065889037869072], [80.28995216497222, 13.06579861815076], [80.29032109687002, 13.065799631216839], [80.29032083858641, 13.065890050953117], [80.2906897706459, 13.065891063507156], [80.29068951249704, 13.065981483243432], [80.29078174555458, 13.065981736298847], [80.29078148744165, 13.066072156035125], [80.29087372052615, 13.06607240906359], [80.29087320435418, 13.066253248545127], [80.29105767067588, 13.066253754503244], [80.29105741265278, 13.066344174248504], [80.29114964584507, 13.06634442718714], [80.29114990383223, 13.066254007441879], [80.29124213699758, 13.066254260335597], [80.29124265290903, 13.066073420845077], [80.29115041980657, 13.066073167951359], [80.29115067779374, 13.0659827482061], [80.29105844472721, 13.065982495276447], [80.29105896075544, 13.065801655785927], [80.29096672776078, 13.065801402829326], [80.29096698581083, 13.065710983084067], [80.29078251989337, 13.065710477081034], [80.2907827780063, 13.065620057335774], [80.29032161341928, 13.065618791753268], [80.29032135514464, 13.065709211489546], [80.29022912220388, 13.065708958272433], [80.29022938051445, 13.065618538536157], [80.28995268179098, 13.065617778696174], [80.28995242338159, 13.065708198423467], [80.28958349165448, 13.065707184827382], [80.28958400874272, 13.065526345390762], [80.28949177587383, 13.065526091913137], [80.28949203445389, 13.06543567220381], [80.2893998016299, 13.065435418690255], [80.28940031884392, 13.065254579262616], [80.28930808608281, 13.06525432572211], [80.28930860335072, 13.06507348628549], [80.28921637067047, 13.065073232727016], [80.28921688800126, 13.064892393290396], [80.2891246553749, 13.064892139695992], [80.28912543145643, 13.064620880550043], [80.28903319894685, 13.064620626928688], [80.28903397510923, 13.06434936778274], [80.28894174269847, 13.064349114134437], [80.28894200144921, 13.064258694416125], [80.28884976907439, 13.06425844073189], [80.28885054541642, 13.063987181594925], [80.2887583131404, 13.06398692788374], [80.2887590895633, 13.06371566873779], [80.28866685739509, 13.06371541500864], [80.28866763389881, 13.06344415586269], [80.28857540182942, 13.063443902097605], [80.28857591956445, 13.063263062669968], [80.28848368755794, 13.063262808877933], [80.28848472312681, 13.062901130022658], [80.28839249126403, 13.062900876203674], [80.28839352694071, 13.062539197339415], [80.28830129521266, 13.062538943493482], [80.2883018131004, 13.062358104065844], [80.28820958144424, 13.062357850192962], [80.28821009939486, 13.062177010765323], [80.28811786781056, 13.062176756856509], [80.28811916282187, 13.061724658282923], [80.28802693139926, 13.061724404356141], [80.28802719042848, 13.061633984646814], [80.2879349590418, 13.0616337306841], [80.28793599528441, 13.061272051828825], [80.28784376403249, 13.06127179783916], [80.2878440231156, 13.061181378129833], [80.28775179190858, 13.06118112411322], [80.28775256925672, 13.060909864976255], [80.28766033814853, 13.060909610932692], [80.28766111557752, 13.060638351786745], [80.28756888456815, 13.060638097716232], [80.28756940292301, 13.060457258288594], [80.2874771719765, 13.060457004191132], [80.28747769038527, 13.060276164763495], [80.28738545951963, 13.060275910639085], [80.28738597798228, 13.060095071211446], [80.28729374717952, 13.060094817051104], [80.28729478422163, 13.05973313820481], [80.2872025535626, 13.059732884017517], [80.28720333142277, 13.059461624880552], [80.28711110086255, 13.05946137066631], [80.28711213811127, 13.059099691811035], [80.2870199076858, 13.059099437578826], [80.28702068570767, 13.058828178432877], [80.28692845539, 13.05882792417372], [80.28692923349273, 13.058556665027771], [80.28683700327386, 13.058556410741664], [80.28683778145745, 13.058285151595715], [80.28674555133739, 13.058284897282658], [80.2867463296108, 13.058013638136709], [80.28665409959855, 13.05801338378772], [80.28665487795281, 13.057742124650755], [80.28656264803938, 13.057741870274816], [80.28656342647449, 13.057470611128867], [80.28647119665986, 13.057470356734962], [80.28647223469012, 13.057108677870703], [80.28638000501024, 13.057108423449849], [80.28638078360704, 13.0568371643039], [80.28628855403497, 13.056836909847112], [80.28628933271263, 13.056565650701163], [80.28619710324834, 13.056565396217428], [80.286198141593, 13.056203717353167], [80.28610591226348, 13.056203462851466], [80.28610669110283, 13.055932203705517], [80.28601446187211, 13.055931949167881], [80.28601550043237, 13.05557027030362], [80.2859232713364, 13.055570015739036], [80.28592379067044, 13.0553891763114], [80.28583156164633, 13.055388921719864], [80.2858323407372, 13.055117662573915], [80.28574011181192, 13.05511740795543], [80.28574089098365, 13.0548461488005], [80.28564866216615, 13.05484589416405], [80.28564970116659, 13.054484215290808], [80.28555747248384, 13.054483960627406], [80.28555825181726, 13.054212701472476], [80.28546602323333, 13.054212446773143], [80.2854668026476, 13.053941187627194], [80.28537457417147, 13.053940932900913], [80.28537587332401, 13.05348883430936], [80.28528364501857, 13.053488579565112], [80.28528442458554, 13.053217320401197], [80.2851921963789, 13.05321706563], [80.28519323590936, 13.052855386756757], [80.28510100783745, 13.052855131949627], [80.28510152765658, 13.052674292513005], [80.28500929965655, 13.05267403768791], [80.28501007947507, 13.052402778523994], [80.28491785157385, 13.052402523671947], [80.2849186314822, 13.052131264508033], [80.2848264036798, 13.052131009629038], [80.28482744365941, 13.051769330746813], [80.28473521599176, 13.051769075840868], [80.28473625607018, 13.051407396958643], [80.28464402854625, 13.051407142025747], [80.28464506873247, 13.051045463134539], [80.2845528413433, 13.051045208174695], [80.28455440175289, 13.050502689846866], [80.28446217457032, 13.050502434860073], [80.28446295484697, 13.050231175687175], [80.28437072776323, 13.050230920682415], [80.28437150812971, 13.049959661509517], [80.28427928114479, 13.049959406468824], [80.28428006159211, 13.049688147295926], [80.28418783471498, 13.049687892237268], [80.28418861524317, 13.04941663306437], [80.28409638846485, 13.049416377969779], [80.28409742927988, 13.049054699078571], [80.28400520263632, 13.04905444395703], [80.28400676399811, 13.04851192560225], [80.28391453756116, 13.048511670462744], [80.28391583881576, 13.048059571826276], [80.28382361254948, 13.048059316668802], [80.283824653643, 13.047697637750645], [80.28373242751147, 13.047697382566222], [80.28373268781628, 13.047606962838927], [80.28364046172068, 13.047606707618572], [80.28364150304776, 13.047245028709398], [80.2835492770869, 13.047244773462094], [80.2835503185128, 13.046883094543935], [80.28345809268669, 13.046882839278664], [80.28345939459707, 13.04643074062423], [80.28336716894164, 13.046430485332008], [80.28336821057415, 13.046068806413851], [80.28327598505346, 13.046068551094681], [80.28327702678479, 13.045706872167539], [80.28318480139886, 13.04570661682142], [80.28318584322899, 13.04534493789428], [80.2830936179868, 13.04534468252121], [80.28309492039124, 13.044892583857791], [80.28300269531972, 13.044892328457774], [80.28300373734749, 13.044530649521649], [80.28291151240172, 13.044530394103665], [80.2829128150667, 13.044078295431264], [80.2828205902916, 13.04407803998633], [80.282821632517, 13.043716361041222], [80.28272940788565, 13.043716105569338], [80.28272992905225, 13.043535266096784], [80.28263770448379, 13.043535010597951], [80.28263926814527, 13.042992492180291], [80.28254704378342, 13.04299223666349], [80.28254834694245, 13.04254013796414], [80.28245612275128, 13.042539882420392], [80.2824574260271, 13.04208778372104], [80.2823652020066, 13.042087528159326], [80.2823665053992, 13.041635429450992], [80.28227428154939, 13.041635173862328], [80.28227558506775, 13.04118307514501], [80.28218336137964, 13.041182819529396], [80.28218466501478, 13.04073072081208], [80.28209244149734, 13.040730465169517], [80.28209426673925, 13.040097526952696], [80.28200204345538, 13.040097271292167], [80.28200308654316, 13.039735592302144], [80.28191086340301, 13.039735336614664], [80.2819119065896, 13.03937365762464], [80.28181968357522, 13.039373401910213], [80.28182020522691, 13.039192562419693], [80.2817279822844, 13.039192306678315], [80.28172980823598, 13.038559368434544], [80.28163758552702, 13.0385591126752], [80.2816388898898, 13.03810701392195], [80.28154666735153, 13.038106758135656], [80.2815479718221, 13.037654659373423], [80.28145574946349, 13.037654403569164], [80.28145705405085, 13.037202304797948], [80.28136483185394, 13.037202048966739], [80.28136561469078, 13.036930789704009], [80.2812733925927, 13.03693053384585], [80.28127469744057, 13.03647843506565], [80.28118247552213, 13.036478179189524], [80.28118351949924, 13.036116500163569], [80.28109129770657, 13.036116244251511], [80.28109338584045, 13.035392886190616], [80.28100116431727, 13.035392630260592], [80.2810019474326, 13.035121370979896], [80.28090972601723, 13.035121115031906], [80.28090998708561, 13.035030695268679], [80.28100220846505, 13.03503095121667], [80.28100246949751, 13.034940531462427], [80.280910248154, 13.034940275505454], [80.2809112924006, 13.03457859646153], [80.28081907118285, 13.034578340486592], [80.28082089876936, 13.033945402144006], [80.28072867779416, 13.0339451461511], [80.28073076661076, 13.03322178801834], [80.28063854590505, 13.033221532007467], [80.28063985152546, 13.032769433164386], [80.28054763098146, 13.032769177135547], [80.2805486755784, 13.032407498055694], [80.28045645517813, 13.03240724199092], [80.2804574998649, 13.032045562911067], [80.28036527959937, 13.032045306828328], [80.2803665855881, 13.031593207967282], [80.28027436549324, 13.031592951857593], [80.28027541038662, 13.031231272768755], [80.28018319042653, 13.03123101663212], [80.2801844966578, 13.030778917762088], [80.28009227686837, 13.030778661607485], [80.28009384449142, 13.030236142956262], [80.28000162489963, 13.03023588677471], [80.28000319264844, 13.029693368114502], [80.27991097326326, 13.029693111914984], [80.27991227983588, 13.029241013018005], [80.2798200606124, 13.029240756791536], [80.27982215128851, 13.028517398541995], [80.2797299323435, 13.02851714229756], [80.27973150046961, 13.027974623601422], [80.2796392817312, 13.027974367330037], [80.27964032723546, 13.027612688196283], [80.2795481086318, 13.02761243189795], [80.27955019982893, 13.026889073603494], [80.2794579814858, 13.026888817296177], [80.27945954999818, 13.026346298564105], [80.27936733187065, 13.02634604222984], [80.27936863907209, 13.025893943269978], [80.27927642110625, 13.025893686917744], [80.27927798989711, 13.025351168158723], [80.2791857721289, 13.025350911788525], [80.27918864841764, 13.024356294024725], [80.27909643102673, 13.02435603763656], [80.27909721552547, 13.024084778239084], [80.27900499823336, 13.02408452182397], [80.27900656738355, 13.023542003020033], [80.27891435029805, 13.023541746586952], [80.27891618111849, 13.022908807965889], [80.27882396426656, 13.022908551514842], [80.27882501053438, 13.022546872300241], [80.27891722726054, 13.022547128751288], [80.2789177503136, 13.022366289135004], [80.27882553365929, 13.022366032683957], [80.27882684144465, 13.021913933643246], [80.27873462496102, 13.021913677174233], [80.27873724070241, 13.021009479065862], [80.27864502455117, 13.021009222578883], [80.27864764042731, 13.020105024425597], [80.27855542461742, 13.020104767929633], [80.278560918022, 13.018205951635256], [80.27846870291279, 13.018205695139294], [80.27847158043224, 13.017211076998203], [80.27837936570033, 13.017210820493256], [80.27838145855036, 13.01648746180354], [80.27828924408794, 13.016487205280628], [80.27829055222365, 13.016035106087205], [80.27819833792293, 13.016034849537343], [80.2781991228888, 13.015763590023084], [80.27829133708171, 13.015763846563964], [80.27829186031443, 13.015583006884798], [80.27819964618439, 13.015582750343919], [80.2781999078277, 13.015492330499844], [80.27810769373359, 13.015492073932016], [80.27810795541284, 13.015401654087942], [80.2779235272875, 13.01540114085347], [80.27792378902963, 13.015310721018379], [80.27783157500738, 13.015310464351735], [80.27783183677646, 13.015220044516644], [80.27764740880384, 13.015219531093527], [80.27764767064478, 13.015129111267418], [80.2775554566944, 13.01512885450196], [80.27755571856228, 13.015038434675851], [80.27746350464784, 13.015038177883445], [80.2774640284465, 13.014857338222244], [80.27737181460392, 13.014857081402889], [80.27737207653469, 13.014766661576779], [80.27727986271907, 13.01476640472149], [80.27728012468577, 13.014675984895382], [80.27718791090608, 13.014675728013144], [80.27718817289973, 13.014585308187035], [80.27709595915596, 13.014585051277846], [80.27709622118554, 13.014494631451738], [80.27700400747771, 13.014494374506619], [80.27700453159078, 13.014313534854402], [80.27691231795481, 13.014313277882332], [80.2769125800383, 13.014222858056224], [80.2766359392382, 13.014222086951365], [80.27663567705589, 13.01431250676849], [80.27654346342892, 13.014312249670658], [80.27654267675625, 13.014583509113049], [80.27663489049104, 13.014583766219866], [80.27663462829076, 13.014674186036991], [80.27645020076731, 13.014673671787424], [80.27645046303046, 13.014583251970299], [80.27635824930466, 13.0145829948006], [80.27635798701456, 13.014673414608742], [80.27626577326181, 13.01467315740311], [80.27626524860078, 13.014853997019394], [80.27654189007461, 13.014854768555441], [80.27654057888464, 13.015306867614118], [80.27644836488935, 13.015306610453402], [80.2764478403361, 13.015487450069687], [80.27635562627793, 13.01548719288202], [80.27635405236667, 13.01602971169494], [80.27644626662247, 13.016029968900572], [80.27644521744412, 13.016391648106191], [80.27635300305357, 13.016391390891576], [80.27635142902552, 13.016933909677546], [80.27625921442836, 13.016933652418015], [80.27625816489967, 13.017295331587702], [80.27616595017675, 13.017295074292237], [80.27616568776088, 13.01738549407343], [80.27607347300201, 13.017385236751018], [80.27607321055022, 13.01747565653221], [80.27598099576441, 13.017475399173865], [80.2759807332677, 13.017565818955056], [80.27579630364218, 13.017565304121584], [80.2757960410826, 13.017655723902777], [80.27570382623391, 13.017655466436633], [80.27570120018883, 13.01855966416771], [80.2757934153699, 13.018559921651821], [80.2757928902058, 13.01874076119624], [80.27588510545874, 13.0187410186534], [80.27588484290813, 13.01883143842561], [80.27597705818802, 13.018831695846837], [80.27597679567334, 13.018922115619047], [80.27606901098915, 13.018922373013325], [80.27606796102029, 13.019284052111146], [80.27616017647983, 13.019284309478476], [80.27615965154929, 13.019465149031877], [80.27625186707172, 13.019465406363274], [80.27625055488463, 13.019917505233304], [80.27606612349841, 13.019916990507628], [80.27606586098373, 13.020007410270855], [80.27588142954362, 13.020006895410434], [80.27588221727629, 13.019735636111772], [80.27579000165504, 13.019735378636645], [80.27579105206408, 13.019373699574757], [80.27569883658657, 13.01937344207268], [80.27569988709443, 13.019011763010791], [80.27560767175167, 13.019011505481766], [80.27560845970892, 13.018740246183103], [80.27551624446497, 13.018739988636112], [80.27551676983568, 13.018559149100676], [80.2754245546546, 13.018558891517753], [80.27542481737589, 13.018468471754526], [80.27533260223076, 13.018468214135668], [80.27533286497899, 13.018377794372443], [80.2752406498698, 13.018377536726636], [80.27524091264497, 13.018287116972392], [80.27514869758069, 13.018286859290653], [80.27514896039182, 13.018196439527427], [80.27505674535448, 13.01819618182772], [80.27505805952686, 13.017744083020572], [80.27496584466918, 13.017743825284935], [80.2749668961023, 13.017382146241012], [80.27487468137937, 13.017381888478425], [80.27487547003732, 13.01711062919773], [80.27478325540422, 13.017110371408192], [80.27478351832313, 13.017019951644965], [80.27469130373495, 13.017019693837462], [80.27469156668081, 13.016929274074236], [80.27459935211958, 13.016929016230801], [80.2745998780742, 13.016748176704347], [80.27450766359382, 13.016747918833962], [80.27450792660257, 13.016657499079718], [80.27441571214914, 13.016657241173402], [80.27441597518484, 13.016566821410175], [80.27432376076733, 13.016566563476907], [80.27432402383896, 13.016476143722663], [80.27423180945739, 13.016475885753463], [80.27423233566354, 13.016295046244977], [80.27414012135384, 13.016294788248828], [80.27414038447937, 13.016204368494584], [80.27395595593183, 13.016203852403471], [80.27395621912922, 13.01611343265821], [80.27377179065354, 13.016112916441333], [80.27377205391382, 13.016022496696072], [80.27340319712417, 13.016021463885025], [80.27340346051021, 13.015931044139764], [80.27312681803924, 13.015930269190118], [80.27312708153308, 13.015839849453842], [80.27395700870343, 13.015842173395482], [80.27395727189185, 13.015751753641238], [80.27404948600392, 13.015752011691287], [80.2740497491564, 13.015661591937043], [80.27451081955508, 13.01566288168423], [80.2745102935825, 13.015843721210683], [80.2746025077305, 13.015843979072084], [80.2746030336402, 13.015663139536649], [80.27469524772532, 13.015663397353135], [80.27469551064424, 13.015572977580925], [80.27478772470242, 13.015573235370463], [80.2747879875854, 13.015482815598254], [80.27469577356315, 13.015482557808717], [80.27469603647309, 13.015392138036507], [80.27515710644057, 13.015393426615883], [80.27515684369233, 13.015483846397075], [80.27534127176376, 13.015484361598858], [80.27534153444014, 13.015393941817665], [80.2755259624487, 13.0153944568847], [80.27552622506218, 13.015304037094523], [80.2756184390395, 13.015304294578634], [80.27561896418564, 13.015123454998282], [80.27580339200554, 13.015123969858704], [80.27580444201035, 13.014762290662068], [80.27571222823066, 13.014762033258807], [80.2757124907633, 13.014671613459647], [80.27562027701953, 13.014671356020454], [80.27562053957912, 13.014580936230278], [80.27552832588027, 13.01458067875515], [80.27552858846681, 13.014490258964976], [80.275344161132, 13.014489743933874], [80.27534521174766, 13.014128064764188], [80.2752529982105, 13.014127807208212], [80.27525352358121, 13.013946967618878], [80.27506909665064, 13.013946452408113], [80.27506935939888, 13.013856032617937], [80.27488493254017, 13.013855517290391], [80.27488519535129, 13.013765097500215], [80.27479298196685, 13.013764839782544], [80.27479324480493, 13.013674420001351], [80.27460881809893, 13.013673904476175], [80.27460908100886, 13.013583484694983], [80.27451686768731, 13.01358322688748], [80.27451660475042, 13.013673646668671], [80.27442439140192, 13.013673388825236], [80.27442412842012, 13.013763808597446], [80.27433191504466, 13.01376355072706], [80.27433165203591, 13.01385397049927], [80.27423943862452, 13.013853712583968], [80.27423917557086, 13.013944132356178], [80.27414696213252, 13.013943874413927], [80.27414643596231, 13.014124713949363], [80.27396200895089, 13.014124197957063], [80.27396174579842, 13.01421461772029], [80.2737773187241, 13.01421410158426], [80.27377705549976, 13.014304521347487], [80.27368484193566, 13.014304263225572], [80.27368457868437, 13.014394682988799], [80.27359236508433, 13.014394424830952], [80.27359210178813, 13.014484844585196], [80.27349988816114, 13.0144845864004], [80.273499624829, 13.014575006154644], [80.27340741117506, 13.014574747933915], [80.27340714780699, 13.014665167688158], [80.27331493411712, 13.014664909422514], [80.2733144073181, 13.014845748922017], [80.27285333854537, 13.014844457126673], [80.27285307497966, 13.014934876862949], [80.27239200609915, 13.014933584241154], [80.27239174235378, 13.015024003968447], [80.27229952855612, 13.015023745343477], [80.27229926477482, 13.015114165070772], [80.27220705094122, 13.015113906409868], [80.27220678713297, 13.015204326137162], [80.27211457326344, 13.015204067440326], [80.27211378172191, 13.015475326604241], [80.2719293537942, 13.015474809102772], [80.27192961771026, 13.015384389393445], [80.27156076201655, 13.015383354004232], [80.27156102605835, 13.015292934294905], [80.27137659829235, 13.015292416416143], [80.27137686240603, 13.015201996706816], [80.2711924347029, 13.015201478693307], [80.27119269887946, 13.015111058992963], [80.27082384365288, 13.015110022588653], [80.27082410795519, 13.015019602888309], [80.27036303912858, 13.015018306655287], [80.27036330360158, 13.014927886963925], [80.26953338013227, 13.014925551685547], [80.26953311535385, 13.015015971358942], [80.26916426039676, 13.015014932601046], [80.26916399548358, 13.015105352265458], [80.26897956795113, 13.015104832679897], [80.26897930297508, 13.01519525234431], [80.26879487537975, 13.015194732624002], [80.26879461033182, 13.015285152279429], [80.26870239650721, 13.015284892369868], [80.26870213142335, 13.015375312025297], [80.26860991756281, 13.015375052079802], [80.268609652452, 13.015465471726248], [80.26851743855552, 13.015465211753805], [80.2685171733998, 13.01555563140025], [80.26842495948536, 13.015555371382892], [80.26842442910205, 13.015736210675781], [80.26824000112943, 13.015735690542249], [80.26823973587489, 13.015826110179711], [80.26805530783939, 13.015825589911431], [80.26805504251298, 13.015916009548894], [80.26796282847278, 13.015915749369839], [80.26796256310146, 13.016006168998317], [80.26768592088202, 13.016005388245555], [80.2676856554119, 13.016095807874033], [80.26713237082927, 13.016094245470192], [80.26713210515253, 13.016184665080704], [80.26667103455624, 13.016183362164217], [80.26667076871779, 13.016273781774728], [80.26639412627377, 13.016272999629578], [80.26639386033652, 13.016363419222124], [80.26584057531373, 13.016361854033505], [80.2658408414576, 13.016271434449942], [80.26537977082536, 13.016270129233767], [80.26538003713092, 13.016179709650205], [80.26519560896068, 13.016179187342749], [80.26519587532913, 13.016088767768169], [80.26482701915033, 13.016087722757998], [80.26482728565352, 13.015997303192401], [80.26455064363171, 13.015996519088922], [80.26455091023372, 13.015906099532309], [80.26436648229704, 13.015905576640948], [80.26436674897091, 13.015815157075352], [80.26399789325923, 13.015814110915338], [80.26399816005888, 13.015723691358724], [80.2637215183964, 13.015722906392861], [80.26372178528587, 13.01563248684523], [80.26344514374914, 13.015631701591909], [80.26344541073743, 13.015541282053261], [80.26307655551084, 13.015540234590691], [80.26307682263388, 13.015449815061027], [80.26261575381623, 13.015448505011916], [80.26261602110097, 13.015358085482251], [80.26243159365835, 13.015357561243418], [80.26243186101495, 13.015267141713753], [80.26215521995434, 13.015266355103975], [80.26215548740974, 13.015175935592277], [80.26197106011087, 13.015175411021067], [80.26197132763814, 13.015084991509369], [80.26187911402013, 13.01508472918334], [80.26187938157436, 13.014994309662658], [80.26160274085511, 13.014993522486941], [80.26160300849916, 13.014903102975243], [80.26141858143384, 13.01490257802674], [80.26141884914976, 13.014812158524025], [80.26123442214733, 13.014811633449758], [80.26123468992613, 13.014721213947043], [80.26105026300453, 13.014720688747012], [80.2610505308552, 13.014630269244298], [80.26068167717372, 13.01462921845796], [80.26068194514117, 13.014538798964228], [80.26022087825491, 13.014537484746935], [80.26022114639304, 13.014447065262186], [80.25966786639184, 13.014445487137827], [80.25966813472759, 13.014355067662063], [80.25957592144198, 13.01435480452755], [80.25957699490179, 13.013993126633471], [80.25948478175091, 13.013992863480992], [80.25948505014057, 13.013902444005225], [80.25957726326449, 13.013902707157705], [80.25957779998093, 13.013721868206174], [80.25948558692886, 13.013721605053695], [80.25948666046953, 13.013359927150633], [80.25957887339582, 13.01336019029413], [80.25957941008531, 13.013179351342599], [80.25948719723088, 13.013179088199102], [80.25949068597303, 13.012003634924321], [80.25967511081951, 13.012004161121482], [80.25967537910138, 13.011913741636732], [80.25976759148868, 13.011914004681415], [80.25976732324276, 13.012004424175146], [80.26032059784508, 13.012006001796449], [80.26032086589338, 13.011915582293733], [80.26059750311819, 13.011916370655227], [80.26059777106767, 13.011825951143528], [80.26142768255345, 13.011828314449344], [80.2614279501975, 13.01173789491968], [80.26225786155752, 13.0117402555575], [80.26225812889614, 13.01164983600987], [80.26235034124751, 13.011650098138269], [80.26235007393583, 13.0117405176859], [80.26262671109777, 13.01174130387347], [80.2626264438849, 13.011831723430083], [80.2629030811636, 13.011832509330192], [80.26290281404955, 13.011922928886806], [80.26317945145402, 13.011923714499455], [80.2631791844388, 13.012014134065051], [80.26373245948129, 13.01201570441], [80.26373219267268, 13.01210612398458], [80.26400883031968, 13.012106908725864], [80.26400909703848, 13.0120164891423], [80.26410130956053, 13.012016750659845], [80.26410104287767, 13.012107170234426], [80.26446989311862, 13.012108215963249], [80.26447015966673, 13.012017796379684], [80.26456237219776, 13.01201805772655], [80.2645621056766, 13.012108477319096], [80.26483874338649, 13.012109261171046], [80.26483847697314, 13.012199680763594], [80.2662216662772, 13.012203595639567], [80.2662219321875, 13.012113176020073], [80.26649857000521, 13.012113958102342], [80.2664988358167, 13.012023538473862], [80.2666832609686, 13.012024059694356], [80.26668299522, 13.012114479331819], [80.2665907826081, 13.012114218730556], [80.26659051683255, 13.012204638359034], [80.26668272947138, 13.012204898960299], [80.26668246372277, 13.01229531859776], [80.26677467640653, 13.01229557916309], [80.26677441068487, 13.01238599879157], [80.26695883611525, 13.012386519832402], [80.26695857046546, 13.012476939469863], [80.26714299596772, 13.01247746038493], [80.2671427303808, 13.012567880022393], [80.26741936875545, 13.012568661152448], [80.26741910326734, 13.012659080798894], [80.26769574175879, 13.012659861641488], [80.2676954763695, 13.012750281287934], [80.26806432785011, 13.012751321959241], [80.26806406259557, 13.012841741614668], [80.26852512716418, 13.012843041728413], [80.26852486207133, 13.012933461392825], [80.26861707502458, 13.01293372131137], [80.26861680995869, 13.013024140984763], [80.26889344892624, 13.013024920569716], [80.26889318396813, 13.013115340243111], [80.26935424912963, 13.013116638901586], [80.26935398432425, 13.013207058583964], [80.26944619739429, 13.013207318215047], [80.26944646216373, 13.013116898532669], [80.26972310129297, 13.013117677246257], [80.26972283662234, 13.013208096928635], [80.26990726278933, 13.013208615912323], [80.2699075273881, 13.013118196220962], [80.27101408412962, 13.01312130731137], [80.27101381992611, 13.013211727020696], [80.27165931172173, 13.013213539659244], [80.27165957569169, 13.01312311993195], [80.27184400186768, 13.013123637532233], [80.27184426576575, 13.013033217795957], [80.27221311801893, 13.013034252592282], [80.27221338177327, 13.012943832856005], [80.27249002088453, 13.012944608605151], [80.27249028454007, 13.012854188859892], [80.27267471055437, 13.012854705858304], [80.27267497414702, 13.01276428610406], [80.27295161308761, 13.012765061350152], [80.27295187657246, 13.012674641595908], [80.27313630247896, 13.01267515825296], [80.27313656589195, 13.012584738498717], [80.27322877881825, 13.012584996773345], [80.27322930558135, 13.012404157246893], [80.27332151843578, 13.01240441549457], [80.27332178178588, 13.012313995731343], [80.27341399460438, 13.012314253934106], [80.27341478453793, 13.012042994635443], [80.27313814636989, 13.01204221991936], [80.27313867317791, 13.011861380392906], [80.27276982258662, 13.011860347006937], [80.27276955905685, 13.01195076676118], [80.27221628302621, 13.011949215685094], [80.27221654676259, 13.011858795939835], [80.27147884577766, 13.01185672602379], [80.27147937378044, 13.011675886551236], [80.27120273614241, 13.01167510980496], [80.27120300023812, 13.011584690077667], [80.27129521275118, 13.01158494902603], [80.27129547681096, 13.011494529298737], [80.2717565392326, 13.011495823528517], [80.2717568031217, 13.011405403792239], [80.2721256529584, 13.01140643857958], [80.27212591672172, 13.011316018834322], [80.27231034158618, 13.011316536030362], [80.27231086896013, 13.011135696521876], [80.27240308132947, 13.011135955065999], [80.27240334498501, 13.011045535311755], [80.2723111326516, 13.011045276767634], [80.27231139633408, 13.01095485701339], [80.27212697173913, 13.010954339835315], [80.27212723548449, 13.010863920081071], [80.2724038722781, 13.010864695803269], [80.27240360863156, 13.010955115557513], [80.27323351942563, 13.010957440954423], [80.27323378277573, 13.010867021182214], [80.27415590574152, 13.010869601826428], [80.2741556427238, 13.010960021616604], [80.27470891679611, 13.010961568443658], [80.274708653976, 13.0110519882518], [80.27535414072311, 13.011053791404137], [80.27535387813656, 13.011144211221263], [80.27544609056879, 13.011144468678424], [80.27544582801818, 13.011234888495549], [80.27553804048634, 13.011235145934743], [80.27553777796268, 13.011325565751868], [80.27562999046677, 13.01132582315513], [80.27562946548233, 13.01150666278938], [80.27572167805829, 13.011506920156709], [80.27571984079691, 13.012139858885568], [80.27581205360643, 13.012140116234931], [80.27581179116362, 13.012230536052057], [80.27710277115263, 13.012234135583434], [80.27710224720126, 13.012414975271584], [80.27719446014552, 13.012415232135856], [80.27719288843512, 13.012957751182338], [80.27728510157702, 13.012958008028644], [80.27728405387191, 13.013319687386975], [80.27719184059526, 13.013319430531686], [80.27719105469515, 13.013590690045945], [80.2772832680706, 13.013590946901234], [80.2772827441911, 13.013771786571416], [80.27737495762945, 13.013772043399756], [80.27737443381281, 13.013952883078922], [80.27746664732302, 13.013953139880313], [80.27746559979757, 13.01431481922068], [80.27755781344251, 13.01431507599512], [80.27755728973369, 13.014495915665302], [80.2776495034505, 13.014496172412795], [80.27764924162753, 13.014586592256869], [80.27792588289475, 13.014587362301713], [80.27792614461892, 13.014496942457638], [80.27801835834471, 13.014497199070382], [80.27801992844712, 13.013954679987968], [80.27792771491895, 13.013954423384208], [80.2779285000465, 13.013683163843], [80.27783628661714, 13.01368290721229], [80.27783681009241, 13.013502067515157], [80.27774459674391, 13.013501810857498], [80.27774538203316, 13.01323055131629], [80.27765316878347, 13.013230294631681], [80.27765473952368, 13.012687775540284], [80.27756252647163, 13.012687518828725], [80.27756331191358, 13.012416259278535], [80.27747109896933, 13.012416002540027], [80.2774716226512, 13.012235162842893], [80.2773794097788, 13.012234906077436], [80.27738019539146, 13.011963646536229], [80.27728798261786, 13.011963389743823], [80.2772890302062, 13.011601710340575], [80.27719681756737, 13.0116014535302], [80.27719760333272, 13.01133019398001], [80.2771053908017, 13.011329937133704], [80.27710591469916, 13.011149097436572], [80.277013702231, 13.011148840563315], [80.27701448817604, 13.010877581013126], [80.2769222758067, 13.01087732411292], [80.27692306183256, 13.01060606456273], [80.27683084957101, 13.010605807635576], [80.27683137364815, 13.010424967938443], [80.2767391614495, 13.010424710975357], [80.27673994764605, 13.01015345143415], [80.27664773555519, 13.010153194444113], [80.27664852183258, 13.009881934902905], [80.27655630984053, 13.00988167788592], [80.2765573583182, 13.009519998491655], [80.27646514646091, 13.009519741456703], [80.27646567075364, 13.00933890175957], [80.2763734589682, 13.009338644688684], [80.27637372114151, 13.00924822484461], [80.276281509392, 13.009247967746775], [80.27628229601076, 13.00897670820557], [80.27619008436008, 13.008976451080786], [80.27619060883248, 13.008795611383652], [80.27609839725365, 13.00879535423192], [80.27609918404309, 13.008524094690712], [80.27600697256308, 13.008523837503047], [80.27600775943337, 13.008252577961839], [80.27591554806116, 13.008252320756206], [80.2759163350123, 13.007981061215], [80.2758241237389, 13.007980803982418], [80.27582517312386, 13.007619124588153], [80.27573296198521, 13.007618867328622], [80.27573374909805, 13.007347607787414], [80.27564153805821, 13.007347350491951], [80.27564206286299, 13.007166510803803], [80.27554985189502, 13.007166253481389], [80.27555063917853, 13.00689499394018], [80.27545842830938, 13.006894736599802], [80.27545895322194, 13.006713896902669], [80.27536674242465, 13.006713639526359], [80.27536805484532, 13.006261540288017], [80.27527584421871, 13.006261282893739], [80.2752763692301, 13.006080443196607], [80.27518415867534, 13.00608018577538], [80.27518547135652, 13.005628086528056], [80.27509326096347, 13.005627829079879], [80.27509378609165, 13.005446989382747], [80.27500157577046, 13.00544673190762], [80.27500236353906, 13.005175472357429], [80.27491015332568, 13.005175214855353], [80.27491067856164, 13.00499437515822], [80.27481846841114, 13.004994117620212], [80.27481925635043, 13.004722858079004], [80.27472704630772, 13.00472260052303], [80.27472809700423, 13.004360921128765], [80.27463588708729, 13.004360663536858], [80.27463641249392, 13.004179823839724], [80.27454420264885, 13.004179566229851], [80.27454525356094, 13.003817886835586], [80.27445304385961, 13.00381762918978], [80.27445383212229, 13.003546369648571], [80.27436162251975, 13.003546111975815], [80.27436241086328, 13.00327485243461], [80.27427020135957, 13.003274594734902], [80.27427125259506, 13.002912915340637], [80.27417904323508, 13.002912657613983], [80.2741798317403, 13.002641398072775], [80.27408762247015, 13.002641140319172], [80.27408867392123, 13.002279460924907], [80.27399646478582, 13.002279203144353], [80.27399725345275, 13.002007943594162], [80.27390504442513, 13.002007685795641], [80.27390635899278, 13.001555586539336], [80.27381415013585, 13.001555328713867], [80.27381520189236, 13.001193649310618], [80.27372299317018, 13.001193391458198], [80.27372378206168, 13.000922131908009], [80.27363157343831, 13.00092187402864], [80.27363236241965, 13.000650614469466], [80.2735401538951, 13.000650356563149], [80.27354094295727, 13.000379097012958], [80.27344873454051, 13.00037883907969], [80.27344978671924, 13.00001715966746], [80.27335757843723, 13.000016901707243], [80.2733583676611, 12.999745642148069], [80.27326615947791, 12.999745384169886], [80.27326721187224, 12.999383704757655], [80.2731750038238, 12.999383446743538], [80.27317553008383, 12.999202607037422], [80.27308332210725, 12.99920234900534], [80.2730841115647, 12.998931089437184], [80.27299190369591, 12.998930831378152], [80.27299269324318, 12.998659571818978], [80.27290048547322, 12.998659313724014], [80.27290206471149, 12.998116794596685], [80.27280985713914, 12.998116536483753], [80.27281064683014, 12.997845276915596], [80.2727184393656, 12.997845018775717], [80.27271949239773, 12.997483339354503], [80.27262728505896, 12.997483081187672], [80.27262833818989, 12.997121401766458], [80.27253613099485, 12.997121143572679], [80.27253718423358, 12.996759464142482], [80.27244497717328, 12.996759205930736], [80.272446293834, 12.996307106638499], [80.2723540869354, 12.996306848399803], [80.27235487701267, 12.996035588822663], [80.27226267022186, 12.996035330557019], [80.27226346037999, 12.99576407097988], [80.272171253688, 12.995763812687287], [80.27217204392697, 12.995492553110147], [80.27207983734279, 12.995492294790603], [80.2720806276626, 12.995221035213463], [80.27198842117723, 12.995220776857987], [80.27198947504479, 12.99485909742779], [80.27189726869416, 12.994858839054348], [80.27189805917567, 12.994587579477209], [80.27180585293284, 12.994587321067833], [80.27180690700702, 12.994225641628653], [80.27171470089893, 12.994225383210296], [80.27171549153316, 12.993954123624173], [80.27162328552389, 12.993953865169882], [80.27162460337937, 12.99350176586866], [80.27153239754077, 12.99350150738742], [80.27153318832771, 12.99323024781028], [80.27144098259693, 12.99322998930209], [80.27144124621653, 12.99313956944005], [80.27208668618835, 12.993141378269739], [80.2720864228023, 12.993231798149747], [80.27291627463994, 12.9932341214446], [80.27291601154135, 12.99332454133359], [80.27374586384612, 12.993326862005363], [80.27374560104398, 12.99341728191232], [80.27457545380689, 12.993419599952029], [80.27457519131018, 12.993510019867967], [80.27540504453123, 12.993512335275613], [80.27540478233097, 12.993602755209519], [80.27623463601014, 12.993605067976118], [80.27623437411532, 12.993695487936973], [80.27706422825264, 12.993697798071507], [80.27706396665424, 12.993788218041345], [80.2778938212587, 12.993790525543815], [80.27789355994777, 12.99388094553162], [80.27872341501036, 12.993883250402027], [80.27872315400485, 12.993973670398816], [80.27955300953457, 12.993975972637159], [80.27955274882551, 12.994066392660896], [80.28038260480437, 12.994068692258192], [80.28038234440075, 12.994159112290912], [80.28121220083776, 12.994161409265129], [80.28121194073057, 12.994251829315814], [80.28213400396737, 12.994254378411197], [80.28213374418357, 12.994344798479851], [80.28296360156382, 12.994347089893495], [80.28296334208545, 12.994437509971132], [80.28379319992384, 12.994439798752712], [80.28379294074192, 12.994530218848315], [80.28462279903844, 12.994532504988847], [80.28462254015295, 12.994622925102417], [80.28545239890762, 12.994625208610886], [80.28545214032756, 12.994715628742421], [80.28628199954038, 12.994717909618826], [80.28628174124779, 12.994808329768329], [80.28711160092772, 12.99481060801267], [80.28711134293157, 12.994901028171155], [80.28794120306965, 12.994903303783433], [80.28794094537892, 12.994993723959883], [80.28877080596615, 12.994995996931115], [80.28877054857188, 12.995086417125533], [80.28960040961725, 12.9950886874647], [80.2896001525284, 12.995179107677084], [80.29043001403191, 12.995181375384186], [80.2904297572395, 12.995271795605554], [80.29125961920116, 12.995274060680593], [80.29125936270519, 12.995364480919926], [80.29208922512498, 12.995366743362903], [80.29208896892547, 12.995457163620202], [80.2929188318034, 12.995459423422131], [80.29291857590033, 12.995549843697397], [80.29374843923641, 12.995552100867261], [80.29374818362977, 12.995642521151511], [80.29420921904804, 12.995643774004888], [80.29420896361209, 12.995734194298121], [80.29439337785846, 12.995734695216688], [80.29439312248539, 12.995825115509922], [80.29466974397171, 12.99582586664523], [80.29466948869745, 12.995916286947445], [80.29485390309654, 12.99591678754262], [80.29485364788516, 12.996007207844835], [80.29503806236508, 12.996007708314247], [80.29503780721659, 12.996098128625446], [80.29531442904428, 12.996098879087016], [80.29531417400358, 12.996189299398216], [80.29549858862724, 12.996189799544233], [80.29549833364943, 12.996280219864415], [80.29577495570169, 12.996280969840896], [80.29577470081371, 12.996371390161078], [80.29595911559906, 12.996371889992686], [80.29595886078295, 12.996462310312866], [80.29614327563118, 12.996462810009726], [80.29614302087795, 12.996553230338892], [80.29641964328056, 12.996553979650619], [80.29641938861715, 12.996644399979784], [80.29660380362708, 12.996644899362234], [80.29660354903555, 12.996735319700383], [80.29688017166274, 12.99673606852702], [80.29687991717002, 12.996826488865167], [80.29706433233265, 12.996826987924225], [80.29706407790282, 12.996917408271356], [80.29734070075459, 12.996918156621886], [80.29734044642356, 12.997008576969018], [80.29752486173892, 12.99700907570468], [80.29752460747078, 12.997099496060795], [80.297709022858, 12.997099994670693], [80.29770876866172, 12.997190415026807], [80.29798539185484, 12.9971911627036], [80.29798513775738, 12.997281583059715], [80.29816955329731, 12.997282081355204], [80.29816929925376, 12.997372501711318], [80.29844592268044, 12.997373248912005], [80.29844566874468, 12.997463669277103], [80.29863008443732, 12.997464167249197], [80.29862983056444, 12.997554587623277], [80.29890645421571, 12.997555334338875], [80.29890620044164, 12.997645754712956], [80.299090616287, 12.997646252361656], [80.29909036257581, 12.99773667274472], [80.29927477849304, 12.997737170267657], [80.29927452484473, 12.997827590641737], [80.29955114883737, 12.997828336692582], [80.29955089528788, 12.997918757075645], [80.2997353113668, 12.997919254284172], [80.29973505788018, 12.998009674667236], [80.30001168210637, 12.998010420232989], [80.30001142871859, 12.998100840625035], [80.30019584494124, 12.99810133751017], [80.30019559162531, 12.998191757911199], [80.30038000791983, 12.998192254661586], [80.30037975466679, 12.998282675062615], [80.30065637923433, 12.998283419954632], [80.30065612607112, 12.998373840364644], [80.30084054252734, 12.998374336800621], [80.30084028943598, 12.998464757201651], [80.30111691422812, 12.998465501617561], [80.3011166612266, 12.998555922027574], [80.30130107783553, 12.998556418149139], [80.30130082490588, 12.998646838559152], [80.30157744993156, 12.998647582498954], [80.30157719710073, 12.998738002917952], [80.30176161385339, 12.998738498707139], [80.30176136108543, 12.99882891913512], [80.30194577791895, 12.998829414798543], [80.30194552521387, 12.998919835226523], [80.30222215058092, 12.998920578492589], [80.30222189797466, 12.99901099892057], [80.30240631496088, 12.999011494269583], [80.3024060624175, 12.999101914697562], [80.30268268801811, 12.999102657478538], [80.30268243557354, 12.999193077915502], [80.30286685271248, 12.999193572950105], [80.3028666003308, 12.999283993387067], [80.303143226156, 12.999284735691937], [80.30314297387312, 12.999375156137882], [80.30332739116479, 12.99937565084011], [80.30332713895378, 12.999466071295037], [80.30351155631729, 12.9994665658715], [80.30351130416918, 12.99955698632643], [80.30378793032673, 12.999557727957562], [80.30378767827744, 12.999648148412492], [80.30397209579367, 12.999648642674543], [80.30397184380725, 12.999739063129473], [80.30424847019837, 12.999739804275515], [80.30424821831076, 12.999830224739426], [80.30443263598869, 12.99983071868707], [80.30443238416397, 12.999921139150981], [80.30461680190477, 12.999921632963876], [80.30461655015192, 13.000012053427788], [80.30489317687542, 13.000012793909077], [80.30489292522138, 13.000103214381973], [80.3050773431149, 13.000103707880458], [80.30507709152374, 13.000194128353352], [80.3053537184808, 13.000194868349551], [80.30535346698845, 13.00028528883143], [80.30553788503468, 13.00028578200652], [80.30553763360523, 13.000376202488399], [80.30581426078686, 13.00037694200849], [80.30581400945621, 13.000467362499352], [80.30599842766415, 13.000467855351049], [80.30599817638739, 13.000558275841911], [80.30618259466719, 13.000558768567844], [80.30618234346231, 13.000649189058706], [80.3064589709943, 13.000649927914044], [80.30645871988823, 13.000740348404905], [80.30664313831174, 13.000740840816428], [80.30664288727755, 13.000831261316273], [80.30691951503411, 13.000831999686522], [80.30691926408973, 13.000922420186367], [80.30710368267496, 13.000922912274495], [80.30710343179346, 13.001013332783323], [80.30728785045055, 13.001013824745689], [80.30728759964093, 13.001104245254517], [80.30756422773885, 13.001104982951029], [80.30756397701906, 13.00119540346884], [80.30774839582885, 13.001195895107811], [80.30774814518092, 13.001286315625622], [80.30802477350343, 13.001287052837043], [80.30802452295431, 13.001377473363839], [80.30820894191683, 13.001377964679417], [80.3082086914306, 13.001468385206211], [80.30848531998666, 13.001469121941524], [80.30848506959924, 13.001559542477303], [80.30866948870549, 13.001560033469486], [80.30866923838096, 13.001650454005263], [80.30885365756805, 13.001650944880668], [80.30885340731538, 13.001741365416445], [80.3091300362128, 13.001742101478023], [80.30912978604997, 13.001832522022784], [80.30931420538977, 13.001833012574794], [80.30931395528981, 13.001923433119554], [80.3095905844208, 13.001924168705026], [80.30959033441965, 13.002014589249786], [80.30977475391218, 13.002015079478403], [80.3097745039829, 13.002105500032146], [80.31005113332948, 13.002106235132526], [80.31005088349902, 13.002196655695252], [80.31023530314425, 13.002197145600476], [80.31023505337667, 13.002287566163204], [80.31041947309377, 13.002288055942662], [80.31041922338908, 13.00237847650539], [80.310695853086, 13.002379210941017], [80.31069560348011, 13.002469631503743], [80.31088002334992, 13.002470120968793], [80.31087977380693, 13.002560541540502], [80.31115640372843, 13.002561275491038], [80.31115615428425, 13.002651696062749], [80.31134057430677, 13.002652185204404], [80.31134032493445, 13.002742605785098], [80.31152474502885, 13.002743094792006], [80.3115244957194, 13.002833515372698], [80.31180112597329, 13.002834248658482], [80.31180087676266, 13.002924669239174], [80.31198529700977, 13.002925157931672], [80.31198504786202, 13.00301557852135], [80.31226167834946, 13.003016311322042], [80.31226142930053, 13.003106731911718], [80.31244584970035, 13.003107220289806], [80.31244560071431, 13.003197640888466], [80.31272223143532, 13.003198373204068], [80.31272198254808, 13.003288793802728], [80.31290640310061, 13.003289281857421], [80.31290615427626, 13.003379702456082], [80.31309057490965, 13.00338019038501], [80.31309032614818, 13.003470610992654], [80.31336695721055, 13.00347134263452], [80.31336670854789, 13.003561763251145], [80.31355112933399, 13.003562250856682], [80.31355088073421, 13.003652671464325], [80.31382751202116, 13.003653402630084], [80.31382726352918, 13.003743823255693], [80.31401168445902, 13.003744310537835], [80.31401143602992, 13.00383473115446], [80.31428806754144, 13.003835461844114], [80.31428781921116, 13.003925882469723], [80.31447224029371, 13.003926369428472], [80.31447199202631, 13.004016790063064], [80.3146564131897, 13.004017276896048], [80.31465616498518, 13.00410769753064], [80.31493279683806, 13.004108427546557], [80.31493254873237, 13.004198848181149], [80.31511697004848, 13.00419933469074], [80.31511672200565, 13.004289755334316], [80.3153933540921, 13.004290484865141], [80.3153931061481, 13.004380905508716], [80.31557752760793, 13.004381391703898], [80.31557727973579, 13.004471812356456], [80.31576170127647, 13.00447229841689], [80.31576145345824, 13.004562719069447], [80.31603808588605, 13.00456344793552], [80.31603783816662, 13.004653868588079], [80.31622225986001, 13.004654354334102], [80.31622201221246, 13.00474477498666], [80.31649864486484, 13.004745503367642], [80.3164983973161, 13.004835924029184], [80.31668281915323, 13.004836409460797], [80.31668257166736, 13.004926830122338], [80.31695920455331, 13.004927558027214], [80.31695895716626, 13.005017978697738], [80.31714337915611, 13.005018463796976], [80.31714313183194, 13.005108884476483], [80.31732755390263, 13.005109369449956], [80.31732730665033, 13.005199790129463], [80.31760393986865, 13.005200517351618], [80.31760369270619, 13.005290938031127], [80.31778811492958, 13.005291422690188], [80.31778786783897, 13.005381843378679], [80.31806450128188, 13.005382570124727], [80.31806425429009, 13.00547299081322], [80.31815646547366, 13.005473232990036], [80.31815621850882, 13.005563653678527], [80.31824842972831, 13.005563895837378], [80.31824818279941, 13.005654316525868], [80.31843260531028, 13.005654800735773], [80.31843235844426, 13.005745221433248], [80.31852456973562, 13.005745463493284], [80.31852432290552, 13.005835884181774], [80.31861653423282, 13.005836126214863], [80.31861628742968, 13.005926546903353], [80.31870849879292, 13.005926788909491], [80.31870825201672, 13.006017209597982], [80.31889267481505, 13.006017693502459], [80.31889242811071, 13.006108114199932], [80.3189846395458, 13.006108356098274], [80.31898439286843, 13.00619877680473], [80.31907660433946, 13.00619901867612], [80.31907635769801, 13.006289439373594], [80.31916856920498, 13.006289681218036], [80.31916832259047, 13.006380101915509], [80.31935274567626, 13.006380585505577], [80.31935249912465, 13.00647100620305], [80.31944471070348, 13.006471247948676], [80.3194444641878, 13.006561668655134], [80.31953667580255, 13.006561910373811], [80.31953642931381, 13.006652331080268], [80.31962864096451, 13.006652572763013], [80.31962839451171, 13.00674299346947], [80.31981281788495, 13.006743476745125], [80.31981257149504, 13.006833897451584], [80.3199047832176, 13.006834139044496], [80.31990453686362, 13.006924559759936], [80.31999674861312, 13.006924801316917], [80.31999650228609, 13.007015222023373], [80.3200887140805, 13.007015463553405], [80.3200884677894, 13.007105884268844], [80.3202728914501, 13.00710636723009], [80.32027264521291, 13.007196787945531], [80.32036485707918, 13.007197029376748], [80.3203646108869, 13.007287450092187], [80.32045682278913, 13.007287691496455], [80.3204565766148, 13.007378112211894], [80.32054878855295, 13.00737835358921], [80.32054854241456, 13.007468774304652], [80.32073296636273, 13.007469256951488], [80.32073272028722, 13.00755967767591], [80.32082493229724, 13.007559918954414], [80.32082468625767, 13.007650339669855], [80.32091689830362, 13.007650580921407], [80.32091665229997, 13.00774100164583], [80.32100886437287, 13.007741242861451], [80.32100861839618, 13.007831663585874], [80.3211930426318, 13.0078321459183], [80.321192796718, 13.007922566642723], [80.32128500887174, 13.00792280775953], [80.32128476299387, 13.008013228492935], [80.32137697517457, 13.008013469582792], [80.32137672933263, 13.008103890316198], [80.32146894154926, 13.008104131370121], [80.32146869573425, 13.008194552103529], [80.32165312024836, 13.008195034121544], [80.32165287449625, 13.008285454854951], [80.32174508679373, 13.008285695819042], [80.32174484106856, 13.00837611655245], [80.32183705340198, 13.008376357480609], [80.32183680771274, 13.008466778222997], [80.32192902008208, 13.008467019124208], [80.3219287744198, 13.008557439857615], [80.32211319922138, 13.00855792156122], [80.32211295363095, 13.008648342303609], [80.32220516607217, 13.008648583114988], [80.3222049205087, 13.008739003857377], [80.32229713297686, 13.00873924462384], [80.32229688744933, 13.008829665375213], [80.3223890999624, 13.008829906114727], [80.3223888544618, 13.008920326857115], [80.32257327955084, 13.00892080824631], [80.32257303411313, 13.009011228997684], [80.32266524669807, 13.009011469647366], [80.3226650012963, 13.009101890398739], [80.32275721390819, 13.009102131012487], [80.32275696854235, 13.00919255176386], [80.32294139384697, 13.009193032901527], [80.32294114854402, 13.0092834536529], [80.32303336122777, 13.009283694176817], [80.32303311595177, 13.00937411492819], [80.32312532868043, 13.009374355425157], [80.32312508344036, 13.00946477617653], [80.32321729619598, 13.009465016637566], [80.32321705098286, 13.00955543738894], [80.32340147657494, 13.009555918221178], [80.3234012314247, 13.009646338972551], [80.32349344426116, 13.009646579343755], [80.32349319914685, 13.009737000104112], [80.32358541201027, 13.009737240439382], [80.32358516693189, 13.009827661199738], [80.32367737983124, 13.009827901499078], [80.32367713477981, 13.009918322259434], [80.32386156065937, 13.009918802777262], [80.32386131567083, 13.010009223537619], [80.32395352864204, 13.010009463747126], [80.32395328368942, 13.010099884516464], [80.32404549669657, 13.01010012469004], [80.32404525177989, 13.010190545459379], [80.32413746482297, 13.010190785606003], [80.32413721993323, 13.010281206375343], [80.32432164609126, 13.010281686569778], [80.32432140126441, 13.010372107339117], [80.32441361437935, 13.010372347395911], [80.32441336958844, 13.010462768165251], [80.32450558273932, 13.010463008186111], [80.32450533797535, 13.01055342895545], [80.32459755116216, 13.010553668949361], [80.32459730643413, 13.010644089718701], [80.32478173287961, 13.01064456960771], [80.32478148821446, 13.010734990386032], [80.32487370147314, 13.010735230281128], [80.32487345683494, 13.01082565105945], [80.32496567012954, 13.010825890918614], [80.32496542552727, 13.010916311696937], [80.32505763885781, 13.010916551529151], [80.3250573942825, 13.011006972307474], [80.32524182101544, 13.011007451882072], [80.32524157651198, 13.011097872669378], [80.32533378991438, 13.011098112402777], [80.32533354543789, 13.011188533190083], [80.32542575887622, 13.011188772896533], [80.32542551443565, 13.011279193674856], [80.32551772790991, 13.011279433354357], [80.3255174834963, 13.011369854141662], [80.3257019105167, 13.01137033340185], [80.32570166616595, 13.011460754189155], [80.3257938797121, 13.011460993769843], [80.32579363539729, 13.011551414557148], [80.32588584897935, 13.011551654110885], [80.32588560469149, 13.011642074898191], [80.3259778183095, 13.011642314415996], [80.32597757405757, 13.011732735212284], [80.32616200135645, 13.01173321415806], [80.32616175716741, 13.011823634945367], [80.32625397085728, 13.01182387437334], [80.32625372670417, 13.011914295169628], [80.32634594042996, 13.011914534561669], [80.3263456963038, 13.012004955357957], [80.32643791006554, 13.012005194723047], [80.32643766596632, 13.012095615519335], [80.32662209356164, 13.012096094150703], [80.32662184953429, 13.012186514946992], [80.3267140633589, 13.012186754213268], [80.3267138193675, 13.01227717501854], [80.32680603322804, 13.012277414257866], [80.32680578926357, 13.012367835063138], [80.32689800316903, 13.012368074266531], [80.32689775923153, 13.012458495071805], [80.32708218711431, 13.01245897338876], [80.32708194323968, 13.012549394194032], [80.327174157217, 13.012549633298612], [80.3271739133783, 13.012640054112866], [80.32726612739157, 13.012640293190497], [80.3272658835888, 13.012730713995769], [80.327358097629, 13.012730953046448], [80.32735785385319, 13.012821373860703], [80.32754228201445, 13.012821851863249], [80.3275420383105, 13.012912272668522], [80.32763425242257, 13.01291251162937], [80.32763400874556, 13.013002932443625], [80.32772622290256, 13.013003171359559], [80.3277259792525, 13.013093592173814], [80.32781819344542, 13.01309383107178], [80.3278179498313, 13.013184251886036], [80.32800237827104, 13.01318472957417], [80.32800213472879, 13.013275150388425], [80.32809434898459, 13.013275389187578], [80.32809410546929, 13.013365810010816], [80.32818631976102, 13.013366048774035], [80.32818607628164, 13.013456469597275], [80.32827829060932, 13.013456708333544], [80.32827804715689, 13.013547129147799], [80.3284624758841, 13.013547606521524], [80.32846223249454, 13.013638027353746], [80.32855444690307, 13.0136382659912], [80.32855420354048, 13.013728686814439], [80.32864641798493, 13.013728925424946], [80.32864617465826, 13.013819346257167], [80.32873838912967, 13.01381958483174], [80.32873814582996, 13.013910005654978], [80.3289225748536, 13.013910482714293], [80.32892233162575, 13.014000903546515], [80.32901454616902, 13.014001142031256], [80.32901430296812, 13.014091562863477], [80.32910651754732, 13.014091801312286], [80.32910627438235, 13.014182222153492], [80.32919848899749, 13.014182460566367], [80.32919824586845, 13.014272881407573], [80.32938267517058, 13.014273358152476], [80.32938243210442, 13.014363778984698], [80.32947464679143, 13.014364017316726], [80.32947440375223, 13.014454438148947], [80.32956661847516, 13.014454676445043], [80.32956637547188, 13.014545097286248], [80.32965859023075, 13.01454533554641], [80.32965834725442, 13.014635756387616], [80.32984277684402, 13.014636232818109], [80.32984253393057, 13.014726653668298], [80.3299347487613, 13.014726891829644], [80.3299345058838, 13.014817312679833], [80.33002672075047, 13.014817550814232], [80.33002647790889, 13.01490797166442], [80.3301186928025, 13.014908209762886], [80.33011844998788, 13.014998630613073], [80.33030287986493, 13.014999106729157], [80.33030263711319, 13.015089527579345], [80.33039485208764, 13.01508976558798], [80.33039460937184, 13.015180186438167], [80.33048682438222, 13.015180424419853], [80.33048658169336, 13.01527084527004], [80.33057879673969, 13.015271083224775], [80.33057855408677, 13.015361504074964], [80.33076298424228, 13.015361979876637], [80.33076274165225, 13.015452400735807], [80.33085495677044, 13.015452638591729], [80.33085471421633, 13.015543059441917], [80.33094692936146, 13.015543297270888], [80.3309466868343, 13.01563371813006], [80.33103890202435, 13.015633955923098], [80.33103865953312, 13.015724376782268], [80.3312230899761, 13.015724852269532], [80.33122284754776, 13.015815273128704], [80.3313150628007, 13.015815510822927], [80.33131482040828, 13.015905931691082], [80.33140703569715, 13.015906169358356], [80.3314067933317, 13.015996590217526], [80.33149900866547, 13.015996827857851], [80.33149876632696, 13.016087248717023], [80.3316831970574, 13.016087723898858], [80.33168295479075, 13.01617814475803], [80.33177517019641, 13.01617838229954], [80.3317749279567, 13.016268803167694], [80.3318671433893, 13.016269040682255], [80.33186690118553, 13.01635946155041], [80.33195911665406, 13.016359699029039], [80.33195887447725, 13.016450119897192], [80.33214330549515, 13.016450594764617], [80.3321430633902, 13.016541015632772], [80.3322352789306, 13.016541253021568], [80.3322350368526, 13.016631673889723], [80.3323272524379, 13.016631911242587], [80.33232701038685, 13.016722332119725], [80.33241922599912, 13.016722569436656], [80.33241898398398, 13.016812990313793], [80.33260341528936, 13.016813464866809], [80.33260317333712, 13.016903885743945], [80.33269538903023, 13.016904122971047], [80.33269514710494, 13.016994543848183], [80.33278736283398, 13.016994781048334], [80.33278712094463, 13.017085201925472], [80.33287933670061, 13.017085439089689], [80.33287909484719, 13.01717585997581], [80.33306352643103, 13.017176334205432], [80.3330632846405, 13.017266755091551], [80.33315550047733, 13.017266992165938], [80.33315525871375, 13.017357413052059], [80.33324747457753, 13.017357650090513], [80.33324723284987, 13.017448070976634], [80.3333394487496, 13.017448307979155], [80.33333920705786, 13.017538728874259], [80.33352363892918, 13.01753920278947], [80.33352339730033, 13.017629623684574], [80.33361561327192, 13.017629860597262], [80.333615371679, 13.017720281483383], [80.33370758768652, 13.017720518369124], [80.33370734612056, 13.017810939264228], [80.333799562164, 13.017811176114035], [80.33379932062499, 13.017901597000156], [80.33398375278377, 13.01790207060994], [80.33398351131662, 13.017992491505044], [80.33407572743194, 13.01799272826502], [80.33407548599173, 13.018083149160123], [80.33416770214298, 13.018083385884166], [80.33416746072973, 13.01817380677927], [80.33425967691691, 13.018174043476364], [80.3342594355396, 13.01826446438045], [80.33444386798583, 13.018264937666842], [80.33444362668038, 13.018355358570929], [80.33453584293943, 13.018355595169208], [80.33453560166092, 13.018446016073295], [80.3346278179559, 13.018446252644624], [80.33462757670435, 13.018536673548711], [80.33471979303526, 13.018536910084109], [80.33471955181965, 13.018627330988195], [80.33490398454435, 13.01862780396916], [80.33490374340059, 13.018718224873245], [80.33499595980336, 13.018718461318812], [80.33499571867759, 13.0188088822229], [80.33508793511629, 13.018809118632532], [80.33508769402644, 13.018899539545602], [80.33517991050108, 13.018899775928286], [80.33517966944716, 13.018990196841356], [80.33536410245932, 13.018990669498926], [80.33536386146828, 13.019081090411996], [80.33545607801479, 13.019081326695865], [80.3354558370507, 13.019171747617918], [80.33554805363315, 13.019171983865855], [80.33554781270499, 13.019262404787908], [80.33564002932336, 13.019262641008893], [80.33563978842214, 13.019353061921963], [80.33582422173076, 13.019353534274106], [80.33582398089243, 13.01944395519616], [80.33591619758266, 13.019444191318332], [80.33591595678027, 13.019534612240385], [80.33600817350644, 13.019534848335608], [80.33600793273997, 13.019625269266644], [80.3361001494931, 13.019625505325935], [80.3360999087536, 13.019715926247988], [80.33628434234966, 13.01971639828572], [80.33628410167303, 13.019806819216756], [80.336376318507, 13.019807055186215], [80.3363760778663, 13.019897476108268], [80.33646829472723, 13.019897712050778], [80.33646805412245, 13.019988132981814], [80.33656027101931, 13.01998836888839], [80.33656003044149, 13.020078789819426], [80.33674446431604, 13.020079261533766], [80.33674422381009, 13.020169682464802], [80.33683644077881, 13.020169918281546], [80.3368362002998, 13.020260339212584], [80.33692841731343, 13.020260574993396], [80.33692817686138, 13.020350995933414], [80.33702039390197, 13.020351231678294], [80.33702015348585, 13.020441652618315], [80.33720458764786, 13.020442124027225], [80.33720434729462, 13.020532544958263], [80.33729656440707, 13.02053278061331], [80.33729632408976, 13.02062320155333], [80.33738854123814, 13.02062343718143], [80.33738830095677, 13.020713858121448], [80.33748051814108, 13.020714093713615], [80.33748027788666, 13.020804514653634], [80.33766471232715, 13.020804985748136], [80.3376644721356, 13.020895406697138], [80.33775668939178, 13.020895642190489], [80.33775644923618, 13.020986063139492], [80.33784866652829, 13.020986298605894], [80.33784842639963, 13.021076719554896], [80.33794064372766, 13.021076954985366], [80.33794040363495, 13.021167375934368], [80.33812483836289, 13.02116784671446], [80.33812459833305, 13.021258267663463], [80.33821681573296, 13.0212585030041], [80.33821657573006, 13.021348923953102], [80.33830879316591, 13.02134915926679], [80.33830855319894, 13.021439580215795], [80.33840077067072, 13.021439815493551], [80.3384005307307, 13.021530236451536], [80.33849274823841, 13.021530471702341], [80.33849226843024, 13.02171131360933], [80.33858448600084, 13.021711548824204], [80.3385842461237, 13.02180196978219], [80.3386764637392, 13.021802204970115], [80.33867598404782, 13.021983046877102], [80.33876820172621, 13.021983282038077], [80.33876796191197, 13.022073702996064], [80.33886017962628, 13.022073938121105], [80.33885993984796, 13.022164359079092], [80.33895215759821, 13.022164594177184], [80.33895167809548, 13.022345436093156], [80.33904389590862, 13.022345671155316], [80.33904365619318, 13.022436092122286], [80.33913587404226, 13.022436327157497], [80.33913539466528, 13.022617169073467], [80.33922761258621, 13.022617404081728], [80.33922737292468, 13.022707825039713], [80.33931959088154, 13.022708060012043], [80.33931911163035, 13.022888901936998], [80.33941132965009, 13.022889136882377], [80.33941109005143, 13.022979557849345], [80.3395033081161, 13.022979792758793], [80.33950306855337, 13.023070213725761], [80.33959528664498, 13.023070448608259], [80.33959480757345, 13.023251290533214], [80.3396870257459, 13.02325152538876], [80.33968678623708, 13.02334194635573], [80.3397790044365, 13.023342181175344], [80.33977852549071, 13.023523023109282], [80.33987074376198, 13.023523257901948], [80.33987050431604, 13.023613678868918], [80.33996272262326, 13.02361391362565], [80.33996248320426, 13.023704334592619], [80.3400547015474, 13.023704569322403], [80.34005422279027, 13.023885411265324], [80.3401464411963, 13.023885645959174], [80.34014620184018, 13.023976066935127], [80.34023842029112, 13.023976301602028], [80.34023794165077, 13.024157143544949], [80.34033016016458, 13.024157378184901], [80.34032992087137, 13.024247799151869], [80.34042213942111, 13.024248033764872], [80.34042166090653, 13.024428875707793], [80.34051387951916, 13.024429110284863], [80.3405136402978, 13.024519531251832], [80.34060585894636, 13.024519765801953], [80.34060561975195, 13.024610186777904], [80.34069783843645, 13.024610421292094], [80.34069736011051, 13.024791263243996], [80.34078957886688, 13.024791497731236], [80.34078933972637, 13.024881918707187], [80.34088155851866, 13.024882153158494], [80.3408810803095, 13.025062995110398], [80.34097329917367, 13.025063229543736], [80.34097306009603, 13.02515365051969], [80.34106527899613, 13.025153884917096], [80.34106480091273, 13.025334726869], [80.34115701987571, 13.025334961230474], [80.34115678086097, 13.02542538221541], [80.34124899985987, 13.025425616549935], [80.34124876088106, 13.025516037525886], [80.3413409799159, 13.025516271833462], [80.34134050202115, 13.025697113785366], [80.34143272111888, 13.025697348065991], [80.34143248220295, 13.025787769041944], [80.34152470134558, 13.025788003286637], [80.34152422356762, 13.025968845247524], [80.34161644277314, 13.025969079465268], [80.34161620392008, 13.026059500450204], [80.34170842316153, 13.026059734632014], [80.34170818433545, 13.02615015561695], [80.34180040361282, 13.02615038976283], [80.34179992602351, 13.0263312317327], [80.34189214537275, 13.026331465851628], [80.34189190660055, 13.026421886836562], [80.34198412598575, 13.026422120928544], [80.34198364852219, 13.026602962898414], [80.34207586797025, 13.026603196963444], [80.34207562926991, 13.026693617948379], [80.34216784875392, 13.026693851977477], [80.34216737140713, 13.02687469395633], [80.342259590963, 13.02687492795848], [80.34225935232554, 13.026965348943413], [80.34235157191735, 13.026965582909629], [80.34235133330684, 13.027056003903548], [80.34244355293457, 13.027056237842814], [80.34244307577643, 13.027237079821667], [80.34253529546704, 13.027237313725001], [80.34253505691943, 13.027327734718918], [80.34262727664597, 13.027327968595303], [80.3426267996136, 13.027508810574156], [80.34271901941202, 13.027509044423592], [80.34271878092727, 13.02759946541751], [80.34281100076161, 13.027599699239994], [80.34281052384603, 13.027780541218847], [80.34290274375223, 13.0277807750054], [80.34290250532139, 13.02787119599932], [80.34299472526354, 13.027871429758923], [80.34299448686862, 13.02796185075284], [80.34308670683771, 13.027962084476512], [80.34308623011975, 13.028142926464348], [80.3431784501607, 13.028143160170051], [80.34317821182869, 13.02823358116397], [80.34327043190557, 13.028233814824759], [80.34326995529541, 13.028414656821578], [80.34336217544417, 13.028414890455418], [80.34336193717502, 13.028505311449337], [80.34345415735072, 13.028505545056225], [80.34345391911751, 13.028595966050144], [80.34354613932915, 13.028596199630083], [80.34354566291661, 13.028777041626903], [80.34363788320012, 13.028777275170912], [80.3436376450208, 13.028867696164829], [80.34372986534024, 13.028867929681887], [80.34372938905346, 13.029048771678706], [80.34382160943578, 13.029049005168815], [80.34382137131935, 13.029139426162734], [80.34391359174658, 13.02913965961691], [80.3439131155766, 13.029320501622713], [80.34400533606672, 13.02932073504994], [80.34400509801316, 13.029411156043858], [80.34409731853921, 13.029411389444135], [80.34409708052159, 13.029501810447035], [80.34418930108356, 13.029502043802397], [80.34418882510222, 13.0296828858082], [80.34428104573607, 13.029683119145595], [80.34428080777235, 13.029773540148497], [80.34437302844213, 13.029773773449959], [80.34437255257757, 13.029954615455761], [80.34446477331024, 13.029954848730275], [80.34446453541838, 13.030045269733176], [80.34455675618696, 13.03004550298074], [80.34455651832207, 13.030135923983641], [80.34464873912658, 13.030136157195273], [80.34464826345068, 13.030316999210058], [80.34474048432706, 13.030317232385757], [80.34474024651605, 13.03040765339764], [80.34483246742838, 13.03040788654639], [80.34483199187824, 13.030588728561176], [80.34492421285344, 13.030588961682975], [80.3449239751143, 13.03067938269486], [80.34501619612543, 13.030679615780727], [80.34501572070106, 13.030860457804495], [80.34510794178405, 13.030860690863413], [80.34510770409881, 13.030951111875297], [80.34519992521774, 13.030951344898282], [80.34519968756844, 13.031041765910166], [80.34529190871432, 13.031041998906202], [80.34529143347858, 13.03122284092997], [80.34538365469633, 13.031223073899056], [80.3453834171099, 13.031313494910941], [80.34547563836358, 13.031313727853078], [80.34547516324463, 13.031494569876847], [80.34556738457916, 13.031494802783051], [80.34556714704664, 13.031585223794934], [80.3456593684081, 13.03158545667419], [80.34565889341492, 13.031766298706941], [80.34575111483927, 13.031766531550263], [80.34575087737862, 13.03185695257113], [80.34584309883891, 13.03185718537852], [80.3458428614052, 13.031947606399388], [80.3459350829104, 13.031947839179827], [80.34593460809688, 13.032128681221563], [80.34602682966496, 13.032128913975052], [80.34602659229414, 13.03221933499592], [80.34611881389816, 13.032219567713478], [80.3461183392104, 13.032400409755214], [80.34621056088629, 13.032400642445822], [80.34621032357833, 13.032491063466688], [80.34630254528118, 13.032491296130347], [80.34630230800018, 13.032581717151215], [80.34639452974793, 13.03258194977894], [80.34639405524882, 13.03276279182966], [80.34648627705946, 13.032763024430436], [80.34648603984134, 13.032853445451304], [80.34657826168791, 13.03285367802513], [80.34657778731454, 13.033034520066867], [80.34667000923298, 13.033034752613744], [80.34666977207775, 13.03312517363461], [80.34676199402313, 13.033125406145556], [80.34676151977554, 13.033306248196276], [80.3468537417928, 13.033306480671287], [80.34685350470043, 13.033396901701138], [80.34694572675362, 13.033397134149201], [80.34694548968821, 13.033487555179052], [80.34703771177733, 13.033487787591183], [80.34703723771838, 13.033668629650885], [80.34712945987039, 13.033668862036064], [80.34712922286786, 13.033759283065915], [80.34722144506478, 13.033759515424148], [80.34722097112261, 13.033940357474865], [80.34731319339139, 13.033940589806148], [80.34731295644276, 13.034031010836], [80.34740517874748, 13.034031243131349], [80.3474047049221, 13.034212085191049], [80.34749692728968, 13.034212317459449], [80.34749669041292, 13.0343027384893], [80.34758891281645, 13.034302970730751], [80.34758867596665, 13.034393391760602], [80.3476808984061, 13.03439362396612], [80.34768042477835, 13.034574466034805], [80.34777264728069, 13.03457469820439], [80.34777241049376, 13.034665119243224], [80.34786463304101, 13.03466535138586], [80.34786415953005, 13.034846193454543], [80.34795638214018, 13.03484642557023], [80.34795614541615, 13.03493684660008], [80.34804836806221, 13.034937078688818], [80.34804813136512, 13.03502749971867], [80.34814035404712, 13.035027731771473], [80.3481398807248, 13.035208573849141], [80.34823210347867, 13.035208805866013], [80.34823186684444, 13.035299226904847], [80.34832408963425, 13.035299458903753], [80.3483236164287, 13.035480300972436], [80.34841583929037, 13.03548053293541], [80.34841560271904, 13.035570953974243], [80.34850782560765, 13.035571185910266], [80.34850735252788, 13.035752027987934], [80.34859957548835, 13.035752259888024], [80.34859933897991, 13.035842680926859], [80.34869156197632, 13.0358429128], [80.34869132549483, 13.035933333838834], [80.34878354852717, 13.035933565676043], [80.34878307563604, 13.036114407762694], [80.34887529873126, 13.036114639572952], [80.34887506232162, 13.036205060611787], [80.34896728545279, 13.036205292395097], [80.34896681268742, 13.036386134481747], [80.34905903588147, 13.036386366229125], [80.3490587995347, 13.036476787276943], [80.34915102277367, 13.036477018988386], [80.34915055012507, 13.03665786108402], [80.34924277342692, 13.036658092768516], [80.34924253714306, 13.036748513816333], [80.34933476048082, 13.036748745473878], [80.3493345242239, 13.036839166521695], [80.3494267475976, 13.036839398143307], [80.34942627513766, 13.037020240238942], [80.34951849858324, 13.037020471833605], [80.3495182623892, 13.037110892881422], [80.3496104858707, 13.037111124449137], [80.34961001353652, 13.037291966544771], [80.3497022370809, 13.037292198085536], [80.34970200094077, 13.037382619133354], [80.34979422453007, 13.037382850638185], [80.34979398842586, 13.037473271686002], [80.34988621204211, 13.037473503163884], [80.34988573989658, 13.037654345259519], [80.34997796358469, 13.037654576710452], [80.34997772754338, 13.037744997758269], [80.35006995126741, 13.03774522917327], [80.35006947923867, 13.037926071277887], [80.35016170303459, 13.037926302665937], [80.35016146704716, 13.038016723713755], [80.350253690879, 13.038016955065872], [80.35025321897602, 13.03819779717049], [80.35034544287075, 13.038198028495659], [80.35034520695518, 13.038288449552459], [80.35043743088585, 13.038288680841696], [80.35043719499724, 13.038379101898496], [80.35052941896383, 13.038379333160783], [80.35052894724949, 13.038560175274384], [80.35062117128794, 13.038560406500737], [80.35062093546222, 13.038650827557538], [80.35071315952763, 13.038651058756942], [80.35071268793905, 13.038831900879526], [80.35080491207633, 13.038832132042998], [80.35080467631347, 13.038922553108781], [80.35089690048667, 13.038922784245305], [80.35089666475078, 13.039013205302105], [80.3509888889689, 13.039013436411677], [80.35098841755999, 13.03919427853426], [80.351080641841, 13.039194509607903], [80.35108040616798, 13.039284930673686], [80.35117263048491, 13.039285161720377], [80.35117215920177, 13.03946600384296], [80.35126438358158, 13.039466234862703], [80.35126414797145, 13.039556655919503], [80.35135637239618, 13.039556886912294], [80.35135590122982, 13.039737729034877], [80.35144812571744, 13.039737959991738], [80.35144789017018, 13.039828381057522], [80.35154011469373, 13.039828611978448], [80.35153987918241, 13.039919033044232], [80.35163210373291, 13.03991926393821], [80.35163163276417, 13.040100106069776], [80.35172385738653, 13.040100336936804], [80.3517236219381, 13.040190758002588], [80.3518158465964, 13.040190988833682], [80.35181537575342, 13.040371830965249], [80.35190760048359, 13.04037206177838], [80.35190736508905, 13.040462482844163], [80.35199958985514, 13.040462713612376], [80.35199911912895, 13.040643555752926], [80.35209134395792, 13.04064378649419], [80.35209110862627, 13.040734207559973], [80.35218333350016, 13.040734438274287], [80.35218309819545, 13.040824859349055], [80.35227532310527, 13.040825090027436], [80.35227485256773, 13.041005932167986], [80.35236707754044, 13.041006162819418], [80.35236684229861, 13.041096583894186], [80.35245906730725, 13.041096814509684], [80.35245859689547, 13.041277656659219], [80.35255082197597, 13.041277887247768], [80.35255058679704, 13.041368308322534], [80.35264281191347, 13.041368538884136], [80.35264257676147, 13.041458959958902], [80.35273480191384, 13.04145919048457], [80.35273433168173, 13.041640032634104], [80.35282655690595, 13.041640263132823], [80.35282632181685, 13.04173068420759], [80.35291854706803, 13.04173091467936], [80.35291807697067, 13.041911756828892], [80.35301030228473, 13.041911987264728], [80.35301006726748, 13.042002408339496], [80.35310229262646, 13.042002638748382], [80.35310182264587, 13.042183480906898], [80.35319404806773, 13.042183711279852], [80.35319381310438, 13.04227413235462], [80.35328603856219, 13.042274362709609], [80.35328533377995, 13.042545625942891], [80.35337755933655, 13.042545856261947], [80.35337685463516, 13.04281711949523], [80.35346908029958, 13.042817349787336], [80.35346837567903, 13.043088613020618], [80.35356060145124, 13.043088843276793], [80.35355989691155, 13.043360106510075], [80.35365212278256, 13.043360336748282], [80.3536514183327, 13.043631599981566], [80.35374364430254, 13.043631830183841], [80.35374293993353, 13.043903093417123], [80.35383516601115, 13.043903323592449], [80.35383446173198, 13.044174586825731], [80.35392668789943, 13.044174816974108], [80.35392598371008, 13.04444608020739], [80.35401820998536, 13.044446310328818], [80.35401750587684, 13.044717573553116], [80.35410973225092, 13.044717803656576], [80.35410902822326, 13.044989066880877], [80.35420125470515, 13.044989296948405], [80.35420078541625, 13.045170139097937], [80.35429301197, 13.045170369138516], [80.35429230811302, 13.045441632362815], [80.35438453476557, 13.045441862376444], [80.35438383099843, 13.045713125600743], [80.3544760577498, 13.045713355587422], [80.35447535407249, 13.045984618811723], [80.35456758093166, 13.045984848771452], [80.35456687732622, 13.046256111995751], [80.35465910429318, 13.046256341919548], [80.35465840077757, 13.046527605143849], [80.35475062783436, 13.046527835040695], [80.35474992440858, 13.046799098264996], [80.35484215157317, 13.046799328134894], [80.35484144822824, 13.047070591359194], [80.35493367549165, 13.047070821202142], [80.35493297223654, 13.047342084426443], [80.35502519959877, 13.047342314242442], [80.35502449642452, 13.047613577466741], [80.35511672389454, 13.047613807246808], [80.35511602081012, 13.047885070471107], [80.35520824837894, 13.047885300233208], [80.35520754537538, 13.048156563448524], [80.35529977305201, 13.048156793183676], [80.35529907012928, 13.048428056398992], [80.35539129790473, 13.048428286107193], [80.35539059507184, 13.04869954932251], [80.35548282295508, 13.048699779003762], [80.35548235444773, 13.048880621144312], [80.35557458240284, 13.048880850789631], [80.35557387974063, 13.04915211401393], [80.35566610778557, 13.0491523436323], [80.35566540521319, 13.049423606847617], [80.35575763336593, 13.049423836439038], [80.35575693087439, 13.049695099654354], [80.35584915912595, 13.049695329218824], [80.35584845672425, 13.049966592434142], [80.3559406850836, 13.04996682196268], [80.35593998275377, 13.05023808518698], [80.3560322112209, 13.050238314688569], [80.3560315089809, 13.050509577903886], [80.35612373753789, 13.050509807378525], [80.35612303538771, 13.05078107059384], [80.3562152640525, 13.050781300050515], [80.35621456198317, 13.051052563256848], [80.35630679074676, 13.051052792686571], [80.35630608876727, 13.051324055892906], [80.35639831763866, 13.051324285286697], [80.35639761573103, 13.051595548502013], [80.35648984471023, 13.051595777868854], [80.35648914289243, 13.05186704108417], [80.35658137197044, 13.05186727041508], [80.35658067023348, 13.052138533630396], [80.3566728994103, 13.05213876294334], [80.35667243164855, 13.05231960508389], [80.35676466089724, 13.0523198343609], [80.35676395933994, 13.052591097576215], [80.35685618868744, 13.052591326826276], [80.35685548721999, 13.05286259003261], [80.35694771666631, 13.052862819264703], [80.3569470152797, 13.053134082471038], [80.35703924483381, 13.053134311667199], [80.35703854353704, 13.053405574873533], [80.35713077318997, 13.053405804042745], [80.35713007197404, 13.053677067249078], [80.35722230172578, 13.053677296391342], [80.35722160059969, 13.053948559597675], [80.35731383045923, 13.053948788712988], [80.357313129405, 13.054220051919321], [80.35740535937234, 13.054220281007686], [80.35740465840793, 13.054491544214018], [80.35749688847409, 13.05449177326645], [80.35749618759054, 13.054763036472783], [80.35758841776449, 13.054763265498265], [80.35758771697077, 13.0550345287046], [80.35767994723456, 13.055034757712114], [80.35767924653067, 13.055306020909464], [80.35777147690224, 13.055306249881047], [80.35777077627921, 13.05557751308738], [80.3578630067496, 13.055577742032014], [80.35786230620741, 13.055849005229364], [80.3579545367856, 13.055849234147049], [80.35795406982335, 13.056030076287598], [80.35804630046442, 13.056030305178332], [80.3580456001019, 13.056301568375684], [80.35813783085077, 13.056301797239469], [80.35813713056909, 13.056573060436818], [80.35822936141678, 13.056573289264671], [80.35822866122493, 13.056844552471004], [80.35832089218042, 13.056844781271908], [80.35832019206941, 13.057116044469257], [80.35841242312371, 13.057116273252195], [80.35841172309357, 13.057387536449545], [80.35850395425567, 13.057387765196548], [80.35850325431534, 13.057659028393898], [80.35859548557626, 13.057659257113954], [80.35859478571678, 13.057930520311304], [80.3586870170765, 13.05793074900441], [80.35868631730688, 13.05820201220176], [80.3587785487744, 13.058202240858932], [80.3587778490856, 13.058473504056282], [80.35887008065194, 13.058473732695488], [80.35886938105298, 13.05874499589284], [80.35896161271813, 13.058745224496112], [80.358960913209, 13.059016487693462], [80.35905314498196, 13.059016716269786], [80.35905244554469, 13.059287979467136], [80.35914467741647, 13.059288208016511], [80.35914421119084, 13.059469050148078], [80.35923644313446, 13.059469278670504], [80.35923574387687, 13.05974054185887], [80.35932797591931, 13.059740770354347], [80.35932727675154, 13.060012033551697], [80.35941950890178, 13.060012262020223], [80.35941880980589, 13.06028352520859], [80.35951104206393, 13.060283753650166], [80.35951034305785, 13.060555016838535], [80.35960257541471, 13.060555245244178], [80.35960187648949, 13.06082650844153], [80.35969410894516, 13.060826736820223], [80.35969341011875, 13.06109800000859], [80.35978564267323, 13.061098228360336], [80.35978494392768, 13.061369491548703], [80.35987717658098, 13.061369719882482], [80.35987647792524, 13.061640983070848], [80.35996871068635, 13.061641211368695], [80.35996801210248, 13.061912474557063], [80.36006024497138, 13.061912702827959], [80.36005954647734, 13.062183966007344], [80.36015177944506, 13.06218419425129], [80.36015108103187, 13.062455457439658], [80.36024331410738, 13.062455685656657], [80.36024261578403, 13.06272694883604], [80.36033484895836, 13.062727177026089], [80.36033415071586, 13.062998440205472], [80.360426383989, 13.062998668368571], [80.36042591855387, 13.063179510491155], [80.36051815189887, 13.063179738618322], [80.36051745383604, 13.063451001797706], [80.36060968727986, 13.063451229906907], [80.36060898929786, 13.06372249308629], [80.36070122284949, 13.063722721159557], [80.36070052495732, 13.063993984338941], [80.36079275860774, 13.06399421238526], [80.36079206079644, 13.064265475564644], [80.36088429455467, 13.064265703584013], [80.36088359682421, 13.064536966763397], [80.36097583068124, 13.064537194755816], [80.36097513304061, 13.0648084579352], [80.36106736700546, 13.064808685900669], [80.36106666944568, 13.06507994907107], [80.36115890350932, 13.065080177009591], [80.36115820603938, 13.065351440188975], [80.36125044020184, 13.065351668091562], [80.36124974281275, 13.065622931270946], [80.36134197708301, 13.065623159146584], [80.36134127978373, 13.065894422325968], [80.36143351415282, 13.065894650174657], [80.3614328169344, 13.066165913345058], [80.3615250514023, 13.066166141166796], [80.36152342474196, 13.0667990885644], [80.3616156594524, 13.066799316368172], [80.3616103148807, 13.068879000494917], [80.36170255035472, 13.06887922829869], [80.3616972056303, 13.070958912120005], [80.36178944188585, 13.070959139932762], [80.36178432941188, 13.07294840244575], [80.36187656640404, 13.072948630258507], [80.36187122141911, 13.075028313495919], [80.36196345918383, 13.075028541317657], [80.36195811403721, 13.077108224258625], [80.36205035258345, 13.077108452080365], [80.36204500728412, 13.07918813472489], [80.36213724660293, 13.07918836255561], [80.36213259844116, 13.080996782002785], [80.3622248384337, 13.080997009824523], [80.36221949295471, 13.083076691921075], [80.36231173371979, 13.083076919751797], [80.36230638808809, 13.085156601542922], [80.3623986296347, 13.085156829373643], [80.36239351629834, 13.087146089946271], [80.3624857585726, 13.087146317776993], [80.36248041268038, 13.089225998984213], [80.36257265574515, 13.089226226832901], [80.36256730970021, 13.091305907743678], [80.36265955352856, 13.091306135583382], [80.36265862382614, 13.091667819190747], [80.36256637985407, 13.091667591342057], [80.36256544998994, 13.092029274931456], [80.36247320588313, 13.092029047037851], [80.36247227585731, 13.092390730618265], [80.36238003162472, 13.092390502688728], [80.36237910142823, 13.092752186242192], [80.36228685706091, 13.092751958267739], [80.36228592670271, 13.093113641812222], [80.36219368220962, 13.093113413801836], [80.36219275168973, 13.093475097328351], [80.3621005070529, 13.09347486927305], [80.36209934369867, 13.093926973658736], [80.36200709890015, 13.093926745567503], [80.36200616804788, 13.094288429058086], [80.36191392311461, 13.094288200930919], [80.36191299210066, 13.094649884403536], [80.36182074704162, 13.094649656231454], [80.36181981586597, 13.095011339686103], [80.3617275706632, 13.095011111478088], [80.36172663932585, 13.095372794914772], [80.36163439399732, 13.095372566661842], [80.36163346249826, 13.095734250089542], [80.36154121703498, 13.095734021800679], [80.36154028537425, 13.09609570520143], [80.36144803977622, 13.096095476876634], [80.36144710794478, 13.096457160259419], [80.361354862221, 13.096456931898691], [80.36135393022788, 13.09681861526351], [80.36126168436934, 13.096818386857866], [80.36126075221452, 13.097180070213701], [80.36116850622123, 13.097179841772125], [80.3611675739137, 13.097541525109992], [80.36107532778567, 13.0975412966235], [80.36107416218566, 13.097993400775625], [80.36098191588695, 13.097993172244216], [80.36098098324703, 13.098354855546154], [80.36088873681358, 13.098354626978812], [80.36088780400299, 13.098716310262782], [80.36079555745275, 13.098716081659509], [80.36079462448046, 13.099077764925513], [80.3607023777865, 13.099077536277324], [80.3607014446525, 13.099439219534345], [80.36060919782379, 13.099438990850222], [80.36060826452811, 13.099800674080294], [80.36051601757363, 13.09980044536024], [80.36051508410726, 13.100162128581328], [80.36042283701804, 13.100161899816356], [80.36042190339897, 13.100523583019479], [80.360329656175, 13.100523354209592], [80.36032872238523, 13.100885037394749], [80.36023647503549, 13.10088480854893], [80.36023554108405, 13.101246491725101], [80.36014329359956, 13.101246262834367], [80.36014212595138, 13.10169836677988], [80.36004987829622, 13.101698137853212], [80.36004894401239, 13.102059820984469], [80.35995669623146, 13.102059592021869], [80.35995576178594, 13.102421275135159], [80.35986351386127, 13.102421046136627], [80.35986257925406, 13.10278272923195], [80.35977033120363, 13.102782500188503], [80.35976939643471, 13.103144183274845], [80.35967714824953, 13.10314395418648], [80.35967621331892, 13.103505637254855], [80.359583964999, 13.103505408130559], [80.3595830298977, 13.103867091180966], [80.35949078145202, 13.103866862020737], [80.35948984618904, 13.10422854505318], [80.3593975976086, 13.104228315857018], [80.35939666218391, 13.104589998871493], [80.35930441346873, 13.104589769630417], [80.35930347788235, 13.104951452626926], [80.35921122903243, 13.104951223349916], [80.35921029328433, 13.105312906328459], [80.35911804429966, 13.105312677006532], [80.3591168744147, 13.105764780718482], [80.35902462525934, 13.10576455135164], [80.35902368917888, 13.106126234303234], [80.35893143989776, 13.10612600490046], [80.3589305036556, 13.106487687825105], [80.35883825423974, 13.106487458386399], [80.35883731783589, 13.106849141302058], [80.35874506828527, 13.106848911818437], [80.35874413171973, 13.10721059471613], [80.35865188203437, 13.107210365196575], [80.35865094530712, 13.107572048076305], [80.358558695496, 13.107571818520816], [80.35855775859808, 13.107933501382579], [80.3584655086522, 13.107933271782175], [80.35846457159258, 13.10829495462597], [80.35837232151196, 13.108294724989635], [80.35837138429963, 13.108656407815465], [80.35827913408427, 13.108656178143196], [80.35827819670125, 13.109017860951058], [80.35818594635114, 13.109017631233874], [80.35818477441799, 13.109469734730228], [80.3580925239062, 13.109469504968128], [80.3580915861908, 13.109831187749041], [80.35799933554424, 13.109830957951008], [80.35799839766715, 13.110192640704973], [80.35790614688585, 13.110192410871008], [80.35790520884706, 13.110554093615988], [80.35781295793102, 13.110553863737108], [80.35781201973053, 13.110915546464122], [80.35771976867973, 13.110915316549308], [80.35771883031755, 13.111276999258356], [80.35762657914098, 13.111276769298627], [80.35762564060813, 13.111638451989709], [80.35753338929682, 13.111638221994047], [80.35753245061125, 13.111999904667163], [80.3574401991652, 13.111999674635568], [80.35743926030894, 13.112361357290718], [80.35734700872813, 13.11236112722319], [80.35734606971019, 13.112722809860372], [80.35725381800361, 13.11272257974793], [80.35725287882397, 13.113084262367147], [80.35716062697367, 13.11308403221877], [80.35715945279475, 13.11353613547258], [80.35706720078275, 13.113535905279289], [80.35706626127073, 13.113897587871556], [80.35697400912399, 13.113897357633348], [80.35697306945026, 13.11425904020765], [80.35688081716877, 13.11425880993351], [80.35687987733336, 13.114620492489845], [80.35678762491712, 13.114620262170789], [80.35678668492001, 13.114981944709157], [80.356694432378, 13.114981714363152], [80.35669349221021, 13.115343396883555], [80.35660123953346, 13.115343166492634], [80.35660029920398, 13.115704848995069], [80.35650804640146, 13.115704618559233], [80.35650710591027, 13.116066301052685], [80.35641485296404, 13.116066070580915], [80.35641414747212, 13.116337332430794], [80.35632189443605, 13.116337101923092], [80.35632142403325, 13.11651794314736], [80.3562291709253, 13.116517712603725], [80.35622870045064, 13.116698553827995], [80.35613644727982, 13.116698323248427], [80.35613621200207, 13.11678874385607], [80.35604395879531, 13.11678851324057], [80.35604348817692, 13.116969354446873], [80.35595123490728, 13.116969123795439], [80.35595076420803, 13.117149965001742], [80.35585851087552, 13.117149734314378], [80.35585804010441, 13.117330575511696], [80.35576578670002, 13.117330344788398], [80.35576555127854, 13.117420765387058], [80.3556732978472, 13.117420534627827], [80.35567282693236, 13.117601375816163], [80.35558057342917, 13.117601145021], [80.35558010244246, 13.117781986200354], [80.35548784887638, 13.117781755369258], [80.35548737780883, 13.11796259654861], [80.35539512417986, 13.117962365681583], [80.35539488860567, 13.118052786271258], [80.35530263494975, 13.118052555359315], [80.35530216373847, 13.118233396529686], [80.3552099100107, 13.118233165590791], [80.35520943871856, 13.118414006752179], [80.3551171849279, 13.118413775777352], [80.3551167135729, 13.118594616929755], [80.35502445971036, 13.118594385918996], [80.35502422399244, 13.11868480649969], [80.35493197010297, 13.118684575444016], [80.35493149859523, 13.11886541659642], [80.35483924464287, 13.118865185504813], [80.35483877306329, 13.119046026648233], [80.35474651903907, 13.119045795529676], [80.35474628321334, 13.119136216101387], [80.35465402915318, 13.119135984937914], [80.35465355742986, 13.119316826072351], [80.35456130330682, 13.11931659488193], [80.35456083151163, 13.119497436007384], [80.35446857732572, 13.119497204772046], [80.35446810544968, 13.1196780458975], [80.35437585120088, 13.11967781462623], [80.35437561522244, 13.119768235188957], [80.3542833609467, 13.119768003890737], [80.35428288892693, 13.119948844998225], [80.35419063457033, 13.119948613664073], [80.3541901624787, 13.120129454762578], [80.3540979080682, 13.120129223392492], [80.35409743589572, 13.120310064490997], [80.35400518141336, 13.120309833075996], [80.35400494530016, 13.120400253620758], [80.35391269078187, 13.120400022178808], [80.35391221846567, 13.120580863268328], [80.35381996389347, 13.120580631790446], [80.35381949150539, 13.120761472870985], [80.35372723686133, 13.120761241348186], [80.35372700063137, 13.120851661892948], [80.35363474595137, 13.1208514303432], [80.35363427341956, 13.12103227140577], [80.35354201867669, 13.121032039820092], [80.35354154607302, 13.121212880891646], [80.35344929125829, 13.12121264926105], [80.35344881858275, 13.121393490323621], [80.35335656370512, 13.121393258666076], [80.35335632733143, 13.12148367919287], [80.35326407242685, 13.121483447490409], [80.3532635995986, 13.121664288543998], [80.35317134462217, 13.121664056814588], [80.35317087172206, 13.12184489785021], [80.35307861668274, 13.121844666084867], [80.35307814371075, 13.122025507120489], [80.35298588860856, 13.122025275319212], [80.35298565208214, 13.122115695837023], [80.35289339694401, 13.122115463999815], [80.35289292382829, 13.122296305026454], [80.35280066862728, 13.12229607314433], [80.35280019543072, 13.122476914170969], [80.35270794016682, 13.122476682252913], [80.35270770352363, 13.12256710276174], [80.35261544823278, 13.122566870816733], [80.35261497488351, 13.122747711825406], [80.35252271952079, 13.122747479844467], [80.35252224610865, 13.12292832085314], [80.35242999068305, 13.122928088836268], [80.35242951719005, 13.123108929826975], [80.35233726169258, 13.123108697774171], [80.35233702491465, 13.123199118274016], [80.35224476938126, 13.123198886185278], [80.35224429574453, 13.123379727167002], [80.35215204015724, 13.123379495042332], [80.35215156643964, 13.123560336024056], [80.35205931078947, 13.123560103863454], [80.35205883700003, 13.123740944836195], [80.35196658127799, 13.123740712639659], [80.35196634434733, 13.123831133121538], [80.35187408858937, 13.123830900889072], [80.35187361465618, 13.12401174186181], [80.35178135883534, 13.12401150958443], [80.35178088483029, 13.124192350548185], [80.35168862894656, 13.124192118243853], [80.35168815486067, 13.124372959198627], [80.35159589891406, 13.124372726849378], [80.35159566183069, 13.124463147331257], [80.35150340584813, 13.124462914946076], [80.3515029316275, 13.124643755891867], [80.35141067557308, 13.124643523479737], [80.35141020127159, 13.124824364416543], [80.35131794515429, 13.12482413196848], [80.35131770797211, 13.124914552432394], [80.35122545181888, 13.124914319948399], [80.35122497737366, 13.125095160876223], [80.35113272116654, 13.125094928356294], [80.35113224664047, 13.125275769275136], [80.35103999036147, 13.125275536719275], [80.35103951576355, 13.125456377638116], [80.35094725942167, 13.12545614503734], [80.35094702208677, 13.125546565492268], [80.35085476570896, 13.125546332864543], [80.3508542909673, 13.1257271737744], [80.35076203452661, 13.125726941101759], [80.35076155971309, 13.125907782002635], [80.35066930320053, 13.125907549303044], [80.35066882831514, 13.126088390194935], [80.35057657173971, 13.12608815745941], [80.35057633426108, 13.126178577905357], [80.35048407764971, 13.1261783451339], [80.3504836026116, 13.12635918601681], [80.35039134594633, 13.126358953200437], [80.35039087083636, 13.126539794083346], [80.35029861409923, 13.126539561240024], [80.35029837650382, 13.126629981668003], [80.35020611973974, 13.12662974878875], [80.35020564447704, 13.126810589662675], [80.3501133876411, 13.126810356738504], [80.35011291231554, 13.126991197603447], [80.3500206554167, 13.126990964652327], [80.35002018001029, 13.127171805508286], [80.34992792303959, 13.127171572512252], [80.34992768530046, 13.127261992940232], [80.34983542830281, 13.127261759917246], [80.34983495275266, 13.127442600764223], [80.34974269569213, 13.127442367696322], [80.34974222006115, 13.127623208543298], [80.34964996293773, 13.127622975439465], [80.34964948723487, 13.127803816277458], [80.3495572300396, 13.127803583137693], [80.34955699215672, 13.127894003556689], [80.34946473492552, 13.127893770389974], [80.34946425907893, 13.12807461121], [80.34937200178484, 13.128074378007353], [80.34937152586639, 13.128255218818396], [80.34927926850942, 13.128254985579815], [80.34927903050976, 13.12834540598983], [80.34918677312584, 13.128345172715315], [80.34918629705467, 13.128526013517376], [80.3490940395989, 13.12852578020693], [80.34909356345585, 13.128706621008991], [80.3490013059372, 13.12870638765363], [80.34900082972229, 13.128887228446708], [80.34890857213176, 13.128886995064397], [80.34890833398838, 13.128977415456443], [80.3488160763709, 13.1289771820382], [80.34881560001226, 13.129158022822294], [80.34872334232291, 13.129157789368117], [80.34872286589243, 13.129338630143229], [80.34863060814018, 13.12933839665312], [80.34863013162885, 13.12951923742823], [80.34853787381374, 13.129519003902189], [80.34853763551764, 13.129609424285253], [80.34844537767557, 13.129609190714296], [80.34844490101152, 13.129790031480423], [80.3483526430976, 13.129789797882518], [80.34835216637066, 13.129970638639662], [80.34825990839384, 13.12997040499684], [80.34825943158606, 13.130151245745001], [80.34816717353739, 13.13015101207523], [80.34816693509757, 13.13024143244931], [80.34807467702194, 13.130241198743606], [80.34807420007041, 13.130422039482784], [80.34798194193192, 13.130421805741147], [80.34798146489955, 13.130602646471342], [80.34788920669816, 13.130602412693772], [80.34788896814156, 13.13069283305887], [80.34779670990423, 13.130692599236385], [80.34779623273712, 13.13087343996658], [80.34770397442793, 13.130873206108163], [80.34770349717998, 13.131054046829373], [80.3476112388079, 13.131053812944007], [80.34761076148808, 13.131234653656236], [80.34751850305314, 13.131234419725953], [80.3475182643528, 13.131324840082067], [80.34742600588191, 13.131324606124833], [80.34742552841836, 13.131505446819096], [80.34733326988459, 13.131505212825932], [80.34733279234018, 13.131686053520193], [80.34724053374354, 13.131685819491096], [80.34724005612726, 13.131866660176374], [80.34714779745876, 13.131866426111344], [80.3471475586147, 13.131956846449492], [80.34705529991024, 13.13195661234853], [80.34705482215024, 13.132137453024827], [80.3469625633919, 13.13213721888793], [80.34696208555106, 13.132318059564227], [80.34686982672085, 13.132317825382415], [80.34686958776898, 13.132408245720564], [80.34677732890283, 13.132408011511803], [80.34677685092724, 13.132588852170132], [80.34668459199821, 13.132588617925439], [80.34668411394178, 13.132769458583768], [80.34659185494986, 13.13276922429416], [80.34659137681257, 13.132950064952489], [80.34649911775779, 13.132949830626947], [80.34649887865321, 13.13304025094713], [80.34640661956249, 13.133040016594638], [80.34640614128146, 13.133220857235], [80.34631388212786, 13.133220622846578], [80.34631340377497, 13.133401463477957], [80.3462211445495, 13.133401229053602], [80.34622066612475, 13.133582069675999], [80.3461284068364, 13.13358183521571], [80.34612816758809, 13.133672255526907], [80.3460359082728, 13.133672021030685], [80.34603542969532, 13.1338528616441], [80.34594317030816, 13.133852627111946], [80.34594269166782, 13.13403346772536], [80.34585043220878, 13.13403323314829], [80.34585019285268, 13.134123653459488], [80.3457579333667, 13.134123418846485], [80.34575745457363, 13.134304259450916], [80.34566519502478, 13.134304024810964], [80.34566471615985, 13.134484865406412], [80.3455724565481, 13.134484630721545], [80.34557197760232, 13.134665471316993], [80.34547971791872, 13.134665236596192], [80.3454794784099, 13.134755656889423], [80.34538721869934, 13.134755422141673], [80.34538673960984, 13.134936262719155], [80.3452944798364, 13.134936027935472], [80.34529400067501, 13.135116868503971], [80.34520174082971, 13.135116633684355], [80.34520126158749, 13.135297474252853], [80.3451090016793, 13.135297239388322], [80.34510876202675, 13.135387659672572], [80.34501650208263, 13.135387424781092], [80.34501602270566, 13.135568265331623], [80.34492376269867, 13.13556803040421], [80.34492328324085, 13.135748870954743], [80.34483102316199, 13.135748635991396], [80.3448305436323, 13.135929476532946], [80.34473828349056, 13.135929241524684], [80.34473804368528, 13.136019661799951], [80.34464578351658, 13.136019426755755], [80.34464530384318, 13.136200267297305], [80.34455304360262, 13.136200032217179], [80.34455256384835, 13.136380872749744], [80.3444603035449, 13.136380637633685], [80.34446006363184, 13.136471057899968], [80.34436780330145, 13.136470822756959], [80.34436732340346, 13.136651663271557], [80.34427506300119, 13.136651428083633], [80.34427458303134, 13.136832268598233], [80.3441823225662, 13.136832033383358], [80.3441818425155, 13.137012873888976], [80.34408958198746, 13.137012638629185], [80.34408934192169, 13.137103058886485], [80.34399708135773, 13.137102823590762], [80.3439966011633, 13.137283664087397], [80.34390434053645, 13.137283428764723], [80.34390386027016, 13.137464269252375], [80.34381159957145, 13.137464033884786], [80.3438111192333, 13.137644874372436], [80.3437188584717, 13.137644638968917], [80.3437186182622, 13.13773505920825], [80.34362635746467, 13.13773482377778], [80.34362587698278, 13.137915664247464], [80.34353361612239, 13.137915428781062], [80.34353313555964, 13.138096269250745], [80.34344087463636, 13.138096033739426], [80.34344063431007, 13.138186453969777], [80.34334837335983, 13.13818621843151], [80.34334789264437, 13.138367058883228], [80.34325563162227, 13.138366823309028], [80.3432553912331, 13.138457243530395], [80.34316313018405, 13.13845700792026], [80.34316288974998, 13.138547428141628], [80.34307062866499, 13.138547192495563], [80.34307038820396, 13.13863761271693], [80.34297812709202, 13.138637377034932], [80.34297788658608, 13.1387277972563], [80.34279336429036, 13.138727325784506], [80.34279312372152, 13.138817746005873], [80.3427008625467, 13.138817510216077], [80.34270062194194, 13.138907930428461], [80.3426083607312, 13.138907694611715], [80.3426081200905, 13.1389981148241], [80.3425158588528, 13.138997878962439], [80.34251561817618, 13.139088299174823], [80.34242335690254, 13.139088063286213], [80.34242311618999, 13.139178483489612], [80.34233085488043, 13.13917824756507], [80.34233061414092, 13.139268667768471], [80.34223835279542, 13.139268431807995], [80.34223811201998, 13.139358852011396], [80.34214585064754, 13.139358616014988], [80.34214560982717, 13.139449036218387], [80.34205334842778, 13.139448800186047], [80.34205310757149, 13.139539220380465], [80.34196084613617, 13.139538984321174], [80.34196060525292, 13.139629404515592], [80.34186834378167, 13.139629168420369], [80.34186810286249, 13.139719588605804], [80.34177584136428, 13.139719352474648], [80.3417756004002, 13.139809772669066], [80.34168333886606, 13.139809536501977], [80.34168309787502, 13.139899956687412], [80.34159083631393, 13.139899720484392], [80.34159059528696, 13.139990140669825], [80.34149833368994, 13.139989904430871], [80.34149809261805, 13.140080324616306], [80.34140583099408, 13.14008008834142], [80.34140558989525, 13.140170508517873], [80.34131332823534, 13.140170272216036], [80.34131308710056, 13.140260692392488], [80.34122082540473, 13.140260456054719], [80.34122058423402, 13.140350876222188], [80.34112832251124, 13.140350639848487], [80.3411280813046, 13.140441060024939], [80.3410358195459, 13.140440823615306], [80.34103557830332, 13.140531243782773], [80.34094331651765, 13.140531007337207], [80.34094307523915, 13.140621427504676], [80.34085081341756, 13.140621191023177], [80.34085057210312, 13.140711611190646], [80.34066604840602, 13.140711138128834], [80.34066580701972, 13.140801558287318], [80.34057354514422, 13.140801321707006], [80.340573303722, 13.14089174186549], [80.34048104181056, 13.140891505249245], [80.3404808003524, 13.14098192540773], [80.34038853840504, 13.14098168875555], [80.34038829691993, 13.141072108905053], [80.34029603494561, 13.141071872216942], [80.34029579341558, 13.141162292375427], [80.34020353140534, 13.141162055651384], [80.34020328984836, 13.141252475800885], [80.34011102780218, 13.14125223904091], [80.34011078620927, 13.14134265919041], [80.34001852413614, 13.141342422403484], [80.3400182824983, 13.141432842544004], [80.33992602039824, 13.141432605721146], [80.33992577872448, 13.141523025861664], [80.33983351658847, 13.141522789002874], [80.33983327488775, 13.141613209143392], [80.3397410127158, 13.141612972248668], [80.33974077097916, 13.141703392389187], [80.33964850878027, 13.141703155458531], [80.33964826699872, 13.141793575590066], [80.33955600477287, 13.141793338623478], [80.33955576295538, 13.141883758763996], [80.33946350069361, 13.141883521761475], [80.33946325884918, 13.14197394189301], [80.33937099655147, 13.141973704854557], [80.3393707546711, 13.142064124986092], [80.33927849233746, 13.142063887911705], [80.33927825042115, 13.14215430804324], [80.33918598806056, 13.142154070941904], [80.33918574610833, 13.142244491064456], [80.3390934837118, 13.142244253927188], [80.33909324172363, 13.14233467404974], [80.33900097930017, 13.142334436867557], [80.33900073727607, 13.14242485699011], [80.33890847482564, 13.142424619780975], [80.3389082327656, 13.142515039903527], [80.33881597027028, 13.14251480265846], [80.3388157281743, 13.14260522277203], [80.338723465661, 13.142604985491031], [80.3387232235291, 13.1426954056046], [80.33853869842164, 13.142694930943787], [80.33853845622686, 13.142785351057357], [80.3384461936417, 13.142785113677542], [80.338445951402, 13.142875533782128], [80.33835368878988, 13.142875296366382], [80.33835344652323, 13.142965716470968], [80.33826118387519, 13.14296547901929], [80.33826094156362, 13.143055899123876], [80.33816867888862, 13.143055661636264], [80.33816843654112, 13.143146081731867], [80.33807617383019, 13.143145844217306], [80.33807593145575, 13.14323626431291], [80.33798366870889, 13.143236026753431], [80.3379834262985, 13.143326446849034], [80.33789116352469, 13.143326209262609], [80.33789092107838, 13.143416629349229], [80.33779865826864, 13.14341639172687], [80.3377984157864, 13.143506811822473], [80.33770615294969, 13.143506574155197], [80.33770591042253, 13.1435969942508], [80.33761364755888, 13.143596756556576], [80.33761340499579, 13.143687176634213], [80.33752114209622, 13.143686938913039], [80.33752089950617, 13.143777358990675], [80.33742863657066, 13.143777121224586], [80.33742839394469, 13.143867541311206], [80.33733613097326, 13.143867303509184], [80.33733588831134, 13.143957723586821], [80.33724362531295, 13.14395748575785], [80.33724338261511, 13.144047905835485], [80.33715111958978, 13.1440476679616], [80.337150876856, 13.144138088039236], [80.33705861378574, 13.1441378501384], [80.33705837101603, 13.144228270207051], [80.33696610792781, 13.144228032270282], [80.33696586512217, 13.144318452338936], [80.33687360199802, 13.144318214366235], [80.33687335915644, 13.144408634434887], [80.33678109599636, 13.144408396426254], [80.33678085311885, 13.144498816485925], [80.33668858993181, 13.144498578441357], [80.33668834701838, 13.14458899851001], [80.33659608379541, 13.14458876042951], [80.33659584084604, 13.144679180489181], [80.33641131433723, 13.144678704229367], [80.33641107132497, 13.144769124289036], [80.33631880803912, 13.144768886109723], [80.33631856499093, 13.14485930616041], [80.33622630166914, 13.144859067945163], [80.33622605858503, 13.14494948799585], [80.3361337952363, 13.144949249753653], [80.33613355210727, 13.145039669795358], [80.33604128873158, 13.145039431517228], [80.3360410455756, 13.145129851558933], [80.33594878216398, 13.14512961324487], [80.3359485389631, 13.145220033286575], [80.33585627552452, 13.14521979493658], [80.3358560322877, 13.145310214978284], [80.3357637688132, 13.145309976583373], [80.33576352554941, 13.145400396625078], [80.33567126203899, 13.145400158203218], [80.33567101873928, 13.14549057823594], [80.3355787552019, 13.145490339778148], [80.33557851185726, 13.145580759819852], [80.33548624829294, 13.145580521326126], [80.33548600491237, 13.145670941358848], [80.33539374131212, 13.14567070282919], [80.3353934979046, 13.145761122861911], [80.33530123426841, 13.14576088429632], [80.33530099082496, 13.14585130432006], [80.33520872715283, 13.14585106572752], [80.33520848367347, 13.145941485751257], [80.33511621997438, 13.145941247122785], [80.33511597645908, 13.146031667137539], [80.33502371272407, 13.146031428473135], [80.33502346917282, 13.146121848496872], [80.33493120541087, 13.146121609796536], [80.3349309618237, 13.14621202981129], [80.33483869803479, 13.14621179107502], [80.33483845441168, 13.146302211089775], [80.33474619057786, 13.146301972317572], [80.33474594691882, 13.146392392332327], [80.33465368306703, 13.146392153524191], [80.33465343937206, 13.146482573538947], [80.33456117547536, 13.146482334694879], [80.33456093175343, 13.146572754709632], [80.33446866782978, 13.146572515829632], [80.33446842406295, 13.146662935835405], [80.33428389615274, 13.146662457985572], [80.33428365232302, 13.14675287798236], [80.33419138833649, 13.146752639003545], [80.33419114446185, 13.146843059009317], [80.33409888044837, 13.14684281999457], [80.3340986365378, 13.146933239991357], [80.33400637248839, 13.146933000940678], [80.33400612855087, 13.147023420937465], [80.33391386446552, 13.147023181859835], [80.33391362049207, 13.147113601847641], [80.33382135637976, 13.147113362734078], [80.33382111237039, 13.147203782721883], [80.33372884822215, 13.147203543572388], [80.33372860417684, 13.147293963560193], [80.33363633999267, 13.147293724374766], [80.33363609591142, 13.147384144353587], [80.33354383170031, 13.147383905132228], [80.33354358758312, 13.147474325120033], [80.33345132334506, 13.14747408586274], [80.33345107919195, 13.147564505841562], [80.33335881491794, 13.147564266548336], [80.33335857071992, 13.147654686527158], [80.33326630641898, 13.147654447206984], [80.333266062194, 13.147744867176822], [80.33317379785711, 13.147744627820716], [80.33317355359621, 13.147835047790554], [80.33308128922339, 13.147834808398514], [80.33308104492656, 13.147925228368353], [80.33298878052679, 13.14792498894038], [80.33298853619401, 13.148015408910219], [80.33289627175832, 13.148015169446314], [80.33289602738961, 13.14810558940717], [80.33280376292697, 13.14810534990733], [80.33280351852233, 13.14819576987717], [80.33271125402375, 13.1481955303414], [80.33271100958318, 13.148285950302256], [80.33261874505764, 13.148285710730551], [80.33261850058115, 13.148376130691409], [80.33252623601969, 13.148375891083772], [80.33252599150725, 13.148466311044627], [80.33243372691884, 13.14846607140106], [80.33243348237046, 13.148556491361916], [80.33224895312179, 13.148556011975964], [80.33224870851053, 13.148646431927837], [80.33215644385025, 13.148646192185453], [80.33215619920307, 13.148736612137325], [80.33206393451584, 13.14873637235901], [80.33206368982376, 13.1488267923019], [80.33197142510957, 13.148826552487652], [80.33197118039052, 13.148916972439524], [80.33187891563144, 13.148916732589342], [80.33187867087645, 13.149007152532231], [80.33178640609042, 13.149006912646119], [80.3317861612995, 13.149097332589008], [80.33169389648651, 13.149097092675945], [80.33169365165966, 13.149187512609851], [80.33160138681075, 13.149187272660855], [80.33160114194796, 13.149277692594762], [80.33150887706311, 13.149277452609834], [80.3315086321644, 13.14936787254374], [80.33141636725259, 13.149367632513895], [80.33141612231795, 13.149458052447802], [80.33132385737021, 13.14945781239101], [80.33132361239963, 13.149548232315931], [80.33123134742495, 13.14954799223219], [80.33123110241844, 13.149638412157111], [80.3311388374168, 13.149638172028453], [80.33113859236538, 13.149728591953377], [80.33104632732781, 13.149728351788786], [80.33104608224943, 13.149818771713708], [80.33095381718492, 13.149818531513185], [80.33095357207061, 13.149908951438107], [80.33086130696118, 13.149908711201652], [80.33086106181094, 13.149999131126574], [80.33076879668354, 13.149998890854185], [80.33076855149736, 13.150089310770126], [80.33067628632504, 13.150089070470786], [80.33067604110295, 13.150179490386726], [80.33058377590368, 13.150179250051455], [80.33058353064564, 13.150269669958412], [80.33049126541943, 13.150269429587208], [80.33049102012545, 13.150359849494166], [80.33039875486331, 13.15035960908703], [80.33039850953341, 13.150450028993985], [80.33030624424431, 13.150449788550917], [80.33030599887847, 13.150540208457873], [80.33012146822841, 13.150539727472921], [80.33012122279071, 13.150630147370894], [80.33002895743874, 13.15062990682901], [80.3300287119651, 13.150720326726985], [80.3299364465772, 13.150720086149168], [80.3299362010766, 13.150810506047142], [80.32984393565276, 13.150810265433392], [80.32984369011625, 13.150900685322384], [80.32975142466546, 13.150900444681685], [80.32975117908403, 13.150990864570675], [80.32965891360628, 13.150990623885061], [80.32965866798892, 13.151081043774052], [80.32956640247525, 13.151080803052505], [80.32956615683094, 13.151171222941496], [80.32947389128132, 13.151170982184016], [80.32947364559209, 13.151261402073006], [80.32938138001553, 13.151261161279594], [80.32938113429935, 13.151351581159602], [80.32928886868687, 13.151351340339241], [80.32928862293475, 13.151441760219248], [80.32919635728634, 13.151441519362955], [80.32919611149829, 13.151531939242961], [80.32910384582291, 13.151531698350734], [80.32910359999894, 13.15162211822176], [80.32901133428764, 13.1516218772936], [80.32901108842772, 13.151712297164623], [80.32891882268947, 13.151712056200532], [80.32891857679363, 13.151802476071556], [80.32882631101944, 13.151802235080515], [80.32882606508767, 13.151892654942555], [80.32873379928654, 13.151892413915583], [80.32873355330985, 13.151982833777623], [80.32864128748176, 13.151982592714717], [80.32864104147812, 13.152073012567774], [80.32854877560511, 13.152072771468935], [80.32854852956555, 13.152163191330976], [80.3284562636656, 13.152162950196205], [80.32845601759009, 13.152253370049262], [80.32836375166319, 13.152253128878558], [80.32836350555175, 13.1523435487406], [80.32827123958891, 13.152343307533963], [80.32827099344155, 13.15243372738702], [80.32817872744279, 13.15243348614445], [80.32817848125949, 13.152523905997509], [80.32799394920805, 13.152523423413554], [80.32799370296186, 13.15261384325763], [80.32790143690022, 13.152613601916245], [80.3279011906181, 13.15270402176032], [80.32780892452053, 13.152703780383003], [80.32780867820247, 13.152794200218095], [80.32771641207795, 13.152793958813827], [80.32771616572396, 13.152884378648919], [80.32762389957249, 13.152884137199738], [80.32762365317359, 13.15297455703483], [80.32753138698617, 13.152974315558698], [80.32753114056032, 13.153064735384806], [80.32743887434596, 13.153064493872742], [80.3274386278752, 13.153154913707834], [80.3273463616249, 13.153154672150853], [80.32734611512718, 13.153245091976961], [80.32725384884097, 13.153244850393031], [80.32725360230732, 13.15333527021914], [80.32716133599415, 13.153335028599278], [80.32716108942456, 13.153425448425386], [80.32706882307546, 13.153425206769592], [80.32706857646994, 13.153515626586717], [80.32697631009388, 13.153515384903974], [80.32697606344347, 13.1536058047211], [80.32688379704045, 13.15360556299344], [80.32688355036308, 13.153695982810564], [80.32679128391516, 13.153695741046972], [80.32679103720184, 13.153786160864097], [80.32669877072698, 13.153785919073554], [80.32669852397773, 13.153876338881696], [80.32660625747592, 13.153876097055223], [80.32660601069074, 13.153966516863365], [80.32651374415298, 13.153966275000958], [80.32651349733187, 13.154056694800117], [80.32642123075819, 13.154056452901777], [80.32642098390114, 13.15414687270992], [80.32632871730051, 13.154146630775646], [80.32632847040755, 13.154237050574805], [80.32623620377996, 13.154236808604601], [80.32623595685105, 13.154327228412743], [80.32614369017855, 13.154326986406605], [80.32614344321371, 13.154417406205765], [80.32605117652324, 13.154417164163695], [80.32605092952247, 13.154507583962852], [80.32586639606967, 13.154507099779897], [80.32586614899704, 13.154597519570073], [80.3257738822347, 13.154597277429188], [80.32577363513512, 13.154687697219364], [80.32568136834584, 13.154687455042547], [80.32568112120134, 13.15477787482374], [80.32558885437612, 13.154777632610989], [80.32558860720466, 13.154868052401165], [80.32549634034352, 13.154867810152483], [80.32549609313614, 13.154958229933674], [80.32540382624805, 13.154957987658044], [80.32540357899575, 13.155048407430252], [80.3253113120807, 13.155048165118687], [80.32531106479247, 13.155138584890897], [80.32521879785047, 13.1551383425434], [80.32521855052632, 13.155228762315609], [80.32512628354839, 13.15522851993218], [80.32512603618828, 13.155318939704388], [80.32503376917442, 13.155318697285026], [80.32503352178738, 13.155409117057236], [80.32494125473758, 13.15540887460194], [80.3249410073146, 13.155499294365168], [80.32484874022887, 13.155499051873939], [80.32484849276997, 13.155589471646149], [80.3247562256573, 13.155589229118988], [80.32475597816244, 13.155679648882215], [80.32466371102282, 13.155679406319122], [80.32466346348306, 13.155769826082347], [80.32457119631648, 13.155769583483321], [80.3245709487408, 13.155860003246548], [80.32438641433578, 13.155859517949683], [80.32438616669721, 13.155949937703925], [80.32420163222932, 13.155949452272312], [80.32420138451887, 13.156039872026556], [80.3240168499881, 13.156039386460195], [80.32401660220579, 13.156129806205454], [80.32383206762111, 13.156129320504347], [80.32383181976694, 13.156219740249607], [80.32373955244765, 13.156219497345154], [80.32373930455755, 13.156309917090415], [80.3235547698471, 13.156309431182693], [80.32355452189412, 13.156399850918971], [80.3233699871208, 13.156399364876503], [80.32336973909595, 13.156489784603798], [80.32318520425974, 13.156489298426582], [80.32318495617201, 13.156579718153875], [80.32300042127292, 13.156579231841913], [80.32300017311333, 13.156669651560223], [80.32281563816035, 13.156669165113515], [80.32281538992888, 13.156759584831825], [80.32263085491302, 13.156759098241386], [80.32263060660969, 13.156849517959696], [80.32244607153991, 13.156849031234508], [80.32244582316473, 13.156939450943836], [80.32226128803208, 13.156938964083901], [80.322261039594, 13.157029383793228], [80.32207650439847, 13.157028896798547], [80.32207625588853, 13.15711931649889], [80.32189172063012, 13.157118829369463], [80.32189147205729, 13.157209249069806], [80.32170693673599, 13.157208761805629], [80.32170668809131, 13.15729918149699], [80.32161442040372, 13.157298937811003], [80.3216141717231, 13.157389357502364], [80.32142963627604, 13.157388870031575], [80.32142938752355, 13.157479289722938], [80.32124485202259, 13.157478802108418], [80.32124460319824, 13.157569221799779], [80.32106006764339, 13.157568734050512], [80.32105981874717, 13.15765915373289], [80.32087528312942, 13.157658665848876], [80.32087503417033, 13.157749085522271], [80.32069049848971, 13.157748597512493], [80.32069024945875, 13.157839017176904], [80.32050571371524, 13.157838529032379], [80.32050546461241, 13.15792894869679], [80.32032092881501, 13.157928460408534], [80.32032067964032, 13.158018880072946], [80.32013614378003, 13.158018391649943], [80.32013589454246, 13.158108811305372], [80.31995135861929, 13.158108322747621], [80.31995110930984, 13.15819874240305], [80.31976657333279, 13.158198253701569], [80.31976632395147, 13.158288673356997], [80.31958178791153, 13.158288184520769], [80.31958153845835, 13.158378604167215], [80.31939700235553, 13.15837811519624], [80.31939675283947, 13.158468534842685], [80.31930448475661, 13.158468290303297], [80.31930423520463, 13.158558709949743], [80.31911969897604, 13.158558220772155], [80.31911944936117, 13.158648640409616], [80.3189349130697, 13.158648151097282], [80.31893466337398, 13.158738570725761], [80.31875012702861, 13.158738081278678], [80.31874987727001, 13.158828500907157], [80.31856534086175, 13.158828011325328], [80.31856509103129, 13.158918430953806], [80.31838055456913, 13.158917941228246], [80.3183803046668, 13.159008360847741], [80.31819576813278, 13.159007870996417], [80.31819551816757, 13.159098290615914], [80.31801098157965, 13.159097800620858], [80.31801073154257, 13.159188220231371], [80.31782619489177, 13.15918773010157], [80.31782594478283, 13.159278149712081], [80.31764140807813, 13.159277659447532], [80.31764115789731, 13.159368079058044], [80.31745662112974, 13.159367588649765], [80.31745637087707, 13.159458008251294], [80.31727183405557, 13.15945751771725], [80.31727158373104, 13.159547937309798], [80.31717931528887, 13.15954769199786], [80.31717906493738, 13.159638111590406], [80.31699452798115, 13.159637620849749], [80.3169942775578, 13.159728040433313], [80.31680974054767, 13.159727549557909], [80.31680949005245, 13.159817969141471], [80.31662495298842, 13.15981747813132], [80.31662470242134, 13.159907897705901], [80.31644016528544, 13.159907406561002], [80.31643991465548, 13.159997826135582], [80.3162553774657, 13.159997334846953], [80.31625512676386, 13.160087754421534], [80.31607058951118, 13.160087262998157], [80.31607033873749, 13.160177682563754], [80.31588580143092, 13.16017719100563], [80.31588555058536, 13.160267610571228], [80.3157010132159, 13.160267118878357], [80.31570076230746, 13.160357538443954], [80.31551622487513, 13.160357046607352], [80.31551597389482, 13.160447466163966], [80.3153314363996, 13.160446974201601], [80.31533118534743, 13.160537393749232], [80.31514664779831, 13.160536901652119], [80.31514639668326, 13.16062732119975], [80.31505412787277, 13.160627075097294], [80.31505387672178, 13.160717494635941], [80.31486933903791, 13.160717002332216], [80.31486908781507, 13.160807421870864], [80.3146845500773, 13.160806929423408], [80.31468429878258, 13.160897348962056], [80.31449976099091, 13.160896856379853], [80.31449950962434, 13.160987275918501], [80.31431497176979, 13.160986783201551], [80.31431472034032, 13.161077202731216], [80.31413018241392, 13.161076709879516], [80.31412993091259, 13.161167129400198], [80.31394539294126, 13.161166636413753], [80.31394514136807, 13.161257055934435], [80.31376060332488, 13.16125656280426], [80.3137603516888, 13.161346982324941], [80.31357581359171, 13.16134648906002], [80.31357556187479, 13.161436908571716], [80.3133910237238, 13.16143641518103], [80.31339077194399, 13.161526834683745], [80.31320623372113, 13.161526341149328], [80.31320598186946, 13.161616760652043], [80.31292917445882, 13.161616020098888], [80.31292942640931, 13.161525600605156], [80.31283715730237, 13.161525353685235], [80.31283740928879, 13.161434934191503], [80.31274514022677, 13.16143468724463], [80.31274539224015, 13.1613442677509], [80.31265312320507, 13.161344020768095], [80.31265337525437, 13.161253601274364], [80.31256110626423, 13.161253354264609], [80.31256135834047, 13.161162934770879], [80.31246908937727, 13.161162687734175], [80.31246934148945, 13.161072268240444], [80.31237707257117, 13.161072021167808], [80.3123773247103, 13.160981601674075], [80.31228505582794, 13.160981354565507], [80.31228530800301, 13.16089093508076], [80.3121930391476, 13.16089068794524], [80.31219354356061, 13.16070984896676], [80.31210127477708, 13.160709601795311], [80.31210152701502, 13.160619182310562], [80.31200925826741, 13.160618935112161], [80.3120095105323, 13.160528515627414], [80.31191724182064, 13.160528268402064], [80.3119177464223, 13.160347429423584], [80.31182547778248, 13.160347182171286], [80.31182573011026, 13.160256762677554], [80.3116411929025, 13.160256268074141], [80.31164144530216, 13.160165848589392], [80.31145690816626, 13.160165353851234], [80.31145665570374, 13.160255773326998], [80.31117984991904, 13.160255030959247], [80.31117959734871, 13.160345450435013], [80.31099506010503, 13.160344955355493], [80.31099480746283, 13.160435374831259], [80.31071800150747, 13.160434631960452], [80.31071774876646, 13.16052505141825], [80.31053321139701, 13.160524556006354], [80.31053295859313, 13.160614975464155], [80.31034842116976, 13.160614479908528], [80.31034816828503, 13.160704899366326], [80.3101636307988, 13.160704403675952], [80.31016337785118, 13.16079482312477], [80.3098865715365, 13.160794079337679], [80.30988631849006, 13.160884498786496], [80.30970178088704, 13.160884002754761], [80.30970152775976, 13.160974422194595], [80.30951699010285, 13.160973926037098], [80.30951673691268, 13.161064345467947], [80.30933219919288, 13.1610638491757], [80.30933194593085, 13.161154268606552], [80.30914740814818, 13.161153772170575], [80.30914715481428, 13.161244191601426], [80.30896261697771, 13.161243695021719], [80.30896236357195, 13.161334114452568], [80.308593287782, 13.161333120897899], [80.30859354131353, 13.161242701485016], [80.30850127240423, 13.161242453011008], [80.30850152597168, 13.161152033598125], [80.3084092570983, 13.161151785097168], [80.30840951069271, 13.161061365684285], [80.30831724185526, 13.161061117156377], [80.30831749548561, 13.160970697734511], [80.3082252266841, 13.160970449179656], [80.30822548034139, 13.160880029766771], [80.30813321157581, 13.160879781167], [80.30813346526902, 13.160789361754116], [80.30804119653939, 13.160789113127395], [80.3080417039887, 13.160608274310611], [80.30794943532194, 13.160608025656941], [80.30794968907804, 13.160517606244058], [80.3078574204562, 13.160517357554454], [80.30785792803128, 13.16033651873767], [80.30776565947232, 13.16033627002112], [80.3077659132913, 13.160245850617219], [80.30767364476827, 13.160245601864734], [80.30767440631506, 13.15997434364405], [80.30758213789983, 13.159974094873597], [80.30758264565458, 13.159793256056814], [80.30749037730223, 13.15979300725043], [80.30749113901969, 13.159521749029746], [80.30739887077513, 13.159521500196412], [80.30739963258243, 13.159250241966745], [80.3073073644367, 13.159249993106462], [80.30730812632483, 13.158978734885778], [80.3072158582869, 13.158978485998546], [80.30721662026487, 13.158707227768879], [80.30712435232574, 13.158706978854697], [80.30712511438456, 13.158435720634014], [80.30703284655323, 13.158435471683898], [80.3070336086929, 13.158164213463214], [80.30694134096937, 13.158163964495134], [80.3069421031899, 13.157892706265468], [80.30684983556517, 13.157892457270437], [80.30685034377807, 13.157711618453654], [80.30675807621623, 13.15771136942269], [80.3067583303586, 13.157620950009807], [80.3066660628327, 13.157620700951894], [80.30666631700204, 13.157530281547993], [80.30657404952105, 13.157530032454149], [80.3065745579136, 13.157349193646349], [80.3064822904955, 13.15734894451657], [80.30648254472771, 13.15725852511267], [80.30639027735452, 13.157258275964926], [80.30639078587284, 13.157077437157126], [80.30629851856253, 13.15707718797345], [80.30629902714374, 13.156896349165649], [80.3062067599053, 13.156896099955024], [80.30620752286242, 13.156624841743323], [80.3061152557228, 13.156624592505747], [80.30611627310978, 13.156262914890146], [80.3060240061049, 13.156262665625622], [80.30602527796663, 13.155810568597136], [80.30593301114142, 13.155810319305663], [80.30593428311992, 13.15535822227718], [80.30584201645641, 13.155357972958754], [80.30584557822262, 13.15409210121432], [80.30556877967834, 13.154091353142267], [80.30556852517664, 13.154181772555152], [80.30538399276588, 13.154181273675757], [80.30538424733047, 13.154090854262874], [80.30519971499159, 13.154090355257717], [80.3052002242555, 13.153909516449916], [80.30510795814894, 13.153909266897932], [80.30510821281234, 13.153818847494032], [80.30501594675069, 13.153818597915096], [80.30501645614038, 13.153637759107296], [80.3049241901416, 13.15363750950141], [80.30492469959417, 13.15345667069361], [80.30483243366727, 13.153456421051793], [80.3048326884205, 13.153366001656876], [80.30474042252953, 13.153365751979125], [80.30474118688805, 13.153094493776408], [80.30464892110489, 13.153094244080691], [80.3046494307371, 13.152913405281874], [80.30455716501682, 13.152913155550225], [80.30455767470295, 13.152732316751408], [80.30446540905453, 13.15273206699281], [80.30446617367355, 13.152460808790092], [80.30437390813292, 13.152460559004544], [80.30437467284177, 13.15218930081081], [80.30446693828358, 13.152189550587375], [80.30446770286667, 13.151918292384657], [80.30437543752367, 13.151918042608093], [80.3043762021966, 13.151646784396393], [80.3042839369614, 13.151646534592878], [80.30428419187632, 13.151556115188978], [80.30409966147779, 13.151555615483135], [80.30410068140701, 13.151193937876517], [80.30400841634248, 13.151193687983172], [80.30400994638902, 13.150651171568754], [80.3039176815311, 13.15065092165744], [80.3039212518403, 13.149385049957923], [80.3035521943131, 13.149384050061146], [80.30355193917359, 13.149474469465046], [80.30327514594735, 13.149473719183138], [80.30327565643299, 13.149292880384321], [80.3031833920961, 13.149292630230464], [80.30318364737934, 13.149202210826564], [80.30309138307838, 13.149201960645756], [80.3030916383796, 13.149111541241856], [80.30299937411458, 13.149111291025118], [80.30300014013497, 13.148840032840367], [80.30290787596877, 13.148839782587695], [80.30290838670592, 13.14865894379786], [80.30281612261159, 13.148658693527222], [80.30281688880265, 13.148387435333488], [80.30272462480714, 13.1483871850359], [80.30272513566108, 13.148206346237084], [80.30263287173742, 13.148206095903562], [80.30263338265424, 13.14802525711373], [80.30254111880244, 13.14802500675326], [80.30254239621576, 13.147572909778674], [80.30245013253464, 13.147572659391255], [80.30245064355029, 13.147391820592437], [80.30235837994104, 13.147391570178069], [80.30235889101955, 13.147210731388235], [80.30226662748217, 13.147210480937934], [80.30226688304388, 13.147120061543017], [80.30217461954244, 13.147119811065766], [80.30217513074672, 13.146938972284916], [80.30208286730814, 13.146938721771733], [80.3020833785753, 13.146757882990881], [80.30199111520861, 13.146757632450749], [80.30199162652967, 13.146576793660914], [80.30189936323484, 13.146576543093833], [80.30190038598475, 13.146214865523147], [80.30180812282467, 13.146214614929116], [80.30180914569137, 13.14585293735843], [80.30171688266601, 13.145852686737449], [80.30171867283771, 13.14521975097303], [80.30162641005491, 13.145219500334083], [80.30162820036134, 13.144586564542713], [80.30125915019134, 13.144585561708446], [80.30125889430624, 13.144675981103363], [80.30107436916286, 13.144675479475126], [80.30107462511982, 13.144585060089192], [80.30098236258856, 13.14458480923465], [80.30098261857249, 13.144494389839732], [80.30089035607715, 13.144494138958239], [80.300890612097, 13.144403719563323], [80.30079834962862, 13.144403468645898], [80.3007986056844, 13.144313049259964], [80.30070634325196, 13.144312798306606], [80.30070685541743, 13.144131959534738], [80.30061459306583, 13.144131708554431], [80.30061484917552, 13.144041289168497], [80.30052258685086, 13.144041038161241], [80.3005230991421, 13.143860199389373], [80.3004308368893, 13.143859948346183], [80.30043160540703, 13.143588690197365], [80.30033934326202, 13.143588439127226], [80.30033985566106, 13.143407600364341], [80.30024759358794, 13.14340734925827], [80.30024861850279, 13.1430456717325], [80.30015635656441, 13.14304542059948], [80.30015712533366, 13.142774162450662], [80.30006486349409, 13.142773911299674], [80.30006563235315, 13.142502653141872], [80.2999733706124, 13.142502401963936], [80.29997413955232, 13.142231143815117], [80.29988187791938, 13.142230892601248], [80.29988418493676, 13.141417118127844], [80.29979192360923, 13.14141686690499], [80.29979371809283, 13.140783931176504], [80.29970145699886, 13.140783679926702], [80.29970196975722, 13.140602841145851], [80.29951744772201, 13.1406023385654], [80.29951796060614, 13.140421499784548], [80.29942569965591, 13.140421248444916], [80.2994259561339, 13.140330829058982], [80.2993336952196, 13.1403305776924], [80.2993342082295, 13.140149738920531], [80.29924194738706, 13.140149487518016], [80.29924246045086, 13.139968648746148], [80.29915019968028, 13.139968397316682], [80.29915096937478, 13.139697139158882], [80.29905870870303, 13.139696887702467], [80.29905947847838, 13.139425629544665], [80.29896721790544, 13.1394253780613], [80.29896798777062, 13.1391541199035], [80.29887572730549, 13.139153868393187], [80.29887675389121, 13.138792190840467], [80.2987844935608, 13.138791939303205], [80.29878577692097, 13.138339842364553], [80.29869351676126, 13.138339590809323], [80.29869557031, 13.13761623568592], [80.29860331041978, 13.137615984103741], [80.29861152444406, 13.134722563268767], [80.29870378324732, 13.134722814797046], [80.29870506633799, 13.134270717723647], [80.29879732497056, 13.13427096920701], [80.29879758155636, 13.134180549785144], [80.29898209876761, 13.134181052644074], [80.29898235527256, 13.134090633222208], [80.2992591310086, 13.134091387259074], [80.29925938741474, 13.134000967837206], [80.29944390450922, 13.134001470354777], [80.29944416084348, 13.133911050923928], [80.29981319492464, 13.133912055563808], [80.29981345112415, 13.133821636123976], [80.30009022660867, 13.133822389253544], [80.3000904827004, 13.133731969804728], [80.30045951656595, 13.133732973501377], [80.30045977252293, 13.133642554052562], [80.30073654784574, 13.133643306472461], [80.3007368037039, 13.13355288701466], [80.30101357893689, 13.133553639129133], [80.30101383468725, 13.133463219662351], [80.30129060983938, 13.133463971480378], [80.30129086549093, 13.133373552013596], [80.30165989890733, 13.133374553958532], [80.30166015442414, 13.133284134482766], [80.30184467107844, 13.133284635257604], [80.30184492652337, 13.133194215772855], [80.30193718482357, 13.133194466106376], [80.30193744023258, 13.133104046621627], [80.30202969849685, 13.133104296919216], [80.30203020924299, 13.132923457940734], [80.30212246744438, 13.132923708202389], [80.30212297810967, 13.13274286922391], [80.30221523623919, 13.132743119449632], [80.30221600213382, 13.132471860959454], [80.30230826016452, 13.132472111149244], [80.3023085154208, 13.132381691646529], [80.30240077342457, 13.132381941800386], [80.30240128387426, 13.13220110280394], [80.30249354180616, 13.132201352921864], [80.302494052175, 13.13202051390745], [80.30258631004402, 13.132020763989443], [80.30258682034099, 13.13183992497503], [80.30267907814712, 13.13184017502109], [80.30267933325968, 13.131749755509391], [80.30277159102988, 13.131750005519518], [80.30277210117414, 13.13156916648714], [80.30286435889045, 13.131569416461334], [80.30286486896284, 13.131388577428954], [80.30295712659829, 13.131388827367216], [80.30295763659883, 13.131207988325853], [80.30304989418038, 13.131208238228181], [80.30305040410006, 13.131027399177837], [80.30314266160975, 13.131027649044233], [80.30314317145758, 13.130846809993887], [80.30323542890437, 13.130847059824351], [80.30323593867135, 13.130666220765022], [80.30332819605528, 13.13066647055057], [80.30332870575039, 13.130485631491242], [80.30342096306244, 13.130485881240856], [80.30342172749282, 13.130214622633897], [80.30323721306632, 13.130214123107717], [80.30323670331732, 13.130394962176029], [80.3031444460412, 13.13039471235455], [80.30314419112626, 13.130485131884212], [80.30305193381422, 13.130484882035782], [80.30305167886335, 13.130575301556464], [80.30295942152435, 13.130575051672102], [80.30295967651114, 13.130484632142437], [80.30259064729886, 13.130483632272611], [80.30259013705577, 13.130664471313972], [80.3024978796988, 13.13066422125893], [80.30249762454133, 13.130754640770627], [80.30222085235363, 13.13075389040787], [80.30222034183207, 13.130934729422284], [80.30212808437628, 13.130934479232494], [80.30212757378285, 13.131115318237924], [80.30185080121787, 13.13111456745296], [80.30184977959983, 13.131476245445853], [80.30175752194641, 13.131475995112332], [80.30175701106553, 13.131656834099795], [80.30148023790765, 13.131656082892622], [80.30147972682016, 13.131836921862119], [80.3016642423875, 13.131837422708823], [80.30166347592693, 13.132108681181036], [80.30138670227498, 13.132107929839114], [80.30138542430471, 13.132560027253874], [80.30129316625604, 13.132559776731707], [80.30129214371273, 13.132921454634769], [80.30119988552931, 13.13292120407667], [80.30119962985081, 13.133011623552436], [80.30110737164044, 13.133011372958403], [80.30110711592602, 13.133101792425187], [80.30119937418131, 13.1331020430282], [80.30119911850281, 13.133192462494984], [80.30101460193833, 13.133191961262003], [80.30101485767972, 13.133101541795222], [80.30092259944239, 13.133101291129325], [80.30092208787879, 13.13328213006289], [80.30036853805062, 13.13328062535784], [80.30036828205772, 13.133371044815638], [80.30027602373056, 13.13337079391618], [80.3002757677107, 13.133461213364996], [80.30018350934762, 13.133460962429604], [80.30018376540342, 13.133370542980789], [80.2999992487491, 13.13337004101119], [80.29999899262145, 13.133460460460006], [80.29972221755017, 13.13345970724959], [80.2997219613237, 13.133550126698406], [80.2995374445616, 13.133549624387449], [80.29953821342964, 13.133278366076933], [80.2994459551564, 13.133278114872047], [80.2994462114727, 13.133187695441197], [80.299538469719, 13.1331879466371], [80.29953872600835, 13.133097527197268], [80.29981550065743, 13.133098280578364], [80.29981601302053, 13.132917441680732], [80.29963149672555, 13.13291693946859], [80.29963175296999, 13.132826520019773], [80.29981626920208, 13.132827022231917], [80.29981652538363, 13.1327366027831], [80.29990878346824, 13.132736853844255], [80.29990852732263, 13.132827273293072], [80.30018530169323, 13.132828026260944], [80.30018555774004, 13.132737606803143], [80.30027781583362, 13.132737857729552], [80.3002780718355, 13.132647438271754], [80.30046258795981, 13.13264794000779], [80.30046284389881, 13.13255752054999], [80.30037058586811, 13.132557269695447], [80.30037084183407, 13.132466850237646], [80.30027858383929, 13.132466599356155], [80.3002783278374, 13.132557018813953], [80.30018606981568, 13.132556767896528], [80.3001863258535, 13.13246634843873], [80.29963277793874, 13.132464842242475], [80.2996325216943, 13.132555261691293], [80.29954026368156, 13.132555010540305], [80.29953975112981, 13.132735849428954], [80.29935523497858, 13.132735347019182], [80.29935497863532, 13.132825766459014], [80.29889368810449, 13.132824509850678], [80.2988939446274, 13.132734090428812], [80.29880168656076, 13.132733839008331], [80.29880194310164, 13.132643419577482], [80.29870968507991, 13.13264316813005], [80.29870994165672, 13.1325527486992], [80.29861768366194, 13.132552497215837], [80.29861742704921, 13.132642916646686], [80.29843291099678, 13.132642413581143], [80.29843239763653, 13.132823252424878], [80.29815562337373, 13.132822497570544], [80.29815536659031, 13.132912916983427], [80.29806310846978, 13.132912665302435], [80.29806362210849, 13.132731826467683], [80.2979713640598, 13.132731574750759], [80.29797187776141, 13.132550735924992], [80.29787961977561, 13.132550484181117], [80.29788039041334, 13.132279225942467], [80.29778813253535, 13.132278974171642], [80.29778864635372, 13.132098135345874], [80.29788090415985, 13.132098387116699], [80.2978821884902, 13.131646290025333], [80.29806670377907, 13.131646793450201], [80.29806644698667, 13.131737212872068], [80.2982509623384, 13.13173771616219], [80.29825121906794, 13.131647296740322], [80.29843573436578, 13.131647799895697], [80.29843547770813, 13.131738219326547], [80.29852773539747, 13.131738470854826], [80.29852747876676, 13.131828890285675], [80.29861973649204, 13.131829141787005], [80.29861999308682, 13.131738722356156], [80.29871225077616, 13.131738973821554], [80.29871250733501, 13.131648554381721], [80.29889702265082, 13.131649057213702], [80.2988972791378, 13.131558637773868], [80.29908179439973, 13.131559140462118], [80.29908205081483, 13.131468721022285], [80.29917430841435, 13.131468972317002], [80.2991748211817, 13.131288133419371], [80.29880579107109, 13.131287128060837], [80.29880604758502, 13.131196708621005], [80.29871379010228, 13.131196457200524], [80.29871353355243, 13.131286876640356], [80.29862127602478, 13.131286625183941], [80.29862153261057, 13.131196205744109], [80.2984370176451, 13.131195702741449], [80.29843676098744, 13.131286122172298], [80.2980677309397, 13.131285115753753], [80.29806747415628, 13.131375535184603], [80.29788295907403, 13.131375031768718], [80.29788347277564, 13.131194192924983], [80.29779121531087, 13.131193941172127], [80.29779198595757, 13.130922682915509], [80.29769972859162, 13.130922431135701], [80.29770101313757, 13.13047033402637], [80.29760875594229, 13.130470082219611], [80.29760901287843, 13.130379662797745], [80.29770127003776, 13.130379914604502], [80.29770152693797, 13.130289495173653], [80.29760926981456, 13.130289243375879], [80.29761055445933, 13.129837146257563], [80.29770281142103, 13.129837398046353], [80.2977025545298, 13.129927817477204], [80.2978870685251, 13.12992832095597], [80.29788732534446, 13.129837901525121], [80.29807183927687, 13.129838404878125], [80.2980715825204, 13.129928824308974], [80.29834835354028, 13.129929579091442], [80.29834809688262, 13.130019998531274], [80.29844035392517, 13.130020250059555], [80.2984406105469, 13.129929830619721], [80.29871738158475, 13.129930585006932], [80.29871763810768, 13.129840165558115], [80.29880989509633, 13.129840416951648], [80.29881040806131, 13.129659578054016], [80.29936394959802, 13.129661085705541], [80.29936420587839, 13.129570666238758], [80.29982549037254, 13.129571921697249], [80.29982574648223, 13.129481502221484], [80.29991800335411, 13.129481753210774], [80.29991851549264, 13.129300914268226], [80.30001077230163, 13.129301165221584], [80.3000112843683, 13.12912032626107], [80.29982677089403, 13.129119824336389], [80.29982728308646, 13.128938985384858], [80.30010405310023, 13.128939738217982], [80.30010430909314, 13.128849318742216], [80.30019656573145, 13.128849569614726], [80.30019682168843, 13.12875915013896], [80.3002890782998, 13.128759400975538], [80.30028959014189, 13.128578562006041], [80.30019733360238, 13.128578311169463], [80.30019758955036, 13.128487891684715], [80.3001053330468, 13.128487640812205], [80.30010558903072, 13.128397221327457], [80.29992107609544, 13.128396719483623], [80.29992133214225, 13.128306300007857], [80.29982907571053, 13.128306049036533]], [[80.29430376604, 13.09239413719152], [80.29430402340732, 13.092303717572022], [80.29458075214352, 13.092304474267902], [80.29458049486601, 13.092394893896381], [80.29430376604, 13.09239413719152]], [[80.30295808333102, 13.09829499142036], [80.302957829, 13.098385411165621], [80.30277333831599, 13.098384912501823], [80.30277359271888, 13.09829449274758], [80.30295808333102, 13.09829499142036]], [[80.30366579859668, 13.109056932285009], [80.30366605289177, 13.108966512593648], [80.30375830219086, 13.10896676182224], [80.30375906495036, 13.108695502748157], [80.30385131415063, 13.108695751940816], [80.30385080571317, 13.10887659132354], [80.30394305497632, 13.10887684048925], [80.30394280078902, 13.108967260180611], [80.30385055148994, 13.108967011023884], [80.3038502972667, 13.109057430715245], [80.30366579859668, 13.109056932285009]], [[80.26123977732813, 13.013003243260714], [80.26124058053877, 13.012731984707653], [80.2614250059961, 13.012732509701072], [80.26142527366711, 13.012642090171408], [80.26151748635985, 13.012642352614218], [80.26151775399492, 13.012551933093537], [80.26179439200126, 13.012552720215355], [80.26179465952853, 13.01246230068569], [80.26465325230265, 13.012470417000214], [80.26465298580844, 13.012560836583779], [80.26511404950568, 13.01256214272522], [80.26511378318214, 13.012652562326748], [80.26539042152086, 13.012653345621743], [80.26539015529615, 13.012743765223272], [80.26566679376063, 13.012744548230806], [80.26566652762574, 13.01283496784132], [80.26585095334359, 13.012835489690634], [80.26585068728058, 13.012925909301147], [80.26612732597862, 13.01292669182359], [80.26612706000543, 13.013017111443087], [80.2662192729407, 13.013017372224013], [80.26621900700346, 13.013107791834527], [80.26631121997467, 13.013108052588503], [80.26631095407335, 13.013198472208], [80.26658759309478, 13.01319925426332], [80.26658732729227, 13.013289673882817], [80.26677175338742, 13.013290195094326], [80.2667714876388, 13.013380614713823], [80.26686370072679, 13.013380875279154], [80.26686343501412, 13.01347129489865], [80.26704786125299, 13.013471815921514], [80.26704759561217, 13.013562235549994], [80.26713980876305, 13.01356249601651], [80.26713954314918, 13.01365291564499], [80.26723175634498, 13.013653176084556], [80.26723149075806, 13.013743595713036], [80.26732370398979, 13.01374385611667], [80.26732343843881, 13.013834275745149], [80.26741565169748, 13.013834536121834], [80.26741538617345, 13.013924955750314], [80.26759981277165, 13.013925476395885], [80.26759954731948, 13.01401589604233], [80.26778397398954, 13.014016416553156], [80.26778370860026, 13.014106836199602], [80.26861362902427, 13.014109176930754], [80.26861336393144, 13.014199596586183], [80.2687055773518, 13.014199856504726], [80.2687058424087, 13.014109436840315], [80.26916690939379, 13.014110735938964], [80.26916664449857, 13.014201155603375], [80.26935107137525, 13.014201675018255], [80.2693513361986, 13.01411125534486], [80.269443549601, 13.014111515002893], [80.26944328481359, 13.014201934676288], [80.26962771169924, 13.014202453893539], [80.26962691751666, 13.014473712922706], [80.26953470397054, 13.014473453327556], [80.26953443921006, 13.01456387300095], [80.26925779849081, 13.014563094008885], [80.26925753362255, 13.014653513673297], [80.26907310642248, 13.014652994177569], [80.26907284148236, 13.01474341384198], [80.2688884142194, 13.014742894211505], [80.2688881492164, 13.014833313866932], [80.26879593555348, 13.014833054002287], [80.26879567051454, 13.014923473657715], [80.26870345682468, 13.014923213757138], [80.26870319174981, 13.015013633412567], [80.268610978024, 13.015013373476055], [80.2686107129132, 13.015103793131484], [80.26851849915147, 13.01510353315904], [80.26851823401371, 13.015193952805486], [80.26833380643635, 13.015193432761786], [80.26833354121774, 13.01528385240823], [80.26824132740211, 13.015283592336973], [80.26824106215656, 13.015374011983418], [80.26787220677726, 13.015372971357026], [80.26787194138798, 13.015463390985506], [80.26722644431925, 13.015461568618203], [80.26722670993311, 13.015371148998709], [80.26676564082801, 13.015369846333748], [80.26676590661255, 13.015279426723236], [80.26667369283285, 13.015279166095022], [80.26667395864435, 13.01518874648451], [80.26648953115682, 13.015188225129268], [80.26648979704018, 13.015097805518755], [80.26639758332337, 13.01509754480071], [80.26639784924265, 13.015007125190198], [80.26621342189885, 13.01500660364631], [80.26621368787204, 13.01491618404478], [80.26612147423607, 13.014915923227921], [80.2661217402452, 13.014825503626392], [80.26602952664517, 13.014825242773599], [80.26602979268124, 13.01473482317207], [80.26575315198893, 13.01473404043403], [80.2657534181328, 13.0146436208325], [80.26556899107646, 13.014643098848438], [80.26556925728322, 13.014552679255893], [80.26510818985797, 13.014551373725306], [80.26510845622641, 13.014460954141743], [80.26483181589343, 13.014460170433523], [80.2648320823607, 13.014369750858943], [80.26446322875108, 13.014368705462497], [80.26446349535308, 13.0142782858969], [80.26418685526265, 13.014277501514943], [80.26418712196349, 13.014187081940364], [80.26381826866827, 13.014186035654586], [80.26381853550384, 13.014095616088989], [80.26344968237932, 13.014094569282188], [80.26344994934065, 13.014004149725574], [80.26326552285924, 13.014003626124545], [80.26326578988346, 13.013913206576914], [80.26298915026914, 13.013912420937316], [80.26298941739216, 13.013822001389686], [80.2627127779036, 13.013821215462627], [80.26271304512545, 13.01373079592398], [80.2625286188776, 13.01373027181091], [80.26252888616233, 13.013639852281246], [80.26234445998634, 13.013639328042412], [80.26234472734293, 13.013548908503765], [80.26216030123881, 13.013548384139167], [80.26216056865829, 13.013457964609502], [80.26188392961888, 13.013457177820062], [80.26188419713718, 13.013366758290397], [80.26179198416595, 13.013366495964368], [80.2617922517112, 13.013276076443686], [80.26160782583166, 13.013275551692812], [80.26160809343978, 13.013185132172131], [80.26151588054043, 13.013184869747288], [80.26151614818448, 13.013094450226607], [80.26133172245765, 13.01309392529607], [80.26133199016459, 13.013003505775389], [80.26123977732813, 13.013003243260714]], [[80.27478588447661, 13.016206173757963], [80.27478641026055, 13.016025334222528], [80.27497083871825, 13.01602584971177], [80.27497031306008, 13.016206689256189], [80.27478588447661, 13.016206173757963]], [[80.27562447776639, 13.013224639215945], [80.27562500282268, 13.01304379959966], [80.27571721596458, 13.013044057002922], [80.27571695346786, 13.013134476811064], [80.27580916664569, 13.013134734187377], [80.27580864171516, 13.013315573803661], [80.27571642847444, 13.013315316427349], [80.27571669097115, 13.013224896619207], [80.27562447776639, 13.013224639215945]], [[80.29467273781401, 13.092395146071448], [80.29467325228815, 13.092214306805507], [80.29494998094349, 13.092215063106128], [80.29495023807726, 13.092124643468665], [80.29522696664276, 13.092125399463859], [80.2952267096168, 13.092215819110304], [80.2951344667227, 13.092215567141851], [80.29513420965182, 13.092305986779312], [80.29504196673076, 13.092305734774927], [80.29504170963294, 13.092396154412388], [80.29467273781401, 13.092395146071448]], [[80.29825019214984, 13.132008974436772], [80.29825070560888, 13.13182813559304], [80.29834296332518, 13.1318283871842], [80.29834244992901, 13.132009226036917], [80.29825019214984, 13.132008974436772]], [[80.29862178918738, 13.13110578631326], [80.29862204577317, 13.131015366873426], [80.29871430319302, 13.131015618320857], [80.29871404664317, 13.13110603776069], [80.29862178918738, 13.13110578631326]], [[80.29982404316866, 13.097472718884369], [80.29982429863156, 13.097382299184023], [80.29991654353788, 13.097382549571442], [80.29991628811091, 13.097472969271786], [80.29982404316866, 13.097472718884369]], [[80.30107133056649, 13.113118823493618], [80.30107184120483, 13.11293798426361], [80.30116409193224, 13.112938234498316], [80.30116383664001, 13.11302865411781], [80.30125608740336, 13.113028904316584], [80.30125583215604, 13.113119323927096], [80.30107133056649, 13.113118823493618]], [[80.30154821333538, 13.140246182004518], [80.30154846903184, 13.140155762582651], [80.30164072991919, 13.140156013149733], [80.30164047426764, 13.140246432580584], [80.30154821333538, 13.140246182004518]], [[80.30190524366058, 13.14449689692091], [80.30190549931213, 13.144406477508026], [80.30209002428484, 13.144406978525408], [80.30208976870514, 13.144497397938292], [80.30190524366058, 13.14449689692091]], [[80.30227454926651, 13.144407479408045], [80.30227480477434, 13.144317059995162], [80.30236706723373, 13.144317310382581], [80.30236681176186, 13.144407729795464], [80.30227454926651, 13.144407479408045]], [[80.30287481382508, 13.127862215781029], [80.30287506878493, 13.127771796233398], [80.30296732508188, 13.127772046099794], [80.30296707014898, 13.127862465647425], [80.30287481382508, 13.127862215781029]], [[80.30293747598739, 13.10561898913352], [80.30293773047113, 13.105528569433176], [80.30302997847663, 13.105528818859398], [80.30302972401985, 13.105619238559742], [80.30293747598739, 13.10561898913352]], [[80.3032904573451, 13.144048554149627], [80.30329071247562, 13.143958134709793], [80.30338297482723, 13.143958384728904], [80.30338271972366, 13.144048804168737], [80.3032904573451, 13.144048554149627]], [[80.30329731014324, 13.10887509565554], [80.30329781898494, 13.108694256290784], [80.30339006817624, 13.108694505645142], [80.3033895593974, 13.10887534501888], [80.30329731014324, 13.10887509565554]], [[80.30339261193562, 13.107790308749497], [80.30339286630259, 13.107699889058136], [80.30348511512555, 13.107700138367576], [80.30348486078556, 13.107790558058937], [80.30339261193562, 13.107790308749497]], [[80.30347901062405, 13.109870210861427], [80.30347926499998, 13.109779791179049], [80.3035715146045, 13.109780040497474], [80.30357126025551, 13.109870460179852], [80.30347901062405, 13.109870210861427]], [[80.3034833347545, 13.108333076216088], [80.3034835891035, 13.108242656524727], [80.30357583812409, 13.108242905807218], [80.30357558382002, 13.10833332549858], [80.3034833347545, 13.108333076216088]], [[80.30366859569895, 13.108062315662071], [80.30366910423523, 13.107881476270366], [80.30376135313007, 13.107881725480992], [80.30376084465667, 13.108062564872696], [80.30366859569895, 13.108062315662071]], [[80.3037598276919, 13.108424243665091], [80.30376059042446, 13.10815298457304], [80.30385283941811, 13.108153233756719], [80.30385207679336, 13.108424492848767], [80.3037598276919, 13.108424243665091]], [[80.30384521238, 13.110865824434669], [80.30384572090729, 13.110684985078896], [80.30393797084419, 13.110685234271555], [80.30393746238875, 13.110866073636311], [80.30384521238, 13.110865824434669]], [[80.30447534779923, 13.14920570998019], [80.30447560259738, 13.149115290558324], [80.30456786689832, 13.149115540245058], [80.30456761212713, 13.149205959666924], [80.30447534779923, 13.14920570998019]], [[80.30502944300359, 13.1490263687538], [80.30502969759512, 13.14893594932295], [80.3051219618332, 13.148936198812056], [80.30512170727759, 13.149026618242905], [80.30502944300359, 13.1490263687538]], [[80.30567605603143, 13.148756856139377], [80.30567631038042, 13.148666436681578], [80.30586083868587, 13.148666935147746], [80.30586058439977, 13.148757354605545], [80.30567605603143, 13.148756856139377]], [[80.30686152244041, 13.153733163828646], [80.30686177645703, 13.153642744397796], [80.30704630852642, 13.15364324219921], [80.30704605458168, 13.153733661639043], [80.30686152244041, 13.153733163828646]], [[80.31370078450112, 13.149592193503368], [80.31370103593059, 13.14950177391082], [80.31379330054594, 13.149502020291754], [80.31379304915241, 13.149592439893283], [80.31370078450112, 13.149592193503368]], [[80.31801216797565, 13.058188386609428], [80.31801241602746, 13.058097966289246], [80.31810464669549, 13.058098209454212], [80.31810514272722, 13.057917368804864], [80.31828960392852, 13.057917855035978], [80.31828935598452, 13.058008275365143], [80.31838158661661, 13.058008518422309], [80.31838084286545, 13.058279779400822], [80.31819638138568, 13.058279293232589], [80.31819662937458, 13.058188872903424], [80.31801216797565, 13.058188386609428]], [[80.32269911702907, 13.098166746268516], [80.32269936415561, 13.098076326145964], [80.3227916097716, 13.098076568367697], [80.322791362672, 13.098166988490249], [80.32269911702907, 13.098166746268516]], [[80.32327036488105, 13.091657947532223], [80.32327061167521, 13.09156752734679], [80.32336285487474, 13.09156776924513], [80.32336260811651, 13.091658189430563], [80.32327036488105, 13.091657947532223]], [[80.33859312898863, 13.053178238781536], [80.33859360992867, 13.052997397314723], [80.3386858390965, 13.05299763305062], [80.33868535821935, 13.053178474526415], [80.33859312898863, 13.053178238781536]], [[80.34122299587818, 13.139446674448692], [80.34122323703093, 13.139356254263257], [80.3413154983854, 13.139356490592043], [80.3413157395022, 13.139266070406608], [80.34140800082075, 13.139266306690477], [80.34140751865002, 13.139447147061345], [80.34122299587818, 13.139446674448692]], [[80.34196755117043, 13.067563838289658], [80.34196826971487, 13.067292576188251], [80.34215273877642, 13.067293045728668], [80.3421520204386, 13.067564307839056], [80.34196755117043, 13.067563838289658]], [[80.2758927186089, 13.016118844980848], [80.27580050432616, 13.016118587577587], [80.27580076684981, 13.016028167787411], [80.27570855261197, 13.0160279103572], [80.27570881516257, 13.015937490567024], [80.2755243867498, 13.015936975607788], [80.27552464937226, 13.015846555817612], [80.27589350608106, 13.015847585601337], [80.2758927186089, 13.016118844980848]], [[80.30037240727421, 13.099282614730678], [80.30037266257541, 13.099192195039317], [80.30046490816446, 13.099192445265038], [80.30046516342973, 13.099102025564694], [80.30055740899182, 13.099102275754484], [80.30055689853315, 13.099283115155172], [80.30037240727421, 13.099282614730678]], [[80.30009950117498, 13.097925568449531], [80.30019174628792, 13.09792581874712], [80.30019098027651, 13.098197077848152], [80.30028322548826, 13.09819732811879], [80.30028297018706, 13.098287747819134], [80.30037521543474, 13.098287998062823], [80.30037470487724, 13.098468837463512], [80.3002824595577, 13.098468587219823], [80.30028194892834, 13.098649426611528], [80.30037419431976, 13.098649676855217], [80.30037393902754, 13.098740096555561], [80.30055842988223, 13.098740596953107], [80.30055817466187, 13.098831016662434], [80.3004659291986, 13.098830766472645], [80.30046541868602, 13.09901160586435], [80.30037317315985, 13.09901135564761], [80.30037342845208, 13.098920935947266], [80.30028118296185, 13.098920685694594], [80.30028169360918, 13.09873984630289], [80.30018944819082, 13.098739596023268], [80.30019046958428, 13.098377917239857], [80.30009822430065, 13.098377666933287], [80.30009847968272, 13.098287247241926], [80.30000623443503, 13.098286996899422], [80.30000674525303, 13.098106157507717], [80.30009899042885, 13.09810640785022], [80.30009950117498, 13.097925568449531]], [[80.3025633909938, 13.107426384797714], [80.30256313633039, 13.107516804480092], [80.30247088759725, 13.107516554847257], [80.30247114229658, 13.107426135164879], [80.3025633909938, 13.107426384797714]], [[80.2758927186089, 13.016118844980848], [80.27598493289166, 13.016119102348178], [80.2759844079701, 13.016299941928528], [80.27589219361549, 13.016299684561199], [80.2758927186089, 13.016118844980848]], [[80.30009950117498, 13.097925568449531], [80.29991501094912, 13.097925067755542], [80.29991552182102, 13.097744228363837], [80.30010001191215, 13.097744729057826], [80.30009950117498, 13.097925568449531]], [[80.30138787404643, 13.099014106280027], [80.30138761912251, 13.099104525989356], [80.30101863682025, 13.099103526218343], [80.3010183817616, 13.09919394592767], [80.30064939936051, 13.099192945617668], [80.30064965455391, 13.099102525917324], [80.30092639124918, 13.099103276190249], [80.30092664634377, 13.099012856489905], [80.30138787404643, 13.099014106280027]], [[80.30148037447853, 13.09892393641913], [80.30148062936651, 13.09883351670082], [80.30157287484775, 13.0988337665223], [80.30157261999571, 13.098924186249594], [80.30148037447853, 13.09892393641913]], [[80.30009541500826, 13.099372283538258], [80.30009567040827, 13.099281863846898], [80.30037240727421, 13.099282614730678], [80.30037215198199, 13.099373034422038], [80.30009541500826, 13.099372283538258]], [[80.30138787404643, 13.099014106280027], [80.30138812897033, 13.098923686561717], [80.30148037447853, 13.09892393641913], [80.30148011959055, 13.09901435613744], [80.30138787404643, 13.099014106280027]], [[80.3025633909938, 13.107426384797714], [80.30256440962943, 13.107064706077185], [80.30247216106696, 13.107064456453333], [80.3024741985089, 13.10634109899431], [80.30238195021593, 13.106340849352494], [80.30238322372158, 13.10588875093162], [80.30229097559929, 13.105888501262854], [80.3022922492307, 13.105436402832998], [80.30238449718232, 13.10543665249278], [80.30238475187267, 13.10534623280142], [80.30266149564665, 13.105346981565175], [80.3026612410641, 13.105437401256538], [80.30275348902468, 13.105437650781573], [80.30275297991348, 13.105618490173278], [80.30284522794594, 13.105618739671366], [80.30284420984032, 13.105980418454775], [80.30293645800752, 13.105980667925914], [80.30293544000969, 13.106342346700341], [80.30311993662258, 13.106342845561768], [80.30311968218376, 13.106433265253129], [80.30321193053064, 13.106433514634436], [80.30321218493351, 13.106343094934092], [80.30348892987531, 13.106343842871397], [80.30348867557124, 13.10643426257174], [80.3035809239181, 13.1064345118183], [80.30357965254147, 13.106886610337988], [80.303671901068, 13.106886859557596], [80.3036708840673, 13.10724853837694], [80.30357863540603, 13.107248289148346], [80.30357939826435, 13.106977030038331], [80.30348714971086, 13.106976780782789], [80.30348816695411, 13.106615101981411], [80.30311917330611, 13.106614104644834], [80.30311891885832, 13.106704524345178], [80.30302667041263, 13.10670427492794], [80.30302616145414, 13.106885114310662], [80.3031184099627, 13.106885363727901], [80.3031179010671, 13.107066203119606], [80.30302565248667, 13.107065953693384], [80.30302438003206, 13.107518052141206], [80.30293213128992, 13.107517802670069], [80.30293187676126, 13.10760822236143], [80.30274737921413, 13.10760772332034], [80.30274763380567, 13.107517303637962], [80.30265538507253, 13.107517054076993], [80.30265563969999, 13.107426634394615], [80.3025633909938, 13.107426384797714]]], [[[80.3017155556118, 13.113663092179795], [80.30180780661769, 13.113663342198905], [80.30180755155902, 13.113753761818401], [80.30171530050822, 13.113753511799292], [80.3017155556118, 13.113663092179795]]], [[[80.30180806168532, 13.11357292257941], [80.30190031265528, 13.113573172553604], [80.30190056768699, 13.113482752934107], [80.30199281862998, 13.113483002881352], [80.30199230864741, 13.113663842129327], [80.30180780661769, 13.113663342198905], [80.30180806168532, 13.11357292257941]]], [[[80.30291736537617, 13.11276214336764], [80.30291711073971, 13.112852563014085], [80.30282486000333, 13.1128523134082], [80.3028251146847, 13.112761893761755], [80.30291736537617, 13.11276214336764]]], [[[80.30338014568206, 13.112220872925503], [80.3033796367505, 13.112401712245344], [80.3032873861848, 13.112401462819122], [80.3032871316831, 13.11249188247455], [80.30319488108147, 13.112491633012397], [80.30319462655281, 13.112582052667824], [80.30310237591523, 13.112581803160754], [80.30310212134167, 13.112672222816183], [80.30300987067714, 13.112671973282163], [80.30300961607662, 13.112762392937592], [80.30291736537617, 13.11276214336764], [80.30291787465805, 13.112581304065765], [80.30301012528665, 13.112581553635717], [80.30301037988716, 13.112491133980289], [80.30310263047981, 13.112491383514309], [80.30310288505339, 13.11240096385888], [80.30319513561909, 13.112401213356968], [80.30319539014775, 13.112310793692556], [80.30328764067752, 13.11231104315471], [80.30328789517922, 13.112220623499281], [80.30338014568206, 13.112220872925503]]], [[[80.30365766026445, 13.111950362004322], [80.30365715155749, 13.112131201342129], [80.30356490108161, 13.112130952014722], [80.3035646466877, 13.112221371679132], [80.30338014568206, 13.112220872925503], [80.30338040013883, 13.112130453261091], [80.30347265060573, 13.112130702651381], [80.30347290503558, 13.11204028298697], [80.30356515547551, 13.11204053235031], [80.30356540986044, 13.111950112676915], [80.30365766026445, 13.111950362004322]]]]}, "id": "+2109+6350", "properties": {"count": 1102864, "water": 1}}, {"type": "Feature", "geometry": {"geodesic": false, "type": "MultiPolygon", "coordinates": [[[[80.27299263909273, 13.124795692456429], [80.27299290491321, 13.124705273483722], [80.27308515946744, 13.124705533995153], [80.27308489367391, 13.124795952976845], [80.27299263909273, 13.124795692456429]]], [[[80.27216128342141, 13.12515502213639], [80.27216101728652, 13.125245441091131], [80.27225327202042, 13.125245701907991], [80.27225353812835, 13.12515528295325], [80.27234579282631, 13.125155543743158], [80.27234605888933, 13.125065124788417], [80.27243831356034, 13.125065385542394], [80.2724388456235, 13.124884547614943], [80.27262335483077, 13.124885069024083], [80.27262282290236, 13.125065906951534], [80.27253056823135, 13.125065646260438], [80.2725303022312, 13.125156065224164], [80.27262255693815, 13.12515632591526], [80.27262229097394, 13.125246744878986], [80.27234552675431, 13.125245962697901], [80.2723452606823, 13.125336381661628], [80.27225300592146, 13.125336120862734], [80.27225273981352, 13.125426539817477], [80.27206823021099, 13.125426018129858], [80.27206902873243, 13.125154761274613], [80.27216128342141, 13.12515502213639]]], [[[80.27225353812835, 13.12515528295325], [80.27216128342141, 13.12515502213639], [80.2721615495563, 13.125064603181647], [80.2722538042273, 13.125064863998507], [80.27225353812835, 13.12515528295325]]], [[[80.27280812993936, 13.124795171316784], [80.27280786404702, 13.124885590289493], [80.27290011865514, 13.12488585087279], [80.27290038451156, 13.12479543190008], [80.27299263909273, 13.124795692456429], [80.2729921074428, 13.124976530401847], [80.27280759815469, 13.124976009262202], [80.27280733225336, 13.125066428225928], [80.27271507758235, 13.125066167606697], [80.27271560943889, 13.124885329670262], [80.27262335483077, 13.124885069024083], [80.27262362078599, 13.124794650051374], [80.27280812993936, 13.124795171316784]]], [[[80.27290038451156, 13.12479543190008], [80.27280812993936, 13.124795171316784], [80.27280839582272, 13.124704752353058], [80.27290065036797, 13.124705012936356], [80.27290038451156, 13.12479543190008]]]]}, "id": "+2124+4895", "properties": {"count": 26, "water": 1}}, {"type": "Feature", "geometry": {"geodesic": false, "type": "Polygon", "coordinates": [[[80.27072738646534, 13.079488945596024], [80.27072844924419, 13.079127268609245], [80.27091292431547, 13.079127789452446], [80.27091318993833, 13.07903737020126], [80.27109766493774, 13.079037890909715], [80.27109793048872, 13.078947471649546], [80.27146688038876, 13.078948512653229], [80.27146714580499, 13.078858093393059], [80.2716516207056, 13.078858613697271], [80.27165188604997, 13.078768194428118], [80.27192859830207, 13.078768974623927], [80.27192886354763, 13.078678555354774], [80.27202110094403, 13.078678815345183], [80.27202136614467, 13.07858839607603], [80.27211360350515, 13.07858865603949], [80.27211386867883, 13.07849823675237], [80.27248281799496, 13.078499276273835], [80.2724830830339, 13.078408856986716], [80.27266755763807, 13.078409376545325], [80.27266782260514, 13.078318957258206], [80.27285229714643, 13.07831947668207], [80.27285256204163, 13.078229057385968], [80.27294479928533, 13.078229317044], [80.27294506414461, 13.078138897738915], [80.27312953856911, 13.078139416965149], [80.2731298033655, 13.078048997660064], [80.27322204054632, 13.078049257219282], [80.2732233643127, 13.077597160675888], [80.27331560133182, 13.077597420199174], [80.27331639546948, 13.077326162256968], [80.2734086323808, 13.077326421735338], [80.27340810303055, 13.077507260363475], [80.27350034001373, 13.077507519814896], [80.27349875209774, 13.078050035690325], [80.27340651490793, 13.078049776229921], [80.27340625021934, 13.07814019554399], [80.27331401300259, 13.078139936047654], [80.27331374826909, 13.078230355352739], [80.2732215110164, 13.078230095829452], [80.27322124625594, 13.078320515125556], [80.27312900897631, 13.078320255566338], [80.27312874417993, 13.078410674871423], [80.27303650686436, 13.078410415267289], [80.2730354475081, 13.078772092460682], [80.27294321006679, 13.078771832820616], [80.27294347494403, 13.078681413524512], [80.27248228791707, 13.078680114848073], [80.27248202286916, 13.078770534135192], [80.27229754800447, 13.07877001443285], [80.27229728289367, 13.078860433710986], [80.27211280797509, 13.078859913873899], [80.27211254279243, 13.078950333152035], [80.27183583032473, 13.078949553135889], [80.27183556503425, 13.079039972405042], [80.27174332752107, 13.079039712333785], [80.27174306219467, 13.079130131602938], [80.27146634955629, 13.079129351182551], [80.27146608413108, 13.079219770442721], [80.27137384655501, 13.079219510236715], [80.27137358109385, 13.079309929496885], [80.27118910586985, 13.079309408977077], [80.27118884034581, 13.079399828237246], [80.27100436506792, 13.079399307582692], [80.27100409947202, 13.079489726833879], [80.27072738646534, 13.079488945596024]]]}, "id": "+2126+5419", "properties": {"count": 123, "water": 1}}, {"type": "Feature", "geometry": {"geodesic": false, "type": "MultiPolygon", "coordinates": [[[[80.26776931754449, 13.144040255405233], [80.26776904939737, 13.144130674135397], [80.26758452602368, 13.144130148495192], [80.26758479423367, 13.144039729774011], [80.26776931754449, 13.144040255405233]]], [[[80.26776904939737, 13.144130674135397], [80.26786131109321, 13.144130936901602], [80.26786157920439, 13.144040518171439], [80.26776931754449, 13.144040255405233], [80.26776958568261, 13.143949836666087], [80.26767732405865, 13.143949573872934], [80.26767759222373, 13.14385915514277], [80.26786211540879, 13.143859680702127], [80.26786238351099, 13.14376926196298], [80.2677701219499, 13.143768999196777], [80.26777039008803, 13.143678580466613], [80.26786265160419, 13.143678843223833], [80.2678631877996, 13.14349800574554], [80.2679554492529, 13.143498268466828], [80.26795571731915, 13.14340784972768], [80.26786345589282, 13.143407587006394], [80.26786399207026, 13.143226749528099], [80.2677717307158, 13.143226486779861], [80.26777387562319, 13.14250313684872], [80.26805065888712, 13.142503924949702], [80.2680509268905, 13.142413506201573], [80.26814318793954, 13.142413768833029], [80.268143455907, 13.142323350084899], [80.26823571693808, 13.142323612680423], [80.26823678864618, 13.141961937660954], [80.26842131043884, 13.141962462744203], [80.26842184614917, 13.141781625220993], [80.26851410697363, 13.141781887708719], [80.26851437478837, 13.141691468942623], [80.26860663558588, 13.141691731394417], [80.26860743893128, 13.141420475096128], [80.26869969962998, 13.141420737511988], [80.26869996737285, 13.141330318736909], [80.26888448869839, 13.141330843460832], [80.26888475637838, 13.141240424685753], [80.26916153828586, 13.141241211529094], [80.26916180585805, 13.14115079274503], [80.2693463270758, 13.141151317136577], [80.26934659457612, 13.141060898343532], [80.26943885515804, 13.1410611604899], [80.26943912262243, 13.140970741696853], [80.26971590426939, 13.140971527920355], [80.26971643898257, 13.140790690334264], [80.26980869947467, 13.1407909523369], [80.26980896679532, 13.140700533543853], [80.2699012272425, 13.140700795510558], [80.26990149453621, 13.140610376708528], [80.26999375495645, 13.140610638648281], [80.26999348769867, 13.140701057450311], [80.27008574815483, 13.140701319354132], [80.27008601537668, 13.14061090054312], [80.27017827580588, 13.140611162419992], [80.27017907735464, 13.140339905995939], [80.27008681702425, 13.14033964412805], [80.2700870842371, 13.140249225326022], [80.27017934453157, 13.140249487184926], [80.2701796117085, 13.140159068373913], [80.27027187196704, 13.14015933020587], [80.27027213910803, 13.140068911394858], [80.27036439933063, 13.140069173181898], [80.2703646664357, 13.139978754370885], [80.27045692663134, 13.139979016121993], [80.27045719370048, 13.139888597310982], [80.2706417140289, 13.13988912071438], [80.27064198102616, 13.139798701894387], [80.27073424115893, 13.13979896354668], [80.27073450812925, 13.139708544726684], [80.2709190283319, 13.139709067932454], [80.27091929522136, 13.139618649103477], [80.27101155530023, 13.139618910656955], [80.27101182215377, 13.139528491818993], [80.27119634223965, 13.139529014818152], [80.27119687581197, 13.139348177151211], [80.27128913579202, 13.139348438596892], [80.27128940253776, 13.13925801975893], [80.27138166249087, 13.139258281168678], [80.27138192920067, 13.139167862330716], [80.27147418911784, 13.13916812370453], [80.27147445579172, 13.139077704857586], [80.27165897556317, 13.139078227506403], [80.27165924216519, 13.138987808659458], [80.27175150201947, 13.138988069934458], [80.27175176859454, 13.138897651087513], [80.27184402841289, 13.138897912317598], [80.27184429495202, 13.138807493470653], [80.27193655474342, 13.138807754673788], [80.27193682124663, 13.13871733581786], [80.27202908100209, 13.138717596985062], [80.27202934746936, 13.138627178129134], [80.27221386691743, 13.138627700355743], [80.27221413331281, 13.138537281499815], [80.27249091240856, 13.138538064588197], [80.27249117870514, 13.138447645723286], [80.27258343837079, 13.138447906683876], [80.27258370462245, 13.138357487818965], [80.27249144499274, 13.138357226858375], [80.27249171128034, 13.13826680798448], [80.27267623048586, 13.138267329869729], [80.27267649670159, 13.138176911004818], [80.2727687562774, 13.138177171893542], [80.27276928864599, 13.137996334136771], [80.27295380765388, 13.137996855815405], [80.27295407376182, 13.137906436932528], [80.27304633323881, 13.137906697722439], [80.2730465993198, 13.13781627883956], [80.27332337765198, 13.137817060993696], [80.27332364362516, 13.137726642101835], [80.27350816246238, 13.137727163376228], [80.27350789655206, 13.137817582268088], [80.27360015600212, 13.137817842851387], [80.27359989012774, 13.13790826175223], [80.27350763064176, 13.13790800115995], [80.27350736473144, 13.13799842005181], [80.27359962425336, 13.13799868064409], [80.2735961676709, 13.139174126202343], [80.27368842763298, 13.139174386785642], [80.27368736413548, 13.139536062326133], [80.27359510403865, 13.139535801733853], [80.27359483812835, 13.13962622061673], [80.27368709825213, 13.139626481209012], [80.27368683237775, 13.139716900091889], [80.27350231204933, 13.139716378880378], [80.27350151419265, 13.139987635511043], [80.27340925392514, 13.139987374846898], [80.27340898794297, 13.140077793720792], [80.27350124823742, 13.140078054384938], [80.27350098227322, 13.140168473267815], [80.27331646162142, 13.140167951894608], [80.27331592955825, 13.140348789642395], [80.27313140878069, 13.14034826813444], [80.27313167487964, 13.140257849260546], [80.27303941452229, 13.140257588461653], [80.27303914838741, 13.140348007326564], [80.27285462761881, 13.14034748562098], [80.27285436142105, 13.140437904485891], [80.27276210100082, 13.1404376435792], [80.27276263346823, 13.14025680585836], [80.27267037312885, 13.14025654492472], [80.2726706393895, 13.140166126068792], [80.27248611877363, 13.140165604102696], [80.27248585244111, 13.140256022958624], [80.27239359210174, 13.140255761926168], [80.2723927929874, 13.140527018475986], [80.27230053254921, 13.140526757407597], [80.2722997333181, 13.140798013948432], [80.27156164906695, 13.140795924134705], [80.27156138238409, 13.140886342972667], [80.27146912182913, 13.140886081589867], [80.27146885510135, 13.140976500418846], [80.27137659451942, 13.140976239009099], [80.27137606100099, 13.141157076667056], [80.27146832166376, 13.141157338076804], [80.271468054936, 13.141247756905782], [80.27137579424627, 13.14124749548705], [80.27137312654632, 13.142151683713953], [80.27146538756843, 13.14215194515065], [80.27146405381276, 13.142604039250626], [80.27137179261999, 13.142603777804947], [80.27137125902969, 13.142784615435954], [80.27118673650939, 13.142784092436795], [80.27118700337192, 13.142693673625782], [80.2710947421432, 13.142693412081288], [80.27109447525373, 13.1427838308923], [80.27072543024008, 13.142782784363977], [80.27072489617368, 13.142963621968034], [80.27054037354557, 13.14296309849277], [80.27054064065064, 13.142872679699725], [80.27044837936803, 13.142872417912685], [80.27044864650004, 13.142781999119638], [80.27035638526235, 13.142781737305649], [80.27035691958926, 13.142600899710574], [80.27026465841446, 13.142600637869634], [80.27026492560935, 13.14251021907659], [80.2698958810718, 13.142509171380457], [80.26989561374216, 13.142599590164519], [80.26961883026264, 13.14259880403983], [80.26961856283418, 13.142689222823893], [80.26934177926483, 13.142688436393778], [80.26934097665605, 13.142959692710033], [80.26943323793867, 13.142959954892332], [80.26943270292004, 13.143140792442491], [80.26934044156557, 13.143140530260192], [80.26934070911082, 13.143050111485113], [80.26897166384563, 13.14304906242354], [80.26896738073225, 13.144495762573284], [80.26878285703516, 13.144495237777495], [80.26878258925636, 13.144585656525624], [80.2685058036119, 13.144584869089396], [80.26850607149849, 13.144494450341266], [80.26832154781039, 13.144493925222084], [80.26832181575988, 13.144403506482938], [80.2681372921526, 13.144402981229007], [80.26813756016497, 13.14431256248986], [80.26804529839727, 13.144312299822472], [80.26804556644556, 13.144221881083324], [80.26776878125925, 13.144221092865562], [80.26776904939737, 13.144130674135397]]]]}, "id": "+2129+4751", "properties": {"count": 1625, "water": 1}}, {"type": "Feature", "geometry": {"geodesic": false, "type": "Polygon", "coordinates": [[[80.2735925769969, 13.077507779230384], [80.27359495843072, 13.076694005349866], [80.27368719511746, 13.07669426472044], [80.27368851790469, 13.076242168087212], [80.27378075442074, 13.07624242741287], [80.27378128345659, 13.0760615887488], [80.27387351990976, 13.076061848038522], [80.27387378439174, 13.075971428706488], [80.27396602080898, 13.075971687951295], [80.2739673430123, 13.075519591273155], [80.27405957926784, 13.07551985048203], [80.27406063686341, 13.075158173117957], [80.2741528729842, 13.075158432281917], [80.2741539304091, 13.074796754899879], [80.27424616640413, 13.074797014027904], [80.27424748796965, 13.074344917277898], [80.274339723794, 13.07434517636101], [80.27434104514391, 13.073893079584053], [80.27443328080658, 13.073893338631233], [80.27443354503703, 13.073802919272248], [80.2743413094103, 13.07380266022507], [80.27434157366771, 13.073712240866085], [80.27443380925851, 13.073712499913263], [80.27443486615338, 13.073350822468342], [80.27452710161842, 13.073351081461622], [80.27452842251917, 13.072898984630768], [80.27462065781353, 13.072899243588115], [80.27462092195415, 13.072808824220147], [80.27452868669573, 13.0728085652628], [80.2745289508723, 13.072718145894832], [80.27462118609478, 13.07271840485218], [80.27462224263033, 13.072356727362342], [80.27480671282378, 13.072357245160255], [80.274806448764, 13.072447664537206], [80.27489868389664, 13.072447923386756], [80.27489841986382, 13.072538342763707], [80.2749906550324, 13.072538601586306], [80.27499012702962, 13.072719440340208], [80.27508236227007, 13.072719699126875], [80.2750818343212, 13.072900537889758], [80.27489736371453, 13.07290002027151], [80.27489630752932, 13.073261697761346], [80.27480407210022, 13.073261438902813], [80.27480301574434, 13.073623116374684], [80.2747107801805, 13.073622857471236], [80.27470998779455, 13.073894115566155], [80.27461775213189, 13.073893856617792], [80.27461669546159, 13.074255534062713], [80.27452445966418, 13.074255275078416], [80.27452340282319, 13.074616952505371], [80.27443116689105, 13.074616693485142], [80.27442984563096, 13.075068790244131], [80.27433760952813, 13.075068531178987], [80.27433681664812, 13.075339789220006], [80.27424458045544, 13.075339530109947], [80.27424352312039, 13.075701207483002], [80.27415128679299, 13.075700948337008], [80.27415049366144, 13.075972206360063], [80.27405825723521, 13.075971947169155], [80.27405746399586, 13.076243205183225], [80.27414970052091, 13.076243464374134], [80.27414943613773, 13.07633388370617], [80.27405719957676, 13.07633362451526], [80.27405640631046, 13.076604882520348], [80.27396416965068, 13.076604623284524], [80.27396284733058, 13.077056719926732], [80.27387061050011, 13.077056460654974], [80.27387034600015, 13.077146879978027], [80.27396258285758, 13.077147139258766], [80.27396205391157, 13.07732797790487], [80.27386981699127, 13.077327718633114], [80.27386955248234, 13.077418137956165], [80.27377731551712, 13.077417878639492], [80.27377678642739, 13.077598717276613], [80.27368454940827, 13.07759845793299], [80.27368481398908, 13.077508038609938], [80.2735925769969, 13.077507779230384]]]}, "id": "+2141+5474", "properties": {"count": 186, "water": 1}}, {"type": "Feature", "geometry": {"geodesic": false, "type": "Polygon", "coordinates": [[[80.27439701352785, 13.149212964397133], [80.27439887422626, 13.148580032567335], [80.27458340121119, 13.148580553491385], [80.27458366695082, 13.14849013464444], [80.27476819387287, 13.148490655433744], [80.2747658027642, 13.149304424993364], [80.27448901146933, 13.149303643719577], [80.27448927725388, 13.1492132248906], [80.27439701352785, 13.149212964397133]]]}, "id": "+2143+4632", "properties": {"count": 33, "water": 1}}, {"type": "Feature", "geometry": {"geodesic": false, "type": "Polygon", "coordinates": [[[80.27417389804445, 13.130947566985498], [80.2741741635595, 13.130857148030756], [80.27454319104703, 13.130858188684096], [80.27454345642732, 13.130767769720372], [80.27482022696212, 13.130768549853297], [80.27482049223462, 13.130678130880588], [80.2750050058706, 13.130678650807507], [80.27500421022376, 13.130949907725634], [80.27509646714954, 13.130950167635195], [80.27509567159254, 13.131221424553322], [80.27518792860815, 13.131221684444917], [80.27518713314099, 13.13149294135406], [80.2752793902644, 13.131493201218705], [80.27527859486909, 13.131764458136832], [80.2753708521003, 13.131764717965545], [80.27537032189666, 13.131945555910962], [80.27546257919973, 13.131945815721709], [80.27546151890023, 13.13230749160356], [80.27555377633804, 13.132307751387359], [80.27555245109842, 13.13275984624192], [80.27536793589042, 13.13275932662941], [80.27536846612999, 13.132578488701958], [80.27527620859335, 13.132578228846295], [80.27527726918031, 13.13221655298241], [80.27518501178741, 13.132216293108781], [80.27518580730847, 13.13194503620862], [80.27509355001439, 13.13194477629906], [80.27509461081694, 13.131583100435174], [80.27500235366658, 13.131582840507646], [80.27500341456795, 13.131221164634777], [80.27491115755234, 13.131220904680301], [80.27491168806141, 13.131040066743866], [80.27481943110868, 13.131039806753456], [80.27481996168063, 13.130858968826004], [80.27472770479977, 13.130858708808645], [80.27472743948235, 13.130949127772372], [80.27417389804445, 13.130947566985498]]]}, "id": "+2145+4829", "properties": {"count": 65, "water": 1}}, {"type": "Feature", "geometry": {"geodesic": false, "type": "Polygon", "coordinates": [[[80.27545886802572, 13.133211681285733], [80.27545939822039, 13.1330308433493], [80.2755516559277, 13.133031103142079], [80.2755513908618, 13.133121522114788], [80.2757359063483, 13.133122041601533], [80.27573511135725, 13.133393298510677], [80.2758273691993, 13.133393558213626], [80.27582630932201, 13.133755234095478], [80.27591856730781, 13.133755493771478], [80.27591750752934, 13.134117169644346], [80.27600976564987, 13.134117429293395], [80.2760081761259, 13.134659943093716], [80.27591591779874, 13.134659683435684], [80.27591697762213, 13.134298007571799], [80.27582471943872, 13.134297747886816], [80.2758257793699, 13.13393607202293], [80.27573352132123, 13.133935812310998], [80.27573405133623, 13.133754974383546], [80.27564179335941, 13.133754714635682], [80.27564258847625, 13.133483457744505], [80.27555033059825, 13.133483197978673], [80.27555112580491, 13.133211941078514], [80.27545886802572, 13.133211681285733]]]}, "id": "+2151+4803", "properties": {"count": 31, "water": 1}}, {"type": "Feature", "geometry": {"geodesic": false, "type": "Polygon", "coordinates": [[[80.27301430649332, 13.022892328515733], [80.2730148338493, 13.022711489141994], [80.27319926717588, 13.022712006149389], [80.27319900356527, 13.02280242584075], [80.27338343696371, 13.022802942722382], [80.27338370051145, 13.022712523031021], [80.27347591718372, 13.02271278142243], [80.27347565367191, 13.02280320111379], [80.27393673721294, 13.022804492576759], [80.27393700055407, 13.022714072876415], [80.27402921723532, 13.022714331070192], [80.27402948054052, 13.022623911360865], [80.27412169719481, 13.022624169518712], [80.27412196046409, 13.022533749809385], [80.27430639370083, 13.02253426601728], [80.2743066569072, 13.022443846307953], [80.27439887349863, 13.022444104358001], [80.2743991366601, 13.02235368463969], [80.27449135321558, 13.02235394266279], [80.27449161635009, 13.02226352294448], [80.27458383287863, 13.022263780931645], [80.27458356978006, 13.022354200649955], [80.27467578634453, 13.022354458610172], [80.27467657552349, 13.022083199437274], [80.27476879198915, 13.022083457352576], [80.27476905501587, 13.021993037625283], [80.27486127144559, 13.021993295513633], [80.27486153443638, 13.021902875777357], [80.27504596724194, 13.021903391446262], [80.27504623016085, 13.021812971709986], [80.274954013794, 13.0218127138935], [80.27495427673988, 13.021722294166207], [80.27504649307977, 13.02172255197371], [80.27504701890862, 13.021541712501156], [80.27513923517665, 13.02154197028171], [80.27513949805963, 13.02145155053645], [80.27504728181856, 13.021451292764878], [80.2750483334493, 13.021089613810789], [80.27523276566197, 13.021090129309014], [80.27523329132913, 13.020909289827477], [80.27532550737259, 13.0209095475182], [80.27532577016574, 13.02081912777294], [80.27551020218975, 13.020819643064552], [80.2755107276503, 13.020638803565049], [80.27569515953957, 13.020639318712933], [80.27569542219797, 13.020548898958689], [80.27578763811566, 13.020549156487714], [80.27578790073814, 13.020458736724489], [80.27624898018284, 13.020460023857577], [80.27624871773105, 13.020550443620804], [80.27634093365772, 13.0205507009522], [80.27633988394936, 13.020912380023072], [80.27643210001078, 13.020912637327518], [80.27643131280811, 13.02118389662618], [80.27633909664787, 13.021183639321734], [80.27633778443384, 13.021635738137865], [80.27615335177201, 13.021635223403207], [80.27615256421899, 13.02190648267492], [80.27606034779825, 13.021906225253693], [80.27606008523865, 13.021996644998952], [80.27596786878198, 13.021996387550775], [80.27596760619544, 13.022086807296034], [80.27578317321921, 13.022086292282898], [80.2757829105608, 13.022176712028159], [80.27559847752168, 13.022176196880276], [80.27559821479142, 13.022266616625537], [80.27550599824491, 13.022266358997696], [80.27550573548768, 13.022356778733972], [80.27541351890524, 13.022356521079184], [80.27541273049883, 13.022627780288014], [80.27532051382656, 13.022627522588309], [80.27531998815043, 13.022808362051878], [80.27513555466214, 13.022807846553652], [80.27513502884229, 13.02298868600824], [80.27495059523723, 13.022988170366284], [80.27495033225543, 13.023078590093577], [80.27485811542145, 13.023078332214208], [80.27485785240373, 13.023168751941503], [80.27458120181198, 13.023167978123734], [80.27458093869544, 13.023258397833061], [80.27439650491073, 13.023257881786863], [80.2743962417223, 13.02334830149619], [80.2742118078747, 13.023347785315245], [80.27421154462341, 13.023438205024572], [80.27393489377116, 13.023437430497134], [80.27393515712127, 13.02334701079679], [80.27384294020645, 13.023346752558096], [80.27384267682041, 13.02343717225844], [80.27365824293688, 13.023436655682236], [80.2736585063858, 13.023346235981892], [80.27356628947997, 13.023345977653365], [80.27356681644967, 13.02316513826166], [80.27338238278175, 13.023164621496809], [80.27338264632948, 13.023074201805448], [80.27329042953144, 13.023073943369123], [80.27329069310613, 13.022983523686745], [80.27310625958192, 13.02298300673325], [80.27310652322848, 13.022892587041888], [80.27301430649332, 13.022892328515733]]]}, "id": "+2155+6048", "properties": {"count": 419, "water": 1}}, {"type": "Feature", "geometry": {"geodesic": false, "type": "Polygon", "coordinates": [[[80.2751385754, 13.14803960233745], [80.27513910644807, 13.147858764625594], [80.27532363292096, 13.14785928499269], [80.27532389837313, 13.147768866127779], [80.27541616158712, 13.147769126261919], [80.27541589616189, 13.147859545117846], [80.27560042265276, 13.147860065278328], [80.27560068800611, 13.147769646413417], [80.27596974087103, 13.14777068633014], [80.27596947565243, 13.147861105204035], [80.2758772124025, 13.147860845276506], [80.27587694714798, 13.147951264141417], [80.2756001572994, 13.147950484143239], [80.27559989194604, 13.14804090300815], [80.27550762863325, 13.148040642936893], [80.27550736324396, 13.148131061801804], [80.27523057321572, 13.1481302813904], [80.27523083870382, 13.148039862534473], [80.2751385754, 13.14803960233745]]]}, "id": "+2156+4640", "properties": {"count": 21, "water": 1}}, {"type": "Feature", "geometry": {"geodesic": false, "type": "Polygon", "coordinates": [[[80.27663570842508, 13.1723666782134], [80.27663597391317, 13.172276259501203], [80.27672824631692, 13.172276519635343], [80.27672798086475, 13.17236693834754], [80.27663570842508, 13.1723666782134]]]}, "id": "+2165+4369", "properties": {"count": 1, "water": 1}}, {"type": "Feature", "geometry": {"geodesic": false, "type": "Polygon", "coordinates": [[[80.27682025330444, 13.172367198445746], [80.2768207841369, 13.17218636101237], [80.27718987364412, 13.172187401072822], [80.27718960836263, 13.172277819794003], [80.27700506353716, 13.17227729983115], [80.27700479819279, 13.17236771855233], [80.27682025330444, 13.172367198445746]]]}, "id": "+2170+4370", "properties": {"count": 6, "water": 1}}, {"type": "Feature", "geometry": {"geodesic": false, "type": "Polygon", "coordinates": [[[80.27762765153595, 13.053828999214266], [80.27762843947524, 13.053557740517476], [80.27772066765493, 13.053557998001587], [80.27772093026843, 13.053467578427005], [80.27799761471766, 13.05346835066374], [80.27799735221197, 13.053558770229337], [80.27808958040065, 13.0535590275787], [80.2780885304767, 13.053920705868038], [80.27818075880012, 13.05392096319045], [80.27818023389653, 13.05410180233961], [80.27799577711494, 13.05410128765885], [80.27799551459128, 13.054191707224447], [80.2778110577468, 13.054191192408942], [80.27781132034234, 13.054100772843345], [80.27771909195603, 13.054100515386185], [80.27771987981447, 13.053829256698377], [80.27762765153595, 13.053828999214266]]]}, "id": "+2175+5683", "properties": {"count": 34, "water": 1}}, {"type": "Feature", "geometry": {"geodesic": false, "type": "Polygon", "coordinates": [[[80.27986735924773, 13.171652412926761], [80.27986788781644, 13.171471575358636], [80.28014470432701, 13.171472352122878], [80.28014391177938, 13.17174360848405], [80.27995936723238, 13.171743090668171], [80.27995963148979, 13.171652671884107], [80.27986735924773, 13.171652412926761]]]}, "id": "+2202+4378", "properties": {"count": 8, "water": 1}}, {"type": "Feature", "geometry": {"geodesic": false, "type": "MultiPolygon", "coordinates": [[[[80.28062346386517, 13.13385911244524], [80.28053120574462, 13.133858854458074], [80.28053146899592, 13.133768435395533], [80.28062372708052, 13.1337686933827], [80.28062346386517, 13.13385911244524]]], [[[80.28089787007006, 13.134673657807907], [80.28099012849603, 13.134673915687275], [80.28098986539746, 13.134764334749816], [80.28108212385935, 13.134764592593251], [80.28108133463547, 13.135035849789856], [80.28117359320518, 13.135036107606343], [80.28117438233024, 13.134764850409738], [80.28126664079214, 13.134765108181309], [80.28126585177488, 13.135036365386897], [80.28135811034457, 13.1350366231405], [80.28135732140815, 13.135307880346089], [80.28117280406215, 13.135307364802946], [80.28117201490116, 13.135578621990568], [80.28107975612484, 13.135578364165099], [80.28108028230405, 13.135397526040018], [80.28098802359959, 13.135397268187598], [80.28098881295821, 13.135126010999977], [80.2808965543526, 13.135125753120608], [80.28089787007006, 13.134673657807907]]], [[[80.28062346386517, 13.13385911244524], [80.28071572198571, 13.133859370405457], [80.2807154587973, 13.133949789467998], [80.28080771695377, 13.133950047392283], [80.28080666430792, 13.134311723651427], [80.28089892260812, 13.134311981557746], [80.28089787007006, 13.134673657807907], [80.2808056116441, 13.134673399901589], [80.28080640114645, 13.134402142713967], [80.2807141428193, 13.134401884780699], [80.28071493241148, 13.134130627593079], [80.28062267419213, 13.134130369632862], [80.28062346386517, 13.13385911244524]]]]}, "id": "+2206+4795", "properties": {"count": 40, "water": 1}}, {"type": "Feature", "geometry": {"geodesic": false, "type": "MultiPolygon", "coordinates": [[[[80.28163067980913, 13.136484101312128], [80.28163094271906, 13.136393682249588], [80.2817232018008, 13.136393939895395], [80.28172293893577, 13.136484358957935], [80.28163067980913, 13.136484101312128]]], [[[80.28163067980913, 13.136484101312128], [80.28163041690817, 13.136574520374669], [80.28153815775457, 13.13657426269293], [80.28153789480871, 13.13666468175547], [80.28144563561916, 13.136664424037798], [80.28144589860096, 13.136574004975259], [80.28135363945636, 13.136573747230637], [80.28135442847362, 13.136302490051998], [80.2812621694278, 13.136302232271445], [80.28126348459732, 13.135850136976709], [80.28117122572219, 13.135849879178188], [80.2811717518385, 13.135669041053108], [80.28126401065074, 13.135669298851628], [80.28126374762404, 13.13575971791417], [80.2814482653114, 13.135760233412395], [80.28144695049224, 13.13621232873408], [80.2815392095111, 13.136212586442769], [80.28153842069146, 13.136483843630389], [80.28163067980913, 13.136484101312128]]]]}, "id": "+2213+4774", "properties": {"count": 24, "water": 1}}, {"type": "Feature", "geometry": {"geodesic": false, "type": "Polygon", "coordinates": [[[80.28097861359429, 13.07508709995778], [80.28097887547115, 13.074996680473031], [80.2810711116728, 13.074996937175607], [80.28107137351374, 13.07490651769086], [80.28125584586313, 13.07490703097923], [80.28125610762322, 13.074816611485497], [80.28134834377097, 13.074816868080275], [80.2813486055041, 13.074726448595527], [80.28144084161593, 13.074726705154372], [80.28144110331313, 13.07463628566064], [80.281533339398, 13.074636542183553], [80.2815336010503, 13.074546122680838], [80.28171807315714, 13.074546635627847], [80.28171781155875, 13.074637055130562], [80.28162557547388, 13.074636798670532], [80.28162479058886, 13.07490805716071], [80.28153255440519, 13.074907800664748], [80.28153203106467, 13.075088639652211], [80.28143979481811, 13.075088383120315], [80.28143953311192, 13.075178802605064], [80.28125506054693, 13.075178289442457], [80.28125532232498, 13.07508786995771], [80.28097861359429, 13.07508709995778]]]}, "id": "+2216+5450", "properties": {"count": 24, "water": 1}}, {"type": "Feature", "geometry": {"geodesic": false, "type": "Polygon", "coordinates": [[[80.28202333362643, 13.160084745730085], [80.28202491310724, 13.159542232280108], [80.2825785196191, 13.15954377947547], [80.28257799353872, 13.159724617322073], [80.28267026137004, 13.159724875075678], [80.2826699983613, 13.159815293994487], [80.28276226621958, 13.159815551721143], [80.28276200324676, 13.159905970639953], [80.28257746744936, 13.159905455159693], [80.28257720440467, 13.159995874078504], [80.28266947233482, 13.15999613184109], [80.28266920931709, 13.160086550759901], [80.28202333362643, 13.160084745730085]]]}, "id": "+2228+4510", "properties": {"count": 40, "water": 1}}, {"type": "Feature", "geometry": {"geodesic": false, "type": "Polygon", "coordinates": [[[80.28286849709536, 13.05944964146246], [80.28287006223009, 13.05890712367362], [80.28314675304838, 13.05890789071809], [80.28314623154941, 13.059088729984033], [80.28323846189404, 13.05908898560863], [80.2832371582679, 13.059541083786957], [80.2833293887832, 13.059541339384605], [80.28332860669195, 13.059812598288008], [80.28305191484957, 13.059811831396251], [80.28305217565745, 13.059721411767772], [80.28295994507926, 13.059721156071308], [80.28296072757475, 13.059449897185871], [80.28286849709536, 13.05944964146246]]]}, "id": "+2231+5623", "properties": {"count": 36, "water": 1}}, {"type": "Feature", "geometry": {"geodesic": false, "type": "Polygon", "coordinates": [[[80.28236266062775, 13.170303110590488], [80.28236371397429, 13.169941435220675], [80.28245598562346, 13.169941693252758], [80.28245624891966, 13.169851274405813], [80.28328669351065, 13.169853595140468], [80.28328643051987, 13.16994401400538], [80.28347097385414, 13.169944529359874], [80.28347071092622, 13.170034948233768], [80.28328616752908, 13.17003443287029], [80.28328590452932, 13.170124851726218], [80.28310136106928, 13.170124336227993], [80.28310109800664, 13.17021475508392], [80.28282428272675, 13.170213981589544], [80.28282401955632, 13.170304400436489], [80.28236266062775, 13.170303110590488]]]}, "id": "+2236+4396", "properties": {"count": 44, "water": 1}}, {"type": "Feature", "geometry": {"geodesic": false, "type": "MultiPolygon", "coordinates": [[[[80.2837711724246, 13.161898020014414], [80.28377143507402, 13.16180760108662], [80.28386370370484, 13.16180785845395], [80.28386344109134, 13.161898277381743], [80.2837711724246, 13.161898020014414]]], [[[80.2837711724246, 13.161898020014414], [80.28377090977516, 13.161988438942206], [80.28367864108145, 13.161988181547928], [80.2836783783961, 13.162078600466739], [80.28340157221615, 13.162077828059324], [80.28340183500032, 13.161987409140515], [80.2833095663156, 13.161987151602506], [80.2833098291357, 13.161896732683696], [80.2832175604869, 13.161896475118738], [80.28321808618101, 13.161715637281118], [80.28312581760407, 13.161715379689209], [80.28312608047808, 13.1616249607704], [80.28303381193709, 13.161624703142559], [80.28303460066688, 13.16135344638613], [80.2829423322247, 13.16135318873134], [80.28294259516159, 13.161262769821514], [80.28303486357682, 13.161263027467319], [80.28303617808157, 13.16081093287327], [80.28331298281523, 13.160811705604077], [80.28331245721995, 13.16099254345068], [80.28322018890353, 13.160992285903689], [80.28321966323637, 13.161173123750292], [80.28331193161567, 13.161173381306266], [80.28331088038917, 13.161535056999472], [80.28340314891219, 13.161535314528498], [80.28340262335283, 13.161716152375101], [80.28349489193874, 13.161716409868195], [80.28349462919051, 13.161806828795987], [80.28367916644318, 13.161807343692342], [80.28367890375783, 13.161897762620136], [80.2837711724246, 13.161898020014414]]]]}, "id": "+2236+4496", "properties": {"count": 47, "water": 1}}, {"type": "Feature", "geometry": {"geodesic": false, "type": "Polygon", "coordinates": [[[80.2749919750079, 13.072086504674603], [80.27499250298372, 13.071905665911718], [80.27526920779776, 13.07190644212799], [80.27526947167789, 13.071816022742055], [80.27536170658595, 13.071816281411941], [80.27536197043912, 13.071725862017024], [80.27563867507351, 13.071726637838037], [80.27563893881887, 13.071636218434136], [80.27573117366407, 13.071636476978258], [80.27573143738248, 13.071546057574357], [80.27582367220072, 13.071546316073563], [80.27582393587423, 13.071455896669663], [80.27591617065653, 13.07145615514192], [80.2759164342941, 13.07136573573802], [80.27610090380482, 13.071366252565753], [80.27610116737951, 13.07127583315287], [80.27619340209894, 13.071276091526311], [80.27619392916746, 13.071095252691562], [80.27637839848953, 13.071095769321664], [80.27637866195643, 13.071005349899798], [80.27647089658602, 13.071005608165443], [80.27647116000799, 13.070915188743575], [80.27656339461063, 13.070915446973288], [80.27656365800566, 13.070825027542437], [80.27674812713909, 13.070825543894063], [80.27674839046225, 13.070735124472197], [80.27684062499303, 13.07073538259411], [80.27684088828923, 13.07064496316326], [80.27693312279307, 13.070645221249242], [80.27693338604436, 13.070554801818393], [80.27711785498914, 13.070555317900522], [80.27711811817755, 13.07046489846069], [80.27730258706843, 13.07046541439909], [80.277302850176, 13.070374994959257], [80.27739508459, 13.070375252874559], [80.2773953476706, 13.070284833434727], [80.27748758205766, 13.070285091323077], [80.27748784510234, 13.070194671874262], [80.27767231380457, 13.070195187543167], [80.27767257677739, 13.070104768085368], [80.27776481110156, 13.070105025874906], [80.27776507403844, 13.070014606417105], [80.2779495426149, 13.070015121879399], [80.27794980548892, 13.0699247024216], [80.27813427401148, 13.069925217749146], [80.27813453681362, 13.069834798291348], [80.27822677103897, 13.06983505590122], [80.27822703380518, 13.06974463643444], [80.27831926800359, 13.06974489400838], [80.27831953073385, 13.069654474550582], [80.27850399906778, 13.06965498959965], [80.27850426173516, 13.069564570123884], [80.27859649587069, 13.069564827599011], [80.27859675849317, 13.069474408132228], [80.27878122671031, 13.069474922974685], [80.27878148926091, 13.069384503498918], [80.27887372334253, 13.06938476087523], [80.27887398585722, 13.069294341390481], [80.27905845395757, 13.069294856035308], [80.27905871640039, 13.06920443655056], [80.27924318443786, 13.069204951051656], [80.27924344681779, 13.069114531566907], [80.2793356808006, 13.06911478877254], [80.27933594315358, 13.069024369278807], [80.27952041106529, 13.069024883582275], [80.27952067333743, 13.068934464088542], [80.27961290726634, 13.068934721186377], [80.27961316950254, 13.068844301683662], [80.2799821050924, 13.068845329751605], [80.27998236719385, 13.068754910239907], [80.28035130267592, 13.068755937768863], [80.28035156464263, 13.068665518257164], [80.2807205000259, 13.068666545256113], [80.28072076185785, 13.068576125735431], [80.28108969713331, 13.06857715219539], [80.28108995883052, 13.068486732665727], [80.28136666020401, 13.068487502153616], [80.28136692180242, 13.068397082623951], [80.28173585686228, 13.068398108149664], [80.28173611831694, 13.068307688602033], [80.28228952077649, 13.068309225888978], [80.28228978202453, 13.068218806332364], [80.28247424946014, 13.06821931849784], [80.28247398827497, 13.068309738054454], [80.28256622202422, 13.068309994092276], [80.28256648318244, 13.06821957452668], [80.28275095062703, 13.068220086494525], [80.28275068954068, 13.068310506060124], [80.2833963258932, 13.068312296914524], [80.283396586746, 13.068221877339944], [80.28422669046225, 13.068224177476228], [80.28422590881118, 13.068495436253867], [80.28431814266821, 13.068495691671853], [80.2843168400392, 13.068947789634585], [80.28440907406691, 13.06894804502562], [80.28440777156365, 13.069400142979369], [80.28431553736525, 13.069399887579351], [80.28431527682686, 13.069490307162914], [80.28422304260151, 13.069490051735945], [80.28422200028629, 13.069851730070198], [80.28412976592618, 13.069851474598314], [80.28412872344029, 13.070213152914603], [80.28403648894543, 13.070212897406785], [80.28403466429641, 13.070845834419863], [80.283942429568, 13.07084557886713], [80.28394269027707, 13.07075515929255], [80.28385045558458, 13.070754903703886], [80.2838507163206, 13.07066448413829], [80.28375848166405, 13.070664228513692], [80.283758742436, 13.070573808948096], [80.28366650781538, 13.070573553296548], [80.28366702941318, 13.070392714156371], [80.28348256031568, 13.070392202763447], [80.28348308203924, 13.070211363632252], [80.28339084756236, 13.070211107890874], [80.28339110846007, 13.070120688325277], [80.28329887401911, 13.07012043255695], [80.28329913494377, 13.070030012991353], [80.28320690052976, 13.070029757187093], [80.28320716149035, 13.069939337621495], [80.28311492712128, 13.069939081790286], [80.28311518810881, 13.06984866222469], [80.28302295376668, 13.069848406357547], [80.28302321479015, 13.069757986800933], [80.28293098048395, 13.06975773090684], [80.28293124153437, 13.069667311341243], [80.28283900727308, 13.06966705541122], [80.28283926835944, 13.069576635854606], [80.28265479989976, 13.069576123904726], [80.28265506104898, 13.06948570434811], [80.28256282685958, 13.069485448328255], [80.28256308803576, 13.069395028771641], [80.28247085388227, 13.069394772715853], [80.2824711150854, 13.069304353168222], [80.2822866468503, 13.069303840957831], [80.28228690812529, 13.0692134214102], [80.28210243996205, 13.069212909074045], [80.28210270129993, 13.069122489526414], [80.28201046725424, 13.069122233317911], [80.28201072862805, 13.06903181377028], [80.28154955860622, 13.06903053221573], [80.28154982014173, 13.068940112677083], [80.28099641637064, 13.068938573728254], [80.28099615462853, 13.069028993257918], [80.28053498471448, 13.06902770988877], [80.28053472280168, 13.069118129400469], [80.28025802077241, 13.069117358978332], [80.28025775876078, 13.069207778490028], [80.27998105665067, 13.069207007762465], [80.27998079453126, 13.06929742726518], [80.27970409234028, 13.069296656241171], [80.27970383012206, 13.069387075743887], [80.27942712784126, 13.06938630441445], [80.2794268655242, 13.0694767238992], [80.27924239728011, 13.069476209514885], [80.2792421348912, 13.069566628999633], [80.27914990073772, 13.069566371758068], [80.27914963831287, 13.069656791242817], [80.278965169952, 13.06965627665189], [80.27896490745529, 13.069746696127655], [80.27878043903154, 13.06974618140198], [80.27878017647194, 13.069836600877746], [80.27868794222861, 13.069836343465502], [80.27868767962411, 13.069926762941266], [80.27850321108357, 13.06992624800898], [80.27850294841619, 13.07001666747576], [80.27841071410998, 13.070016409955718], [80.27841045140666, 13.070106829422501], [80.27822598274037, 13.070106314283601], [80.27822571996518, 13.070196733750384], [80.27804125123599, 13.070196218476736], [80.27804098839792, 13.070286637934537], [80.27794875400188, 13.070286380243813], [80.2779484911189, 13.070376799701613], [80.27785625669593, 13.07037654198394], [80.27785599378599, 13.070466961432757], [80.27767152486815, 13.070466445889615], [80.27767126188635, 13.070556865329449], [80.27757902740049, 13.07055660751296], [80.27757876438277, 13.070647026952795], [80.27739429534815, 13.07064651120304], [80.27739403225856, 13.070736930642873], [80.27730179770981, 13.070736672718589], [80.27730153459326, 13.07082709215842], [80.27720930000858, 13.070826834198204], [80.2772090368561, 13.070917253629053], [80.27702456763285, 13.070916737609805], [80.27702430439952, 13.071007157040656], [80.27693206976095, 13.071006898972641], [80.27693180650067, 13.07109731840349], [80.27683957182616, 13.071097060308526], [80.27683930852994, 13.071187479730392], [80.2767470738195, 13.071187221599494], [80.27674681048735, 13.071277641021362], [80.27665457574996, 13.071277382854532], [80.2766543123819, 13.071367802276399], [80.27656207761754, 13.071367544073636], [80.27656181421354, 13.071457963495503], [80.27646957941326, 13.071457705256808], [80.27646931597333, 13.071548124669691], [80.2763770811461, 13.071547866404048], [80.27637681767023, 13.071638285816931], [80.27619234794392, 13.071637769168861], [80.27619208439617, 13.071728188572761], [80.27609984950607, 13.07172793019932], [80.2760995859224, 13.071818349612203], [80.27600735100535, 13.071818091202829], [80.27600708738574, 13.071908510606729], [80.27591485243275, 13.071908252161421], [80.27591458877721, 13.071998671565321], [80.2758223537883, 13.071998413084081], [80.2758220901058, 13.072088832487982], [80.27572985508993, 13.07208857397081], [80.27572959136253, 13.072178993365727], [80.27563735631074, 13.072178734821604], [80.27563682879305, 13.072359573611438], [80.27554459367836, 13.072359315022402], [80.27554432988808, 13.072449734417317], [80.27535985959584, 13.072449217140427], [80.27536012345799, 13.072358797754493], [80.2752678883433, 13.072358539066641], [80.27526815224138, 13.072268119680707], [80.27517591716263, 13.072267860965907], [80.27517618108766, 13.072177441579973], [80.27508394605381, 13.072177182838221], [80.2750842100058, 13.072086763452287], [80.2749919750079, 13.072086504674603]], [[80.28302399783362, 13.069486728122108], [80.28302451985361, 13.069305888990915], [80.28311675398913, 13.069306144849074], [80.28311649301058, 13.06939656441467], [80.28320872718203, 13.069396820236896], [80.2832082052878, 13.069577659368091], [80.28311597105346, 13.069577403545864], [80.28311623203203, 13.069486983980267], [80.28302399783362, 13.069486728122108]]]}, "id": "+2243+5520", "properties": {"count": 829, "water": 1}}, {"type": "Feature", "geometry": {"geodesic": false, "type": "MultiPolygon", "coordinates": [[[[80.28481994523308, 13.150236799479272], [80.28472768091417, 13.150236542677883], [80.2847279429707, 13.150146123651274], [80.28482020726267, 13.150146380443681], [80.28481994523308, 13.150236799479272]]], [[[80.28527838635276, 13.151232692392634], [80.28537065105795, 13.15123294901436], [80.28537038921701, 13.151323368049951], [80.28527812447588, 13.151323111428225], [80.28527838635276, 13.151232692392634]]], [[[80.28481994523308, 13.150236799479272], [80.28491220956099, 13.15023705624473], [80.28491194756734, 13.15032747528032], [80.28500421193117, 13.150327732018829], [80.28500368800674, 13.150508570081028], [80.28509595243345, 13.150508826792587], [80.28509569051167, 13.150599245819194], [80.2851879549743, 13.15059950249482], [80.28518638356037, 13.151142016708366], [80.28500185422185, 13.151141503303215], [80.28500290211561, 13.150779827178818], [80.2849106375811, 13.150779570431325], [80.28491089958374, 13.150689151404718], [80.28481863509414, 13.150688894630278], [80.28481889712373, 13.150598475603669], [80.28491116158638, 13.15059873237811], [80.28491168557368, 13.150417894315911], [80.2848194211829, 13.150417637541471], [80.28481994523308, 13.150236799479272]]], [[[80.28518638356037, 13.151142016708366], [80.28527864822962, 13.151142273357042], [80.28527838635276, 13.151232692392634], [80.28518612164756, 13.151232435734974], [80.28518638356037, 13.151142016708366]]]]}, "id": "+2252+4614", "properties": {"count": 24, "water": 1}}, {"type": "Feature", "geometry": {"geodesic": false, "type": "Polygon", "coordinates": [[[80.28499530421884, 13.153401978824679], [80.28499635230125, 13.153040302763163], [80.28527314842904, 13.153041072942756], [80.28527288651624, 13.15313149196038], [80.28545741734597, 13.15313200524875], [80.28545715549603, 13.153222424266374], [80.28554942094684, 13.153222680861152], [80.28554889730987, 13.153403518914368], [80.28564116283252, 13.153403775482197], [80.2856409010365, 13.153494194499821], [80.28554863548689, 13.153493937931993], [80.28554837365493, 13.1535843569586], [80.28527157689832, 13.153583587048503], [80.28527131497653, 13.153674006066128], [80.28517904935507, 13.153673749363552], [80.28517931132177, 13.15358333035491], [80.28508704573622, 13.153583073616401], [80.28508756972353, 13.153402235590136], [80.28499530421884, 13.153401978824679]]]}, "id": "+2257+4582", "properties": {"count": 32, "water": 1}}, {"type": "Feature", "geometry": {"geodesic": false, "type": "MultiPolygon", "coordinates": [[[[80.28573604580338, 13.152499841703099], [80.28582831098467, 13.152500098181095], [80.28582804928746, 13.152590517216685], [80.28573578406125, 13.15259026073869], [80.28573604580338, 13.152499841703099]]], [[[80.28573604580338, 13.152499841703099], [80.2856437806131, 13.152499585189169], [80.28564404238217, 13.152409166153578], [80.28555177722782, 13.1524089096127], [80.28555203903282, 13.152318490577109], [80.28545977391441, 13.152318234000298], [80.2854605594013, 13.15204697691149], [80.28555282442089, 13.152047233479319], [80.28555387156905, 13.151685557345939], [80.2856461364539, 13.151685813877833], [80.28564587470281, 13.151776232913425], [80.28592266945618, 13.151777002311482], [80.28592136116777, 13.152229097516386], [80.28601362625923, 13.152229353931501], [80.28601336463389, 13.152319772967092], [80.28610562976128, 13.152320029346274], [80.2861053681629, 13.152410448390848], [80.28628989848956, 13.152410961050398], [80.28629094459566, 13.152049284863118], [80.28638320962425, 13.152049541134502], [80.28638242515247, 13.15232079828619], [80.28656695542523, 13.152321310739127], [80.2865661711331, 13.152592567890817], [80.2864739058979, 13.152592311673331], [80.28647364442527, 13.152682730717906], [80.28601231809658, 13.152681449127423], [80.28601284137422, 13.152500611047257], [80.28592057617496, 13.152500354632142], [80.2859210995065, 13.15231951656096], [80.28582883438807, 13.152319260109913], [80.28582857269086, 13.152409679145505], [80.28573630753651, 13.152409422667507], [80.28573604580338, 13.152499841703099]]]]}, "id": "+2261+4597", "properties": {"count": 60, "water": 1}}, {"type": "Feature", "geometry": {"geodesic": false, "type": "Polygon", "coordinates": [[[80.28598775998928, 13.129262640853844], [80.2859882823147, 13.129081802450285], [80.28644956456307, 13.129083081830913], [80.2864498255506, 13.128992662615659], [80.28654208197332, 13.12899291839297], [80.28654103813096, 13.129354595245003], [80.28663329468844, 13.129354850995364], [80.28663199002024, 13.12980694706265], [80.28653973329209, 13.129806691303306], [80.28653947231352, 13.129897110509578], [80.28626270204823, 13.129896343024932], [80.2862629631256, 13.129805923827643], [80.28617070639744, 13.129805667933551], [80.28617201191905, 13.129353571920165], [80.28607975537057, 13.129353315999122], [80.28608001650183, 13.129262896801835], [80.28598775998928, 13.129262640853844]]]}, "id": "+2270+4848", "properties": {"count": 46, "water": 1}}, {"type": "Feature", "geometry": {"geodesic": false, "type": "Polygon", "coordinates": [[[80.28997634355929, 13.153867892247659], [80.2899766037653, 13.153777473140202], [80.2904379325464, 13.153778747723827], [80.29043819258172, 13.153688328598404], [80.290530458302, 13.15368858341452], [80.29053071831038, 13.15359816429808], [80.29062298400372, 13.15359841907826], [80.29062324396718, 13.153507999952838], [80.29071550963356, 13.153508254697085], [80.29071576956109, 13.153417835571663], [80.29080803519155, 13.153418090288962], [80.29080829509212, 13.153327671154557], [80.29090056068665, 13.153327925835923], [80.2909008205423, 13.153237506701517], [80.29108535168643, 13.153238015947469], [80.29108561147024, 13.153147596813064], [80.29127014255148, 13.153148105924267], [80.2912704022724, 13.153057686789861], [80.2913626677771, 13.153057941291564], [80.29136240809211, 13.153148360434953], [80.29145467363273, 13.153148614909707], [80.29145441398369, 13.153239034053096], [80.29163894514578, 13.153239542903789], [80.2916386855596, 13.153329962047177], [80.2917309511721, 13.153330216423116], [80.29173069161288, 13.153420635566505], [80.29182295727028, 13.153420889915495], [80.29182243821472, 13.153601728211255], [80.291914703944, 13.153601982524313], [80.29191392545499, 13.153873239963461], [80.2920061912741, 13.153873494249568], [80.29200593181369, 13.153963913401942], [80.29191366594968, 13.15396365910685], [80.2919126279284, 13.15432533568939], [80.29200489392716, 13.154325589984479], [80.29200359652633, 13.154777685701422], [80.29191133036586, 13.15477743139735], [80.29191055179601, 13.155048688809549], [80.29181828553673, 13.155048434460559], [80.29181776641829, 13.15522927272937], [80.29163323375602, 13.155228763932577], [80.2916334933871, 13.155138344807154], [80.29144896080567, 13.155137835875614], [80.29144922049963, 13.155047416750191], [80.29135695424934, 13.155047162239505], [80.29135721397026, 13.154956743114083], [80.29126494775589, 13.154956488567464], [80.29126520751274, 13.154866069442042], [80.2910806751469, 13.15486556025897], [80.29108093497561, 13.154775141142531], [80.29080413654813, 13.154774377125383], [80.29080439646667, 13.154683958008944], [80.29071213036909, 13.154683703273678], [80.29071265027805, 13.1545028650408], [80.29062038423437, 13.154502610269603], [80.29062116418763, 13.154231352920284], [80.29025210047105, 13.154230333548032], [80.29025236058722, 13.154139914440577], [80.29016009469626, 13.154139659516666], [80.29016035483937, 13.154049240400226], [80.29006808898434, 13.154048985449364], [80.29006860934246, 13.153868147234453], [80.28997634355929, 13.153867892247659]]]}, "id": "+2323+4582", "properties": {"count": 291, "water": 1}}, {"type": "Feature", "geometry": {"geodesic": false, "type": "Polygon", "coordinates": [[[80.29151888900013, 13.162914133151421], [80.2915207077562, 13.162281199614823], [80.2917052456826, 13.16228170876196], [80.29170576517834, 13.162100870591964], [80.29179803407867, 13.162101125111633], [80.29179829378161, 13.162010706022143], [80.2922596381395, 13.162011978117434], [80.29225885951574, 13.16228323540387], [80.29235112849692, 13.16228348972591], [80.29235086898261, 13.162373908824383], [80.29225859997449, 13.16237365449336], [80.29225782132379, 13.162644911770812], [80.2923500904397, 13.162645166101836], [80.29234983091642, 13.16273558520031], [80.2921652926217, 13.162735076493346], [80.29216503303553, 13.162825495582837], [80.29198049467793, 13.16282498675011], [80.29198023501989, 13.162915405830617], [80.29151888900013, 13.162914133151421]]]}, "id": "+2333+4483", "properties": {"count": 71, "water": 1}}, {"type": "Feature", "geometry": {"geodesic": false, "type": "Polygon", "coordinates": [[[80.29219072293924, 13.153874002731952], [80.29219176051136, 13.153512326122465], [80.2922840262047, 13.153512580300774], [80.2922837668521, 13.15360299946213], [80.29237603258137, 13.15360325361349], [80.29237577325571, 13.153693672765861], [80.2924680390299, 13.153693926890272], [80.29246777973118, 13.153784346042643], [80.29265231134244, 13.153784854183668], [80.29265179287978, 13.153965692506379], [80.29274405876176, 13.153965946531974], [80.29274379956186, 13.154056365693329], [80.2928360654708, 13.154056619691975], [80.29283528796994, 13.15432787717604], [80.29292755398667, 13.154328131138755], [80.29292677656666, 13.15459938862282], [80.29283451045112, 13.154599134651123], [80.29283321454149, 13.155051230439932], [80.29274094825526, 13.155050976423318], [80.2927406890374, 13.155141395584675], [80.29292522167273, 13.155141903581967], [80.29292496251776, 13.155232322734339], [80.29301722886686, 13.15523257668807], [80.29301696974782, 13.155322995849424], [80.29292470335379, 13.155322741895693], [80.29292418503486, 13.155503580200438], [80.29301645149177, 13.155503834163152], [80.29301619236374, 13.155594253315524], [80.2929239258709, 13.15559399935281], [80.29292366670694, 13.155684418514165], [80.29255460063678, 13.155683402339916], [80.29255485993548, 13.155592983187544], [80.29246259345163, 13.155592729063132], [80.29246285278627, 13.155502309919743], [80.29237058634733, 13.155502055768384], [80.2923713644321, 13.155230798329235], [80.29255589712133, 13.155231306596022], [80.29255615641105, 13.155140887452633], [80.2923716237847, 13.155140379185847], [80.29237421726585, 13.154236187689076], [80.29228195129403, 13.154235933528733], [80.29228298876733, 13.153874256919245], [80.29219072293924, 13.153874002731952]]]}, "id": "+2333+4577", "properties": {"count": 117, "water": 1}}, {"type": "Feature", "geometry": {"geodesic": false, "type": "MultiPolygon", "coordinates": [[[[80.3000644974935, 13.110313061081534], [80.2999722477722, 13.11031281050547], [80.29997250343273, 13.110222390894956], [80.30006475312707, 13.110222641471022], [80.3000644974935, 13.110313061081534]]], [[[80.30024746352986, 13.110856079815893], [80.30033971345776, 13.110856330302127], [80.30033894682651, 13.111127589133664], [80.3004311968622, 13.111127839601933], [80.30043043030282, 13.111399098433472], [80.30052268044633, 13.111399348865806], [80.30052191397678, 13.111670607697343], [80.3006141642191, 13.111670858102729], [80.3006131423675, 13.11203253654478], [80.30070539274456, 13.112032786923216], [80.30070488187265, 13.112213626144241], [80.30061263142373, 13.112213375765805], [80.3006128868956, 13.112122956155293], [80.30052063648262, 13.112122705740925], [80.30052114748926, 13.111941866528882], [80.30042889714814, 13.11194161607858], [80.30042991926025, 13.111579937645512], [80.30033766905387, 13.111579687177246], [80.30033818016831, 13.111398847965203], [80.3002459300338, 13.111398597461003], [80.30024695237049, 13.111036919027935], [80.30015470237072, 13.111036668505768], [80.30015495798634, 13.110946248895257], [80.30024720795018, 13.110946499426406], [80.30024746352986, 13.110856079815893]]], [[[80.3000644974935, 13.110313061081534], [80.30015674722377, 13.11031331163065], [80.30015623601949, 13.110494150851675], [80.30024848582163, 13.110494401364859], [80.30024746352986, 13.110856079815893], [80.30015521359297, 13.110855829293726], [80.30015598041285, 13.110584570462189], [80.30006373058377, 13.110584319913073], [80.3000644974935, 13.110313061081534]]]]}, "id": "+2416+5056", "properties": {"count": 33, "water": 1}}, {"type": "Feature", "geometry": {"geodesic": false, "type": "Polygon", "coordinates": [[[80.30877554438285, 13.162147392498982], [80.30877731873521, 13.161514456581848], [80.30896185676941, 13.161514953296303], [80.30896211017517, 13.161424533874436], [80.30923891714563, 13.161425278694587], [80.30923917044359, 13.161334859263738], [80.30942370836102, 13.161335355636831], [80.3094239615961, 13.161244936205982], [80.3097007683869, 13.161245680514094], [80.30970102151419, 13.161155261083243], [80.3098855593238, 13.161155757114978], [80.30988581237922, 13.161065337675144], [80.31016261899934, 13.1610660814802], [80.31016287194696, 13.160975662031383], [80.31034740963982, 13.16097615773074], [80.31034766252455, 13.160885738272942], [80.31062446897398, 13.160886481565957], [80.31062472175093, 13.160796062108158], [80.31080925932699, 13.160796557475138], [80.31080951203207, 13.160706138008356], [80.31108631830185, 13.160706880798315], [80.31108657091708, 13.16061646132255], [80.31127110836738, 13.16061695634817], [80.31127136091077, 13.160526536872405], [80.31164043570357, 13.160527526519404], [80.31164018330392, 13.160617945995169], [80.31173245204255, 13.160618193328316], [80.31173219966985, 13.16070861280408], [80.31182446844441, 13.160708860101296], [80.31182396376191, 13.160889699070793], [80.31191623260833, 13.160889946341058], [80.31191598029851, 13.160980365825807], [80.31200824917188, 13.16098061306014], [80.312007996898, 13.161071032544887], [80.3121002658163, 13.16107127975227], [80.31210001356936, 13.16116169923702], [80.3121922825146, 13.16116194640847], [80.3121920303036, 13.161252365893219], [80.31228429929375, 13.16125261303772], [80.31228379492566, 13.161433452007216], [80.31237606397869, 13.161433699124768], [80.31237581183058, 13.161524118609517], [80.31246808091954, 13.161524365691136], [80.31246782879838, 13.161614785184867], [80.31256009793226, 13.161615032230554], [80.31255984583804, 13.161705451724286], [80.31265211500786, 13.161705698743022], [80.31265186294958, 13.161796118236754], [80.31274413214635, 13.161796365219558], [80.31274388012399, 13.161886784713289], [80.3125593416586, 13.161886290702766], [80.31255908956437, 13.161976710187513], [80.31237455104508, 13.161976216042243], [80.31237429887899, 13.16206663552699], [80.31218976029682, 13.162066141246973], [80.31218950806785, 13.162156560722737], [80.31200496942279, 13.162156066307972], [80.31200471712195, 13.162246485783736], [80.31182017841401, 13.162245991225241], [80.31181992604131, 13.162336410701005], [80.31163538727947, 13.162335916007763], [80.31163513483492, 13.162426335474544], [80.31145059601917, 13.162425840646554], [80.31145034350274, 13.162516260113335], [80.31126580462411, 13.162515765150598], [80.3112655520448, 13.162606184608396], [80.31108101309432, 13.162605689501927], [80.31108076044315, 13.162696108959727], [80.31089622143875, 13.162695613727493], [80.31089596872471, 13.16278603317631], [80.31071142965743, 13.162785537800346], [80.31071117687151, 13.162875957249161], [80.31061890730643, 13.162875709511773], [80.31061865448459, 13.162966128960589], [80.31043411529154, 13.162965633378013], [80.31043386239783, 13.163056052817845], [80.3102493231509, 13.163055557109505], [80.31024907018531, 13.163145976540356], [80.3100645308755, 13.163145480688286], [80.31006427784703, 13.163235900119135], [80.30987973847434, 13.163235404132317], [80.309880244675, 13.1630545652796], [80.309787975065, 13.163054317236785], [80.30978848131956, 13.162873478384068], [80.30969621178144, 13.162873230314302], [80.30969671809888, 13.162692391461587], [80.30960444862363, 13.162692143355889], [80.3096047018138, 13.16260172393402], [80.30951243237449, 13.162601475801374], [80.30951217914838, 13.16269189522324], [80.3092353707496, 13.162691150627667], [80.30923511741571, 13.162781570049534], [80.30914284791352, 13.16278132178214], [80.30914310128334, 13.162690902369256], [80.30905083181709, 13.162690654065928], [80.30905108521385, 13.162600234653045], [80.30895881578353, 13.162599986322768], [80.30895932263098, 13.162419147488018], [80.30886705327252, 13.162418899130792], [80.30886781363353, 13.162147640883157], [80.30877554438285, 13.162147392498982]]]}, "id": "+2543+4500", "properties": {"count": 723, "water": 1}}]}