{"type": "FeatureCollection", "columns": {"count": "Long<0, 4294967295>", "system:index": "String", "water": "Byte<0, 1>"}, "features": [{"type": "Feature", "geometry": {"geodesic": false, "type": "Polygon", "coordinates": [[[78.7510329344474, 9.380047913820446], [78.75103468194911, 9.37977677714182], [78.75112568855475, 9.379777355602965], [78.75112627102239, 9.3796869767041], [78.75139929082138, 9.379688711934818], [78.75139987320816, 9.379598333017988], [78.75158188639251, 9.379599489706715], [78.75158130405065, 9.379689868632529], [78.75167231068325, 9.379690446949942], [78.75167056369358, 9.379961583745349], [78.7515795569981, 9.37996100540997], [78.75157897463826, 9.380051384335783], [78.75139696121137, 9.380050227593157], [78.75139637879764, 9.380140606509988], [78.75112335863932, 9.38013887119842], [78.7511239411339, 9.380048492299556], [78.7510329344474, 9.380047913820446]]]}, "id": "+5308+6242", "properties": {"count": 31, "water": 1}}, {"type": "Feature", "geometry": {"geodesic": false, "type": "Polygon", "coordinates": [[[78.75149262685737, 9.379327774602878], [78.751494373865, 9.379056637825437], [78.75176739324179, 9.379058372651913], [78.75176797549382, 9.378967993708134], [78.75213200131456, 9.37897030646575], [78.75213258346778, 9.378879927495019], [78.75222358992072, 9.378880505623787], [78.75222300778546, 9.378970884594516], [78.75231401426535, 9.378971462696335], [78.7523122679135, 9.379242599626489], [78.75240327446524, 9.379243177728306], [78.75240211024864, 9.379423935687731], [78.75249311685428, 9.379424513780565], [78.75249137055633, 9.379695650728685], [78.75230935721027, 9.3796944944981], [78.75230877505705, 9.37978487346883], [78.75212676168405, 9.379783717130447], [78.75212617946795, 9.379874096092193], [78.75185315939048, 9.379872361391481], [78.75185374166946, 9.3797819824477], [78.75176273500992, 9.379781404175203], [78.75176448189178, 9.37951026736183], [78.75158246872539, 9.379509110771918], [78.75158363338218, 9.379328352920291], [78.75149262685737, 9.379327774602878]]]}, "id": "+5315+6250", "properties": {"count": 79, "water": 1}}, {"type": "Feature", "geometry": {"geodesic": false, "type": "Polygon", "coordinates": [[[78.7524649443934, 9.369663002950285], [78.75246610734338, 9.369482244883061], [78.75264811538938, 9.369483399784139], [78.75264869681496, 9.369393020741546], [78.75292170885251, 9.36939475290901], [78.75291938342865, 9.369756269160234], [78.75301038754597, 9.369756846525435], [78.75300922483852, 9.369937604655538], [78.75255420406329, 9.369934717542082], [78.7525559484658, 9.36966358042328], [78.7524649443934, 9.369663002950285]]]}, "id": "+5322+6355", "properties": {"count": 27, "water": 1}}, {"type": "Feature", "geometry": {"geodesic": false, "type": "MultiPolygon", "coordinates": [[[[78.75608431288968, 9.358749613800345], [78.75608373302717, 9.358839993112435], [78.7559927315509, 9.358839417202505], [78.75599331144036, 9.3587490378994], [78.75608431288968, 9.358749613800345]]], [[[78.76287705561256, 9.36385400475606], [78.7629680588136, 9.363854579210718], [78.76296690200809, 9.36403533864338], [78.76305790526303, 9.364035913080071], [78.76305559166998, 9.364397431954378], [78.76296458831624, 9.36439685749972], [78.76296632359187, 9.364125718350728], [78.76287532030997, 9.364125143887087], [78.76287705561256, 9.36385400475606]]], [[[78.75617589417458, 9.358659810362251], [78.75617531433902, 9.358750189683324], [78.75608431288968, 9.358749613800345], [78.75608489274322, 9.358659234488256], [78.75617589417458, 9.358659810362251]]], [[[78.75626747540556, 9.358570006888227], [78.75626689560593, 9.358660386209298], [78.75617589417458, 9.358659810362251], [78.75617647399218, 9.35856943104118], [78.75626747540556, 9.358570006888227]]], [[[78.75635905660063, 9.358480203378269], [78.75635847682794, 9.358570582708323], [78.75626747540556, 9.358570006888227], [78.7562680552052, 9.358479627558172], [78.75635905660063, 9.358480203378269]]], [[[78.76071787143657, 9.359953888811349], [78.76062686938538, 9.359953314024315], [78.76062860564018, 9.359682175252614], [78.76053760366085, 9.359681600456597], [78.76053818242742, 9.35959122086603], [78.7601741746718, 9.359588921475346], [78.7601747535282, 9.359498541911728], [78.75999274973125, 9.359497392086132], [78.75999332862358, 9.359407012531497], [78.75990232676104, 9.35940643759175], [78.75990348457266, 9.359225678491464], [78.75999448639028, 9.359226253422229], [78.75999564413004, 9.35904549431296], [78.75990464236631, 9.359044919391179], [78.75990637900739, 9.358773780736259], [78.75981537730654, 9.358773205814478], [78.7598165350912, 9.358592446723176], [78.75972553344425, 9.358591871783426], [78.7597266912469, 9.35841111270111], [78.75963568966282, 9.358410537752377], [78.75963626857312, 9.35832015821571], [78.75954526701601, 9.358319583249012], [78.7595470038008, 9.358048444647991], [78.759273999363, 9.358046719658066], [78.75927457835415, 9.357956340139365], [78.75909257547347, 9.357955190044274], [78.75909199643742, 9.358045569545009], [78.75900099498809, 9.358044994452547], [78.75900157404213, 9.357954614960795], [78.75891057261975, 9.357954039850366], [78.75890999353877, 9.358044419342118], [78.75854598780437, 9.358042118657862], [78.75854540862457, 9.358132498131647], [78.75845440718423, 9.358131922895454], [78.75845382797748, 9.358222302360257], [78.75827182506087, 9.358221151807024], [78.75827240432152, 9.358130772351206], [78.75809040147676, 9.358129621717124], [78.75809098077335, 9.358039242270287], [78.75790897800047, 9.358038091555358], [78.75790955733298, 9.357947712126489], [78.75772755463196, 9.35794656133071], [78.75772697524555, 9.358036940750598], [78.75754497252657, 9.358035789847023], [78.75754439308626, 9.358126169257925], [78.75745339170881, 9.358125593761223], [78.75745281224155, 9.358215973163142], [78.75727080945968, 9.35821482209787], [78.75727022993853, 9.358305201490808], [78.75717922852515, 9.358304625922239], [78.75717864897703, 9.358395005306193], [78.7569056447189, 9.358393278429807], [78.75690506509893, 9.358483657795794], [78.7567230622452, 9.358482506416111], [78.75672248256235, 9.358572885773116], [78.75663148112201, 9.35857231004285], [78.75663206082282, 9.358481930685846], [78.75635905660063, 9.358480203378269], [78.75635963636432, 9.358389824048214], [78.7568146433145, 9.35839270275344], [78.75681522296141, 9.358302323396435], [78.75708822712971, 9.358304050317738], [78.75708880669579, 9.358213670942765], [78.75717980807325, 9.3582142465293], [78.75718038761237, 9.358123867145347], [78.75727138897186, 9.358124442704932], [78.75727254797823, 9.35794368392804], [78.7573635493018, 9.357944259451694], [78.75736412876905, 9.357853880058757], [78.75754613138024, 9.357855031025215], [78.75754671080257, 9.35776465161431], [78.7576377120902, 9.357765227066098], [78.75763829148559, 9.357674847646212], [78.75791129531254, 9.357676573830895], [78.757910715998, 9.357766953259766], [78.75809271862714, 9.357768103947745], [78.75809213934853, 9.357858483385598], [78.75863814752344, 9.357861934910549], [78.75863872666731, 9.35777155542778], [78.75891173076374, 9.357773280857879], [78.75891230982677, 9.357682901366127], [78.75973132222387, 9.357688076344884], [78.75972958564569, 9.357959214981836], [78.75963858417839, 9.357958640060055], [78.75963742638474, 9.35813939913339], [78.75972842790593, 9.358139974073138], [78.75972784902258, 9.358230353609807], [78.75981885057071, 9.358230928531588], [78.75981827171431, 9.358321308077238], [78.7599092732894, 9.35832188297207], [78.75990811559456, 9.35850264208134], [78.75999911722354, 9.35850321696719], [78.75999622299543, 9.358955114758327], [78.76008722475018, 9.358955689644176], [78.76008433049512, 9.35940758745328], [78.76026633425614, 9.359408737215995], [78.76026575543567, 9.359499116788594], [78.76044775925958, 9.359500266470462], [78.76044833803513, 9.359409886888878], [78.76053933993362, 9.359410461693878], [78.760538761185, 9.359500841275462], [78.76062976311044, 9.359501416062498], [78.7606291843798, 9.359591795653063], [78.76072018633218, 9.359592370422133], [78.76071787143657, 9.359953888811349]]], [[[78.76071787143657, 9.359953888811349], [78.76080887349676, 9.359954463580417], [78.76080829478408, 9.360044843179967], [78.76089929686222, 9.360045417931069], [78.76089871816751, 9.360135797530619], [78.76098972028159, 9.360136372263755], [78.76098914160485, 9.360226751872288], [78.76108014374587, 9.360227326587458], [78.76107898641935, 9.36040808582249], [78.76116998861427, 9.360408660519692], [78.76116825264694, 9.360679799390207], [78.7612592549227, 9.360680374078427], [78.76125867627292, 9.360770753704927], [78.76134967858462, 9.360771328384164], [78.7613490999528, 9.360861708019646], [78.76144010229144, 9.360862282671933], [78.7614383664409, 9.361133421578382], [78.76152936885141, 9.361133996230668], [78.76152763301883, 9.361405135155083], [78.76161863551019, 9.361405709798387], [78.7616180569143, 9.361496089442852], [78.76170905942364, 9.361496664077173], [78.7617073236719, 9.361767803019553], [78.7616163210817, 9.36176722837625], [78.76161747830943, 9.361586469087317], [78.76152647577314, 9.36158589443503], [78.76152705440497, 9.361495514790565], [78.76143605189563, 9.361494940120311], [78.76143778781805, 9.361223801213864], [78.76134678538956, 9.361223226534626], [78.76134794268016, 9.361042467272645], [78.76125694030557, 9.361041892584424], [78.76125809762313, 9.360861133331426], [78.76116709530244, 9.360860558625241], [78.76116767397917, 9.360770179007725], [78.76107667168544, 9.360769604283572], [78.7610784077426, 9.360498465440006], [78.76098740552972, 9.36049789070687], [78.76098798422443, 9.360407511098337], [78.76089698203847, 9.360406936347236], [78.76089756075115, 9.360316556747685], [78.76080655860115, 9.360315981978617], [78.76080713733178, 9.360225602379067], [78.76071613519974, 9.360225027601016], [78.76071787143657, 9.359953888811349]]], [[[78.7617073236719, 9.361767803019553], [78.76188932885226, 9.36176895224328], [78.76188817175031, 9.361949711559161], [78.76197917439438, 9.361950286148565], [78.7619780173194, 9.36213104547343], [78.76206902001736, 9.362131620044869], [78.76206786296034, 9.3623123793877], [78.76215886571221, 9.362312953950154], [78.76215770868212, 9.362493713292984], [78.7622487114879, 9.362494287846458], [78.76224755447578, 9.362675047198271], [78.76233855733547, 9.36267562174276], [78.76233682184423, 9.362946760783956], [78.76224581891269, 9.362946186230483], [78.76224697596074, 9.362765426878669], [78.7621559730831, 9.36276485230723], [78.76215713014912, 9.3625840929644], [78.76206612732537, 9.362583518383978], [78.76206728441834, 9.36240275905013], [78.7619762816485, 9.362402184460725], [78.76197743876841, 9.36222142513586], [78.76188643604348, 9.362220850537474], [78.76188759319035, 9.362040091221592], [78.76179659051932, 9.362039516605238], [78.76179716910623, 9.36194913695179], [78.76170616647113, 9.361948562317467], [78.7617073236719, 9.361767803019553]]], [[[78.76233682184423, 9.362946760783956], [78.76242782477577, 9.362947335319461], [78.76242666779959, 9.363128094689241], [78.76233566482313, 9.363127520144753], [78.76233682184423, 9.362946760783956]]], [[[78.76242666779959, 9.363128094689241], [78.76251767079401, 9.363128669215765], [78.76251651383579, 9.363309428594528], [78.76242551080543, 9.363308854068004], [78.76242666779959, 9.363128094689241]]], [[[78.76251651383579, 9.363309428594528], [78.76260751688412, 9.363310003103084], [78.76260693842298, 9.36340038280145], [78.76269794148926, 9.36340095729204], [78.76269736304609, 9.363491336990403], [78.7627883661483, 9.363491911463028], [78.7627872092889, 9.363672670877724], [78.76287821244502, 9.363673245341365], [78.76287705561256, 9.36385400475606], [78.76278605241153, 9.363853430283436], [78.7627866308547, 9.36376305058507], [78.76260462451552, 9.363761901576941], [78.76260635995284, 9.363490762499813], [78.76251535685961, 9.36349018797329], [78.76251651383579, 9.363309428594528]]]]}, "id": "+5396+6485", "properties": {"count": 225, "water": 1}}, {"type": "Feature", "geometry": {"geodesic": false, "type": "Polygon", "coordinates": [[[78.75995547581839, 9.322620775109655], [78.75996008829905, 9.32189773719036], [78.76005108042386, 9.321898309830422], [78.76004935086152, 9.322169449069246], [78.76014034307616, 9.322170021709308], [78.76013976656436, 9.322260401461572], [78.76023075879696, 9.322260974083665], [78.76022787628288, 9.32271287286295], [78.76031886864125, 9.322713445485045], [78.76031713913281, 9.322984584768784], [78.76040813156304, 9.322985157381895], [78.76040640207256, 9.32325629667462], [78.76031540956147, 9.323255724043541], [78.76031656261202, 9.323074964521048], [78.76004358526741, 9.323073246511033], [78.76004646814083, 9.322621347794632], [78.75995547581839, 9.322620775109655]]]}, "id": "+5397+6881", "properties": {"count": 34, "water": 1}}, {"type": "Feature", "geometry": {"geodesic": false, "type": "Polygon", "coordinates": [[[78.76004070225028, 9.32352514520947], [78.76004127886986, 9.323434765475172], [78.76013227139892, 9.323435338187098], [78.76013284799157, 9.323344958443817], [78.76022384050266, 9.323345531128794], [78.76022268738024, 9.323526290633321], [78.76031367994523, 9.323526863309315], [78.76031195027508, 9.323798002575089], [78.7604029429209, 9.3237985752421], [78.76040178982545, 9.323979334764593], [78.76049278252518, 9.32397990742262], [78.76049162945667, 9.324160666945113], [78.7605826222103, 9.324161239594158], [78.76058146915975, 9.324341999134617], [78.76067246196727, 9.324342571765696], [78.76067188545547, 9.324432951544908], [78.76076287828995, 9.32443352415802], [78.76076230179612, 9.324523903937232], [78.76085329465755, 9.324524476532378], [78.76085271819066, 9.324614856320574], [78.76103470397639, 9.324616001456965], [78.76103412754544, 9.324706381254146], [78.76112512046976, 9.324706953795392], [78.76112454405677, 9.32479733359257], [78.76121553700803, 9.324797906115851], [78.76121438420901, 9.324978665728176], [78.76130537721417, 9.324979238242472], [78.76130480082813, 9.325069618048635], [78.76139579386923, 9.325070190544965], [78.7613946411241, 9.325250950175256], [78.7614856342191, 9.325251522653621], [78.76148332874682, 9.32561304193217], [78.76157432194061, 9.325613614410534], [78.76157374558153, 9.325703994234663], [78.76166473880228, 9.32570456669506], [78.76166358612005, 9.325885326352301], [78.76175457938572, 9.325885898803715], [78.76175285038931, 9.326157038303052], [78.76184384373583, 9.326157610745483], [78.7618421147484, 9.326428750262785], [78.76193310817577, 9.326429322696233], [78.7619313792063, 9.326700462222519], [78.76184038571606, 9.326699889762121], [78.76183980935697, 9.326790269595234], [78.76193080287416, 9.326790842064614], [78.76193022653305, 9.326881221897727], [78.7618392329889, 9.326880649437328], [78.76183519828665, 9.327513308251145], [78.76192619199249, 9.327513880765443], [78.76192561560646, 9.327604260598555], [78.76201660933926, 9.327604833085902], [78.76201545659413, 9.327785592770091], [78.76210645038083, 9.327786165248456], [78.76210702673093, 9.327695785397378], [78.76219802049965, 9.327696357848792], [78.7621974441765, 9.32778673769987], [78.76228843797217, 9.327787310133319], [78.76228728534383, 9.32796806984446], [78.76237827919341, 9.327968642259941], [78.76237597396367, 9.328330161700187], [78.76228498002428, 9.328329589257756], [78.76228613269753, 9.328148829555598], [78.76210414491753, 9.32814768462582], [78.76210529766264, 9.327966924932646], [78.76201430383104, 9.3279663524453], [78.76201488021708, 9.327875972603204], [78.76192388641242, 9.32787540009789], [78.76192446281642, 9.327785020264779], [78.7618334690387, 9.327784447741498], [78.76183462187366, 9.327603688084258], [78.76174362815884, 9.327603115551995], [78.76174535743372, 9.327331976079607], [78.76165436379077, 9.327331403529378], [78.76165724592755, 9.326879504426701], [78.76156625240137, 9.326878931894438], [78.76156855810721, 9.326517412624872], [78.76147756467985, 9.326516840083626], [78.76147871754175, 9.326336080453334], [78.76138772416827, 9.326335507903105], [78.76138887704815, 9.32615474829078], [78.76129788373757, 9.326154175731567], [78.76129903664439, 9.325973416119243], [78.76120804337872, 9.325972843551046], [78.76120861984559, 9.325882463744884], [78.76111762660688, 9.325881891158723], [78.76111820309173, 9.325791511361542], [78.76093621668615, 9.325790366126336], [78.76093736972771, 9.325609606558928], [78.76084637657883, 9.325609033909883], [78.76084695311758, 9.32551865413067], [78.7609379462485, 9.325519226770732], [78.76093852275132, 9.325428846982534], [78.76102951586428, 9.325429419595647], [78.761030668816, 9.32524866001027], [78.76093967575694, 9.325248087415126], [78.76093909926311, 9.325338467203322], [78.76084810617711, 9.325337894572245], [78.76084925921867, 9.325157135013818], [78.76094025225078, 9.32515770762693], [78.76094082873563, 9.325067327838735], [78.76084983572149, 9.325066755234605], [78.76085098872713, 9.324885995667197], [78.76075999576689, 9.324885423045101], [78.76076057228767, 9.324795043274872], [78.76066957935437, 9.32479447063481], [78.76067015589312, 9.324704090855597], [78.76057916299577, 9.324703518206553], [78.76058031609122, 9.324522758666093], [78.76048932323879, 9.324522185999083], [78.76048989980448, 9.324431806237836], [78.76039890698797, 9.32443123355286], [78.76040006014631, 9.32425047403935], [78.76030906737472, 9.324249901336406], [78.76030964396736, 9.324159521584143], [78.7602186512317, 9.324158948872217], [78.76021980444395, 9.323978189376673], [78.7603107971347, 9.323978762079616], [78.76031137370938, 9.323888382327352], [78.76022038104558, 9.323887809633392], [78.7602215342219, 9.323707050128865], [78.760130541612, 9.32370647741694], [78.76013169480628, 9.323525717930378], [78.76004070225028, 9.32352514520947]]]}, "id": "+5399+6865", "properties": {"count": 195, "water": 1}}, {"type": "Feature", "geometry": {"geodesic": false, "type": "Polygon", "coordinates": [[[78.76042501518322, 9.34883489821788], [78.76042790566535, 9.348383000040469], [78.7607919018327, 9.348385296439762], [78.76078958982967, 9.348746815080506], [78.7608805889793, 9.348747389139906], [78.76088001098529, 9.348837768802339], [78.76078901181768, 9.348837194733957], [78.76078843379672, 9.348927574396388], [78.76051543624001, 9.34892585202056], [78.76051601433285, 9.348835472385078], [78.76042501518322, 9.34883489821788]]]}, "id": "+5407+6588", "properties": {"count": 24, "water": 1}}, {"type": "Feature", "geometry": {"geodesic": false, "type": "MultiPolygon", "coordinates": [[[[78.75753506782802, 9.37376237593293], [78.75753622866695, 9.373581617281804], [78.75762723407784, 9.373582193685806], [78.75762781447037, 9.37349181435575], [78.75771881985432, 9.373492390741786], [78.75771940021988, 9.373402011393765], [78.75799241634476, 9.373403740390176], [78.7579929966295, 9.37331336103317], [78.7582660127364, 9.373315089796018], [78.75826659294927, 9.373224710421047], [78.75844860367224, 9.37322586279786], [78.75844918382221, 9.373135483413906], [78.75863119452721, 9.373136635691903], [78.75863177463228, 9.373046256289983], [78.75881378530134, 9.373047408460183], [78.7588143653525, 9.37295702904928], [78.75890537067357, 9.372957605093955], [78.75890595069778, 9.372867225683052], [78.75908796131296, 9.372868377691555], [78.75908854128328, 9.372777998262686], [78.75936155717459, 9.372779726082303], [78.75936213707304, 9.372689346635466], [78.75963515294639, 9.372691074230506], [78.75963573276398, 9.372600694765703], [78.75981774333424, 9.372601846369964], [78.75981832309795, 9.372511466896178], [78.76009133892639, 9.372513194104942], [78.76009191860923, 9.37242281461319], [78.76100197150544, 9.372428570415659], [78.76100255095473, 9.372338190861024], [78.76127556686401, 9.372339917126556], [78.76127614623245, 9.37224953756294], [78.76164016744484, 9.372251838902967], [78.76163900888761, 9.372432598084101], [78.76173001425359, 9.372433173374192], [78.76172885571434, 9.372613932564308], [78.76181986113421, 9.372614507836433], [78.76181870263089, 9.372795267035533], [78.76190970809567, 9.372795842298675], [78.76190912885299, 9.372886221907208], [78.76209113986343, 9.372887372379592], [78.76209056066567, 9.372977751988126], [78.76227257173, 9.37297890237966], [78.76227141341532, 9.37315966163266], [78.76236241900588, 9.373160236796988], [78.76236183986201, 9.37325061643247], [78.76245284547952, 9.373251191587814], [78.76244821230166, 9.373974228653708], [78.7625392181168, 9.373974803836001], [78.76253748064927, 9.374245942742448], [78.76262848654525, 9.374246517915758], [78.76262732824854, 9.374427277195707], [78.76271833418944, 9.374427852351051], [78.76271775506355, 9.374518231995516], [78.76299077300303, 9.374519957335783], [78.76299019393102, 9.3746103370072], [78.76317220596553, 9.37461148712924], [78.76317162693844, 9.374701866800656], [78.76335363904482, 9.374703016841849], [78.76335306006266, 9.374793396522247], [78.76344406614729, 9.374793971515894], [78.76343711814569, 9.375878527761522], [78.76352812452676, 9.375879102800084], [78.76352696649056, 9.376059862169864], [78.76361797291655, 9.376060437199444], [78.76361681490731, 9.376241196587191], [78.76370782138719, 9.376241771598803], [78.76370492637754, 9.376693670081643], [78.7637959329742, 9.37669424510224], [78.76379419597382, 9.376965384206317], [78.76388520265132, 9.37696595921793], [78.76388462366018, 9.377056338925279], [78.76397563036464, 9.377056913909943], [78.76397505139145, 9.377147293626273], [78.76406605813186, 9.377147868601954], [78.76406490021245, 9.377328628034617], [78.76415590700674, 9.37732920299233], [78.76415532806051, 9.377419582717645], [78.76424633488175, 9.377420157657392], [78.76424228228507, 9.378052815734591], [78.76433328927699, 9.378053390692305], [78.76433271033075, 9.37814377041762], [78.76442371734963, 9.378144345366351], [78.76442255950208, 9.378325104825961], [78.76451356656587, 9.378325679756728], [78.76451240873628, 9.378506439234306], [78.76460341586296, 9.378507014156087], [78.76460283696164, 9.378597393899367], [78.76469384411527, 9.3785979687942], [78.76469326523191, 9.378688348546463], [78.76478427242147, 9.378688923432312], [78.76478137803166, 9.379140822184647], [78.764872385338, 9.37914139707948], [78.76487122758925, 9.379322156584006], [78.7649622349495, 9.379322731460872], [78.76495760390962, 9.38004576953288], [78.76504861146749, 9.380046344436694], [78.76504629589814, 9.380407863481683], [78.76513730355484, 9.380408438376515], [78.76513672467148, 9.380498818146744], [78.76522773235511, 9.38049939302361], [78.76522657462434, 9.38068015256407], [78.76531758236187, 9.380680727431953], [78.76531700350546, 9.380771107211165], [78.76540801126994, 9.380771682061082], [78.76540685359308, 9.380952441619508], [78.76549786141145, 9.380953016451459], [78.76549612493207, 9.381224155807065], [78.76558713282232, 9.381224730639014], [78.76558655400184, 9.381315110427211], [78.76567756192802, 9.381315685241194], [78.76567582551152, 9.38158682462375], [78.76576683351855, 9.381587399437734], [78.76576567592252, 9.381768159032092], [78.76585668397446, 9.38176873382811], [78.76585436881835, 9.382130253034793], [78.7659453769691, 9.38213082783081], [78.76594364060651, 9.382401967249299], [78.76603464883812, 9.382402542036333], [78.76603407006256, 9.382492921851478], [78.76612507832111, 9.382493496620548], [78.76612449956352, 9.382583876435692], [78.766215507858, 9.382584451186794], [78.76621492911838, 9.382674831010924], [78.76630593743083, 9.38267540574406], [78.76630477997854, 9.3828561654013], [78.76639578835388, 9.382856740116468], [78.7663952096412, 9.38294711994958], [78.7663042012479, 9.382946545225428], [78.76630188625347, 9.383308064521943], [78.7663928947456, 9.383308639273045], [78.76639173725736, 9.383489398930285], [78.76648274580337, 9.383489973672404], [78.76648216707274, 9.383580353505517], [78.7665731756457, 9.383580928220686], [78.7665714394987, 9.383852067737989], [78.76666244814353, 9.383852642453157], [78.7666607120145, 9.384123781979442], [78.76675172074017, 9.384124356685628], [78.7667499846291, 9.38439549622988], [78.76684099343564, 9.384396070927083], [78.76683925734253, 9.384667210480318], [78.76674824847312, 9.384666635765148], [78.76674940591643, 9.384485876071976], [78.76665839710093, 9.38448530133884], [78.76665897584054, 9.384394921505727], [78.76656796705198, 9.384394346754625], [78.76656912455819, 9.384213587088402], [78.76647811582352, 9.384213012328317], [78.76647927334768, 9.384032252662093], [78.76638826466693, 9.384031677893026], [78.76638942222701, 9.383850918235783], [78.76629841359117, 9.383850343457732], [78.76629957116923, 9.383669583809475], [78.76620856259626, 9.383669009013458], [78.76621087777035, 9.383307489752875], [78.7661198692962, 9.383306914956858], [78.7661210269012, 9.383126155326567], [78.76621203533044, 9.3831267301136], [78.76621377162117, 9.382855590650198], [78.76612276325483, 9.382855015881129], [78.76612392080592, 9.382674256250837], [78.76603291249347, 9.382673681472786], [78.766033491287, 9.382583301666624], [78.76585147473396, 9.382582152038657], [78.76585263238388, 9.382401392444297], [78.76576162417025, 9.382400817612346], [78.76576220300869, 9.382310437815168], [78.765671194822, 9.38230986296525], [78.76567351021168, 9.3819483437945], [78.7655825021238, 9.381947768944583], [78.76558365983661, 9.381767009377175], [78.76549265179365, 9.381766434509291], [78.76549323066803, 9.381676054730079], [78.765402222661, 9.38167547984423], [78.76540280154435, 9.381585100065017], [78.76531179357326, 9.381584525170185], [78.76531353026823, 9.381313385850511], [78.765222522369, 9.381312810946696], [78.7652231012793, 9.381222431176466], [78.76513209340703, 9.381221856254685], [78.7651326723353, 9.381131476493437], [78.76504166448997, 9.38113090155369], [78.76504398024797, 9.380769382517686], [78.76495297250145, 9.380768807577937], [78.76495470932218, 9.380497668312163], [78.76486370165652, 9.380497093363433], [78.76486428061175, 9.380406713620152], [78.76477327297303, 9.38040613864447], [78.7647790624174, 9.379502341184718], [78.76468805502124, 9.379501766253952], [78.76468921288675, 9.379321006767393], [78.76459820554449, 9.37932043181866], [78.76459936343694, 9.379139672341083], [78.76450835614858, 9.37913909738337], [78.76450951405901, 9.378958337914774], [78.76441850682454, 9.378957762948076], [78.76441966476193, 9.378777003488466], [78.76432865757236, 9.378776428503802], [78.76432923655453, 9.378686048778487], [78.76423822940092, 9.378685473775857], [78.76423880840105, 9.378595094059527], [78.76414780127438, 9.378594519038929], [78.76414838029247, 9.3785041393226], [78.76405737320172, 9.37850356429302], [78.76405911029195, 9.378232425161993], [78.76396810327309, 9.378231850114446], [78.76397041940837, 9.377870331294039], [78.7638794124883, 9.377869756255476], [78.7638811495965, 9.377598617142416], [78.76369913591807, 9.377597467020374], [78.76370029405308, 9.377416707641611], [78.76360928726777, 9.377416132558134], [78.76360986635773, 9.377325752868751], [78.76351885959937, 9.377325177767306], [78.76352001779726, 9.377144418397526], [78.7634290110928, 9.377143843287099], [78.76342959020971, 9.3770534636067], [78.76333858353219, 9.377052888478305], [78.76334032090989, 9.37678174946406], [78.76324931431321, 9.3767811743177], [78.76324989344809, 9.376690794655268], [78.76306788031764, 9.376689644317631], [78.76306845949743, 9.376599264664181], [78.76297745296365, 9.376598689463922], [78.76297803216141, 9.376508309810474], [78.76288702566356, 9.376507734592247], [78.76288818408604, 9.376326975303316], [78.76297919053897, 9.376327550503575], [78.76298034888958, 9.376146791196678], [78.76288934248156, 9.3761462160054], [78.76288992167034, 9.376055836351952], [78.76279891528927, 9.37605526114271], [78.76279949449601, 9.375964881498245], [78.76289050085911, 9.375965456707487], [78.76289165920973, 9.375784697409571], [78.76280065290052, 9.375784122209312], [78.76280354879052, 9.375332223978], [78.76253053025815, 9.37533049834129], [78.76253110948286, 9.37524011871479], [78.76244010334433, 9.375239543460632], [78.76244126183867, 9.375058784207633], [78.76253226793229, 9.375059359452809], [78.76253284714802, 9.374968979817325], [78.7623508350057, 9.374967829326975], [78.76235199350903, 9.37478707008296], [78.76226098749626, 9.374786494810834], [78.76226214602654, 9.374605735575802], [78.7621711400587, 9.374605160294694], [78.7621717193373, 9.374514780677178], [78.7622627252782, 9.374515355958286], [78.76226330452987, 9.37442497634077], [78.76208129270196, 9.37442382576957], [78.76208245127715, 9.374243066552504], [78.76226446301521, 9.374244217096754], [78.76226677990509, 9.373882698617706], [78.76190275684218, 9.373880397529206], [78.76190101889854, 9.374151536318873], [78.7618100130834, 9.374150960974884], [78.76181117175742, 9.373970201784767], [78.76162916022597, 9.373969051042888], [78.76162973961237, 9.373878671461304], [78.76153873387808, 9.373878096054431], [78.76153989266886, 9.373697336900248], [78.76144888698848, 9.373696761493376], [78.76144946639285, 9.373606381920775], [78.76135846073942, 9.373605806486953], [78.76135904017075, 9.373515426923337], [78.76117702892675, 9.373514276001794], [78.76117760840299, 9.373423896438176], [78.76108660281243, 9.373423320950456], [78.76108718229766, 9.373332941404806], [78.76090517118841, 9.373331790357499], [78.76090575071855, 9.373241410820832], [78.76081474519087, 9.373240835270229], [78.7608159042781, 9.373060076205876], [78.76072489880433, 9.373059500637307], [78.76072547836142, 9.372969121109623], [78.76063447292357, 9.372968545532071], [78.76063505249863, 9.372878166004385], [78.76045304168582, 9.3728770147864], [78.76045362129682, 9.37278663527668], [78.7601806051899, 9.372784908292497], [78.76018002550705, 9.372875287793232], [78.7596339933022, 9.37287183316011], [78.75963341346663, 9.372962212624913], [78.75926939202968, 9.372959909048081], [78.7592688120953, 9.373050288485933], [78.75899579600635, 9.373048560540552], [78.75899521599112, 9.373138939969422], [78.75890421061617, 9.37313836393373], [78.75890363058296, 9.373228743344633], [78.75872161979711, 9.373227591201383], [78.75872103971003, 9.373317970603303], [78.75844802351327, 9.373316242190798], [78.75844744334533, 9.373406621574752], [78.75826543252354, 9.37340546917099], [78.7582648523017, 9.37349584854596], [78.75790083064915, 9.373493543433009], [78.75790025032849, 9.373583922790013], [78.75780924490861, 9.373583346439911], [78.75780866455203, 9.373673725787933], [78.75762665367634, 9.373672573024844], [78.75762607327484, 9.3737629523549], [78.75753506782802, 9.37376237593293]]], [[[78.75753506782802, 9.37376237593293], [78.75753448739057, 9.373852755262986], [78.75744348192579, 9.373852178814069], [78.7574429014614, 9.373942558135141], [78.75735189597864, 9.37394198165029], [78.7573513154873, 9.374032360971363], [78.7572603099776, 9.374031784459563], [78.7572597294593, 9.374122163762669], [78.75707771842193, 9.374121010667203], [78.75707713784975, 9.374211389961326], [78.75689512678541, 9.374210236758064], [78.75689454615933, 9.374300616043204], [78.75680354060471, 9.374300039396656], [78.75680295995167, 9.374390418672812], [78.75671195438807, 9.374389841999315], [78.75671137370809, 9.374480221275473], [78.75643835697235, 9.374478491102268], [78.7564377762205, 9.37456887036046], [78.75625576504837, 9.374567716779904], [78.75625518423364, 9.374658096020127], [78.75616417863411, 9.374657519193917], [78.75616359779242, 9.37474789843414], [78.75598158655741, 9.374746744691889], [78.75598100566184, 9.374837123914146], [78.75579899440886, 9.374835970064096], [78.75579841345939, 9.374926349286355], [78.7557074078239, 9.374925772316413], [78.75570682684749, 9.375016151529687], [78.75561582118506, 9.375015574532798], [78.75561524018168, 9.375105953737089], [78.7555242345013, 9.375105376713249], [78.75552365346199, 9.375195755908557], [78.75525063640286, 9.375194024684324], [78.75525121750505, 9.375103645506984], [78.75534222316747, 9.375104222602689], [78.75534280424272, 9.375013843416363], [78.75552481553163, 9.37501499751794], [78.75552539655297, 9.374924618322634], [78.75561640218844, 9.374925195328506], [78.75561698318283, 9.374834816124215], [78.75570798879136, 9.374835393112122], [78.7557085697588, 9.374745013898847], [78.75579957534936, 9.374745590850821], [78.75580015628985, 9.374655211637547], [78.755982167453, 9.374656365460648], [78.75598274833061, 9.374565986238391], [78.75607375389421, 9.374566563109516], [78.75607433475386, 9.374476183869293], [78.75625634585413, 9.374477337530697], [78.75625692665088, 9.374386958290472], [78.75652994327882, 9.374388688589441], [78.75653052400372, 9.374298309322267], [78.75671253506805, 9.374299462732143], [78.75671311573905, 9.374209083455986], [78.75680412125774, 9.3742096601205], [78.75680470190179, 9.37411928083536], [78.75698671290324, 9.374120434074555], [78.7569872934934, 9.374030054789415], [78.75707829898514, 9.374030631364098], [78.75707887954833, 9.373940252069975], [78.75726089049589, 9.373941405147473], [78.7572614709962, 9.373851025835384], [78.757352476461, 9.3738516023382], [78.75735305693436, 9.373761223017128], [78.75753506782802, 9.37376237593293]]]]}, "id": "+5418+6324", "properties": {"count": 913, "water": 1}}, {"type": "Feature", "geometry": {"geodesic": false, "type": "Polygon", "coordinates": [[[78.76161580436178, 9.31910626584257], [78.7616181080464, 9.318744746402325], [78.76170909947054, 9.318745318431532], [78.7617102512365, 9.318564558693442], [78.76198322539207, 9.318566274610383], [78.76198264958096, 9.318656654497394], [78.7620736409961, 9.318657226427785], [78.76207076198546, 9.319109125871822], [78.76179778738968, 9.319107409918951], [78.76179721149772, 9.319197789787994], [78.76170621995682, 9.319197217758788], [78.76170679586674, 9.319106837889743], [78.76161580436178, 9.31910626584257]]]}, "id": "+5418+6918", "properties": {"count": 28, "water": 1}}, {"type": "Feature", "geometry": {"geodesic": false, "type": "Polygon", "coordinates": [[[78.76255379538433, 9.343244551769427], [78.76255610418038, 9.342883032589691], [78.76273809965895, 9.34288417908254], [78.76273867679956, 9.342793799267394], [78.76301166999045, 9.342795518813528], [78.76300993876622, 9.343066658285915], [78.76310093657736, 9.343067231438015], [78.7631003595176, 9.343157611271128], [78.7630093616795, 9.343157038110043], [78.76300878459277, 9.343247417934172], [78.76282678888964, 9.343246271540139], [78.76282621174902, 9.343336651355285], [78.76264421601893, 9.343335504853453], [78.76264479321345, 9.343245125056274], [78.76255379538433, 9.343244551769427]]]}, "id": "+5431+6650", "properties": {"count": 26, "water": 1}}, {"type": "Feature", "geometry": {"geodesic": false, "type": "Polygon", "coordinates": [[[78.76345742685339, 9.344244461849923], [78.76345858091904, 9.34406370215675], [78.76354957901765, 9.344064275254953], [78.76355015602351, 9.343973895403874], [78.76364115410415, 9.343974468475126], [78.7636417310741, 9.343884088615065], [78.76382372720843, 9.343885234667738], [78.7638231502834, 9.343975614536783], [78.76391414838201, 9.34397618753617], [78.76391357147494, 9.344066567414197], [78.7640045696005, 9.344067140395618], [78.76400399271141, 9.344157520273646], [78.7640949908729, 9.3441580932371], [78.76409326023257, 9.344429232898133], [78.76400226199922, 9.344428659916712], [78.76400168508317, 9.34451903979474], [78.76372869036516, 9.344517320697763], [78.76372926735306, 9.344426940837701], [78.76363826914665, 9.344426367757467], [78.76363942314941, 9.344245608046327], [78.76345742685339, 9.344244461849923]]]}, "id": "+5440+6638", "properties": {"count": 32, "water": 1}}, {"type": "Feature", "geometry": {"geodesic": false, "type": "Polygon", "coordinates": [[[78.76508613558812, 9.317139625756097], [78.76508728541371, 9.316958865586816], [78.76517827658631, 9.316959436618893], [78.76517885147216, 9.316869056534252], [78.76545182495401, 9.316870769477768], [78.76545125014901, 9.316961149589359], [78.76554224134856, 9.316961720531603], [78.76554166655254, 9.317052100643194], [78.76563265777904, 9.317052671567472], [78.76563035863988, 9.317414192031796], [78.76517540209417, 9.317411337069043], [78.7651771268146, 9.31714019680614], [78.76508613558812, 9.317139625756097]]]}, "id": "+5456+6937", "properties": {"count": 29, "water": 1}}, {"type": "Feature", "geometry": {"geodesic": false, "type": "Polygon", "coordinates": [[[78.76499348469719, 9.374442223652865], [78.76499579882024, 9.374080704491098], [78.76508680481504, 9.37408127901762], [78.7650873833121, 9.373990899229424], [78.76545140728231, 9.373993197075006], [78.76544909365334, 9.37435471634457], [78.76535808755973, 9.374354141889913], [78.76535693066438, 9.37453490151122], [78.76517491839631, 9.374533752521057], [78.76517549689339, 9.374443372723878], [78.76499348469719, 9.374442223652865]]]}, "id": "+5460+6305", "properties": {"count": 25, "water": 1}}, {"type": "Feature", "geometry": {"geodesic": false, "type": "Polygon", "coordinates": [[[78.76772909633024, 9.387836252788059], [78.76773083232453, 9.387565113118043], [78.7678218420114, 9.387565687761347], [78.76782068473877, 9.387746447553335], [78.76791169447954, 9.387747022178672], [78.7679111158567, 9.38783740208365], [78.76800212562442, 9.38783797669102], [78.76799981116001, 9.38819949631093], [78.76809082103553, 9.388200070918302], [78.76809024243066, 9.388290450832262], [78.76818125232414, 9.388291025421667], [78.76817951654544, 9.388562165163547], [78.76808850657112, 9.388561590556176], [78.76808734930746, 9.38874235036613], [78.7679963392972, 9.388741775722826], [78.76799807525555, 9.388470636016878], [78.76790706531715, 9.388470061364592], [78.76790937994326, 9.388108541780614], [78.76781837011266, 9.388107967128327], [78.76782010608898, 9.387836827449329], [78.76772909633024, 9.387836252788059]]]}, "id": "+5487+6155", "properties": {"count": 23, "water": 1}}, {"type": "Feature", "geometry": {"geodesic": false, "type": "Polygon", "coordinates": [[[78.7708962847488, 9.347906591375445], [78.77089801077179, 9.347635450501686], [78.77108000976276, 9.347636593302457], [78.77107828387452, 9.347907734194182], [78.77116928344635, 9.347908305576603], [78.77116755757609, 9.348179446486293], [78.7712585572198, 9.348180017859729], [78.77125683136748, 9.348451158787386], [78.77134783109204, 9.34845173015184], [78.7713461052577, 9.34872287108848], [78.77143710506311, 9.34872344244395], [78.77143537923776, 9.348994583398557], [78.77152637911502, 9.348995154745044], [78.77152522858874, 9.34917591539043], [78.77143422866655, 9.349175344025978], [78.77143480395664, 9.349084963707776], [78.7713438040614, 9.349084392325356], [78.77134495466854, 9.348903631706918], [78.7712539548272, 9.348903060315514], [78.77125568076934, 9.34863191939684], [78.77116468100886, 9.348631347996456], [78.77116640695998, 9.348360207095748], [78.77107540727134, 9.348359635686379], [78.77107713324942, 9.348088494794654], [78.77098613363266, 9.348087923385286], [78.77098728430268, 9.347907162793797], [78.7708962847488, 9.347906591375445]]]}, "id": "+5520+6597", "properties": {"count": 29, "water": 1}}, {"type": "Feature", "geometry": {"geodesic": false, "type": "Polygon", "coordinates": [[[78.77150336876004, 9.366891021091572], [78.77150567425028, 9.366529500169106], [78.77186969204907, 9.36653178961544], [78.77186911577981, 9.366622169870759], [78.77196012027441, 9.366622742178444], [78.77195954401415, 9.366713122433763], [78.7720505485357, 9.366713694723481], [78.77204939606008, 9.366894455252089], [78.7719583914936, 9.366893882953388], [78.77195781522435, 9.366984263208707], [78.7715937969315, 9.366981973744409], [78.77159437329956, 9.366891593507054], [78.77150336876004, 9.366891021091572]]]}, "id": "+5530+6388", "properties": {"count": 25, "water": 1}}, {"type": "Feature", "geometry": {"geodesic": false, "type": "Polygon", "coordinates": [[[78.77211081349876, 9.314291351579305], [78.77211195935381, 9.31411059051171], [78.77220295022995, 9.314111159576475], [78.77220352312155, 9.314020779042679], [78.77247649571407, 9.314022486084262], [78.77247592288536, 9.31411286664501], [78.77256691377947, 9.314113435619944], [78.77256519533827, 9.314384577302187], [78.77247420437229, 9.314384008309286], [78.77247363152561, 9.314474388870034], [78.77220065858275, 9.314472681738616], [78.77220180441982, 9.314291920662038], [78.77211081349876, 9.314291351579305]]]}, "id": "+5533+6969", "properties": {"count": 20, "water": 1}}, {"type": "Feature", "geometry": {"geodesic": false, "type": "Polygon", "coordinates": [[[78.77226309086618, 9.404676234606528], [78.77226482650114, 9.40440509436159], [78.77235584086823, 9.404405668852181], [78.77235757638641, 9.404134528580293], [78.77253960499485, 9.40413567746266], [78.772540183447, 9.404045297360053], [78.77272221202848, 9.404046446134622], [78.77272279042674, 9.403956066014048], [78.77290481899026, 9.403957214689804], [78.77290539732563, 9.403866834560247], [78.7730874258622, 9.403867983128203], [78.77308800415265, 9.403777602989663], [78.77345206120782, 9.40377989982015], [78.77344974840528, 9.404141420464137], [78.77354076277238, 9.404141994640316], [78.77353844996985, 9.404503515293287], [78.77344743550394, 9.40450294109914], [78.77344685726737, 9.404593321255646], [78.7733558427835, 9.40459274703455], [78.77335526451101, 9.404683127182073], [78.77308222102344, 9.404681404357088], [78.77308164267907, 9.404771784486645], [78.77280859917354, 9.404770061437082], [78.77280802074834, 9.40486044154867], [78.77271700623751, 9.404859867147913], [78.77271642778535, 9.404950247259501], [78.77253439872776, 9.404949098368153], [78.77253497722484, 9.404858718265546], [78.77235294823912, 9.404857569293348], [78.77235410530514, 9.404676809124068], [78.77226309086618, 9.404676234606528]]]}, "id": "+5550+5976", "properties": {"count": 121, "water": 1}}, {"type": "Feature", "geometry": {"geodesic": false, "type": "Polygon", "coordinates": [[[78.7738112948938, 9.36175364270505], [78.77381187035458, 9.361663262306], [78.7739028736724, 9.361663833814182], [78.77390344910621, 9.361573453415133], [78.77417645902374, 9.36157516778697], [78.7741770343857, 9.361484787369953], [78.77426803767656, 9.36148535877034], [78.77426631165358, 9.361756500048338], [78.7743573150253, 9.361757071448725], [78.77435616436426, 9.361937832309708], [78.77426516094764, 9.361937260900339], [78.77426228407496, 9.362389163012374], [78.77417128054155, 9.362388591558089], [78.7741707051257, 9.362478971975104], [78.7740797015833, 9.362478400484887], [78.77407509785222, 9.363201443749157], [78.77398409413016, 9.363200872187074], [78.7739835186155, 9.363291252586125], [78.77389251486647, 9.363290681006076], [78.77389711901078, 9.362567637831638], [78.77398812257115, 9.362568209375754], [78.77399272615851, 9.361845166120467], [78.77390172278679, 9.361844594621267], [78.77390229822959, 9.361754214222216], [78.7738112948938, 9.36175364270505]]]}, "id": "+5556+6444", "properties": {"count": 52, "water": 1}}, {"type": "Feature", "geometry": {"geodesic": false, "type": "Polygon", "coordinates": [[[78.77413904831542, 9.367449894102549], [78.77414135121852, 9.367088372542279], [78.77423235597364, 9.367088944293007], [78.77423293165899, 9.366998563902941], [78.77459695062558, 9.367000850654327], [78.77459579942557, 9.367181611497344], [78.77468680423459, 9.367182183140276], [78.77468565306151, 9.367362943983292], [78.77450364336262, 9.367361800652514], [78.7745030677222, 9.367452181060548], [78.77432105800533, 9.367451037630955], [78.774320482311, 9.367541418030006], [78.77422947743909, 9.367540846270295], [78.77423005316038, 9.367450465880227], [78.77413904831542, 9.367449894102549]]]}, "id": "+5560+6383", "properties": {"count": 26, "water": 1}}, {"type": "Feature", "geometry": {"geodesic": false, "type": "Polygon", "coordinates": [[[78.77491577545803, 9.345491437424558], [78.77491922033545, 9.344949154131939], [78.77519221748791, 9.344950864703904], [78.77519164341952, 9.345041245273634], [78.77537364159303, 9.34504238555014], [78.77537306757854, 9.345132766128854], [78.77546406669225, 9.345133336244649], [78.77546234466676, 9.345404477989772], [78.7753713454812, 9.345403907864995], [78.77537077143079, 9.345494288443708], [78.77527977222725, 9.345493718282997], [78.77527919815887, 9.345584098852727], [78.77500620050334, 9.345582388226864], [78.7750067746436, 9.3454920076751], [78.77491577545803, 9.345491437424558]]]}, "id": "+5565+6627", "properties": {"count": 34, "water": 1}}, {"type": "Feature", "geometry": {"geodesic": false, "type": "MultiPolygon", "coordinates": [[[[78.77547576520965, 9.314583534284852], [78.77556675641817, 9.314584102523167], [78.77556618434406, 9.314674483263579], [78.77547519311756, 9.314673915025262], [78.77547576520965, 9.314583534284852]]], [[[78.77547576520965, 9.314583534284852], [78.7753847740101, 9.314582966019586], [78.77538534612016, 9.314492585288159], [78.77529435494756, 9.31449201701391], [78.77529549919463, 9.314311255551056], [78.77520450807593, 9.31431068725884], [78.77520565234096, 9.314129925813953], [78.77502367021135, 9.314128789184606], [78.77502309803842, 9.314219169898067], [78.77484111589087, 9.314218033169906], [78.77484054365505, 9.314308413865401], [78.77456757040675, 9.314306708575531], [78.77456699809906, 9.314397089262043], [78.77420303375004, 9.314394815194866], [78.77420246134355, 9.314485195854429], [78.77383849699453, 9.314482921400979], [78.77383906949984, 9.314392540759382], [78.77393006055566, 9.31439310940194], [78.77393063302503, 9.314302728760344], [78.77402162406288, 9.314303297375954], [78.77402219650531, 9.314212916725374], [78.77420417854508, 9.314214053875743], [78.77420360615655, 9.314304434535305], [78.77429459720338, 9.314305003079049], [78.7742957419445, 9.314124241741958], [78.7743867329554, 9.314124810258752], [78.77438730529003, 9.314034429581223], [78.77447829629196, 9.314034998062086], [78.77447886859964, 9.313944617384557], [78.77502481455723, 9.313948027757684], [78.7750253867122, 9.313857647044223], [78.77538935071088, 9.313859920141219], [78.77538877864575, 9.313950300872646], [78.77547976968359, 9.313950869101978], [78.77547576520965, 9.314583534284852]]]]}, "id": "+5565+6971", "properties": {"count": 66, "water": 1}}, {"type": "Feature", "geometry": {"geodesic": false, "type": "Polygon", "coordinates": [[[78.77501215878608, 9.301565297669924], [78.77501387293334, 9.301294155331913], [78.77510486067438, 9.301294722887508], [78.77510543202985, 9.301204342102183], [78.7751964197529, 9.30120490963083], [78.77519699107245, 9.301114528836521], [78.77528797877754, 9.301115096329235], [78.77528855007013, 9.301024715534925], [78.77537953775726, 9.30102528300069], [78.77538010901392, 9.300934902197397], [78.77547109668309, 9.300935469636213], [78.7754699542057, 9.301116231251783], [78.77537896648263, 9.301115663803984], [78.775378395217, 9.301206044607275], [78.77528740747597, 9.301205477123544], [78.7752868361744, 9.301295857926837], [78.77546881170137, 9.30129699286735], [78.77546938294905, 9.301206612055074], [78.77565135844908, 9.301207746896774], [78.77565078724632, 9.30129812771803], [78.77574177502329, 9.301298695102949], [78.77574120382951, 9.301389075924206], [78.77583219164241, 9.30138964330014], [78.7758316204666, 9.301480024130383], [78.77592260830644, 9.30148059148835], [78.7759220371486, 9.301570972318592], [78.7760130250154, 9.301571539658593], [78.77601188273566, 9.301752301328058], [78.77610287065635, 9.301752868659076], [78.77610229952546, 9.301843249498301], [78.77619328748209, 9.30184381680237], [78.77619271636915, 9.301934197650578], [78.77628370434375, 9.301934764945663], [78.77628313325778, 9.302025145793872], [78.77619214525623, 9.302024578498786], [78.77619100300343, 9.302205340195203], [78.77610001495698, 9.302204772864185], [78.77609944379914, 9.30229515370341], [78.77591746768825, 9.302294018960525], [78.77591689647652, 9.302384399790768], [78.77573492033868, 9.302383264940087], [78.77573549159534, 9.30229288412781], [78.77564450355786, 9.302292316671029], [78.77564507483248, 9.302201935858754], [78.77555408682196, 9.30220136839299], [78.77555465811454, 9.302110987589696], [78.77546367013096, 9.302110420096982], [78.77546424144153, 9.302020039293689], [78.7753732534849, 9.302019471791992], [78.77537382481341, 9.301929090997682], [78.77528283689273, 9.301928523478018], [78.77528397957671, 9.3017477618894], [78.77519299170991, 9.301747194351769], [78.7751935630564, 9.301656813566444], [78.77510257521656, 9.30165624601983], [78.77510314659, 9.301565865234505], [78.77501215878608, 9.301565297669924]]]}, "id": "+5565+7114", "properties": {"count": 106, "water": 1}}, {"type": "Feature", "geometry": {"geodesic": false, "type": "MultiPolygon", "coordinates": [[[[78.77574587868021, 9.315037142701852], [78.77592786136677, 9.315038279070686], [78.77592671736225, 9.315219040596423], [78.77601770875943, 9.315219608762874], [78.77601713676616, 9.315309989530233], [78.77610812819027, 9.315310557678718], [78.77610755622395, 9.315400938446077], [78.77601656477287, 9.315400370297592], [78.77601542075938, 9.315581131832312], [78.77610641225537, 9.315581699998763], [78.77610584026209, 9.315672080766124], [78.77619683179402, 9.315672648914608], [78.7761962598187, 9.31576302969095], [78.77637824293646, 9.315764165916054], [78.77637767100606, 9.315854546701381], [78.77646866259188, 9.315855114786983], [78.77646809067946, 9.315945495581293], [78.7765590823012, 9.315946063648928], [78.77655679467846, 9.316307586844133], [78.77664778639902, 9.316308154911768], [78.7766460706887, 9.316579297312662], [78.77655507889627, 9.316578729236044], [78.77655279111181, 9.31694025241328], [78.77664378299407, 9.31694082051685], [78.7766432110547, 9.317031201311158], [78.7767342029729, 9.317031769405745], [78.77673363105148, 9.317122150209036], [78.77682462298766, 9.317122718276673], [78.77682233534694, 9.31748424150781], [78.7769133273909, 9.317484809584428], [78.7769110397412, 9.31784633283353], [78.77700203188397, 9.317846900901166], [78.77700145998053, 9.317937281713442], [78.77709245215026, 9.317937849763112], [78.7770913083793, 9.31811861140563], [78.77718230059394, 9.318119179446317], [78.77718115684993, 9.318299941097816], [78.7770901645814, 9.318299373048147], [78.77708959266897, 9.318389753869406], [78.77690760810495, 9.318388617689218], [78.7769070361476, 9.31847899849251], [78.77636108244653, 9.318475589359057], [78.77636051034546, 9.318565970135401], [78.7756325722151, 9.318561423276657], [78.77563371679454, 9.318380661822786], [78.77554272460685, 9.318380093368875], [78.77554329690555, 9.31828971264643], [78.77572528125398, 9.318290849509339], [78.7757247090002, 9.318381230249749], [78.7764526467892, 9.318385776830013], [78.77645321886331, 9.318295396044688], [78.77681718781172, 9.318297668755408], [78.77681890371069, 9.31802652634553], [78.77672791153198, 9.318025958223995], [78.7767307713636, 9.317574054216516], [78.77663977931066, 9.31757348609498], [78.77664149520963, 9.317302343712052], [78.77655050323753, 9.317301775581534], [78.77655107521284, 9.317211394787225], [78.7764600832677, 9.317210826647724], [78.77646065526096, 9.317120445853414], [78.77636966334276, 9.317119877695946], [78.77637080736525, 9.316939116134277], [78.77627981550096, 9.316938547958843], [78.77628038752117, 9.316848167182501], [78.77618939569281, 9.3168475989891], [78.776189967731, 9.316757218212757], [78.7762809595414, 9.316757786397174], [78.77628210356389, 9.316577024844488], [78.7761911117984, 9.316576456669054], [78.77619397187256, 9.316124552796323], [78.77610298022387, 9.316123984629872], [78.77610412425533, 9.315943223086169], [78.7760131326695, 9.315942654901752], [78.77601370469871, 9.315852274134391], [78.77592271313983, 9.315851705932008], [78.77592385722521, 9.315670944415254], [78.77574187421526, 9.315669807965572], [78.77574587868021, 9.315037142701852]]], [[[78.77574587868021, 9.315037142701852], [78.77565488734592, 9.315036574481502], [78.77565545942005, 9.314946193732109], [78.7757464507274, 9.314946761952458], [78.77574587868021, 9.315037142701852]]]]}, "id": "+5569+6959", "properties": {"count": 157, "water": 1}}, {"type": "Feature", "geometry": {"geodesic": false, "type": "MultiPolygon", "coordinates": [[[[78.77814933728476, 9.423603605967871], [78.77805831753675, 9.423603031809657], [78.77806352138737, 9.422789608694309], [78.77797250185495, 9.422789034563046], [78.77797365824723, 9.422608273872742], [78.77788263876873, 9.422607699732495], [78.77788321697834, 9.422517319396325], [78.77779219753576, 9.42251674522913], [78.77779277576334, 9.422426364901943], [78.77797481462154, 9.422427513191423], [78.77797423643888, 9.422517893536574], [78.77806525589942, 9.422518467649871], [78.77806467773473, 9.422608847995024], [78.77815569722222, 9.422609422090355], [78.77814933728476, 9.423603605967871]]], [[[78.77840678474338, 9.42604559802212], [78.77840620645291, 9.426135978376253], [78.77822416559147, 9.426134829862196], [78.77822474393584, 9.426044449517045], [78.77840678474338, 9.42604559802212]]], [[[78.77823920065845, 9.423784940816388], [78.77833022046933, 9.42378551493867], [78.77832964229565, 9.423875895301787], [78.77842066213348, 9.423876469406103], [78.77841950581306, 9.42405723013234], [78.7785105257048, 9.42405780422767], [78.77850936941134, 9.42423856496289], [78.77860038935697, 9.424239139040255], [78.77859865493474, 9.424510280165542], [78.77868967495223, 9.424510854233924], [78.7786885186947, 9.42469161498711], [78.77877953877508, 9.424692189055492], [78.77877780440674, 9.424963330198745], [78.77886882455898, 9.424963904258144], [78.7788670902176, 9.425235045410378], [78.77895811044172, 9.425235619460794], [78.77895464174098, 9.4257779018012], [78.77886362137313, 9.42577732771485], [78.77886304320843, 9.425867708095936], [78.77877202282262, 9.42586713399162], [78.77877144463098, 9.425957514363722], [78.77858940382343, 9.42595636606526], [78.77858882557788, 9.426046746428378], [78.77840678474338, 9.42604559802212], [78.7784079413243, 9.42586483731385], [78.77831692096545, 9.42586426308377], [78.7783174992649, 9.425773882738618], [78.77813545861007, 9.42577273422456], [78.77813603695442, 9.42568235387941], [78.77822705725939, 9.425682928145422], [78.7782276355768, 9.42559254780027], [78.7783186558548, 9.425593122039333], [78.77831981241776, 9.425412361331063], [78.77841083265984, 9.425412935534192], [78.77841141091437, 9.425322555180058], [78.7785934513626, 9.425323703496485], [78.77859287316197, 9.425414083868587], [78.77868389342201, 9.425414657990867], [78.77868504977836, 9.425233897246665], [78.77859402956324, 9.425233323124385], [78.7785963422939, 9.424871801644963], [78.77850532218658, 9.424871227531664], [78.77850590037822, 9.424780847168547], [78.77841488029785, 9.424780273028299], [78.77841545850745, 9.424689892665182], [78.77832443845402, 9.42468931851595], [78.7783250166816, 9.424598938152833], [78.77841603670808, 9.424599512302063], [78.77841719310037, 9.42441875158481], [78.77850821309092, 9.424419325698109], [78.77850879124664, 9.424328945326007], [78.77841777128303, 9.424328371221693], [78.77841892763938, 9.424147610495456], [78.77832790772969, 9.424147036373176], [78.77832906411298, 9.423966275655923], [78.77823804425718, 9.423965701524658], [78.77823920065845, 9.423784940816388]]], [[[78.77814933728476, 9.423603605967871], [78.77824035704174, 9.42360418010812], [78.77823920065845, 9.423784940816388], [78.77814818085655, 9.423784366667158], [78.77814933728476, 9.423603605967871]]]]}, "id": "+5601+5770", "properties": {"count": 109, "water": 1}}, {"type": "Feature", "geometry": {"geodesic": false, "type": "Polygon", "coordinates": [[[78.78017083383847, 9.420633675638115], [78.78017256630238, 9.420362534171469], [78.78026358534072, 9.42036310758408], [78.78026416278676, 9.420272727086216], [78.78071925792455, 9.42027559378995], [78.7807198352538, 9.420185213265135], [78.78117493041853, 9.420188079358017], [78.78117377599357, 9.420368840461544], [78.7812647950858, 9.420369413622629], [78.78126364068778, 9.420550174735139], [78.78117262154164, 9.420549601565073], [78.78117204430221, 9.420639982116837], [78.7812630634753, 9.420640555295886], [78.78126248625382, 9.42073093584765], [78.78117146706278, 9.420730362668602], [78.78117031256593, 9.420911123763146], [78.780988274103, 9.420909977315214], [78.78098885140531, 9.420819596772434], [78.78035171713982, 9.420815583477037], [78.78035229459486, 9.42072520297917], [78.78026127546669, 9.420724629566559], [78.78026185293969, 9.420634249068694], [78.78017083383847, 9.420633675638115]]]}, "id": "+5636+5795", "properties": {"count": 72, "water": 1}}, {"type": "Feature", "geometry": {"geodesic": false, "type": "Polygon", "coordinates": [[[78.78458866366769, 9.298009511004182], [78.78458980108755, 9.297828748229787], [78.78468078852316, 9.297829313135354], [78.78468135720165, 9.297738931748157], [78.7848633320459, 9.297740061469458], [78.78486276342132, 9.297830442874622], [78.78495375087489, 9.297831007708321], [78.78495261364367, 9.298011770518649], [78.78504360115113, 9.298012335334384], [78.78504246394687, 9.298193098162677], [78.78513345150824, 9.29819366296943], [78.78513231433092, 9.298374425797723], [78.78522330194619, 9.298374990595493], [78.78522216478683, 9.298555753441752], [78.78513117712666, 9.298555188635], [78.78513174573328, 9.298464807220853], [78.78494977047579, 9.298463677544468], [78.78494920182425, 9.298554058949632], [78.78485821418204, 9.298553494071015], [78.78485935152105, 9.298372731269671], [78.78476836393273, 9.29837216638207], [78.78476893262021, 9.298281784985889], [78.78467794505885, 9.298281220080323], [78.78467965115719, 9.29801007591873], [78.78458866366769, 9.298009511004182]], [[78.78485992019056, 9.29828234987349], [78.7848604888421, 9.29819196847731], [78.78495147639448, 9.298192533328978], [78.78495090776092, 9.298282914734141], [78.78485992019056, 9.29828234987349]]]}, "id": "+5668+7150", "properties": {"count": 32, "water": 1}}, {"type": "Feature", "geometry": {"geodesic": false, "type": "Polygon", "coordinates": [[[78.78440029997819, 9.342296897650204], [78.78440144301251, 9.3421161353609], [78.78485643753898, 9.342118973201764], [78.78485586614758, 9.342209354382348], [78.7849468650906, 9.342209921884047], [78.78494629371717, 9.342300303064631], [78.78485529474719, 9.34229973555395], [78.78485358051908, 9.342570879086722], [78.7845805834295, 9.34256917635705], [78.78458115491972, 9.342478795203414], [78.78449015592281, 9.342478227584936], [78.78449129892121, 9.342297465277666], [78.78440029997819, 9.342296897650204]]]}, "id": "+5671+6659", "properties": {"count": 22, "water": 1}}, {"type": "Feature", "geometry": {"geodesic": false, "type": "MultiPolygon", "coordinates": [[[[78.78712186461921, 9.35804082570369], [78.78721286781126, 9.35804139358268], [78.78721229604257, 9.358131774817164], [78.78730329927055, 9.358132342678187], [78.78730272751085, 9.358222723921655], [78.78739373077477, 9.35822329176471], [78.78739258728228, 9.358404054269611], [78.7874835906001, 9.358404622094703], [78.78748244713458, 9.358585384608586], [78.78757345049732, 9.358585952424693], [78.78757230705874, 9.358766714938577], [78.78766331047537, 9.358767282745703], [78.78766159534895, 9.359038426538985], [78.78757059186044, 9.359037858713894], [78.78757002010973, 9.359128239975327], [78.78747901660326, 9.359127672123286], [78.78747958837195, 9.359037290870836], [78.78738858490142, 9.35903672300083], [78.78738972846575, 9.358855960513896], [78.78729872504015, 9.358855392625923], [78.78729929684478, 9.358765011391439], [78.78739030024344, 9.358765579261446], [78.78739144377185, 9.358584816765529], [78.7873004404181, 9.358584248904505], [78.78730101220475, 9.358493867661037], [78.78721000887795, 9.358493299773064], [78.78721172425591, 9.35822215606063], [78.78712072100996, 9.358221588172658], [78.78712186461921, 9.35804082570369]]], [[[78.78712186461921, 9.35804082570369], [78.78703086141817, 9.35804025779775], [78.78703143324077, 9.357949876572249], [78.78694043007566, 9.357949308657327], [78.78694100190724, 9.357858927431826], [78.78675899563991, 9.357857791539098], [78.7867595675164, 9.357767410322582], [78.78666856441419, 9.357766842344777], [78.78666970819413, 9.357586079920726], [78.7865787051458, 9.357585511933937], [78.78657984895268, 9.357404749527852], [78.78648884595826, 9.357404181523098], [78.7864899897831, 9.357223419125996], [78.78639898684258, 9.357222851112258], [78.78639955877297, 9.357132469913708], [78.78630855585939, 9.357131901882003], [78.78630912780775, 9.357041520692436], [78.78621812492113, 9.357040952651749], [78.78621926884479, 9.356860190272613], [78.78612826601207, 9.35685962221396], [78.78612883798738, 9.356769241033374], [78.7860378351816, 9.356768672956756], [78.78603840717487, 9.356678291785153], [78.78594740440502, 9.356677723681585], [78.78594797641627, 9.356587342518967], [78.78576597093047, 9.356586206266913], [78.78576654298662, 9.356495825104295], [78.78567554027967, 9.356495256946827], [78.7856761123448, 9.356404875793192], [78.7855851096648, 9.35640430762674], [78.78558625383998, 9.35622354531947], [78.78549525121387, 9.356222977135053], [78.78549582331495, 9.3561325959904], [78.78540482071577, 9.356132027788016], [78.78540539283482, 9.356041646652347], [78.7853143902626, 9.356041078431998], [78.7853149623996, 9.355950697296329], [78.78522395986332, 9.355950129058012], [78.78522453200931, 9.355859747931326], [78.78513352949997, 9.355859179675043], [78.78513524600082, 9.355588036294986], [78.78504424356335, 9.355587468038705], [78.78504481574527, 9.355497086912019], [78.78495381333475, 9.35549651863777], [78.78495495772553, 9.355315756402364], [78.78486395536892, 9.355315188110149], [78.78486452757778, 9.355224807001429], [78.7847735252571, 9.355224238691248], [78.78477409747495, 9.355133857582528], [78.78422808380235, 9.355130447272282], [78.78422751143178, 9.35522082834507], [78.78404550688023, 9.355219691374364], [78.78404493445578, 9.355310072438167], [78.78386292987729, 9.355308935359664], [78.7838623574079, 9.355399316414484], [78.78377135509619, 9.355398747834808], [78.78377078259986, 9.355489128880647], [78.78358877795849, 9.355487991640446], [78.78358992304098, 9.35530722957572], [78.78368092531676, 9.355307798200313], [78.78368149782207, 9.355217417163457], [78.78386350233768, 9.355218554313826], [78.78386407479807, 9.355128173267989], [78.78395507703792, 9.35512874180275], [78.78395564947137, 9.355038360747928], [78.78422865616393, 9.355040066199495], [78.78422922851654, 9.354949685126709], [78.78468423966183, 9.354952527054907], [78.78468481189765, 9.35486214595517], [78.78504882082107, 9.35486441906115], [78.78504767654707, 9.355045181305538], [78.78513867883183, 9.35504574953487], [78.78513696244777, 9.355316892914928], [78.78522796481336, 9.355317461144262], [78.78522739269432, 9.355407842270948], [78.78531839509586, 9.35540841047333], [78.7853178229948, 9.355498791617983], [78.78540882542327, 9.355499359802401], [78.78540825334017, 9.355589740947053], [78.78559025826003, 9.355590877261989], [78.78558739798822, 9.356042783021183], [78.7856784005784, 9.356043351169667], [78.78567782852225, 9.356133732332285], [78.78576883113939, 9.356134300462804], [78.785767687072, 9.35631506278804], [78.78594969241405, 9.356316199004162], [78.78595026440733, 9.35622581783256], [78.7860412670604, 9.356226385900197], [78.78604069509407, 9.356316767071798], [78.78622270047207, 9.35631790315317], [78.78622212855065, 9.35640828434274], [78.7863131312666, 9.356408852347494], [78.78631198745073, 9.356589614735613], [78.78640299022956, 9.356590182731383], [78.78640241832612, 9.356680563929935], [78.7864934211319, 9.356681131916723], [78.78649284925541, 9.356771513115273], [78.78658385208813, 9.356772081075112], [78.78658270836209, 9.35695284349018], [78.78667371124872, 9.356953411441035], [78.78667256754963, 9.357134173865088], [78.78676357048117, 9.35713474180696], [78.7867618549595, 9.357405885456512], [78.78685285797188, 9.357406453389402], [78.78685114246817, 9.35767759705692], [78.78694214556141, 9.357678164980825], [78.78694157373882, 9.357768546206326], [78.78703257685002, 9.357769114112266], [78.78703200504539, 9.357859495337767], [78.78712300819254, 9.35786006322574], [78.78712186461921, 9.35804082570369]]]]}, "id": "+5674+6518", "properties": {"count": 190, "water": 1}}, {"type": "Feature", "geometry": {"geodesic": false, "type": "Polygon", "coordinates": [[[78.78602167289962, 9.316095397291058], [78.78602281182864, 9.315914634534629], [78.78620479624895, 9.315915765756117], [78.78620536565508, 9.31582538436892], [78.78638735004843, 9.315826515491592], [78.78638621131702, 9.316007278292936], [78.7864772035676, 9.316007843836307], [78.78647663421536, 9.31609822524147], [78.7865676264929, 9.316098790766874], [78.78656705715863, 9.316189172172038], [78.78647606485416, 9.316188606646634], [78.78647549549295, 9.31627898806078], [78.7861115262481, 9.316276725698653], [78.78611266515018, 9.316095962933241], [78.78602167289962, 9.316095397291058]]]}, "id": "+5686+6950", "properties": {"count": 20, "water": 1}}, {"type": "Feature", "geometry": {"geodesic": false, "type": "Polygon", "coordinates": [[[78.7856766599578, 9.370685661131603], [78.78567723291228, 9.370595280049832], [78.78576823928437, 9.370595849051716], [78.78576995803998, 9.37032470578844], [78.78595197067636, 9.37032584368441], [78.78595311638767, 9.370145081484937], [78.7861351289522, 9.37014621927311], [78.78613398333071, 9.37032698149055], [78.78631599601201, 9.370328119206857], [78.78631370488583, 9.370689643695634], [78.78622269845086, 9.370689074828498], [78.78622212563113, 9.3707794559462], [78.7861311191782, 9.370778887052113], [78.78613169202487, 9.370688505943393], [78.7856766599578, 9.370685661131603]]]}, "id": "+5687+6349", "properties": {"count": 30, "water": 1}}, {"type": "Feature", "geometry": {"geodesic": false, "type": "MultiPolygon", "coordinates": [[[[78.78553094273538, 9.393642440081893], [78.78553036830768, 9.393732821037899], [78.78543935591686, 9.393732250580744], [78.78543993036254, 9.39364186963372], [78.78553094273538, 9.393642440081893]]], [[[78.79107640520202, 9.394671387503262], [78.79116741819469, 9.394671956559046], [78.79116684516836, 9.394762337856411], [78.79107583214874, 9.394761768791646], [78.79107640520202, 9.394671387503262]]], [[[78.78562252950897, 9.39355262954711], [78.7856219551172, 9.393643010512099], [78.78553094273538, 9.393642440081893], [78.7855315171541, 9.393552059125886], [78.78562252950897, 9.39355262954711]]], [[[78.78662711050555, 9.393016616477206], [78.78662653640124, 9.393106997505079], [78.78644451180828, 9.393105857210607], [78.78644393765006, 9.393196238229494], [78.78626191303016, 9.393195097827224], [78.78626076460593, 9.393375859829067], [78.78616975226005, 9.393375289587508], [78.786169178012, 9.39346567058843], [78.78589614092942, 9.393463959693072], [78.78589556660951, 9.393554340667045], [78.78562252950897, 9.39355262954711], [78.78562310390075, 9.39346224858212], [78.78571411623766, 9.393462818976392], [78.78571469060248, 9.393372438011403], [78.78589671524934, 9.393373578710117], [78.78589728956027, 9.393283197727161], [78.78598830186124, 9.393283768040586], [78.78598887614521, 9.393193387048647], [78.78617090072919, 9.393194527594648], [78.78617147495926, 9.393104146593727], [78.7863534995163, 9.39310528703193], [78.78635407369248, 9.393014906022024], [78.78662711050555, 9.393016616477206]]], [[[78.79062535237523, 9.394035872990074], [78.79044332679412, 9.394034734644945], [78.79044389996419, 9.393944353392495], [78.79035288721406, 9.393943784192981], [78.79035346040209, 9.39385340294053], [78.79026244767891, 9.39385283371407], [78.79026302088491, 9.393762452470602], [78.79017200818868, 9.393761883235156], [78.79017315462762, 9.393581120748221], [78.7900821419853, 9.393580551503792], [78.79008271521825, 9.393490170260325], [78.78999170261184, 9.39348960099793], [78.78999227586277, 9.393399219763447], [78.78990126327433, 9.3933986504741], [78.7899018365522, 9.393308269248601], [78.78981082399072, 9.393307699950272], [78.78981139728654, 9.393217318724773], [78.78962937223545, 9.39321618005625], [78.78962994556721, 9.393125798848716], [78.7895389330776, 9.393125229487506], [78.78953950642733, 9.39303484827997], [78.78944849396466, 9.393034278900796], [78.78944906733236, 9.392943897702244], [78.78935805489664, 9.392943328296118], [78.7893586282823, 9.39285294710655], [78.78926761588251, 9.39285237769144], [78.78926818927715, 9.39276199649289], [78.78917717690432, 9.392761427059813], [78.78917775032592, 9.39267104587923], [78.78899572564313, 9.392669906950196], [78.78899629910964, 9.392579525778595], [78.78872326219775, 9.39257781722784], [78.78872268865936, 9.392668198381475], [78.78808560257053, 9.392664210903659], [78.78808502887047, 9.392754592021362], [78.7879940165695, 9.39275402228286], [78.78799344284248, 9.39284440339158], [78.78790243052353, 9.392843833626127], [78.78790185676058, 9.392934214734847], [78.78753780745788, 9.392931935403544], [78.78753838131067, 9.392841554321773], [78.78726534447064, 9.392839844603209], [78.787264770537, 9.392930225667014], [78.786991733679, 9.392928515714887], [78.7869911596735, 9.393018896760724], [78.78662711050555, 9.393016616477206], [78.78662768460089, 9.392926235449336], [78.786900721396, 9.39292794567994], [78.78690129541947, 9.392837564643086], [78.78717433219661, 9.392839274640128], [78.78717490613923, 9.392748893585306], [78.78744794289841, 9.39275060335777], [78.78744851676917, 9.392660222284983], [78.78781256576644, 9.392662501634252], [78.78781313952939, 9.392572120534517], [78.7882682007917, 9.39257496917313], [78.78826877443788, 9.392484588037462], [78.78854181118808, 9.392486296929576], [78.7885423847534, 9.392395915775941], [78.78872440923857, 9.392397054911585], [78.78872498275898, 9.392306673748967], [78.78881599498808, 9.392307243271874], [78.78881656847255, 9.392216862109256], [78.78899859289483, 9.392218001074221], [78.78899916632541, 9.392127619893637], [78.78918119072972, 9.392128758759787], [78.78918061734406, 9.392219139949356], [78.78927162957316, 9.392219709346499], [78.78927048283778, 9.392400471734618], [78.78936149512079, 9.392401041122778], [78.78936092176207, 9.392491422321328], [78.789451934081, 9.392491991691521], [78.78945136074026, 9.392582372890073], [78.78954237308615, 9.3925829422423], [78.78954179976337, 9.392673323449834], [78.7896328121362, 9.392673892793079], [78.78963223883139, 9.392764274000612], [78.78972325124015, 9.392764843316908], [78.7897226779533, 9.392855224533424], [78.78990470282474, 9.392856363112115], [78.78990412958281, 9.392946744337616], [78.78999514204548, 9.392947313600011], [78.78999456882151, 9.393037694834494], [78.79008558132011, 9.393038264078923], [78.79008443489913, 9.393219026547891], [78.79017544744265, 9.393219595783338], [78.79017430104861, 9.393400358270272], [78.79026531365501, 9.393400927478767], [78.79026416727895, 9.393581689974685], [78.79035517993026, 9.393582259183182], [78.79035403358114, 9.393763021688082], [78.79044504629533, 9.393763590878612], [78.79044447313426, 9.393853972131062], [78.79053548586641, 9.393854541312608], [78.79053491273228, 9.393944922574041], [78.7906259254914, 9.39394549172864], [78.79062535237523, 9.394035872990074]]], [[[78.79062535237523, 9.394035872990074], [78.79080737796531, 9.39403701124537], [78.79080623179586, 9.394217773804169], [78.79089724465378, 9.394218342904868], [78.7908960985023, 9.39439910547265], [78.79080508560844, 9.394398536353984], [78.79080565870665, 9.394308155083568], [78.79071464583075, 9.394307585946937], [78.79071521894691, 9.39421720467652], [78.79062420610695, 9.394216635530906], [78.79062535237523, 9.394035872990074]]], [[[78.7908960985023, 9.39439910547265], [78.79098711141413, 9.394399674555382], [78.79098596528958, 9.394580437132147], [78.79089495233285, 9.39457986803145], [78.7908960985023, 9.39439910547265]]], [[[78.79098596528958, 9.394580437132147], [78.7910769782553, 9.39458100621488], [78.79107640520202, 9.394671387503262], [78.79098539221833, 9.394670818420531], [78.79098596528958, 9.394580437132147]]]]}, "id": "+5722+6106", "properties": {"count": 168, "water": 1}}, {"type": "Feature", "geometry": {"geodesic": false, "type": "Polygon", "coordinates": [[[78.789908473045, 9.349110090583402], [78.7899096140761, 9.348929327683244], [78.79000061508525, 9.348929894295608], [78.79000118556935, 9.348839512836546], [78.7902741885429, 9.348841212529912], [78.79027475895514, 9.348750831052884], [78.79036575993733, 9.348751397557452], [78.79036518955203, 9.348841779043463], [78.79045619056119, 9.348842345539047], [78.79045447944125, 9.3491134899881], [78.79036347836023, 9.349112923483533], [78.79036290795699, 9.349203304960563], [78.789998903597, 9.349201038672797], [78.78999947409908, 9.349110657213734], [78.789908473045, 9.349110090583402]]]}, "id": "+5732+6586", "properties": {"count": 22, "water": 1}}, {"type": "Feature", "geometry": {"geodesic": false, "type": "MultiPolygon", "coordinates": [[[[78.7849127960882, 9.304338467739246], [78.78491222705937, 9.30442884911746], [78.7846392596052, 9.304427153322782], [78.78463869050451, 9.304517534674048], [78.7843657230234, 9.304515838663773], [78.78436515385083, 9.304606219997073], [78.78409218635176, 9.304604523753238], [78.78409161709834, 9.304694905077552], [78.78381864959029, 9.30469320860914], [78.78381808025603, 9.304783589906505], [78.78354511273001, 9.304781893213512], [78.78354568212715, 9.304691511934111], [78.78372766042992, 9.304692643074752], [78.78372822977316, 9.304602261777385], [78.78400119720037, 9.304603958290715], [78.78400176647175, 9.304513576984366], [78.78418374473858, 9.304514707864495], [78.78418431395608, 9.304424326540179], [78.78427530307152, 9.304424891939819], [78.78427587226206, 9.30433451060652], [78.78436686136853, 9.304335075988194], [78.78436629219595, 9.304425457321493], [78.7845482704628, 9.304426588012975], [78.78454883958146, 9.30433620666171], [78.7849127960882, 9.304338467739246]]], [[[78.786104185539, 9.302990091970273], [78.78610475416359, 9.302899710520194], [78.78619574300954, 9.30290027533593], [78.78619517440292, 9.302990656794991], [78.786104185539, 9.302990091970273]]], [[[78.79061142973698, 9.295244911078267], [78.79052044259782, 9.295244347843566], [78.79052157663104, 9.29506358432357], [78.79043058954578, 9.295063021070904], [78.79043229061357, 9.294791875804384], [78.79052327762696, 9.2947924390301], [78.79052384461662, 9.294702057265612], [78.79061483161205, 9.29470262047336], [78.79061142973698, 9.295244911078267]]], [[[78.78500435423248, 9.304248651572026], [78.7850037852306, 9.304339032950239], [78.7849127960882, 9.304338467739246], [78.78491336510804, 9.304248086370015], [78.78500435423248, 9.304248651572026]]], [[[78.78527845945685, 9.304069584268914], [78.78527789053581, 9.304159965665095], [78.78518690142934, 9.304159400525966], [78.78518633248136, 9.304249781922147], [78.78500435423248, 9.304248651572026], [78.7850049232164, 9.304158270202795], [78.78509591232287, 9.304158835377855], [78.78509648127984, 9.304068453990658], [78.78527845945685, 9.304069584268914]]], [[[78.78555256442968, 9.303890516678344], [78.7855519955895, 9.30398089809249], [78.78546100650998, 9.303980333043192], [78.78546043765182, 9.304070714448356], [78.78527845945685, 9.304069584268914], [78.7852790283689, 9.303979202872734], [78.78537001743943, 9.303979767966947], [78.78537058631555, 9.303889386561783], [78.78555256442968, 9.303890516678344]]], [[[78.786104185539, 9.302990091970273], [78.78610361689644, 9.303080473420353], [78.78628559468717, 9.303081603060805], [78.78628616327583, 9.302991221601744], [78.78637715214875, 9.302991786381545], [78.78637772071045, 9.3029014049135], [78.78646870957438, 9.302901969666353], [78.78646984663492, 9.302721206712295], [78.78665182427294, 9.302722336128168], [78.7866523927538, 9.302631954633174], [78.78674338155483, 9.302632519305178], [78.78674394999976, 9.302542137810184], [78.78692592758388, 9.30254326706436], [78.78692649598389, 9.302452885560381], [78.78710847354107, 9.302454014706761], [78.78710904188718, 9.302363633184816], [78.78738200820048, 9.30236532671574], [78.78738257646575, 9.302274945184813], [78.78747356522187, 9.302275509641222], [78.7874741334602, 9.30218512810131], [78.78738314472203, 9.302184563644902], [78.78738428122561, 9.302003800583046], [78.78765724731433, 9.302005493835491], [78.78765667912991, 9.302095875384385], [78.78865755549222, 9.302102082257909], [78.78865812340715, 9.302011700646132], [78.78893108973841, 9.302013392928396], [78.78893165758147, 9.301923011298655], [78.78920462389476, 9.30192470335634], [78.78920519166596, 9.30183432170863], [78.7893871691872, 9.301835449615336], [78.78938773690449, 9.301745067958644], [78.78947872565163, 9.30174563186708], [78.78947929334198, 9.301655250210388], [78.78966127080034, 9.301656377955396], [78.78966183843677, 9.301565996280738], [78.78975282715697, 9.301566560108325], [78.78975339476646, 9.301476178433667], [78.78993537217093, 9.301477306016979], [78.78993593972652, 9.301386924324355], [78.79002692841078, 9.301387488080078], [78.79002749593943, 9.301297106378469], [78.79020947328101, 9.301298233800082], [78.79021004075575, 9.301207852089492], [78.79030102941307, 9.301208415764368], [78.79030216429967, 9.301027652325219], [78.79066611880316, 9.301029906737256], [78.79066668614317, 9.300939524999716], [78.79075767475557, 9.300940088539843], [78.79075824206862, 9.30084970679332], [78.79084923067202, 9.300850270306498], [78.79084979794915, 9.30075988855099], [78.79094078653459, 9.300760452028236], [78.79094192102595, 9.30057968850824], [78.79103290957546, 9.300580251958534], [78.7910334767897, 9.300489870194045], [78.79112446531227, 9.30049043361739], [78.79112503249955, 9.30040005184392], [78.79121602100415, 9.300400615231332], [78.79121658816449, 9.300310233457859], [78.79130757665112, 9.300310796818323], [78.7913081437845, 9.300220415035866], [78.79139913225318, 9.300220978369381], [78.7914002664481, 9.300040214786502], [78.79149125488082, 9.300040778084085], [78.79149238900386, 9.299860014492223], [78.79158337739169, 9.299860577753874], [78.79158451145184, 9.299679814144046], [78.79149352310895, 9.299679250891378], [78.79149409015251, 9.299588869090956], [78.79140310183655, 9.299588305820324], [78.79140707114145, 9.2989556332533], [78.79131608299618, 9.298955070000634], [78.79131721707431, 9.298774306417755], [78.79122622898294, 9.298773743147123], [78.79122679603547, 9.298683361364667], [78.79113580797105, 9.298682798076067], [78.79113637504156, 9.29859241629361], [78.79104538701307, 9.298591852987046], [78.79104595410153, 9.298501471213573], [78.79095496609101, 9.298500907889041], [78.79095553320643, 9.298410526124552], [78.79077355725725, 9.29840939942159], [78.79077412439962, 9.2983190176571], [78.79068313646096, 9.29831845427867], [78.79068370363028, 9.298228072523163], [78.79059271571857, 9.298227509126766], [78.79059328289688, 9.298137127380242], [78.79050229501212, 9.29813656396588], [78.79050286221737, 9.298046182219355], [78.79041187435955, 9.298045618787027], [78.79041244158277, 9.297955237049486], [78.7903214537609, 9.297954673599191], [78.7903225882253, 9.29777391012411], [78.79023160044834, 9.297773346664831], [78.79023273493969, 9.297592583198734], [78.79105162468083, 9.297597653415961], [78.7910572946942, 9.296693835573434], [78.7909663071508, 9.2966932723567], [78.79096687414943, 9.296602890574245], [78.79087588663299, 9.296602327348529], [78.79087702064822, 9.296421563801582], [78.79096800811078, 9.296422127009333], [78.79096857509145, 9.296331745226876], [78.79087758764688, 9.296331182019125], [78.79087872162619, 9.296150418463197], [78.79096970902586, 9.296150981661965], [78.79097197682279, 9.295789454523156], [78.79088098952194, 9.295788891342356], [78.79088269037413, 9.295517745994987], [78.79079170315413, 9.295517182814187], [78.79079227011682, 9.295426801040714], [78.79061029573072, 9.29542567461623], [78.79061142973698, 9.295244911078267], [78.79070241687614, 9.295245474295001], [78.79070298384782, 9.295155092521528], [78.790793970978, 9.29515565570233], [78.79079567178529, 9.294884510363943], [78.79070468472698, 9.294883947201109], [78.79070695247898, 9.294522420098234], [78.79052497857796, 9.294521293736631], [78.79052554554966, 9.294430911972142], [78.79088949328883, 9.294433164578566], [78.7908900601617, 9.294342782787126], [78.79098104709425, 9.294343345878096], [78.79098048023934, 9.294433727669535], [78.79107146719883, 9.294434290742538], [78.79107090037087, 9.294524672533978], [78.79116188735732, 9.294525235589013], [78.79115678582482, 9.295338671810782], [78.79124777302687, 9.295339234892769], [78.79124663933501, 9.295519998502597], [78.79133762659094, 9.295520561566617], [78.79133705975401, 9.295610943376023], [78.7914280470369, 9.295611506422075], [78.79142464607811, 9.296153797305458], [78.79151563350473, 9.296154360369478], [78.79151449984882, 9.296335124006255], [78.79160548732933, 9.29633568705231], [78.79160492051933, 9.296426068870698], [78.79169590802681, 9.296426631907769], [78.79169534123477, 9.29651701373514], [78.79178632877817, 9.296517576745261], [78.79178576199513, 9.296607958572634], [78.79187674956549, 9.296608521573772], [78.79187618280939, 9.296698903410126], [78.79196717039771, 9.296699466384315], [78.79196603691247, 9.296880230074992], [78.79187504927025, 9.296879667082838], [78.79187334892111, 9.297150812591902], [78.79178236121601, 9.297150249563813], [78.79178009391315, 9.297511776873302], [78.79187108170808, 9.297512339928339], [78.79186994807013, 9.297693103592065], [78.79196093592793, 9.297693666629137], [78.79196036911794, 9.297784048465491], [78.7920513570027, 9.297784611484595], [78.79205079021068, 9.297874993329934], [78.79214177812239, 9.297875556331071], [78.7921412113573, 9.297965938176409], [78.79232318724361, 9.297967064124787], [78.79232262051447, 9.298057445988091], [78.79241360848906, 9.298058008926347], [78.79241304177788, 9.298148390789652], [78.79259501778995, 9.29814951663023], [78.79259105097339, 9.29878218972726], [78.79268203915458, 9.29878275264755], [78.79268033907495, 9.299053898273398], [78.79258935082187, 9.299053335344125], [78.79258878409273, 9.299143717207428], [78.79249779583067, 9.299143154242223], [78.79249552876138, 9.29950468169544], [78.79258651712225, 9.299505244678613], [78.79258311649583, 9.300047535867423], [78.79249212800022, 9.300046972848317], [78.79249099436227, 9.300227736565944], [78.79240000582173, 9.300227173510907], [78.79239943896683, 9.300317555356246], [78.79230845040833, 9.30031699227426], [78.79230788353544, 9.300407374119597], [78.7921259063915, 9.300406247865793], [78.79212477251998, 9.300587011538502], [78.79194279530418, 9.300585885167918], [78.79194166131587, 9.300766648813678], [78.79185067267653, 9.300766085587961], [78.79185010565094, 9.300856467397367], [78.79166812832733, 9.300855340865084], [78.79166756125683, 9.300945722665507], [78.79157657258155, 9.300945159358943], [78.79157600547511, 9.301035541159365], [78.79139402808862, 9.301034414456403], [78.79139346093726, 9.30112479624784], [78.7912114835328, 9.301123669446065], [78.79121091631856, 9.301214051219537], [78.79111992760735, 9.301213487778226], [78.79111936036617, 9.301303869542714], [78.79093738289883, 9.301302742579242], [78.79093681561272, 9.301393124334748], [78.79084582686559, 9.301392560812587], [78.79084525954354, 9.301482942568095], [78.79057229327518, 9.301481251839915], [78.79057172587228, 9.301571633577455], [78.79048073710717, 9.301571069947496], [78.79048016967734, 9.301661451676054], [78.7902981921112, 9.30166032434427], [78.79029762463644, 9.301750706063844], [78.7902066358354, 9.301750142353038], [78.79020606832472, 9.301840524063628], [78.79002409070466, 9.301839396570148], [78.79002352314009, 9.301929778271758], [78.7899325343121, 9.3019292144801], [78.78993196672056, 9.302019596172727], [78.7898409778746, 9.30201903235412], [78.78984041026511, 9.302109414046745], [78.7895674436913, 9.302107722438217], [78.78956687599198, 9.302198104112875], [78.78938489826412, 9.302196976251087], [78.78938433051988, 9.30228735790778], [78.78920235275609, 9.302286229938192], [78.78920178495795, 9.3023766115859], [78.78911079606708, 9.302376047560683], [78.789110228242, 9.30246642919941], [78.7889282504243, 9.302465301068127], [78.78892768254532, 9.302555682697868], [78.78847273799214, 9.30255286194296], [78.78847216998737, 9.302643243545754], [78.78792623657925, 9.302639857849346], [78.78792566843076, 9.302730239407223], [78.78756171284031, 9.302727981797185], [78.78756114459301, 9.302818363337096], [78.78728817789344, 9.302816669860071], [78.78728760957428, 9.302907051382016], [78.78701464285675, 9.302905357689395], [78.78701407445672, 9.302995739193374], [78.78683209662108, 9.302994609939198], [78.78683152817615, 9.303084991434192], [78.78664955032254, 9.303083862063234], [78.78664898181472, 9.303174243549247], [78.78646700394314, 9.303173114088455], [78.78646643538144, 9.303263495556502], [78.7862844574829, 9.303262365987914], [78.78628388887628, 9.303352747446977], [78.78619289991354, 9.303352182622259], [78.78619233127098, 9.303442564072338], [78.78610134229028, 9.30344199922067], [78.78610077362976, 9.30353238067075], [78.78591879563241, 9.303531250877583], [78.785918226909, 9.30362163231868], [78.78582723790134, 9.30362106737718], [78.78582666915099, 9.303711448809294], [78.78564469109975, 9.303710318863414], [78.78564525989502, 9.303619937440283], [78.78546328190666, 9.303618807404572], [78.78546441957805, 9.303438044585262], [78.78564639746759, 9.303439174603007], [78.7856469662449, 9.303348793179877], [78.78573795517171, 9.303349358139343], [78.78573852392206, 9.303258976716211], [78.7858295128309, 9.303259541648728], [78.78583008155431, 9.303169160216616], [78.78601205934504, 9.303170290009781], [78.78601319667507, 9.302989527118607], [78.786104185539, 9.302990091970273]], [[78.79141954424917, 9.29696723359909], [78.79142011114001, 9.296876851789685], [78.79160208637055, 9.296877977980609], [78.79160151952462, 9.296968359798997], [78.79141954424917, 9.29696723359909]]], [[[78.78564469109975, 9.303710318863414], [78.78564355349124, 9.30389108170069], [78.78555256442968, 9.303890516678344], [78.7855537020831, 9.303709753850049], [78.78564469109975, 9.303710318863414]]]]}, "id": "+5735+7188", "properties": {"count": 1165, "water": 1}}, {"type": "Feature", "geometry": {"geodesic": false, "type": "Polygon", "coordinates": [[[78.79043569259642, 9.294249585244394], [78.79043852741894, 9.293797676430929], [78.79080247449336, 9.293799928965488], [78.79080304134828, 9.293709547183031], [78.790985014872, 9.293710673302089], [78.79098444806202, 9.293801055102511], [78.79107543485982, 9.293801618130598], [78.79107260084578, 9.294253527141693], [78.79043569259642, 9.294249585244394]]]}, "id": "+5735+7195", "properties": {"count": 37, "water": 1}}, {"type": "Feature", "geometry": {"geodesic": false, "type": "MultiPolygon", "coordinates": [[[[78.79152688657453, 9.395397283107206], [78.79143587337525, 9.39539671409634], [78.79143644637463, 9.395306332789989], [78.79152745954697, 9.395306901791873], [78.79152688657453, 9.395397283107206]]], [[[78.7926064447646, 9.397392499698812], [78.79269745855677, 9.397393068530016], [78.79269688575502, 9.397483449908231], [78.79260587193589, 9.397482881068044], [78.7926064447646, 9.397392499698812]]], [[[78.79152688657453, 9.395397283107206], [78.79170891299107, 9.395398421057076], [78.79170776712705, 9.39557918371469], [78.79161675386487, 9.395578614739755], [78.79161732682833, 9.395488233415438], [78.79152631359311, 9.395487664422538], [78.79152688657453, 9.395397283107206]]], [[[78.79170776712705, 9.39557918371469], [78.79179878038921, 9.395579752662673], [78.79179820747068, 9.395670133995973], [78.79170719418155, 9.395669565039004], [78.79170776712705, 9.39557918371469]]], [[[78.79179820747068, 9.395670133995973], [78.7918892207598, 9.395670702925992], [78.79188864785922, 9.395761084268273], [78.79179763454316, 9.395760515320287], [78.79179820747068, 9.395670133995973]]], [[[78.79188864785922, 9.395761084268273], [78.79197966118427, 9.395761653180326], [78.79197851541008, 9.395942415864889], [78.79188750203113, 9.39594184693487], [78.79188864785922, 9.395761084268273]]], [[[78.79197851541008, 9.395942415864889], [78.79206952878005, 9.395942984767958], [78.79206666435803, 9.396394891488349], [78.7919756508623, 9.396394322558331], [78.79197851541008, 9.395942415864889]]], [[[78.79206666435803, 9.396394891488349], [78.79215767786275, 9.396395460400402], [78.79215538630537, 9.396756985787494], [78.79224639990889, 9.396757554690565], [78.79224582703527, 9.396847936050811], [78.79233684066575, 9.396848504935916], [78.79233569493647, 9.397029267647428], [78.79224468126108, 9.397028698753342], [78.79224525414368, 9.396938317402077], [78.79215424049524, 9.39693774848104], [78.79215481340479, 9.396847367129777], [78.79206379979229, 9.396846798199757], [78.79206666435803, 9.396394891488349]]], [[[78.79233569493647, 9.397029267647428], [78.79242670862085, 9.397029836523547], [78.79242613577418, 9.397120217892779], [78.7925171494855, 9.397120786750932], [78.79251657664781, 9.39721116811118], [78.79260759039506, 9.397211736960351], [78.7926064447646, 9.397392499698812], [78.79251543097243, 9.397391930849642], [78.7925160038191, 9.397301549480412], [78.79242499005387, 9.397300980613274], [78.79242556291851, 9.397210599253027], [78.79233454918922, 9.39721003035894], [78.79233569493647, 9.397029267647428]]]]}, "id": "+5748+6071", "properties": {"count": 29, "water": 1}}, {"type": "Feature", "geometry": {"geodesic": false, "type": "MultiPolygon", "coordinates": [[[[78.7932993073752, 9.28739800520603], [78.79320832210452, 9.287397443130159], [78.79320888794433, 9.287307061159055], [78.79311790269163, 9.287306499065217], [78.79311846854942, 9.287216117103096], [78.79302748333265, 9.287215554982307], [78.7930280492084, 9.287125173029171], [78.793210019606, 9.287126297225834], [78.79320945377516, 9.287216679196936], [78.7933004390099, 9.287217241263827], [78.7932993073752, 9.28739800520603]]], [[[78.79438208176754, 9.288850860908546], [78.79447306748736, 9.288851422777807], [78.7944725018811, 9.28894180481179], [78.79438151613434, 9.28894124294253], [78.79438208176754, 9.288850860908546]]], [[[78.7932993073752, 9.28739800520603], [78.79339029266382, 9.287398567263939], [78.79338972685993, 9.287488949244024], [78.79348071217551, 9.287489511283963], [78.7934801463896, 9.28757989326405], [78.79357113173212, 9.287580455286024], [78.79357000019623, 9.287761219255177], [78.79366098559265, 9.28776178126817], [78.79366041984268, 9.287852163257238], [78.79375140526605, 9.287852725252263], [78.79375083952506, 9.287943107250314], [78.79384182497537, 9.28794366921839], [78.79384125926133, 9.288034051225425], [78.79393224473861, 9.288034613184518], [78.79393167904253, 9.288124995191552], [78.79402266454674, 9.288125557123696], [78.79402153318154, 9.288306321146749], [78.79411251873965, 9.28830688307889], [78.7941113873924, 9.288487647110927], [78.79402040178039, 9.2884870851698], [78.79402096748545, 9.288396703162766], [78.79392998190038, 9.288396141203673], [78.79393111333745, 9.288215377189603], [78.79374914228408, 9.288214253235486], [78.79374970803407, 9.288123871237435], [78.79365872254782, 9.288123309233427], [78.79365928831577, 9.288032927235376], [78.79356830284746, 9.2880323652134], [78.79356886864237, 9.287941983224332], [78.79347788320102, 9.287941421184392], [78.79347958060369, 9.287670275244135], [78.79338859524319, 9.28766971319521], [78.79338916105606, 9.287579331215126], [78.79329817572251, 9.287578769148237], [78.7932993073752, 9.28739800520603]]], [[[78.7941113873924, 9.288487647110927], [78.79420237300442, 9.288488209025104], [78.79420124168412, 9.288668973066123], [78.7941102560182, 9.288668411142963], [78.7941113873924, 9.288487647110927]]], [[[78.79420124168412, 9.288668973066123], [78.79429222735004, 9.288669534971316], [78.79429166169888, 9.288759916996318], [78.79420067600601, 9.28875935508214], [78.79420124168412, 9.288668973066123]]], [[[78.79429166169888, 9.288759916996318], [78.79438264740074, 9.288760478883544], [78.79438208176754, 9.288850860908546], [78.79429109604771, 9.288850299021318], [78.79429166169888, 9.288759916996318]]]]}, "id": "+5759+7268", "properties": {"count": 34, "water": 1}}, {"type": "Feature", "geometry": {"geodesic": false, "type": "MultiPolygon", "coordinates": [[[[78.79278675400656, 9.397664781477898], [78.79287776788857, 9.397665350282152], [78.79287719511376, 9.39775573166935], [78.79296820902272, 9.397756300446655], [78.79296763626587, 9.397846681833853], [78.79314966414667, 9.397847819343546], [78.79314851871382, 9.39802858214489], [78.79323953271262, 9.398029150868298], [78.79323896000967, 9.398119532282445], [78.7933299740354, 9.398120100987885], [78.79332768326854, 9.398481626635489], [78.7934186973931, 9.398482195340929], [78.79341583393229, 9.398934102411664], [78.7935068481826, 9.398934671126087], [78.79350570280366, 9.399115433963363], [78.79341468850843, 9.399114865230974], [78.79341411578753, 9.39920524664512], [78.79332310147433, 9.399204677894764], [78.79332424696106, 9.399023915084436], [78.79323323270177, 9.399023346316115], [78.79323609642309, 9.39857143929928], [78.79314508228956, 9.39857087053994], [78.79314622778527, 9.398390107747579], [78.79305521370564, 9.398389538970275], [78.79305578647147, 9.398299157574094], [78.79296477241878, 9.398298588787805], [78.79296706350902, 9.397937063230033], [78.79287604955516, 9.397936494434761], [78.79287662233895, 9.397846113047564], [78.79278560841203, 9.397845544243308], [78.79278675400656, 9.397664781477898]]], [[[78.79278675400656, 9.397664781477898], [78.79269574013354, 9.397664212655677], [78.79269631295325, 9.397573831277462], [78.79278732679933, 9.397574400099684], [78.79278675400656, 9.397664781477898]]]]}, "id": "+5762+6046", "properties": {"count": 42, "water": 1}}, {"type": "Feature", "geometry": {"geodesic": false, "type": "Polygon", "coordinates": [[[78.79181052313068, 9.33610646850712], [78.79181109235714, 9.336016086868394], [78.79235707905333, 9.336019478637413], [78.79235764813606, 9.335929096971737], [78.79253964369548, 9.335930227366775], [78.79253907466664, 9.336020609041434], [78.79308506165029, 9.33602399969654], [78.79308563053539, 9.33593361798595], [78.79399560906008, 9.335939267149412], [78.79399504040853, 9.336029648922885], [78.79335805521848, 9.336025694709683], [78.79335748639625, 9.336116076438241], [78.79181052313068, 9.33610646850712]]]}, "id": "+5771+6728", "properties": {"count": 29, "water": 1}}, {"type": "Feature", "geometry": {"geodesic": false, "type": "Polygon", "coordinates": [[[78.79367856829975, 9.400562674126355], [78.79368028649841, 9.40029152986595], [78.79377130111703, 9.400292098589356], [78.793771873811, 9.400201717166226], [78.79404491763093, 9.400203423183731], [78.79404434500884, 9.400293804633812], [78.79413535964542, 9.400294373267386], [78.7941347870413, 9.400384754717464], [78.79422580170484, 9.400385323333074], [78.79422465652354, 9.400566086242216], [78.7941336418061, 9.40056551760864], [78.794133069184, 9.400655899058721], [78.7940420544486, 9.40065533040718], [78.79404148179057, 9.400745711848275], [78.7938594522928, 9.400744574455361], [78.79386002499575, 9.400654193023248], [78.79376901026933, 9.400653624299842], [78.79376958299024, 9.400563242876713], [78.79367856829975, 9.400562674126355]]]}, "id": "+5776+6017", "properties": {"count": 26, "water": 1}}, {"type": "Feature", "geometry": {"geodesic": false, "type": "Polygon", "coordinates": [[[78.79621258531681, 9.34517233190452], [78.79621542850265, 9.344720422605963], [78.79630642880213, 9.344720987358818], [78.79630699739977, 9.344630605486529], [78.79657999826227, 9.344632299574407], [78.79658113529585, 9.344451535811865], [78.79676313580498, 9.34445266505706], [78.79676256734209, 9.344543046956298], [78.7968535676236, 9.344543611547454], [78.79685299917867, 9.34463399344669], [78.79694399949611, 9.344634558028863], [78.79694343106017, 9.344724939928101], [78.79703443140457, 9.344725504492308], [78.79703386298658, 9.344815886400527], [78.79712486336692, 9.344816450946768], [78.79712258973991, 9.345177978597615], [78.79694058880858, 9.345176849442252], [78.79694002034569, 9.345267231350473], [78.79666701891723, 9.345265537424291], [78.7966664503735, 9.345355919305561], [78.79648444940624, 9.34535478989867], [78.79648558658354, 9.345174026154096], [78.79621258531681, 9.34517233190452]]]}, "id": "+5802+6634", "properties": {"count": 68, "water": 1}}, {"type": "Feature", "geometry": {"geodesic": false, "type": "MultiPolygon", "coordinates": [[[[78.7982091483393, 9.30252271740155], [78.7982080173334, 9.302703481792912], [78.79848098595536, 9.302705166888655], [78.79848155139992, 9.302614784675008], [78.7985725409286, 9.302615346328672], [78.798571975511, 9.30270572854232], [78.79866296507561, 9.302706290169036], [78.79866183427633, 9.302887054614297], [78.79847985506626, 9.302885931306967], [78.79847928961271, 9.302976313520615], [78.7983882999942, 9.302975751822034], [78.79838886547469, 9.30288536961737], [78.79829787588314, 9.302884807909805], [78.79829674487725, 9.30306557231015], [78.79802377600375, 9.303063886998812], [78.79802490714438, 9.3028831226344], [78.79793391757977, 9.302882560837004], [78.79793278638523, 9.30306332518345], [78.79784179677571, 9.303062763350122], [78.79784236239993, 9.302972381181391], [78.79775137282634, 9.302971819321114], [78.79775080717516, 9.303062201489844], [78.79765981758361, 9.303061639602618], [78.79766094891289, 9.30288087528312], [78.79756995936624, 9.30288031338691], [78.79756882799204, 9.303061077697425], [78.7972958592533, 9.30305939182913], [78.79729699077123, 9.302878627563532], [78.7973879802999, 9.302879189522624], [78.79738854602294, 9.302788807380843], [78.79775250410172, 9.302791054992632], [78.79775306972594, 9.302700672823901], [78.79811702779574, 9.302702920040433], [78.79811759333012, 9.302612537853735], [78.79802660382839, 9.302611976092273], [78.79802716937176, 9.302521593905574], [78.7982091483393, 9.30252271740155]]], [[[78.79830183422858, 9.302252132504105], [78.79830013782305, 9.302523279109113], [78.7982091483393, 9.30252271740155], [78.79820971382877, 9.30243233520587], [78.79793674545832, 9.30243064994843], [78.79793731101965, 9.302340267770715], [78.79811928987938, 9.302341391284658], [78.79812098638374, 9.30207024471558], [78.79821197575072, 9.302070806423144], [78.7982108448077, 9.302251570814507], [78.79830183422858, 9.302252132504105]]], [[[78.7985742371365, 9.302344199669765], [78.79857310633723, 9.302524964106041], [78.7984821168265, 9.302524402470343], [78.7984826822531, 9.302434020256696], [78.79839169276934, 9.302433458594047], [78.79839282364946, 9.30225269418472], [78.79830183422858, 9.302252132504105], [78.79830296512668, 9.302071368103759], [78.79839395451162, 9.302071929766408], [78.79839338908504, 9.302162311971072], [78.79857536790884, 9.302163435233487], [78.79857593329051, 9.30207305301984], [78.79848494389657, 9.302072491402106], [78.79848550928723, 9.301982109188458], [78.798940456194, 9.301984916998643], [78.79893932562828, 9.30216568148882], [78.79903031506713, 9.302166242989772], [78.79902918452837, 9.302347007479948], [78.79884720555185, 9.30234588443313], [78.7988460748963, 9.302526648896357], [78.79875508536763, 9.30252608732354], [78.79875565072236, 9.302435705091927], [78.79866466122961, 9.302435143501144], [78.7986652266023, 9.302344761278514], [78.7985742371365, 9.302344199669765]], [[78.7985742371365, 9.302344199669765], [78.7984832476707, 9.302343638043048], [78.79848381308831, 9.3022532558294], [78.79857480252716, 9.302253817456117], [78.7985742371365, 9.302344199669765]]]]}, "id": "+5823+7104", "properties": {"count": 85, "water": 1}}, {"type": "Feature", "geometry": {"geodesic": false, "type": "MultiPolygon", "coordinates": [[[[78.79984809019665, 9.302352060081214], [78.79993907974328, 9.30235262136657], [78.79993851469399, 9.302443003670048], [78.79984752512938, 9.30244244237571], [78.79984809019665, 9.302352060081214]]], [[[78.79984978537148, 9.302080913188743], [78.79985035042078, 9.301990530894248], [78.8000323293344, 9.301991653393094], [78.80003119932564, 9.302172418009034], [78.80012218883635, 9.302172979240492], [78.80012049385914, 9.302444126177878], [78.80002950427657, 9.302443564928454], [78.80003063431228, 9.302262800321497], [78.79993964478359, 9.30226223906309], [78.79994077484626, 9.302081474456132], [78.79984978537148, 9.302080913188743]]], [[[78.7994863926564, 9.301988285618076], [78.79948695779554, 9.301897903341548], [78.79966893661035, 9.301899026011073], [78.79966837152512, 9.301989408296587], [78.79975936097294, 9.301989969608892], [78.79975879589671, 9.302080351903387], [78.79984978537148, 9.302080913188743], [78.79984809019665, 9.302352060081214], [78.79966611112131, 9.30235093744762], [78.79966554600016, 9.30244131972415], [78.79975653556477, 9.302441881063404], [78.79975597046158, 9.302532263348917], [78.7995739913054, 9.302531140643458], [78.7995745564535, 9.302440758366929], [78.79948356689788, 9.302440196982758], [78.79948469722106, 9.302259432438682], [78.79939370772831, 9.30225887104553], [78.79939483806945, 9.302078106510436], [78.79930384862162, 9.302077545099316], [78.79930441381464, 9.301987162840753], [78.7994863926564, 9.301988285618076]], [[78.7994863926564, 9.301988285618076], [78.79957738208627, 9.301988846966315], [78.7995768169741, 9.302079229251827], [78.79948582751727, 9.302078667894607], [78.7994863926564, 9.301988285618076]]]]}, "id": "+5831+7105", "properties": {"count": 32, "water": 1}}, {"type": "Feature", "geometry": {"geodesic": false, "type": "Polygon", "coordinates": [[[78.79956259939199, 9.318890887315153], [78.7995631655552, 9.318800505119471], [78.79965415934188, 9.31880106746484], [78.79965472546917, 9.318710685260175], [78.79974571923789, 9.31871124756961], [78.79974628533822, 9.318620865364945], [78.79983727908898, 9.318621427647432], [78.79983671300661, 9.31871180986108], [78.79992770678433, 9.3187123721256], [78.79992600859114, 9.318983518775525], [78.80001700244073, 9.318984081031061], [78.8000164363943, 9.319074463253692], [78.80010743027081, 9.319075025500243], [78.80010629819593, 9.319255789954488], [78.80019729212636, 9.319256352183075], [78.80019616007841, 9.319437116637319], [78.80028715406274, 9.319437678856923], [78.80028602203276, 9.319618443329134], [78.800377016071, 9.319619005530772], [78.80037645006948, 9.319709387771368], [78.80046744414364, 9.319709949964023], [78.80046631216756, 9.3198907144542], [78.80055730629562, 9.319891276628887], [78.80055560836294, 9.320162423377628], [78.8000096432892, 9.320159049880342], [78.80001020941647, 9.320068667666694], [78.79991921527944, 9.320068105339294], [78.79992034755196, 9.319887340920982], [78.7998293534778, 9.319886778584596], [78.79983218417706, 9.31943486754331], [78.79974119021969, 9.319434305215907], [78.79974288864643, 9.319163158601915], [78.79965189476093, 9.31916259626553], [78.79965359320563, 9.318891449660521], [78.79956259939199, 9.318890887315153]]]}, "id": "+5834+6920", "properties": {"count": 84, "water": 1}}, {"type": "Feature", "geometry": {"geodesic": false, "type": "MultiPolygon", "coordinates": [[[[78.8000272441243, 9.302805094151354], [78.800026679075, 9.302895476454832], [78.79993568938463, 9.302894915160493], [78.79993625445188, 9.302804532865999], [78.8000272441243, 9.302805094151354]]], [[[78.80011710374302, 9.302986420034685], [78.80011653870271, 9.303076802347146], [78.80002554895843, 9.30307624106179], [78.80002611401672, 9.302985858758312], [78.80011710374302, 9.302986420034685]]], [[[78.80020809346934, 9.30298698129309], [78.80029908320462, 9.302987542524548], [78.80029851820923, 9.30307792483701], [78.80020752845597, 9.303077363605553], [78.80020809346934, 9.30298698129309]]], [[[78.80020978848248, 9.30271583434672], [78.80020809346934, 9.30298698129309], [78.80011710374302, 9.302986420034685], [78.80011823380569, 9.302805655418743], [78.8000272441243, 9.302805094151354], [78.80002780917359, 9.302714711847875], [78.79984582988267, 9.302713589259197], [78.7998463949679, 9.302623206964702], [78.80002837421391, 9.302624329544395], [78.80002893924524, 9.302533947240917], [78.8003019080828, 9.30253563091732], [78.80030134311436, 9.302626013238767], [78.80039233275981, 9.302626574425307], [78.80039289770131, 9.302536192094879], [78.8004838873288, 9.302536753245487], [78.80048332241425, 9.302627135584899], [78.80057431206869, 9.302627696717542], [78.80057205243745, 9.302989226075187], [78.80048106268418, 9.302988664915596], [78.80048049774268, 9.303079047246024], [78.80038950797146, 9.3030784860505], [78.80039063790836, 9.302897721398626], [78.80029964819104, 9.302897160203102], [78.8003007781459, 9.302716395560212], [78.80020978848248, 9.30271583434672]], [[78.80020978848248, 9.30271583434672], [78.80011879882804, 9.302715273106282], [78.8001193638414, 9.302624890793819], [78.80021035347788, 9.302625452025277], [78.80020978848248, 9.30271583434672]]]]}, "id": "+5840+7098", "properties": {"count": 27, "water": 1}}, {"type": "Feature", "geometry": {"geodesic": false, "type": "MultiPolygon", "coordinates": [[[[78.80039572231897, 9.302084280442738], [78.80039402756634, 9.302355427434023], [78.80030303799275, 9.302354866265448], [78.80030360294323, 9.302264483944002], [78.80021261339658, 9.302263922757462], [78.80021374331551, 9.302083158123555], [78.80012275382276, 9.302082596919046], [78.80012388376865, 9.301901832294122], [78.8003058626733, 9.301902954649238], [78.80030473281724, 9.30208371929213], [78.80039572231897, 9.302084280442738]]], [[[78.80075968040674, 9.302086524820593], [78.8008506699444, 9.30208708585442], [78.80085010514662, 9.302177468211799], [78.80075911558203, 9.302176907177971], [78.80075968040674, 9.302086524820593]]], [[[78.80066982054547, 9.301905199063027], [78.8004878415959, 9.30190407690554], [78.80048727671729, 9.301994459235967], [78.80057826621002, 9.30199502034166], [78.80057713648873, 9.302175785020484], [78.80066812603538, 9.30217634610821], [78.80066699633204, 9.302357110805], [78.80075798593258, 9.30235767187476], [78.80075742109888, 9.302448054232137], [78.80057544185287, 9.302446932038718], [78.80057657161909, 9.302266167359896], [78.80048558205448, 9.30226560624522], [78.80048671183867, 9.302084841575379], [78.80039572231897, 9.302084280442738], [78.80039741702669, 9.301813133451452], [78.80067038537018, 9.301814816714632], [78.80066982054547, 9.301905199063027]]], [[[78.80066982054547, 9.301905199063027], [78.80076081002922, 9.30190576011482], [78.80075968040674, 9.302086524820593], [78.80066869087806, 9.302085963759815], [78.80066982054547, 9.301905199063027]]]]}, "id": "+5842+7106", "properties": {"count": 24, "water": 1}}, {"type": "Feature", "geometry": {"geodesic": false, "type": "Polygon", "coordinates": [[[78.80017752986384, 9.293315510166805], [78.80017809428432, 9.293225127809427], [78.80063303039334, 9.293227930849557], [78.80063359469703, 9.293137548456247], [78.80090655635706, 9.293139229985679], [78.80090712057991, 9.2930488475744], [78.80099810779093, 9.293049408033307], [78.80099754359503, 9.293139790444583], [78.8014524798478, 9.29314259241572], [78.80145304392691, 9.293052209977493], [78.80154403117386, 9.293052770301651], [78.80154346711271, 9.293143152739878], [78.80163445438662, 9.293143713046069], [78.80162824960617, 9.294137919974355], [78.80153726207176, 9.294137359614265], [78.80153669794772, 9.294227742052492], [78.80062682273828, 9.294222137104107], [78.80062738709587, 9.29413175471978], [78.80044541217077, 9.29413063346061], [78.8004465409668, 9.293949868709921], [78.80035555355815, 9.293949308062368], [78.80035668238114, 9.293768543320663], [78.80044766974488, 9.293769103959232], [78.80044823412942, 9.293678721583888], [78.80053922146621, 9.293679282195507], [78.8005397858238, 9.293588899820163], [78.80063077314263, 9.29358946039585], [78.80063246608965, 9.293318313233884], [78.80054147883371, 9.293317752667182], [78.80054091450306, 9.293408135051509], [78.8002679526993, 9.293406453189702], [78.80026851710181, 9.293316070823339], [78.80017752986384, 9.293315510166805]]]}, "id": "+5851+7203", "properties": {"count": 154, "water": 1}}, {"type": "Feature", "geometry": {"geodesic": false, "type": "MultiPolygon", "coordinates": [[[[78.8017102111471, 9.295584599471832], [78.80171077530706, 9.295494217033605], [78.8018017632008, 9.295494777429628], [78.8018011990588, 9.295585159876838], [78.8017102111471, 9.295584599471832]]], [[[78.8017102111471, 9.295584599471832], [78.80170795441741, 9.295946129242703], [78.80179894241894, 9.29594668967466], [78.80179837825, 9.296037072121868], [78.80170739022151, 9.296036511689913], [78.80170513337504, 9.296398041442817], [78.8016141452567, 9.296397480965945], [78.80161358100692, 9.29648786340417], [78.80152259287063, 9.29648730290035], [78.80152315714737, 9.296396920471107], [78.80143216903804, 9.296396359940335], [78.80143160474331, 9.296486742369579], [78.8006127118401, 9.296481696559576], [78.80061327634142, 9.296391314184232], [78.80052228829497, 9.296390753428883], [78.80053357764773, 9.294583105993866], [78.8011704908468, 9.29458703001469], [78.80117105509659, 9.294496647603411], [78.80162599314598, 9.29449944975421], [78.80162430074694, 9.294770597086856], [78.80171528844305, 9.294771157464913], [78.80171416019498, 9.294951922359331], [78.80162317245396, 9.294951361972291], [78.80162147996508, 9.295222509295954], [78.80171246777797, 9.29522306970096], [78.801711339476, 9.295403834586395], [78.80162035160922, 9.295403274172406], [78.80161922323538, 9.295584039048858], [78.8017102111471, 9.295584599471832]], [[78.80071047330956, 9.295397668729949], [78.80071103773004, 9.29530728634562], [78.80080202550701, 9.29530784698419], [78.80080146111348, 9.2953982293775], [78.80071047330956, 9.295397668729949]], [[78.80098343673927, 9.29539935060074], [78.80098400108788, 9.29530896820743], [78.80107498888282, 9.295309528774132], [78.80107442456115, 9.29539991118541], [78.80098343673927, 9.29539935060074]], [[78.80080371864267, 9.295036699813242], [78.8007127309286, 9.29503613919264], [78.80071329532213, 9.294945756808312], [78.80080428300926, 9.294946317428915], [78.80080371864267, 9.295036699813242]], [[78.80080371864267, 9.295036699813242], [78.80089470635676, 9.295037260415878], [78.80089414200815, 9.295127642818171], [78.80080315426711, 9.295127082206552], [78.80080371864267, 9.295036699813242]]]]}, "id": "+5852+7187", "properties": {"count": 266, "water": 1}}, {"type": "Feature", "geometry": {"geodesic": false, "type": "Polygon", "coordinates": [[[78.80174743393684, 9.289619357138545], [78.80175081658795, 9.289077062275625], [78.80184180281982, 9.28907762227639], [78.80184236655757, 9.288987239793247], [78.80202433899434, 9.288988359722913], [78.80202321161765, 9.289169124716146], [78.80211419789443, 9.289169684663012], [78.80211194316797, 9.289531214658462], [78.80220292954357, 9.289531774596345], [78.80220180219382, 9.289712539607544], [78.8022927886233, 9.289713099536444], [78.80229109761666, 9.289984247057735], [78.80238208411801, 9.289984806977651], [78.80238039313831, 9.29025595451691], [78.8024713797205, 9.290256514436827], [78.80246912508389, 9.290618044495158], [78.8025601117649, 9.290618604415075], [78.80255842079418, 9.2908897519723], [78.80264940755605, 9.29089031187425], [78.80264715294639, 9.291251841968514], [78.80228320559348, 9.291249602109184], [78.80228433309595, 9.291068837106968], [78.80219334631612, 9.291068277097219], [78.80219560133901, 9.290706747110752], [78.80210461466697, 9.290706187101005], [78.80210574218741, 9.290525422107772], [78.80201475556028, 9.29052486208904], [78.80201701063707, 9.290163332129522], [78.80192602410877, 9.290162772110792], [78.80192827918556, 9.28980124216924], [78.80183729275606, 9.289800682141525], [78.80183842031242, 9.289619917175242], [78.80174743393684, 9.289619357138545]]]}, "id": "+5856+7248", "properties": {"count": 107, "water": 1}}, {"type": "Feature", "geometry": {"geodesic": false, "type": "Polygon", "coordinates": [[[78.8013836187351, 9.30416924645674], [78.80138587782736, 9.303807716937396], [78.80147686785011, 9.303808277908342], [78.801477432585, 9.303717895524015], [78.8015684225808, 9.303718456476993], [78.80156785787287, 9.303808838870305], [78.80174983793633, 9.30380996071338], [78.80174927326433, 9.303900343115673], [78.801840263332, 9.303900904005772], [78.80184139262211, 9.303720139183218], [78.80175040259935, 9.303719578302104], [78.80175096726238, 9.303629195899811], [78.80184195725818, 9.30362975677194], [78.80184252188526, 9.303539374360664], [78.80175153191641, 9.303538813497516], [78.80175209656147, 9.30344843108624], [78.80184308651236, 9.303448991949388], [78.80184365113047, 9.30335860953811], [78.8022076108891, 9.303360852739173], [78.80220648183254, 9.303541617606642], [78.80229747182835, 9.303542178361992], [78.8022940846587, 9.304084472991349], [78.80238507480722, 9.304085033755682], [78.80238338121342, 9.304356181079344], [78.80220140078164, 9.304355059487797], [78.80220083619946, 9.30444544191704], [78.80229182642883, 9.304446002726289], [78.80228956810912, 9.304807532461227], [78.80238055843729, 9.304808093270475], [78.80237942929092, 9.304988858146928], [78.80219744854473, 9.304987736483515], [78.80219688390865, 9.305078118912759], [78.801559951297, 9.305074192322753], [78.80156108087456, 9.304893427554097], [78.80147009057333, 9.304892866529253], [78.80147122017786, 9.304712101769582], [78.80156221043417, 9.30471266277646], [78.80156277520499, 9.304622280392133], [78.80147178496664, 9.304621719385255], [78.80147460884768, 9.304169807463618], [78.8013836187351, 9.30416924645674]], [[78.80201829110466, 9.304534702646936], [78.80192730086631, 9.304534141765822], [78.80192843019236, 9.304353376943268], [78.80201942038579, 9.3043539378154], [78.80201829110466, 9.304534702646936]], [[78.80201829110466, 9.304534702646936], [78.80210928135199, 9.304535263510084], [78.80210815209782, 9.304716028359588], [78.80219914239905, 9.30471658920477], [78.80219857778094, 9.304806971634012], [78.80201659715154, 9.304805849898733], [78.80201829110466, 9.304534702646936]]]}, "id": "+5859+7089", "properties": {"count": 149, "water": 1}}, {"type": "Feature", "geometry": {"geodesic": false, "type": "Polygon", "coordinates": [[[78.80139809294792, 9.374399033660117], [78.80140264571757, 9.373675977442142], [78.80158466202806, 9.373677107711416], [78.80158523104791, 9.373586725668448], [78.80185825548222, 9.373588420888204], [78.8018588244302, 9.37349803882727], [78.80204084069577, 9.373499168845015], [78.8020402717927, 9.373589550914932], [78.80213127996143, 9.373590115892364], [78.802128435482, 9.374042026250931], [78.8022194437765, 9.374042591237346], [78.80221830598832, 9.374223355395147], [78.8021272976579, 9.374222790399749], [78.80212559086785, 9.3744939366095], [78.80203458246557, 9.374493371569185], [78.80203401349961, 9.374583753639103], [78.80176098826581, 9.37458205837443], [78.80176155729465, 9.374491676331465], [78.80148853217763, 9.374489980878145], [78.80148910127834, 9.374399598844162], [78.80139809294792, 9.374399033660117]]]}, "id": "+5862+6313", "properties": {"count": 84, "water": 1}}, {"type": "Feature", "geometry": {"geodesic": false, "type": "Polygon", "coordinates": [[[78.80246123315055, 9.291883399654406], [78.80246348810158, 9.291521869623022], [78.8027364488543, 9.291523549463621], [78.80273588519741, 9.291613931982695], [78.80282687214792, 9.291614491893629], [78.80282574486105, 9.291795256958727], [78.80291673185647, 9.291795816851694], [78.80291560459656, 9.291976581916794], [78.80300659165486, 9.291977141800777], [78.80300433714402, 9.292338671957925], [78.80309532430114, 9.292339231841908], [78.80309476068017, 9.292429614387933], [78.80291278632998, 9.292428494593015], [78.80291222265511, 9.292518877121072], [78.80273024828696, 9.292517757218357], [78.80273081199776, 9.292427374699283], [78.80263982484962, 9.292426814725466], [78.80264095230717, 9.292246049687318], [78.80254996520394, 9.292245489695537], [78.80255222015496, 9.291883959646187], [78.80246123315055, 9.291883399654406]]]}, "id": "+5864+7220", "properties": {"count": 46, "water": 1}}, {"type": "Feature", "geometry": {"geodesic": false, "type": "MultiPolygon", "coordinates": [[[[78.80373448830102, 9.291981620028233], [78.80373617856208, 9.29171047227338], [78.80382716560243, 9.291711031932785], [78.80382547541323, 9.291982179705604], [78.80373448830102, 9.291981620028233]]], [[[78.80373448830102, 9.291981620028233], [78.80373336143637, 9.292162385201129], [78.8038243485935, 9.292162944887483], [78.80382491200785, 9.292072562296545], [78.80391589913803, 9.292073121946967], [78.80391477235422, 9.292253887137829], [78.80373279799505, 9.292252767783086], [78.80373167108547, 9.292433532947], [78.80327673505731, 9.292430734093019], [78.80327842574955, 9.292159586427996], [78.80318743862836, 9.292159026597911], [78.80318912934756, 9.291887878950856], [78.80309814229823, 9.291887319111789], [78.80309983303539, 9.291616171473716], [78.8030088460669, 9.291615611634647], [78.80301110038911, 9.291254081459535], [78.80292011351945, 9.291253521620465], [78.80292236785064, 9.290891991463319], [78.80283138107978, 9.290891431624251], [78.80283250824988, 9.290710666550169], [78.80274152153292, 9.290710106702118], [78.80274377590902, 9.29034857657192], [78.80265278929089, 9.290348016723868], [78.80265391648793, 9.290167251667754], [78.80256292992368, 9.290166691801735], [78.80256462075067, 9.289895544235529], [78.8024736342583, 9.289894984360528], [78.80247476149127, 9.289714219322379], [78.8023837750528, 9.289713659438394], [78.80238659315768, 9.289261746860987], [78.80229560684496, 9.289261186985987], [78.8022978613109, 9.288899656936637], [78.80238884754277, 9.288900216793673], [78.80238941111882, 9.288809834274598], [78.80266236976051, 9.288811513684005], [78.8026629332647, 9.288721131155947], [78.80257194706877, 9.288720571379761], [78.80257307410412, 9.288539806314661], [78.80266406025513, 9.288540366081865], [78.80266462374135, 9.288449983544824], [78.80275560987441, 9.288450543276095], [78.80275504640615, 9.288540925822119], [78.80284603256614, 9.288541485535422], [78.80284490566555, 9.288722250636454], [78.80275391946063, 9.288721690905184], [78.80275335598338, 9.288812073442225], [78.80302631468795, 9.288813752582136], [78.80302518784126, 9.288994517692151], [78.8029342015555, 9.288993957996814], [78.80293307464594, 9.289174723097846], [78.80302406097661, 9.289175282811149], [78.80302180718441, 9.289536813031178], [78.80311279361389, 9.289537372735499], [78.80311166673127, 9.289718137854496], [78.80302068024788, 9.289717578132208], [78.80301842631195, 9.290079108343255], [78.80310941288518, 9.290079668083509], [78.80310997635344, 9.2899892855285], [78.80320096290869, 9.289989845241806], [78.8031998360081, 9.290170610369787], [78.80310884940793, 9.290170050638515], [78.80310828593068, 9.290260433193524], [78.80329025918492, 9.290261552638098], [78.80328800539273, 9.29062308289406], [78.80337899211865, 9.290623642607363], [78.80337842868633, 9.290714025171352], [78.80346941543921, 9.290714584866691], [78.80346828859253, 9.290895350012638], [78.80337730178574, 9.290894790308318], [78.80337561139892, 9.291165938018255], [78.80346659827757, 9.29116649773156], [78.80346772516019, 9.290985732585611], [78.80355871199393, 9.290986292271967], [78.80355589485923, 9.291438205163784], [78.80364688180974, 9.291438764850138], [78.80364350120678, 9.291981060332896], [78.80373448830102, 9.291981620028233]]]]}, "id": "+5864+7254", "properties": {"count": 269, "water": 1}}, {"type": "Feature", "geometry": {"geodesic": false, "type": "MultiPolygon", "coordinates": [[[[78.80316207172288, 9.296226240890517], [78.80325305989511, 9.296226800963147], [78.80325249607651, 9.296317183491205], [78.80316150788632, 9.296316623418575], [78.80316207172288, 9.296226240890517]]], [[[78.80316207172288, 9.296226240890517], [78.80307108355964, 9.296225680790938], [78.80306939195111, 9.296496828357144], [78.80279642729072, 9.296495147878742], [78.80279699123508, 9.296404765377634], [78.8027060030449, 9.29640420517924], [78.80270543908257, 9.296494587671365], [78.80206852176921, 9.296490665590902], [78.80207021415029, 9.296219518204358], [78.80197922605892, 9.296218957826301], [78.80198035432495, 9.296038192913915], [78.8020713423714, 9.296038753274006], [78.80207359875075, 9.295677223422286], [78.80198261079413, 9.295676663080162], [78.80198317490019, 9.29558628062397], [78.80207416282987, 9.295586840957112], [78.80207585504027, 9.295315693561584], [78.80198486717347, 9.295315133237425], [78.80198655940184, 9.295043985850882], [78.80207754719677, 9.295044546157074], [78.8020798033156, 9.294683016278405], [78.8019888156195, 9.294682455999162], [78.80198937966267, 9.294592073533986], [78.80235333039323, 9.294594314489261], [78.8023538943376, 9.294503931997136], [78.80208093134807, 9.294502251330087], [78.80208149535532, 9.29441186886491], [78.8019905077221, 9.294411308594652], [78.80199219977978, 9.294140161199124], [78.80208318734115, 9.294140721442435], [78.80208431530176, 9.293959956494117], [78.8019933277853, 9.29395939625979], [78.80199840353615, 9.29314595401931], [78.80227136545669, 9.293147634506695], [78.8022719293292, 9.29305725201457], [78.8026358785416, 9.293059492323057], [78.80263531476791, 9.293149874833148], [78.80281728945047, 9.293150994861628], [78.80281785318823, 9.29306061233357], [78.80290884051603, 9.293061172307386], [78.80290827680523, 9.293151554835443], [78.80299926416896, 9.293152114791292], [78.80299362698004, 9.294055940107803], [78.80290263939173, 9.294055380098055], [78.80290207561804, 9.294145762626112], [78.8029930632333, 9.29414632263586], [78.80298855302583, 9.29486938285134], [78.80307954082974, 9.294869942888038], [78.80307841327338, 9.295050707953136], [78.80316940113119, 9.295051267971868], [78.80316883736648, 9.295141650508908], [78.80307784948172, 9.295141090481193], [78.80307164742317, 9.296135298271864], [78.80316263555946, 9.29613585836246], [78.80316207172288, 9.296226240890517]]]]}, "id": "+5866+7203", "properties": {"count": 410, "water": 1}}, {"type": "Feature", "geometry": {"geodesic": false, "type": "MultiPolygon", "coordinates": [[[[78.80339950751075, 9.301922020420964], [78.80330851786528, 9.301921460042905], [78.80330626120745, 9.30228299007429], [78.803488240696, 9.302284110848369], [78.80348880482902, 9.302193728329295], [78.80357979455533, 9.30219428867142], [78.80357810222814, 9.30246543624661], [78.80348711242998, 9.30246487588652], [78.80348654828798, 9.30255525839661], [78.80330456866469, 9.30255413759558], [78.80330287605902, 9.302825285107888], [78.80321188618, 9.302824724648982], [78.80321357885752, 9.30255357715464], [78.80312258905036, 9.302553016695734], [78.80312371752301, 9.3023722517025], [78.80321470727627, 9.302372812152424], [78.8032169640419, 9.30201128214799], [78.80312597437846, 9.302010721716034], [78.80312766696616, 9.301739574221692], [78.80303667738357, 9.301739013789737], [78.80303724158846, 9.301648631297612], [78.80340119987385, 9.301650872872722], [78.80339950751075, 9.301922020420964]], [[78.80330851786528, 9.301921460042905], [78.80321752821982, 9.301920899646882], [78.80321809238878, 9.301830517136791], [78.80330908201626, 9.301831077532814], [78.80330851786528, 9.301921460042905]]], [[[78.80339950751075, 9.301922020420964], [78.80349049716519, 9.301922580772072], [78.80348880482902, 9.302193728329295], [78.80339781510271, 9.30219316796022], [78.80339950751075, 9.301922020420964]]]]}, "id": "+5872+7108", "properties": {"count": 34, "water": 1}}, {"type": "Feature", "geometry": {"geodesic": false, "type": "Polygon", "coordinates": [[[78.80374823512999, 9.304364590002107], [78.8038392254402, 9.304365150407113], [78.80383809709332, 9.304545915463228], [78.80365611639205, 9.304544794599316], [78.80365555216022, 9.30463517711839], [78.8037465425333, 9.304635737568313], [78.80374597832844, 9.304726120087388], [78.80365498792838, 9.304725559628482], [78.80365442368758, 9.304815942147556], [78.80356343327854, 9.304815381661701], [78.80356456179611, 9.304634616641518], [78.80347357144097, 9.30463405614668], [78.80347244286952, 9.30481482115788], [78.80338145246948, 9.30481426062711], [78.8033808881568, 9.304904643128218], [78.80274395534751, 9.304900718730101], [78.80274508429625, 9.304719953808732], [78.80265409396807, 9.3047193930983], [78.80265522294377, 9.304538628185913], [78.80274621322704, 9.304539188887365], [78.80274564876164, 9.30462957135254], [78.80283663908084, 9.304630132027041], [78.80283720351929, 9.304539749561865], [78.80301918411276, 9.304540870847987], [78.80301805532571, 9.304721635796305], [78.80310904568084, 9.304722196416908], [78.80311130313817, 9.304360666484339], [78.80302031288184, 9.304360105890686], [78.80302144162398, 9.304179340933384], [78.80293045141259, 9.304178780321765], [78.80292932262553, 9.304359545270083], [78.80274734213087, 9.304358423965995], [78.80274847100776, 9.304177659035645], [78.80265748082331, 9.304177098361142], [78.80265804527073, 9.304086715904951], [78.80256705511323, 9.304086155212483], [78.80256987742223, 9.303634242940504], [78.80247888738151, 9.303633682248035], [78.80248058075972, 9.303362534897424], [78.80257157073756, 9.303363095571926], [78.80257213515803, 9.303272713115733], [78.80284510503763, 9.30327439497754], [78.80284454068004, 9.3033647774517], [78.80293553067585, 9.30336533803637], [78.80293609500649, 9.303274955553228], [78.80348203494538, 9.303278318513275], [78.8034825991323, 9.303187936003184], [78.80366457911491, 9.303189056795231], [78.80366345082193, 9.303369821842363], [78.80375444087163, 9.303370382211437], [78.80375331260561, 9.303551147267553], [78.80366232251099, 9.303550586889495], [78.8036595016303, 9.304002499493851], [78.80375049184171, 9.304003059898859], [78.80374823512999, 9.304364590002107]], [[78.80374823512999, 9.304364590002107], [78.80374767093409, 9.304454972521182], [78.8034746999765, 9.30445329113548], [78.80347526424427, 9.304362908634372], [78.80374823512999, 9.304364590002107]], [[78.80347582850304, 9.304272526124281], [78.80347639275284, 9.30418214361419], [78.80356738299119, 9.304182704082079], [78.80356681876835, 9.304273086601153], [78.80347582850304, 9.304272526124281]], [[78.80347752123447, 9.30400137860299], [78.8035685114279, 9.304001939052911], [78.80356794721403, 9.304092321571988], [78.80347695699365, 9.304091761104099], [78.80347752123447, 9.30400137860299]], [[78.80347752123447, 9.30400137860299], [78.80338653104103, 9.304000818117135], [78.80338765954961, 9.303820053114917], [78.80347864969812, 9.303820613582806], [78.80347752123447, 9.30400137860299]]]}, "id": "+5875+7091", "properties": {"count": 191, "water": 1}}, {"type": "Feature", "geometry": {"geodesic": false, "type": "MultiPolygon", "coordinates": [[[[78.80335926833997, 9.293787032257194], [78.80326828079657, 9.293786472355244], [78.80326884445348, 9.29369608980922], [78.80335983197891, 9.293696649702188], [78.80335926833997, 9.293787032257194]]], [[[78.80335926833997, 9.293787032257194], [78.80345025589236, 9.293787592141179], [78.80345194671037, 9.293516444458191], [78.80336095922985, 9.293515884601156], [78.80336377725388, 9.293063971817137], [78.80400068892581, 9.293067890169592], [78.80400012549349, 9.29315827276053], [78.8040911129201, 9.293158832437904], [78.80408378810219, 9.294333806200969], [78.80417477583424, 9.29433436593224], [78.80417421237496, 9.294424748532162], [78.80426520014294, 9.294425308236484], [78.80426294631481, 9.294786838654142], [78.8043539341816, 9.294787398358462], [78.8043511168942, 9.29523931139401], [78.80444210487777, 9.295239871107315], [78.80443985104066, 9.295601401551922], [78.80453083912305, 9.295601961265227], [78.80452576786377, 9.296415404781314], [78.80370687341545, 9.296410366103936], [78.80370630969567, 9.296500748667926], [78.80361532143361, 9.296500188694111], [78.80361588517137, 9.296409806139105], [78.80343390870115, 9.29640868612859], [78.80343447247485, 9.296318303582567], [78.803525460683, 9.296318863592315], [78.80352602442974, 9.29622848104629], [78.80343503624853, 9.296227921036543], [78.80343729127142, 9.295866390852446], [78.80334630318903, 9.295865830851682], [78.80334686695375, 9.295775448305656], [78.80343785500918, 9.295776008306422], [78.80344010992428, 9.295414478113342], [78.80334912195868, 9.295413918130544], [78.8033502494252, 9.295233153047478], [78.8034412373459, 9.295233713012312], [78.80344349211725, 9.294872182801265], [78.8033525042864, 9.294871622863383], [78.80335306798821, 9.294781240308376], [78.80326208019329, 9.294780680352526], [78.80326264391307, 9.294690297806502], [78.80335363169004, 9.294690857762351], [78.80335419538288, 9.294600475216328], [78.80344518314187, 9.294601035145227], [78.8034463104557, 9.294420270035213], [78.80335532274161, 9.294419710115296], [78.80335588641648, 9.294329327569272], [78.80344687411261, 9.294329887480206], [78.80344969228037, 9.293877974696185], [78.80335870470103, 9.293877414812203], [78.80335926833997, 9.293787032257194]]], [[[78.80343503624853, 9.296227921036543], [78.80343447247485, 9.296318303582567], [78.80334348427567, 9.296317743554852], [78.80334404806733, 9.296227361008828], [78.80343503624853, 9.296227921036543]]]]}, "id": "+5878+7203", "properties": {"count": 359, "water": 1}}, {"type": "Feature", "geometry": {"geodesic": false, "type": "MultiPolygon", "coordinates": [[[[78.80444604887713, 9.294607192818022], [78.80453703670798, 9.294607752468444], [78.80453534652779, 9.294878900322113], [78.80444435863403, 9.294878340662708], [78.80444604887713, 9.294607192818022]]], [[[78.80444604887713, 9.294607192818022], [78.80435506105525, 9.294606633140651], [78.80435731473965, 9.294245102705025], [78.80426632701658, 9.294244543027654], [78.80426914410636, 9.293792629992106], [78.80417815650009, 9.293792070323718], [78.80417871992343, 9.293701687723795], [78.80426970750275, 9.2937022473832], [78.80427083428657, 9.293521482165389], [78.80417984676113, 9.293520922514967], [78.80418266373414, 9.293069009488402], [78.80436463856941, 9.293070128708397], [78.8043640752359, 9.293160511326287], [78.80427308779132, 9.293159951720781], [78.80427196105242, 9.293340716947576], [78.80436294854192, 9.293341276562066], [78.80435787814503, 9.294154720087137], [78.80444886585012, 9.29415527973756], [78.80444604887713, 9.294607192818022]]]]}, "id": "+5882+7203", "properties": {"count": 25, "water": 1}}, {"type": "Feature", "geometry": {"geodesic": false, "type": "Polygon", "coordinates": [[[78.80264935045015, 9.435688170318764], [78.80265106817271, 9.435417024944448], [78.80274209253805, 9.43541759346124], [78.80274266507031, 9.43532721166082], [78.80301573813041, 9.43532891704052], [78.8030163105908, 9.435238535231115], [78.80310733493819, 9.435239103631128], [78.80310962462707, 9.434877576357573], [78.80320064888461, 9.43487814471267], [78.80320122126416, 9.434787762885298], [78.80329224550374, 9.434788331222428], [78.80329281785635, 9.434697949386074], [78.8034748662906, 9.434699085970504], [78.80347543859828, 9.434608704125166], [78.80365748701456, 9.434609840601798], [78.80365805925936, 9.434519458747477], [78.80393113185234, 9.434521163264796], [78.80392712648008, 9.435153836361826], [78.80383610210575, 9.435153268177409], [78.80383495761615, 9.435334031904018], [78.80365290880461, 9.435332895427386], [78.80365233649692, 9.435423277281707], [78.80347028765844, 9.43542214070626], [78.80346971530584, 9.435512522542615], [78.80310561760191, 9.435510249086294], [78.8031050451505, 9.435600630904682], [78.80292299628506, 9.435599494023808], [78.80292242377077, 9.435689875833214], [78.80283139932457, 9.435689307352353], [78.8028308267923, 9.435779689143793], [78.80273980232815, 9.435779120635981], [78.80274037488736, 9.435688738844542], [78.80264935045015, 9.435688170318764]]]}, "id": "+5887+5638", "properties": {"count": 95, "water": 1}}, {"type": "Feature", "geometry": {"geodesic": false, "type": "MultiPolygon", "coordinates": [[[[78.80085857647535, 9.300821732797232], [78.80085631758072, 9.301183262253693], [78.8009473068938, 9.30118382320667], [78.80094617745098, 9.301364587939393], [78.80085518810196, 9.301364026977431], [78.80085349383442, 9.301635174058548], [78.80058052559873, 9.301633490966049], [78.80057996075605, 9.301723873314442], [78.79948808804684, 9.301717138788488], [78.79948752291669, 9.301807521065017], [78.79912356543979, 9.30180527545647], [78.79912413065078, 9.30171489320689], [78.79903314131973, 9.301714331750855], [78.79903257608179, 9.301804714000435], [78.79866861871268, 9.301802467933747], [78.79866918404943, 9.301712085702134], [78.79876017336252, 9.301712647248001], [78.79876073866335, 9.301622265016386], [78.79885172794948, 9.301622826535304], [78.79885229323233, 9.301532444294708], [78.7989432825005, 9.301533005786675], [78.79894384774742, 9.301442623537095], [78.79903483700662, 9.301443185002114], [78.79903540221761, 9.301352802752534], [78.79930836995922, 9.301354486976912], [78.79930893509835, 9.301264104709364], [78.79939992433059, 9.301264666057603], [78.79940161964916, 9.300993519236998], [78.79949260881851, 9.300994080558286], [78.79949317388578, 9.300903698272773], [78.79958416303715, 9.300904259558129], [78.79958529311779, 9.300723494987103], [78.79967628223324, 9.300724056236527], [78.799677412242, 9.300543291647536], [78.79976840130355, 9.300543852870009], [78.79976953124944, 9.300363088272034], [78.79986052027506, 9.300363649458575], [78.79986165014907, 9.300182884842634], [78.79995263912978, 9.300183445993243], [78.79995320403535, 9.300093063680782], [78.80004419300707, 9.30009362480444], [78.8000447578767, 9.300003242482996], [78.80013574683046, 9.300003803570721], [78.80013744134953, 9.299732656597403], [78.80022843024041, 9.299733217649196], [78.80022899504715, 9.299642835318767], [78.80031998391108, 9.299643396343612], [78.8003211134617, 9.29946263166479], [78.8004121022897, 9.2994631926537], [78.80041266703357, 9.299372810314289], [78.8005946446626, 9.299373932211264], [78.80059295055675, 9.299645079274415], [78.80068393945662, 9.299645640209429], [78.80068224537771, 9.299916787290545], [78.80077323434045, 9.299917348216574], [78.80077097558058, 9.300278877673035], [78.8008619646511, 9.300279438590081], [78.80086083528015, 9.300460203331786], [78.8007698461647, 9.300459642396774], [78.80076758727007, 9.300821171835269], [78.80085857647535, 9.300821732797232]], [[78.79967289206323, 9.301266349994519], [78.79967345710354, 9.301175967700024], [78.79976444633577, 9.301176528958429], [78.7997638813224, 9.301266911252926], [78.79967289206323, 9.301266349994519]], [[78.80021939258677, 9.301179334900118], [78.80021995748336, 9.301088952578674], [78.80031094673356, 9.301089513693348], [78.80031038185494, 9.301179896023777], [78.80021939258677, 9.301179334900118]], [[78.80030755740796, 9.301631807666936], [78.80030812231352, 9.301541425336508], [78.8003991116805, 9.301541986451184], [78.80039854680189, 9.301632368790596], [78.80030755740796, 9.301631807666936]]], [[[78.80203409890245, 9.302003994780843], [78.80212508849401, 9.302004555482295], [78.80212395956322, 9.302185320358747], [78.80203296992674, 9.30218475963933], [78.80203409890245, 9.302003994780843]]], [[[78.80470718100945, 9.29650690685276], [78.80470774446873, 9.296416524225888], [78.80479873278468, 9.296417083921227], [78.80479816935235, 9.2965074665481], [78.80470718100945, 9.29650690685276]]], [[[78.80288628764607, 9.296676473088336], [78.80288685157247, 9.296586090578245], [78.80306882806963, 9.296587210876218], [78.80306826417916, 9.296677593404278], [78.80315925245918, 9.296678153521823], [78.80315868859566, 9.29676853604988], [78.80324967690262, 9.296769096158444], [78.80324798533003, 9.2970402437516], [78.80279304349874, 9.297037442903358], [78.80279247950946, 9.297127825404466], [78.8028834678883, 9.297128385629811], [78.80288290391698, 9.29721876813092], [78.80297389233174, 9.297219328338297], [78.80297276442504, 9.29740009335848], [78.80306375288473, 9.297400653547891], [78.80306544466393, 9.29712950599965], [78.80315643306074, 9.297130066153128], [78.80315586916127, 9.297220448672203], [78.80324685758502, 9.297221008807716], [78.80324742145753, 9.297130626279658], [78.80333840986331, 9.29713118638822], [78.80334179285579, 9.296588891165975], [78.8039787108878, 9.2965928110276], [78.80397927453572, 9.296502428445642], [78.80470718100945, 9.29650690685276], [78.80470436365017, 9.296958819951191], [78.80479535210087, 9.296959379673478], [78.80479084420206, 9.297682440652524], [78.8048818328504, 9.297683000401761], [78.80488126935518, 9.297773383028634], [78.80479028068889, 9.297772823270414], [78.80478971717571, 9.297863205897286], [78.80433477380829, 9.297860406764828], [78.80433421016038, 9.297950789355768], [78.80406124414351, 9.297949109587035], [78.80406180785432, 9.297858727014061], [78.80397081921498, 9.29785816704923], [78.80396969173947, 9.298038932186193], [78.80378771437992, 9.298037812166697], [78.80378884195426, 9.2978570470477], [78.8036068647115, 9.297855926956338], [78.8036063008839, 9.297946309502361], [78.80342432362318, 9.297945189312186], [78.80342488749568, 9.297854806775144], [78.80333389890126, 9.297854246648615], [78.80333277109337, 9.29803501170473], [78.80315079382365, 9.298033891361841], [78.80315192171238, 9.297853126323691], [78.80306093313592, 9.297852566125298], [78.80306206105162, 9.297671801096131], [78.80297107252007, 9.297671240888754], [78.80296825256465, 9.298123153430229], [78.80205836642273, 9.298117549802368], [78.8020578021819, 9.298207932249577], [78.8019668135695, 9.298207371754739], [78.80196624930176, 9.298297754201949], [78.80214822657146, 9.298298875182642], [78.8021487907943, 9.298208492726449], [78.80305867723268, 9.29821409618363], [78.8030581132434, 9.298304478693721], [78.80314910193664, 9.298305038919064], [78.80314853796533, 9.298395421438139], [78.80296656052494, 9.29839430095152], [78.80296543247451, 9.29857506596272], [78.80305642123962, 9.298575626223995], [78.80305472918192, 9.29884677375427], [78.8031457180189, 9.298847334015546], [78.80314346196295, 9.299208864064896], [78.80305247302717, 9.299208303785653], [78.80305078085269, 9.299479451306944], [78.80314176985136, 9.299480011604153], [78.80314007769486, 9.299751159134427], [78.80295809955379, 9.29975003848611], [78.80295753544772, 9.299840420987218], [78.8032305027312, 9.299842101941728], [78.8032288105747, 9.300113249480985], [78.80331979975304, 9.300113809769211], [78.80331923570985, 9.300204192288286], [78.80322824651356, 9.300203631991076], [78.80322768244342, 9.300294014501167], [78.8029547148096, 9.30029233346581], [78.8029541506676, 9.300382715966919], [78.8027721722211, 9.300381595147922], [78.8027716080252, 9.300471977631064], [78.80304457576682, 9.300473658837102], [78.80304513989084, 9.300383276335994], [78.80313612913207, 9.300383836687102], [78.803135565026, 9.300474219197193], [78.80322655428519, 9.300474779530335], [78.8032248620119, 9.300745927060609], [78.80313387268086, 9.300745366709501], [78.8031321802818, 9.301016514221809], [78.80340514850852, 9.301018195248183], [78.80340402035927, 9.301198960286333], [78.80322204143665, 9.301197839602082], [78.80322091317062, 9.301378604613284], [78.80312992366889, 9.301378044226242], [78.803128795331, 9.301558809228458], [78.80303780579334, 9.301558248805486], [78.80303836998924, 9.301467866313361], [78.80294738047853, 9.301467305872421], [78.80294850889727, 9.30128654088817], [78.80285751944045, 9.301285980438248], [78.80285582673598, 9.301557127887675], [78.80276483721629, 9.301556567392836], [78.80276540147507, 9.301466184918677], [78.80267441198232, 9.301465624405873], [78.80267328340189, 9.30164638935419], [78.8025822938732, 9.301645828805453], [78.80258285818589, 9.301555446340277], [78.80249186868416, 9.301554885782556], [78.80249356167609, 9.301283738396013], [78.80240257224622, 9.301283177820325], [78.80240370092548, 9.301102412907941], [78.80258567969537, 9.301103534005415], [78.80258680825784, 9.30092276906608], [78.80249581891782, 9.30092220853531], [78.80249751178398, 9.300651061139783], [78.80240652251582, 9.300650500617994], [78.80240426525613, 9.301012030451748], [78.80231327589813, 9.30101146987606], [78.80231101844979, 9.301372999682865], [78.80240200789761, 9.301373560285501], [78.80240031482482, 9.301644707645096], [78.80194536729822, 9.301641904344454], [78.80194480281486, 9.301732286773698], [78.80203579232557, 9.301732847484132], [78.80203409890245, 9.302003994780843], [78.80194310931986, 9.302003434052443], [78.8019436738212, 9.3019130516232], [78.80185268426557, 9.301912490876834], [78.80185155520003, 9.302093255717354], [78.80176056560848, 9.302092694935054], [78.80176225925618, 9.30182154769224], [78.80185324878485, 9.301822108456573], [78.80185381330415, 9.301731726036314], [78.80158084480794, 9.301730043689416], [78.80158253852751, 9.301458896473552], [78.80149154911561, 9.301458335664304], [78.80149324285316, 9.301187188457423], [78.80158423220216, 9.301187749257688], [78.8015847967484, 9.301097366846411], [78.80140281810428, 9.30109624524588], [78.80140338269543, 9.30100586285257], [78.80131239340031, 9.301005302016371], [78.8013118287912, 9.301095684409681], [78.80103886088787, 9.301094001766339], [78.80103942556886, 9.301003619390995], [78.8009484363007, 9.301003058464966], [78.80094956568962, 9.300822293732244], [78.80085857647535, 9.300821732797232], [78.80086027059018, 9.300550585698147], [78.80104224888397, 9.300551707505292], [78.80104281352902, 9.300461325129948], [78.80095182440459, 9.300460764239851], [78.80095351837569, 9.3001896171228], [78.80086252932311, 9.30018905622372], [78.8008647879752, 9.299827526749294], [78.80077379902144, 9.299826965850214], [78.8007754930105, 9.29955581875113], [78.8006845041376, 9.29955525785205], [78.8006856334816, 9.299374493128312], [78.8007766223096, 9.299375054018409], [78.80077944546301, 9.29892314217762], [78.80087043418321, 9.298923703013818], [78.80087099877436, 9.298833320638474], [78.80114396489003, 9.298835003012321], [78.80114509391065, 9.2986542382257], [78.80105410524435, 9.29865367747035], [78.8010557988112, 9.298382530299403], [78.80114678740564, 9.29838309104577], [78.801147351889, 9.298292708643475], [78.80151130623976, 9.298294951350464], [78.80151187062431, 9.298204568930204], [78.80114791637236, 9.298202326250165], [78.80114848084672, 9.298111943856854], [78.80105749231518, 9.298111383128454], [78.80105918577424, 9.297840235957505], [78.80096819732354, 9.297839675229104], [78.80096650379261, 9.29811082239107], [78.80087551527903, 9.298110261617754], [78.8008732570761, 9.298471791137096], [78.80096424567952, 9.29847235192838], [78.80096255203182, 9.298743499072378], [78.80087156335654, 9.29874293826313], [78.80087212792972, 9.298652555887786], [78.80069015064205, 9.298651434215389], [78.80069127986927, 9.298470669482667], [78.80078226847269, 9.298471230318865], [78.80078452677444, 9.298109700826473], [78.80069353826984, 9.29810914000824], [78.80069466743419, 9.297928375275518], [78.80078565588488, 9.297928936075783], [78.8007873495236, 9.297657788949751], [78.80069636113578, 9.297657228158469], [78.80069861932074, 9.297295698675057], [78.80078960761873, 9.297296259439392], [78.80078847858015, 9.29747702419008], [78.80087946692305, 9.29747758494543], [78.80088116040008, 9.297206437792447], [78.800699183858, 9.297205316299713], [78.80069974838628, 9.29711493392437], [78.80060876014218, 9.297114373151054], [78.80060932468842, 9.29702399077571], [78.80051833648027, 9.297023429984428], [78.8005189010355, 9.296933047618067], [78.80070087742486, 9.296934169173682], [78.80070144193516, 9.296843786798338], [78.80079243010739, 9.296844347535721], [78.80079299459075, 9.296753965160377], [78.80152090002242, 9.296758450179096], [78.80152033572772, 9.296848832599355], [78.80179330043302, 9.296850514119804], [78.80179160772855, 9.297121661443466], [78.80197358436045, 9.29712278237026], [78.80197414855635, 9.29703239992305], [78.80188316025837, 9.297031839473128], [78.801884852882, 9.2967606921315], [78.80197584110812, 9.296761252563456], [78.80197640527706, 9.296670870107263], [78.80288628764607, 9.296676473088336]], [[78.8007766223096, 9.299375054018409], [78.80086761114657, 9.29937561489054], [78.80086704652847, 9.2994659972569], [78.80077605766455, 9.29946543638477], [78.8007766223096, 9.299375054018409]], [[78.80096819732354, 9.297839675229104], [78.80087720888181, 9.297839114473755], [78.80087890242173, 9.297567967329757], [78.80096989080056, 9.29756852806714], [78.80096819732354, 9.297839675229104]], [[78.80288628764607, 9.296676473088336], [78.80297727590812, 9.296677033250798], [78.80297671199071, 9.296767415769873], [78.8028857237017, 9.296766855589444], [78.80288628764607, 9.296676473088336]], [[78.80342488749568, 9.297854806775144], [78.80342545136818, 9.297764424238103], [78.80351643994464, 9.297764984337682], [78.8035158760991, 9.297855366874725], [78.80342488749568, 9.297854806775144]], [[78.80113719028125, 9.29991959168713], [78.80113775486342, 9.299829209302803], [78.80141072180554, 9.299830891640719], [78.80141015729524, 9.299921274043012], [78.80113719028125, 9.29991959168713]], [[78.80114057769343, 9.299377297354217], [78.80114170677693, 9.29919653257658], [78.80123269558696, 9.299197093340913], [78.80123156654838, 9.299377858136516], [78.80114057769343, 9.299377297354217]], [[78.80131521637406, 9.300553390058802], [78.80131634552045, 9.300372625263197], [78.80140733464488, 9.30037318605448], [78.80140620554342, 9.300553950859067], [78.80131521637406, 9.300553390058802]], [[78.80160285920077, 9.298205129541824], [78.80160342355836, 9.298114747121563], [78.80187638926081, 9.298116428794724], [78.80187582497508, 9.298206811241934], [78.80160285920077, 9.298205129541824]], [[78.8017707267491, 9.300465811415291], [78.80177185565293, 9.300285046565788], [78.80186284478636, 9.300285607240289], [78.80186171592743, 9.300466372089792], [78.8017707267491, 9.300465811415291]], [[78.8017746778092, 9.299833134446523], [78.8017752422207, 9.299742752017279], [78.8018662312104, 9.299743312655847], [78.80186566682585, 9.299833695085091], [78.8017746778092, 9.299833134446523]], [[78.80222962293732, 9.29983593742377], [78.80223018723203, 9.299745554967577], [78.80232117625765, 9.299746115489366], [78.8023206119809, 9.299836497945558], [78.80222962293732, 9.29983593742377]], [[78.80231609758728, 9.300559557604082], [78.80231722622162, 9.300378792691697], [78.80240821540893, 9.30037935323145], [78.80240708681951, 9.30056011815282], [78.80231609758728, 9.300559557604082]], [[78.80267723334808, 9.301013712035077], [78.80267779759788, 9.30092332956092], [78.80285977631388, 9.300924450496696], [78.80286146890157, 9.300653303029305], [78.80295245819669, 9.300653863443294], [78.80295189402774, 9.30074424593542], [78.8030428833498, 9.300744806340427], [78.80304062671892, 9.301106336326894], [78.80294963729804, 9.30110577590392], [78.80295020149394, 9.301015393420778], [78.80267723334808, 9.301013712035077]], [[78.80277499311973, 9.29992968272323], [78.80277612143966, 9.299748917747962], [78.80286711050121, 9.299749478126019], [78.80286598222621, 9.29993024311027], [78.80277499311973, 9.29992968272323]], [[78.80304739634207, 9.30002174633156], [78.80304796044813, 9.299931363830451], [78.80313894956358, 9.29993192415461], [78.80313838548446, 9.300022306664701], [78.80304739634207, 9.30002174633156]], [[78.80324347421525, 9.297763303976062], [78.8032440381237, 9.297672921448005], [78.80333502667321, 9.297673481583516], [78.80333446279172, 9.297763864120558], [78.80324347421525, 9.297763303976062]], [[78.80424491245581, 9.297679081698965], [78.80424547610374, 9.297588699108024], [78.80433646468919, 9.297589258992009], [78.80433590106821, 9.297679641582947], [78.80424491245581, 9.297679081698965]], [[78.80168707533339, 9.299290279241477], [78.80159608646947, 9.299289718593926], [78.80159665089893, 9.299199336173666], [78.8016876397359, 9.299199896821218], [78.80168707533339, 9.299290279241477]], [[78.80406293525797, 9.297677961859131], [78.80406349895081, 9.297587579286157], [78.80415448752727, 9.297588139206074], [78.8041539238524, 9.297678521788031], [78.80406293525797, 9.297677961859131]], [[78.80406293525797, 9.297677961859131], [78.80406237155614, 9.297768344441087], [78.80388039433136, 9.297767224493457], [78.8038809580781, 9.297676841929466], [78.80406293525797, 9.297677961859131]], [[78.80194931854697, 9.301009227339753], [78.80194875409956, 9.301099609777978], [78.80185776475952, 9.301099049076528], [78.80185832922491, 9.301008666656267], [78.80194931854697, 9.301009227339753]], [[78.80194931854697, 9.301009227339753], [78.8019498829944, 9.300918844910509], [78.8020408722985, 9.300919405576028], [78.80204030787803, 9.301009788014253], [78.80194931854697, 9.301009227339753]], [[78.80168707533339, 9.299290279241477], [78.8017780642063, 9.299290839880047], [78.80177693542824, 9.299471604738534], [78.8016859465104, 9.29947104409098], [78.80168707533339, 9.299290279241477]]], [[[78.80314346196295, 9.299208864064896], [78.80323445089874, 9.299209424326172], [78.80323388689149, 9.299299806845246], [78.80332487585423, 9.299300367079573], [78.80332656778614, 9.299029219504384], [78.80323557889527, 9.299028659288023], [78.80323670686487, 9.298847894249873], [78.8031457180189, 9.298847334015546], [78.80314797398502, 9.298485803948232], [78.80323896274115, 9.298486364164592], [78.80324121852762, 9.298124834070327], [78.80351418453549, 9.298126514503814], [78.80351474839901, 9.298036131957788], [78.80369672571364, 9.298037252121016], [78.803696161904, 9.298127634676023], [78.80424209413535, 9.298130994626714], [78.80424265781022, 9.298040612044757], [78.80451562394386, 9.298042291687725], [78.80451506033187, 9.298132674296632], [78.80478802658227, 9.298134353750955], [78.8047885901224, 9.298043971133065], [78.80487957886056, 9.298044530900269], [78.80487845182522, 9.29822529614503], [78.80478746304215, 9.298224736368844], [78.80478689949304, 9.298315118986734], [78.8044229443248, 9.298312879621477], [78.80442238067687, 9.298403262212418], [78.80487732477192, 9.298406061389793], [78.80487619770065, 9.298586826634553], [78.80505817547342, 9.29858794616896], [78.80505648495185, 9.29885909405856], [78.80514747391459, 9.298859653807797], [78.80514578341997, 9.299130801715364], [78.80523677246356, 9.299131361455617], [78.80523564548211, 9.29931212673631], [78.80532663457062, 9.299312686467582], [78.80532607109338, 9.29940306911242], [78.80541706021782, 9.29940362881674], [78.80541593329926, 9.299584394115403], [78.80550692246861, 9.299584953819723], [78.80550579556801, 9.299765719127366], [78.80559678480026, 9.299766278813722], [78.8055956579266, 9.299947044130349], [78.80568664720376, 9.29994760380772], [78.80568608378042, 9.300037986470524], [78.80541311588608, 9.300036307357562], [78.80541255239086, 9.3001266900024], [78.80495760590631, 9.300123890995707], [78.80495816952728, 9.300033508377817], [78.80486718026809, 9.300032948511799], [78.80486661662916, 9.300123331120705], [78.80422969183283, 9.300119411375862], [78.80422912802321, 9.300209793948836], [78.80404714951382, 9.300208673803576], [78.8040465856593, 9.300299056367566], [78.80413757493643, 9.300299616458162], [78.80413644724533, 9.300480381586143], [78.8042274365674, 9.300480941667756], [78.80422630890324, 9.300661706813703], [78.80413531952728, 9.300661146723106], [78.80413362791874, 9.300932294415079], [78.80422461736657, 9.30093285452364], [78.80422292577602, 9.301204002224596], [78.80431391528673, 9.301204562333158], [78.80431335144117, 9.30129494490613], [78.80413137235686, 9.30129382467104], [78.80413024453999, 9.301474589790038], [78.8040392549664, 9.301474029627576], [78.80403812707766, 9.30165479473759], [78.80394713745915, 9.301654234539196], [78.80394770143047, 9.301563851993171], [78.8038567118389, 9.30156329177681], [78.8038572758282, 9.301472909230787], [78.80376628626358, 9.301472349005444], [78.8037651582401, 9.301653114079524], [78.80385614784963, 9.301653674322836], [78.80385501985309, 9.3018344394059], [78.80394600950753, 9.301834999640226], [78.80394488152896, 9.302015764732275], [78.80403587124628, 9.302016324957618], [78.80403530726598, 9.302106707503643], [78.80385332780439, 9.302105587034989], [78.8038538918296, 9.302015204488965], [78.80376290212126, 9.302014644227688], [78.80376459422386, 9.301743496616567], [78.80367360459637, 9.301742936346306], [78.80367586074216, 9.301381406216109], [78.80358487121347, 9.301380845936865], [78.80358656333404, 9.301109698352693], [78.80349557387723, 9.30110913807345], [78.80349670197258, 9.300928373026318], [78.80340571257865, 9.300927812729109], [78.80340796879631, 9.300566282643826], [78.8033169794922, 9.300565722355602], [78.8033181076145, 9.300384957317451], [78.80350008612389, 9.30038607785797], [78.80350065013114, 9.300295695329913], [78.80368262861357, 9.300296815771619], [78.80368319256692, 9.300206433225593], [78.80359220334367, 9.300205873027199], [78.80359333127733, 9.300025107962101], [78.80350234210798, 9.30002454774574], [78.8035012141294, 9.300205312801856], [78.80341022491514, 9.300204752558546], [78.80341191695486, 9.299933604983355], [78.80332092781245, 9.299933044731063], [78.80332261987014, 9.299661897164855], [78.80341360893169, 9.299662457408164], [78.803414172912, 9.299572074880107], [78.8032321948338, 9.299570954393488], [78.80323275885902, 9.299480571874412], [78.80332374787565, 9.299481132126706], [78.80332431186494, 9.299390749598649], [78.80314233389454, 9.299389629094062], [78.80314346196295, 9.299208864064896]], [[78.80351418453549, 9.298126514503814], [78.80360517321076, 9.29812707459441], [78.80360460936521, 9.298217457140433], [78.80351362066298, 9.298216897040854], [78.80351418453549, 9.298126514503814]], [[78.80367586074216, 9.301381406216109], [78.8036764247584, 9.301291023679068], [78.8037674142691, 9.301291583922378], [78.80376685027083, 9.301381966459418], [78.80367586074216, 9.301381406216109]], [[78.80368319256692, 9.300206433225593], [78.80368375652027, 9.300116050688553], [78.80377474572556, 9.300116610859998], [78.80377418179916, 9.300206993406022], [78.80368319256692, 9.300206433225593]], [[78.803691087303, 9.298941077617188], [78.8036916511755, 9.298850695071165], [78.80378264004841, 9.298851255161761], [78.80378207620286, 9.29894163771677], [78.803691087303, 9.298941077617188]], [[78.80395954344475, 9.299665818347004], [78.80396067112687, 9.299485053219023], [78.80405166018843, 9.29948561328267], [78.80405053255122, 9.299666378419634], [78.80395954344475, 9.299665818347004]], [[78.8045099876263, 9.298946117686956], [78.8045105512832, 9.298855735087033], [78.80478351809057, 9.298857414676103], [78.80478295450554, 9.298947797293993], [78.8045099876263, 9.298946117686956]]], [[[78.80367360459637, 9.301742936346306], [78.80367191243089, 9.302014083939463], [78.80358092274051, 9.302013523624288], [78.80358261497786, 9.301742376049097], [78.80367360459637, 9.301742936346306]]], [[[78.80367191243089, 9.302014083939463], [78.80376290212126, 9.302014644227688], [78.8037617740349, 9.30219540930177], [78.80367078429062, 9.302194848995578], [78.80367191243089, 9.302014083939463]]]]}, "id": "+5887+7166", "properties": {"count": 2404, "water": 1}}, {"type": "Feature", "geometry": {"geodesic": false, "type": "MultiPolygon", "coordinates": [[[[78.80467532677642, 9.287016169772746], [78.80467588965179, 9.286925787100959], [78.80476687551536, 9.28692634623934], [78.80476743836377, 9.28683596355857], [78.80504039590951, 9.286837640803038], [78.80503927034741, 9.287018406182545], [78.80494828443895, 9.28701784711603], [78.80494772162645, 9.2871082297968], [78.80476574980054, 9.287107111582918], [78.80476631265795, 9.28701672891113], [78.80467532677642, 9.287016169772746]]], [[[78.80467532677642, 9.287016169772746], [78.80467476389207, 9.287106552435553], [78.8044927920931, 9.287105434077938], [78.80449222915485, 9.287195816731762], [78.80458321507228, 9.287196375933025], [78.8045798374697, 9.287738671882906], [78.8044888514175, 9.287738112654692], [78.80448828843433, 9.287828495308515], [78.80467026061059, 9.287829613755958], [78.80467138646016, 9.287648848430349], [78.80476237251236, 9.287649407604663], [78.80476293540569, 9.287559024932875], [78.80494490746518, 9.28756014320964], [78.80494378176833, 9.287740908571182], [78.8048527956802, 9.2877403494328], [78.80485223279584, 9.287830732104588], [78.80494321890194, 9.287831291251955], [78.80494096740942, 9.288192821966057], [78.80475899501756, 9.288191703617427], [78.80475955794684, 9.28810132094564], [78.80421364104974, 9.288097965369744], [78.80421251490374, 9.288278730641455], [78.80412152873477, 9.288278171287477], [78.80412321800767, 9.288007023397876], [78.80403223191055, 9.288006464034915], [78.80403335811046, 9.287825698790153], [78.80394237206724, 9.287825139418208], [78.80394406140304, 9.287553991564542], [78.80385307542271, 9.287553432183614], [78.80385645407632, 9.28701113648526], [78.8042203974407, 9.287013373730492], [78.80422096043286, 9.286922991094636], [78.80458490379722, 9.28692522794461], [78.8045843408949, 9.287015610607416], [78.80467532677642, 9.287016169772746]], [[78.80394518759395, 9.28737322631978], [78.80394575067595, 9.28728284370189], [78.80403673658441, 9.287283403037902], [78.80403617352039, 9.287373785664775], [78.80394518759395, 9.28737322631978]], [[78.80421420411376, 9.288007582733888], [78.8042158932699, 9.287736434835304], [78.8043978653653, 9.287737553408512], [78.80439730236417, 9.28782793605335], [78.804306316294, 9.287827376771238], [78.80430575326592, 9.287917759416077], [78.80439673935405, 9.28791831869819], [78.80439617634393, 9.28800870134303], [78.80421420411376, 9.288007582733888]], [[78.80439842835746, 9.28764717075469], [78.80439899134063, 9.287556788109852], [78.80448997734791, 9.287557347356032], [78.80448941438272, 9.28764773000087], [78.80439842835746, 9.28764717075469]], [[78.80430969434575, 9.287285080920173], [78.80430913135359, 9.287375463565011], [78.80412715945582, 9.287374344982819], [78.80412772250186, 9.287283962355946], [78.80430969434575, 9.287285080920173]], [[78.80430969434575, 9.287285080920173], [78.80431082032108, 9.287104315630495], [78.80440180620259, 9.287104874867692], [78.80440124324637, 9.287195257512531], [78.80449222915485, 9.287195816731762], [78.80449166621658, 9.287286199394567], [78.80430969434575, 9.287285080920173]]]]}, "id": "+5889+7272", "properties": {"count": 109, "water": 1}}, {"type": "Feature", "geometry": {"geodesic": false, "type": "MultiPolygon", "coordinates": [[[[78.80524993456113, 9.28241000588944], [78.80543190403347, 9.282411123303824], [78.80543134162522, 9.282501506038493], [78.80552232639282, 9.282502064718734], [78.80552120160327, 9.282682830197059], [78.80561218642478, 9.282683388859335], [78.80561106166218, 9.282864154355623], [78.80570204653759, 9.282864713008916], [78.80570092179295, 9.283045478505207], [78.80579190672225, 9.283046037149514], [78.80578965726892, 9.283407568160062], [78.80588064228806, 9.28340812680437], [78.8058783928437, 9.283769657832883], [78.80596937796165, 9.283770216477192], [78.80596825325294, 9.28395098200043], [78.80587726809009, 9.28395042334714], [78.8058767056998, 9.284040806099776], [78.80596769088962, 9.28404136476205], [78.8059671285173, 9.284131747514687], [78.80578515810173, 9.28413063017217], [78.80578572051897, 9.284040247428518], [78.80560375016628, 9.284039129996168], [78.805602625233, 9.284219895474493], [78.80551164001623, 9.284219336713402], [78.80551220251432, 9.284128953987716], [78.80523924697182, 9.284127277587665], [78.80524037208477, 9.283946512154257], [78.8053313572117, 9.283947070960263], [78.80533191972775, 9.283856688243558], [78.80524093462776, 9.283856129437552], [78.80524149716177, 9.28376574672085], [78.80515051208874, 9.283765187896877], [78.8051510746497, 9.283674805180173], [78.80524205969579, 9.283675364004145], [78.80524262222981, 9.283584981278459], [78.80515163720169, 9.283584422472453], [78.80515388734673, 9.283222891614619], [78.80506290241742, 9.28322233279963], [78.80506627760354, 9.282680036526356], [78.80497529281797, 9.282679477729333], [78.804976417886, 9.282498712313892], [78.80524937210797, 9.282500388615128], [78.80524993456113, 9.28241000588944]], [[78.80515669990001, 9.282770978031099], [78.80515726238912, 9.282680595305413], [78.80524824718367, 9.282681154066502], [78.8052488096548, 9.282590771340816], [78.80533979443139, 9.282591330065973], [78.8053392319872, 9.282681712800644], [78.80543021679075, 9.282682271507834], [78.80542965437351, 9.282772654242503], [78.80515669990001, 9.282770978031099]], [[78.80533360725792, 9.283585540066497], [78.80533416975601, 9.283495157349794], [78.80542515477514, 9.2834957161019], [78.80542627970843, 9.283314950641543], [78.8053352947342, 9.283314391898418], [78.80533698216557, 9.283043243712374], [78.80542796706791, 9.283043802446516], [78.80542740461476, 9.283134185181185], [78.80551838954406, 9.28313474389736], [78.80551670223846, 9.283405892110354], [78.80560768724861, 9.283406450817544], [78.80560656239618, 9.283587216295867], [78.80551557734111, 9.283586657579693], [78.8055144524258, 9.283767423049035], [78.80569642262577, 9.283768540490366], [78.80569586019955, 9.28385892323402], [78.80542290483672, 9.283857247022615], [78.80542459229503, 9.28358609883657], [78.80533360725792, 9.283585540066497]]], [[[78.80524993456113, 9.28241000588944], [78.80497698040205, 9.282408329597189], [78.80497923043929, 9.282046798757321], [78.80488824582439, 9.282046239978266], [78.80488993336355, 9.281775091855103], [78.80479894882052, 9.28177453305808], [78.80480063637765, 9.281503384952885], [78.8048916208488, 9.281503943731941], [78.80489218332893, 9.28141356102422], [78.80507415223532, 9.281414678501484], [78.80507471467052, 9.281324295775796], [78.80516569910576, 9.281324854474004], [78.80516457428925, 9.28150561992538], [78.80525555877838, 9.281506178614604], [78.80525330916335, 9.281867709526335], [78.80534429375129, 9.28186826821556], [78.80534148171903, 9.282320181879928], [78.8052504970143, 9.282319623163755], [78.80524993456113, 9.28241000588944]]]]}, "id": "+5890+7333", "properties": {"count": 158, "water": 1}}, {"type": "Feature", "geometry": {"geodesic": false, "type": "Polygon", "coordinates": [[[78.80562005910721, 9.281418030367337], [78.80562230823716, 9.28105649935679], [78.80571329264544, 9.281057057893301], [78.80571216813436, 9.281237823416541], [78.80580315258757, 9.28123838194407], [78.80580202810344, 9.281419147476292], [78.80562005910721, 9.281418030367337]]]}, "id": "+5896+7336", "properties": {"count": 6, "water": 1}}, {"type": "Feature", "geometry": {"geodesic": false, "type": "MultiPolygon", "coordinates": [[[[78.80703831778658, 9.33122951946494], [78.80694732032578, 9.331228958269417], [78.80694845036149, 9.331048193105504], [78.80685745295459, 9.331047631892012], [78.80685971305296, 9.330686101582153], [78.80676871574487, 9.330685540377646], [78.80676984580754, 9.330504775222716], [78.80667884855335, 9.330504214009224], [78.80668054367429, 9.330233066299288], [78.80658954650094, 9.33023250506783], [78.80659067659056, 9.330051739939849], [78.80649967947112, 9.33005117869941], [78.80650137464595, 9.329780031016421], [78.80641037759837, 9.329779469766997], [78.8064120727822, 9.329508322092993], [78.80632107581546, 9.329507760843569], [78.80632220595898, 9.329326995742539], [78.80623120903716, 9.32932643447515], [78.80623290428387, 9.329055286828094], [78.8061419074429, 9.329054725560704], [78.80614303762235, 9.328873960468655], [78.8060520408263, 9.3288733991833], [78.80605317103269, 9.328692634109219], [78.80596217429952, 9.32869207281488], [78.80596330452389, 9.328511307740797], [78.80587230784461, 9.328510746437475], [78.80587343809592, 9.328329981372377], [78.80578244146156, 9.32832942005109], [78.80578470199113, 9.32796788994784], [78.8056937054556, 9.327967328626551], [78.80569483573385, 9.32778656357942], [78.80560383925221, 9.327786002249148], [78.80560440440931, 9.327695619730074], [78.80551340795462, 9.327695058381835], [78.80551453829575, 9.32751429335267], [78.80542354189497, 9.327513731986466], [78.80542523742913, 9.327242584465173], [78.80497025585638, 9.327239777382625], [78.80497082113924, 9.327149394899482], [78.80451583983596, 9.327146587268961], [78.80451640522662, 9.327056204821751], [78.80497138642208, 9.32705901241634], [78.80497195169596, 9.326968629933198], [78.8054269329094, 9.3269714369349], [78.80542749805751, 9.326881054415825], [78.8055184942966, 9.326881615746096], [78.80551792917544, 9.326971998256187], [78.80560892544149, 9.326972559568492], [78.80560779521713, 9.327153324606643], [78.80569879153707, 9.327153885900982], [78.80569766133966, 9.327334650957097], [78.80578865770451, 9.32733521223347], [78.80578639733665, 9.327696742354684], [78.80587739380033, 9.32769730364004], [78.80587682872408, 9.32778768617708], [78.80596782522368, 9.327788247435487], [78.80596613000392, 9.328059395055593], [78.8060571265754, 9.328059956314], [78.80605430122111, 9.328511869026153], [78.80614529791835, 9.32851243028456], [78.80614416778383, 9.328693195376609], [78.80623516453495, 9.32869375662603], [78.8062340344184, 9.328874521727062], [78.80632503122342, 9.328875082967503], [78.80632277102625, 9.32923661318753], [78.80641376793008, 9.329237174418989], [78.80641263784048, 9.329417939537986], [78.80650363479822, 9.32941850076046], [78.80650193968627, 9.329689648452431], [78.80659293672485, 9.329690209665921], [78.80659180667118, 9.329870974802885], [78.8066828037547, 9.329871536007392], [78.80668167372797, 9.330052301153339], [78.80677267086537, 9.330052862348865], [78.80677097585223, 9.330324010076767], [78.8068619730615, 9.33032457126331], [78.80686027806632, 9.330595719000195], [78.80695127535645, 9.330596280177755], [78.80694958037924, 9.330867427932606], [78.80704057774122, 9.330867989110166], [78.80703831778658, 9.33122951946494]]], [[[78.80712705529274, 9.331591610997275], [78.80721805286134, 9.33159217216585], [78.8072169228975, 9.331772937365697], [78.80730792051101, 9.331773498516306], [78.8073062255877, 9.332044646325057], [78.80721522790232, 9.3320440851475], [78.80721635790209, 9.331863319956636], [78.80712536027062, 9.331862758770095], [78.80712705529274, 9.331591610997275]]], [[[78.80703831778658, 9.33122951946494], [78.80712931524738, 9.331230080633516], [78.80712705529274, 9.331591610997275], [78.80703605774211, 9.331591049810735], [78.80703831778658, 9.33122951946494]]]]}, "id": "+5897+6829", "properties": {"count": 127, "water": 1}}, {"type": "Feature", "geometry": {"geodesic": false, "type": "MultiPolygon", "coordinates": [[[[78.80579752994237, 9.28214220956925], [78.80579809223384, 9.28205182680763], [78.80588907690263, 9.282052385362107], [78.80588963916715, 9.281962002600487], [78.80579865451632, 9.28196144404601], [78.80579977907232, 9.281780678522772], [78.80589076366924, 9.281781237068264], [78.80589020142268, 9.281871619829884], [78.80598118605555, 9.281872178357412], [78.80597949933386, 9.282143326669221], [78.80607048404757, 9.282143885187766], [78.80606992181897, 9.282234267967352], [78.80616090655066, 9.282234826458948], [78.8061592199098, 9.28250597480669], [78.80625020472233, 9.282506533298283], [78.80624851809047, 9.28277768165501], [78.80597556346426, 9.282776006054458], [78.8059789370873, 9.282233709439824], [78.80588795236461, 9.28223315089433], [78.80588851463811, 9.28214276813271], [78.80579752994237, 9.28214220956925]]], [[[78.80579752994237, 9.28214220956925], [78.80579696764192, 9.28223259233087], [78.80570598292822, 9.28223203374046], [78.80570654525562, 9.282141650987823], [78.80579752994237, 9.28214220956925]]]]}, "id": "+5898+7328", "properties": {"count": 24, "water": 1}}, {"type": "Feature", "geometry": {"geodesic": false, "type": "Polygon", "coordinates": [[[78.8055026393732, 9.285665460369312], [78.80550320195213, 9.285575077643626], [78.80568517308635, 9.285576195309536], [78.80568573562036, 9.285485812565883], [78.80604967785285, 9.285488047592276], [78.80604911541766, 9.285578430344913], [78.80595812982361, 9.285577871619754], [78.80595700488134, 9.285758637125028], [78.80586601925135, 9.285758078363939], [78.80586320668907, 9.28620999209119], [78.80595419243585, 9.286210550879227], [78.80595250489668, 9.286481699119172], [78.80567954745874, 9.286480022638273], [78.80567898486184, 9.286570405372943], [78.80558799904321, 9.286569846495071], [78.80558968687882, 9.28629869831801], [78.80577165839033, 9.286299816019854], [78.80577278349429, 9.28611905054153], [78.80559081207261, 9.286117932857653], [78.80559362495828, 9.285666019220233], [78.8055026393732, 9.285665460369312]]]}, "id": "+5900+7287", "properties": {"count": 37, "water": 1}}, {"type": "Feature", "geometry": {"geodesic": false, "type": "Polygon", "coordinates": [[[78.80557029720154, 9.304014263246907], [78.80557198828006, 9.303743115330358], [78.80611792990778, 9.30374647442765], [78.80611905698804, 9.303565709084072], [78.80602806674969, 9.303565149307886], [78.80602975738805, 9.303294001310489], [78.80612074755452, 9.303294561068707], [78.8061213110677, 9.30320417839692], [78.80657626189112, 9.303206976837675], [78.8065740082696, 9.303568507641609], [78.80648301800431, 9.303567947982204], [78.806482454563, 9.30365833067196], [78.80657344485525, 9.303658890340348], [78.8065728814319, 9.303749273039084], [78.8066638717511, 9.303749832689507], [78.80666049122898, 9.304292128908882], [78.80656950076606, 9.304291569222528], [78.80656893730678, 9.304381951912282], [78.80647794682588, 9.304381392198978], [78.80647681983547, 9.304562157578488], [78.80638582931864, 9.30456159782925], [78.8063852657875, 9.304651980510021], [78.8062942752527, 9.304651420733835], [78.80629314813652, 9.304832186086395], [78.80620215755681, 9.304831626274277], [78.80620159396278, 9.304922008946065], [78.80601961277642, 9.304920889240979], [78.80602017641536, 9.304830506587157], [78.80592918585361, 9.304829946703173], [78.80592974951053, 9.30473956404935], [78.80574776844993, 9.304738444227484], [78.80574833215175, 9.304648061582645], [78.80565734165289, 9.304647501644762], [78.8056579053637, 9.304557119008907], [78.80574889584459, 9.304557678937806], [78.80575002320333, 9.304376913657112], [78.8058410136393, 9.30437747355008], [78.80584157728723, 9.304287090905241], [78.80611454855024, 9.304288770449395], [78.8061151121263, 9.304198387777607], [78.80602412172625, 9.304197827956505], [78.80602524889635, 9.304017062630894], [78.80575227786689, 9.304015383068775], [78.80575171420998, 9.304105765713613], [78.80566072385486, 9.304105205811663], [78.80566128752973, 9.304014823166824], [78.80557029720154, 9.304014263246907]]]}, "id": "+5907+7091", "properties": {"count": 133, "water": 1}}, {"type": "Feature", "geometry": {"geodesic": false, "type": "Polygon", "coordinates": [[[78.8061530351079, 9.283500185355186], [78.80615415966388, 9.283319419804997], [78.806245144692, 9.283319978350491], [78.80624626917611, 9.283139212782336], [78.8061552842019, 9.283138654254808], [78.80615584646642, 9.283048271475222], [78.80624683141369, 9.28304883000275], [78.80624739365126, 9.282958447223164], [78.80652034846612, 9.282960122635068], [78.80652091062285, 9.282869739837516], [78.80670288048145, 9.28287085665901], [78.80670344258428, 9.28278047384349], [78.8067944275046, 9.282781032218304], [78.80679498958047, 9.282690649393803], [78.80688597447384, 9.282691207741667], [78.80688541242492, 9.28278159056617], [78.80697639735422, 9.282782148887085], [78.80697358712757, 9.283234063018577], [78.80660964698815, 9.283231829483388], [78.80661077127463, 9.283051063870316], [78.80642880133519, 9.28304994698594], [78.80642655253762, 9.283411478158184], [78.80624458243646, 9.283410361130077], [78.80624402017195, 9.283500743909663], [78.8061530351079, 9.283500185355186]], [[78.80670119413705, 9.2831420050876], [78.80670231836964, 9.282961239465545], [78.80679330333489, 9.282961797849342], [78.80679217914721, 9.283142563480379], [78.80670119413705, 9.2831420050876]]]}, "id": "+5909+7318", "properties": {"count": 34, "water": 1}}, {"type": "Feature", "geometry": {"geodesic": false, "type": "Polygon", "coordinates": [[[78.80644173014028, 9.280971142588337], [78.80644285424711, 9.28079037698425], [78.80671580741806, 9.280792051866147], [78.80671636939512, 9.280701669041646], [78.80689833815778, 9.280702785503813], [78.80689777623462, 9.280793168337299], [78.80698876065188, 9.280793726541432], [78.80699100822774, 9.280432195180543], [78.807263961228, 9.280433869577351], [78.80726339941265, 9.280524252437784], [78.807354383776, 9.280524810525138], [78.80735213655049, 9.28088634197586], [78.80744312102166, 9.280886900063212], [78.80744087379614, 9.2812484315319], [78.80753185835714, 9.281248989619254], [78.80753073476235, 9.281429755358088], [78.80762171937724, 9.28143031343646], [78.80762059580042, 9.281611079184277], [78.8077115804692, 9.281611637253665], [78.80771045691934, 9.281792403010465], [78.80780144164203, 9.281792961061887], [78.80779919456025, 9.282154492593456], [78.8076172249352, 9.28215337641875], [78.80761778675954, 9.282062993549332], [78.80752680198295, 9.282062435426045], [78.80752624013165, 9.282152818295463], [78.8074352553371, 9.282152260145228], [78.80743469345886, 9.282242643005661], [78.80734370863735, 9.28224208483746], [78.80734314673215, 9.282332467688912], [78.80725216190166, 9.282331909484776], [78.80725272383381, 9.282241526633326], [78.80716173902128, 9.282240968420208], [78.80716286291252, 9.282060202726289], [78.80707187816287, 9.282059644495204], [78.80707019224967, 9.282330793004643], [78.80716117707118, 9.282331351253694], [78.80716061511208, 9.282421734096161], [78.80697864542415, 9.28242061757111], [78.80697976943217, 9.28223985190414], [78.80688878464659, 9.282239293619158], [78.80688990867257, 9.282058527961173], [78.8067989239409, 9.282057969658222], [78.80680061000683, 9.2817868211937], [78.80670962534701, 9.281786262881768], [78.80671187345288, 9.281424731610711], [78.80662088889189, 9.281424173298777], [78.80662201296278, 9.281243407676724], [78.8065310284557, 9.281242849346825], [78.80653271457551, 9.280971700918236], [78.80644173014028, 9.280971142588337]], [[78.80689215666166, 9.281696996654182], [78.80689328062476, 9.281516230987211], [78.8070752498276, 9.281517347458362], [78.80707637367392, 9.281336581773425], [78.80689440456091, 9.281335465329224], [78.80689609042022, 9.281064316837753], [78.80698707490936, 9.28106487505087], [78.8069881987377, 9.280884109374917], [78.80707918318191, 9.280884667561086], [78.80707805939848, 9.281065433246022], [78.8071690438966, 9.281065991423207], [78.80716792013112, 9.281246757117126], [78.80725890468314, 9.281247315276344], [78.80725721906637, 9.281518463839681], [78.80716623444249, 9.281517905662497], [78.8071656725373, 9.281608288504964], [78.80707468790443, 9.28160773030083], [78.80707412596331, 9.281698113143298], [78.80716511062312, 9.281698671347433], [78.80716454870894, 9.281789054198883], [78.8069825793444, 9.281787937736716], [78.80698314131249, 9.281697554903232], [78.80689215666166, 9.281696996654182]], [[78.8074375027872, 9.28179072870349], [78.80734651808247, 9.281790170562237], [78.8073470799607, 9.281699787701802], [78.80725609529192, 9.281699229542584], [78.80725665717914, 9.281608846691134], [78.80743862648079, 9.281609962982621], [78.8074375027872, 9.28179072870349]], [[78.8074369409269, 9.281881111563925], [78.80743637906663, 9.281971494433341], [78.80734539432598, 9.281970936274123], [78.80734595620422, 9.28188055341369], [78.8074369409269, 9.281881111563925]], [[78.8074369409269, 9.281881111563925], [78.8074375027872, 9.28179072870349], [78.80752848749192, 9.281791286826776], [78.80752792565859, 9.281881669696194], [78.8074369409269, 9.281881111563925]]]}, "id": "+5913+7343", "properties": {"count": 152, "water": 1}}, {"type": "Feature", "geometry": {"geodesic": false, "type": "Polygon", "coordinates": [[[78.80744480637792, 9.280615751463943], [78.80744649168027, 9.28034460285569], [78.8076284603531, 9.280345718904632], [78.80762902206965, 9.280255336026233], [78.8077200063881, 9.280255894005787], [78.8077205680687, 9.280165511118405], [78.80808450531556, 9.280167742803064], [78.80808282053422, 9.280438891528098], [78.80817380493353, 9.280439449408838], [78.80817268176094, 9.280620215228522], [78.80826366620515, 9.28062077310028], [78.80826198147773, 9.280891921852264], [78.80835296600279, 9.280892479715039], [78.80835128129331, 9.281163628476005], [78.80826029669639, 9.281163070595264], [78.80825973508765, 9.281253453509597], [78.80807776587582, 9.28125233767625], [78.80807720421318, 9.2813427205816], [78.80780425035951, 9.281341046642932], [78.80780537381057, 9.281160280868166], [78.80771438924957, 9.281159722852678], [78.80771551272758, 9.280978957086893], [78.80762452822049, 9.280978399053438], [78.80762621345097, 9.28070725042722], [78.80753522902472, 9.280706692393764], [78.80753579077721, 9.280616309515365], [78.80744480637792, 9.280615751463943]]]}, "id": "+5922+7346", "properties": {"count": 84, "water": 1}}, {"type": "Feature", "geometry": {"geodesic": false, "type": "Polygon", "coordinates": [[[78.80879609709015, 9.282793310499406], [78.80879441236272, 9.283064459314271], [78.80870342725375, 9.28306390143353], [78.80870455045329, 9.28288313556893], [78.80834061025098, 9.282880903875288], [78.80834117194057, 9.282790520960955], [78.80825018693042, 9.282789962981399], [78.80825131032758, 9.282609197170698], [78.80816032536234, 9.28260863918216], [78.80816144878645, 9.282427873380442], [78.8080704638841, 9.282427315373937], [78.80807327244887, 9.28197540088312], [78.8079822876633, 9.28197484289458], [78.80798284938882, 9.281884459998214], [78.80789186463021, 9.281883901982726], [78.80789354982475, 9.28161275331159], [78.80825748860772, 9.28161498516693], [78.80825805024342, 9.281524602252597], [78.80844001961694, 9.281525718023062], [78.80844058119874, 9.281435335099745], [78.80871353524105, 9.281437008580271], [78.80871297373112, 9.28152739151257], [78.80880395844483, 9.28152794930348], [78.8088028354609, 9.281708715195029], [78.8088938202285, 9.28170927295899], [78.8088932587545, 9.281799655909255], [78.80898424354905, 9.281800213664232], [78.808983120628, 9.281980979573747], [78.80925607519133, 9.281982652730878], [78.80925439096696, 9.28225380164456], [78.80934537590524, 9.282254359336655], [78.80934425310996, 9.2824351252821], [78.80925326812675, 9.282434567581024], [78.80925270669766, 9.282524950549256], [78.8091617216965, 9.282524392821228], [78.80916116024046, 9.282614775780477], [78.80888820521, 9.282613102443682], [78.80888764367312, 9.282703485384966], [78.80916059877543, 9.28270515874871], [78.80916003731042, 9.282795541707959], [78.80879609709015, 9.282793310499406]], [[78.80879609709015, 9.282793310499406], [78.80870511204407, 9.282792752636631], [78.80870567363485, 9.282702369704332], [78.80879665865397, 9.282702927558123], [78.80879609709015, 9.282793310499406]], [[78.8086169349968, 9.282340280103375], [78.8086174965786, 9.282249897171075], [78.80879946637434, 9.28225101285171], [78.80879890484644, 9.282341395792992], [78.8086169349968, 9.282340280103375]], [[78.80843552680983, 9.282248781400611], [78.80852651169423, 9.282249339299318], [78.80852538847672, 9.28243010514595], [78.80843440354742, 9.28242954723826], [78.80843552680983, 9.282248781400611]], [[78.80843552680983, 9.282248781400611], [78.80834454192545, 9.282248223483936], [78.80834510357012, 9.282157840569603], [78.80825411872166, 9.282157282625981], [78.80825468038432, 9.28206689972063], [78.8084366500453, 9.282068015562961], [78.80843552680983, 9.282248781400611]]]}, "id": "+5929+7332", "properties": {"count": 159, "water": 1}}, {"type": "Feature", "geometry": {"geodesic": false, "type": "Polygon", "coordinates": [[[78.80735784499377, 9.42523281170451], [78.80735898641115, 9.425052047447894], [78.80745000834206, 9.425052614123143], [78.80745057901481, 9.424962231990342], [78.80763262285866, 9.42496336525999], [78.80763319347751, 9.424872983109225], [78.80799728113827, 9.424875249352073], [78.80799671060926, 9.424965631520806], [78.80808773256712, 9.424966198025373], [78.808086591545, 9.42514696237182], [78.80817761354778, 9.425147528867404], [78.80817590204157, 9.425418675400548], [78.80790283583562, 9.425416975797013], [78.8079022652527, 9.425507357965746], [78.80772022108545, 9.425506224767965], [78.80771965044863, 9.425596606909746], [78.80744658417979, 9.42559490692892], [78.80744886697859, 9.42523337838874], [78.80735784499377, 9.42523281170451]]]}, "id": "+5931+5745", "properties": {"count": 52, "water": 1}}, {"type": "Feature", "geometry": {"geodesic": false, "type": "Polygon", "coordinates": [[[78.80741165155503, 9.285948339825332], [78.80741221366684, 9.285857956982865], [78.8075031994226, 9.28585851535768], [78.80750432358332, 9.28567774966376], [78.80741333788147, 9.285677191306911], [78.80741502414502, 9.285406042779506], [78.80759699542297, 9.285407159448287], [78.80759755745393, 9.285316776596837], [78.80777952870493, 9.285317893157819], [78.80778009068197, 9.2852275102884], [78.807962061915, 9.285228626750568], [78.80796262383816, 9.285138243872169], [78.80814459505324, 9.285139360226538], [78.80814515692249, 9.285048977339153], [78.80823614251655, 9.285049535480406], [78.80823670435886, 9.284959152584038], [78.80869163226627, 9.284961942904024], [78.8086921939918, 9.284871559980708], [78.8087831795679, 9.284872117969247], [78.80878374126647, 9.284781735036947], [78.80896571238272, 9.284782850933176], [78.80896515073805, 9.28487323387446], [78.8090561363321, 9.284873791791133], [78.80905501306968, 9.285054557682681], [78.80914599871764, 9.28505511558139], [78.80914431384647, 9.285326264432188], [78.80905332812665, 9.28532570650653], [78.80905220480136, 9.285506472389097], [78.80887023329883, 9.28550535644795], [78.80886967158229, 9.28559573938025], [78.80868770005281, 9.285594623340291], [78.80868713828237, 9.285685006254624], [78.80850516672594, 9.28568389011585], [78.8085046049016, 9.2857742730212], [78.80832263332721, 9.285773156774628], [78.80832207145794, 9.285863539670995], [78.80804911405593, 9.285861865103508], [78.80804855210583, 9.285952247981909], [78.8078665804955, 9.285951131483808], [78.8078660184915, 9.286041514344243], [78.8075020752439, 9.286039281042616], [78.80750263733773, 9.285948898200147], [78.80741165155503, 9.285948339825332]]]}, "id": "+5932+7295", "properties": {"count": 149, "water": 1}}, {"type": "Feature", "geometry": {"geodesic": false, "type": "MultiPolygon", "coordinates": [[[[78.8085411113927, 9.27989938306851], [78.80854279572488, 9.279628234253645], [78.80872476416414, 9.279629349655801], [78.80872532554831, 9.279538966705534], [78.80899827817129, 9.279540639629104], [78.80899883948359, 9.279450256660873], [78.80918080788693, 9.2794513718115], [78.80917912407577, 9.279722520743146], [78.80908813980224, 9.279721963167832], [78.80908757849892, 9.279812346136065], [78.80926954709989, 9.279813461286693], [78.8092684245651, 9.279994227250107], [78.80935940891949, 9.27999478479847], [78.80935828640267, 9.280175550770867], [78.80926730200338, 9.280174993213521], [78.80926674071802, 9.280265376190735], [78.80908477189247, 9.28026426098621], [78.80908645587431, 9.279993112081513], [78.8089954715379, 9.279992554461284], [78.80899659420741, 9.27981178852482], [78.80881462564238, 9.279810673239444], [78.8088140642672, 9.27990105618971], [78.8085411113927, 9.27989938306851]]], [[[78.8085411113927, 9.27989938306851], [78.80853998847164, 9.280080148951075], [78.80863097280806, 9.280080706688086], [78.80863041136101, 9.28017108962937], [78.80872139572438, 9.280171647357395], [78.80872195714447, 9.28008126440713], [78.80890392583527, 9.280082379773354], [78.80890336446008, 9.280172762732603], [78.80899434884141, 9.280173320388764], [78.80899266475178, 9.280444469275496], [78.80908364920498, 9.280445026922674], [78.80908308785675, 9.280535409890906], [78.80917407233689, 9.280535967529103], [78.80917238831913, 9.280807116442782], [78.80908140376711, 9.280806558795604], [78.80908084240092, 9.280896941763835], [78.80898985783094, 9.280896384089706], [78.80898929642879, 9.280986767048956], [78.80880732725291, 9.28098565161985], [78.80880676580585, 9.281076034561133], [78.80871578119995, 9.281075476806157], [78.80871634268293, 9.280985093864874], [78.80862535811295, 9.280984536091932], [78.80862591960492, 9.280894153150648], [78.80853493506189, 9.28089359535974], [78.80853605808176, 9.28071282949514], [78.80844507359264, 9.280712271695247], [78.80844619663945, 9.280531505839631], [78.80835521220422, 9.280530948021772], [78.80835633526901, 9.28035018217514], [78.80826535088767, 9.280349624348297], [78.8082670355163, 9.280078475587331], [78.80817605120683, 9.280077917751505], [78.80817661276167, 9.279987534837172], [78.80826759704419, 9.279988092664015], [78.80826815857209, 9.279897709740698], [78.8085411113927, 9.27989938306851]]]]}, "id": "+5934+7354", "properties": {"count": 115, "water": 1}}, {"type": "Feature", "geometry": {"geodesic": false, "type": "Polygon", "coordinates": [[[78.80926056619283, 9.281259588949089], [78.80926168888033, 9.281078822994658], [78.80935267351319, 9.281079380614887], [78.80935323483448, 9.280988997628688], [78.80953520406426, 9.280990112788299], [78.80953464279688, 9.281080495783481], [78.80971661210751, 9.28108161085326], [78.80971773454347, 9.28090084484493], [78.80980871915837, 9.280901402339396], [78.80980759676731, 9.281082168356708], [78.80989858143612, 9.281082725833206], [78.809897459072, 9.281263491859503], [78.80998844378571, 9.281264049327019], [78.80998788261715, 9.28135443234915], [78.81007886736678, 9.2813549897987], [78.81007774505659, 9.281535755842963], [78.81016872986012, 9.281536313283528], [78.81016704642627, 9.281807462367889], [78.81007606155086, 9.281806904909356], [78.8100755003733, 9.281897287931487], [78.80998451548892, 9.281896730446006], [78.80998395427542, 9.281987113468135], [78.80980198447071, 9.281985998425306], [78.8098014232123, 9.282076381429471], [78.80943748357593, 9.282074151038385], [78.80943860627242, 9.281893385074971], [78.80952959112986, 9.2818939426952], [78.80953015245115, 9.281803559709003], [78.80943916762065, 9.281803002088772], [78.80944141293276, 9.281441470152961], [78.80935042820109, 9.281440912532732], [78.8093515508706, 9.281260146578301], [78.80926056619283, 9.281259588949089]], [[78.80971548964459, 9.281262376861589], [78.80971605087605, 9.281171993857425], [78.80980703556281, 9.281172551360873], [78.8098064743583, 9.281262934374022], [78.80971548964459, 9.281262376861589]]]}, "id": "+5941+7338", "properties": {"count": 79, "water": 1}}, {"type": "Feature", "geometry": {"geodesic": false, "type": "MultiPolygon", "coordinates": [[[[78.80981938073246, 9.27918412505365], [78.81009233329256, 9.279185797069923], [78.81009177227669, 9.27927618011002], [78.80981881965373, 9.279274508075781], [78.80981938073246, 9.27918412505365]]], [[[78.80981938073246, 9.27918412505365], [78.80972839655774, 9.279183567666983], [78.80972895766344, 9.279093184653835], [78.80981994181121, 9.279093742031518], [78.80981938073246, 9.27918412505365]]]]}, "id": "+5941+7358", "properties": {"count": 4, "water": 1}}, {"type": "Feature", "geometry": {"geodesic": false, "type": "Polygon", "coordinates": [[[78.80990026494183, 9.28081157678478], [78.80990250954427, 9.280450044714222], [78.81008447856745, 9.280451159532472], [78.81008391747073, 9.280541542554603], [78.81017490202275, 9.280542099932289], [78.81017321876855, 9.280813249034614], [78.81026420339242, 9.280813806403316], [78.81026364232267, 9.280904189443413], [78.81035462697349, 9.280904746794148], [78.8103523827214, 9.281266278963521], [78.81044336747104, 9.281266836314256], [78.81044224535847, 9.281447602403434], [78.81035126056392, 9.281447045043716], [78.81035182165164, 9.281356662003619], [78.81026083688404, 9.281356104625933], [78.81026139798074, 9.281265721585836], [78.81017041324907, 9.281265164190186], [78.81017097436374, 9.281174781159072], [78.81007998965003, 9.281174223745454], [78.81008111191532, 9.280993457692208], [78.8099901272645, 9.28099290026961], [78.80999124954775, 9.280812134225346], [78.80990026494183, 9.28081157678478]]]}, "id": "+5944+7343", "properties": {"count": 29, "water": 1}}, {"type": "Feature", "geometry": {"geodesic": false, "type": "Polygon", "coordinates": [[[78.80945095449634, 9.279904959333686], [78.80945263813682, 9.279633810357124], [78.80972559096641, 9.279635482732724], [78.80972615209905, 9.279545099719575], [78.80999910491066, 9.279546771870594], [78.80999966597145, 9.279456388848462], [78.81009065022701, 9.27945694618123], [78.81009008919318, 9.279547329212345], [78.81018107348469, 9.279547886527148], [78.81017995145295, 9.279728652607343], [78.81008896711654, 9.279728095283557], [78.81008840606475, 9.279818478314672], [78.81017939042812, 9.27981903564744], [78.81017882939429, 9.279909418678555], [78.8102698137846, 9.279909975993357], [78.81026813072803, 9.280181125122633], [78.81008616181266, 9.28018001043913], [78.8100856007429, 9.280270393470245], [78.80999461627174, 9.280269836083576], [78.80999405516604, 9.28036021911469], [78.80981208619676, 9.28035910426949], [78.80981152503718, 9.280449487282638], [78.80972054053906, 9.280448929815122], [78.80972110171662, 9.280358546810957], [78.80963011724545, 9.280357989325475], [78.80963123964548, 9.28017722332613], [78.80954025522823, 9.280176665831664], [78.80954193884175, 9.279905516837136], [78.80945095449634, 9.279904959333686]], [[78.80990587626826, 9.2799077465994], [78.80990699846167, 9.27972698055514], [78.80999798278911, 9.279727537932823], [78.80999686064061, 9.279908303986069], [78.80990587626826, 9.2799077465994]]]}, "id": "+5944+7354", "properties": {"count": 61, "water": 1}}, {"type": "Feature", "geometry": {"geodesic": false, "type": "Polygon", "coordinates": [[[78.80933530640176, 9.356822957700217], [78.80933643835986, 9.356642192509355], [78.80942744255803, 9.356642754603193], [78.80942800850565, 9.356552372003272], [78.80951901269484, 9.35655293407016], [78.80951844677416, 9.356643316679067], [78.80979145943155, 9.356645002753973], [78.80979259112915, 9.356464237500228], [78.8100656036967, 9.356465923332589], [78.81006503791977, 9.356556305977428], [78.81015604214488, 9.356556867882622], [78.81015547638592, 9.35664725052746], [78.80997346789077, 9.356646126690125], [78.80997290208688, 9.35673650932598], [78.8096998893217, 9.356734823367855], [78.80969932343697, 9.356825205985745], [78.80960831916694, 9.356824643954786], [78.80960775324628, 9.356915026563692], [78.80942574468826, 9.356913902411947], [78.80942631065383, 9.356823519812023], [78.80933530640176, 9.356822957700217]]]}, "id": "+5949+6502", "properties": {"count": 21, "water": 1}}, {"type": "Feature", "geometry": {"geodesic": false, "type": "Polygon", "coordinates": [[[78.81023109046697, 9.28614640480787], [78.81023221326227, 9.285965638790557], [78.81059615711173, 9.285967869289442], [78.8105950344961, 9.286148635360652], [78.81068602052136, 9.286149192935966], [78.81068545922702, 9.286239575976063], [78.81077644527922, 9.286240133533411], [78.81077532272647, 9.286420899613606], [78.81086630883256, 9.286421457170954], [78.81086574757416, 9.286511840211052], [78.8109567337072, 9.286512397750432], [78.81095561120836, 9.286693163848593], [78.81077363886142, 9.286692048742882], [78.8107730775581, 9.286782431773997], [78.81068209137115, 9.286781874180717], [78.8106815300319, 9.286872257211831], [78.81031758523919, 9.2868700265782], [78.81031870807941, 9.286689260560886], [78.81040969422143, 9.286689818243998], [78.81041081699875, 9.286509052208718], [78.81031983090165, 9.28650849453459], [78.81032207646527, 9.286146962481999], [78.81023109046697, 9.28614640480787]], [[78.81050180309587, 9.286509609855898], [78.81050236445309, 9.286419226833766], [78.81059335054123, 9.286419784445012], [78.81059278921096, 9.286510167476127], [78.81050180309587, 9.286509609855898]]]}, "id": "+5950+7282", "properties": {"count": 48, "water": 1}}, {"type": "Feature", "geometry": {"geodesic": false, "type": "Polygon", "coordinates": [[[78.80973231766804, 9.380596944736457], [78.80973401967906, 9.380325797233132], [78.81009806128318, 9.380328050701937], [78.810097494042, 9.380418433221012], [78.81027951492491, 9.380419559834142], [78.81027667888966, 9.380871472501381], [78.80991263667468, 9.380869219077491], [78.80991377129179, 9.380688454057307], [78.80982276080542, 9.38068789066091], [78.80982332812745, 9.380597508150819], [78.80973231766804, 9.380596944736457]]]}, "id": "+5951+6238", "properties": {"count": 29, "water": 1}}, {"type": "Feature", "geometry": {"geodesic": false, "type": "Polygon", "coordinates": [[[78.80987500693014, 9.284878812017116], [78.80987556835025, 9.284788429021933], [78.80996655397125, 9.284788986705045], [78.80996767673959, 9.284608220705698], [78.81005866232466, 9.284608778352878], [78.81005922367291, 9.284518395348712], [78.80996823811478, 9.284517837701534], [78.80996992220442, 9.284246688698023], [78.81024287869913, 9.284248361504812], [78.81024343998448, 9.28415797848268], [78.81033442547074, 9.284158536031045], [78.81033498672016, 9.284068153008914], [78.81051695766573, 9.284069268024794], [78.81051751887024, 9.28397888499368], [78.81069948978886, 9.283979999910745], [78.81070005093946, 9.283889616861664], [78.81097300729044, 9.283891289048617], [78.81097356836021, 9.283800905981568], [78.8112465247022, 9.283802577943941], [78.81124596369533, 9.283892961019973], [78.8113369491726, 9.283893518307824], [78.81133582720376, 9.284074284477851], [78.81142681273494, 9.284074841747739], [78.81142512979515, 9.284345991020745], [78.81133414419212, 9.284345433732891], [78.81133358317625, 9.284435816817904], [78.81115161194322, 9.284434702170334], [78.81115105088244, 9.284525085246363], [78.81087809400145, 9.284523413086362], [78.81087753285983, 9.284613796135442], [78.81078654722086, 9.284613238703859], [78.81078598605228, 9.28470362175294], [78.81060401474738, 9.284702506790959], [78.81060345352492, 9.284792889831056], [78.81042148219306, 9.284791774770259], [78.8104209209167, 9.28488215779239], [78.81023894956688, 9.284881042623796], [78.8102383882456, 9.284971425645928], [78.80996543118495, 9.284969752704392], [78.8099659925781, 9.28487936970921], [78.80987500693014, 9.284878812017116]], [[78.81078823069963, 9.284342089547634], [78.81078879185024, 9.28425170648957], [78.8108797773904, 9.28425226391217], [78.81087921626674, 9.284342646970234], [78.81078823069963, 9.284342089547634]]]}, "id": "+5957+7306", "properties": {"count": 121, "water": 1}}, {"type": "Feature", "geometry": {"geodesic": false, "type": "Polygon", "coordinates": [[[78.81235008610125, 9.384047815147941], [78.81235292042969, 9.383595901932729], [78.81253494324399, 9.383597027755343], [78.812535510045, 9.383506645101521], [78.81271753284133, 9.383507770816335], [78.81271809958844, 9.38341738815353], [78.81290012235782, 9.38341851376953], [78.81290068905103, 9.38332813108876], [78.81308271179347, 9.383329256596962], [78.81308214514516, 9.383419639286718], [78.81317315654782, 9.383420202009377], [78.81317258991749, 9.383510584708114], [78.81326360134709, 9.38351114741281], [78.81326303473473, 9.383601530111546], [78.81335404620026, 9.383602092807257], [78.8133523463991, 9.383873240912454], [78.81317032333328, 9.383872115476116], [78.813169756676, 9.383962498174855], [78.81298773359221, 9.383961372630719], [78.81298716688103, 9.38405175531149], [78.81289615532566, 9.384051192498998], [78.81289558857854, 9.38414157517977], [78.81280457700521, 9.384141012340327], [78.81280401024013, 9.384231395003134], [78.81262198705753, 9.384230269243403], [78.81262142022958, 9.384320651906208], [78.812439397029, 9.384319526038679], [78.81244109762068, 9.38404837809518], [78.81235008610125, 9.384047815147941]]]}, "id": "+5984+6205", "properties": {"count": 75, "water": 1}}, {"type": "Feature", "geometry": {"geodesic": false, "type": "MultiPolygon", "coordinates": [[[[78.8128720936723, 9.416861200485673], [78.81287152490397, 9.416951582995766], [78.81278050476071, 9.416951018197997], [78.812781073547, 9.416860635696889], [78.8128720936723, 9.416861200485673]]], [[[78.81333003751158, 9.416412111403037], [78.81333060612718, 9.416321728865995], [78.81342162614467, 9.416322293484102], [78.81342105755603, 9.416412676030125], [78.81333003751158, 9.416412111403037]]], [[[78.81333003751158, 9.416412111403037], [78.81332776300422, 9.4167736415512], [78.81323674287893, 9.416773076879196], [78.8132361742184, 9.416863459407255], [78.8128720936723, 9.416861200485673], [78.81287266242265, 9.416770817975582], [78.81296368252998, 9.41677138273742], [78.81296481998578, 9.416590617717235], [78.8130558400482, 9.416591182443138], [78.81305697743213, 9.41641041740499], [78.81278391740658, 9.416408723191347], [78.81278448615693, 9.416318340681256], [78.8128755061385, 9.416318905443092], [78.8128760748619, 9.416228522933], [78.8130581147981, 9.416229652366841], [78.8130586834676, 9.416139269838784], [78.81324072337684, 9.416140399164826], [78.81324015475224, 9.416230781701866], [78.81314913477067, 9.416230217038844], [78.81314856611014, 9.416320599566903], [78.81323958611867, 9.416321164229924], [78.81323901748509, 9.416411546757981], [78.81333003751158, 9.416412111403037]]]]}, "id": "+5988+5842", "properties": {"count": 30, "water": 1}}, {"type": "Feature", "geometry": {"geodesic": false, "type": "Polygon", "coordinates": [[[78.81698884960366, 9.369976192929428], [78.8169894144194, 9.369885809934248], [78.81735344691462, 9.369888053467687], [78.8173528821977, 9.369978436489816], [78.81771691487258, 9.36998067966393], [78.81771465631931, 9.370342211815338], [78.81762364805178, 9.370341651033037], [78.81762421272379, 9.370251268001923], [78.81744219624261, 9.370250146383427], [78.81744276095054, 9.370159763361295], [78.81726074454124, 9.370158641652965], [78.8172613092941, 9.370068258639817], [78.81707929294767, 9.370067136859623], [78.81707985774544, 9.36997675385546], [78.81698884960366, 9.369976192929428]]]}, "id": "+6030+6354", "properties": {"count": 20, "water": 1}}, {"type": "Feature", "geometry": {"geodesic": false, "type": "Polygon", "coordinates": [[[78.8174032173992, 9.376486573616903], [78.81740547778503, 9.37612504167211], [78.81749648754378, 9.376125602849667], [78.81749705260205, 9.376035219854485], [78.8175880623518, 9.376035781005093], [78.81758862738313, 9.375945398009913], [78.81777064684671, 9.375946520230281], [78.81777121182415, 9.375856137217133], [78.81786222153796, 9.375856698295875], [78.81786165658748, 9.375947081309024], [78.81795266633725, 9.375947642360817], [78.81795210140473, 9.376038025382949], [78.81813412095813, 9.376039147432637], [78.81813355607053, 9.376129530463752], [78.81822456587419, 9.376130091461647], [78.81822287123835, 9.376401240572957], [78.8179498416028, 9.376399557471474], [78.81794927664333, 9.376489940484621], [78.81785826674985, 9.376489379405879], [78.81785770176343, 9.376579762419027], [78.81776669185199, 9.37657920130435], [78.81776612682964, 9.376669584308516], [78.81749309707732, 9.376667900802792], [78.81749422725676, 9.37648713482141], [78.8174032173992, 9.376486573616903]]]}, "id": "+6036+6288", "properties": {"count": 52, "water": 1}}, {"type": "Feature", "geometry": {"geodesic": false, "type": "Polygon", "coordinates": [[[78.81761687156552, 9.371426247370477], [78.81761913048709, 9.371064715263985], [78.81771013894327, 9.371065276091201], [78.81771070363325, 9.370974893060087], [78.81789272052764, 9.37097601463367], [78.81789328516372, 9.370885631584589], [78.81825731892556, 9.370887874426323], [78.81825675437932, 9.370978257493372], [78.81834776285346, 9.370978818149906], [78.81834719832518, 9.371069201225936], [78.8182561898241, 9.371068640560418], [78.81825449614045, 9.371339789752575], [78.8179814704575, 9.371338107576358], [78.81798090581245, 9.371428490625439], [78.81761687156552, 9.371426247370477]]]}, "id": "+6040+6343", "properties": {"count": 36, "water": 1}}, {"type": "Feature", "geometry": {"geodesic": false, "type": "Polygon", "coordinates": [[[78.81880428247673, 9.297587601636241], [78.81880484238768, 9.297497218164953], [78.8188958318355, 9.297497774320929], [78.81889639171949, 9.29740739084964], [78.81898738114936, 9.297407946978666], [78.8189879409974, 9.297317563498394], [78.81944288813774, 9.297320343793182], [78.81944232840647, 9.297410727300402], [78.81953331787226, 9.297411283294682], [78.81953219844566, 9.29759205032709], [78.81962318796535, 9.297592606312387], [78.81962206855671, 9.297773373344796], [78.8197130581303, 9.297773929321108], [78.81971193874861, 9.297954696371484], [78.81943896990207, 9.297953028352714], [78.81943952966927, 9.297862644845493], [78.8193485400867, 9.297862088797315], [78.81934909987186, 9.297771705299077], [78.81907613123192, 9.297770037037763], [78.81907725092803, 9.297589270068237], [78.81880428247673, 9.297587601636241]]]}, "id": "+6048+7157", "properties": {"count": 39, "water": 1}}, {"type": "Feature", "geometry": {"geodesic": false, "type": "Polygon", "coordinates": [[[78.81961926993628, 9.298225290943785], [78.81962038939884, 9.298044523902393], [78.81980236868975, 9.298045635855017], [78.81980292836712, 9.29795525232983], [78.8198939180036, 9.297955808261227], [78.81989335834419, 9.298046191795397], [78.81998434800762, 9.29804674771781], [78.81998378837517, 9.298137131251982], [78.82007477805655, 9.298137687156428], [78.82007421844206, 9.298228070699583], [78.8201652081594, 9.29822862657708], [78.82016408894837, 9.298409393681355], [78.8202550787196, 9.29840994954987], [78.82025451913206, 9.298500333102007], [78.82034550893023, 9.298500888952555], [78.82034383020354, 9.298772039635917], [78.82016185046346, 9.298770927871937], [78.82016241009592, 9.2986805443198], [78.82007142026183, 9.298679988415353], [78.82007253955368, 9.298499221329045], [78.81998154976449, 9.298498665406632], [78.8199826690833, 9.298317898329307], [78.81970969990438, 9.298316230463252], [78.81971025962666, 9.298225846938063], [78.81961926993628, 9.298225290943785]]]}, "id": "+6053+7150", "properties": {"count": 28, "water": 1}}, {"type": "Feature", "geometry": {"geodesic": false, "type": "Polygon", "coordinates": [[[78.81946073812057, 9.36764136778652], [78.81946243018724, 9.367370218315884], [78.81982646067024, 9.367372458714202], [78.81982702458765, 9.367282075530374], [78.82000903981118, 9.367283195576821], [78.82000847593868, 9.367373578769632], [78.82019049123407, 9.36737469873523], [78.82018992740649, 9.367465081937024], [78.82028093508113, 9.36746564188389], [78.82028037127151, 9.367556025094666], [78.81982533280845, 9.367553225072875], [78.81982476887306, 9.36764360824772], [78.81946073812057, 9.36764136778652]]]}, "id": "+6059+6383", "properties": {"count": 23, "water": 1}}, {"type": "Feature", "geometry": {"geodesic": false, "type": "Polygon", "coordinates": [[[78.8214536804833, 9.281153337726453], [78.82145535513165, 9.28088218658495], [78.82154634045621, 9.280882741088027], [78.82154689863339, 9.28079235736521], [78.82163788393999, 9.280792911841335], [78.82163844209022, 9.280702528118518], [78.82182041268545, 9.280703636980938], [78.82181985458013, 9.280794020721721], [78.82191083990469, 9.280794575125983], [78.82191028181734, 9.280884958866766], [78.82218323789883, 9.280886621962766], [78.82218267987436, 9.280977005721518], [78.82227366527079, 9.28097756004493], [78.82227310726428, 9.281067943812662], [78.82245507812002, 9.281069052405588], [78.82245452014945, 9.28115943617332], [78.82254550560876, 9.281159990442834], [78.82254327378935, 9.28152152555868], [78.8224522882402, 9.2815209712712], [78.82245173024269, 9.281611355038935], [78.82226975911745, 9.281610246383126], [78.82226920106604, 9.28170063015086], [78.82217821548994, 9.281700075782531], [78.82217765741157, 9.281790459532298], [78.82199568622346, 9.281789350714794], [78.82199624434674, 9.28169896697401], [78.82190525877964, 9.281698412533817], [78.82190581692089, 9.281608028802017], [78.82181483138072, 9.281607474343856], [78.82181538953995, 9.281517090612056], [78.82172440403572, 9.28151653613593], [78.82172496220392, 9.281426152413113], [78.82163397672664, 9.281425597919021], [78.8216345349218, 9.281335214196204], [78.82154354947147, 9.281334659684145], [78.82154466587974, 9.281153892247493], [78.8214536804833, 9.281153337726453]]]}, "id": "+6073+7341", "properties": {"count": 88, "water": 1}}, {"type": "Feature", "geometry": {"geodesic": false, "type": "Polygon", "coordinates": [[[78.8205708677764, 9.36475582470048], [78.82057312200877, 9.36439429174059], [78.82066412891086, 9.364394851417961], [78.82066469243303, 9.36430446817125], [78.82084670621026, 9.364305587436162], [78.82084726967852, 9.36421520418047], [78.82121129720606, 9.364217442404865], [78.8212118605755, 9.364127059122222], [78.82148488120993, 9.364128737534498], [78.82148544449853, 9.36403835423389], [78.82175846511498, 9.364040032421588], [78.82175902833173, 9.363949649103013], [78.82221406268948, 9.363952445576459], [78.82221181026273, 9.36431397894059], [78.82230281724567, 9.364314538186772], [78.8223005648279, 9.364676071559886], [78.82239157190965, 9.364676630806066], [78.82238931949188, 9.365038164197149], [78.82102421244802, 9.365029772728652], [78.82102533936659, 9.3648490061993], [78.82066131122819, 9.364846767633544], [78.8206618747773, 9.364756384395818], [78.8205708677764, 9.36475582470048]], [[78.82130061403575, 9.364489151750501], [78.82130174075668, 9.364308385185216], [78.82148375460578, 9.364309504126734], [78.82148262798367, 9.364490270709984], [78.82130061403575, 9.364489151750501]]]}, "id": "+6083+6420", "properties": {"count": 179, "water": 1}}, {"type": "Feature", "geometry": {"geodesic": false, "type": "Polygon", "coordinates": [[[78.82230268007292, 9.291010709792928], [78.8223032386813, 9.290920326079094], [78.82248521462151, 9.290921435821865], [78.82248633172148, 9.290740668367247], [78.82266830758981, 9.290741777993235], [78.82266774908923, 9.290832161725035], [78.82275873705484, 9.290832716515572], [78.82275817857223, 9.290923100256355], [78.82294015456634, 9.290924209765564], [78.82293959612863, 9.29101459351533], [78.82312157219461, 9.291015702943689], [78.82312101379284, 9.291106086711421], [78.82321200185727, 9.29110664139416], [78.82320976828615, 9.291468176474075], [78.82311878012291, 9.291467621764387], [78.8231204553821, 9.29119647047017], [78.82284749115288, 9.291194806269242], [78.82284693267027, 9.291285190010026], [78.8225739684231, 9.291283525584518], [78.82257452697758, 9.291193141852718], [78.82248353893112, 9.2911925869993], [78.82248409749458, 9.291102203276482], [78.82239310947507, 9.291101648405098], [78.82239366806549, 9.29101126468228], [78.82230268007292, 9.291010709792928]]]}, "id": "+6083+7230", "properties": {"count": 34, "water": 1}}, {"type": "Feature", "geometry": {"geodesic": false, "type": "Polygon", "coordinates": [[[78.82203966272716, 9.420985360672972], [78.82204079597885, 9.420804594583794], [78.82222283942744, 9.420805719831487], [78.82222340599489, 9.420715336782406], [78.82258749285616, 9.420717586954394], [78.82258692637853, 9.420807970030424], [78.82267794812978, 9.420808532528506], [78.82267624874184, 9.421079681756597], [78.82258522691873, 9.421079119249532], [78.82258466042315, 9.421169502325561], [78.8223115949089, 9.42116781464267], [78.82231102833246, 9.42125819769175], [78.82222000649138, 9.421257635085873], [78.82222057308577, 9.421167252036792], [78.82212955126266, 9.421166689403963], [78.82213068449637, 9.420985923314785], [78.82203966272716, 9.420985360672972]]]}, "id": "+6091+5792", "properties": {"count": 30, "water": 1}}, {"type": "Feature", "geometry": {"geodesic": false, "type": "Polygon", "coordinates": [[[78.82223303681509, 9.41917882482227], [78.8222353026537, 9.418817292572049], [78.82259938752968, 9.41881954229488], [78.8225948565262, 9.41954260695702], [78.82250383510733, 9.419542044512838], [78.82250440152207, 9.419451661436808], [78.82232235875618, 9.419450536503527], [78.82232405812616, 9.419179387302385], [78.82223303681509, 9.41917882482227]]]}, "id": "+6091+5813", "properties": {"count": 26, "water": 1}}, {"type": "Feature", "geometry": {"geodesic": false, "type": "MultiPolygon", "coordinates": [[[[78.82283875807306, 9.438706063057996], [78.82292978453148, 9.438706626544224], [78.82292751454266, 9.439068158551901], [78.82301854110887, 9.43906872203813], [78.82301570361835, 9.439520637058955], [78.82310673030135, 9.439521200554166], [78.82310446030354, 9.439882732579807], [78.82319548708536, 9.439883296066036], [78.82319491959264, 9.439973679079184], [78.82337697322814, 9.439974805997743], [78.8233735684515, 9.440517104121547], [78.82328254149003, 9.440516540644301], [78.82328140646867, 9.44069730667958], [78.82319037947126, 9.440696743166402], [78.82318981192465, 9.440787126170568], [78.8230987849003, 9.44078656263044], [78.82309764975317, 9.44096732863877], [78.82300662269287, 9.44096676506271], [78.82300037870995, 9.44196097798276], [78.82309140603974, 9.441961541621701], [78.8230902707399, 9.442142307612064], [78.82318129811459, 9.44214287123304], [78.82318073048712, 9.442233254237205], [78.82327175788878, 9.442233817840215], [78.8232694873969, 9.442595349856873], [78.82317845989644, 9.442594786226914], [78.82317789224203, 9.442685169222097], [78.82308686471461, 9.442684605574172], [78.82308629702426, 9.44277498856037], [78.82299526948786, 9.442774424876513], [78.82299356631802, 9.443045573835109], [78.82290253870976, 9.443045010106335], [78.82290026763397, 9.443406542015197], [78.82280923994486, 9.44340597825049], [78.82280753650552, 9.44367712716417], [78.8228985642665, 9.443677690946844], [78.82289799646836, 9.443768073924058], [78.82298902426527, 9.443768637688764], [78.8229873208978, 9.444039786629395], [78.82289629302902, 9.44403922284672], [78.8228957252129, 9.444129605814954], [78.82280469732616, 9.444129042005333], [78.82280356162208, 9.444309807941796], [78.82271253369042, 9.44430924408726], [78.82271026211158, 9.444670775924255], [78.82261923409908, 9.444670212033785], [78.82261753028244, 9.444941360893566], [78.82252650219807, 9.44494079695818], [78.82252479826467, 9.445211945791012], [78.82243377011741, 9.445211381819693], [78.82243092998584, 9.44566329650814], [78.82233990173079, 9.445662732482925], [78.82233933366315, 9.445753115415224], [78.82224830539013, 9.445752551363057], [78.82224944156134, 9.44557178550744], [78.82234046978944, 9.445572349550623], [78.82234331001085, 9.445120434889127], [78.82243433813115, 9.44512099887841], [78.82243661010524, 9.444759467113279], [78.82252763813572, 9.444760031066632], [78.82252934198829, 9.444488882215834], [78.82262036994689, 9.44448944612427], [78.82262264157963, 9.44412791430524], [78.8227136694484, 9.44412847816876], [78.82271480518843, 9.443947712241279], [78.82280583301228, 9.443948276068868], [78.82280640085534, 9.443857893100635], [78.82271537304945, 9.443857329273047], [78.82271934789695, 9.44322464852237], [78.82281037554114, 9.443225212305043], [78.82281264666184, 9.442863680414147], [78.8229036742162, 9.442864244151904], [78.82290480969571, 9.44268347818849], [78.82299583720516, 9.442684041890315], [78.82299640491347, 9.442593658904116], [78.82308743240495, 9.44259422257899], [78.82308913542208, 9.442323073602427], [78.82299810800247, 9.442322509936536], [78.82299924336519, 9.44214174396414], [78.82290821599948, 9.442141180289266], [78.82290991907949, 9.441870031339652], [78.82281889178563, 9.441869467664779], [78.82282456858127, 9.440965637838724], [78.82291559563258, 9.4409662014597], [78.82291729848802, 9.44069505248314], [78.82300832547644, 9.440695616068181], [78.82300889305898, 9.440605233073], [78.82309992002945, 9.44060579662211], [78.82310162266928, 9.440334647609616], [78.82319264957687, 9.440335211122793], [78.82319321708755, 9.440244828118628], [78.82301116333528, 9.440243701074307], [78.82301173089087, 9.440153318079124], [78.82273865037475, 9.44015162735993], [78.82274035321223, 9.439880478401333], [78.82283137997607, 9.439881041986377], [78.82283251513218, 9.439700276004995], [78.82292354185111, 9.439700839545123], [78.82292410939772, 9.439610456549941], [78.82283308269676, 9.439609893009814], [78.82283535291914, 9.43924836103807], [78.822744326317, 9.439247797497943], [78.82274602899277, 9.43897664852138], [78.82283705552305, 9.438977212052524], [78.82283875807306, 9.438706063057996]]], [[[78.82283875807306, 9.438706063057996], [78.82274773161464, 9.438705499553802], [78.82274943418261, 9.438434350577241], [78.82265840780504, 9.438433787055079], [78.82265897534268, 9.438343404068881], [78.82256794899205, 9.438342840537736], [78.82256851654765, 9.438252457551538], [78.82247749023296, 9.438251894002429], [78.82247805780652, 9.438161511025212], [78.82238703150979, 9.438160947458135], [78.82238759910132, 9.43807056448092], [78.82256965164088, 9.438071691588124], [78.82256908410324, 9.438162074574322], [78.82275113670568, 9.438163201591696], [78.82275056920398, 9.438253584586876], [78.82284159554561, 9.438254148064122], [78.82284102806189, 9.438344531068287], [78.82293205442149, 9.438345094527566], [78.82293091948996, 9.438525860535895], [78.82283989307645, 9.438525297067633], [78.82283875807306, 9.438706063057996]]]]}, "id": "+6092+5600", "properties": {"count": 178, "water": 1}}, {"type": "Feature", "geometry": {"geodesic": false, "type": "MultiPolygon", "coordinates": [[[[78.8230697800425, 9.416382009711265], [78.82307147826262, 9.41611086033046], [78.82298045771512, 9.416110298218655], [78.82298158987984, 9.41592953196778], [78.82307261038243, 9.415930094070603], [78.82307374247529, 9.415749327819729], [78.82325578339962, 9.41575045192656], [78.82325521740708, 9.415840835065472], [78.8233462379007, 9.415841397096429], [78.82334284192756, 9.416383695956851], [78.82325182129921, 9.416383133898945], [78.82325125526177, 9.416473517028873], [78.82316023460646, 9.416472954944018], [78.82316080067085, 9.416382571814088], [78.8230697800425, 9.416382009711265]]], [[[78.8230697800425, 9.416382009711265], [78.82306921396014, 9.416472392832212], [78.82297819331382, 9.416471830693457], [78.82297875942312, 9.416381447581493], [78.8230697800425, 9.416382009711265]]]]}, "id": "+6098+5847", "properties": {"count": 24, "water": 1}}, {"type": "Feature", "geometry": {"geodesic": false, "type": "Polygon", "coordinates": [[[78.82342969979882, 9.285323187711322], [78.82343472131838, 9.284509733379519], [78.82407162610922, 9.284513612394747], [78.82406827946257, 9.285055915513183], [78.82388630635207, 9.285054807270601], [78.82388463281764, 9.285325958798378], [78.82342969979882, 9.285323187711322]]]}, "id": "+6098+7299", "properties": {"count": 57, "water": 1}}, {"type": "Feature", "geometry": {"geodesic": false, "type": "Polygon", "coordinates": [[[78.82311776382289, 9.423251688332238], [78.8231183303095, 9.42316130523824], [78.82330037512352, 9.42316243019847], [78.82330094155623, 9.423072047095491], [78.82339196394528, 9.423072609539673], [78.82339253035103, 9.422982226427711], [78.82357457510219, 9.422983351226245], [78.82357514145404, 9.422892968105298], [78.82375718617824, 9.422894092805018], [78.8237577524762, 9.422803709666105], [78.82384877482932, 9.422804271975542], [78.82384820854934, 9.422894655114453], [78.82403025330947, 9.422895779670442], [78.8240296870744, 9.422986162818336], [78.8242117319064, 9.422987287293477], [78.82420890088375, 9.423439203086852], [78.82411787835096, 9.423438640840299], [78.8241173121069, 9.423529023988195], [78.82402628955616, 9.42352846170571], [78.82402572327616, 9.423618844853603], [78.82347958793575, 9.42361547064665], [78.82348015435049, 9.423525087525704], [78.82393526700541, 9.423527899405256], [78.82393583329439, 9.423437516266345], [78.82402685581819, 9.423438078557814], [78.82402855458628, 9.423166929114128], [78.8238465096914, 9.42316580453119], [78.82384707598037, 9.423075421392278], [78.82366503114837, 9.423074296719507], [78.82366446481448, 9.423164679849437], [78.82348241995552, 9.42316355506887], [78.82348185356774, 9.423253938189816], [78.82329980868184, 9.42325281330145], [78.82329924224015, 9.42334319640443], [78.82320821977925, 9.423342633924316], [78.82320878624787, 9.423252250830318], [78.82311776382289, 9.423251688332238]]]}, "id": "+6105+5769", "properties": {"count": 42, "water": 1}}, {"type": "Feature", "geometry": {"geodesic": false, "type": "MultiPolygon", "coordinates": [[[[78.82401722849244, 9.424974591991186], [78.82392620557337, 9.424974029600902], [78.82392847106163, 9.424612497063219], [78.82320028861648, 9.424607997249248], [78.82320085516596, 9.424517614164234], [78.82347392347398, 9.42451930174831], [78.82347448994261, 9.424428918645331], [78.82365653545733, 9.424430043569629], [78.82365710188105, 9.424339660448682], [78.82393017012619, 9.424341347655465], [78.82392903742247, 9.424522113924308], [78.82402006023374, 9.424522676287642], [78.82401722849244, 9.424974591991186]]], [[[78.82545718019233, 9.427604700428743], [78.82554820390192, 9.427605262585464], [78.82554763777463, 9.427695645805226], [78.82563866151116, 9.427696207934998], [78.82563752928355, 9.427876974383501], [78.82554650550212, 9.427876412235763], [78.82554707163838, 9.427786029016003], [78.82545604788389, 9.42778546685928], [78.82545718019233, 9.427604700428743]]], [[[78.82401722849244, 9.424974591991186], [78.82410825142946, 9.424975154363503], [78.82410711874371, 9.42515592065031], [78.82419814172566, 9.425156483004661], [78.82419700906686, 9.425337249300451], [78.82410598603103, 9.425336686928135], [78.82410655239187, 9.425246303789223], [78.82401552938298, 9.425245741407922], [78.82401722849244, 9.424974591991186]]], [[[78.82419700906686, 9.425337249300451], [78.8242880321027, 9.42533781164582], [78.82428746578678, 9.425428194793716], [78.82419644272399, 9.425427632448347], [78.82419700906686, 9.425337249300451]]], [[[78.82428746578678, 9.425428194793716], [78.82446951192134, 9.42542931942157], [78.82446894565034, 9.42551970258743], [78.82455996874906, 9.425520264869917], [78.82455940249602, 9.425610648035779], [78.82465042563067, 9.425611210309281], [78.82464929314256, 9.425791976649986], [78.8247403163311, 9.425792538905522], [78.82473861763488, 9.42606368843904], [78.82464759437445, 9.426063126165538], [78.8246447629835, 9.426515042021796], [78.82455373961528, 9.426514479694394], [78.82455826996299, 9.425791414376484], [78.8244672467924, 9.425790852076032], [78.82446837937034, 9.425610085753291], [78.82437735625366, 9.425609523434874], [78.82437792255162, 9.425519140277995], [78.82428689946188, 9.425518577950594], [78.82428746578678, 9.425428194793716]]], [[[78.8246447629835, 9.426515042021796], [78.82473578636069, 9.426515604313265], [78.8247346538097, 9.426696370662954], [78.82464363038758, 9.42669580835352], [78.8246447629835, 9.426515042021796]]], [[[78.8247346538097, 9.426696370662954], [78.8248256772408, 9.42669693294544], [78.82482511097878, 9.426787316129268], [78.8247340875297, 9.4267867538378], [78.8247346538097, 9.426696370662954]]], [[[78.82482511097878, 9.426787316129268], [78.82491613443682, 9.426787878393787], [78.82491556819276, 9.426878261577615], [78.82500659167776, 9.426878823824168], [78.82500545922558, 9.427059590200807], [78.82509648276448, 9.427060152438377], [78.82509535033924, 9.427240918824], [78.82500432675543, 9.427240356577446], [78.8250048929905, 9.427149973393618], [78.82491386943364, 9.427149411120116], [78.82491500194871, 9.426968644761443], [78.82482397844575, 9.426968082478957], [78.82482511097878, 9.426787316129268]]], [[[78.82509535033924, 9.427240918824], [78.82518637393204, 9.427241481052587], [78.8251858077329, 9.427331864245398], [78.82527683135264, 9.427332426456019], [78.82527626517147, 9.427422809657813], [78.82536728881816, 9.427423371841483], [78.82536672265495, 9.42751375505226], [78.82518467531665, 9.427512630640003], [78.82518524152478, 9.427422247438209], [78.82509421788707, 9.427421685209621], [78.82509535033924, 9.427240918824]]], [[[78.82536672265495, 9.42751375505226], [78.82545774633758, 9.427514317217966], [78.82545718019233, 9.427604700428743], [78.82536615649174, 9.427604138254056], [78.82536672265495, 9.42751375505226]]]]}, "id": "+6106+5752", "properties": {"count": 66, "water": 1}}, {"type": "Feature", "geometry": {"geodesic": false, "type": "Polygon", "coordinates": [[[78.82345578991097, 9.3837547893735], [78.82345635389127, 9.383664406054924], [78.82354736599461, 9.383664966127554], [78.82354792994796, 9.38357458280898], [78.82363894202436, 9.383575142845677], [78.8236406337856, 9.383303992863002], [78.82373164579911, 9.383304552863768], [78.8237322096806, 9.383214169536208], [78.82382322168513, 9.383214729510025], [78.82382378553966, 9.3831243461645], [78.82391479751725, 9.383124906111366], [78.82391536134483, 9.383034522765842], [78.82400637330444, 9.383035082685758], [78.82400693710508, 9.382944699331249], [78.82437098491657, 9.382946938741421], [78.82437042121475, 9.383037322113896], [78.82464345721036, 9.383039001442453], [78.82464289357142, 9.383129384832895], [78.82491592968381, 9.383131063963823], [78.82491536610776, 9.38322144737223], [78.82500637818416, 9.383222007040619], [78.82500299677271, 9.383764307500043], [78.82491198456157, 9.38376374779572], [78.82491142094958, 9.383854131204128], [78.82482040872047, 9.383853571472859], [78.82481984507254, 9.383943954863298], [78.82472883282547, 9.383943395105078], [78.82472826915958, 9.38403377849552], [78.82436422011739, 9.384031539202129], [78.82436365635269, 9.384121922565619], [78.82418163182261, 9.384120802761718], [78.82418106799503, 9.38421118612521], [78.824090055721, 9.384210626178344], [78.82408892801193, 9.384391392878376], [78.82363386645318, 9.384388592775736], [78.8236349944048, 9.384207826129602], [78.82354398215772, 9.384207266047989], [78.82354680203228, 9.38375534944613], [78.82345578991097, 9.3837547893735]]]}, "id": "+6108+6210", "properties": {"count": 184, "water": 1}}, {"type": "Feature", "geometry": {"geodesic": false, "type": "Polygon", "coordinates": [[[78.82326110253102, 9.371189825708713], [78.82326222905432, 9.37100905897275], [78.82335323784288, 9.371009618344694], [78.82335380106859, 9.370919234972218], [78.82389985378198, 9.370922590691844], [78.82390041686396, 9.370832207283438], [78.82408243444108, 9.370833325659017], [78.82408299746916, 9.370742942241627], [78.82417400623976, 9.370743501380009], [78.8241745692409, 9.37065311796262], [78.82453860427835, 9.37065535429157], [78.82453522675661, 9.37119765496659], [78.82462623567093, 9.371198214024123], [78.82462285807733, 9.371740514708126], [78.82471386714437, 9.371741073774643], [78.82471048948788, 9.372283374485594], [78.82480149869865, 9.372283933561095], [78.82479980986591, 9.372555083921062], [78.82489081915753, 9.37255564298758], [78.82489025621928, 9.372646026449885], [78.82552732154804, 9.372649939322617], [78.82552675877147, 9.372740322820855], [78.82561776815292, 9.372740881707708], [78.82561607986815, 9.373012032211406], [78.82570708932147, 9.373012591098261], [78.82570652657186, 9.373102974605482], [78.8256155170916, 9.373102415718629], [78.8256143915295, 9.373283182715104], [78.8255233820133, 9.373282623783336], [78.82552225637934, 9.373463390770828], [78.82543124682721, 9.373462831812109], [78.82543012112139, 9.373643598781637], [78.8252481019273, 9.373642480765383], [78.82524753901599, 9.373732864245655], [78.82515652940099, 9.373732305197104], [78.82515596647171, 9.37382268865941], [78.82497394721474, 9.373821570490444], [78.82497338422259, 9.373911953943766], [78.82460934568171, 9.373909717291422], [78.82460990876369, 9.373819333856066], [78.82424587041146, 9.373817096844396], [78.82424643358328, 9.373726713435989], [78.82406441447903, 9.373725594799899], [78.82406497769576, 9.373635211400474], [78.82388295866338, 9.373634092683536], [78.82388633809852, 9.373091792322926], [78.82379532873505, 9.373091232959965], [78.82379758166486, 9.372729699398203], [78.82370657240918, 9.372729140035243], [78.8237122045855, 9.371825306148805], [78.8236211955544, 9.371824746821776], [78.82362232196989, 9.371643980049878], [78.82353131300168, 9.371643420704883], [78.82353356585064, 9.371281887179054], [78.82344255698123, 9.37128132783406], [78.82344312020695, 9.371190944452602], [78.82326110253102, 9.371189825708713]], [[78.82461103490971, 9.373638566985353], [78.82461159797373, 9.373548183549998], [78.82470260750789, 9.373548742724312], [78.82470204447081, 9.373639126168651], [78.82461103490971, 9.373638566985353]], [[78.82506664569841, 9.373550979196994], [78.82506720863668, 9.373460595734688], [78.82515821817982, 9.373461154783238], [78.82515765525953, 9.373551538254526], [78.82506664569841, 9.373550979196994]], [[78.82525091636705, 9.373190563390972], [78.82525147924243, 9.3731001799107], [78.82534248869574, 9.373100738896369], [78.82534192584731, 9.37319112237664], [78.82525091636705, 9.373190563390972]]]}, "id": "+6109+6346", "properties": {"count": 478, "water": 1}}, {"type": "Feature", "geometry": {"geodesic": false, "type": "Polygon", "coordinates": [[[78.8244969953205, 9.289306727510507], [78.8244992270411, 9.288945192080249], [78.82495416505455, 9.288947962879844], [78.82495472285444, 9.288857578986347], [78.82540966088585, 9.288860349184072], [78.82540854551065, 9.289041117006997], [78.82549953317982, 9.28904167098905], [78.82549395621396, 9.289945510148598], [78.82522099252374, 9.28994384796888], [78.82522043472385, 9.29003423187136], [78.82512944681214, 9.290033677763542], [78.82512888898529, 9.290124061648056], [78.8247649373115, 9.290121844956278], [78.82476549522818, 9.29003146108973], [78.8246745073524, 9.290030906865134], [78.824676739064, 9.289669371407927], [78.82458575128705, 9.289668817183328], [78.82458798300763, 9.289307281735104], [78.8244969953205, 9.289306727510507]]]}, "id": "+6113+7251", "properties": {"count": 125, "water": 1}}, {"type": "Feature", "geometry": {"geodesic": false, "type": "Polygon", "coordinates": [[[78.82507805178724, 9.283615866516753], [78.82508028152256, 9.283254330834968], [78.82517126768256, 9.283254884556507], [78.82517293985154, 9.28298373276822], [78.82526392594866, 9.282984286453829], [78.82526559800087, 9.282713134647572], [78.82517461197561, 9.282712580979931], [78.82517516933532, 9.2826221970505], [78.82526615533364, 9.28262275070916], [78.82526782731397, 9.282351598893921], [78.82572275705394, 9.28235436676501], [78.82572219984694, 9.28244475073037], [78.82608614384013, 9.282446964628388], [78.82608057239891, 9.28335080447964], [78.82598958615806, 9.283350250982679], [78.82598735733903, 9.283711786889043], [78.82525946689125, 9.283707357916214], [78.82526002429589, 9.283616973977802], [78.82507805178724, 9.283615866516753]]]}, "id": "+6116+7323", "properties": {"count": 139, "water": 1}}, {"type": "Feature", "geometry": {"geodesic": false, "type": "Polygon", "coordinates": [[[78.8253404194085, 9.285334822385455], [78.82534264928756, 9.284973286676719], [78.8254336359057, 9.284973840434192], [78.82543475076886, 9.284793072557367], [78.82534376420462, 9.28479251881786], [78.82534432164519, 9.28470213488843], [78.82543530819146, 9.284702688627938], [78.82543698043231, 9.284431536812699], [78.82552796690672, 9.284432090516274], [78.82552852428441, 9.28434170656888], [78.82598345667441, 9.284344474691494], [78.8259828994135, 9.28443485866584], [78.82680177826707, 9.284439839886971], [78.82680122121278, 9.284530223906232], [78.82689220780397, 9.284530777268447], [78.82689053666803, 9.284801929335215], [78.82679955000498, 9.284801375964017], [78.82679676455386, 9.285253296042356], [78.8268877513337, 9.285253849449486], [78.82688552296382, 9.285615385526532], [78.82679453609416, 9.285614832101434], [78.82679286467976, 9.28588598414125], [78.82661089081466, 9.285884877192242], [78.82661033362562, 9.285975261193537], [78.82642835973358, 9.285974154136731], [78.82642891697651, 9.285883770153402], [78.82615595625973, 9.285882109410986], [78.82615651356554, 9.285791725436642], [78.8259745398262, 9.285790618173221], [78.82597509716797, 9.28570023420786], [78.8257931235005, 9.285699126863593], [78.82579368088716, 9.285608742907213], [78.82570269408937, 9.285608189212622], [78.82570213667574, 9.285698573160017], [78.82561114985998, 9.285698019429493], [78.82561170729157, 9.285607635482098], [78.82542973371393, 9.28560652796715], [78.82543140611648, 9.285335376169877], [78.8253404194085, 9.285334822385455]]]}, "id": "+6119+7301", "properties": {"count": 242, "water": 1}}, {"type": "Feature", "geometry": {"geodesic": false, "type": "Polygon", "coordinates": [[[78.82469301783951, 9.447846583138974], [78.82469358542205, 9.44775620008091], [78.82478461437779, 9.447756763621037], [78.82478518192441, 9.44766638055399], [78.82487621086217, 9.447666944058184], [78.82487677838184, 9.447576560991138], [78.82505883621246, 9.44757768792766], [78.8250594036872, 9.447487304842648], [78.82515043258006, 9.447487868274978], [78.82514986514126, 9.44757825135999], [78.82524089407003, 9.447578814774353], [78.8252397592014, 9.447759580962346], [78.82533078819306, 9.447760144367727], [78.82533022077222, 9.447850527470706], [78.82523919176258, 9.447849964065327], [78.82523862432376, 9.447940347159323], [78.82505656627754, 9.447939220267715], [78.82505599877584, 9.448029603352728], [78.82487394071165, 9.448028476353322], [78.82487450825826, 9.447938093286275], [78.82478347924864, 9.44793752975513], [78.8247840468132, 9.447847146688083], [78.82469301783951, 9.447846583138974]]]}, "id": "+6121+5496", "properties": {"count": 24, "water": 1}}, {"type": "Feature", "geometry": {"geodesic": false, "type": "Polygon", "coordinates": [[[78.82440272965395, 9.363242792743545], [78.82440385461418, 9.363062025791983], [78.82458586820277, 9.36306314299077], [78.824586430629, 9.362972759501515], [78.82467743740533, 9.362973318064975], [78.8246785621859, 9.362792551068498], [78.82476956892629, 9.362793109596026], [78.82477013128963, 9.362702726088806], [78.8249521447345, 9.362703843063013], [78.82495270703494, 9.362613459546807], [78.8252257271753, 9.362615134805997], [78.82522628940387, 9.36252475128081], [78.82549930952626, 9.362526426306438], [78.82549987168298, 9.362436042763285], [78.82577289177841, 9.362437717573318], [78.8257734538543, 9.362347334003214], [78.82595546723627, 9.362348450420466], [78.82595490520532, 9.36243883399057], [78.82604591192775, 9.362439392167754], [78.82604478789278, 9.362620159325928], [78.82613579466911, 9.362620717485147], [78.82613298459518, 9.363072635407528], [78.82576895705866, 9.36307040250116], [78.82576839493787, 9.36316078606228], [78.8254953742765, 9.363159111126484], [78.82549481207487, 9.363249494660653], [78.82513078451139, 9.363247261062583], [78.82513022221094, 9.36333764458777], [78.82485720152262, 9.363335969121968], [78.8248566391503, 9.363426352629189], [78.82449261155988, 9.36342411833043], [78.82449373649317, 9.363243351369887], [78.82440272965395, 9.363242792743545]]]}, "id": "+6124+6438", "properties": {"count": 132, "water": 1}}, {"type": "Feature", "geometry": {"geodesic": false, "type": "MultiPolygon", "coordinates": [[[[78.8263493054733, 9.43050258518101], [78.82625828095523, 9.430502023069204], [78.82625884706455, 9.430411639822495], [78.82616782258242, 9.43041107768374], [78.82616838870969, 9.430320694446012], [78.82607736425452, 9.43032013228929], [78.826078496545, 9.43013936582282], [78.82616952095526, 9.430139927961575], [78.82616895483697, 9.430230311208286], [78.82625997927418, 9.430230873329075], [78.82625941317386, 9.430321256575784], [78.826350437647, 9.430321818678607], [78.8263493054733, 9.43050258518101]]], [[[78.82724823268978, 9.432315871071573], [78.82733925774683, 9.432316433039649], [78.82733869179923, 9.432406816340256], [78.82742971688322, 9.432407378290366], [78.82742801906733, 9.432678528201176], [78.82751904423218, 9.432679090142303], [78.82751734644324, 9.432950240071078], [78.82733529598778, 9.432949116134928], [78.82733755988603, 9.432587582941474], [78.82724653475712, 9.432587020955433], [78.82724823268978, 9.432315871071573]]], [[[78.8263493054733, 9.43050258518101], [78.82644032999136, 9.43050314727485], [78.8264391978446, 9.430683913786236], [78.82634817327265, 9.430683351683413], [78.8263493054733, 9.43050258518101]]], [[[78.8264391978446, 9.430683913786236], [78.82653022241655, 9.430684475871093], [78.82652852422338, 9.430955625647156], [78.82643749957955, 9.430955063553316], [78.8264391978446, 9.430683913786236]]], [[[78.82652852422338, 9.430955625647156], [78.82661954887618, 9.430956187723028], [78.82661841676537, 9.43113695425238], [78.82670944147208, 9.431137516310288], [78.82670774333279, 9.4314086661133], [78.82661671855422, 9.431408104037427], [78.82661785070097, 9.431227337517058], [78.8265268259763, 9.431226775423218], [78.82652852422338, 9.430955625647156]]], [[[78.82670774333279, 9.4314086661133], [78.82679876811136, 9.431409228171207], [78.82679820207392, 9.431499611444867], [78.82670717726839, 9.431499049386959], [78.82670774333279, 9.4314086661133]]], [[[78.82679820207392, 9.431499611444867], [78.82688922688841, 9.431500173475824], [78.82688866086895, 9.431590556758467], [78.82679763603647, 9.431589994718527], [78.82679820207392, 9.431499611444867]]], [[[78.82688866086895, 9.431590556758467], [78.8269796857104, 9.431591118771458], [78.82697798770586, 9.431862268619385], [78.82688696279254, 9.431861706588428], [78.82688866086895, 9.431590556758467]]], [[[78.82697798770586, 9.431862268619385], [78.82706901261918, 9.431862830632378], [78.82706788063412, 9.432043597206645], [78.82715890560134, 9.43204415920167], [78.8271583396178, 9.432134542493296], [78.82724936462094, 9.432135104479338], [78.82724823268978, 9.432315871071573], [78.8271572076507, 9.432315309076548], [78.82715777363426, 9.432224925784922], [78.82706674862212, 9.432224363780914], [78.82706731463261, 9.432133980489288], [78.82697628963844, 9.432133418467314], [78.82697798770586, 9.431862268619385]]]]}, "id": "+6131+5688", "properties": {"count": 41, "water": 1}}, {"type": "Feature", "geometry": {"geodesic": false, "type": "Polygon", "coordinates": [[[78.82595760616988, 9.376629608110562], [78.8259592948499, 9.376358457597881], [78.82605030520153, 9.376359016592533], [78.82605537072057, 9.375545564991608], [78.82614638086558, 9.375546123914393], [78.82614694365112, 9.37545574039819], [78.8262379537692, 9.375456299294026], [78.82623851652778, 9.375365915768839], [78.82632952662787, 9.375366474628743], [78.82633008935953, 9.375276091103556], [78.82678513985103, 9.375278885052735], [78.82678570244792, 9.375188501491616], [78.82724075296639, 9.375191294838924], [78.82724019048626, 9.375281678426994], [78.82733120063129, 9.375282237026386], [78.82733063816015, 9.375372620614456], [78.82742164833212, 9.375373179204866], [78.82741939850149, 9.375734713584094], [78.82760141905203, 9.375735830728983], [78.8276008566258, 9.375826214335019], [78.82787388756391, 9.375827889899636], [78.82786995093073, 9.376460575240703], [78.82759691949856, 9.376458899568288], [78.82759635702743, 9.37654928316534], [78.82695928371265, 9.376545372403651], [78.82695872107084, 9.376635755964772], [78.82623063744036, 9.376631285076552], [78.8262300746099, 9.376721668592756], [78.82604805370902, 9.376720550630402], [78.82604861658439, 9.37663016712318], [78.82595760616988, 9.376629608110562]]]}, "id": "+6139+6296", "properties": {"count": 262, "water": 1}}, {"type": "Feature", "geometry": {"geodesic": false, "type": "Polygon", "coordinates": [[[78.82743465907255, 9.446146197863662], [78.82743522582865, 9.446055814634919], [78.82752625449692, 9.446056377357579], [78.82752682123505, 9.445965994119852], [78.82761784988536, 9.445966556815563], [78.82761841658755, 9.445876173568854], [78.82780047386123, 9.445877298888409], [78.82780104050953, 9.445786915632716], [78.82798309775625, 9.445788040844475], [78.8279796980551, 9.446330340459482], [78.82788866927903, 9.446329777835636], [78.82788753595548, 9.446510544356006], [78.82761444953744, 9.446508856295823], [78.82761501627556, 9.446418473058095], [78.82752398750847, 9.446417910326453], [78.8275256877588, 9.44614676060429], [78.82743465907255, 9.446146197863662]]]}, "id": "+6152+5515", "properties": {"count": 34, "water": 1}}, {"type": "Feature", "geometry": {"geodesic": false, "type": "Polygon", "coordinates": [[[78.82819298261857, 9.426808104375635], [78.82819467875461, 9.426536954231262], [78.8282857023564, 9.42653751560645], [78.82828626769314, 9.426447132224993], [78.82837729127696, 9.42644769357323], [78.82837842189657, 9.426266926783367], [78.82856046897436, 9.426268049398994], [78.82855933844458, 9.426448816206824], [78.82865036203738, 9.42644937749218], [78.82864979679044, 9.426539760900587], [78.82874082041019, 9.426540322167977], [78.82873912470535, 9.426811472411163], [78.82855707732213, 9.426810349822485], [78.82855651202131, 9.426900733230891], [78.82828344091953, 9.426899049159228], [78.82828400629222, 9.426808665768789], [78.82819298261857, 9.426808104375635]]]}, "id": "+6157+5731", "properties": {"count": 29, "water": 1}}, {"type": "Feature", "geometry": {"geodesic": false, "type": "Polygon", "coordinates": [[[78.82886892148125, 9.33280967634265], [78.82887115933734, 9.332448140741713], [78.82914415667844, 9.33244980764657], [78.82914359728854, 9.332540191558033], [78.82923459643817, 9.332540747157054], [78.82923403707521, 9.3326311310775], [78.82932503625179, 9.332631686658553], [78.82932335818985, 9.33290283843786], [78.82941435744729, 9.33290339400993], [78.82941323874832, 9.33308416186879], [78.82950423805964, 9.333084717431877], [78.82950256005161, 9.333355869238133], [78.82959355943481, 9.333356424783254], [78.82959244078076, 9.333537192669063], [78.82968344020887, 9.3335377482052], [78.82968288089981, 9.333628132152596], [78.82959188144474, 9.333627576607475], [78.82959132209974, 9.333717960545888], [78.82931832368965, 9.33371629375781], [78.8293194425054, 9.333535525916918], [78.82922844309525, 9.333534970281965], [78.82923012134583, 9.333263818529609], [78.82913912200755, 9.333263262885673], [78.82913968144237, 9.33317287897421], [78.82904868213105, 9.33317232332129], [78.82904980102765, 9.332991555498364], [78.82895880177021, 9.332990999836461], [78.82895992068478, 9.332810232022519], [78.82886892148125, 9.33280967634265]]]}, "id": "+6157+6769", "properties": {"count": 57, "water": 1}}, {"type": "Feature", "geometry": {"geodesic": false, "type": "Polygon", "coordinates": [[[78.82815590971273, 9.359740712369103], [78.82815703230142, 9.359559944932451], [78.828248038413, 9.359560502373018], [78.82824747714561, 9.359650886095835], [78.82870250787418, 9.359653672975274], [78.82870306903376, 9.359563289225507], [78.82943111831267, 9.359567746971374], [78.82943167927463, 9.359477363176692], [78.82952268543113, 9.359477920284881], [78.82952380729218, 9.35929715267755], [78.82961481341273, 9.359297709749807], [78.82961649608302, 9.359026558320844], [78.82952549003433, 9.35902600125757], [78.82952717272259, 9.358754849837592], [78.82943616674575, 9.358754292774318], [78.82943672765381, 9.358663908970652], [78.82934572170394, 9.358663351889412], [78.8293440388989, 9.358934503273458], [78.82943504491166, 9.358935060372666], [78.82943392305062, 9.359115827979997], [78.82934291699294, 9.359115270871806], [78.82934235603098, 9.35920565466649], [78.82906933780404, 9.359203983180223], [78.82906877677021, 9.359294366956938], [78.8287957585253, 9.35929269523711], [78.82879463629595, 9.359473462763592], [78.8287036301754, 9.359472905466758], [78.82870419131702, 9.35938252171699], [78.8286131852324, 9.359381964402187], [78.82861599096746, 9.358930045644373], [78.8287069969443, 9.358930602932226], [78.82870924134012, 9.358569067897227], [78.82880024721814, 9.35856962513118], [78.82880080827891, 9.35847924137243], [78.82889181414795, 9.358479798579435], [78.82889069206233, 9.358660566123884], [78.82916370983112, 9.358662237646083], [78.82916483177301, 9.358481470074684], [78.829073825895, 9.358480912930562], [78.82907438687492, 9.358390529153846], [78.82925639859502, 9.358391643397175], [78.82925583766001, 9.358482027191856], [78.8296198612709, 9.35848425543597], [78.82961930041674, 9.358574639248618], [78.82971030635763, 9.358575196257993], [78.82970806299487, 9.358936731535538], [78.82979906903458, 9.358937288535929], [78.82979794736218, 9.359118056188176], [78.8298889534558, 9.359118613179584], [78.82988558845658, 9.359660916136326], [78.82979458221924, 9.359660359108984], [78.82979346045701, 9.359841126752247], [78.82961144791943, 9.359840012607734], [78.82961088698443, 9.359930396411398], [78.8294288744199, 9.35992928216807], [78.829428313431, 9.360019665962751], [78.82924630083953, 9.360018551611624], [78.8292457398057, 9.360108935388341], [78.82897272088707, 9.360107263668512], [78.82897215977239, 9.360197647436246], [78.82879014714499, 9.36019653283359], [78.82878958597641, 9.360286916583357], [78.82851656701285, 9.360285244486237], [78.82851712824431, 9.360194860745453], [78.82833511567979, 9.360193745900252], [78.82833623823254, 9.360012978445637], [78.82824523200418, 9.360012420996087], [78.82824691586923, 9.359741269818652], [78.82815590971273, 9.359740712369103]]]}, "id": "+6160+6482", "properties": {"count": 199, "water": 1}}, {"type": "Feature", "geometry": {"geodesic": false, "type": "Polygon", "coordinates": [[[78.82858154843657, 9.305691713670631], [78.82858266421603, 9.30551094563211], [78.82885564058148, 9.305512607991492], [78.82885619839934, 9.305422223954265], [78.82931115900541, 9.305424994062157], [78.82931171668852, 9.305334609997981], [78.82976667733054, 9.305337379495018], [78.82976723488788, 9.305246995403891], [78.82985822701269, 9.305247549224248], [78.82985766947331, 9.305337933324358], [78.82994866161609, 9.30533848713573], [78.82994643148552, 9.305700023545151], [78.83003742373609, 9.305700577356523], [78.83003463605715, 9.306152497884021], [78.8298526513404, 9.306151390198394], [78.82985209373814, 9.30624177428952], [78.82939713191035, 9.306239004630786], [78.82939824733047, 9.306058236493449], [78.82930725503499, 9.306057682502413], [78.82930613956097, 9.306238450630767], [78.82912415488016, 9.306237342558864], [78.82912359708925, 9.306327726605074], [78.82875962770068, 9.30632551015584], [78.8287601855904, 9.30623512613658], [78.82866919327695, 9.30623457196588], [78.8286725406063, 9.305692267823364], [78.82858154843657, 9.305691713670631]]]}, "id": "+6163+7070", "properties": {"count": 140, "water": 1}}, {"type": "Feature", "geometry": {"geodesic": false, "type": "MultiPolygon", "coordinates": [[[[78.83029452743641, 9.396360622529942], [78.83011249580065, 9.396359504334026], [78.83011305882874, 9.396269120683073], [78.8300220430423, 9.396268561562657], [78.83002260607938, 9.396178177911706], [78.82993159032888, 9.396177618764339], [78.8299321533929, 9.396087235122371], [78.82975012193681, 9.396086116782724], [78.82975068504575, 9.39599573314974], [78.82956865366152, 9.39599461472026], [78.82956921680639, 9.395904231096258], [78.82911413856593, 9.395901434640779], [78.82911357530428, 9.395991818237832], [78.8289315440009, 9.395990699475977], [78.82893210731645, 9.39590031589689], [78.82902312294118, 9.395900875277817], [78.82902368622081, 9.395810491689748], [78.82911470182758, 9.395811051043726], [78.82911526508023, 9.395720667455656], [78.82929729626683, 9.395721786082763], [78.8292978594656, 9.395631402476727], [78.82966192180285, 9.395633639434498], [78.82966135870291, 9.3957240230585], [78.82975237431866, 9.395724582250782], [78.82975181123666, 9.395814965883767], [78.82984282688835, 9.3958155250491], [78.82984226381535, 9.395905908691068], [78.82993327949399, 9.395906467838433], [78.82993271644793, 9.395996851480403], [78.83011474787708, 9.395997969730217], [78.83011418486696, 9.396088353381169], [78.83020520060848, 9.396088912474635], [78.83020463761632, 9.396179296125588], [78.83029565339376, 9.396179855201089], [78.83029452743641, 9.396360622529942]]], [[[78.83218898382043, 9.399083871009069], [78.83228000047824, 9.399084429743208], [78.83227943783642, 9.399174813510943], [78.83237045452117, 9.399175372227116], [78.83236989189733, 9.399265755994849], [78.832460908618, 9.399266314693056], [78.83245640764521, 9.399989384906785], [78.83236539074487, 9.39998882616366], [78.83236820400782, 9.399536907316014], [78.83227718723325, 9.399536348572889], [78.8322788751946, 9.399265197278675], [78.83218785849189, 9.399264638526567], [78.83218898382043, 9.399083871009069]]], [[[78.83029452743641, 9.396360622529942], [78.83047655909911, 9.396361740627043], [78.83047599616084, 9.396452124304943], [78.83056701201915, 9.396452683317563], [78.83056644909885, 9.396543067004446], [78.83074848088732, 9.396544184984768], [78.8307473551276, 9.396724952358536], [78.83065633917946, 9.396724393372867], [78.83065690209077, 9.396634009685982], [78.83047487026637, 9.396632891651764], [78.8304754332136, 9.396542507973862], [78.83038441733734, 9.39654194892531], [78.83038498030255, 9.396451565256394], [78.83029396445323, 9.396451006189876], [78.83029452743641, 9.396360622529942]]], [[[78.8307473551276, 9.396724952358536], [78.83083837107573, 9.396725511326238], [78.83083780820934, 9.396815895013123], [78.83074679223425, 9.396815336045421], [78.8307473551276, 9.396724952358536]]], [[[78.83083780820934, 9.396815895013123], [78.83092882418441, 9.39681645396286], [78.83092826133598, 9.39690683766771], [78.83083724533395, 9.396906278708991], [78.83083780820934, 9.396815895013123]]], [[[78.83092826133598, 9.39690683766771], [78.83120130937802, 9.39690851438217], [78.83120074660145, 9.396998898096005], [78.83129176264839, 9.396999456964892], [78.83129119988082, 9.397089840678726], [78.8313822159637, 9.397090399529647], [78.83137996492933, 9.397451934420916], [78.83128894875662, 9.397451375552029], [78.8312900743277, 9.397270608115377], [78.8311990582089, 9.397270049237507], [78.83120018380693, 9.397089281809839], [78.8310181516771, 9.397088164000198], [78.83101871451655, 9.396997780295347], [78.83092769848757, 9.396997221363577], [78.83092826133598, 9.39690683766771]]], [[[78.83137996492933, 9.397451934420916], [78.83147098111102, 9.397452493271837], [78.8314698556118, 9.397633260726455], [78.8315608718384, 9.39763381955941], [78.83155974636614, 9.39781458702301], [78.83146873008563, 9.397814028181072], [78.83146929285321, 9.397723644449272], [78.83137827659965, 9.397723085589368], [78.83137996492933, 9.397451934420916]]], [[[78.83155974636614, 9.39781458702301], [78.83174177893613, 9.397815704644005], [78.83174121624043, 9.397906088384788], [78.83183223255686, 9.397906647163845], [78.83183166987912, 9.397997030913611], [78.83192268622251, 9.3979975896747], [78.83192212356273, 9.398087973424468], [78.83201313994206, 9.398088532167591], [78.83201257729127, 9.39817891592634], [78.83210359370652, 9.398179474651498], [78.83210134315723, 9.39854100969548], [78.83219235966232, 9.398541568420638], [78.83218898382043, 9.399083871009069], [78.83209796717162, 9.399083312247978], [78.8320990925271, 9.398902544730479], [78.8320080759322, 9.398901985960405], [78.83201032666113, 9.398540450943374], [78.83191931016503, 9.3985398921733], [78.83192043553848, 9.398359124673767], [78.83182941909628, 9.39835856589471], [78.83183054449668, 9.398177798404161], [78.83173952810837, 9.398177239607138], [78.83174065353573, 9.397996472125572], [78.83164963720132, 9.397995913319566], [78.83165019992398, 9.397905529578782], [78.83155918361653, 9.39790497075481], [78.83155974636614, 9.39781458702301]]]]}, "id": "+6167+6070", "properties": {"count": 108, "water": 1}}, {"type": "Feature", "geometry": {"geodesic": false, "type": "Polygon", "coordinates": [[[78.83022895243289, 9.318898315511186], [78.83023062723395, 9.318627163345605], [78.83041261846347, 9.318628272315824], [78.8304131766676, 9.318537888251646], [78.83050417226889, 9.31853844269184], [78.83050361408273, 9.318628826765], [78.83059460971097, 9.31862938119621], [78.83059293518839, 9.31890053341569], [78.8306839308885, 9.318901087837917], [78.8306822563839, 9.319172240075364], [78.83050026484894, 9.319171131177011], [78.83049970661786, 9.31926151525017], [78.8304087108369, 9.319260960756079], [78.83040926908595, 9.319170576700884], [78.83031827333194, 9.319170022188827], [78.83031994811503, 9.318898870023245], [78.83022895243289, 9.318898315511186]]]}, "id": "+6171+6923", "properties": {"count": 26, "water": 1}}, {"type": "Feature", "geometry": {"geodesic": false, "type": "Polygon", "coordinates": [[[78.83071949705909, 9.298383335926514], [78.83072116772789, 9.298112183365674], [78.83099413874837, 9.298113842778584], [78.83099358193661, 9.298204226986492], [78.8310845723097, 9.298204780079212], [78.83108345870419, 9.298385548495027], [78.83117444913118, 9.298386101587747], [78.83117277875883, 9.298657254220451], [78.83108178825997, 9.298656701118748], [78.83108123143923, 9.298747085326657], [78.83089925041456, 9.2987459790424], [78.83090036415484, 9.298565210653535], [78.83080937369192, 9.29856465748895], [78.83081048745913, 9.298383889109067], [78.83071949705909, 9.298383335926514]]]}, "id": "+6175+7149", "properties": {"count": 24, "water": 1}}, {"type": "Feature", "geometry": {"geodesic": false, "type": "MultiPolygon", "coordinates": [[[[78.83071430235333, 9.372772142504674], [78.83071486378242, 9.37268175870101], [78.8308058734603, 9.372682316258356], [78.8308053120492, 9.372772700071005], [78.83071430235333, 9.372772142504674]]], [[[78.83080362778888, 9.373043851508951], [78.83080418921797, 9.372953467696302], [78.83089519896772, 9.372954025244667], [78.83089463756558, 9.373044409066297], [78.83080362778888, 9.373043851508951]]], [[[78.83071430235333, 9.372772142504674], [78.8307131794682, 9.372952910120988], [78.83062216972743, 9.372952352527708], [78.83062160825344, 9.373042736322391], [78.83080362778888, 9.373043851508951], [78.83080306635979, 9.373134235321599], [78.83053003699375, 9.373132562496844], [78.83053059849469, 9.37304217870216], [78.8303485789862, 9.373041063380855], [78.83034914053206, 9.372950679595155], [78.83044015025487, 9.3729512372603], [78.83044071177379, 9.372860853465617], [78.83034970206896, 9.372860295809456], [78.83035026360584, 9.372769912023756], [78.83016824426802, 9.372768796639567], [78.83016880584084, 9.372678412862852], [78.83035082513373, 9.372679528229074], [78.83035138665265, 9.372589144443374], [78.83044239628563, 9.372589702090554], [78.8304429577776, 9.372499318295871], [78.83062497700762, 9.372500433509382], [78.83062329265748, 9.372771584920377], [78.83071430235333, 9.372772142504674]]]]}, "id": "+6176+6326", "properties": {"count": 25, "water": 1}}, {"type": "Feature", "geometry": {"geodesic": false, "type": "Polygon", "coordinates": [[[78.83091341290299, 9.281662805391063], [78.8309145245502, 9.281482036831518], [78.83109649667256, 9.281483141067614], [78.83109705244226, 9.281392756778859], [78.83118803848546, 9.281393308856483], [78.83118637122129, 9.281664461749699], [78.83136834346043, 9.281665565877997], [78.83136778774463, 9.28175595018472], [78.83145877389565, 9.281756502217428], [78.83145710678417, 9.282027655155561], [78.83154809300704, 9.282028207188269], [78.83154698162036, 9.28220897581968], [78.8313650090758, 9.28220787171833], [78.83136445332406, 9.282298256025053], [78.8312734670383, 9.282297703938445], [78.83127291125962, 9.282388088236184], [78.83099995235742, 9.282386431814665], [78.83100439900011, 9.281663357531569], [78.83091341290299, 9.281662805391063]]]}, "id": "+6176+7334", "properties": {"count": 45, "water": 1}}, {"type": "Feature", "geometry": {"geodesic": false, "type": "Polygon", "coordinates": [[[78.83012841598666, 9.305701131131963], [78.83013120340509, 9.305249210568535], [78.83022219554788, 9.305249764299058], [78.83022275299741, 9.305159380172], [78.83085969798786, 9.305163255620917], [78.83086025526674, 9.305072871457925], [78.83140620819526, 9.305076192322918], [78.83140342247465, 9.305528113290588], [78.83149441476115, 9.305528666706703], [78.83149218617568, 9.305890203493417], [78.83140119379036, 9.30588965004137], [78.83140063660132, 9.305980034231311], [78.8307636898951, 9.305976159420199], [78.83076313254435, 9.306066543574207], [78.8302171783043, 9.306063221370724], [78.83021940824622, 9.305701684898422], [78.83012841598666, 9.305701131131963]]]}, "id": "+6180+7072", "properties": {"count": 138, "water": 1}}, {"type": "Feature", "geometry": {"geodesic": false, "type": "MultiPolygon", "coordinates": [[[[78.83170362339868, 9.37467633553942], [78.83188564392228, 9.374677450357671], [78.83188508266387, 9.374767834233202], [78.83170306210435, 9.374766719396984], [78.83170362339868, 9.37467633553942]]], [[[78.83170362339868, 9.37467633553942], [78.83124857220649, 9.37467354808506], [78.83124969501975, 9.37449278042383], [78.8311586848388, 9.374492222875466], [78.83116036909911, 9.374221071392604], [78.83106935899902, 9.374220513835256], [78.83106992042809, 9.374130130013626], [78.83070588018042, 9.374127899577623], [78.83070644169933, 9.374037515773958], [78.8306154316711, 9.374036958108812], [78.83061599320799, 9.37394657431413], [78.83070700320927, 9.373947131970292], [78.83070756471022, 9.373856748166627], [78.83116261468071, 9.373859536079127], [78.83116373744905, 9.373678768417898], [78.83125474740542, 9.373679325921346], [78.83125362469097, 9.37386009359156], [78.83134463471022, 9.373860651077042], [78.83134351202273, 9.374041418756237], [78.83143452209588, 9.374041976232737], [78.83143396076561, 9.374132360081317], [78.83152497085672, 9.37413291753985], [78.83152328691082, 9.374404069085594], [78.8316142970828, 9.374404626535144], [78.83161373577947, 9.374495010392708], [78.83170474597839, 9.374495567824292], [78.83170362339868, 9.37467633553942]]]]}, "id": "+6183+6313", "properties": {"count": 55, "water": 1}}, {"type": "Feature", "geometry": {"geodesic": false, "type": "Polygon", "coordinates": [[[78.83114270331582, 9.303538000926427], [78.83114326041503, 9.303447616736484], [78.83123425215356, 9.303448170107684], [78.83123480922582, 9.303357785917742], [78.83150778440549, 9.303359445860657], [78.83150834140588, 9.303269061652749], [78.83169032483804, 9.303270168161584], [78.83168865397161, 9.303541320821239], [78.83177964576404, 9.303541874048706], [78.83177908881754, 9.30363225827458], [78.83150611337737, 9.303630598484379], [78.831505556359, 9.303720982692287], [78.83123258090086, 9.303719322677507], [78.83123369507233, 9.303538554297624], [78.83114270331582, 9.303538000926427]]]}, "id": "+6183+7092", "properties": {"count": 22, "water": 1}}, {"type": "Feature", "geometry": {"geodesic": false, "type": "Polygon", "coordinates": [[[78.83186367960154, 9.289893850758505], [78.83186479176976, 9.289713082163027], [78.83195578000486, 9.289713634546079], [78.8319574481494, 9.289442481625912], [78.83204843631263, 9.289443033964048], [78.83204899232489, 9.289352649657326], [78.83223096864238, 9.289353754243765], [78.83222985670771, 9.289534522884159], [78.83232084491587, 9.289535075159412], [78.8323180650972, 9.289986996782854], [78.83222707676327, 9.289986444489633], [78.83222652076002, 9.29007682880534], [78.83195355574028, 9.290075171755], [78.83195466789054, 9.289894403150539], [78.83186367960154, 9.289893850758505]]]}, "id": "+6188+7246", "properties": {"count": 30, "water": 1}}, {"type": "Feature", "geometry": {"geodesic": false, "type": "MultiPolygon", "coordinates": [[[[78.83178158891882, 9.362112974505033], [78.83178214942264, 9.362022590575604], [78.8318731563966, 9.362023147234636], [78.83187259591074, 9.362113531164065], [78.83178158891882, 9.362112974505033]]], [[[78.83178158891882, 9.362112974505033], [78.83178046788422, 9.36229374235491], [78.83187147492106, 9.362294299031907], [78.83187035391342, 9.362475066890767], [78.83196136100416, 9.362475623549798], [78.83196024002348, 9.36265639141764], [78.83205124716811, 9.362656948067691], [78.83205012620539, 9.362837715944517], [78.83195911901582, 9.362837159285483], [78.831958558512, 9.362927543223897], [78.83186755130448, 9.362926986537914], [78.831866430216, 9.36310775438779], [78.83177542296355, 9.363107197665878], [78.83177598353925, 9.36301681374543], [78.83159396910622, 9.363015700247704], [78.83159452970887, 9.36292531633624], [78.83141251534771, 9.362924202748681], [78.83141307600425, 9.362833818846202], [78.83132206885062, 9.362833262025472], [78.83132262952513, 9.362742878131975], [78.83123162239845, 9.36274232129328], [78.83123442577994, 9.362290401834779], [78.83132543278984, 9.362290958646524], [78.83132599341943, 9.362200574753027], [78.83150800739429, 9.36220168829567], [78.83150856797896, 9.362111304384207], [78.83178158891882, 9.362112974505033]], [[78.83195911901582, 9.362837159285483], [78.83186811183525, 9.362836602608485], [78.83186867236603, 9.362746218679057], [78.83195967952864, 9.362746775356054], [78.83195911901582, 9.362837159285483]]]]}, "id": "+6189+6442", "properties": {"count": 65, "water": 1}}, {"type": "Feature", "geometry": {"geodesic": false, "type": "MultiPolygon", "coordinates": [[[[78.81229926824392, 9.333973515963876], [78.81229983205354, 9.333883133076492], [78.8128458229808, 9.333886492622941], [78.81284638663772, 9.333796109690642], [78.81357437466949, 9.333800587747417], [78.81357381119223, 9.33389097071565], [78.81430179978096, 9.333895447326137], [78.81430123648337, 9.333985830339286], [78.81484722829997, 9.33398918684943], [78.81484666513713, 9.33407956989851], [78.81521065988514, 9.334081807134758], [78.81521009681214, 9.334172190201805], [78.8155740917488, 9.334174427078729], [78.81557352876563, 9.334264810172725], [78.81584652510061, 9.334266487605838], [78.81584596218033, 9.334356870708817], [78.81648295398199, 9.334360783949858], [78.81648239122339, 9.334451167097754], [78.81702838455813, 9.334454520418877], [78.81702782193429, 9.334544903602705], [78.81793781151723, 9.334550490674616], [78.81793837390751, 9.33446010744587], [78.81848436779921, 9.334463458539174], [78.81848380554368, 9.33455384180385], [78.81875680263325, 9.33455551706304], [78.81875624044059, 9.3346459003367], [78.81912023673371, 9.33464813370121], [78.81911967463088, 9.334738517010802], [78.81930167285829, 9.334739633562801], [78.81930111080038, 9.334830016872393], [78.8196651074169, 9.334832249724863], [78.81966454544882, 9.334922633061405], [78.8201195414575, 9.334925423623936], [78.82011897959723, 9.335015806987427], [78.82048297660899, 9.335018039049379], [78.82048241482956, 9.335108422430837], [78.82075541271864, 9.335110096243739], [78.82075485101107, 9.335200479643163], [78.82102784901694, 9.335202153267419], [78.82102728737226, 9.33529253668481], [78.82175528250072, 9.335296998697673], [78.8217547210357, 9.335387382150996], [78.82220971829304, 9.335390170189262], [78.82220915693583, 9.335480553669534], [78.82275515397163, 9.335483898573443], [78.82275459275813, 9.335574282089649], [78.82311859098262, 9.335576511582419], [78.82311802985896, 9.335666895125573], [78.82330002904756, 9.335668009737212], [78.82329946795984, 9.335758393289348], [78.82411846483406, 9.335763407972726], [78.8241190257062, 9.33567302436669], [78.8243920247002, 9.33567469549363], [78.82439258550046, 9.33558431187861], [78.82457458480584, 9.335585425834479], [78.82457514555222, 9.335495042201492], [78.82475714483066, 9.335496156058547], [78.82475770553211, 9.335405772416577], [78.82493970478359, 9.335406886165833], [78.82494026543114, 9.33531650251488], [78.82530426392512, 9.335318729707964], [78.82530482446488, 9.335228346039047], [78.8258508222373, 9.335231686092055], [78.82585138263332, 9.335141302387203], [78.82612438151953, 9.335142972085821], [78.82612494184369, 9.335052588363004], [78.82648894034666, 9.335054814289464], [78.82648950057201, 9.334964430539697], [78.82658050018877, 9.334964986956184], [78.82658106037817, 9.334874603206417], [78.82685405919251, 9.334876272294181], [78.82685461931007, 9.334785888526449], [78.82694561890885, 9.334786444844122], [78.82694617899047, 9.334696061067405], [78.82721917773294, 9.334697729849742], [78.82721973775168, 9.33460734605506], [78.82758373605702, 9.334609570750828], [78.82758429596795, 9.334519186938179], [78.82831229266846, 9.334523635161904], [78.82831285239075, 9.33443325130434], [78.82867685078593, 9.33443547484128], [78.8286774104094, 9.334345090956766], [78.82885940958901, 9.334346202577015], [78.82885996915859, 9.334255818683518], [78.82940596670643, 9.33425915294239], [78.82940652613227, 9.334168769012962], [78.82977052450947, 9.334170991364127], [78.8297710838365, 9.33408060741673], [78.83031708143824, 9.33408394021135], [78.83031764062154, 9.333993556237004], [78.83068163904366, 9.333995777609006], [78.83068219811916, 9.333905393607711], [78.83141019505324, 9.333909835201869], [78.83141075393111, 9.333819451155659], [78.83204775138317, 9.333823336297398], [78.83204719265801, 9.33391372037954], [78.83232019172388, 9.333915385110476], [78.8323196330616, 9.334005769210584], [78.83113663719932, 9.333998553807476], [78.83113607823162, 9.334088937844703], [78.83095407890828, 9.334087827419214], [78.83095351988666, 9.334178211438475], [78.83040752190763, 9.334174879587087], [78.8304069627423, 9.334265263570416], [78.83022496340998, 9.334264152758651], [78.83022440419074, 9.334354536732995], [78.8301334045111, 9.33435398128669], [78.83013284526493, 9.334444365252052], [78.83004184556731, 9.334443809778795], [78.83004072701208, 9.334624577700536], [78.82985872754499, 9.334623466655211], [78.82985928687202, 9.334533082698831], [78.82976828716544, 9.33453252715371], [78.82976884651042, 9.334442143206314], [78.82940484784577, 9.334439920792267], [78.82940428841093, 9.334530304712715], [78.82922228906064, 9.334529193352978], [78.82922172957191, 9.33461957726444], [78.82903973020365, 9.334618465805889], [78.82903917065204, 9.334708849699386], [78.82894817095443, 9.334708293929685], [78.82894761138485, 9.334798677823184], [78.82876561195371, 9.334797566202935], [78.82876505233024, 9.334887950087449], [78.8286740525967, 9.3348873942369], [78.82867349294627, 9.33497777811243], [78.82849149345225, 9.334976666321502], [78.82849037403462, 9.335157434054597], [78.82821737469925, 9.335155766170576], [78.82821793448441, 9.335065382321995], [78.82803593500836, 9.335064270288521], [78.82803537517827, 9.33515465412812], [78.82767137619021, 9.335152429773713], [78.82767193611912, 9.33506204595208], [78.8270349382718, 9.335058152464992], [78.82703437819018, 9.335148536241709], [78.82667037945365, 9.335146310863221], [78.82666981926424, 9.33523669462197], [78.82639682020735, 9.335235025318612], [78.82639625994607, 9.335325409059395], [78.82621426055086, 9.335324296064725], [78.82621370023568, 9.335414679796525], [78.82603170081352, 9.335413566694056], [78.82603226118259, 9.335323182980222], [78.82594126150295, 9.335322626402037], [78.82594070111591, 9.335413010115872], [78.8255767023704, 9.335410783551609], [78.82557614188454, 9.335501167238492], [78.82548514219592, 9.335500610534545], [78.82548570269974, 9.33541022684766], [78.82539470303806, 9.335409670125747], [78.82539414249831, 9.335500053803647], [78.8250301437977, 9.33549782665548], [78.82502958316813, 9.335588210315414], [78.8247565841292, 9.335586539691532], [78.82475602342775, 9.3356769233335], [78.82466502373913, 9.335676366404973], [78.82466446300174, 9.335766750037958], [78.82457346329515, 9.335766193082483], [78.82457290252184, 9.335856576715468], [78.82448190279727, 9.335856019733043], [78.824481342006, 9.335946403348062], [78.82439034226347, 9.335945846338687], [78.82438978143625, 9.336036229953706], [78.82411678217275, 9.336034558763885], [78.82411734306285, 9.335944175166832], [78.82393534362272, 9.335943060932486], [78.82393478268772, 9.336033444520556], [78.8235707837805, 9.336031215755419], [78.82357134481433, 9.3359408321943], [78.82338934544606, 9.335939717681477], [78.82338990652481, 9.335849334129339], [78.82311690758469, 9.335847662202898], [78.82311746871734, 9.335757278659743], [78.82284446990299, 9.335755606544657], [78.8228450311075, 9.33566522301947], [78.82229903375729, 9.335661878196408], [78.82229959509654, 9.335571494707153], [78.82184459757869, 9.33556870673177], [78.82184515903472, 9.335478323269465], [78.82129916234028, 9.335474976973165], [78.82129972392208, 9.335384593546793], [78.82075372757798, 9.33538124644201], [78.82075428929453, 9.335290863042587], [78.82057229060898, 9.335289747164325], [78.82057172883854, 9.335380130554764], [78.82038973012604, 9.335379014577686], [78.82038916831068, 9.335469397950162], [78.82020716957123, 9.335468281865285], [78.82020660770198, 9.335558665228776], [78.81984261019613, 9.335556432762582], [78.81984204822807, 9.335646816099123], [78.819387051357, 9.33564402496167], [78.81938761345083, 9.335553641652078], [78.81929661411255, 9.335553083358112], [78.81929605200075, 9.335643466667705], [78.81920505265349, 9.33564290834679], [78.81920561479224, 9.33555252504618], [78.81902361615161, 9.335551408341468], [78.81902417832629, 9.335461025049842], [78.8185691819493, 9.335458232924243], [78.81856974424076, 9.335367849659566], [78.8184787450013, 9.33536729116797], [78.81847930731074, 9.335276907912277], [78.81829730890367, 9.335275790875187], [78.81829787124903, 9.335185407619495], [78.81802487375522, 9.335183731902163], [78.81802543616347, 9.33509334867342], [78.8179344370318, 9.335092790056061], [78.81793499945802, 9.335002406827316], [78.81784400036227, 9.335001848200974], [78.81784456280646, 9.33491146497223], [78.81757156560909, 9.334909788958456], [78.81757212811614, 9.334819405747679], [78.81720813202067, 9.3348171707662], [78.81720869461756, 9.33472678757339], [78.81675369974973, 9.334723993345731], [78.8167542624634, 9.33463361017987], [78.81648126567926, 9.33463193338456], [78.81648182844684, 9.334541550236665], [78.81584483632179, 9.33453763692376], [78.81584539925106, 9.33444725382078], [78.81539040515578, 9.334444457922256], [78.81539096820184, 9.334354074846226], [78.81502697312145, 9.334351837735742], [78.81502753625733, 9.334261454677678], [78.81475454007504, 9.334259776615744], [78.81475510327381, 9.334169393575646], [78.8144821072173, 9.334167715316083], [78.81448267047895, 9.334077332293951], [78.814027677273, 9.334074534769478], [78.81402824065144, 9.333984151765312], [78.81229926824392, 9.333973515963876]]], [[[78.81229926824392, 9.333973515963876], [78.81229870442532, 9.334063898860244], [78.81202570889882, 9.334062218741169], [78.81202627278928, 9.333971835862767], [78.81229926824392, 9.333973515963876]]]]}, "id": "+6189+6754", "properties": {"count": 757, "water": 1}}, {"type": "Feature", "geometry": {"geodesic": false, "type": "Polygon", "coordinates": [[[78.83067274061094, 9.379460542969806], [78.83067330246223, 9.37937015919309], [78.83103734817166, 9.3793723909047], [78.83103790992415, 9.379282007110017], [78.83121993275641, 9.379283122808618], [78.83122049446398, 9.379192739004953], [78.83140251727826, 9.379193854604738], [78.83140307892295, 9.379103470792089], [78.83158510171029, 9.379104586284075], [78.83158566330107, 9.379014202453462], [78.83176768607045, 9.379015317846633], [78.83176824760734, 9.378924934007035], [78.83185925897406, 9.378925491663198], [78.83185869746413, 9.379015875502796], [78.83204072026045, 9.379016990752238], [78.83203959730346, 9.379197758467367], [78.8319485858559, 9.379197200838155], [78.83194802434596, 9.379287584695717], [78.83167498995833, 9.37928591166435], [78.83167442836755, 9.379376295494964], [78.83112835961026, 9.379372948776458], [78.83112779787574, 9.37946333257114], [78.83067274061094, 9.379460542969806]]]}, "id": "+6190+6255", "properties": {"count": 33, "water": 1}}, {"type": "Feature", "geometry": {"geodesic": false, "type": "Polygon", "coordinates": [[[78.83244964723879, 9.312946260212708], [78.83245187656088, 9.312584723345147], [78.83263386493377, 9.312585830464835], [78.83263442220365, 9.312495446229978], [78.83272541636764, 9.31249599975389], [78.8327248591247, 9.312586383988746], [78.83281585331564, 9.312586937494693], [78.83281418161377, 9.312858090208247], [78.83290517588556, 9.312858643705209], [78.83290294695873, 9.313220180680569], [78.83299394132932, 9.313220734168548], [78.83299338411334, 9.313311118421371], [78.83290238971578, 9.313310564915424], [78.83290183246388, 9.313400949159265], [78.83281083804836, 9.313400395635353], [78.83281028076948, 9.31349077987021], [78.8326282919115, 9.313489672723572], [78.83262884924427, 9.31339928850668], [78.83253785484673, 9.31339873490192], [78.83254064151058, 9.312946813799503], [78.83244964723879, 9.312946260212708]]]}, "id": "+6195+6990", "properties": {"count": 41, "water": 1}}, {"type": "Feature", "geometry": {"geodesic": false, "type": "Polygon", "coordinates": [[[78.83195251627272, 9.378564513880118], [78.83195307773774, 9.378474130031538], [78.83213510026458, 9.378475245164198], [78.8321356616757, 9.37838486129765], [78.83222667292564, 9.37838541882805], [78.83222723430981, 9.378295034961502], [78.83231824554179, 9.378295592455967], [78.83231936824724, 9.378114824704905], [78.83222835706019, 9.378114267219424], [78.8322289184264, 9.378023883343893], [78.83213790727527, 9.378023325840443], [78.83213959140981, 9.377752174231818], [78.83259464688696, 9.377754961452617], [78.83259408562856, 9.377845345346113], [78.8326850967707, 9.377845902723799], [78.832682851782, 9.378207438324736], [78.83277386302295, 9.37820799570242], [78.83277217929265, 9.37847914740986], [78.83268116798881, 9.378478590023192], [78.83268060670345, 9.378568973916689], [78.83258959538165, 9.37856841649409], [78.83258847276602, 9.3787491842721], [78.83240645004156, 9.37874806933707], [78.83240588867535, 9.378838453221583], [78.83204184319948, 9.378836223046092], [78.8320435275586, 9.378565071464415], [78.83195251627272, 9.378564513880118]], [[78.83240981811302, 9.378205766047952], [78.8324109407556, 9.378024998287907], [78.83250195192468, 9.378025555719491], [78.83250082932703, 9.378206323497501], [78.83240981811302, 9.378205766047952]]]}, "id": "+6198+6268", "properties": {"count": 66, "water": 1}}, {"type": "Feature", "geometry": {"geodesic": false, "type": "Polygon", "coordinates": [[[78.8323636690338, 9.3121322486739], [78.83236422634859, 9.312041864465993], [78.83245522037782, 9.312042418025836], [78.83245577766569, 9.311952033799964], [78.8330017418501, 9.311955354664956], [78.83300118470598, 9.31204573891778], [78.8330921787891, 9.312046292315927], [78.83309050739267, 9.312317445092363], [78.83336348985767, 9.312319105205956], [78.83336237570418, 9.312499873747536], [78.83318038729536, 9.312498767014123], [78.83317983016921, 9.31258915127593], [78.83299784173344, 9.312588044425734], [78.83299839891349, 9.312497660181895], [78.83290740472256, 9.312497106729849], [78.83290796192058, 9.312406722477025], [78.83254398532752, 9.312404508462226], [78.83254454260639, 9.312314124245336], [78.8324535484963, 9.312313570685491], [78.83245466308998, 9.312132802242727], [78.8323636690338, 9.3121322486739]]]}, "id": "+6198+6996", "properties": {"count": 44, "water": 1}}, {"type": "Feature", "geometry": {"geodesic": false, "type": "Polygon", "coordinates": [[[78.83272694521042, 9.356424348268177], [78.83273142438111, 9.355701276150022], [78.83282242976505, 9.355701832189215], [78.83282186990802, 9.355792216217461], [78.83336790245423, 9.355795551994486], [78.83336678300965, 9.355976320104874], [78.83345778850139, 9.355976875991356], [78.83345610936148, 9.35624802816592], [78.83309208715197, 9.356245804395417], [78.83309152733985, 9.356336188423661], [78.832818510667, 9.356334520333027], [78.83281795077403, 9.356424904352288], [78.83272694521042, 9.356424348268177]]]}, "id": "+6199+6512", "properties": {"count": 44, "water": 1}}, {"type": "Feature", "geometry": {"geodesic": false, "type": "MultiPolygon", "coordinates": [[[[78.83323829804355, 9.303098801100308], [78.83323885457682, 9.303008416784603], [78.83332984633333, 9.303008969589863], [78.83332928981802, 9.30309935391455], [78.83323829804355, 9.303098801100308]]], [[[78.83323829804355, 9.303098801100308], [78.83323662838986, 9.30336995403844], [78.83332762023619, 9.303370506861667], [78.83332650716066, 9.303551275493076], [78.8334174990519, 9.303551828316301], [78.83341527291884, 9.30391336559709], [78.83314229696661, 9.30391170701063], [78.83314285358074, 9.303821322703909], [78.8330518616266, 9.303820769799835], [78.83305297488178, 9.303640001204357], [78.83296198298156, 9.3036394482913], [78.83296420951888, 9.303277911109326], [78.83287321771745, 9.30327735819627], [78.83287433099959, 9.303096589609774], [78.83323829804355, 9.303098801100308]]]]}, "id": "+6201+7095", "properties": {"count": 36, "water": 1}}, {"type": "Feature", "geometry": {"geodesic": false, "type": "Polygon", "coordinates": [[[78.83280805159113, 9.313852316800654], [78.83280916619378, 9.313671548330941], [78.83299115516854, 9.313672655405714], [78.83299171241147, 9.31358227115289], [78.83335569033405, 9.313584484988025], [78.83335513318093, 9.313674869258815], [78.83344612769527, 9.313675422665947], [78.83344334197466, 9.314127344019893], [78.83317035808132, 9.314125683645788], [78.83316980085635, 9.31421606789861], [78.83289681694507, 9.314214407308908], [78.83289904612342, 9.313852870360499], [78.83280805159113, 9.313852316800654]]]}, "id": "+6202+6978", "properties": {"count": 39, "water": 1}}, {"type": "Feature", "geometry": {"geodesic": false, "type": "Polygon", "coordinates": [[[78.83325739525631, 9.2852021457455], [78.83325850613096, 9.285021376934425], [78.83334949324318, 9.285021928679674], [78.83335004865354, 9.284931544274137], [78.83362300994526, 9.284933199348183], [78.83362245460675, 9.285023583780669], [78.83389541601525, 9.285025238666067], [78.83389486073962, 9.285115623107538], [78.8340768350898, 9.285116726256673], [78.83407627985909, 9.285207110707125], [78.83416726706113, 9.285207662254743], [78.83416615662667, 9.285388431173615], [78.83407516937072, 9.285387879617014], [78.83407461412204, 9.285478264067466], [78.83371066507134, 9.285476057589532], [78.83371122041882, 9.285385673157046], [78.83352924596983, 9.285384569783332], [78.83352980136223, 9.285294185368812], [78.8333478269851, 9.285293081914249], [78.83334838241343, 9.285202697499729], [78.83325739525631, 9.2852021457455]]]}, "id": "+6203+7295", "properties": {"count": 39, "water": 1}}, {"type": "Feature", "geometry": {"geodesic": false, "type": "Polygon", "coordinates": [[[78.83317815874582, 9.312860304052364], [78.83317927303406, 9.312679535537734], [78.83345225579552, 9.312681195642346], [78.8334528128588, 9.312590811362574], [78.83363480134847, 9.312591917979207], [78.83363368731175, 9.312772686556718], [78.83372468161048, 9.312773239838084], [78.8337241246011, 9.31286362412684], [78.83381511893576, 9.31286417739024], [78.83381400494396, 9.313044945985718], [78.83390499933253, 9.313045499240136], [78.8339044423501, 9.313135883546858], [78.83372245354603, 9.313134777002091], [78.83372189651868, 9.31322516129983], [78.83344891328113, 9.313223501303016], [78.83344947038033, 9.313133117023243], [78.83335847600075, 9.313132563652045], [78.83335903311793, 9.313042179381256], [78.83326803877428, 9.31304162599209], [78.83326915303557, 9.312860857459496], [78.83317815874582, 9.312860304052364]]]}, "id": "+6205+6989", "properties": {"count": 34, "water": 1}}, {"type": "Feature", "geometry": {"geodesic": false, "type": "Polygon", "coordinates": [[[78.83362700257042, 9.31385729797687], [78.83362923090436, 9.313495760839814], [78.83372022539174, 9.313496314166096], [78.83372078243706, 9.31340592987734], [78.834175754847, 9.31340869613146], [78.83417631176654, 9.313318311815754], [78.83426730624494, 9.313318864989323], [78.83426619243279, 9.313499633629718], [78.8343571869651, 9.313500186794304], [78.83435440246619, 9.313952108426728], [78.83444539711526, 9.313952661600297], [78.83444484022267, 9.314043045924985], [78.83435384554664, 9.314042492751417], [78.83435328861812, 9.314132877076105], [78.83371632590391, 9.314129004178403], [78.83371799714763, 9.313857851321119], [78.83362700257042, 9.31385729797687]]]}, "id": "+6212+6981", "properties": {"count": 61, "water": 1}}, {"type": "Feature", "geometry": {"geodesic": false, "type": "Polygon", "coordinates": [[[78.83390162318521, 9.357787336725265], [78.83390330225326, 9.3575161844968], [78.83417632004003, 9.357517851967598], [78.83417687965452, 9.357427467876471], [78.83435889149139, 9.357428579388921], [78.8343583319308, 9.357518963498014], [78.83444933788068, 9.3575195192228], [78.83444821878645, 9.357700287449967], [78.83435721278268, 9.357699731707218], [78.83435665320411, 9.357790115807326], [78.8340836351748, 9.357788448435345], [78.83408307552439, 9.357878832517487], [78.83399206950264, 9.357878276675923], [78.83399262918002, 9.357787892593779], [78.83390162318521, 9.357787336725265]]]}, "id": "+6216+6493", "properties": {"count": 20, "water": 1}}, {"type": "Feature", "geometry": {"geodesic": false, "type": "Polygon", "coordinates": [[[78.83422672109702, 9.33465010605123], [78.8342278374963, 9.334469337626432], [78.8346828373408, 9.334472109432141], [78.83468227926242, 9.334562493666997], [78.83522827939741, 9.334565819095433], [78.83522772145379, 9.334656203375205], [78.83540972159462, 9.334657311671686], [78.83541027949332, 9.334566927391913], [78.83559227960718, 9.33456803558958], [78.83559172175339, 9.334658419878336], [78.83613772237346, 9.334661743941332], [78.83613716465443, 9.334752128275003], [78.8364101651037, 9.334753790005566], [78.83640960745653, 9.33484417434822], [78.83704660887913, 9.334848050955964], [78.83704716636463, 9.334757666577376], [78.83732016699356, 9.334759327616235], [78.83731960957097, 9.334849712012788], [78.83759261031669, 9.334851372854018], [78.83759205296595, 9.334941757268538], [78.83795605412793, 9.334943971427068], [78.83795549685804, 9.335034355859554], [78.83813749752888, 9.335035462808563], [78.83813694029492, 9.335125847259015], [78.83768193856396, 9.335123079684372], [78.83768138121323, 9.335213464098892], [78.83749938051545, 9.335212356898355], [78.8374988231198, 9.335302741303892], [78.83740782274846, 9.335302187654216], [78.83740615044472, 9.335573340852859], [78.83686014794716, 9.335570018415815], [78.83685959036288, 9.33566040278542], [78.83594958641586, 9.33565486346795], [78.83594902858903, 9.335745247783656], [78.83467502369564, 9.335737488756068], [78.83467446552744, 9.335827872990926], [78.83440146455713, 9.335826209733227], [78.83440258101032, 9.335645441299446], [78.83431158074677, 9.335644886841287], [78.83431604652358, 9.33492181312413], [78.83449804669135, 9.334922921923667], [78.83449860484158, 9.334832537697794], [78.83440760478464, 9.3348319833115], [78.83440872111207, 9.334651214868735], [78.83422672109702, 9.33465010605123]]]}, "id": "+6218+6747", "properties": {"count": 400, "water": 1}}, {"type": "Feature", "geometry": {"geodesic": false, "type": "Polygon", "coordinates": [[[78.83370650595242, 9.389240965304129], [78.83370762926873, 9.38906019749917], [78.83388965753579, 9.38906131297319], [78.83389021913557, 9.388970929061728], [78.83407224737569, 9.388972044436933], [78.83407168582083, 9.389062428366362], [78.83416269997234, 9.389062986022525], [78.83416326150024, 9.388972602093094], [78.83425427563377, 9.388973159722308], [78.8342548371437, 9.388882775783895], [78.83443686537484, 9.388883890961472], [78.83443518098876, 9.389155042812643], [78.83452619518518, 9.389155600378974], [78.83452451081708, 9.389426752239128], [78.83461552509434, 9.389427309805457], [78.83461440220023, 9.389608077718217], [78.83470541653139, 9.38960863526658], [78.83470429366425, 9.389789403188322], [78.83452226492106, 9.389788288046677], [78.8345217034291, 9.389878671994074], [78.83433967466796, 9.389877556744631], [78.83433911312208, 9.389967940683045], [78.83424809872804, 9.389967383017899], [78.83424753715522, 9.390057766947328], [78.83406550833121, 9.39005665153619], [78.83406663155769, 9.389875883686313], [78.83397561719957, 9.389875325958286], [78.83397674046199, 9.389694558117393], [78.83388572615777, 9.389694000380382], [78.83388684943816, 9.389513232548474], [78.83379583517886, 9.389512674793496], [78.83379752013087, 9.38924152306809], [78.83370650595242, 9.389240965304129]]]}, "id": "+6219+6145", "properties": {"count": 85, "water": 1}}, {"type": "Feature", "geometry": {"geodesic": false, "type": "Polygon", "coordinates": [[[78.83417813028905, 9.327780350426673], [78.83417924587985, 9.327599581938992], [78.83427024405931, 9.327600135956978], [78.83427080182327, 9.327509751704154], [78.83445279813726, 9.327510859650294], [78.83445335584733, 9.327420475388488], [78.83463535214335, 9.327421583235811], [78.83463590979952, 9.327331198965021], [78.83472690793405, 9.32733175284826], [78.83472746556326, 9.327241368568487], [78.83481846367086, 9.327241922415793], [78.8348179060686, 9.327332306704548], [78.83490890421211, 9.327332860542871], [78.83490778902555, 9.327513629120382], [78.83499878722297, 9.32751418294972], [78.83499655688578, 9.32787572012271], [78.83508755517303, 9.327876273943065], [78.83508644002241, 9.328057042538545], [78.83517743836356, 9.328057596349916], [78.83517576565559, 9.328328749261098], [78.83444777848621, 9.328324317997566], [78.83444833624118, 9.32823393373576], [78.83435733790003, 9.328233379735742], [78.83435901121885, 9.327962226968289], [78.83426801294956, 9.327961672959287], [78.83426912851343, 9.327780904453641], [78.83417813028905, 9.327780350426673]]]}, "id": "+6219+6827", "properties": {"count": 86, "water": 1}}, {"type": "Feature", "geometry": {"geodesic": false, "type": "Polygon", "coordinates": [[[78.83461763601848, 9.374423009326742], [78.83461819654026, 9.374332625298496], [78.8347092068829, 9.374333181948545], [78.83470976737775, 9.374242797911318], [78.83498279837873, 9.374244467708753], [78.83498223794678, 9.374334851763946], [78.83561931063274, 9.374338747182412], [78.83561819009222, 9.374519515373647], [78.83552717965075, 9.374518958939193], [78.83552661934456, 9.37460934303032], [78.83479853578595, 9.374604890710277], [78.83479797529111, 9.374695274756489], [78.83470696484966, 9.374694718106438], [78.83470864638807, 9.374423565985774], [78.83461763601848, 9.374423009326742]]]}, "id": "+6224+6307", "properties": {"count": 34, "water": 1}}, {"type": "Feature", "geometry": {"geodesic": false, "type": "Polygon", "coordinates": [[[78.83466077981986, 9.367463437220552], [78.8346641402736, 9.366921132772609], [78.83475514869384, 9.366921688982483], [78.83475570872156, 9.36683130490034], [78.83511974234865, 9.36683352946136], [78.83511862246391, 9.367014297670563], [78.83520963093805, 9.367014853754673], [78.83520683124864, 9.367466774291152], [78.83484279694781, 9.36746454966725], [78.8348433569845, 9.367374165585108], [78.83475234844748, 9.367373609375234], [78.83475178838383, 9.367463993457376], [78.83466077981986, 9.367463437220552]]]}, "id": "+6225+6389", "properties": {"count": 38, "water": 1}}, {"type": "Feature", "geometry": {"geodesic": false, "type": "Polygon", "coordinates": [[[78.83483802180919, 9.397563538030594], [78.83483858368743, 9.397473154101164], [78.83492960007574, 9.397473712062753], [78.83493016192703, 9.397383328124342], [78.83502117829737, 9.397383886049997], [78.83502174012172, 9.397293502111586], [78.83529478920578, 9.397295175735842], [78.83529535094928, 9.397204791779462], [78.83538636730165, 9.397205349597321], [78.83538580557612, 9.397295733562682], [78.83556783834375, 9.397296849153484], [78.83556727667212, 9.39738723312783], [78.83565829308738, 9.39738779089179], [78.83565773142472, 9.397478174866135], [78.83574874787591, 9.397478732612129], [78.83574706294186, 9.397749884562115], [78.83556502991372, 9.397748769016228], [78.83556446820616, 9.397839152990574], [78.83547345168311, 9.397838595172715], [78.83547288994859, 9.397928979138078], [78.83538187340757, 9.397928421302252], [78.83538243516006, 9.39783803733689], [78.83501836913072, 9.397835805751045], [78.83501893098202, 9.397745421812632], [78.83492791451287, 9.39774486386901], [78.83492903822444, 9.397564095992184], [78.83483802180919, 9.397563538030594]]]}, "id": "+6230+6053", "properties": {"count": 50, "water": 1}}, {"type": "Feature", "geometry": {"geodesic": false, "type": "Polygon", "coordinates": [[[78.83478844604343, 9.37623180343427], [78.8347890066281, 9.376141419397042], [78.83506203912027, 9.376143089463971], [78.83506259963309, 9.37605270541776], [78.83569967548112, 9.37605660139318], [78.83569575292455, 9.376689290022082], [78.83560474190817, 9.376688733479831], [78.83560418149418, 9.376779117561975], [78.83542215942549, 9.37677800441459], [78.83542159896658, 9.376868388478767], [78.83496654378587, 9.376865605156658], [78.83496822551292, 9.376594453027009], [78.83487721456841, 9.376593896314077], [78.83487945688913, 9.3762323601472], [78.83478844604343, 9.37623180343427]]]}, "id": "+6232+6287", "properties": {"count": 73, "water": 1}}, {"type": "Feature", "geometry": {"geodesic": false, "type": "Polygon", "coordinates": [[[78.83603525409124, 9.277355229048565], [78.83603636259434, 9.277174459824266], [78.83612734785602, 9.277175010401704], [78.83612790207164, 9.27708462578057], [78.83630987255007, 9.277085726854597], [78.83631042672077, 9.276995342224483], [78.83649239717228, 9.276996443190711], [78.83649128892071, 9.27717721246891], [78.83658227420933, 9.277177762929567], [78.83658172009254, 9.277268147577647], [78.83667270540812, 9.277268698020338], [78.83667215131827, 9.27735908266842], [78.83658116598473, 9.277358532216747], [78.83658061185893, 9.277448916864827], [78.83639864116489, 9.277447815880633], [78.83639808698521, 9.277538200519732], [78.83630710162473, 9.27753764998721], [78.83630654742707, 9.277628034617326], [78.83612457667014, 9.277626933480416], [78.83612623939784, 9.277355779634986], [78.83603525409124, 9.277355229048565]]]}, "id": "+6234+7383", "properties": {"count": 29, "water": 1}}, {"type": "Feature", "geometry": {"geodesic": false, "type": "Polygon", "coordinates": [[[78.8357886098351, 9.391061468439347], [78.83578973229803, 9.390880700400825], [78.83606277649525, 9.390882372300316], [78.83606221534465, 9.390972756337543], [78.83624424488733, 9.3909738708324], [78.83624368377265, 9.39106425487861], [78.83633469857992, 9.3910648120946], [78.8363341374832, 9.391155196149793], [78.83651616715164, 9.391156310527869], [78.83651560609985, 9.391246694592047], [78.83669763584015, 9.39124780888029], [78.8366970748243, 9.39133819295345], [78.83697011955154, 9.391339864233105], [78.83696899765457, 9.391520632415357], [78.83660493783259, 9.391518403946666], [78.83660549888438, 9.391428019882488], [78.83633245415714, 9.391426348306391], [78.83633301527182, 9.391335964251198], [78.83624200039269, 9.391335407017243], [78.83624256152532, 9.391245022971033], [78.83606053183892, 9.391243908449226], [78.83606109301648, 9.391153524412], [78.83587906339295, 9.39115240980036], [78.83587962460645, 9.391062025772117], [78.8357886098351, 9.391061468439347]]]}, "id": "+6237+6123", "properties": {"count": 34, "water": 1}}, {"type": "Feature", "geometry": {"geodesic": false, "type": "MultiPolygon", "coordinates": [[[[78.83644140687436, 9.359158655439645], [78.83644252511519, 9.35897788699688], [78.83680655097186, 9.358980107982605], [78.83680599195026, 9.359070492226445], [78.8367149854524, 9.3590699370137], [78.83671442640384, 9.359160321248558], [78.83644140687436, 9.359158655439645]]], [[[78.83644140687436, 9.359158655439645], [78.83644084774495, 9.359249039665517], [78.83653185426975, 9.35924959495911], [78.83653129515832, 9.359339979184984], [78.83634928206381, 9.359338868561865], [78.83634872289846, 9.359429252778757], [78.83607570322525, 9.359427586637466], [78.83607514398805, 9.359517970836391], [78.8358931308576, 9.35951685995276], [78.83589424942181, 9.359336091581861], [78.83616726899623, 9.359337757839933], [78.83616782819749, 9.359247373632025], [78.83589480870393, 9.35924570739192], [78.83589536796808, 9.35915532320198], [78.83616838739876, 9.359156989433101], [78.83616894659104, 9.359066605225195], [78.83625995305296, 9.359067160581668], [78.83625939388763, 9.359157544789577], [78.83644140687436, 9.359158655439645]], [[78.83634928206381, 9.359338868561865], [78.83625827553001, 9.359338313214375], [78.83625883470432, 9.359247928997483], [78.83634984122016, 9.359248484344976], [78.83634928206381, 9.359338868561865]]]]}, "id": "+6243+6476", "properties": {"count": 24, "water": 1}}, {"type": "Feature", "geometry": {"geodesic": false, "type": "MultiPolygon", "coordinates": [[[[78.83595001167832, 9.36503085021292], [78.83594945206384, 9.365121234375911], [78.83585844403885, 9.365120678588246], [78.83585900368028, 9.365030294425253], [78.83595001167832, 9.36503085021292]]], [[[78.83640673019758, 9.364762476222102], [78.83631572224446, 9.364761920569183], [78.83631628173319, 9.364671536388226], [78.83640728966834, 9.36467209203216], [78.83640673019758, 9.364762476222102]]], [[[78.83649773815071, 9.364763031857056], [78.8364982976035, 9.36467264765813], [78.83686232940703, 9.364674869919464], [78.83686177004407, 9.364765254145338], [78.83677076206399, 9.3647646986092], [78.83677020268306, 9.364855082817106], [78.83667919468502, 9.36485452725402], [78.8366797540929, 9.364764143046111], [78.83649773815071, 9.364763031857056]]], [[[78.83640617071785, 9.364852860412043], [78.83640561122913, 9.364943244601983], [78.83649661923614, 9.36494380024592], [78.83649605977436, 9.365034184444845], [78.8363140437154, 9.365033073130023], [78.83631292467507, 9.365213841491938], [78.83613090854425, 9.365212730060337], [78.8361314681228, 9.365122345888363], [78.83604046008882, 9.365121790145611], [78.83604101967637, 9.365031405973637], [78.83595001167832, 9.36503085021292], [78.83595169048586, 9.364759697723946], [78.83604269841204, 9.364760253475678], [78.83604213884246, 9.364850637638671], [78.83613314680457, 9.364851193372438], [78.83613258724398, 9.364941577544412], [78.83622359523304, 9.36494213325123], [78.83622415476668, 9.364851749079255], [78.83640617071785, 9.364852860412043]]], [[[78.83640673019758, 9.364762476222102], [78.83649773815071, 9.364763031857056], [78.83649717869793, 9.364853416055979], [78.83640617071785, 9.364852860412043], [78.83640673019758, 9.364762476222102]]]]}, "id": "+6244+6413", "properties": {"count": 24, "water": 1}}, {"type": "Feature", "geometry": {"geodesic": false, "type": "Polygon", "coordinates": [[[78.83931716077619, 9.335584962806848], [78.83931883160669, 9.335313809257862], [78.83950083258294, 9.335314915542117], [78.83950027569036, 9.335405300073418], [78.83959127620543, 9.335405853184104], [78.8395907193308, 9.335496237715406], [78.8396817198818, 9.335496790808126], [78.83968060616849, 9.335677559879711], [78.8397716067644, 9.335678112963448], [78.83976993622137, 9.335949266575316], [78.83986093688915, 9.335949819659055], [78.83985982321177, 9.336130588739621], [78.83976882249007, 9.336130035655884], [78.83976937935572, 9.3360396511156], [78.83967837866099, 9.336039098013897], [78.8396789355446, 9.335948713482596], [78.83949693422699, 9.335947607216307], [78.83949804806608, 9.335766838171672], [78.83940704746117, 9.335766285007086], [78.8394081613272, 9.335585515971434], [78.83931716077619, 9.335584962806848]]]}, "id": "+6271+6738", "properties": {"count": 25, "water": 1}}, {"type": "Feature", "geometry": {"geodesic": false, "type": "Polygon", "coordinates": [[[78.83892706024942, 9.354564036695386], [78.83892761844456, 9.354473652298832], [78.83901862388241, 9.354474206676144], [78.83901918205959, 9.35438382227959], [78.83911018747946, 9.354384376629952], [78.83911074562072, 9.354293992224415], [78.83947476725531, 9.354296209365351], [78.83947309308307, 9.354567362644843], [78.83956409857481, 9.354567916896391], [78.83956298248096, 9.35474868575238], [78.8394719769443, 9.354748131500832], [78.83947141886593, 9.354838515924335], [78.8393804133113, 9.354837961636855], [78.83937985519701, 9.354928346060358], [78.83928884962441, 9.35492779174593], [78.83928829149215, 9.35501817616045], [78.83910628031103, 9.355017067450744], [78.83910683848822, 9.35492668305419], [78.8390158329336, 9.354926128667895], [78.83901806570522, 9.354564591072698], [78.83892706024942, 9.354564036695386]]]}, "id": "+6272+6528", "properties": {"count": 38, "water": 1}}, {"type": "Feature", "geometry": {"geodesic": false, "type": "MultiPolygon", "coordinates": [[[[78.8379024317842, 9.446301142005762], [78.83790186773203, 9.44639152587231], [78.83781083835409, 9.446390965808662], [78.83781140242422, 9.446300581951098], [78.8379024317842, 9.446301142005762]]], [[[78.83900324034096, 9.444952101860773], [78.83900380401583, 9.44486171792236], [78.83909483307039, 9.444862277590747], [78.83909426942246, 9.444952661529161], [78.83900324034096, 9.444952101860773]]], [[[78.83826824111111, 9.446032230346297], [78.83826767717572, 9.446122614230811], [78.8381766478427, 9.446122054274962], [78.83817608387137, 9.446212438159476], [78.83808505452039, 9.446211878176678], [78.83808449052212, 9.446302262052209], [78.8379024317842, 9.446301142005762], [78.83790299582738, 9.446210758139214], [78.8379940251694, 9.446211318175912], [78.83799458918563, 9.446120934300382], [78.83808561850967, 9.446121494301147], [78.83808618248997, 9.446031110425617], [78.83826824111111, 9.446032230346297]]], [[[78.83835983433461, 9.445942406372717], [78.83835927043516, 9.446032790266214], [78.83826824111111, 9.446032230346297], [78.8382688050465, 9.4459418464528], [78.83835983433461, 9.445942406372717]]], [[[78.83863404990802, 9.44576331816581], [78.83863348608942, 9.445853702077274], [78.8385424568013, 9.445853142238205], [78.83854189294678, 9.445943526140685], [78.83835983433461, 9.445942406372717], [78.83836039824305, 9.44585202247922], [78.83845142751319, 9.445852582372188], [78.8384519913857, 9.445762198469707], [78.83863404990802, 9.44576331816581]]], [[[78.83872564297882, 9.445673494057482], [78.83872507917818, 9.445763877977928], [78.83863404990802, 9.44576331816581], [78.83863461372663, 9.445672934254347], [78.83872564297882, 9.445673494057482]]], [[[78.83891164756662, 9.445041926103848], [78.83890826522992, 9.445584229680424], [78.8388172359957, 9.445583669922206], [78.83881667223099, 9.445674053842652], [78.83872564297882, 9.445673494057482], [78.83872789810052, 9.445311958393663], [78.83881892726286, 9.445312518151882], [78.83882061847613, 9.445041366372577], [78.83891164756662, 9.445041926103848]]], [[[78.83900324034096, 9.444952101860773], [78.83900267666608, 9.445042485799185], [78.83891164756662, 9.445041926103848], [78.83891221126845, 9.444951542165434], [78.83900324034096, 9.444952101860773]]]]}, "id": "+6274+5526", "properties": {"count": 25, "water": 1}}, {"type": "Feature", "geometry": {"geodesic": false, "type": "Polygon", "coordinates": [[[78.83833198029056, 9.39189052250115], [78.83833254092015, 9.391800138329176], [78.8386966014428, 9.391802365082086], [78.83869772248639, 9.391621596702203], [78.83860670739165, 9.391621040061137], [78.83860726793141, 9.391530655871197], [78.83869828299919, 9.391531212512263], [78.83869884350301, 9.391440828313337], [78.83888087361163, 9.391441941505638], [78.83888143407053, 9.391351557306713], [78.83897244911137, 9.391352113857948], [78.83897300953433, 9.39126172965004], [78.8390640245572, 9.391262286174324], [78.83906458495322, 9.391171901957435], [78.83933762997691, 9.39117357138656], [78.83933819029208, 9.391083187151702], [78.83970225031169, 9.39108541270087], [78.83970785225969, 9.390181570127721], [78.83961683747937, 9.390181013837], [78.83961851802964, 9.389909861069546], [78.83952750333016, 9.38990930476984], [78.83952918388941, 9.389638152011372], [78.83943816926181, 9.389637595702682], [78.839439849848, 9.38936644296218], [78.83934883530125, 9.389365886644507], [78.83935051590542, 9.389094733912987], [78.83925950143052, 9.389094177586331], [78.83926062185427, 9.388913409116618], [78.83944265071422, 9.38891452171603], [78.8394432108677, 9.38882413747219], [78.8395342252797, 9.38882469372698], [78.83953366514419, 9.388915077988786], [78.83962467959213, 9.388915634234593], [78.83962299923051, 9.38918678701103], [78.83971401375032, 9.389187343247853], [78.8397128935332, 9.389368111780449], [78.83980390809792, 9.389368667999307], [78.83980166769062, 9.38973020507348], [78.83989268236314, 9.38973076130132], [78.83989212226356, 9.38982114557211], [78.83998313696304, 9.389821701773002], [78.8399814567182, 9.390092854603337], [78.84007247149852, 9.390093410804228], [78.84006687054764, 9.390997253601954], [78.8401578855705, 9.390997809829795], [78.84015620524482, 9.391268962669113], [78.84024722033955, 9.391269518896953], [78.84024666023997, 9.391359903176726], [78.84033767537063, 9.3913604593866], [78.84033655520741, 9.391541227964112], [78.84024554003183, 9.391540671754237], [78.84024497992327, 9.39163105603401], [78.83988091920298, 9.391628830916034], [78.83988035898662, 9.39171921517784], [78.83978934380205, 9.391718658833218], [78.83978878355875, 9.391809043095025], [78.83878761659143, 9.391802921714168], [78.83878705607863, 9.391893305904109], [78.83833198029056, 9.39189052250115]]]}, "id": "+6275+6146", "properties": {"count": 215, "water": 1}}, {"type": "Feature", "geometry": {"geodesic": false, "type": "Polygon", "coordinates": [[[78.83820736189803, 9.29409015664053], [78.83820958071883, 9.29372861801227], [78.83830057037326, 9.293729169002933], [78.83830167971179, 9.293548399670838], [78.83839266932132, 9.29354895063455], [78.83839488782769, 9.293187411952392], [78.83903181462726, 9.293191267880918], [78.83903126017807, 9.293281652591881], [78.8392132393612, 9.293282754088116], [78.83921268494795, 9.293373138808063], [78.83930367456647, 9.293373689520248], [78.83930422896174, 9.293283304800301], [78.8394862081808, 9.293284406152805], [78.83948676251319, 9.293194021414893], [78.83957775210476, 9.293194572055212], [78.83957830641918, 9.293104187317299], [78.84012424395956, 9.293107490629211], [78.840125352283, 9.292926721072536], [78.84021634184761, 9.292927271533193], [78.84021689597338, 9.292836886750363], [78.84030788552003, 9.29283743718407], [78.84030843961887, 9.292747052392258], [78.84039942914754, 9.292747602790033], [78.84039998321943, 9.29265721799822], [78.84058196224085, 9.292658318721905], [78.84058251626782, 9.29256793392111], [78.84067350576056, 9.292568484238036], [78.84067295176953, 9.292658869056797], [78.8408549308269, 9.29265996963675], [78.84085437687179, 9.292750354464495], [78.84103635600101, 9.2927514549636], [78.84103469424349, 9.293022609464801], [78.84112568388895, 9.29302315970088], [78.84112346822126, 9.293384699038809], [78.84103247848597, 9.293384148784764], [78.84103192453087, 9.293474533612509], [78.8409409347776, 9.293473983331516], [78.8409398268135, 9.293654752978021], [78.84084883701533, 9.293654202661097], [78.84084828299734, 9.293744587470874], [78.8411212524727, 9.293746238376738], [78.8411201445625, 9.29392700804121], [78.84121113444152, 9.293927558304238], [78.84121002655827, 9.294108327977694], [78.84130101649119, 9.294108878231738], [78.8412999086259, 9.294289647914177], [78.84139089861272, 9.294290198159239], [78.84139034470253, 9.29438058300495], [78.84129935468876, 9.294380032759888], [78.84129824679653, 9.294560802442328], [78.84120725674681, 9.294560252161334], [78.84120670276477, 9.29465063698908], [78.8411157126971, 9.294650086681136], [78.8411151586881, 9.29474047150888], [78.84102416860246, 9.294739921173989], [78.84102361456651, 9.29483030599275], [78.84093262446291, 9.294829755630907], [78.84093151631915, 9.295010525259448], [78.84074953604008, 9.29500942443695], [78.84074898191429, 9.295099809237746], [78.8406579917568, 9.295099258786072], [78.84065743760407, 9.295189643586868], [78.84047545726212, 9.295188542602672], [78.84047490305548, 9.295278927385501], [78.8402019325201, 9.295277275725054], [78.84020137823262, 9.295367660489916], [78.8401103880392, 9.295367109885529], [78.84010983373375, 9.295457494650393], [78.84001884352234, 9.295456944010072], [78.84001828918097, 9.295547328774935], [78.83965432830843, 9.295545125971111], [78.83965488273964, 9.29545474124218], [78.83956389255519, 9.29545419048508], [78.83956333809704, 9.295544575214011], [78.83910838715683, 9.295541821087147], [78.83910894173177, 9.295451436385166], [78.83892696143472, 9.295450334574522], [78.83892751605458, 9.295359949881524], [78.83883652593302, 9.295359398953742], [78.83883818981056, 9.295088244883733], [78.83874719976984, 9.29508769394697], [78.83874775440766, 9.294997309262955], [78.83856577439809, 9.294996207326545], [78.83856632907184, 9.294905822651513], [78.83838434913415, 9.294904720643238], [78.8383854585625, 9.294723951311143], [78.83829446864755, 9.294723400275565], [78.83829835164231, 9.294090707658142], [78.83820736189803, 9.29409015664053]]]}, "id": "+6281+7211", "properties": {"count": 768, "water": 1}}, {"type": "Feature", "geometry": {"geodesic": false, "type": "Polygon", "coordinates": [[[78.84248914539887, 9.278388498210868], [78.84249135601803, 9.278026958244117], [78.8425823418816, 9.278027507222555], [78.84258289450719, 9.27793712222413], [78.84276486619835, 9.27793822011812], [78.84276431362666, 9.27802860512553], [78.8429462853897, 9.278029702929688], [78.84294573286292, 9.278120087955061], [78.84303671877139, 9.278120636825701], [78.84303561373578, 9.27830140687645], [78.84312659970713, 9.278301955738105], [78.8431260472073, 9.278392340772463], [78.84321703319662, 9.278392889616152], [78.84321427071542, 9.278844814787938], [78.84294131240611, 9.278843168104157], [78.84294075981646, 9.278933553120549], [78.84284977370137, 9.278933004178045], [78.842850326309, 9.278842619161653], [78.84275934022087, 9.278842070201183], [78.84276044546309, 9.278661300186368], [78.84266945941987, 9.278660751207932], [78.84267056468903, 9.278479981202098], [78.84257957869971, 9.278479432214679], [78.84258013135225, 9.278389047225238], [78.84248914539887, 9.278388498210868]]]}, "id": "+6303+7373", "properties": {"count": 56, "water": 1}}, {"type": "Feature", "geometry": {"geodesic": false, "type": "Polygon", "coordinates": [[[78.84035241822464, 9.374277264373324], [78.84035521332366, 9.373825342471406], [78.8404462238819, 9.373825897621268], [78.84044790080297, 9.373554744458557], [78.84053891129832, 9.373555299572487], [78.84053947023908, 9.373464915175933], [78.84044845977067, 9.373464360070987], [78.84045460798421, 9.372470131762796], [78.84109167957423, 9.372474016572157], [78.84109112084009, 9.372564401004643], [78.84118213111087, 9.372564955893996], [78.84118268982704, 9.372474571452527], [78.84172875144273, 9.372477900240659], [78.84172819287028, 9.372568284709079], [78.84209223415102, 9.372570503457998], [78.84209279263364, 9.37248011896263], [78.84236582358072, 9.372481782759317], [78.84236526517896, 9.372572167272653], [78.84245627553058, 9.372572721829627], [78.8424501329405, 9.373566951449357], [78.84254114356162, 9.373567506042264], [78.84253835136415, 9.374019428608937], [78.84244734063525, 9.374018873980097], [78.84244398967668, 9.374561181006206], [78.84235297880403, 9.37456062633245], [78.84235242026753, 9.374651010827819], [78.84198837674998, 9.374648791863303], [78.8419889353853, 9.374558407385901], [78.84189792453961, 9.374557852586381], [78.84189848319289, 9.374467468117963], [78.84180747237414, 9.37446691330946], [78.84180635503162, 9.374647682237313], [78.84162433332226, 9.374646572521494], [78.84162489204742, 9.374556188071042], [78.84126084880835, 9.37455396837889], [78.84126140762334, 9.374463583946405], [78.84062433233225, 9.374459698625003], [78.84062489129995, 9.37436931422845], [78.84044286988704, 9.374368203937708], [78.84044342889966, 9.374277819550137], [78.84035241822464, 9.374277264373324]]]}, "id": "+6305+6327", "properties": {"count": 503, "water": 1}}, {"type": "Feature", "geometry": {"geodesic": false, "type": "Polygon", "coordinates": [[[78.8431261295918, 9.352510667304536], [78.84312668659219, 9.35242028264747], [78.84321769174257, 9.352420835830022], [78.84321880567148, 9.352240066506909], [78.84312780055704, 9.352239513333341], [78.84313114233481, 9.351697205381967], [78.84322214730553, 9.351697758519604], [78.84322548874195, 9.351155450514332], [78.84331649356893, 9.351156003598069], [78.84331760729124, 9.350975234248006], [78.84322660250916, 9.350974681182235], [78.84322882997175, 9.350613142500077], [78.84331983466399, 9.350613695547882], [78.84331816413892, 9.350884849572974], [78.843409168912, 9.35088540262078], [78.84340360038132, 9.351789249398042], [78.84331259537467, 9.351788696305322], [78.84331036771447, 9.352150234978497], [78.84340137281094, 9.352150788098168], [78.84340081590038, 9.352241172773198], [78.84330981077696, 9.352240619653529], [78.84330925384843, 9.352331004319577], [78.84349126414021, 9.352332110549934], [78.84348959343548, 9.35260326458401], [78.84339858821323, 9.35260271146434], [78.84339914515074, 9.35251232678931], [78.8431261295918, 9.352510667304536]]]}, "id": "+6314+6569", "properties": {"count": 42, "water": 1}}, {"type": "Feature", "geometry": {"geodesic": false, "type": "Polygon", "coordinates": [[[78.8431676100726, 9.375288693945969], [78.84316928515211, 9.375017540316135], [78.843715351457, 9.375020866930345], [78.84371367680868, 9.375292020658994], [78.84362266567551, 9.375291466263716], [78.84362099090141, 9.375562619974401], [78.84352997969638, 9.375562065534208], [78.84353053798137, 9.375471680975958], [78.84343952681228, 9.375471126517796], [78.84344008511523, 9.375380741959546], [78.84334907397309, 9.375380187492404], [78.843349632294, 9.375289802943136], [78.8431676100726, 9.375288693945969]]]}, "id": "+6320+6299", "properties": {"count": 24, "water": 1}}, {"type": "Feature", "geometry": {"geodesic": false, "type": "Polygon", "coordinates": [[[78.84370299526502, 9.362276083156273], [78.84370355270559, 9.362185698517175], [78.84379456043413, 9.362186252121935], [78.84379511783877, 9.362095867473853], [78.84388612554935, 9.362096421051664], [78.84388668292704, 9.362006036403582], [78.84397769061965, 9.36200658994546], [78.84397936265388, 9.361735435974264], [78.84407037028362, 9.361735989480211], [78.84407148489525, 9.361555220148114], [78.84398047731044, 9.361554666651152], [78.84398214926384, 9.361283512670974], [78.84416416428974, 9.361284619602015], [78.84416304975895, 9.361465388952078], [78.8442540573258, 9.361465942395142], [78.84425238555207, 9.36173709642922], [78.84434339319976, 9.361737649863299], [78.84434116419209, 9.362099188590374], [78.84443217193859, 9.362099742024455], [78.84443105744374, 9.362280511392482], [78.84452206524415, 9.36228106481758], [78.8445203935333, 9.36255221888759], [78.84461140140559, 9.362552772303705], [78.8446097297127, 9.362823926382697], [78.8444277138334, 9.362822819487587], [78.84442715654555, 9.362913204171601], [78.84433614858344, 9.362912650683622], [78.84433559126863, 9.363003035358654], [78.84415357532646, 9.363001928301847], [78.84415301795775, 9.363092312967895], [78.84387999401753, 9.36309065219853], [78.8438805514581, 9.363000267550449], [78.84397155941122, 9.36300082115521], [78.84397211681586, 9.362910436507127], [78.84388110888968, 9.362909882902366], [78.84388389597574, 9.362457959652975], [78.84379288817532, 9.362457406057198], [78.84379400302052, 9.362276636770016], [78.84370299526502, 9.362276083156273]]]}, "id": "+6324+6451", "properties": {"count": 103, "water": 1}}, {"type": "Feature", "geometry": {"geodesic": false, "type": "Polygon", "coordinates": [[[78.84399585272213, 9.299819629417085], [78.84399862055729, 9.29936770453276], [78.84408961201734, 9.299368254391545], [78.84409016554126, 9.299277869402104], [78.84418115698334, 9.299278419224956], [78.8441817104803, 9.299188034235515], [78.84454567621273, 9.299190233275397], [78.84454622961088, 9.29909984826799], [78.844637221035, 9.299100397956096], [78.84463611428363, 9.299281167988877], [78.84472710575267, 9.299281717676983], [78.84472655239045, 9.299372102693374], [78.84481754389542, 9.299372652363513], [78.84481699055117, 9.299463037388888], [78.84490798209208, 9.299463587032077], [78.8449074287658, 9.299553972066434], [78.84499842032467, 9.299554521691658], [78.84499731369905, 9.299735291760372], [78.84508830531182, 9.299735841385596], [78.84508719871316, 9.299916611463294], [78.84499620705547, 9.299916061829087], [78.8449956537202, 9.300006446863446], [78.84490466204456, 9.300005897211271], [78.84490300193994, 9.300277052287395], [78.84508498544396, 9.300278151609707], [78.8450838787824, 9.300458921687405], [78.84526586240321, 9.300460020937852], [78.84526530910388, 9.300550405981193], [78.84553828464287, 9.300552054704148], [78.8455377314154, 9.300642439765456], [78.84562872329766, 9.300642989300847], [78.84562817007918, 9.300733374371138], [78.84571916199738, 9.300733923888563], [78.84571860879686, 9.300824308958854], [78.845809600742, 9.300824858458313], [78.84580849437691, 9.301005628607875], [78.84571750238685, 9.301005079099433], [78.84571639595886, 9.301185849240014], [78.84544341988986, 9.301184200544006], [78.84544397318021, 9.301093815491683], [78.84535298119015, 9.301093265884425], [78.84535353449846, 9.301002880832101], [78.84526254254433, 9.301002331206877], [78.84526309586163, 9.300911946163538], [78.84508111200726, 9.300910846859193], [78.84508166537846, 9.300820461824834], [78.84480868970472, 9.30081881270662], [78.8448092431388, 9.300728427690228], [78.84462725942818, 9.300727328170286], [78.8446283663682, 9.300546558155471], [78.84453737456678, 9.300546008377534], [78.84453792805476, 9.300455623370125], [78.84444693628029, 9.300455073574222], [78.84444748978623, 9.300364688575797], [78.8443564980477, 9.300364138752945], [78.84435760507756, 9.300183368765078], [78.84426661338395, 9.300182818933243], [78.84426716691684, 9.300092433943801], [78.84417617525915, 9.300091884102981], [78.8441772823519, 9.299911114133081], [78.84408629073913, 9.299910564274295], [78.84408684429897, 9.299820179293837], [78.84399585272213, 9.299819629417085]]]}, "id": "+6325+7139", "properties": {"count": 182, "water": 1}}, {"type": "Feature", "geometry": {"geodesic": false, "type": "Polygon", "coordinates": [[[78.8443065564161, 9.397169518154223], [78.844307115806, 9.397079133658854], [78.84448914953484, 9.397080244623334], [78.84448970887983, 9.396989860109999], [78.84476275944611, 9.396991526368069], [78.844762200173, 9.39708191089937], [78.84494423395572, 9.397083021621304], [78.8449436747275, 9.397173406161588], [78.84503469164581, 9.397173961500096], [78.84503413243556, 9.39726434604038], [78.8451251493898, 9.397264901360924], [78.84512459019753, 9.397355285901206], [78.8453066241689, 9.39735639647941], [78.8453055058562, 9.39753716559591], [78.84539652290027, 9.397537720862553], [78.84539428630183, 9.397899259104538], [78.84530326916791, 9.397898703819928], [78.84530382835122, 9.397808319261678], [78.84521281124427, 9.397807763959102], [78.84521337044552, 9.397717379409835], [78.84512235336551, 9.397716824089292], [78.84512347179499, 9.39753605499974], [78.84503245476888, 9.397535499661233], [78.8450330139971, 9.397445115120949], [78.84494199699795, 9.397444559773456], [78.8449425562531, 9.397354175233172], [78.8448515392809, 9.397353619867715], [78.84485209854503, 9.397263235336414], [78.84476108160877, 9.397262679944006], [78.84476164089088, 9.397172295421688], [78.8443065564161, 9.397169518154223]]]}, "id": "+6333+6056", "properties": {"count": 32, "water": 1}}, {"type": "Feature", "geometry": {"geodesic": false, "type": "Polygon", "coordinates": [[[78.84449196672342, 9.36716183732317], [78.8444941968001, 9.36680029866796], [78.8446762147635, 9.366801405994261], [78.84467677222203, 9.36671102131923], [78.84513181709907, 9.366713789190317], [78.84513070241556, 9.366894558594279], [78.84522171145565, 9.366895112109207], [78.84522003944836, 9.367166266233117], [78.84485600303648, 9.367164051966789], [78.84485544559593, 9.367254436650803], [78.84458241827804, 9.36725277568381], [78.84458297579046, 9.36716239101776], [78.84449196672342, 9.36716183732317]]]}, "id": "+6335+6391", "properties": {"count": 39, "water": 1}}, {"type": "Feature", "geometry": {"geodesic": false, "type": "MultiPolygon", "coordinates": [[[[78.83927801838551, 9.444682628933919], [78.83927745479149, 9.444773012890296], [78.8391864257549, 9.444772453284791], [78.8391869893669, 9.444682069328412], [78.83927801838551, 9.444682628933919]]], [[[78.84019168889617, 9.444145919642722], [78.84019225221172, 9.444055535632444], [78.84028328112254, 9.444056094941505], [78.84028384441113, 9.443965710922244], [78.84037487331298, 9.443966270204358], [78.84037543656564, 9.443875886176112], [78.84046646544053, 9.443876445431277], [78.84046702867523, 9.443786061394048], [78.84055805753215, 9.443786620622262], [78.84055862073092, 9.443696236585035], [78.84064964956987, 9.443696795777317], [78.84065021274169, 9.443606411731105], [78.84083227039265, 9.443607530043803], [78.84083283351058, 9.44351714598861], [78.84110591996456, 9.443518823251043], [78.84110648300162, 9.443428439177882], [78.84128854062564, 9.443429557230068], [78.84128910360882, 9.443339173147924], [78.84147116119689, 9.443340291092314], [78.84147172413515, 9.443249907001187], [78.84156275291122, 9.443250465932957], [78.84156331581354, 9.443160081832847], [78.84174537334772, 9.443161199606555], [78.84174593619615, 9.443070815497462], [78.84183696494527, 9.443071374348383], [78.84183752776674, 9.442980990230307], [78.8419285564979, 9.442981549054279], [78.84192911929243, 9.442891164927222], [78.8421111767278, 9.442892282494316], [78.84211173946842, 9.442801898358274], [78.84229379687683, 9.44280301580859], [78.84229435956357, 9.442712631663564], [78.84247641694503, 9.442713749015063], [78.84247697957785, 9.442623364861054], [78.84256800825511, 9.442623923496381], [78.84256857086099, 9.44253353933339], [78.84275062817959, 9.442534656514209], [78.84275119073156, 9.442444272342234], [78.84284221937288, 9.442444830896711], [78.84284278189791, 9.442354446715754], [78.84302483916261, 9.44235556374386], [78.84302540162476, 9.442265179544936], [78.84338951612717, 9.44226741329572], [78.84339007849051, 9.442177029078831], [78.84375419298395, 9.442179262425375], [78.84375475524847, 9.442088878190518], [78.84402784110956, 9.442090552937668], [78.84402840330222, 9.442000168684846], [78.84502971828493, 9.442006307546919], [78.8450291563528, 9.442096691862623], [78.84512018504802, 9.442097249806245], [78.84511962313384, 9.442187634121952], [78.84521065185602, 9.442188192047608], [78.8452100899598, 9.442278576363313], [78.84530111871791, 9.442279134271004], [78.84530055683966, 9.442369518604675], [78.84539158561574, 9.442370076494399], [78.84539102376445, 9.442460460819087], [78.84548205256746, 9.442461018690844], [78.84548092888285, 9.44264178736717], [78.84557195774875, 9.442642345229945], [78.84557083409108, 9.442823113906272], [78.8456618630019, 9.44282367175108], [78.84566073937117, 9.443004440445373], [78.84575176833589, 9.443004998281198], [78.84574839744373, 9.443547304373059], [78.84565736833527, 9.443546746510284], [78.84565568273648, 9.443817899538248], [78.84574671191679, 9.443818457418988], [78.84574558820522, 9.443999226104298], [78.84583661743943, 9.443999783976055], [78.8458360556061, 9.444090168327694], [78.84592708486727, 9.444090726181484], [78.84592652304292, 9.444181110533123], [78.84601755234002, 9.444181668368948], [78.84601699053364, 9.444272052729568], [78.84610801985768, 9.444272610538444], [78.84610745806927, 9.44436299490805], [78.84619848742027, 9.444363552698958], [78.8461979256588, 9.444453937077546], [78.84628895503675, 9.444454494850488], [78.84628783153178, 9.444635263598679], [78.84637886096363, 9.444635821371623], [78.84637829922912, 9.444726205750209], [78.8464693286969, 9.444726763496204], [78.84646820524583, 9.444907532262361], [78.84655923476751, 9.444908089999371], [78.8465569879103, 9.445269627549653], [78.84664801752182, 9.445270185286663], [78.84664689410668, 9.445450954070788], [78.84673792378106, 9.445451511789832], [78.84673680038391, 9.445632280582938], [78.84664577066461, 9.44563172285491], [78.84664464720456, 9.445812491630052], [78.84655361744932, 9.445811933866093], [78.84655249391741, 9.44599270263225], [78.84646146411725, 9.445992144832358], [78.84645921689174, 9.446353682346707], [78.84655024678173, 9.446354240164565], [78.84654968498434, 9.446444624543153], [78.84673174484516, 9.446445740133955], [78.84673118309267, 9.446536124521526], [78.84682221304554, 9.446536682285485], [78.84682165131103, 9.446627066682039], [78.84691268129983, 9.44662762441905], [78.84691211958328, 9.446718008824586], [78.84700314959902, 9.446718566552613], [78.84700202619288, 9.446899335363687], [78.84691099613221, 9.446898777626677], [78.84690706386486, 9.447531468411533], [78.84699809409621, 9.44753202619346], [78.84699753234372, 9.447622410590014], [78.84708856260201, 9.44762296834499], [78.84708687738949, 9.447894121570585], [78.84717790772864, 9.447894679316578], [78.84717678426858, 9.448075448136635], [78.84726781466163, 9.448076005873645], [78.84726725294509, 9.448166390288165], [78.84744931379404, 9.448167505699303], [78.84744875212242, 9.448257890131789], [78.84790390445593, 9.448260678277853], [78.84790221976442, 9.44853183162921], [78.84762912813615, 9.448530158768522], [78.84762856648248, 9.448620543201008], [78.84753753592774, 9.448619985526879], [78.84753697425612, 9.448710369950382], [78.84762800482882, 9.448710927633494], [78.84762744317516, 9.44880131206598], [78.84744538197585, 9.448800196672808], [78.8474431350917, 9.449161734357837], [78.84753416579017, 9.449162292085864], [78.84753360407362, 9.449252676509367], [78.84771566552445, 9.449253791911522], [78.84771454218118, 9.449434560785479], [78.84780557296948, 9.449435118459606], [78.84780164125908, 9.450067809531925], [78.84771061030908, 9.450067251821864], [78.847709486867, 9.450248020677854], [78.84780051786191, 9.450248578405882], [78.84779995615436, 9.45033896284735], [78.84770892514148, 9.45033840511034], [78.84770723991099, 9.450609558398815], [78.8477982710047, 9.450610116144809], [78.84779714753569, 9.450790885018764], [78.84770611640603, 9.450790327254804], [78.8477066781585, 9.450699942831301], [78.84761564705579, 9.450699385049376], [78.84761452348795, 9.450880153896382], [78.84788761696676, 9.45088182718826], [78.84788705524123, 9.45097221162973], [78.84797808643377, 9.450972769348775], [78.84797527786002, 9.45142469155612], [78.84806630917832, 9.451425249284148], [78.84806462403768, 9.45169640261754], [78.84815565543683, 9.451696960336584], [78.84815397031413, 9.451968113678959], [78.84824500178514, 9.451968671398001], [78.84824444009556, 9.452059055848455], [78.84815340859758, 9.45205849812941], [78.84815228514653, 9.452239267030315], [78.84806125360365, 9.452238709275338], [78.84806069185116, 9.452329093716807], [78.8479696602903, 9.452328535934882], [78.84796909850189, 9.452418920367368], [78.84787806693207, 9.452418362558491], [78.84787750510772, 9.452508746990977], [78.84778647351992, 9.452508189155154], [78.84778478796603, 9.452779342425663], [78.8478758196257, 9.452779900279454], [78.84787469594107, 9.452960669135443], [78.84796572765464, 9.452961226971269], [78.8479651658303, 9.453051611403755], [78.84787413408978, 9.453051053558946], [78.8478735722295, 9.453141437982449], [78.84750944523152, 9.453139206342705], [78.84751225493714, 9.45268728431502], [78.84742122331342, 9.452686726371399], [78.84742178526352, 9.452596341965862], [78.84733075367572, 9.452595784004272], [78.8473318776029, 9.452415015211164], [78.8474229091368, 9.452415573163771], [78.84742347106894, 9.452325188758234], [78.84751450259385, 9.45232574668389], [78.84751731203897, 9.451873824638241], [78.84742628063982, 9.451873266739534], [78.84742796631048, 9.451602113522924], [78.84733693498319, 9.451601555624217], [78.8473346873175, 9.451963093219414], [78.84724365590039, 9.45196253527579], [78.84724197001412, 9.452233688456468], [78.84705990705412, 9.452232572461424], [78.84705934503215, 9.452322956840012], [78.8471503765391, 9.4523235148555], [78.84714981453509, 9.452413899243071], [78.84696775149423, 9.452412783176161], [78.84696718943633, 9.452503167554749], [78.84687615790243, 9.452502609476378], [78.84687559581758, 9.452592993845983], [78.8467845642657, 9.452592435749645], [78.84678287790334, 9.452863588831509], [78.84687390952708, 9.452864146954795], [78.84687334742425, 9.4529545313244], [78.84678231577357, 9.45295397319213], [78.84678119149605, 9.453134741922355], [78.84641706476756, 9.45313250914175], [78.84641987589254, 9.452680587446443], [78.84632884434066, 9.45268002921536], [78.8463322176493, 9.452137723195364], [78.84642324905744, 9.452138281390514], [78.84642381123213, 9.452047897038877], [78.84633277985094, 9.45204733885271], [78.84633559075132, 9.451595417157403], [78.84642662201574, 9.451595975316621], [78.84642943266459, 9.451144053567415], [78.84633840151697, 9.451143495435145], [78.84634177425069, 9.450601189361251], [78.84643280525458, 9.450601747466571], [78.84643449147322, 9.450330594402676], [78.84634346054119, 9.450330036324305], [78.84634514678677, 9.45005888326939], [78.84625411592661, 9.450058325182038], [78.84625467802046, 9.449967940839382], [78.84607261637198, 9.449966824592812], [78.84607317850175, 9.449876440259139], [78.84598214771346, 9.449875882108904], [78.84598158555674, 9.449966266433591], [78.84570849313795, 9.449964591821189], [78.84570905536653, 9.449874207514467], [78.84580008614584, 9.449874765736569], [78.84580064834748, 9.44978438141188], [78.84589167909985, 9.449784939607031], [78.84589448990143, 9.449333017974606], [78.84580345925686, 9.449332459815388], [78.84580795642978, 9.448609385226863], [78.84571692598284, 9.448608827076628], [78.84571805026934, 9.448428058436235], [78.84562701987629, 9.448427500277017], [78.84562758203302, 9.44833711596131], [78.8455365516759, 9.448336557784126], [78.8455371138506, 9.448246173477404], [78.84544608352044, 9.448245615282252], [78.84544777008043, 9.447974462362087], [78.84535673983112, 9.447973904157951], [78.84535842640908, 9.447702751255752], [78.84526739623163, 9.447702193042634], [78.84526908283655, 9.447431040149418], [78.84517805273995, 9.447430481927318], [78.8451791771612, 9.447249713340822], [78.84508814710952, 9.44724915510974], [78.84509039597894, 9.446887617945732], [78.8451814259408, 9.44688817615885], [78.84518198811548, 9.446797791861112], [78.84527301805038, 9.446798350038296], [78.84527414234586, 9.446617581433836], [78.84518311246487, 9.446617023265635], [78.84518367462158, 9.446526638967894], [78.84509264476753, 9.446526080781727], [78.84509433129159, 9.446254927897494], [78.84518536108277, 9.446255486065695], [78.84518592322152, 9.446165101767956], [78.84527695299472, 9.446165659909209], [78.84527751510653, 9.446075275602487], [78.84564163414544, 9.446077507906985], [78.84564219615844, 9.445987123573312], [78.84573322590468, 9.445987681588802], [78.84573266391864, 9.446078065922473], [78.84582369370084, 9.446078623911012], [78.84582425565992, 9.44598823957734], [78.84591528542414, 9.445988797538929], [78.84591640928844, 9.445808028844636], [78.84600743900774, 9.445808586779277], [78.84600800090395, 9.445718202427638], [78.84609903060529, 9.445718760326345], [78.84610071620408, 9.445447607253467], [78.8460096865746, 9.445447049363741], [78.84600912468738, 9.445537433724363], [78.84582706540148, 9.44553631787305], [78.84582762732465, 9.445445933530396], [78.84564556810163, 9.44544481758925], [78.84564613007869, 9.445354433255579], [78.84555510049414, 9.445353875258057], [78.84555397650408, 9.445534643916417], [78.84537191726311, 9.445533527831541], [78.84537135521418, 9.445623912147246], [78.84528032557573, 9.445623354059894], [78.84528144972747, 9.445442585437466], [78.84509939057632, 9.445441469217844], [78.84509995268813, 9.445351084920105], [78.84491789359987, 9.445349968619633], [78.84492014219082, 9.44498843146461], [78.84482911274999, 9.444987873296409], [78.84483079920219, 9.444716720439125], [78.84473976984222, 9.444716162270923], [78.84474201846012, 9.444354625133867], [78.8449240770094, 9.444355741416372], [78.84492463910323, 9.444265357118633], [78.84510669761657, 9.444266473284356], [78.84510725965652, 9.444176088977633], [78.84519828889971, 9.444176647029055], [78.84519997492072, 9.443905494090922], [78.84529100409205, 9.443906052088444], [78.8452921280282, 9.443725283457034], [78.84520109890178, 9.443724725459512], [78.84520166088782, 9.443634341143806], [78.84511063178836, 9.443633783137301], [78.84511175577842, 9.443453014514875], [78.8452938138965, 9.443454130491952], [78.84529325194639, 9.44354451481664], [78.84538428103687, 9.443545072769247], [78.84538540487421, 9.44336430411987], [78.84529437583763, 9.443363746167263], [78.84529493777875, 9.443273361851558], [78.84520390876013, 9.443272803880985], [78.84520447071922, 9.44318241956528], [78.8452954997109, 9.44318297752687], [78.84529662355722, 9.443002208877493], [78.84520559461046, 9.443001650933871], [78.84520671848372, 9.442820882293477], [78.84511568959985, 9.442820324331887], [78.84511681349109, 9.442639555700477], [78.84502578466112, 9.442638997720922], [78.84502634662022, 9.4425486134142], [78.84484428901416, 9.44254749740119], [78.84484485101818, 9.442457113103451], [78.84475382225108, 9.442456555069995], [78.84475438427306, 9.442366170772257], [78.84457232680177, 9.442365054642465], [78.84457288885967, 9.442274670362693], [78.84384465936974, 9.442270204945213], [78.84384409712318, 9.44236058918007], [78.84375306843694, 9.442360030895088], [78.84375250615446, 9.442450415129946], [78.84366147745024, 9.442449856809029], [78.84366203975968, 9.442359472583156], [78.84357101108242, 9.442358914244274], [78.84357044875502, 9.442449298470148], [78.84329736269629, 9.442447623309773], [78.84329680028804, 9.44253800751768], [78.8431147428976, 9.442536890606354], [78.84311418043545, 9.442627274805279], [78.84302315172226, 9.442626716313683], [78.84302258923316, 9.442717100503625], [78.84274950306664, 9.442715424867142], [78.84274894049669, 9.442805809039116], [78.84256688303438, 9.44280469181338], [78.84256632041053, 9.442895075976372], [78.8424752916614, 9.442894517332064], [78.8424747290106, 9.442984901486073], [78.84238370024352, 9.44298434280583], [78.84238313756578, 9.443074726950856], [78.84229210878073, 9.443074168243665], [78.84229154607603, 9.44316455238869], [78.84210948847897, 9.44316343489346], [78.84210892572037, 9.44325381902052], [78.84183583929334, 9.443252142584535], [78.84183527645389, 9.443342526693629], [78.84165321881191, 9.443341408937886], [78.84165265592756, 9.44343179304698], [78.84147059825864, 9.44343067518344], [78.84147003532038, 9.443521059274566], [78.84119694879453, 9.44351938229061], [78.84119638577542, 9.443609766372754], [78.8409232992316, 9.443608089155235], [78.84092273613166, 9.443698473219413], [78.84074067841782, 9.443697354942648], [78.84074011527295, 9.443787738997843], [78.84064908639806, 9.443787179814544], [78.84064852321725, 9.443877563860754], [78.84055749433338, 9.44387700465949], [78.84055693111665, 9.443967388687735], [78.84046590221482, 9.443966829459521], [78.84046533897113, 9.444057213487765], [78.84037431005133, 9.444056654223619], [78.8403737467807, 9.444147038251863], [78.84019168889617, 9.444145919642722]], [[78.84545676423764, 9.446528313382668], [78.84545732632249, 9.446437929066963], [78.84563938603958, 9.44643904521472], [78.84563882400862, 9.446529429539408], [78.84545676423764, 9.446528313382668]], [[78.8462704143303, 9.447437178975559], [78.84627322391916, 9.446985257172454], [78.84654631409217, 9.446986930823659], [78.84654575224985, 9.447077315202247], [78.84663678234645, 9.447077873038072], [78.84663509687341, 9.4473490261918], [78.84672612704188, 9.447349584018642], [78.84672500341115, 9.447530352793782], [78.84681603363352, 9.447530910620625], [78.84681378640799, 9.44789244817989], [78.84690481672918, 9.447893005997749], [78.84690313131902, 9.448164159178425], [78.84672107054192, 9.448163043479827], [78.84672163239321, 9.44807265910124], [78.84663060203611, 9.448072101220498], [78.84663172578361, 9.447891332463323], [78.8465406954804, 9.4478907745736], [78.84654125736763, 9.447800390203996], [78.84645022709137, 9.447799832296305], [78.846451912789, 9.447528679187492], [78.84636088258459, 9.44752812127082], [78.84636144449877, 9.447437736910198], [78.8462704143303, 9.447437178975559]], [[78.84627996636826, 9.445900644800087], [78.84628109002593, 9.445719876060878], [78.84637211974523, 9.44572043388772], [78.84637099613246, 9.44590120263591], [78.84627996636826, 9.445900644800087]], [[78.8468008631006, 9.449971288995194], [78.84680198698284, 9.44979052023802], [78.84689301780708, 9.449791078172659], [78.84689414161747, 9.449610309406502], [78.84698517239678, 9.449610867305209], [78.84698573427502, 9.449520482917638], [78.8470767650274, 9.449521040789396], [78.84707732687869, 9.449430656392844], [78.84735041911782, 9.44943232984642], [78.84734985734737, 9.449522714260938], [78.84744088812668, 9.449523272033883], [78.847437517504, 9.450065578529985], [78.84716442474385, 9.450063905040475], [78.8471633010233, 9.450244673833582], [78.84707227006432, 9.450244115943859], [78.84707170816812, 9.45033450033143], [78.84698067720015, 9.450333942414755], [78.84698123911433, 9.450243558027186], [78.8468902081733, 9.450243000092545], [78.84689189396974, 9.4499718469478], [78.8468008631006, 9.449971288995194]], [[78.84751955949805, 9.451512286989145], [78.84752068319166, 9.451331518160105], [78.84761171446505, 9.45133207599593], [78.8476111526407, 9.451422460419433], [78.84770218394104, 9.451423018237291], [78.84769993668857, 9.451784555931305], [78.8476089052984, 9.451783998086496], [78.84761059081636, 9.451512844833953], [78.84751955949805, 9.451512286989145]], [[78.84769768935526, 9.452146093616333], [78.84769937486423, 9.451874940354807], [78.84779040629033, 9.451875498172665], [78.84778984448396, 9.451965882605151], [78.84788087592803, 9.451966440405045], [78.84788031413962, 9.45205682483753], [78.84778928266859, 9.452056267028654], [78.84778872085323, 9.452146651452157], [78.84769768935526, 9.452146093616333]], [[78.84699191452248, 9.448526254582498], [78.84699247632886, 9.448435870185945], [78.84708350680275, 9.448436427994821], [78.84708294502332, 9.448526812391375], [78.84699191452248, 9.448526254582498]], [[78.84699191452248, 9.448526254582498], [78.84699079089175, 9.448707023375606], [78.8468087298182, 9.44870590765904], [78.8468092916785, 9.448615523271469], [78.84671826117766, 9.448614965390728], [78.84671882306488, 9.448524581012142], [78.84699191452248, 9.448526254582498]]], [[[78.8393696109712, 9.444592804556097], [78.83936904741311, 9.444683188521457], [78.83927801838551, 9.444682628933919], [78.83927858197055, 9.444592244986522], [78.8393696109712, 9.444592804556097]]], [[[78.83946120351199, 9.444502980151324], [78.83946063998084, 9.444593364116686], [78.8393696109712, 9.444592804556097], [78.8393701745293, 9.444502420599717], [78.83946120351199, 9.444502980151324]]], [[[78.83964382497257, 9.444413715199344], [78.83964326149533, 9.44450409917369], [78.83946120351199, 9.444502980151324], [78.83946176704312, 9.444412596176978], [78.83964382497257, 9.444413715199344]]], [[[78.83982644636129, 9.444324450130585], [78.83982588292895, 9.444414834113914], [78.83964382497257, 9.444413715199344], [78.83964438844981, 9.444323331216017], [78.83982644636129, 9.444324450130585]]], [[[78.84000906766916, 9.444235184945043], [78.84000850429072, 9.444325568946338], [78.83982644636129, 9.444324450130585], [78.83982700978463, 9.444234066138273], [78.84000906766916, 9.444235184945043]]], [[[78.84019168889617, 9.444145919642722], [78.84019112557164, 9.444236303653], [78.84000906766916, 9.444235184945043], [78.8400096310386, 9.444144800943748], [78.84019168889617, 9.444145919642722]]]]}, "id": "+6339+5558", "properties": {"count": 1809, "water": 1}}, {"type": "Feature", "geometry": {"geodesic": false, "type": "Polygon", "coordinates": [[[78.84639867219332, 9.293778114878998], [78.84639977737264, 9.293597344576723], [78.8464907674942, 9.293597893483293], [78.84649132004793, 9.293507508323172], [78.84658231015153, 9.29350805719381], [78.84658286267832, 9.293417672033689], [78.8467648428406, 9.2934187697031], [78.84676539532246, 9.293328384533996], [78.84685638539014, 9.293328933323787], [78.84685693783607, 9.293238548145698], [78.84694792788578, 9.29323909690854], [78.8469440607822, 9.293871793182104], [78.84648910977911, 9.293869048945691], [78.8464896623508, 9.29377866378557], [78.84639867219332, 9.293778114878998]]]}, "id": "+6350+7204", "properties": {"count": 29, "water": 1}}, {"type": "Feature", "geometry": {"geodesic": false, "type": "Polygon", "coordinates": [[[78.84678313889088, 9.275521948330644], [78.84678534442558, 9.275160407276934], [78.84696731519149, 9.275161502700557], [78.84696786651453, 9.275071117423654], [78.84724082264093, 9.275072760370444], [78.84724027138975, 9.275163145665312], [78.84733125680415, 9.275163693269327], [78.84733070556196, 9.275254078573179], [78.8472397201296, 9.275253530960182], [78.8472386176003, 9.275434301540937], [78.84705664665474, 9.275433206216126], [78.8470560953317, 9.275523591502013], [78.84678313889088, 9.275521948330644]]]}, "id": "+6352+7405", "properties": {"count": 22, "water": 1}}, {"type": "Feature", "geometry": {"geodesic": false, "type": "Polygon", "coordinates": [[[78.84672317906755, 9.374316070237143], [78.84672540856931, 9.373954531195658], [78.84699844151065, 9.373956191686545], [78.84699788421382, 9.37404657646039], [78.84727091727194, 9.374048236753648], [78.84727036004698, 9.37413862154546], [78.84745238216058, 9.374139728305824], [78.84745071056652, 9.374410882717193], [78.84754172170867, 9.374411436070424], [78.84754060733059, 9.374592205689982], [78.84763161851764, 9.37459275903423], [78.84762994698646, 9.374863913472549], [78.84772095825437, 9.374864466807814], [78.8477204010833, 9.374954851626576], [78.84762938979742, 9.374954298282328], [78.8476288325994, 9.375044683092106], [78.84753782129556, 9.375044129711926], [78.8475372640706, 9.375134514521704], [78.84735524142698, 9.375133407689477], [78.8473546841481, 9.375223792481288], [78.84717266147754, 9.375222685550245], [78.84717210415376, 9.375313070333075], [78.84689907011646, 9.375311409743373], [78.84689962752111, 9.37522102497851], [78.84680861620828, 9.375220471409683], [78.84681419013783, 9.374316623779022], [78.84672317906755, 9.374316070237143]]]}, "id": "+6356+6311", "properties": {"count": 111, "water": 1}}, {"type": "Feature", "geometry": {"geodesic": false, "type": "Polygon", "coordinates": [[[78.84768472583028, 9.27688320445857], [78.84768748198734, 9.276431277903379], [78.84777846775208, 9.276431825471459], [78.84777901894935, 9.276341440149642], [78.84805197619865, 9.276343082701173], [78.84805087394783, 9.276523853371758], [78.84814185975748, 9.27652440085899], [78.8481402064082, 9.276795556869361], [78.84777626292704, 9.276793366740767], [78.84777571171179, 9.276883752053601], [78.84768472583028, 9.27688320445857]]]}, "id": "+6361+7391", "properties": {"count": 23, "water": 1}}, {"type": "Feature", "geometry": {"geodesic": false, "type": "Polygon", "coordinates": [[[78.84718071627543, 9.447442757252961], [78.84718296300687, 9.447081219594882], [78.84736502328091, 9.447082334925172], [78.84736558489865, 9.446991950501669], [78.84754764514574, 9.446993065724161], [78.84754708356394, 9.447083450165632], [78.84763811372342, 9.447084007749929], [78.8476353058773, 9.447535929957274], [78.84772633615357, 9.447536487541571], [78.84772465145308, 9.447807640874963], [78.84781568181019, 9.447808198450277], [78.84781455869151, 9.447988967351181], [78.84745043711935, 9.447986736852297], [78.84745099877301, 9.44789635241981], [78.84735996842488, 9.447895794745683], [78.84736109175917, 9.447715025898676], [78.84727006145596, 9.447714468206582], [78.8472717464978, 9.44744331495404], [78.84718071627543, 9.447442757252961]]]}, "id": "+6367+5503", "properties": {"count": 49, "water": 1}}, {"type": "Feature", "geometry": {"geodesic": false, "type": "Polygon", "coordinates": [[[78.84752720394552, 9.332380794565886], [78.84752886785, 9.332109639498745], [78.84761986799677, 9.332110190363643], [78.84762042259867, 9.33201980533827], [78.84771142272746, 9.33202035617622], [78.84771197729341, 9.33192997114186], [78.84780297740426, 9.331930521952861], [78.84780353195224, 9.33184013690952], [78.84798553213797, 9.331841238441688], [78.84798608663206, 9.331750853398347], [78.84807708671595, 9.331751404119515], [78.84807764117411, 9.331661019067191], [78.84816864124002, 9.33166156976141], [78.84816919567123, 9.331571184700103], [78.8482601957102, 9.331571735376356], [78.84826075011446, 9.331481350306065], [78.84844275017443, 9.33148245156874], [78.84844164146473, 9.331663221718301], [78.8485326415486, 9.331663772331673], [78.84853097849752, 9.331934927578475], [78.84862197866225, 9.331935478173879], [78.8486208699795, 9.332116248350392], [78.84880287041676, 9.332117349505268], [78.84880176180586, 9.332298119699745], [78.84871076154232, 9.332297569122309], [78.84871020720094, 9.332387954210564], [78.84861920691942, 9.33238740361516], [78.8486186525511, 9.332477788694433], [78.84852765225162, 9.332477238063097], [78.84852709785635, 9.33256762314237], [78.84834509722145, 9.33256652179885], [78.84834454278126, 9.332656906869138], [78.84798054148453, 9.332654703885652], [78.84797998693654, 9.332745088928993], [78.84770698595726, 9.332743436424128], [78.84770754056812, 9.332653051398754], [78.84761654027763, 9.332652500524873], [78.84761820416415, 9.33238134544875], [78.84752720394552, 9.332380794565886]]]}, "id": "+6369+6781", "properties": {"count": 118, "water": 1}}, {"type": "Feature", "geometry": {"geodesic": false, "type": "Polygon", "coordinates": [[[78.84870997495949, 9.39159229968533], [78.84852794358424, 9.391591191541563], [78.84852905950743, 9.391410421975904], [78.84843804387371, 9.391409867877071], [78.84843860185326, 9.391319483103224], [78.84834758625547, 9.391318928986424], [78.84834814424401, 9.391228544221562], [78.84825712867318, 9.391227990086795], [78.84825768668867, 9.391137605321934], [78.84816667114478, 9.391137051169201], [78.84816722916925, 9.391046666404337], [78.84807621366129, 9.391046112233639], [78.8480778877886, 9.390774957966], [78.84816890322469, 9.390775512118733], [78.8481700192377, 9.39059474259799], [78.84807900383754, 9.39059418845424], [78.84808067787503, 9.390323034177618], [78.84826270853162, 9.390324142411218], [78.84826326648422, 9.390233757637372], [78.84844529711386, 9.390234865763174], [78.84844697080997, 9.38996371142367], [78.84853798605742, 9.389964265432672], [78.84853631244215, 9.390235419790143], [78.84862732777044, 9.390235973799145], [78.84862342262322, 9.390868667332846], [78.8487144381222, 9.390869221350831], [78.84871388025044, 9.390959606142644], [78.84880489577637, 9.390960160142663], [78.84880433792257, 9.39105054494346], [78.84889535347544, 9.39105109892551], [78.84889479563962, 9.39114148373529], [78.84898581121944, 9.391142037699376], [78.84898525340158, 9.391232422509155], [78.84916728463308, 9.391233530374445], [78.84916616906924, 9.391414300011968], [78.8493482004265, 9.391415407814376], [78.84934764268051, 9.391505792642121], [78.8494386583861, 9.391506346516376], [78.84943754293005, 9.391687116180849], [78.84952855868953, 9.391687670037138], [78.84952688552342, 9.391958824556305], [78.84943586969207, 9.39195827068205], [78.84943419640916, 9.392229425174268], [78.84934318051494, 9.392228871255098], [78.84934262271504, 9.392319256082843], [78.84925160680285, 9.392318702136723], [78.849251048976, 9.392409086955485], [78.8489780011945, 9.392407424973394], [78.8489785590932, 9.3923170401726], [78.84888754319897, 9.392316486136647], [78.84888810111565, 9.392226101335853], [78.84879708524836, 9.392225547281933], [78.848797643183, 9.392135162490122], [78.84861561151132, 9.392134054328388], [78.84861616949087, 9.392043669545558], [78.84852515368647, 9.39204311542876], [78.84852571167501, 9.391952730654912], [78.84843469590655, 9.391952176520146], [78.84843413789106, 9.392042561293993], [78.84834312210462, 9.392042007132277], [78.84834200601077, 9.392222776662003], [78.84815997435705, 9.39222166824874], [78.84815941625173, 9.39231205300462], [78.84797738458005, 9.392310944492541], [78.84797682642082, 9.392401329230456], [78.84779479472219, 9.39240022061058], [78.84779423650907, 9.39249060533951], [78.84733915722656, 9.392487833354139], [78.84733859889667, 9.39257821805612], [78.84724758303837, 9.392577663579994], [78.84724702468152, 9.392668048281974], [78.84697397705271, 9.392666384700883], [78.84697341861502, 9.392756769384897], [78.84670037096826, 9.392755105579226], [78.8466998124587, 9.392845490245275], [78.84651778067922, 9.392844380915731], [78.84651722210677, 9.392934765563814], [78.84624417440611, 9.39293310138085], [78.84624473304143, 9.392842716741752], [78.84615371717415, 9.392842161969181], [78.84615427583643, 9.392751777339067], [78.84624529167677, 9.392752332102653], [78.8462458503031, 9.392661947463553], [78.84615483448074, 9.39266139270895], [78.8461565103957, 9.39239023880962], [78.8463385418967, 9.392391348273913], [78.84633910046914, 9.39230096362583], [78.84670316345318, 9.392303182248986], [78.84670260496159, 9.392393566915034], [78.84679362074802, 9.392394121516924], [78.84679306228338, 9.392484506191956], [78.84697509391015, 9.392485615341837], [78.84697565232987, 9.392395230657822], [78.8471576839297, 9.392396339699907], [78.84715824229552, 9.39230595500691], [78.84734027387738, 9.392307063941194], [78.84733971555646, 9.392397448643175], [78.84743073137882, 9.392398003083368], [78.84743184796676, 9.392217233670424], [78.84761387953064, 9.392218342451995], [78.8476133212816, 9.392308727171942], [78.84779535291734, 9.39230983588165], [78.8477959111125, 9.392219451143736], [78.8479779427213, 9.392220559745645], [78.8479790590038, 9.392039790260835], [78.84816109054074, 9.392040898745963], [78.84816164862809, 9.391950513990084], [78.84825266438757, 9.391951068187732], [78.848253222439, 9.39186068342287], [78.84834423818052, 9.391861237602551], [78.84834479620498, 9.391770852828705], [78.84843581191956, 9.391771406972454], [78.84843636991708, 9.391681022198608], [78.84870941703383, 9.391682684477143], [78.84870997495949, 9.39159229968533]], [[78.84870997495949, 9.39159229968533], [78.84871109078385, 9.39141153011069], [78.84880210642656, 9.391412084137658], [78.8488026643073, 9.391321699336862], [78.84889367994101, 9.391322253336881], [78.84889256421548, 9.39150302293847], [78.84880154854582, 9.39150246892947], [78.8488009906471, 9.391592853730264], [78.84870997495949, 9.39159229968533]]]}, "id": "+6374+6134", "properties": {"count": 272, "water": 1}}, {"type": "Feature", "geometry": {"geodesic": false, "type": "Polygon", "coordinates": [[[78.84766075193333, 9.384626024098964], [78.8476613096973, 9.3845356393341], [78.84775232348049, 9.384536193235304], [78.84775288122648, 9.384445808461459], [78.84793490876591, 9.384446916174035], [78.84793546645801, 9.384356531391207], [78.84811749397947, 9.38435763900497], [78.8481180516087, 9.384267254213157], [78.84884616173947, 9.384271683662092], [78.8488456042989, 9.38436206849882], [78.84911864575628, 9.384363729178354], [78.84911808837859, 9.384454114024065], [78.84920910223364, 9.384454667547976], [78.84920854487393, 9.38454505240267], [78.84929955875593, 9.384545605899632], [78.84929900141418, 9.38463599076331], [78.84920798750522, 9.384635437257364], [78.84920631537217, 9.384906591821448], [78.84902428743749, 9.384905484710742], [78.84902372999692, 9.38499586954747], [78.8489327160161, 9.384995315951693], [78.84893215854858, 9.385085700788421], [78.84875013055101, 9.38508459351602], [78.8487495730296, 9.385174978343764], [78.84865855901283, 9.385174424667138], [78.84865800146447, 9.3852648094859], [78.84856698743873, 9.385264255773341], [78.84856754500507, 9.385173870963564], [78.8482034890189, 9.385171655924685], [78.84820404668405, 9.385081271132874], [78.8481130327212, 9.3850807173215], [78.84811359039533, 9.384990332529688], [78.8480225764684, 9.38498977870035], [78.8480231341605, 9.38489939391752], [78.84793212026052, 9.384898840070216], [78.84793267797957, 9.384808455287386], [78.84784166410654, 9.384807901422114], [78.84784222183457, 9.384717516648267], [78.84775120799749, 9.38471696276503], [78.84775176574348, 9.384626578000168], [78.84766075193333, 9.384626024098964]]]}, "id": "+6377+6197", "properties": {"count": 127, "water": 1}}, {"type": "Feature", "geometry": {"geodesic": false, "type": "Polygon", "coordinates": [[[78.8495909872719, 9.381564565035763], [78.84959265849766, 9.381293410345915], [78.84968367155321, 9.381293963555416], [78.84968422859852, 9.381203578655807], [78.84977524163611, 9.381204131838357], [78.84977579864548, 9.381113746929765], [78.8499578247027, 9.38111485321402], [78.84995838165817, 9.381024468296443], [78.85004939466882, 9.381025021398148], [78.85004883774029, 9.381115406324707], [78.85013985077788, 9.381115959408445], [78.85013873693879, 9.381296729261564], [78.85022975003028, 9.381297282336318], [78.85022863621813, 9.38147805219842], [78.85013762307275, 9.381477499114682], [78.85013706613523, 9.381567884041242], [78.8499550398265, 9.381566777801902], [78.8499544828261, 9.38165716271948], [78.84968144333605, 9.38165550316284], [78.84968200039933, 9.38156511826323], [78.8495909872719, 9.381564565035763]]]}, "id": "+6390+6233", "properties": {"count": 33, "water": 1}}, {"type": "Feature", "geometry": {"geodesic": false, "type": "Polygon", "coordinates": [[[78.85026223637183, 9.361231263141637], [78.85026390339347, 9.36096010802958], [78.85044591900328, 9.360961211708721], [78.85044647462027, 9.360870826656399], [78.85071949801251, 9.360872481981973], [78.8507189424674, 9.360962867052262], [78.85099196597642, 9.360964522180208], [78.85099141050317, 9.361054907268464], [78.85108241837544, 9.361055458932862], [78.8510813074469, 9.361236229109375], [78.85117231537308, 9.361236780764791], [78.85117120446249, 9.361417550950287], [78.85126221244256, 9.361418102587736], [78.85126110155895, 9.361598872782215], [78.85098807750194, 9.361597217744103], [78.85098752198377, 9.361687602823375], [78.85053248188576, 9.361684843935441], [78.85053192624183, 9.361775228987765], [78.85044091821683, 9.36177467713472], [78.85044258519356, 9.361503521995715], [78.85035157724941, 9.361502970133687], [78.8503532442441, 9.361231815012648], [78.85026223637183, 9.361231263141637]]]}, "id": "+6396+6456", "properties": {"count": 73, "water": 1}}, {"type": "Feature", "geometry": {"geodesic": false, "type": "Polygon", "coordinates": [[[78.85027042075171, 9.300490214078119], [78.85027207675999, 9.300219058040799], [78.85045406087487, 9.300220154623249], [78.85045461281774, 9.300129769265498], [78.85118254934012, 9.300134154607154], [78.85118089405047, 9.300405310815153], [78.85145387054169, 9.300406954983652], [78.85145331884135, 9.300497340404284], [78.85127133445698, 9.30049624429794], [78.85127078270276, 9.300586629700607], [78.8511797904971, 9.300586081611504], [78.85117923870693, 9.30067646701417], [78.85099725426868, 9.30067537074613], [78.85099670242461, 9.300765756139814], [78.8508147179594, 9.300764659772959], [78.85081582171938, 9.300583889012541], [78.85036086088873, 9.300581147749552], [78.85036141287651, 9.300490762400786], [78.85027042075171, 9.300490214078119]]]}, "id": "+6397+7128", "properties": {"count": 57, "water": 1}}, {"type": "Feature", "geometry": {"geodesic": false, "type": "Polygon", "coordinates": [[[78.85071875831277, 9.301577579867681], [78.85072041416834, 9.301306423767478], [78.8508114065357, 9.30130697201828], [78.85081251036755, 9.301126201266845], [78.85090350268999, 9.301126749490697], [78.85090460644997, 9.30094597873028], [78.85117758331847, 9.300947623204204], [78.85117813511762, 9.30085723781052], [78.85154210425466, 9.300859430095073], [78.85154265596398, 9.300769044683422], [78.8516336482415, 9.300769592691678], [78.85163309655914, 9.300859978112312], [78.85181508116808, 9.300861074074925], [78.85181452953064, 9.30095145950454], [78.85190552187105, 9.300952007458898], [78.85190497025155, 9.301042392897497], [78.85199596261891, 9.301042940833888], [78.8519954110174, 9.30113332628147], [78.8520864034117, 9.301133874190912], [78.85208530023561, 9.30131464509506], [78.85217629268382, 9.301315192995517], [78.85217463794216, 9.301586349356231], [78.8522656304712, 9.301586897256689], [78.8522639757475, 9.301858053626386], [78.85235496834842, 9.30185860151786], [78.85235055570696, 9.302581685197335], [78.85216857014579, 9.302580589315571], [78.85216912179223, 9.302490203867988], [78.8520781290386, 9.302489655895664], [78.852078680703, 9.302399270448083], [78.85198768797632, 9.302398722457793], [78.85198823965868, 9.302308337019193], [78.85189724696794, 9.302307789010937], [78.85189779866828, 9.302217403581322], [78.85171581334068, 9.302216307501928], [78.85171636507694, 9.302125922081295], [78.85162537244906, 9.302125374010156], [78.85162592421229, 9.302034988589524], [78.85144393901045, 9.302033892402331], [78.8514444908096, 9.301943506990682], [78.85126250567963, 9.301942410713659], [78.8512630575237, 9.301852025319976], [78.85108107245661, 9.301850928962104], [78.85108162434558, 9.301760543577403], [78.85099063184349, 9.301759995362534], [78.85099118374144, 9.301669609986817], [78.8508091988091, 9.301668513512166], [78.85080975075198, 9.301578128136448], [78.85071875831277, 9.301577579867681]]]}, "id": "+6402+7121", "properties": {"count": 201, "water": 1}}, {"type": "Feature", "geometry": {"geodesic": false, "type": "Polygon", "coordinates": [[[78.85078083932795, 9.380487135556475], [78.85078139604089, 9.380396750585], [78.85096342183759, 9.380397856267383], [78.85096397849662, 9.380307471286924], [78.8510549913815, 9.3803080240832], [78.8510555480046, 9.38021763909376], [78.85114656087151, 9.38021819187207], [78.85114878722916, 9.379856651887353], [78.85123980000624, 9.379857204620748], [78.85124035655747, 9.379766819613339], [78.85133136931658, 9.379767372310802], [78.85133192584087, 9.379676987303393], [78.85142293858202, 9.379677539973907], [78.85142238208468, 9.379767924990297], [78.85151339485277, 9.379768477642843], [78.85151283837341, 9.379858862659233], [78.85142182557836, 9.379858309997704], [78.85142071255675, 9.380039080021504], [78.85132969971679, 9.380038527333026], [78.85132803006307, 9.380309682346265], [78.85123701716921, 9.380309129612872], [78.8512359039859, 9.38048989960972], [78.85078083932795, 9.380487135556475]]]}, "id": "+6405+6248", "properties": {"count": 25, "water": 1}}, {"type": "Feature", "geometry": {"geodesic": false, "type": "Polygon", "coordinates": [[[78.85163166715986, 9.375340163557977], [78.85163500414063, 9.374797853262], [78.85190803862707, 9.37479951011471], [78.85190859469321, 9.37470912504442], [78.85227264066317, 9.374711333831025], [78.85227208467788, 9.374801718919281], [78.8524541077437, 9.374802823182327], [78.85245132799687, 9.375254748668524], [78.85236031635168, 9.375254196519036], [78.8523597603574, 9.37534458160729], [78.85226874869423, 9.375344029439836], [78.85226819267301, 9.375434414519109], [78.85181313429429, 9.375431653268604], [78.85181369042331, 9.375341268207299], [78.85163166715986, 9.375340163557977]]]}, "id": "+6414+6303", "properties": {"count": 62, "water": 1}}, {"type": "Feature", "geometry": {"geodesic": false, "type": "MultiPolygon", "coordinates": [[[[78.85312381599037, 9.384297676495686], [78.85312437232601, 9.38420729140743], [78.85321538635175, 9.384207843880313], [78.85321483004306, 9.384298228977553], [78.85312381599037, 9.384297676495686]]], [[[78.85312381599037, 9.384297676495686], [78.85312325965474, 9.384388061583943], [78.85303224558407, 9.384387509075127], [78.85303113284094, 9.384568279242657], [78.85294011872537, 9.38456772670689], [78.85293956232685, 9.384658111786164], [78.85284854819331, 9.384657559214467], [78.85284799176785, 9.384747944284758], [78.85275697761634, 9.38474739168611], [78.85275530822315, 9.385018546879014], [78.85266429400878, 9.385017994244434], [78.85266373751143, 9.385108379305741], [78.8520266379928, 9.385104510145032], [78.8520271946608, 9.38501412512864], [78.85193618049134, 9.385013572296431], [78.85193673716834, 9.384923187280041], [78.85184572302582, 9.384922634438848], [78.85184683642473, 9.38474186441505], [78.85175582233612, 9.384741311564873], [78.85175860583789, 9.384289386518851], [78.85166759187503, 9.384288833668675], [78.85166814858796, 9.38419844867025], [78.85194119042264, 9.384200107139929], [78.85194174705471, 9.384109722114554], [78.8521237749355, 9.384110827635242], [78.85212433151369, 9.384020442600884], [78.85221534543163, 9.384020995316313], [78.85221590198286, 9.383930610281954], [78.85230691589182, 9.383931162970434], [78.85230635935855, 9.384021548013774], [78.85239737329445, 9.384022100684286], [78.85239681678813, 9.38411248573661], [78.85248783075099, 9.384113038389156], [78.85248616125898, 9.384384193546127], [78.85239514723325, 9.384383640875615], [78.85239459069997, 9.384474025927938], [78.85230357664729, 9.384473473221494], [78.85230246351787, 9.384654243308175], [78.85239347761548, 9.384654796014619], [78.85239292107322, 9.38474518105796], [78.85257494933131, 9.38474628641695], [78.85257661881433, 9.384475131250996], [78.85266763288499, 9.384475683876593], [78.85266818934639, 9.384385298815285], [78.85275920339907, 9.384385851422916], [78.85275975982454, 9.384295466352626], [78.85312381599037, 9.384297676495686]]]]}, "id": "+6415+6201", "properties": {"count": 110, "water": 1}}, {"type": "Feature", "geometry": {"geodesic": false, "type": "Polygon", "coordinates": [[[78.8524309603058, 9.319213699095407], [78.85243317060157, 9.318852157574572], [78.85252416760423, 9.31885270641826], [78.85252472014, 9.318762321024577], [78.85270671412735, 9.318763418622124], [78.85270560913668, 9.318944189418474], [78.85279660618424, 9.318944738190298], [78.85279550122051, 9.319125508995631], [78.852886498322, 9.319126057758472], [78.85288539338521, 9.319306828572788], [78.85279439623882, 9.319306279800966], [78.85279384373898, 9.319396665194649], [78.85261184941925, 9.319395567570153], [78.852612401964, 9.319305182185452], [78.85252140483557, 9.319304633341764], [78.8525219573983, 9.319214247957062], [78.8524309603058, 9.319213699095407]]]}, "id": "+6415+6922", "properties": {"count": 24, "water": 1}}, {"type": "Feature", "geometry": {"geodesic": false, "type": "Polygon", "coordinates": [[[78.85200748642298, 9.358620575355257], [78.85200915161205, 9.358349419892859], [78.85210015884653, 9.358349971144033], [78.85210071387063, 9.35825958598391], [78.85255574998908, 9.358262341862488], [78.85255519508176, 9.35835272704956], [78.8526462023432, 9.358353278157004], [78.85264453763921, 9.358624433736184], [78.85255353030591, 9.358623882610773], [78.85255297537165, 9.358714267797843], [78.85237096067813, 9.358713165457193], [78.85237040568995, 9.35880355063528], [78.85209738360925, 9.358801896944641], [78.85209849372033, 9.358621126624397], [78.85200748642298, 9.358620575355257]]]}, "id": "+6416+6485", "properties": {"count": 34, "water": 1}}, {"type": "Feature", "geometry": {"geodesic": false, "type": "Polygon", "coordinates": [[[78.85185741255108, 9.383024549103618], [78.85185963885483, 9.382663009011104], [78.85195065240447, 9.38266356171755], [78.85195120893773, 9.382573176692174], [78.85204222247837, 9.38257372937167], [78.8520427789847, 9.382483344337313], [78.85231581955274, 9.382485002214102], [78.8523163759782, 9.38239461716178], [78.8524984030056, 9.382395722287207], [78.85249895938615, 9.382305337225901], [78.85258997288189, 9.3823058897437], [78.85259164191575, 9.382034734541811], [78.8526826553486, 9.382035287023678], [78.8526832116573, 9.381944901944404], [78.85277422507217, 9.381945454399322], [78.85277478135392, 9.381855069320048], [78.85268376795699, 9.381854516865133], [78.85268599311989, 9.381492976557022], [78.85241295326152, 9.381491319138373], [78.85241350960614, 9.381400934077067], [78.85232249635295, 9.381400381559269], [78.85232305271553, 9.381309996506944], [78.85223203949829, 9.38130944397118], [78.85223259587885, 9.381219058918855], [78.85214158268855, 9.381218506365125], [78.8521426954766, 9.38103773626946], [78.85223370862198, 9.381038288814208], [78.85223426499356, 9.3809479037529], [78.85232527812097, 9.3809484562707], [78.85232583445662, 9.380858071209394], [78.85241684756608, 9.380858623691259], [78.85241740387475, 9.38076823862097], [78.85259943005774, 9.380769343503854], [78.85259998631253, 9.380678958433563], [78.85287302556902, 9.380680615564751], [78.85287191319419, 9.380861385750247], [78.85296292633957, 9.380861938097365], [78.8529618139917, 9.381042708291844], [78.85305282719098, 9.381043260620997], [78.8530511586961, 9.381314415921699], [78.85314217196725, 9.38131496825085], [78.85314161582026, 9.381405353357072], [78.85323262911837, 9.381405905659276], [78.85323096069536, 9.381677060986927], [78.8533219740743, 9.38167761328913], [78.85331919338425, 9.382129538856177], [78.85341020687999, 9.382130091158379], [78.85340965075096, 9.382220476282567], [78.85350066428262, 9.382221028557822], [78.85350010817156, 9.382311413682011], [78.85359112173018, 9.382311965948281], [78.8535905656281, 9.382402351081453], [78.85368157922264, 9.382402903320774], [78.85367991097031, 9.38267405872029], [78.85358889731289, 9.38267350645402], [78.85358389204386, 9.38348697257172], [78.85349287817981, 9.383486420242567], [78.85349120958612, 9.383757575588184], [78.85294512608748, 9.38375426098445], [78.8529456824321, 9.383663875905176], [78.85285466855908, 9.383663323387378], [78.85285578127527, 9.383482553237815], [78.85294679510338, 9.383483105737648], [78.85294735143003, 9.383392720649391], [78.85285633762888, 9.383392168158542], [78.85285745031811, 9.383211397999995], [78.85276643656188, 9.38321084549118], [78.85276699292446, 9.383120460411906], [78.85267597920415, 9.383119907894107], [78.8526770919473, 9.382939137753528], [78.8525860782809, 9.382938585217763], [78.85258663467043, 9.382848200147473], [78.85231359377, 9.382846542414415], [78.8523130373086, 9.382936927466737], [78.85203999639022, 9.382935269500116], [78.85203943985695, 9.383025654534475], [78.85185741255108, 9.383024549103618]]]}, "id": "+6421+6237", "properties": {"count": 328, "water": 1}}, {"type": "Feature", "geometry": {"geodesic": false, "type": "Polygon", "coordinates": [[[78.85281048287366, 9.301770955123411], [78.85281268857007, 9.301409413162402], [78.85290368109014, 9.301409960883197], [78.85290478385299, 9.301229189889217], [78.85335974629164, 9.301231928097934], [78.85335809248421, 9.301503084674243], [78.85344908505819, 9.30150363226029], [78.85344743125975, 9.301774788854566], [78.85299246810246, 9.301772050591952], [78.85299191670755, 9.301862436093431], [78.8529009240707, 9.301861888363653], [78.85290147548356, 9.301771502871157], [78.85281048287366, 9.301770955123411]]]}, "id": "+6421+7116", "properties": {"count": 38, "water": 1}}, {"type": "Feature", "geometry": {"geodesic": false, "type": "Polygon", "coordinates": [[[78.85315672762134, 9.319579631006428], [78.85315783245032, 9.319398860165164], [78.85324882964163, 9.319399408856139], [78.85324938202467, 9.319309023426523], [78.853613370745, 9.319311217911947], [78.85361281846076, 9.31940160335953], [78.85370381567901, 9.319402151924741], [78.8537027111285, 9.31958292282889], [78.85352071660216, 9.31958182565355], [78.85351961193487, 9.31976259653075], [78.85342861463576, 9.319762047902655], [78.85342750989662, 9.31994281877087], [78.85333651255259, 9.319942270097862], [78.85333761733666, 9.319761499238629], [78.85324662004653, 9.319760950556637], [78.85324772485755, 9.319580179706389], [78.85315672762134, 9.319579631006428]]]}, "id": "+6425+6916", "properties": {"count": 24, "water": 1}}, {"type": "Feature", "geometry": {"geodesic": false, "type": "MultiPolygon", "coordinates": [[[[78.85330790395963, 9.428227547322004], [78.8532168784175, 9.42822699230689], [78.85321855527569, 9.427955837688907], [78.85330958074596, 9.42795639269504], [78.85330790395963, 9.428227547322004]]], [[[78.85339781167417, 9.428408872082441], [78.8535798628932, 9.428409982013855], [78.85357930400633, 9.428500366904483], [78.85367032964729, 9.428500921847734], [78.85366977078739, 9.42859130673836], [78.85376079645529, 9.428591861663644], [78.85376023761334, 9.428682246563254], [78.8536692119185, 9.428681691637971], [78.85366865304063, 9.42877207653758], [78.85357762733679, 9.428771521576364], [78.85357259700476, 9.42958498557404], [78.85348157108534, 9.429584430549943], [78.85348045312298, 9.429765200304248], [78.85338942716761, 9.429764645244216], [78.85339278111756, 9.429222335990286], [78.85348380693817, 9.429222891023366], [78.85348827837437, 9.428499811943267], [78.8533972527424, 9.428499256964084], [78.85339781167417, 9.428408872082441]]], [[[78.85330790395963, 9.428227547322004], [78.85339892951076, 9.428228102319153], [78.85339781167417, 9.428408872082441], [78.85330678607814, 9.42840831707631], [78.85330790395963, 9.428227547322004]]]]}, "id": "+6429+5714", "properties": {"count": 29, "water": 1}}, {"type": "Feature", "geometry": {"geodesic": false, "type": "Polygon", "coordinates": [[[78.85279305043676, 9.423162664811473], [78.85279360920683, 9.423072279938813], [78.85297565755124, 9.423073389564802], [78.85297621625844, 9.422983004674174], [78.85324928874361, 9.42298466892002], [78.85324984737895, 9.422894284020408], [78.85343189568742, 9.42289539339487], [78.853431337106, 9.422985778303463], [78.85352236129168, 9.422986332959251], [78.85352068556537, 9.423257487702998], [78.8536117098319, 9.423258042349804], [78.85361115126844, 9.42334842726738], [78.85342910269944, 9.423347317946819], [78.85342854408208, 9.423437702855413], [78.85333751978861, 9.423437148145725], [78.8533369611443, 9.423527533045334], [78.8531549125214, 9.423526423554094], [78.8531543538232, 9.423616808453703], [78.85306332949378, 9.423616253663168], [78.85306388820996, 9.423525868781523], [78.85297286391648, 9.423525313973022], [78.85297398138476, 9.423344544209733], [78.85288295713619, 9.423343989392247], [78.85288407463142, 9.423163219637942], [78.85279305043676, 9.423162664811473]]]}, "id": "+6430+5770", "properties": {"count": 41, "water": 1}}, {"type": "Feature", "geometry": {"geodesic": false, "type": "MultiPolygon", "coordinates": [[[[78.84998786743803, 9.435167171016786], [78.84998730721269, 9.435257555655884], [78.84989628002664, 9.435256999374145], [78.84989684026995, 9.435166614735046], [78.84998786743803, 9.435167171016786]]], [[[78.85292087678503, 9.431931105774007], [78.85292199529536, 9.431750336100551], [78.8530130217448, 9.431750891403127], [78.85301358097301, 9.431660506557416], [78.85310460740448, 9.431661061824059], [78.85310516659676, 9.431570676978348], [78.85319619301924, 9.431571232218042], [78.85319731134094, 9.431390462508652], [78.8532883377185, 9.431391017712414], [78.8532911333116, 9.430939093411993], [78.85338215957239, 9.430939648561855], [78.853388868155, 9.429855030116876], [78.85347989413731, 9.42985558518589], [78.8534692722957, 9.431572897793393], [78.85337824586422, 9.431572342625564], [78.85337768674381, 9.431662727489242], [78.85328666029437, 9.431662172294462], [78.85328554198168, 9.431842942003852], [78.85319451548732, 9.431842386773141], [78.85319395629504, 9.431932771627835], [78.85292087678503, 9.431931105774007]]], [[[78.85007945480451, 9.435077342623494], [78.85007889461511, 9.435167727271576], [78.84998786743803, 9.435167171016786], [78.8499884276544, 9.435076786368704], [78.85007945480451, 9.435077342623494]]], [[[78.85017160228854, 9.434897129537205], [78.85017048196362, 9.435077898842351], [78.85007945480451, 9.435077342623494], [78.85008057517436, 9.434896573318348], [78.85017160228854, 9.434897129537205]]], [[[78.85026318952926, 9.434807301063065], [78.85026262939375, 9.434897685729114], [78.85017160228854, 9.434897129537205], [78.85017216244202, 9.43480674488014], [78.85026318952926, 9.434807301063065]]], [[[78.85035533681567, 9.434627087886945], [78.85035421662549, 9.434807857228023], [78.85026318952926, 9.434807301063065], [78.85026430977334, 9.434626531739951], [78.85035533681567, 9.434627087886945]]], [[[78.8504469239396, 9.434537259340939], [78.85044636386696, 9.43462764401597], [78.85035533681567, 9.434627087886945], [78.85035589690627, 9.434536703220896], [78.8504469239396, 9.434537259340939]]], [[[78.85053851100965, 9.434447430767984], [78.85053795097295, 9.434537815443015], [78.8504469239396, 9.434537259340939], [78.85044748399427, 9.43444687467489], [78.85053851100965, 9.434447430767984]]], [[[78.85282929099958, 9.432020935272226], [78.85282873170848, 9.43211132009997], [78.85273770516922, 9.432110764734512], [78.85273714585118, 9.432201149562257], [78.85264611929394, 9.432200594160866], [78.85264555993996, 9.432290978979628], [78.85246350680752, 9.432289868113966], [78.85246294739966, 9.43238025291476], [78.85228089424027, 9.432379141941299], [78.85228033477848, 9.432469526733112], [78.85218930818533, 9.432468971205957], [78.85218818919888, 9.432649740780597], [78.85209716256081, 9.43264918521751], [78.85209548397785, 9.432920339565998], [78.85200445727689, 9.432919783966978], [78.8520038977163, 9.433010168740823], [78.85191287098839, 9.43300961310587], [78.85191175180432, 9.43319038264458], [78.85182072504047, 9.433189826982678], [78.85181960577556, 9.433370596503421], [78.85172857897578, 9.433370040805585], [78.85172801930739, 9.433460425561465], [78.8515459656719, 9.433459314075964], [78.85154540595859, 9.43354969882286], [78.85145437912288, 9.433549143044177], [78.85145381937365, 9.433639527782091], [78.85136279251996, 9.433638971976459], [78.8513616729676, 9.433819741434318], [78.85117961917939, 9.43381862972424], [78.8511790593493, 9.433909014444186], [78.85108803244172, 9.433908458548721], [78.85108635284368, 9.434179612690597], [78.85099532586423, 9.4341790567592], [78.85099476596228, 9.434269441470164], [78.85090373897386, 9.434268885502835], [78.85090317904496, 9.434359270204816], [78.85072112503218, 9.434358158189308], [78.85072056504937, 9.434448542882306], [78.85053851100965, 9.434447430767984], [78.85053907103736, 9.434357046083969], [78.85063009803477, 9.434357602150113], [78.85063121802732, 9.434176832773101], [78.8507222449798, 9.434177388803313], [78.85072336490947, 9.433996619417318], [78.8509054187336, 9.43399773138791], [78.85090597864453, 9.433907346685928], [78.85099700554314, 9.433907902626308], [78.85099756541814, 9.433817517915344], [78.85108859229877, 9.433818073837758], [78.85108915214681, 9.433727689117811], [78.85118017900948, 9.433728245004291], [78.85118073883058, 9.433637860284344], [78.85127176567528, 9.433638416134894], [78.8512728852546, 9.433457646677033], [78.85136391205438, 9.433458202500631], [78.8513644718036, 9.433367817771702], [78.8514554985944, 9.433368373559368], [78.8514560583167, 9.433277988821454], [78.85154708508054, 9.433278544591154], [78.85154820447121, 9.43309777509736], [78.85163923119913, 9.433098330822146], [78.85164035051794, 9.43291756131937], [78.85173137720093, 9.432918117017204], [78.85173193682441, 9.432827732252342], [78.85182296348944, 9.432828287923227], [78.8518240826825, 9.4326475183935], [78.85191510930261, 9.432648074028453], [78.85191566887218, 9.432557689254608], [78.85200669547433, 9.432558244853627], [78.85200781453263, 9.432377475305936], [78.85209884109885, 9.432378030869023], [78.85209940059656, 9.432287646086193], [78.85237248024131, 9.432289312640709], [78.85237303966716, 9.432198927839913], [78.85255509274569, 9.43220003874151], [78.85255565211763, 9.43210965393173], [78.85264667863893, 9.432110209342104], [78.85264723798393, 9.432019824532327], [78.85282929099958, 9.432020935272226]]], [[[78.85292087678503, 9.431931105774007], [78.85292031752088, 9.432021490610735], [78.85282929099958, 9.432020935272226], [78.85282985029068, 9.43193055044448], [78.85292087678503, 9.431931105774007]]]]}, "id": "+6431+5693", "properties": {"count": 133, "water": 1}}, {"type": "Feature", "geometry": {"geodesic": false, "type": "Polygon", "coordinates": [[[78.8534569019822, 9.37453773947785], [78.85345801329701, 9.374356969157606], [78.85354902478052, 9.374357520965736], [78.85355013601449, 9.37417675063651], [78.8538231703572, 9.374178405899201], [78.85382372589333, 9.374088020712131], [78.85391473733193, 9.374088572421446], [78.85391418181376, 9.374178957608517], [78.85400519327929, 9.374179509290881], [78.85400463777908, 9.374269894486936], [78.85409564927157, 9.374270446151336], [78.85409287181547, 9.374722372140589], [78.85427489505197, 9.374723475460405], [78.85427545051624, 9.374633090255367], [78.85463949696229, 9.37463529658957], [78.85464005231877, 9.374544911357583], [78.85509511039206, 9.374547668718382], [78.85509344465501, 9.374818824486207], [78.85518445636309, 9.37481937590806], [78.85518279064401, 9.37509053168487], [78.85509177887305, 9.375089980254034], [78.85509011304617, 9.375361136012875], [78.855181124889, 9.375361687461679], [78.85518001434673, 9.37554245797955], [78.85527102624346, 9.37554300941937], [78.85527047099478, 9.375633394678308], [78.85536148291845, 9.375633946100162], [78.85536203814917, 9.375543560832241], [78.85563507388427, 9.37554521494509], [78.85563562903414, 9.375454829659205], [78.85599967666597, 9.375457034780682], [78.856000231726, 9.375366649476831], [78.85618225552844, 9.375367751889348], [78.85618170052231, 9.375458137211165], [78.85636372438763, 9.37545923953385], [78.85636316942642, 9.375549624864652], [78.85654519337258, 9.375550727115472], [78.85654241869227, 9.376002653796428], [78.85663343079561, 9.376003204912855], [78.85663176599282, 9.376274360932209], [78.8565407538266, 9.376273809797816], [78.85653908889802, 9.376544965799203], [78.85644807666891, 9.376544414628878], [78.85644696664767, 9.376725185281497], [78.85608291757853, 9.376722980321716], [78.8560823624646, 9.37681336562557], [78.85599135019058, 9.376812814320497], [78.8559907950497, 9.376903199624348], [78.85580877046573, 9.376902096933353], [78.8558093256605, 9.376811711647468], [78.85571831340445, 9.37681116027053], [78.85571886860821, 9.376720774984644], [78.8556278563791, 9.376720223598722], [78.85562841160981, 9.376629838312837], [78.85544638721449, 9.37662873546913], [78.85544694248114, 9.37653835020121], [78.85535593031491, 9.376537798752405], [78.85535648559951, 9.37644741349347], [78.85508344920865, 9.376445759012313], [78.85508400455613, 9.37635537376236], [78.85481096829103, 9.376353719092554], [78.8548115237014, 9.37626333386057], [78.85472051164298, 9.376262782259051], [78.8547210670803, 9.376172397036047], [78.85463005505781, 9.376171845416565], [78.85463227682507, 9.375810304533534], [78.85454126490139, 9.37580975291405], [78.854542375794, 9.375628982477025], [78.85436035205444, 9.37562787918416], [78.85436090754567, 9.375537493979122], [78.85426989570283, 9.37553694230574], [78.85427045121202, 9.375446557100704], [78.85417943939615, 9.375446005418338], [78.85418055044147, 9.375265235017245], [78.85408953867949, 9.375264683316914], [78.85409064975177, 9.375083912924806], [78.85399963804367, 9.375083361206508], [78.85400019359778, 9.374992976019437], [78.85390918191665, 9.374992424283173], [78.85390973747974, 9.374902039105084], [78.85372771419831, 9.374900935578657], [78.85372826980633, 9.37481055040057], [78.85363725818807, 9.374809998610406], [78.85363781381405, 9.374719613441302], [78.85354680223172, 9.374719061633172], [78.85354791351959, 9.374538291303946], [78.8534569019822, 9.37453773947785]]]}, "id": "+6432+6310", "properties": {"count": 422, "water": 1}}, {"type": "Feature", "geometry": {"geodesic": false, "type": "Polygon", "coordinates": [[[78.85389802302622, 9.347152663932892], [78.85389968468492, 9.346881507958454], [78.85408169341363, 9.346882608125183], [78.85408224724297, 9.346792222785398], [78.85426425594473, 9.346793322853312], [78.85426314838487, 9.346974093550847], [78.85435415278965, 9.346974643562346], [78.85435304524775, 9.347155414268865], [78.85444404970643, 9.347155964262397], [78.85444349595794, 9.347246349620148], [78.85435249147231, 9.347245799617632], [78.8543519376879, 9.347336184975383], [78.85416992868969, 9.347335084889503], [78.85416937485137, 9.347425470229288], [78.85407837033878, 9.347424920145924], [78.85407892419508, 9.347334534806139], [78.85398791970944, 9.34733398470481], [78.85398902745796, 9.347153214043205], [78.85389802302622, 9.347152663932892]]]}, "id": "+6434+6612", "properties": {"count": 26, "water": 1}}, {"type": "Feature", "geometry": {"geodesic": false, "type": "Polygon", "coordinates": [[[78.85455501778499, 9.388373845796915], [78.85455613019576, 9.388193075485656], [78.85482917567758, 9.388194732428197], [78.85482861954856, 9.388285117597302], [78.85501064995361, 9.388286222111876], [78.85501009386053, 9.388376607298946], [78.85510110909, 9.388377159529284], [78.85510055302386, 9.388467544716356], [78.85519156828029, 9.388468096928728], [78.85519101223211, 9.388558482115798], [78.85537304281682, 9.388559586486643], [78.85537248680458, 9.388649971682696], [78.85546350213288, 9.38865052384117], [78.85546239013533, 9.388831294251244], [78.85555340551753, 9.38883184639175], [78.85555062555511, 9.389283772443886], [78.85564164105409, 9.389284324593376], [78.8556410850688, 9.389374709807395], [78.85555006954287, 9.389374157657906], [78.85554951353063, 9.389464542862944], [78.8556405290835, 9.389465095021416], [78.85563997308024, 9.389555480235437], [78.85573098866006, 9.38955603236696], [78.85573043268374, 9.389646417589963], [78.85563941707697, 9.389645865440475], [78.85563886107371, 9.389736250654494], [78.85536581423544, 9.38973459407128], [78.85536525815132, 9.389824979267333], [78.85527424252659, 9.389824427019029], [78.85527479862866, 9.389734041831959], [78.85509276744207, 9.389732937281451], [78.85509443587407, 9.389461781738204], [78.85518545139999, 9.389462334013459], [78.85518656360414, 9.389281563639315], [78.85509554813211, 9.389281011373045], [78.8550966603722, 9.389100241007887], [78.85500564495408, 9.389099688732633], [78.85500675721212, 9.388918918376458], [78.8549157418479, 9.38891836609222], [78.85491685413291, 9.388737595745027], [78.8548258388136, 9.388737043442825], [78.85482639496956, 9.388646658273721], [78.85473537968619, 9.388646105962534], [78.85473649203408, 9.388465335633308], [78.85464547680459, 9.388464783304155], [78.85464603298752, 9.388374398144034], [78.85455501778499, 9.388373845796915]]]}, "id": "+6443+6154", "properties": {"count": 96, "water": 1}}, {"type": "Feature", "geometry": {"geodesic": false, "type": "Polygon", "coordinates": [[[78.85390400041612, 9.390629606474677], [78.85390455692244, 9.390539221368455], [78.85399557265498, 9.390539774012018], [78.85399612913434, 9.390449388896812], [78.85417816056349, 9.390450494103089], [78.85417871699794, 9.3903601089789], [78.85436074840013, 9.39036121407738], [78.85436130478068, 9.390270828944209], [78.85454333615593, 9.390271933934889], [78.85454389248258, 9.390181548792734], [78.85490795521508, 9.39018375846867], [78.85490851144293, 9.390093373308549], [78.85509054279122, 9.390094477993802], [78.85509109896516, 9.390004092815715], [78.85518211462583, 9.390004645117918], [78.85518267076384, 9.38991425993983], [78.8554557177189, 9.389915916693726], [78.85545404948454, 9.390187072290871], [78.85518100232287, 9.390185415483076], [78.85518044616688, 9.390275800670148], [78.85481638327268, 9.39027359124574], [78.8548158270089, 9.390363976405862], [78.85454277982926, 9.390362319077044], [78.85454222349362, 9.3904527042192], [78.85436019201957, 9.390451599210552], [78.85435963563003, 9.390541984343724], [78.85408658838752, 9.390540326628631], [78.85408603192612, 9.390630711743837], [78.85390400041612, 9.390629606474677]]]}, "id": "+6450+6135", "properties": {"count": 35, "water": 1}}, {"type": "Feature", "geometry": {"geodesic": false, "type": "MultiPolygon", "coordinates": [[[[78.8559852125592, 9.36298330732195], [78.85598465824478, 9.363073692688685], [78.8560756669435, 9.363074243194259], [78.85607400404513, 9.363345399312426], [78.8562560215953, 9.363346500287639], [78.85625768434994, 9.363075344133538], [78.85616667564223, 9.363074793672881], [78.85616722991173, 9.362984408297164], [78.8562582385925, 9.362984958748838], [78.85626045549988, 9.362623417201053], [78.85635146409979, 9.362623967616793], [78.85634924728224, 9.362985509182545], [78.85644025598097, 9.362986059589302], [78.85643970178332, 9.363076444982985], [78.85653071050899, 9.363076995371777], [78.85652960215862, 9.36325776617711], [78.85643859337904, 9.363257215770354], [78.8564369307322, 9.363528371951404], [78.85625491306526, 9.363527271048056], [78.85625546733476, 9.36343688567234], [78.85580042338299, 9.363434133027695], [78.85580208650595, 9.363162976963427], [78.85571107779823, 9.363162426377006], [78.8557116321935, 9.363072041028238], [78.85580264086529, 9.363072591605675], [78.85580430392535, 9.362801435532424], [78.85589531254323, 9.362801986064945], [78.85589420388743, 9.362982756798413], [78.8559852125592, 9.36298330732195]]], [[[78.85616722991173, 9.362984408297164], [78.8559852125592, 9.36298330732195], [78.85598632116111, 9.3628025365795], [78.85616833842381, 9.362803637536746], [78.85616722991173, 9.362984408297164]]]]}, "id": "+6458+6437", "properties": {"count": 42, "water": 1}}, {"type": "Feature", "geometry": {"geodesic": false, "type": "MultiPolygon", "coordinates": [[[[78.85697793838118, 9.423549703152137], [78.85688691384516, 9.423549149349746], [78.85688747156419, 9.423458764243524], [78.85697849608226, 9.423459318027946], [78.85697793838118, 9.423549703152137]]], [[[78.85842485649815, 9.425095109089353], [78.85851588153723, 9.425095662577332], [78.85851532414158, 9.42518604778237], [78.85842429907555, 9.425185494285408], [78.85842485649815, 9.425095109089353]]], [[[78.85697793838118, 9.423549703152137], [78.85715998748017, 9.423550810667084], [78.85715942982402, 9.423641195800256], [78.8569773806801, 9.423640088267343], [78.85697793838118, 9.423549703152137]]], [[[78.85715942982402, 9.423641195800256], [78.8573414789859, 9.423642303234354], [78.85734092137466, 9.42373268837651], [78.8577050198691, 9.423734902984197], [78.85770390481728, 9.42391567330444], [78.85779492949703, 9.423916226909201], [78.8577938144632, 9.424096997238426], [78.85788483920582, 9.424097550834203], [78.85788372419893, 9.424278321172412], [78.85797474898649, 9.424278874750224], [78.85797307651207, 9.424550030275505], [78.8580641013715, 9.424550583844331], [78.858063543895, 9.42464096902242], [78.85815456879034, 9.424641522582263], [78.85815401132282, 9.424731907760352], [78.85824503625412, 9.424732461302229], [78.85824447880456, 9.4248228464893], [78.8583355037628, 9.424823400004229], [78.8583349463402, 9.424913785200284], [78.8584259713164, 9.424914338697246], [78.85842485649815, 9.425095109089353], [78.85833383146804, 9.425094555583408], [78.85833438889964, 9.425004170387355], [78.85824336390546, 9.425003616863442], [78.85824392135501, 9.424913231676372], [78.8581528963878, 9.42491267812551], [78.85815345385531, 9.424822292947422], [78.85806242891505, 9.424821739378595], [78.85806298640951, 9.424731354200507], [78.85797196149619, 9.424730800622697], [78.85797251899965, 9.424640415444609], [78.85788149411327, 9.424639861848831], [78.85788205164367, 9.424549476679728], [78.85779102679324, 9.424548923057001], [78.85779325694178, 9.424187382407531], [78.85770223219016, 9.424186828784805], [78.8577033472779, 9.424006058464562], [78.8576123225712, 9.424005504832852], [78.85761288013752, 9.423915119681714], [78.85752185545778, 9.423914566023054], [78.85752241304206, 9.423824180871916], [78.85724933911959, 9.423822519797124], [78.85724989676676, 9.423732134663952], [78.85715887215888, 9.423731580924445], [78.85715942982402, 9.423641195800256]]]]}, "id": "+6469+5764", "properties": {"count": 36, "water": 1}}, {"type": "Feature", "geometry": {"geodesic": false, "type": "Polygon", "coordinates": [[[78.85720543142682, 9.356934636471934], [78.85720653867227, 9.356753865531854], [78.85747956007026, 9.35675551493753], [78.85747845295955, 9.356936285913543], [78.85756946014912, 9.356936835673514], [78.85756835307434, 9.357117606667494], [78.85765936030882, 9.357118156418482], [78.85765825325201, 9.357298927412462], [78.85756724596364, 9.35729837765249], [78.8575666924038, 9.357388763136004], [78.8573846778001, 9.357387663535215], [78.85738523140486, 9.3572972780517], [78.85729422413446, 9.357296728219865], [78.85729643859841, 9.356935186312754], [78.85720543142682, 9.356934636471934]]]}, "id": "+6470+6502", "properties": {"count": 22, "water": 1}}, {"type": "Feature", "geometry": {"geodesic": false, "type": "Polygon", "coordinates": [[[78.85734642519968, 9.333886325096124], [78.85734697740307, 9.333795939504812], [78.85889399809794, 9.33380526002894], [78.85889234266457, 9.33407641709034], [78.8589833440061, 9.334076965170462], [78.85898279220696, 9.33416735086059], [78.85907379357543, 9.33416789891376], [78.85907434534762, 9.33407751321465], [78.85998435908625, 9.334082992434826], [78.8599849106249, 9.333992606681816], [78.86080392325557, 9.333997535944393], [78.86080337193253, 9.334087921742318], [78.86098537484914, 9.334089016887464], [78.86098261837768, 9.334540945948957], [78.85752456235122, 9.334520121239974], [78.85752511454562, 9.334429735630694], [78.85743411320409, 9.334429187164297], [78.85743742639748, 9.333886873553539], [78.85734642519968, 9.333886325096124]]]}, "id": "+6484+6756", "properties": {"count": 251, "water": 1}}, {"type": "Feature", "geometry": {"geodesic": false, "type": "Polygon", "coordinates": [[[78.85807538697827, 9.348624114159916], [78.85807593988234, 9.348533728595553], [78.85816694492493, 9.34853427771772], [78.85816749779308, 9.348443892144374], [78.85825850281769, 9.348444441239591], [78.85825905566786, 9.348354055666244], [78.85835006067451, 9.348354604734512], [78.85835061348875, 9.3482642191432], [78.85844161846846, 9.348264768184517], [78.85844217125575, 9.348174382593205], [78.85862418120617, 9.34817548058601], [78.85862473393956, 9.348085094985715], [78.85880674385405, 9.348086192879705], [78.85880619117455, 9.348176578488983], [78.85889719616324, 9.348177127404538], [78.85889885413884, 9.347905970549752], [78.85898985906465, 9.347906519429372], [78.85899041168126, 9.347816133802128], [78.85926342643172, 9.347817780270313], [78.85926397897647, 9.347727394634084], [78.8593549838843, 9.347727943405909], [78.85935443135752, 9.34781832905112], [78.8594454362923, 9.347818877804977], [78.85944433127467, 9.347999649104384], [78.85926232132425, 9.347998551551754], [78.85926176876154, 9.348088937196966], [78.85907975878418, 9.348087839536536], [78.85907920616756, 9.348178225163782], [78.85898820116091, 9.348177676293144], [78.85898764851734, 9.34826806192039], [78.8588056384771, 9.348266964098263], [78.85880508577964, 9.348357349707543], [78.85862307572141, 9.348356251786603], [78.85862252297005, 9.348446637386898], [78.85853151792747, 9.348446088390496], [78.85853096514916, 9.348536473981808], [78.85834895502806, 9.348535375899171], [78.85834840219586, 9.348625761481502], [78.85807538697827, 9.348624114159916]]]}, "id": "+6490+6602", "properties": {"count": 42, "water": 1}}, {"type": "Feature", "geometry": {"geodesic": false, "type": "Polygon", "coordinates": [[[78.85938881969305, 9.386776149951089], [78.85939103908875, 9.386414608142791], [78.85957306905364, 9.386415710097168], [78.85957362384417, 9.386325324631619], [78.86002869875189, 9.386328079081876], [78.86002814407814, 9.386418464574374], [78.860119159101, 9.386419015403341], [78.86011804978942, 9.386599786388336], [78.8602090648572, 9.386600337199337], [78.86020851021938, 9.386690722700818], [78.8602995253231, 9.38669127349385], [78.8602984160744, 9.386872044505797], [78.86020740092577, 9.386871493694796], [78.86020684626999, 9.386961879196278], [78.86011583110339, 9.38696132835833], [78.86011527641166, 9.387051713850827], [78.85993324604254, 9.387050612103064], [78.8599326913059, 9.38714099758658], [78.8597506609188, 9.387139895731018], [78.85975010612827, 9.38723028120555], [78.85956807571424, 9.38722917924219], [78.85956863054969, 9.387138793785626], [78.8594776153741, 9.387138242776997], [78.85947983476083, 9.386776700959718], [78.85938881969305, 9.386776149951089]]]}, "id": "+6500+6175", "properties": {"count": 71, "water": 1}}, {"type": "Feature", "geometry": {"geodesic": false, "type": "Polygon", "coordinates": [[[78.86069631140867, 9.276870890038246], [78.86069795512802, 9.276599731782087], [78.8608799283014, 9.276600820297666], [78.86087938044587, 9.276691206401019], [78.86115234032722, 9.276692839017182], [78.86115014913861, 9.277054383457543], [78.86105916241269, 9.277053839258143], [78.86105971024128, 9.27696345315479], [78.86078675017127, 9.276961820412863], [78.86078729806275, 9.276871434327477], [78.86069631140867, 9.276870890038246]]]}, "id": "+6502+7389", "properties": {"count": 17, "water": 1}}, {"type": "Feature", "geometry": {"geodesic": false, "type": "Polygon", "coordinates": [[[78.85982165831507, 9.330918395503152], [78.85982276107794, 9.330737623979166], [78.86000476213503, 9.330738719241094], [78.86000531346706, 9.330648333470117], [78.86009631398213, 9.330648881056165], [78.86009686527822, 9.330558495276206], [78.86018786577533, 9.330559042835304], [78.86018841704447, 9.330468657055345], [78.86027941752361, 9.330469204587494], [78.8602799687658, 9.330378818798552], [78.86037096922698, 9.33037936630375], [78.86037152044221, 9.330288980505825], [78.86055352133762, 9.330290075435377], [78.86055407249896, 9.330199689628467], [78.8606450729242, 9.330200237043835], [78.86064341950306, 9.330471394482528], [78.86073442000915, 9.330471941897896], [78.86073331774935, 9.330652713529679], [78.86082431830934, 9.33065326092708], [78.86082266493311, 9.330924418392721], [78.86073166431024, 9.33092387096837], [78.86073111314889, 9.331014256784263], [78.86045811122638, 9.331012614367479], [78.86045755999316, 9.331103000165404], [78.85991155614813, 9.331099714676068], [78.85991265888406, 9.330918943152081], [78.85982165831507, 9.330918395503152]]]}, "id": "+6503+6796", "properties": {"count": 67, "water": 1}}, {"type": "Feature", "geometry": {"geodesic": false, "type": "Polygon", "coordinates": [[[78.86064184568163, 9.375394731809742], [78.86064295337624, 9.375213960645082], [78.86073396550653, 9.375214510656582], [78.86073451932688, 9.375124125065268], [78.86082553143922, 9.375124675058801], [78.86082608522364, 9.375034289458505], [78.8610081094393, 9.37503538935574], [78.86100866316983, 9.37494500374646], [78.8610996752552, 9.37494555365016], [78.86109690665648, 9.37539748170554], [78.86091488225217, 9.37539638181729], [78.86091432846774, 9.375486767417586], [78.86073230403649, 9.375485667421536], [78.86073285786583, 9.375395281830224], [78.86064184568163, 9.375394731809742]]]}, "id": "+6511+6301", "properties": {"count": 20, "water": 1}}, {"type": "Feature", "geometry": {"geodesic": false, "type": "MultiPolygon", "coordinates": [[[[78.86054927469584, 9.39048911716873], [78.86054982947739, 9.390398731667249], [78.86045881338553, 9.390398180721501], [78.86045992298457, 9.390217409736506], [78.86036890694662, 9.390216858772792], [78.86036946175511, 9.390126473289277], [78.86046047776613, 9.390127024235024], [78.86046103254768, 9.390036638742526], [78.86055204854073, 9.390037189661323], [78.86055315804096, 9.389856418658361], [78.86046214209283, 9.389855867748546], [78.86046325161999, 9.389675096745583], [78.86037223572576, 9.389674545826786], [78.86037279050731, 9.389584160325304], [78.8604638063746, 9.389584711253086], [78.86046436112022, 9.389494325751604], [78.86091944042968, 9.389497079977282], [78.86091999504954, 9.389406694448851], [78.86137507437697, 9.389409448063674], [78.86137451987389, 9.389499833610072], [78.86146553577711, 9.389500384268358], [78.86146387229483, 9.389771540943482], [78.86164590426296, 9.389772642224122], [78.8616453498048, 9.389863027797468], [78.86173636581582, 9.389863578401854], [78.86173581137562, 9.389953963975202], [78.86164479533765, 9.38995341336183], [78.86164424087052, 9.390043798926195], [78.86137119271172, 9.390042146924387], [78.86137063816372, 9.390132532479768], [78.86109758998695, 9.39013088025338], [78.8610970353671, 9.390221265781811], [78.86091500322829, 9.390220164177778], [78.86091444855454, 9.390310549697226], [78.86082343247165, 9.390309998850295], [78.86082287776196, 9.390400384369743], [78.86064084556926, 9.390399282595029], [78.86064029080568, 9.39048966809651], [78.86054927469584, 9.39048911716873]]], [[[78.86054927469584, 9.39048911716873], [78.86054871990531, 9.390579502670212], [78.86045770377751, 9.390578951715481], [78.86045825858602, 9.390488566222983], [78.86054927469584, 9.39048911716873]]]]}, "id": "+6515+6141", "properties": {"count": 106, "water": 1}}, {"type": "Feature", "geometry": {"geodesic": false, "type": "Polygon", "coordinates": [[[78.8614699714873, 9.388777299780399], [78.86147163478992, 9.388506143087309], [78.8615626504416, 9.388506693664747], [78.86156209603735, 9.388597079238094], [78.86165311171598, 9.388597629788581], [78.8616520029344, 9.388778400944258], [78.86174301866694, 9.388778951485763], [78.86174246429862, 9.388869337068092], [78.86201551160401, 9.388870988575826], [78.86201495729857, 9.38896137416714], [78.86210597309399, 9.388961924627797], [78.86210486451004, 9.389142695828388], [78.86219588036835, 9.389143246280062], [78.86219532608985, 9.389233631880359], [78.86228634197509, 9.389234182314066], [78.86228523344505, 9.389414953532624], [78.8623762493842, 9.389415503948365], [78.86237569513266, 9.389505889566626], [78.86219366321842, 9.38950478869023], [78.86219310892196, 9.389595174290525], [78.86210209294688, 9.389594623820885], [78.86210153861448, 9.389685009412199], [78.86191950663738, 9.389683908383088], [78.86192006101469, 9.389593522791774], [78.86182904505758, 9.38959297225027], [78.86183070822544, 9.38932181550328], [78.86173969234918, 9.389321264952793], [78.86174080113973, 9.389140493797116], [78.86164978531737, 9.389139943228662], [78.86165089413487, 9.388959172090951], [78.8615598783664, 9.388958621513513], [78.86156098721085, 9.388777850375803], [78.8614699714873, 9.388777299780399]]]}, "id": "+6517+6151", "properties": {"count": 50, "water": 1}}, {"type": "Feature", "geometry": {"geodesic": false, "type": "Polygon", "coordinates": [[[78.86129348466672, 9.38787234298189], [78.86129403909791, 9.38778195742651], [78.8616581009411, 9.38778415959253], [78.8616586552735, 9.387693774019183], [78.86202271710769, 9.387695975798929], [78.86202160863155, 9.38787674699952], [78.86211262414848, 9.387877297397294], [78.8621120699239, 9.38796768299759], [78.86202105438, 9.387967132599815], [78.86202050012845, 9.388057518200112], [78.86183846901372, 9.388056417314731], [78.86183791470827, 9.388146802897062], [78.86156486799577, 9.388145151380344], [78.86156542237308, 9.388054765806997], [78.86147440683817, 9.38805421525651], [78.86147496123344, 9.387963829692145], [78.86138394573447, 9.38796327912369], [78.86138450013874, 9.38787289356831], [78.86129348466672, 9.38787234298189]]]}, "id": "+6522+6160", "properties": {"count": 29, "water": 1}}, {"type": "Feature", "geometry": {"geodesic": false, "type": "Polygon", "coordinates": [[[78.86210819020798, 9.388600382226612], [78.8621087444685, 9.388509996626317], [78.86229077585273, 9.388511097421866], [78.86229022163711, 9.388601483040128], [78.86238123736067, 9.38860203340197], [78.86238068316301, 9.388692419020233], [78.8624716989225, 9.388692969373091], [78.8624728072639, 9.388512198127582], [78.8623817915583, 9.388511647783707], [78.86238345409735, 9.38824049092892], [78.86247446974006, 9.38824104125483], [78.86247502388382, 9.388150655627584], [78.8626570551243, 9.388151756198555], [78.86265760922313, 9.388061370562326], [78.86283964043668, 9.3880624710255], [78.86284019448162, 9.387972085380287], [78.86329527250649, 9.387974836102535], [78.86329471858731, 9.388065221774696], [78.86338573423002, 9.388065771858061], [78.86338407249946, 9.38833692889251], [78.86347508822301, 9.388337478966891], [78.86347176474392, 9.388879793062742], [78.86338074888562, 9.38887924296141], [78.86338019493051, 9.388969628633571], [78.86256105219684, 9.38896467658972], [78.86256160636754, 9.388874290962475], [78.86237957475873, 9.388873190256756], [78.86238012896537, 9.388782804638495], [78.86228911318791, 9.388782254258686], [78.86228966742149, 9.388691868649406], [78.862198651671, 9.388691318251633], [78.86219920592255, 9.388600932642353], [78.86210819020798, 9.388600382226612]]]}, "id": "+6536+6157", "properties": {"count": 118, "water": 1}}, {"type": "Feature", "geometry": {"geodesic": false, "type": "Polygon", "coordinates": [[[78.86284391148568, 9.431810725156879], [78.86284613812181, 9.431449183447398], [78.86311921903318, 9.431450841521816], [78.86311977561137, 9.431360456074234], [78.86330182953432, 9.43136156133441], [78.86330127301004, 9.431451946781992], [78.86357435401125, 9.431453604506068], [78.86357379754985, 9.431543989971617], [78.86375585162551, 9.431545095016197], [78.86375473877457, 9.431725865974245], [78.86366371168734, 9.431725313456447], [78.86366315523492, 9.431815698930977], [78.8635721281297, 9.431815146377247], [78.86357157164136, 9.431905531851779], [78.86338951740399, 9.431904426672451], [78.86339007392827, 9.431814041215885], [78.86329904684104, 9.431813488599271], [78.86329960339226, 9.431723103142707], [78.86320857633197, 9.431722550508127], [78.86320913290118, 9.431632165060543], [78.86302707884347, 9.431631059728502], [78.86302652222936, 9.431721445167103], [78.86293549518703, 9.431720892460657], [78.86293493854598, 9.431811277890274], [78.86284391148568, 9.431810725156879]]]}, "id": "+6539+5677", "properties": {"count": 35, "water": 1}}, {"type": "Feature", "geometry": {"geodesic": false, "type": "Polygon", "coordinates": [[[78.86374527867919, 9.43326241905027], [78.8637469482251, 9.432991262635657], [78.8640200305109, 9.432992920278885], [78.86402058694536, 9.432902534786386], [78.86411161436497, 9.432903087277236], [78.86411328356054, 9.432631930799742], [78.86402225621278, 9.432631378317875], [78.86402392542631, 9.43236022184038], [78.8639328981594, 9.432359669358515], [78.86393456739988, 9.432088512898986], [78.86411662179894, 9.432089617808819], [78.86411606544534, 9.4321800033103], [78.86402503821436, 9.432179450855385], [78.86402448182483, 9.432269836347883], [78.86411550907377, 9.432270388811782], [78.86411383995008, 9.43254154529826], [78.86420486727985, 9.432542097753176], [78.8642037545457, 9.432722868747156], [78.86429478192939, 9.432723421184106], [78.86429311285958, 9.432994577706516], [78.86438414031514, 9.432995130134485], [78.86438302761691, 9.433175901155414], [78.86429200011645, 9.43317534870948], [78.8642914437359, 9.433265734219944], [78.86410938869902, 9.433264629256213], [78.86410883226458, 9.43335501474871], [78.86383574967334, 9.433353357114466], [78.86383630617068, 9.43326297163095], [78.86374527867919, 9.43326241905027]]]}, "id": "+6548+5669", "properties": {"count": 40, "water": 1}}, {"type": "Feature", "geometry": {"geodesic": false, "type": "Polygon", "coordinates": [[[78.8635605649435, 9.38924188588865], [78.86356111887166, 9.389151500207506], [78.86365213481979, 9.389152050281886], [78.86365435037071, 9.388790507512393], [78.86374536622002, 9.388791057541859], [78.86374647391463, 9.388610286143637], [78.86365545811023, 9.388609736132137], [78.86365656583179, 9.3884289647429], [78.86374758159127, 9.388429514745415], [78.86374813542062, 9.388339129046305], [78.86365711967909, 9.388338579043788], [78.86365878120304, 9.388067421955439], [78.86356776553339, 9.388066871943941], [78.86357053474298, 9.38761494348432], [78.86366155028686, 9.38761549346887], [78.86366431923592, 9.387163564964332], [78.86357330380882, 9.387163015015716], [78.86357718027283, 9.386530315130923], [78.86366819553824, 9.386530865043607], [78.86366874926877, 9.386440479335514], [78.8637597645162, 9.386441029230232], [78.86376031821979, 9.386350643522139], [78.86385133344028, 9.386351193380923], [78.86385188711691, 9.386260807663847], [78.86394290232842, 9.386261357495682], [78.86394345597809, 9.386170971769623], [78.86412548636518, 9.386172071352446], [78.86412603995198, 9.386081685617402], [78.86421705513655, 9.38608223536839], [78.86421760869639, 9.385991849633347], [78.86430862386298, 9.385992399357384], [78.86430917739588, 9.385902013613359], [78.86449120768415, 9.385903112971603], [78.86449065419617, 9.385993498733596], [78.86458166937176, 9.385994048385768], [78.86458056242274, 9.386174819900772], [78.86467157765223, 9.386175369543961], [78.8646710241912, 9.386265755314938], [78.86494406998743, 9.38626740410976], [78.86494296319114, 9.386448175669678], [78.86485194788081, 9.386447626080386], [78.86485028757856, 9.386718783402298], [78.86475927219638, 9.386718233777074], [78.86475871872636, 9.38680861954805], [78.86484973412652, 9.386809169182257], [78.86484696682137, 9.387261098037136], [78.8649379823473, 9.387261647671343], [78.86493632197319, 9.387532805002238], [78.86502733757098, 9.38753335462746], [78.86502678412792, 9.387623740407419], [78.86493576850317, 9.387623190773212], [78.86492857286301, 9.388798205804884], [78.86483755693284, 9.388797656080845], [78.8648364497862, 9.388978427604831], [78.86447238593978, 9.388976228421217], [78.86447183225417, 9.389066614165245], [78.86428980032197, 9.389065514420723], [78.86428924659145, 9.389155900146784], [78.86401619865723, 9.389154250345848], [78.86401564484585, 9.389244636053942], [78.8635605649435, 9.38924188588865]]]}, "id": "+6549+6180", "properties": {"count": 455, "water": 1}}, {"type": "Feature", "geometry": {"geodesic": false, "type": "MultiPolygon", "coordinates": [[[[78.86695332597132, 9.444490115971028], [78.86686229534472, 9.444489563543062], [78.86686173895518, 9.444579949134374], [78.86695276960873, 9.444580501571323], [78.86695110048504, 9.444851658381195], [78.86704213121045, 9.444852210809163], [78.86704268756405, 9.444761825199883], [78.8671337182805, 9.4447623776009], [78.86713149291099, 9.445123920047001], [78.8673135545325, 9.445125024822087], [78.86731188558846, 9.445396181685856], [78.86740291648456, 9.445396734050941], [78.86740236018485, 9.445487119678187], [78.86758442203096, 9.445488224345477], [78.8675833095034, 9.445668995617932], [78.86767434048933, 9.44566954792912], [78.86767378423454, 9.445759933574331], [78.86758275323065, 9.445759381254161], [78.8675821969579, 9.44584976689039], [78.86776425901958, 9.445850871512762], [78.86776259030013, 9.446122028439415], [78.86794465252352, 9.446123132998904], [78.86794409632262, 9.4462135186531], [78.86803512746127, 9.446214070910386], [78.86803345888553, 9.446485227881956], [78.86821552133351, 9.44648633234263], [78.86821496518651, 9.446576718014793], [78.86812393393109, 9.446576165784455], [78.86812337774816, 9.446666551447633], [78.86803234647478, 9.446665999190346], [78.86802789661611, 9.447389084423905], [78.86811892806917, 9.447389636717125], [78.86811837184133, 9.447480022380303], [78.86820940333031, 9.447480574655556], [78.86820717842794, 9.447842117299286], [78.86811614684912, 9.447841564997082], [78.86811559058535, 9.447931950651277], [78.86829765379687, 9.4479330552467], [78.86829598512233, 9.448204212236234], [78.8682049534447, 9.448203659934032], [78.86820384091716, 9.448384431251405], [78.86829487263971, 9.44838498356259], [78.86829264762055, 9.448746526206321], [78.86838367945089, 9.448747078517506], [78.86838312320508, 9.448837464180684], [78.86847415506237, 9.448838016473905], [78.86847304259771, 9.449018787809244], [78.8683820106955, 9.449018235516023], [78.86838145443173, 9.449108621179201], [78.8679262948578, 9.449105859299879], [78.86792573846826, 9.449196244936106], [78.86747057892127, 9.449193482436945], [78.86747002240597, 9.449283868046225], [78.86710589477018, 9.44928165760672], [78.86710700798045, 9.449100886433078], [78.86701597613214, 9.449100333771549], [78.86701764597449, 9.448829177015575], [78.86719970952738, 9.448830282275752], [78.86720082262984, 9.448649511084144], [78.86729185437036, 9.448650063673806], [78.86729296740995, 9.448469292464232], [78.86738399910554, 9.448469845017962], [78.86738511207326, 9.448289073799405], [78.86729408042258, 9.44828852126364], [78.86729519340827, 9.448107750054065], [78.86702209863589, 9.448106092321005], [78.86702321174734, 9.447925321147363], [78.86711424328124, 9.447925873737027], [78.86711758233712, 9.447383560153217], [78.86702655093796, 9.447383007599486], [78.8670282204659, 9.447111850816563], [78.86693718914759, 9.44711129825385], [78.86693885868452, 9.446840141488893], [78.86684782744706, 9.446839588917197], [78.86684838397134, 9.446749203325883], [78.86648425914728, 9.44674699283248], [78.86648370252418, 9.446837378396843], [78.8663926713047, 9.446836825708365], [78.8663937845958, 9.446656054588622], [78.86657584693597, 9.446657159920663], [78.86657640352314, 9.446566774356299], [78.86666743467975, 9.446567326981896], [78.86666799123996, 9.446476941399567], [78.8667590223786, 9.446477493998213], [78.86676013542719, 9.446296722833553], [78.86666910433345, 9.446296170252873], [78.86667133046653, 9.445934627932537], [78.86658029948059, 9.445934075351857], [78.86658419515958, 9.445301376320463], [78.86649316434432, 9.445300823748767], [78.8664937208686, 9.44521043817542], [78.8664026900803, 9.445209885585756], [78.86640380316481, 9.445029114448046], [78.86649483390819, 9.445029667028727], [78.86649594692982, 9.444848895882034], [78.86640491623135, 9.444848343310337], [78.86640602927093, 9.444667572172627], [78.86631499863535, 9.444667019591945], [78.86631666822616, 9.444395862889872], [78.86640769878989, 9.44439641546157], [78.86640825528723, 9.444306029888223], [78.8665903163967, 9.444307134941786], [78.86659142927459, 9.444126363777126], [78.86640936826393, 9.44412525874153], [78.86640881177557, 9.444215644314877], [78.86622675073797, 9.444214539180464], [78.8662261942047, 9.444304924744827], [78.86613516366793, 9.444304372137198], [78.86613572022814, 9.444213986572834], [78.86604468971832, 9.444213433947239], [78.86604524629651, 9.44412304840084], [78.86595421582261, 9.444122495757277], [78.86595477241877, 9.44403211021088], [78.865317559398, 9.444028241068137], [78.86531811615583, 9.443937855566656], [78.8639526609699, 9.443929560756885], [78.86395321807808, 9.443839175327268], [78.86377115752556, 9.443838068962163], [78.86377171467868, 9.443747683541531], [78.86368068442935, 9.44374713033203], [78.86368012725829, 9.44383751574368], [78.86331600625206, 9.443835302645162], [78.86331656351297, 9.443744917251479], [78.86358965419802, 9.44374657709558], [78.86359021138705, 9.443656191692913], [78.86541081671461, 9.443667251813572], [78.86541026000168, 9.44375763733302], [78.86559232070692, 9.443758742835742], [78.86559176402993, 9.443849128364173], [78.8659558855931, 9.443851339118087], [78.86595644218026, 9.443760953562705], [78.86650262455647, 9.44376426895696], [78.86650206811304, 9.443854654530305], [78.866593098551, 9.443855207021155], [78.86659198570904, 9.444035978194798], [78.8666830162009, 9.444036530667681], [78.8666819033769, 9.444217301841324], [78.86677293392266, 9.444217854305222], [78.86677237753312, 9.444308239896536], [78.86686340810583, 9.444308792342468], [78.86686285172527, 9.444399177942765], [78.8669538823339, 9.444399730370732], [78.86695332597132, 9.444490115971028]], [[78.86640658578624, 9.444577186599279], [78.86640714229256, 9.444486801034916], [78.86649817289221, 9.444487353579664], [78.86649761640385, 9.444577739153011], [78.86640658578624, 9.444577186599279]], [[78.86748782802101, 9.446391528297761], [78.86748894068332, 9.446210757052253], [78.86757997179501, 9.446211309417338], [78.86757885918661, 9.446392080680813], [78.86748782802101, 9.446391528297761]]], [[[78.86695332597132, 9.444490115971028], [78.86704435660691, 9.444490668381029], [78.86704380026228, 9.444581053990309], [78.86695276960873, 9.444580501571323], [78.86695332597132, 9.444490115971028]]]]}, "id": "+6563+5541", "properties": {"count": 722, "water": 1}}, {"type": "Feature", "geometry": {"geodesic": false, "type": "Polygon", "coordinates": [[[78.8677375005339, 9.375979879752261], [78.86773970869169, 9.375618335743093], [78.867830721352, 9.375618883966945], [78.8678329293301, 9.375257339930826], [78.868014954489, 9.375258436252766], [78.86801550641391, 9.375168050230261], [78.86810651898438, 9.375168598346315], [78.86810707088235, 9.37507821232381], [78.86828909598734, 9.37507930847507], [78.8682896478314, 9.374988922443583], [78.86847167290945, 9.374990018496026], [78.86847001747607, 9.375261176635405], [78.86819697966587, 9.37525953247589], [78.8681964277769, 9.375349918507377], [78.86810541516151, 9.375349370400306], [78.86810431131168, 9.375530142445315], [78.86819532397199, 9.37553069056137], [78.86819422015809, 9.37571146261536], [78.8682852328723, 9.375712010722431], [78.86828412907637, 9.375892782785407], [78.86846615462154, 9.375893878945648], [78.86846560275951, 9.375984264995102], [78.86864762836757, 9.375985361065512], [78.86864707655046, 9.376075747123949], [78.86873808939042, 9.376076295132206], [78.86873753759127, 9.376166681190643], [78.86882855045818, 9.376167229180933], [78.86882799867699, 9.37625761523937], [78.86891901157085, 9.376258163211691], [78.86891956333407, 9.376167777144271], [78.86937462777641, 9.376170516628596], [78.86937297283711, 9.376441674920688], [78.86946398581182, 9.376442222758264], [78.8694628825459, 9.376622994955985], [78.86937186951731, 9.376622447100443], [78.86937021449715, 9.376893605374569], [78.86927920140566, 9.376893057483093], [78.86927864969635, 9.37698344356848], [78.86909662348643, 9.376982347704681], [78.8690960717322, 9.377072733781084], [78.86854999309344, 9.377069445578835], [78.86854888927955, 9.377250217659777], [78.86845787614314, 9.37724966953474], [78.86845677224841, 9.377430441606698], [78.86836575907607, 9.377429893445727], [78.86837017469993, 9.376706805193828], [78.86827916171625, 9.376706257059809], [78.86828136948775, 9.376344712942842], [78.86819035660287, 9.37634416479984], [78.86819256438336, 9.375982620700839], [78.8681015515973, 9.375982072557836], [78.86809989570578, 9.376253230616365], [78.86800888285684, 9.37625268243743], [78.86800943485362, 9.376162296423908], [78.86791842204062, 9.376161748218024], [78.86791897404638, 9.376071362213485], [78.8678279612603, 9.376070813989633], [78.86782851329302, 9.375980427985096], [78.8677375005339, 9.375979879752261]], [[78.86837348617753, 9.376164488986939], [78.86837403807549, 9.376074102955451], [78.86855606371948, 9.376075199088744], [78.86855551187541, 9.376165585138198], [78.86837348617753, 9.376164488986939]]]}, "id": "+6592+6301", "properties": {"count": 186, "water": 1}}, {"type": "Feature", "geometry": {"geodesic": false, "type": "Polygon", "coordinates": [[[78.86848520372054, 9.342901848279425], [78.8684857535883, 9.342811462068275], [78.86857675776851, 9.34281200819007], [78.86857785745015, 9.342631235749801], [78.86866886158543, 9.342631781844645], [78.86866941139031, 9.342541395615529], [78.86894242376023, 9.342543033729383], [78.86894187401823, 9.342633419976465], [78.8691238823427, 9.342634511941576], [78.86912333264561, 9.342724898197641], [78.8692143368348, 9.342725444148755], [78.86921378715567, 9.342815830404822], [78.86930479138078, 9.342816376346953], [78.86930424171963, 9.342906762603018], [78.86921323747654, 9.342906216660888], [78.86921268777947, 9.342996602916953], [78.86912168351842, 9.342996056947873], [78.86912058407933, 9.34317682944204], [78.86893857547638, 9.343175737405065], [78.86893912524533, 9.343085351166964], [78.86875711671425, 9.34308425904914], [78.86875766652811, 9.342993872820024], [78.86857565805991, 9.342992780621353], [78.86857620791871, 9.34290239440122], [78.86848520372054, 9.342901848279425]]]}, "id": "+6595+6660", "properties": {"count": 38, "water": 1}}, {"type": "Feature", "geometry": {"geodesic": false, "type": "Polygon", "coordinates": [[[78.87053873511357, 9.349422218232858], [78.87053928484659, 9.349331831931877], [78.87063029084138, 9.34933237790994], [78.87063084054745, 9.349241991599975], [78.87081285250112, 9.34924308346627], [78.87081340215329, 9.349152697156306], [78.87117742603367, 9.349154880592451], [78.87117687647132, 9.349245266929366], [78.87126788248409, 9.34924581273675], [78.87126733293971, 9.349336199082648], [78.87117632690898, 9.34933565326628], [78.87117577734664, 9.349426039603195], [78.87090275920953, 9.349424402010365], [78.87090220956634, 9.349514788338297], [78.87062919142025, 9.349513150511905], [78.87062974113532, 9.349422764210923], [78.87053873511357, 9.349422218232858]]]}, "id": "+6620+6587", "properties": {"count": 21, "water": 1}}, {"type": "Feature", "geometry": {"geodesic": false, "type": "Polygon", "coordinates": [[[78.87105559014577, 9.413873021940933], [78.87105669704987, 9.41369224994084], [78.87114771986113, 9.413692799503181], [78.87114827327724, 9.413602413498644], [78.8715123644594, 9.413604611496481], [78.87151015111834, 9.413966155613448], [78.87160117401943, 9.413966705076973], [78.87160062069314, 9.414057091117444], [78.87114550611582, 9.414054343530315], [78.87114661299297, 9.41387357152124], [78.87105559014577, 9.413873021940933]]]}, "id": "+6628+5874", "properties": {"count": 23, "water": 1}}, {"type": "Feature", "geometry": {"geodesic": false, "type": "Polygon", "coordinates": [[[78.8721920094116, 9.43638683178807], [78.87219311842674, 9.43620605987781], [78.8723751759699, 9.436207160996751], [78.87237462152073, 9.436297546965358], [78.87246565032375, 9.436298097497879], [78.87246287807787, 9.436750027340906], [78.87255390700666, 9.436750577873427], [78.87255058027567, 9.437292893712009], [78.87236852213961, 9.437291792557135], [78.87236907666066, 9.437201406597511], [78.87227804762406, 9.437200855984141], [78.87227915668412, 9.43702008407388], [78.87237018567579, 9.437020634669285], [78.87237074016988, 9.436930248709663], [78.87227971120517, 9.436929698114259], [78.8722830382326, 9.436387382365508], [78.8721920094116, 9.43638683178807]]]}, "id": "+6639+5624", "properties": {"count": 29, "water": 1}}, {"type": "Feature", "geometry": {"geodesic": false, "type": "Polygon", "coordinates": [[[78.87178432638434, 9.413787031842238], [78.87178653939303, 9.413425487662389], [78.87205960774597, 9.413427135675677], [78.87206126723972, 9.4131559774824], [78.8719702445183, 9.41315542818057], [78.87197190403002, 9.412884269996276], [78.87188088138943, 9.412883720694447], [78.87188198774555, 9.412702948577573], [78.87206403294587, 9.4127040471453], [78.87206347981721, 9.41279443321272], [78.87215450243983, 9.412794982469634], [78.87215560865222, 9.412614210325811], [78.87251969903487, 9.412616407057024], [78.87252025203776, 9.412526020962654], [78.87261127462445, 9.412526570084822], [78.87261072163952, 9.41261695617919], [78.87270174426213, 9.412617505283391], [78.87269953238533, 9.412979049705784], [78.87279055510675, 9.412979598801002], [78.87279000214878, 9.413069984913339], [78.87269897940939, 9.413069435809136], [78.87269842641548, 9.41315982191249], [78.87288047194816, 9.413160920102925], [78.8728788131012, 9.413432078439932], [78.8729698359394, 9.413432627526166], [78.8729687300594, 9.413613399759821], [78.87287770716729, 9.413612850664604], [78.87287715419134, 9.41370323677694], [78.87296817711041, 9.413703785872157], [78.87296762415244, 9.413794171984492], [78.87305864709843, 9.413794721070726], [78.87305698826944, 9.414065879425701], [78.8731480112873, 9.414066428493967], [78.87314690542526, 9.414247200745589], [78.8729648592907, 9.414246102555154], [78.87296430630578, 9.414336488676474], [78.87323737558397, 9.414338135935177], [78.87323571679988, 9.4146092943171], [78.87332673997047, 9.414609843367401], [78.87332508120434, 9.41488100176729], [78.87314303471945, 9.414879903594821], [78.87314248174351, 9.414970289716141], [78.8728694119892, 9.414968642277774], [78.87287051808481, 9.41478787007107], [78.87277949488728, 9.41478732088602], [78.87278060100984, 9.4146065486883], [78.8726895778662, 9.414605999485284], [78.87269013094993, 9.414515613390913], [78.87278115406663, 9.414516162584945], [78.87278226015326, 9.414335390378241], [78.87269123708148, 9.414334841202175], [78.87269179013826, 9.414244455107806], [78.87250974406659, 9.414243356683809], [78.87250753160588, 9.414604901025355], [78.87259855473155, 9.414605450273285], [78.87259800162984, 9.414695836358671], [78.87250697847722, 9.41469528711074], [78.8725064253396, 9.414785673196127], [78.87214233269317, 9.41478347594389], [78.87214288592065, 9.414693089885454], [78.87205186279498, 9.414692540511759], [78.8720524160404, 9.414602154462305], [78.87241650848021, 9.414604351759456], [78.87241706162683, 9.414513965683053], [78.87205296928585, 9.414511768403868], [78.8720535225223, 9.41442138234543], [78.8719624994685, 9.414420832971736], [78.87196581891415, 9.413878516648065], [78.87187479601306, 9.413877967283353], [78.8718753492495, 9.413787581224916], [78.87178432638434, 9.413787031842238]], [[78.87215063053925, 9.41342768495954], [78.8721528430898, 9.413066140680877], [78.8723348885057, 9.41306723914979], [78.87233433542197, 9.413157625235176], [78.87242535816137, 9.413158174438191], [78.87242480510457, 9.413248560523577], [78.87233378233823, 9.413248011311579], [78.8723321230421, 9.413519169549772], [78.87242314588032, 9.413519718779737], [78.87242148660215, 9.413790877026912], [78.87260353243128, 9.413791975441926], [78.87260297937449, 9.413882361536295], [78.87251195643748, 9.41388181233328], [78.87251140335374, 9.41397219842765], [78.87232935744376, 9.41397109994077], [78.8723299105724, 9.413880713864367], [78.87223888764437, 9.41388016459847], [78.87223944079997, 9.413789778522068], [78.87233046370106, 9.413790327787964], [78.87233156993142, 9.413609555635158], [78.87224054708423, 9.413609006378245], [78.87224165334153, 9.413428234234422], [78.87215063053925, 9.41342768495954]]]}, "id": "+6640+5886", "properties": {"count": 237, "water": 1}}, {"type": "Feature", "geometry": {"geodesic": false, "type": "Polygon", "coordinates": [[[78.87345754925549, 9.378274031353028], [78.87345975203237, 9.377912486041303], [78.8735507656359, 9.377913032926665], [78.87355131629418, 9.37782264658975], [78.87373334347429, 9.37782374026166], [78.87373279286092, 9.377914126607557], [78.87400583373439, 9.377915766967199], [78.87400418208293, 9.378186926040824], [78.87409519578526, 9.378187472791438], [78.87409354415176, 9.378458631883031], [78.87400253037755, 9.37845808511445], [78.87400197979113, 9.378548471469331], [78.87381995220679, 9.378547377842338], [78.87381940157545, 9.378637764188236], [78.87354636017199, 9.378636123568082], [78.87354856294886, 9.378274578247375], [78.87345754925549, 9.378274031353028]]]}, "id": "+6650+6270", "properties": {"count": 47, "water": 1}}, {"type": "Feature", "geometry": {"geodesic": false, "type": "Polygon", "coordinates": [[[78.87304529628278, 9.34130216951939], [78.87304694206826, 9.341031010050505], [78.87331995404291, 9.341032644544148], [78.87332050255422, 9.340942258036552], [78.87359351451093, 9.340943892305617], [78.87359406295037, 9.340853505780055], [78.87377607089755, 9.340854595158017], [78.87377661928309, 9.340764208623474], [78.87395862720332, 9.340765297902621], [78.87395917554396, 9.340674911359095], [78.8740501794906, 9.340675455962735], [78.87404963117692, 9.340765842506261], [78.8741406351505, 9.340766387091938], [78.87414008686376, 9.340856773644447], [78.8742310908643, 9.340857318212155], [78.87423054259554, 9.340947704773649], [78.87413953855906, 9.34094716020594], [78.87413899026335, 9.34103754675845], [78.8742299943088, 9.341038091335143], [78.87422944602207, 9.341128477887652], [78.87432045010345, 9.341129022446378], [78.87431880528817, 9.341400182139841], [78.87440980944142, 9.341400726689583], [78.87440871292185, 9.341581499821553], [78.8743177087147, 9.341580955262828], [78.87431716041898, 9.341671341824322], [78.87413515197774, 9.341670252626022], [78.8741346036371, 9.341760639178533], [78.87386159095277, 9.341759005187948], [78.87386104252231, 9.34184939172249], [78.8736790340541, 9.341848302272664], [78.87367848557872, 9.341938688789241], [78.8734964770746, 9.341937599231617], [78.87349592854531, 9.342027985748194], [78.87331392002322, 9.342026896082771], [78.87331611428407, 9.341665350079342], [78.87322511013082, 9.341664805233156], [78.87322565870501, 9.341574418734545], [78.87313465456972, 9.341573873870393], [78.87313630033722, 9.341302714392524], [78.87304529628278, 9.34130216951939]], [[78.87331830846406, 9.341303804057947], [78.87331885699334, 9.341213417559336], [78.87359186915666, 9.341215051864333], [78.87359132069923, 9.341305438389893], [78.87331830846406, 9.341303804057947]], [[78.87340711845528, 9.34166589489858], [78.87340766698456, 9.341575508390985], [78.87358967528208, 9.34157659794861], [78.8735891268067, 9.34166698447417], [78.87340711845528, 9.34166589489858]], [[78.87386323619026, 9.341487845584314], [78.8738637845848, 9.341397459049771], [78.87404579285537, 9.341398548355867], [78.87404524449677, 9.341488934899395], [78.87386323619026, 9.341487845584314]], [[78.8738654297594, 9.341126299437155], [78.87386597813597, 9.341035912893629], [78.87395698217244, 9.341036457542186], [78.87395643381385, 9.341126844085712], [78.8738654297594, 9.341126299437155]]]}, "id": "+6651+6681", "properties": {"count": 128, "water": 1}}, {"type": "Feature", "geometry": {"geodesic": false, "type": "Polygon", "coordinates": [[[78.87373860567048, 9.362005576645819], [78.8737397049838, 9.36182480380131], [78.87392172384551, 9.361825895532858], [78.87392227345278, 9.361735509097128], [78.87419530172288, 9.361737146501312], [78.8741958512403, 9.361646760047618], [78.87437787007505, 9.361647851518654], [78.87437732059357, 9.361738237981333], [78.87446833003789, 9.361738783689901], [78.87446668163832, 9.362009943095904], [78.8745576911635, 9.36201048879549], [78.8745560427819, 9.362281648219458], [78.8743740236058, 9.362280556757405], [78.87437347408836, 9.362370943220084], [78.8740094357002, 9.362368759999534], [78.87400998531643, 9.362278373563804], [78.87391897575533, 9.36227782770252], [78.87391952538954, 9.362187441275776], [78.87382851585538, 9.362186895396526], [78.87382961514176, 9.362006122534051], [78.87373860567048, 9.362005576645819]]]}, "id": "+6656+6449", "properties": {"count": 51, "water": 1}}, {"type": "Feature", "geometry": {"geodesic": false, "type": "Polygon", "coordinates": [[[78.87461931810728, 9.44137292397233], [78.87462098061937, 9.441101765752103], [78.87489407123256, 9.441103416370504], [78.87489517939429, 9.44092264419075], [78.87480414923482, 9.440922094017553], [78.87480470333365, 9.440831707932167], [78.87498676361668, 9.440832808233644], [78.87498399330217, 9.441284738714474], [78.87507502357843, 9.441285288851736], [78.87507280731784, 9.44164683324718], [78.87516383768393, 9.441647383384444], [78.87516328363002, 9.441737769487796], [78.87498122285291, 9.441736669177338], [78.87498233105059, 9.441555896988598], [78.87470924006011, 9.441554246370197], [78.87470979422183, 9.441463860293794], [78.87498288514043, 9.44146551089423], [78.87498343923028, 9.441375124808843], [78.8748013786598, 9.441374024435502], [78.87480193278559, 9.441283638350116], [78.87471090253626, 9.441283088140988], [78.87471034838354, 9.441373474217391], [78.87461931810728, 9.44137292397233]]]}, "id": "+6668+5573", "properties": {"count": 24, "water": 1}}, {"type": "Feature", "geometry": {"geodesic": false, "type": "Polygon", "coordinates": [[[78.87522826835055, 9.445986466105339], [78.87522882264702, 9.445896080019953], [78.87531985413601, 9.445896630363828], [78.87531929986649, 9.445987016458199], [78.87522826835055, 9.445986466105339]]]}, "id": "+6672+5517", "properties": {"count": 1, "water": 1}}, {"type": "Feature", "geometry": {"geodesic": false, "type": "Polygon", "coordinates": [[[78.87548204876941, 9.329656449432441], [78.87548642683471, 9.328933355880483], [78.87603243287163, 9.328936616720048], [78.87603188577067, 9.329027003443239], [78.87621388786981, 9.329028090216086], [78.87621334081378, 9.32911847694826], [78.87630434190378, 9.329119020303242], [78.87630379485671, 9.329209407053382], [78.87621279375773, 9.329208863689416], [78.87621169960971, 9.329389637162745], [78.8763027007626, 9.329390180535695], [78.87630215370655, 9.329480567276851], [78.8762111525357, 9.329480023894918], [78.87621060544373, 9.329570410636075], [78.8759376018773, 9.329568780346548], [78.87593705472244, 9.329659167069739], [78.87548204876941, 9.329656449432441]]]}, "id": "+6672+6811", "properties": {"count": 61, "water": 1}}, {"type": "Feature", "geometry": {"geodesic": false, "type": "MultiPolygon", "coordinates": [[[[78.87256055987575, 9.435665946160332], [78.87256000549844, 9.43575633213792], [78.8726510341757, 9.435756882589594], [78.87265047981636, 9.435847268576167], [78.87246842242591, 9.435846167636887], [78.87246953122545, 9.435665395690693], [78.87256055987575, 9.435665946160332]]], [[[78.87573881579912, 9.436950604084842], [78.87573660127228, 9.437312148722832], [78.87582763054243, 9.437312698437887], [78.87582818415618, 9.437222312271652], [78.87591921340835, 9.43722286196874], [78.8759181062168, 9.43740363430121], [78.8758270769197, 9.43740308460412], [78.87582596965628, 9.437583856927608], [78.87591699900727, 9.437584406642662], [78.8759158917708, 9.437765178975132], [78.87600692116672, 9.43776572867222], [78.87600415310699, 9.438217659530343], [78.87609518262866, 9.438218209227433], [78.87609352178742, 9.438489367753085], [78.87618455138995, 9.438489917450175], [78.8761817833392, 9.438941848335247], [78.87627281306749, 9.438942398032335], [78.8762705986215, 9.439303942751172], [78.87636162843962, 9.439304492448262], [78.87635886037988, 9.439756423369266], [78.87644989032377, 9.439756973066356], [78.87644822949152, 9.44002813162794], [78.87653925951625, 9.44002868132503], [78.87653870592048, 9.440119067518214], [78.87662973597216, 9.440119617188353], [78.87662918239435, 9.440210003381537], [78.87653815231572, 9.440209453702415], [78.87653759870197, 9.4402998398956], [78.87662862880755, 9.440300389583705], [78.87662807522076, 9.440390775776889], [78.8767191053443, 9.440391325438044], [78.87671855177548, 9.440481711640212], [78.876627521616, 9.440481161970073], [78.87662696802022, 9.440571548163257], [78.87671799819766, 9.440572097842379], [78.87671578382354, 9.440933642633082], [78.87680681409981, 9.440934192312204], [78.87680570692622, 9.441114964716538], [78.87689673726535, 9.441115514377696], [78.87689618368755, 9.441205900588846], [78.87680515333942, 9.441205350918706], [78.87680459973465, 9.441295737120873], [78.87689563011871, 9.441296286791014], [78.87689507653192, 9.44138667299318], [78.87671301573685, 9.44138557361697], [78.87671246209617, 9.441475959810154], [78.87598421892488, 9.441471561299196], [78.87598366509555, 9.441561947456448], [78.87561954355034, 9.441559747617065], [78.8756189896132, 9.441650133747366], [78.87552795922016, 9.4416495837179], [78.87552851317527, 9.441559197596582], [78.87543748280918, 9.441558647558134], [78.87543692882713, 9.441649033670469], [78.87534589844306, 9.441648483605071], [78.87534645244308, 9.441558097492736], [78.87516439173785, 9.441556997290075], [78.87516716189964, 9.441105066764328], [78.8750761316683, 9.441104516654015], [78.87507779376716, 9.44083335835294], [78.87516882392664, 9.440833908445287], [78.87516937792667, 9.440743522341934], [78.87462319721234, 9.440740221455474], [78.87462264306859, 9.440830607531877], [78.87453161294505, 9.440830057295798], [78.8745332754302, 9.440558899093539], [78.8744422453785, 9.440558348848478], [78.87444058283047, 9.440829507041755], [78.8743495527249, 9.440828956760761], [78.8743512153358, 9.44055779858545], [78.87426018530209, 9.440557248295475], [78.87426073952669, 9.440466862237038], [78.87462485959867, 9.440469063235248], [78.87462541372446, 9.440378677158844], [78.87444335371991, 9.440377576713638], [78.87444390788163, 9.440287190646218], [78.87471699782107, 9.440288841255636], [78.87471921411759, 9.439927296923075], [78.87481024401656, 9.439927847051354], [78.87480802780986, 9.440289391410866], [78.87489905780765, 9.440289941539147], [78.8748996118436, 9.440199555453761], [78.87499064182342, 9.44020010555509], [78.8749928578145, 9.439838561150664], [78.87490182793351, 9.4398380110673], [78.87490348994255, 9.439566852775208], [78.87481246013341, 9.439566302691844], [78.87481190611543, 9.43965668877723], [78.8746298464702, 9.43965558852067], [78.874630954605, 9.43947481635888], [78.8745399248318, 9.439474266203652], [78.8745421411283, 9.439112721898038], [78.87445111145392, 9.439112171733825], [78.87445055737305, 9.439202557810228], [78.8743595276807, 9.43920200762805], [78.8743589735639, 9.43929239369547], [78.8741769141702, 9.439291293241281], [78.87417746833192, 9.439200907182844], [78.87408643866651, 9.439200356928799], [78.87408865535829, 9.438838812722002], [78.87417968493386, 9.438839362949096], [78.8741807932034, 9.438658590832222], [78.87399873416005, 9.438657490360066], [78.87399984250145, 9.43847671826116], [78.87390881303367, 9.438476168007115], [78.87391102974341, 9.438114623827268], [78.87382000037445, 9.43811407356424], [78.87382055456312, 9.438023687523769], [78.87372952522111, 9.438023137242777], [78.87372897101447, 9.438113523274263], [78.8735469123035, 9.438112422631427], [78.87354746656403, 9.438022036608924], [78.87345643724, 9.438021486256064], [78.87345865430906, 9.437659942175031], [78.87336762509281, 9.437659391822171], [78.87336817937131, 9.437569005799668], [78.87327715017302, 9.437568455428842], [78.87327936733193, 9.437206911383742], [78.87355245463931, 9.43720856236147], [78.8735535630346, 9.437027790298494], [78.8733715049255, 9.437026689691592], [78.87337095067396, 9.437117075714095], [78.87318889253791, 9.437115974999395], [78.87319110966986, 9.436754430954293], [78.87310008070514, 9.436753880592452], [78.87310063499262, 9.436663494578932], [78.87319166393938, 9.436664044949756], [78.87319221820889, 9.436573658936235], [78.8732832471287, 9.436574209271127], [78.87328269288612, 9.436664595284649], [78.87337372184186, 9.436665145601575], [78.87337427606646, 9.43657475957907], [78.873556333942, 9.436575860132075], [78.87355688810372, 9.436485474100587], [78.87310174356757, 9.436482722569854], [78.87310229784607, 9.436392336565318], [78.87301126898018, 9.436391786185508], [78.87301293184261, 9.436120628180879], [78.87310396064564, 9.436121178533737], [78.87310451489718, 9.436030792529198], [78.87319554367325, 9.436031342855108], [78.87319332672097, 9.436392886909193], [78.87328435559586, 9.436393437235102], [78.87328657245831, 9.436031893154068], [78.87337760125234, 9.436032443435062], [78.87337815542305, 9.435942057412557], [78.87328712666495, 9.435941507131565], [78.87328768085361, 9.435851121118043], [78.87319665212245, 9.435850570819083], [78.8731977605447, 9.435669798792041], [78.87310673185846, 9.435669248484098], [78.87310506914874, 9.435940406515678], [78.87283198291034, 9.435938755412186], [78.87283253722477, 9.43584836941663], [78.87292356594695, 9.435848919805423], [78.87292412022543, 9.435758533800884], [78.87274206285296, 9.435757433014318], [78.87274261717637, 9.435667047027748], [78.87256055987575, 9.435665946160332], [78.87256111424408, 9.435575560182745], [78.87292522878244, 9.435577761800792], [78.87292578305195, 9.435487375796255], [78.87310784030765, 9.435488476457056], [78.87310839452327, 9.435398090443535], [78.87338148038435, 9.4353997412416], [78.87338203451912, 9.435309355210112], [78.87365512035328, 9.435311005783598], [78.87365567441617, 9.435220619734144], [78.87392876023235, 9.43522227007407], [78.87392931421441, 9.435131884015632], [78.8743844572324, 9.435134634091094], [78.87438501109766, 9.435044247996725], [78.87465809689587, 9.43504589774376], [78.8746586506803, 9.434955511640407], [78.87520482230367, 9.434958810460744], [78.875204268654, 9.435049196600028], [78.8752952973043, 9.435049746324067], [78.87529363640918, 9.435320904750906], [78.87538466513135, 9.435321454474943], [78.87538134333211, 9.43586377135557], [78.875472372207, 9.43586432107961], [78.87546960401252, 9.436316251820951], [78.87556063300418, 9.436316801553971], [78.87555897209108, 9.436587960016743], [78.8756500011636, 9.436588509740782], [78.87564778662778, 9.436950054360805], [78.87573881579912, 9.436950604084842]], [[78.8735535630346, 9.437027790298494], [78.87355467142092, 9.43684701823552], [78.87391878753132, 9.436849219125932], [78.87391823343249, 9.436939605175386], [78.87400926250501, 9.436940155348582], [78.8740076002624, 9.43721131351491], [78.87373451287418, 9.437209662896507], [78.87373617532339, 9.436938504766113], [78.87364514627782, 9.436937954530034], [78.87364459210713, 9.437028340561522], [78.8735535630346, 9.437027790298494]], [[78.87345920856959, 9.437569556152527], [78.87345976281215, 9.437479170130022], [78.87355079199247, 9.437479720446948], [78.87355023776787, 9.437570106478436], [78.87345920856959, 9.437569556152527]], [[78.87472752445923, 9.438571505588381], [78.87472807844128, 9.438481119494012], [78.87491013748463, 9.43848221957091], [78.87490958354749, 9.438572605674262], [78.87472752445923, 9.438571505588381]], [[78.87489739566387, 9.440561099822254], [78.87489850376271, 9.440380327633516], [78.87498953379642, 9.440380877752812], [78.87498842574249, 9.440561649950535], [78.87489739566387, 9.440561099822254]], [[78.87563948133467, 9.438305846629746], [78.8756400350652, 9.438215460481478], [78.87573106455993, 9.438216010277381], [78.87573051086534, 9.438306396425649], [78.87563948133467, 9.438305846629746]]], [[[78.87689673726535, 9.441115514377696], [78.87690005857053, 9.440573197128758], [78.87680902838409, 9.440572647494552], [78.87681124256957, 9.4402111026769], [78.87672021248196, 9.440210553042693], [78.87672242667642, 9.439849008234024], [78.87663139668763, 9.439848458599817], [78.87663361088208, 9.439486913800131], [78.8765425809921, 9.439486364165925], [78.87654479520452, 9.439124819384205], [78.87636273563118, 9.43912372007986], [78.87636494994241, 9.438762175334073], [78.87627392025904, 9.438761625672916], [78.8762783487917, 9.438038536190325], [78.87618731930596, 9.438037986547135], [78.87618787287478, 9.437947600362934], [78.876096843416, 9.437947050701778], [78.87609905771825, 9.437585505991924], [78.87600802835827, 9.437584956330769], [78.87601079622937, 9.43713302545468], [78.87591976699514, 9.437132475793524], [78.87592198128843, 9.436770931110617], [78.875830952162, 9.436770381449461], [78.87583316645528, 9.43640883677554], [78.87574213742768, 9.436408287114384], [78.87574435172994, 9.436046742458428], [78.87565332279218, 9.43604619278829], [78.87565498353459, 9.435775034307552], [78.87556395467766, 9.43577448462843], [78.87556616902484, 9.435412939999424], [78.87547514026673, 9.4354123903203], [78.8754773546139, 9.435050845709261], [78.87538632595462, 9.43505029603014], [78.87538687955039, 9.43495990988187], [78.87547790818273, 9.43496045955201], [78.87547846175156, 9.434870073394759], [78.87556949036593, 9.434870623046931], [78.87557004389883, 9.434780236880696], [78.87575210110063, 9.434781336095211], [78.87575265458861, 9.434690949919993], [78.87584368317604, 9.434691499482334], [78.875842576245, 9.434872271841753], [78.87593360487735, 9.43487282139511], [78.8759319445212, 9.435143979938731], [78.8760229732344, 9.435144529483106], [78.87602241979133, 9.435234915667307], [78.87611344853147, 9.435235465193715], [78.87611289510637, 9.4353258513869], [78.87602186633929, 9.435325301851508], [78.87602075943519, 9.43550607421991], [78.87620281706819, 9.43550717328171], [78.87620226365208, 9.435597559474894], [78.87611123480413, 9.435597009957469], [78.87611012790903, 9.435777782334855], [78.87620115680188, 9.435778331861263], [78.87620004992473, 9.435959104247631], [78.87629107887149, 9.43595965377404], [78.87628886515313, 9.436321198564743], [78.8763798941987, 9.436321748082168], [78.87637934078259, 9.436412134284335], [78.87628831171007, 9.436411584757927], [78.87628775826701, 9.436501970951111], [78.8763787873575, 9.436502520486503], [78.8763765736032, 9.436864065277206], [78.8764676027925, 9.436864614803614], [78.8764653890472, 9.437226159621266], [78.87655641833531, 9.437226709147675], [78.87655420459899, 9.437588253965329], [78.87664523398591, 9.437588803491737], [78.87664302024959, 9.437950348327355], [78.87673404974431, 9.437950897853764], [78.87673238945106, 9.438222056487215], [78.87682341902664, 9.438222606004642], [78.87682231218542, 9.438403378435925], [78.87691334180592, 9.438403927944368], [78.87691112815044, 9.438765472824901], [78.87700215787874, 9.43876602232436], [78.8770016044716, 9.438856408553479], [78.87691057472534, 9.438855859045034], [78.87691002129127, 9.43894624526517], [78.87700105106447, 9.438946794773612], [78.87699939080714, 9.439217953442995], [78.87709042065221, 9.439218502951437], [78.87708820698775, 9.439580047858922], [78.87717923694062, 9.43958059735838], [78.87717702328516, 9.439942142283831], [78.87726805332785, 9.43994269178329], [78.87726583968136, 9.440304236717724], [78.87735686983186, 9.440304786217183], [78.87735465618536, 9.4406663311606], [78.87744568643467, 9.440666880660059], [78.87744513302755, 9.440757266898158], [78.87735410276026, 9.440756717398699], [78.87735354933517, 9.440847103636798], [78.8774445796294, 9.440847653136258], [78.87744347279717, 9.441028425621441], [78.8775345031453, 9.441028975111918], [78.87753339634001, 9.4412097475971], [78.87744236594698, 9.44120919809764], [78.8774418125129, 9.441299584335741], [78.87707769089582, 9.44129738606841], [78.87707879794364, 9.441116613628141], [78.87689673726535, 9.441115514377696]]], [[[78.875830952162, 9.436770381449461], [78.87582984497045, 9.436951153781932], [78.87573881579912, 9.436950604084842], [78.8757399230266, 9.436769831761357], [78.875830952162, 9.436770381449461]]]]}, "id": "+6677+5641", "properties": {"count": 2068, "water": 1}}, {"type": "Feature", "geometry": {"geodesic": false, "type": "MultiPolygon", "coordinates": [[[[78.87613078846886, 9.417519213754312], [78.87594874027715, 9.417518116731687], [78.87594929267817, 9.417427730457655], [78.87613134082495, 9.417428827471296], [78.87613078846886, 9.417519213754312]]], [[[78.87749118240275, 9.418340915680437], [78.87758220680404, 9.418341463850389], [78.87758165477132, 9.418431850214253], [78.8774906303431, 9.418431302035318], [78.87749118240275, 9.418340915680437]]], [[[78.87945951480742, 9.423956930634736], [78.87955054079872, 9.423957478625026], [78.87954888521264, 9.424228637977128], [78.87945785914948, 9.424228089968873], [78.87945951480742, 9.423956930634736]]], [[[78.87613078846886, 9.417519213754312], [78.87640386081031, 9.417520859108587], [78.87640330851708, 9.417611245409569], [78.87649433266684, 9.417611793822067], [78.87649378039158, 9.417702180123047], [78.87658480456828, 9.417702728517579], [78.87658425231997, 9.417793114827544], [78.87667527652363, 9.41779366320411], [78.8766747242843, 9.417884049514075], [78.87694779701204, 9.417885694518006], [78.87694724483559, 9.417976080845937], [78.87703826911111, 9.417976629132673], [78.87703771696161, 9.418067015469587], [78.87721976557553, 9.418068111989154], [78.87721921346197, 9.418158498335053], [78.87740126214774, 9.418159594773773], [78.8774007100791, 9.418249981128653], [78.87749173445343, 9.418250529325556], [78.87749118240275, 9.418340915680437], [78.87740015800148, 9.418340367483534], [78.87739794964607, 9.418701912894075], [78.87748897413718, 9.418702461108943], [78.87748842205956, 9.418792847463823], [78.87739739755048, 9.418792299248956], [78.87739629332336, 9.418973071949734], [78.87730526876938, 9.41897252368995], [78.87730802940004, 9.418520591960462], [78.87721700496283, 9.41852004370966], [78.87721810922588, 9.418339271026849], [78.87712708484256, 9.418338722758081], [78.87712763699206, 9.418248336421167], [78.87703661263569, 9.418247788134432], [78.87703716480314, 9.4181574018065], [78.87685511616229, 9.418156305170152], [78.87685566836568, 9.418065918851203], [78.87676464408118, 9.41806537051057], [78.87676519630253, 9.417974984191622], [78.87649212354786, 9.417973339034978], [78.8764926758321, 9.417882952733995], [78.87631062740682, 9.4178818558551], [78.87631173205615, 9.417701083271103], [78.87622070789742, 9.417700534804707], [78.87622126024453, 9.41761014852169], [78.87613023611276, 9.417609600037327], [78.87613078846886, 9.417519213754312]]], [[[78.87739629332336, 9.418973071949734], [78.87748731788633, 9.41897362018257], [78.87748676579075, 9.41906400653745], [78.87757779038067, 9.419064554752318], [78.87757889452693, 9.41888378202459], [78.87766991907195, 9.418884330212508], [78.87767102313737, 9.418703557475798], [78.87776204764644, 9.4187041056188], [78.87776094362593, 9.418884878364496], [78.8778519681889, 9.418885426498516], [78.87785086419535, 9.419066199253193], [78.87794188881223, 9.41906674737823], [78.87794023283988, 9.419337906514738], [78.87803125753759, 9.419338454630791], [78.87803015357997, 9.419519227403436], [78.87812117832262, 9.419519775501524], [78.87812007439194, 9.41970054828315], [78.87821109918848, 9.419701096372254], [78.87821054723662, 9.419791482763067], [78.87830157206011, 9.419792030834206], [78.87829991624943, 9.420063190024612], [78.87839094114479, 9.420063738086768], [78.87838983729497, 9.420244510895344], [78.87848086224422, 9.420245058948515], [78.87847865456254, 9.420606604565668], [78.87856967961959, 9.42060715261884], [78.87856747193791, 9.42096869825396], [78.87865849709378, 9.420969246298148], [78.87865628942109, 9.421330791951233], [78.87874731467576, 9.421331339995422], [78.8787462108529, 9.421512112830948], [78.87883723616147, 9.42151266085717], [78.8788355804586, 9.421783820119442], [78.87892660583904, 9.421784368145664], [78.87892495015414, 9.42205552741692], [78.87901597561543, 9.422056075434158], [78.87901487184646, 9.422236848296635], [78.87910589736164, 9.422237396295907], [78.87910424173963, 9.422508555594112], [78.87919526732668, 9.422509103593384], [78.87919250796264, 9.42296103577203], [78.87928353367546, 9.422961583771302], [78.87928187806243, 9.423232743096458], [78.87937290384711, 9.423233291086747], [78.87937069638103, 9.423594836856614], [78.8794617222735, 9.423595384846903], [78.87945951480742, 9.423956930634736], [78.87936848882512, 9.42395638262648], [78.87937014450104, 9.423685223301325], [78.87918809268912, 9.423684127239898], [78.87918588491762, 9.424045672955865], [78.8792769109179, 9.424046221027004], [78.87927470315537, 9.424407766760938], [78.87909265097515, 9.424406670564762], [78.87909320297193, 9.424316284138017], [78.87900217691775, 9.42431573601298], [78.87900272893249, 9.424225349595217], [78.87882067687804, 9.42422425328226], [78.87882233303006, 9.423953094064904], [78.87873130708367, 9.42395254588597], [78.87873351530433, 9.423591000268816], [78.87864248945678, 9.42359045208988], [78.87864359358507, 9.423409679290286], [78.87873461937873, 9.42341022746024], [78.87873517141145, 9.423319841051459], [78.87864414563575, 9.42331929289049], [78.87864580176083, 9.4230481336911], [78.87846375037113, 9.423047037324245], [78.87846485452637, 9.422866264542618], [78.87855588016733, 9.422866812721553], [78.87855643221799, 9.422776426321757], [78.87846540659501, 9.422775878151805], [78.87846651071432, 9.422595105361195], [78.87837548514524, 9.422594557173275], [78.8783765892915, 9.42241378439165], [78.87828556376734, 9.422413236194746], [78.87828887621511, 9.421870917876815], [78.87819785084365, 9.421870369679914], [78.87819950705855, 9.421599210534422], [78.87810848176795, 9.421598662328536], [78.87810903385456, 9.42150827595569], [78.8780180085909, 9.421507727731838], [78.87801911279105, 9.421326954986144], [78.8779280875813, 9.421326406753309], [78.8779291918084, 9.421145634016597], [78.87783816664357, 9.42114508577478], [78.87784037512473, 9.42078354031034], [78.87774935006769, 9.42078299205954], [78.87774990219921, 9.420692605704659], [78.87765887716911, 9.420692057435891], [78.87766053359962, 9.420420898362265], [78.87756950864139, 9.420420350093497], [78.87757061294934, 9.420239577383736], [78.877479588054, 9.420239029105986], [78.87748179668789, 9.419877483704429], [78.87739077188236, 9.419876935417694], [78.87739242837576, 9.419605776380001], [78.87730140365107, 9.419605228084285], [78.87730195582752, 9.41951484174737], [78.87739298052524, 9.419515390034103], [78.87739353267473, 9.419425003688206], [78.87721148333318, 9.419423907096773], [78.87721203551861, 9.419333520759858], [78.87712101087479, 9.419332972437191], [78.87712156308716, 9.419242586100276], [78.87721258770402, 9.419243134422944], [78.87721313988047, 9.419152748086029], [78.87739518907829, 9.41915384464153], [78.87739629332336, 9.418973071949734]], [[78.8778464479876, 9.419789290244953], [78.87784755207097, 9.41960851749926], [78.87802960159217, 9.419609613785266], [78.87802849759863, 9.419790386548927], [78.8778464479876, 9.419789290244953]]]]}, "id": "+6679+5832", "properties": {"count": 515, "water": 1}}, {"type": "Feature", "geometry": {"geodesic": false, "type": "Polygon", "coordinates": [[[78.87614135399508, 9.445540037868506], [78.87614190802205, 9.445449651729222], [78.87623293944816, 9.445450201812585], [78.87623238544813, 9.445540587960854], [78.87614135399508, 9.445540037868506]]]}, "id": "+6682+5522", "properties": {"count": 1, "water": 1}}, {"type": "Feature", "geometry": {"geodesic": false, "type": "Polygon", "coordinates": [[[78.87716019246795, 9.338072743006222], [78.87716128715496, 9.337891969505943], [78.87725229057159, 9.337892513130422], [78.87725283788815, 9.337802126371297], [78.87743484468548, 9.337803213530421], [78.87743539194813, 9.337712826762315], [78.87779940551584, 9.337715000775134], [78.87779885835201, 9.337805387561207], [78.87788986177762, 9.337805931015005], [78.87788712597639, 9.338257864972315], [78.87797812953676, 9.338258408426112], [78.8779803180933, 9.337896861236908], [78.87807132155484, 9.337897404645789], [78.87807186865581, 9.337807017841751], [78.87843588247505, 9.33780919122575], [78.8784347884528, 9.337989964878743], [78.87834378494634, 9.33798942155071], [78.87834214379617, 9.33826058200774], [78.87843314738349, 9.338261125344756], [78.8784326003454, 9.338351512166762], [78.87834159674013, 9.338350968820762], [78.8783405026011, 9.338531742455789], [78.87824949895989, 9.338531199073856], [78.87824895185894, 9.338621585886878], [78.87815794819976, 9.338621042477996], [78.87815521249733, 9.339072976489206], [78.8782462162733, 9.339073519925037], [78.87824402771675, 9.33943506714119], [78.8780620199672, 9.33943398021563], [78.87806147276743, 9.339524367010684], [78.87787946499992, 9.339523279977326], [78.87788055949828, 9.339342506405181], [78.87778955566841, 9.339341962861553], [78.87779065018475, 9.339161189307374], [78.87769964640879, 9.339160645754761], [78.87770019368043, 9.339070258977673], [78.8775181861914, 9.339069171809566], [78.8775192808155, 9.338888398282338], [78.87742827712938, 9.338887854675827], [78.87742991908803, 9.338616694398459], [78.87733891547377, 9.338616150782965], [78.87734055745936, 9.33834499051458], [78.87724955392595, 9.338344446890103], [78.8772511959295, 9.338073286630701], [78.87716019246795, 9.338072743006222]]]}, "id": "+6692+6714", "properties": {"count": 167, "water": 1}}, {"type": "Feature", "geometry": {"geodesic": false, "type": "Polygon", "coordinates": [[[78.87774783837375, 9.376220818960741], [78.87775003621887, 9.375859272606968], [78.87784104954392, 9.375859818261638], [78.87784159897151, 9.375769431664212], [78.8779326122786, 9.375769977291933], [78.87793316167026, 9.375679590694507], [78.8782062015466, 9.375681227415972], [78.87820510288904, 9.37586200065574], [78.87829611624105, 9.375862546193629], [78.87829556692124, 9.375952932818004], [78.87838658030019, 9.375953478337927], [78.87838603100735, 9.376043864962302], [78.87847704441324, 9.376044410473241], [78.87847539656165, 9.376315570364333], [78.87838438308388, 9.376315024844411], [78.8783832844443, 9.376495798093162], [78.87829227092162, 9.376495252537307], [78.87829172157487, 9.376585639161682], [78.8779276674572, 9.376583456686733], [78.87792821690276, 9.376493070089307], [78.87783720340704, 9.37649252441667], [78.87783885178862, 9.37622136464236], [78.87774783837375, 9.376220818960741]]]}, "id": "+6699+6294", "properties": {"count": 59, "water": 1}}, {"type": "Feature", "geometry": {"geodesic": false, "type": "Polygon", "coordinates": [[[78.87872108370777, 9.350827064903335], [78.87872217911342, 9.350646291349157], [78.87926822011278, 9.350649554730955], [78.87926767255368, 9.350739941534993], [78.87935867942882, 9.3507404853571], [78.87935758434656, 9.350921258983144], [78.87926657741751, 9.350920715152053], [78.87926602984045, 9.351011101956091], [78.87881099519522, 9.35100838242335], [78.87881209057393, 9.350827608869173], [78.87872108370777, 9.350827064903335]]]}, "id": "+6709+6571", "properties": {"count": 24, "water": 1}}, {"type": "Feature", "geometry": {"geodesic": false, "type": "MultiPolygon", "coordinates": [[[[78.87665685464633, 9.435690692967746], [78.87665519470342, 9.435961851628146], [78.87674622366814, 9.43596240102879], [78.87674401042588, 9.436323945927292], [78.8768350394984, 9.436324495327936], [78.87683171961258, 9.43686681268467], [78.87692274882882, 9.436867362094299], [78.87692108888591, 9.437138520781648], [78.877012118183, 9.437139070191277], [78.87700990493177, 9.43750061512571], [78.87710093432769, 9.437501164526354], [78.87709927441172, 9.437772323231671], [78.8771903038795, 9.437772872632316], [78.87718919728981, 9.437953645108514], [78.8772802268115, 9.437954194491194], [78.87727801365008, 9.438315739470543], [78.87736904327956, 9.43831628885322], [78.87736683011816, 9.438677833841552], [78.87745785984644, 9.438678383224232], [78.8774550933947, 9.439130314477612], [78.87754612324875, 9.43913086386029], [78.87754446338668, 9.439402022619507], [78.8776354933126, 9.439402571993202], [78.87763770635722, 9.43904102695097], [78.8777287361933, 9.43904157627975], [78.87772652323852, 9.439403121339948], [78.8778175531824, 9.439403670668726], [78.87781534022761, 9.43976521574689], [78.87790637027031, 9.439765765066687], [78.8779052638064, 9.439946537614752], [78.87772320364914, 9.43994543892126], [78.87772209706843, 9.440126211442376], [78.87781312719198, 9.44012676081607], [78.8778125739196, 9.440217147081121], [78.87790360407908, 9.440217696427867], [78.87790083775309, 9.440669627780062], [78.87799186802935, 9.440670177126808], [78.8779891016854, 9.441122108496971], [78.87789807128337, 9.441121559114292], [78.87789751797506, 9.441211945379342], [78.87771545714406, 9.441210846533137], [78.87771767053903, 9.440849301517856], [78.87762664022684, 9.440848752081278], [78.87762885363078, 9.440487207065996], [78.87753782342638, 9.44048665762942], [78.87754003683033, 9.440125112641088], [78.87744900672475, 9.440124563195527], [78.87745122013767, 9.439763018216178], [78.87736019012192, 9.439762468770617], [78.87736129684636, 9.439581696294418], [78.87727026689349, 9.439581146839874], [78.8772719269981, 9.439309988125574], [78.8771808971171, 9.439309438662047], [78.87718366398207, 9.438857507489514], [78.87709263422684, 9.43885695803497], [78.87709484771163, 9.438495413109521], [78.8770038180552, 9.438494863645994], [78.87700603154, 9.43813331873851], [78.8769150019824, 9.438132769274983], [78.87691721548515, 9.437771224376483], [78.87682618602636, 9.437770674912956], [78.87682839952912, 9.437409130023438], [78.87673737016914, 9.437408580559913], [78.87673958368089, 9.43704703568836], [78.87664855441972, 9.437046486224833], [78.87665021456924, 9.4367753275824], [78.87655918538893, 9.436774778100906], [78.87656139892762, 9.436413233265288], [78.8764703698551, 9.436412683783795], [78.87647258340277, 9.43605113895716], [78.87638155442009, 9.436050589475666], [78.87638376797675, 9.435689044658014], [78.87629273910186, 9.435688495176521], [78.87629439927834, 9.435417336579002], [78.87620337047532, 9.435416787088526], [78.8762061374481, 9.434964856104639], [78.87611510877083, 9.434964306614162], [78.87611732234545, 9.434602761841427], [78.87629937951132, 9.434603860750514], [78.87629882617605, 9.43469424695268], [78.87638985479043, 9.434694796380276], [78.87638764148531, 9.435056341215894], [78.8764786701985, 9.435056890634504], [78.87647701022864, 9.435328049276938], [78.87656803902267, 9.435328598686567], [78.87656582575347, 9.435690143558118], [78.87665685464633, 9.435690692967746]], [[78.87763328016916, 9.43976411702645], [78.87763494003124, 9.439492958249268], [78.87772596999308, 9.439493507604997], [78.87772431020288, 9.439764666400144], [78.87763328016916, 9.43976411702645]]], [[[78.87790637027031, 9.439765765066687], [78.87790858312628, 9.439404219970557], [78.8778175531824, 9.439403670668726], [78.87782087243043, 9.438861353042498], [78.87772984263925, 9.438860803749652], [78.87773039584876, 9.438770417475618], [78.87763936608454, 9.438769868164806], [78.87763881284809, 9.438860254429855], [78.8775477830659, 9.438859705092092], [78.87754888958372, 9.438678932570976], [78.87745785984644, 9.438678383224232], [78.87745841311883, 9.438587996968165], [78.87764047253947, 9.43858909564369], [78.87764213218594, 9.438317936848541], [78.87755110254749, 9.43831738753773], [78.87755442183145, 9.437775069965399], [78.87746339233672, 9.437774520672553], [78.87746560517473, 9.437412975639305], [78.87764766397554, 9.4374140741711], [78.87764821712216, 9.437323687897067], [78.8779213053009, 9.437325335506113], [78.87792241144143, 9.437144562931097], [78.87783138209043, 9.437144013764016], [78.87783414745522, 9.436692082339954], [78.87774311822999, 9.436691533181854], [78.87774367131372, 9.43660114689884], [78.87765264211545, 9.43660059771379], [78.87765319521715, 9.436510211439757], [78.87747113688347, 9.436509113015761], [78.8774716900211, 9.436418726750711], [78.8773806608857, 9.43641817750278], [78.87738121405029, 9.436327791246715], [78.87729018494184, 9.4363272419898], [78.8772907381154, 9.436236855733734], [78.87710867997038, 9.43623575714804], [78.87710812675189, 9.436326143395123], [78.8769260685799, 9.436325044701631], [78.87692662185229, 9.436234658472515], [78.87683559279773, 9.43623410909882], [78.8768378059232, 9.435872564182352], [78.87674677696747, 9.435872014808657], [78.87674788354816, 9.435691242350424], [78.87665685464633, 9.435690692967746], [78.87665851453535, 9.435419534298362], [78.87684057220427, 9.435420633018802], [78.87684112544072, 9.435330246789686], [78.8766590678257, 9.435329148078228], [78.87665962110707, 9.435238761858095], [78.87656859233098, 9.435238212475417], [78.87657025221102, 9.434967053815015], [78.87666128091523, 9.434967603179727], [78.87666183417863, 9.434877216959594], [78.87657080550137, 9.434876667594882], [78.87657301857294, 9.434515122714348], [78.87675507575678, 9.434516221371906], [78.8767556289573, 9.43442583514279], [78.87702871470161, 9.434427482940482], [78.87702926783027, 9.4343370966934], [78.87748441072249, 9.434339842528813], [78.87748496373435, 9.434249456245796], [78.8777580494607, 9.4342511034506], [78.87775860239172, 9.434160717158601], [78.87821374526598, 9.434163461996885], [78.87821429808022, 9.434073075677937], [78.8783053266407, 9.43407362456654], [78.878305879419, 9.433983238247594], [78.87857896509146, 9.433984884760694], [78.87857951778892, 9.43389449842378], [78.87903466056436, 9.433897242121203], [78.87903355538504, 9.434078014857914], [78.8791245840084, 9.434078563539906], [78.87912237369466, 9.434440109040278], [78.87921340240784, 9.434440657713287], [78.87921284984513, 9.434531044095117], [78.879121821096, 9.434530495404141], [78.87911961067446, 9.434892040886547], [78.87921063951342, 9.434892589595488], [78.87920842909189, 9.43525413509586], [78.87929945802965, 9.43525468379582], [78.87929780022473, 9.435525842932329], [78.87938882924335, 9.435526391623304], [78.87938772406402, 9.435707164386963], [78.87929669500049, 9.435706615678022], [78.87929448447115, 9.436068161178394], [78.8793855136335, 9.436068709905301], [78.87938219781704, 9.436611028178318], [78.87947322712311, 9.43661157691421], [78.87946880592071, 9.437334667950886], [78.87955983542443, 9.437335216704744], [78.8795576247873, 9.437696762232065], [78.87964865438083, 9.437697310985921], [78.87964754907574, 9.437878083758566], [78.87955651943729, 9.437877534995724], [78.8795543086654, 9.438239080514064], [78.87964533840267, 9.43823962929487], [78.87964312763978, 9.438601174831176], [78.87973415747587, 9.438601723611983], [78.8797324994194, 9.438872882766457], [78.87982352933633, 9.438873431547263], [78.87982187129785, 9.439144590719703], [78.87954878134943, 9.439142944269484], [78.87954822858909, 9.439233330642333], [78.87900204869221, 9.43923003707714], [78.87900149578815, 9.43932042342304], [78.87891046579935, 9.43931987440867], [78.87890991285934, 9.439410260745584], [78.8790009428751, 9.439410809759954], [78.87899817821099, 9.439862741453508], [78.87908920834352, 9.439863290476861], [78.87908754955943, 9.440134449505571], [78.87917857976383, 9.440134998519941], [78.87917692099771, 9.440406157557634], [78.87926795128294, 9.440406706563019], [78.87926684545683, 9.440587479263797], [78.87935787579598, 9.440588028260201], [78.8793567699968, 9.44076880096098], [78.87917470922869, 9.440767702932241], [78.87917415627072, 9.440858089269156], [78.8789010650916, 9.44085644202842], [78.87890051206176, 9.440946828356351], [78.87853639046264, 9.440944631670053], [78.87853915604303, 9.440492700147178], [78.87844812577575, 9.440492150944163], [78.8784475726471, 9.440582537245145], [78.87817448181832, 9.440580889483385], [78.87817558821037, 9.440400116908371], [78.87808455798802, 9.440399567624507], [78.87808677080805, 9.440038022492445], [78.87799574068451, 9.440037473199597], [78.877997400313, 9.439766314368518], [78.87790637027031, 9.439765765066687]], [[78.8775627191565, 9.436419275971692], [78.87756437847958, 9.436148117158579], [78.8776554075521, 9.436148666334644], [78.87765596062685, 9.436058280060612], [78.8777469896814, 9.436058829209728], [78.8777464366336, 9.436149215492744], [78.8778374657151, 9.436149764623893], [78.87783635965542, 9.436330537198907], [78.87774533052003, 9.436329988058775], [78.87774477745425, 9.436420374341791], [78.8775627191565, 9.436419275971692]]]]}, "id": "+6712+5650", "properties": {"count": 1787, "water": 1}}, {"type": "Feature", "geometry": {"geodesic": false, "type": "Polygon", "coordinates": [[[78.8802571869614, 9.292353743792946], [78.88025881842772, 9.292082582311835], [78.88034981016625, 9.292083122495766], [78.88035035395242, 9.291992735323417], [78.8807143208886, 9.291994895825574], [78.88071377719226, 9.292085283015888], [78.88080476895774, 9.292085823083038], [78.88080259422627, 9.292447371862261], [78.88034763496766, 9.292444671158208], [78.8803481787718, 9.292354283994843], [78.8802571869614, 9.292353743792946]]]}, "id": "+6721+7220", "properties": {"count": 27, "water": 1}}, {"type": "Feature", "geometry": {"geodesic": false, "type": "MultiPolygon", "coordinates": [[[[78.88061913051426, 9.427850672340803], [78.880528103436, 9.427850124404413], [78.88052865527108, 9.427759737914785], [78.88043762821977, 9.427759189960428], [78.88043928374297, 9.42748803050951], [78.8803482567815, 9.42748748254617], [78.8803493604786, 9.42730670958488], [78.88025833356204, 9.427306161612556], [78.88025888543305, 9.427215775131911], [78.88016785854344, 9.427215227141621], [78.88016951417444, 9.426944067726636], [78.88007848736568, 9.426943519727363], [78.88007959114364, 9.426762746793022], [78.87998856438878, 9.426762198784767], [78.87999077197163, 9.426400652925068], [78.88008179863667, 9.426401200915357], [78.88008069490363, 9.426581973858681], [78.88017172161358, 9.426582521831005], [78.88017006604545, 9.426853681254974], [78.88026109283625, 9.426854229227297], [78.8802605409922, 9.426944615707942], [78.88035156780994, 9.426945163653317], [78.88034991232267, 9.427216323104235], [78.88044093922126, 9.427216871049607], [78.88043983557806, 9.427397644019882], [78.88053086252157, 9.427398191956271], [78.88052920708819, 9.427669351425155], [78.88062023411256, 9.427669899352564], [78.88061913051426, 9.427850672340803]]], [[[78.8808883494784, 9.428485021559407], [78.88097937673632, 9.428485569441898], [78.88097772145566, 9.428756728973665], [78.88088669412588, 9.42875618108219], [78.8808883494784, 9.428485021559407]]], [[[78.88061913051426, 9.427850672340803], [78.88071015759252, 9.427851220250245], [78.88070905401219, 9.428031993247467], [78.88061802688901, 9.428031445320059], [78.88061913051426, 9.427850672340803]]], [[[78.88070905401219, 9.428031993247467], [78.88080008114434, 9.428032541147925], [78.88079787401962, 9.428394087160337], [78.88070684678866, 9.42839353923293], [78.88070905401219, 9.428031993247467]]], [[[78.88079787401962, 9.428394087160337], [78.8808889012506, 9.428394635051811], [78.8808883494784, 9.428485021559407], [78.88079732222047, 9.428484473658948], [78.88079787401962, 9.428394087160337]]]]}, "id": "+6723+5733", "properties": {"count": 35, "water": 1}}, {"type": "Feature", "geometry": {"geodesic": false, "type": "Polygon", "coordinates": [[[78.88166009477105, 9.286034736339829], [78.88166226710402, 9.285673187237212], [78.8817532572705, 9.285673726693506], [78.88175434336063, 9.285492952133215], [78.88184533348219, 9.28549349156256], [78.88184587649582, 9.285403104273431], [78.8819368666084, 9.285403643666845], [78.88193740959507, 9.285313256377716], [78.88202839968969, 9.285313795744178], [78.88202894264043, 9.285223408446067], [78.88275686340636, 9.285227722533353], [78.88275360672598, 9.285770046582536], [78.88266261646967, 9.28576950737777], [78.88266098798576, 9.286040669379904], [78.88220603644368, 9.286037972888948], [78.88220549348395, 9.286128360196043], [78.88193252255331, 9.286126742015806], [78.8819330655849, 9.286036354717695], [78.88166009477105, 9.286034736339829]]]}, "id": "+6743+7295", "properties": {"count": 97, "water": 1}}, {"type": "Feature", "geometry": {"geodesic": false, "type": "MultiPolygon", "coordinates": [[[[78.8794776479662, 9.4358884858416], [78.87947709538551, 9.435978872232413], [78.8793860662501, 9.435978323532455], [78.87938661885774, 9.435887937150625], [78.8794776479662, 9.4358884858416]]], [[[78.87965252277797, 9.437064606268194], [78.87965197016136, 9.437154992659007], [78.87956094071156, 9.437154443941083], [78.87956149334613, 9.437064057559253], [78.87965252277797, 9.437064606268194]]], [[[78.8798268452606, 9.4383311131934], [78.87982629262602, 9.438421499584212], [78.87973526282587, 9.438420950839339], [78.8797358154874, 9.438330564448524], [78.8798268452606, 9.4383311131934]]], [[[78.88029304351241, 9.436526128050472], [78.88029249110241, 9.436616514486202], [78.88020146175141, 9.436615965956923], [78.88020201418837, 9.436525579530176], [78.88029304351241, 9.436526128050472]]], [[[78.88075205614025, 9.435896165089806], [78.88075150389196, 9.435986551543502], [78.88066047467571, 9.43598600317592], [78.88066102695096, 9.435895616722224], [78.88075205614025, 9.435896165089806]]], [[[78.88394028696553, 9.435553796437844], [78.88412234555972, 9.43555489141231], [78.88412014009688, 9.43591643804456], [78.88421116950177, 9.435916985513826], [78.8842106181428, 9.436007372183118], [78.88411958871994, 9.436006824704867], [78.88411903733402, 9.436097211356193], [78.88393697845237, 9.436096116327828], [78.88393918414877, 9.435734569740495], [78.88384815481574, 9.435734022208345], [78.88384870624658, 9.435643635566004], [78.88393973556164, 9.435644183089169], [78.88394028696553, 9.435553796437844]]], [[[78.88020477628328, 9.43607364740543], [78.8802036714543, 9.436254420258923], [78.88011264220212, 9.436253871729644], [78.88010987993651, 9.436705803827442], [78.88020090930549, 9.43670635238367], [78.88019759454005, 9.437248670917196], [78.88028862406172, 9.437249219482409], [78.88028751914291, 9.4374299923359], [78.88037854871848, 9.437430540883145], [78.8803796535834, 9.43724976802067], [78.88083480129059, 9.437252510361636], [78.88083148732466, 9.437794829101776], [78.880922517026, 9.43779537753224], [78.88092196469684, 9.437885763994919], [78.88101299442513, 9.437886312407416], [78.88101465131378, 9.437615153001415], [78.88092362165735, 9.437614604606884], [78.88092472626175, 9.437433831681526], [78.88119781510525, 9.437435476766305], [78.88119671064459, 9.437616249727595], [78.8811056809702, 9.437615701377979], [78.8811051287129, 9.43770608784964], [78.88156027722857, 9.437708829382125], [78.88156303790416, 9.437256896880085], [78.88147200831062, 9.43725634864725], [78.88147311259164, 9.43707557565901], [78.88110899445104, 9.437073382530043], [78.8811084422207, 9.437163769010688], [78.88101741267207, 9.437163220661072], [78.88101796492936, 9.43707283418941], [78.88092693541667, 9.43707228583081], [78.88092859221548, 9.43680112643379], [78.88083756277466, 9.436800578057227], [78.88083977186669, 9.436439032215494], [78.88074874253365, 9.436438483838929], [78.88075039935941, 9.43616732446886], [78.88084142862957, 9.436167872818475], [78.88084308533854, 9.43589671343044], [78.88075205614025, 9.435896165089806], [78.88075481733686, 9.435444232776414], [78.88066378826434, 9.43544368443578], [78.88066599721265, 9.435082138603033], [78.88057496823895, 9.4350815902624], [78.88058325136163, 9.433725793394084], [78.88049222274726, 9.43372524510735], [78.880494431462, 9.433363699283584], [78.88076751703564, 9.433365344000055], [78.88076806913122, 9.43327495751941], [78.88095012615337, 9.4332760538683], [78.88094957410269, 9.433366440357927], [78.88104060265418, 9.43336698850093], [78.88104005062148, 9.433457374990558], [78.88113107919992, 9.433457923115595], [78.88112997517044, 9.433638696103834], [78.8812210037938, 9.433639244219888], [78.88121713969059, 9.434271949701184], [78.88112611089656, 9.434271401558181], [78.88112500676826, 9.434452174537437], [78.88121603561619, 9.434452722698406], [78.88121382738655, 9.434814268674886], [78.88130485632432, 9.434814816835855], [78.88130043980215, 9.43553790880678], [78.88139146893754, 9.435538456985716], [78.88138926063603, 9.43590000298016], [78.88148028987024, 9.435900551159097], [78.88147752949111, 9.43635248367012], [78.88156855885109, 9.436353031849055], [78.88156800677346, 9.436443418347666], [78.88147697739551, 9.436442870168731], [78.8814753210818, 9.436714029664564], [78.88156635054058, 9.43671457787045], [78.88156469424483, 9.436985737375268], [78.88165572377548, 9.43698628557217], [78.88165737999938, 9.436715126040403], [78.88174840945817, 9.436715674201373], [78.88174896149987, 9.436625287684794], [78.8815669026182, 9.436624191362856], [78.88156745470482, 9.436533804855262], [78.88165848411869, 9.436534353025214], [78.88166069228546, 9.43617280697687], [78.88156966297039, 9.436172258833867], [78.88157242317885, 9.435720326286912], [78.88148139398058, 9.43571977815289], [78.88148194603124, 9.435629391645296], [78.88157297520257, 9.435629939779316], [78.88157407924105, 9.435449166755145], [78.88148305011462, 9.435448618630108], [78.88148636222105, 9.434906299593523], [78.88139533324734, 9.434905751468486], [78.88140195715476, 9.43382111339532], [78.88131092846852, 9.433820565315198], [78.88131368831765, 9.433368632795192], [78.88122265975717, 9.433368084715072], [78.8812237637058, 9.433187311717848], [78.88149684926148, 9.433188955832447], [78.88149740115944, 9.43309856931587], [78.88158842966601, 9.43309911730616], [78.881587877795, 9.43318950383172], [78.88167890632853, 9.43319005179506], [78.88167835447548, 9.433280438329605], [78.88176938304494, 9.433280986274978], [78.88177048669714, 9.43310021320589], [78.88222562936478, 9.433102952555467], [78.8822261810651, 9.433012565993975], [78.88249926666569, 9.433014209309073], [78.88249981828518, 9.432923822729613], [78.88286393240132, 9.43292601346008], [78.88286448392199, 9.432835626862653], [78.88277345541542, 9.432835079213724], [78.88277400695405, 9.432744692625281], [78.88332017797555, 9.432747978087669], [78.88331852376389, 9.433019137969778], [78.88340955235132, 9.433019685483961], [78.88340679534086, 9.433471618632787], [78.88349782406304, 9.43347216614697], [78.88349616986035, 9.433743326047045], [78.8835871986544, 9.433743873552245], [78.88358554446968, 9.434015033470287], [78.88367657334457, 9.434015580966504], [78.88367436778292, 9.434377127526888], [78.88376539675662, 9.434377675032087], [78.88376374259886, 9.434648834959113], [78.88385477164442, 9.434649382455328], [78.8838520147238, 9.435101315693986], [78.88394304390411, 9.43510186318122], [78.88394194114126, 9.43528263648387], [78.88403297036649, 9.435283183971103], [78.88403186763058, 9.435463957282735], [78.88394083836043, 9.43546340978652], [78.88394028696553, 9.435553796437844], [78.88357616984003, 9.435551606219418], [78.88357672133374, 9.43546121958606], [78.88366775057693, 9.435461767172107], [78.8836683020437, 9.435371380538749], [78.88357727281848, 9.435370832961684], [78.88357782430322, 9.435280446328324], [78.88348679510493, 9.435279898733294], [78.88348734659866, 9.435189512108918], [78.88339631743631, 9.435188964486938], [78.88339521438598, 9.435369737726706], [78.88348624359325, 9.435370285357669], [78.88348293444228, 9.435912605085957], [78.8832098463893, 9.435910962040351], [78.8832092947788, 9.43600134864676], [78.88302723604986, 9.436000253151272], [78.88302668438546, 9.436090639748699], [78.88257153755862, 9.4360879005698], [78.8825720893398, 9.435997514008308], [78.88248106001576, 9.435996966107849], [78.88248271541319, 9.435725806423369], [78.88239168617, 9.435725258513928], [78.88239278978625, 9.435544485399925], [78.88248381898454, 9.4355450332914], [78.88248437076572, 9.435454646729905], [78.8823933415854, 9.43545409883843], [78.88239554873708, 9.435092552592458], [78.88230451965558, 9.435092004700982], [78.88230727858843, 9.434640071920464], [78.88221624963269, 9.43463952402899], [78.88221845677538, 9.434277977809966], [78.88212742791845, 9.434277429918492], [78.88212853150776, 9.434096656822454], [78.88203750270473, 9.434096108913012], [78.88203805451288, 9.434005722369486], [78.88194702573679, 9.434005174442078], [78.88194592207562, 9.434185947529132], [78.88203695088762, 9.43418649545654], [78.88203529541832, 9.434457655096104], [78.88212632431117, 9.434458203014529], [78.88212522068594, 9.434638976110566], [78.88203419174816, 9.434638428174175], [78.88203363989511, 9.434728814717703], [78.88212466886883, 9.434729362663075], [78.88212411703374, 9.434819749206603], [78.8822151460344, 9.43482029713401], [78.88221128325172, 9.435453002983616], [78.88230231241407, 9.435453550920007], [78.88230010508273, 9.435815097130048], [78.88239113435289, 9.43581564506644], [78.8823872714714, 9.43644835096096], [78.88247830091223, 9.436448898906333], [78.88247498980294, 9.436991218257328], [78.8825660193875, 9.436991766211685], [78.88256326009532, 9.437443699010169], [78.88265428980564, 9.43744424697351], [78.8826537379526, 9.437534633535002], [78.88274476768987, 9.437535181480376], [78.88274421585479, 9.437625568050853], [78.88283524562799, 9.43762611597826], [78.88283414198479, 9.437806889119212], [78.88292517181188, 9.437807437037637], [78.88292351638749, 9.438078596767033], [78.8828324864975, 9.438078048839627], [78.88282917535228, 9.438620368262486], [78.88273814532755, 9.438619820272196], [78.88273704152265, 9.438800593404165], [78.88237292127101, 9.438798401191479], [78.88237347326779, 9.438708014647952], [78.8821914132273, 9.438706918406861], [78.88219086117664, 9.438797304941405], [78.88182674105974, 9.43879511216278], [78.88182729320923, 9.438704725655185], [78.88173626321145, 9.438704177404384], [78.88173515887654, 9.43888495041059], [78.88100691875954, 9.438880563496882], [78.88100636639444, 9.438970949959561], [78.88046018640776, 9.438967658747956], [78.88045908137217, 9.43914843160145], [78.88000393129342, 9.43914568822742], [78.880004483928, 9.439055301827622], [78.87991345394818, 9.439054753091732], [78.8799156645404, 9.438693207501528], [78.87982463466838, 9.438692658765637], [78.87982573997347, 9.43851188598401], [78.87991676980955, 9.438512434710917], [78.87991787504279, 9.438331661911324], [78.8798268452606, 9.4383311131934], [78.87982739790417, 9.438240726802587], [78.8799184276594, 9.438241275511528], [78.87991898026704, 9.43815088911173], [78.8800100100043, 9.438151437802707], [78.880010562576, 9.438061051393927], [78.87982850315535, 9.438059954011976], [78.87982960838859, 9.437879181221366], [78.87973857873216, 9.437878632503441], [78.8797413418332, 9.43742670054039], [78.87965031230253, 9.437426151822464], [78.87965086492814, 9.437335765440634], [78.87974189443185, 9.437336314149576], [78.87974355220982, 9.437065154968153], [78.87965252277797, 9.437064606268194], [78.87965473316358, 9.43670306070494], [78.87956370383056, 9.436702512013964], [78.8795686770926, 9.43588903451461], [78.8794776479662, 9.4358884858416], [78.87948096336943, 9.435346167523669], [78.87938993440471, 9.435345618859643], [78.87939159210184, 9.435074459705168], [78.87930056319999, 9.435073911041142], [78.87930222092407, 9.434802751895651], [78.87939324974506, 9.434803300550694], [78.87939380228083, 9.434712914159881], [78.87930277348678, 9.434712365513821], [78.87930553621052, 9.434260433604669], [78.87921450753326, 9.43425988495861], [78.87921782276582, 9.433717566676611], [78.87949090838437, 9.43371921244411], [78.87949146083031, 9.433628826044313], [78.8799466035249, 9.433631568493078], [78.87994770816523, 9.433450795639585], [78.88012976518738, 9.433451892437631], [78.88012921291212, 9.433542278873361], [78.88031127000613, 9.433543375581575], [78.8803107177758, 9.433633762026288], [78.88040174635424, 9.433634310357938], [78.88040008969915, 9.43390546971004], [78.88049111835845, 9.433906018023725], [78.88048780504829, 9.434448336745898], [78.88039677625424, 9.434447788396282], [78.88039622398797, 9.434538174840995], [78.8798500511878, 9.434534884222277], [78.87984839394882, 9.434806043466583], [78.87993942280575, 9.434806591977896], [78.87993555588184, 9.435439296893252], [78.88002658490944, 9.435439845413548], [78.8800238227696, 9.435891777511346], [78.88011485192297, 9.435892326040625], [78.88011374707602, 9.436073098885133], [78.88020477628328, 9.43607364740543]], [[78.88339631743631, 9.435188964486938], [78.88330528827396, 9.43518841684699], [78.88330694288088, 9.434917257009797], [78.88339797197136, 9.434917804631779], [78.88339631743631, 9.435188964486938]], [[78.88357782430322, 9.435280446328324], [78.88357837577897, 9.435190059703949], [78.8836694049503, 9.43519060727203], [78.88366885350149, 9.435280993905389], [78.88357782430322, 9.435280446328324]], [[78.87967186066736, 9.433901082320228], [78.87967296548736, 9.433720309502668], [78.87976399404785, 9.433720857996013], [78.87976288928174, 9.433901630822557], [78.87967186066736, 9.433901082320228]], [[78.87976067967767, 9.434263176475643], [78.8797617844887, 9.4340824036491], [78.87985281314798, 9.434082952142445], [78.87985170838188, 9.43426372497797], [78.87976067967767, 9.434263176475643]], [[78.88091865064108, 9.438428082744043], [78.88091920299718, 9.438337696290347], [78.88101023284224, 9.43833824472081], [78.88100968051309, 9.438428631192473], [78.88091865064108, 9.438428082744043]], [[78.88184882243095, 9.435179651409843], [78.88184937435587, 9.435089264884281], [78.88194040340144, 9.435089812892537], [78.88193985150347, 9.435180199427082], [78.88184882243095, 9.435179651409843]], [[78.882015425879, 9.437711570330702], [78.8820159779117, 9.437621183805142], [78.882107007631, 9.437621731912213], [78.88210645562525, 9.437712118446756], [78.882015425879, 9.437711570330702]], [[78.88202315377097, 9.436446158927936], [78.88202370572283, 9.436355772393393], [78.88211473511875, 9.436356320428597], [78.88211418319383, 9.436446706972124], [78.88202315377097, 9.436446158927936]], [[78.88258202056561, 9.434370555721763], [78.88258257224798, 9.434280169142303], [78.88267360112286, 9.434280716916998], [78.88267304946744, 9.434371103505441], [78.88258202056561, 9.434370555721763]], [[78.8833996264615, 9.434646644767636], [78.88340072943097, 9.434465871518883], [78.88349175840467, 9.434466419095948], [78.8834906554891, 9.434647192353683], [78.8833996264615, 9.434646644767636]], [[78.8835794787125, 9.435009286437232], [78.8835800301703, 9.434918899803874], [78.88367105927874, 9.434919447362972], [78.88367050784791, 9.43500983399633], [78.8835794787125, 9.435009286437232]], [[78.8804640538437, 9.438334953742768], [78.88055508366182, 9.438335502298996], [78.88055176886944, 9.438877820904388], [78.88046073890759, 9.43887727232121], [78.8804640538437, 9.438334953742768]], [[78.88185820433698, 9.433643080358529], [78.88194923300524, 9.433643628276952], [78.8819475775629, 9.433914787907534], [78.88185654882275, 9.43391423996216], [78.88185820433698, 9.433643080358529]], [[78.88185820433698, 9.433643080358529], [78.8817671756687, 9.433642532404171], [78.88176772752175, 9.433552145878611], [78.88185875616307, 9.433552693815], [78.88185820433698, 9.433643080358529]], [[78.88285400405012, 9.434552972177816], [78.88285455567859, 9.43446258558039], [78.8830366135721, 9.434463680986047], [78.88303551041398, 9.434644454189883], [78.88294448142231, 9.434643906487054], [78.88294503302383, 9.43455351989861], [78.88285400405012, 9.434552972177816]], [[78.88286117470815, 9.43337794644721], [78.88295220336744, 9.433378494105122], [78.88295054876052, 9.433649653906384], [78.88285952002038, 9.433649106239487], [78.88286117470815, 9.43337794644721]], [[78.88303937136409, 9.434011747971967], [78.88313040020304, 9.434012295611915], [78.88312929714374, 9.434193068833716], [78.8832203260366, 9.434193616464679], [78.88321867149256, 9.434464776301873], [78.88330970045727, 9.434465323923853], [78.88330749441053, 9.434826870394405], [78.88321646534699, 9.434826322745476], [78.88321701689462, 9.434735936139067], [78.88312598785802, 9.434735388481153], [78.88312874561409, 9.434283455440124], [78.88303771670327, 9.434282907782212], [78.88303937136409, 9.434011747971967]], [[78.8804640538437, 9.438334953742768], [78.88037302403457, 9.438334405159589], [78.88037578644389, 9.437882473025859], [78.88028475675154, 9.437881924451665], [78.88028586172426, 9.437701151607156], [78.8803768913717, 9.437701700172367], [78.8803763389078, 9.437792086599114], [78.88046736858219, 9.437792635146359], [78.8804640538437, 9.438334953742768]], [[78.88303937136409, 9.434011747971967], [78.88294834252513, 9.43401120030507], [78.88294999720392, 9.433740040512793], [78.88304102597101, 9.433740588161722], [78.88303937136409, 9.434011747971967]], [[78.88286117470815, 9.43337794644721], [78.88277014604886, 9.433377398780314], [78.8827718007546, 9.433106238997018], [78.88286282934202, 9.433106786654932], [78.88286117470815, 9.43337794644721]], [[78.88285400405012, 9.434552972177816], [78.88285345243064, 9.434643358766259], [78.88276242343898, 9.434642811018513], [78.88276297509438, 9.434552424430072], [78.88285400405012, 9.434552972177816]]], [[[78.88029304351241, 9.436526128050472], [78.88029580549055, 9.436074195898776], [78.88020477628328, 9.43607364740543], [78.8802053286843, 9.435983260978684], [78.88029635786462, 9.435983809463046], [78.88029691023868, 9.435893423027318], [78.88038793941001, 9.435893971484731], [78.88038849175713, 9.435803585049001], [78.88029746261276, 9.435803036591588], [78.88029856732496, 9.435622263729114], [78.88020753823447, 9.435621715262716], [78.8802097477038, 9.435260169537765], [78.88011871871213, 9.435259621071369], [78.88012092818146, 9.4348980753554], [78.88021195708329, 9.434898623803832], [78.88021250941244, 9.434808237368102], [78.8803945671712, 9.434809334184115], [78.88039346260273, 9.43499010707354], [78.8804844915405, 9.434990655450104], [78.88048228242151, 9.435352201246921], [78.88057331146709, 9.435352749623485], [78.88057275919184, 9.43544313607718], [78.8804817301283, 9.435442587691632], [78.88047896858134, 9.435894519924178], [78.88056999776167, 9.435895068336675], [78.8805677885259, 9.436256614133493], [78.88065881780503, 9.436257162537007], [78.88065660856927, 9.436618708351789], [78.88074763794721, 9.436619256755304], [78.88074432407112, 9.43716157548646], [78.88047123552406, 9.437159930096254], [78.8804717879161, 9.437069543660524], [78.88038075843933, 9.437068995158194], [78.88038407284543, 9.436526676552802], [78.88029304351241, 9.436526128050472]]]]}, "id": "+6759+5663", "properties": {"count": 2127, "water": 1}}, {"type": "Feature", "geometry": {"geodesic": false, "type": "MultiPolygon", "coordinates": [[[[78.88438275252703, 9.437635427106011], [78.88429172266399, 9.437634879582845], [78.88429282552566, 9.43745410626223], [78.8843838553348, 9.437454653776411], [78.88438275252703, 9.437635427106011]]], [[[78.88456260677229, 9.437998068784593], [78.88474466672294, 9.437999163714142], [78.88474521806394, 9.437908777026884], [78.88483624802579, 9.437909324451235], [78.88483679933087, 9.437818937763979], [78.88492782926576, 9.437819485161379], [78.88492617540444, 9.438090645241118], [78.88456205538637, 9.438088455453883], [78.88456260677229, 9.437998068784593]]], [[[78.88438275252703, 9.437635427106011], [78.88456481227107, 9.437636522089461], [78.88456260677229, 9.437998068784593], [78.88428951688674, 9.437996426215095], [78.88429117123316, 9.437725266243154], [78.88438220111415, 9.437725813775302], [78.88438275252703, 9.437635427106011]]]]}, "id": "+6771+5611", "properties": {"count": 20, "water": 1}}, {"type": "Feature", "geometry": {"geodesic": false, "type": "Polygon", "coordinates": [[[78.88470439459299, 9.294278322323384], [78.884704937391, 9.294187934908491], [78.88479592994702, 9.294188474086308], [78.8847964727181, 9.294098086662432], [78.88525143542623, 9.294100782174223], [78.88525089277194, 9.294191169616065], [78.8853418853459, 9.294191708650152], [78.88534134270957, 9.294282096100977], [78.88543233531946, 9.29428263512608], [78.8854317927011, 9.294373022576906], [78.88534080007324, 9.294372483551802], [78.88533971476464, 9.294553258453453], [78.88479375879982, 9.294550023754862], [78.88479538716695, 9.294278861501201], [78.88470439459299, 9.294278322323384]]]}, "id": "+6771+7197", "properties": {"count": 31, "water": 1}}, {"type": "Feature", "geometry": {"geodesic": false, "type": "Polygon", "coordinates": [[[78.8835916095621, 9.433020780431477], [78.88359381488121, 9.43265923386211], [78.88386690044587, 9.432660876054316], [78.88386745168805, 9.432570489394006], [78.88404950871019, 9.432571584054063], [78.88405005990747, 9.43248119738477], [78.88432314540924, 9.4324828391907], [78.88432369652567, 9.432392452503443], [78.88477883902263, 9.43239518834959], [78.88477939001329, 9.432304801635382], [78.88496144700848, 9.432305895792382], [78.88494987600693, 9.43420401693446], [78.88504090500759, 9.434204564089315], [78.885040353972, 9.434294950812506], [78.8849493249444, 9.434294403648666], [78.88494767172988, 9.434565563791287], [78.88503870082934, 9.434566110973094], [78.88503759870429, 9.43474688441049], [78.8849465695599, 9.434746337219702], [78.88494546736298, 9.434927110639132], [78.88503649655227, 9.434927657838905], [78.88503429219436, 9.435289204704716], [78.88494326291524, 9.435288657486977], [78.88494216065544, 9.435469430897426], [78.88503318998846, 9.43546997813313], [78.88502382029056, 9.437006552202783], [78.884841760825, 9.437005457524762], [78.88484396579376, 9.436643910748781], [78.88475293616429, 9.436643363396296], [78.88475348741547, 9.436552976709038], [78.88466245781294, 9.436552429338587], [78.88466521411372, 9.436100495902298], [78.88457418463696, 9.436099948531847], [78.88457528715728, 9.435919175166315], [78.88448425773443, 9.43591862778688], [78.88448701407114, 9.435466694386525], [78.88439598477405, 9.435466147007089], [78.8843970873213, 9.435285373659523], [78.88430605806913, 9.435284826271104], [78.88430771191248, 9.435013666254248], [78.88421668275014, 9.435013118856848], [78.88421833661145, 9.434741958848972], [78.88412730752097, 9.434741411451572], [78.88412841011315, 9.43456063811299], [78.88403738107657, 9.434560090706604], [78.88403903500077, 9.434288930716697], [78.88394800603605, 9.434288383301329], [78.88395021129227, 9.43392683666908], [78.88385918242636, 9.433926289244729], [78.88386138768259, 9.433564742630447], [78.88377035892448, 9.433564195197112], [78.8837725641897, 9.433202648600796], [78.88368153552142, 9.433202101167462], [78.8836826381675, 9.433021327873794], [78.8835916095621, 9.433020780431477]], [[78.88431763394853, 9.43338670604531], [78.88431818511886, 9.433296319358051], [78.88440921384102, 9.43329686662969], [78.88440866269765, 9.433387253316946], [78.88431763394853, 9.43338670604531]], [[78.88467403332403, 9.434654308807364], [78.88467513561976, 9.434473535414883], [78.8847661646833, 9.43447408265957], [78.8847650624235, 9.434654856061034], [78.88467403332403, 9.434654308807364]], [[78.88475899963076, 9.435649109755614], [78.88475955081906, 9.435558723059374], [78.88485058016106, 9.435559270348978], [78.88485002899972, 9.435649657054201], [78.88475899963076, 9.435649109755614]], [[78.88476285784999, 9.435016402872947], [78.88476396014572, 9.434835629471483], [78.88485498929909, 9.434836176707186], [78.88485388704827, 9.435016950117635], [78.88476285784999, 9.435016402872947]], [[78.88484727307623, 9.43610159055337], [78.8848489266501, 9.435830430455667], [78.88493995606396, 9.435830977727303], [78.88493830257096, 9.436102137851957], [78.88484727307623, 9.43610159055337]]]}, "id": "+6777+5668", "properties": {"count": 437, "water": 1}}, {"type": "Feature", "geometry": {"geodesic": false, "type": "Polygon", "coordinates": [[[78.88678036670132, 9.432587992743924], [78.88678091717993, 9.432497605912936], [78.88687194584821, 9.432498152501854], [78.88687249629989, 9.432407765661884], [78.88696352494121, 9.432408312223851], [78.88696407536594, 9.432317925383881], [78.8870551039893, 9.432318471909916], [78.88705565438707, 9.432228085060961], [78.88714668299247, 9.432228631560047], [78.8871472333543, 9.432138244702111], [78.88742031914353, 9.432139884046656], [78.88742086943351, 9.432049497179735], [78.88751189801195, 9.432050043571023], [78.88751299852902, 9.431869269819217], [78.88760402707153, 9.431869816183555], [78.88760292659939, 9.432050589944346], [78.88769395519579, 9.432051136290719], [78.88769230452348, 9.432322296954363], [78.88778333319176, 9.432322843291752], [78.88777948159311, 9.432955551521893], [78.88787051044106, 9.432956097877248], [78.88786720899765, 9.433498419222502], [78.88777618001495, 9.433497872840197], [78.887774529154, 9.433769033494858], [78.88768350009946, 9.433768487067637], [78.88768294978253, 9.43385887394354], [78.88740986260092, 9.433857234509164], [78.88741041298971, 9.433766847642243], [78.88731938396211, 9.43376630112519], [78.88731993437784, 9.433675914267253], [78.88722890537719, 9.433675367732235], [78.88723000623563, 9.433494594025342], [78.88713897728887, 9.433494047472358], [78.88713952773156, 9.433403660623403], [78.88695746990992, 9.433402567463533], [78.88695967181543, 9.433041020112633], [78.88714172944842, 9.433042113227586], [78.8871428302799, 9.432861339529678], [78.88705180150383, 9.432860792994658], [78.88705235193754, 9.432770406145703], [78.88696132318842, 9.43276985959272], [78.8869624240738, 9.432589085903793], [78.88678036670132, 9.432587992743924]]]}, "id": "+6806+5673", "properties": {"count": 157, "water": 1}}, {"type": "Feature", "geometry": {"geodesic": false, "type": "Polygon", "coordinates": [[[78.8925836777513, 9.361123815228295], [78.89258476722807, 9.360943040155963], [78.8929488085178, 9.360945203981887], [78.8929493531484, 9.360854816423265], [78.89313137377978, 9.360855898183512], [78.8931308291941, 9.360946285751119], [78.89322183953675, 9.360946826599802], [78.89322129496904, 9.361037214176392], [78.89331230534762, 9.361037755007109], [78.89331121623916, 9.361218530160288], [78.89340222667163, 9.361219070982022], [78.89340168213087, 9.361309458567595], [78.89312865079751, 9.361307836021545], [78.89312810617591, 9.361398223589152], [78.89276406437413, 9.361396059844076], [78.89276460908557, 9.36130567230342], [78.89267359867107, 9.361305131311006], [78.89267468811191, 9.361124356229691], [78.8925836777513, 9.361123815228295]]]}, "id": "+6862+6459", "properties": {"count": 36, "water": 1}}, {"type": "Feature", "geometry": {"geodesic": false, "type": "Polygon", "coordinates": [[[78.89294867965448, 9.345849935031003], [78.89294976711902, 9.345669159761043], [78.89340479900643, 9.345671859638646], [78.89340534261294, 9.345581471981207], [78.89395138091734, 9.345584711036627], [78.89395083744557, 9.345675098729998], [78.89404184387156, 9.34567563849172], [78.89404075696397, 9.345856413896428], [78.89413176344387, 9.345856953649166], [78.89412795924932, 9.346489667556659], [78.89376393270993, 9.346487508249261], [78.89376338913935, 9.346577895933649], [78.89339936259995, 9.346575736230992], [78.89339990626037, 9.346485348573554], [78.8933088996637, 9.346484808596237], [78.89330998702044, 9.346304033290345], [78.89321898047768, 9.346303493304044], [78.89322006786138, 9.346122718007134], [78.8931290613725, 9.346122178002867], [78.89312960507783, 9.346031790363396], [78.89303859861592, 9.346031250341163], [78.8930396860625, 9.34585047506222], [78.89294867965448, 9.345849935031003]]]}, "id": "+6870+6628", "properties": {"count": 107, "water": 1}}, {"type": "Feature", "geometry": {"geodesic": false, "type": "MultiPolygon", "coordinates": [[[[78.89389154778343, 9.415817976211358], [78.89398257249013, 9.415818520006516], [78.89398147724617, 9.415999294683587], [78.89407250200678, 9.41599983846078], [78.89407140678976, 9.416180613146834], [78.89398038198425, 9.416180069351677], [78.89397819137955, 9.416541618696838], [78.89406921628388, 9.416542162509963], [78.89406647803024, 9.416994099198151], [78.89415750306034, 9.416994643020258], [78.89415640776248, 9.41717541769733], [78.89406538268747, 9.417174873875224], [78.89406593036335, 9.417084486541178], [78.89397490531529, 9.417083942692123], [78.89397654836988, 9.416812780698972], [78.89388552340266, 9.416812236840933], [78.89389154778343, 9.415817976211358]]], [[[78.89389647632736, 9.415004490195974], [78.8938970239134, 9.41491410286193], [78.89407907286866, 9.414915190317497], [78.89407852532754, 9.415005577669508], [78.89389647632736, 9.415004490195974]]], [[[78.89389647632736, 9.415004490195974], [78.89389154778343, 9.415817976211358], [78.89380052307672, 9.415817432398235], [78.89380216604148, 9.415546270414067], [78.89371114141562, 9.415545726582979], [78.89371223674941, 9.415364951941838], [78.89380326133036, 9.415365495754962], [78.89380490421426, 9.415094333761811], [78.89371387970519, 9.415093789957671], [78.89371442734513, 9.415003402632609], [78.89389647632736, 9.415004490195974]]]]}, "id": "+6876+5861", "properties": {"count": 35, "water": 1}}, {"type": "Feature", "geometry": {"geodesic": false, "type": "Polygon", "coordinates": [[[78.89378465338501, 9.43344349671112], [78.89378629949387, 9.43317233499645], [78.89387732874606, 9.433172879815686], [78.89387787741906, 9.433082492571472], [78.89415096513069, 9.433084126849518], [78.89415041653852, 9.433174514111698], [78.89424144580867, 9.43317505883212], [78.894239251458, 9.43353660788982], [78.89387513401809, 9.433534428783554], [78.89387568270907, 9.43344404153934], [78.89378465338501, 9.43344349671112]]]}, "id": "+6878+5660", "properties": {"count": 22, "water": 1}}, {"type": "Feature", "geometry": {"geodesic": false, "type": "Polygon", "coordinates": [[[78.89556958546281, 9.333753079885476], [78.89557067015156, 9.333572304184324], [78.89566167353226, 9.333572842850101], [78.89566221584519, 9.333482454995034], [78.89593522595136, 9.333484070812702], [78.89593576818345, 9.333393682939668], [78.89639078501509, 9.333396375487018], [78.89638915864222, 9.333667539177986], [78.89648016209478, 9.33366807763715], [78.89647853573987, 9.333939241337099], [78.89638753221544, 9.333938702868952], [78.89638699005522, 9.334029090759952], [78.89620498297941, 9.334028013742808], [78.89620552518456, 9.333937625860791], [78.89584151118564, 9.333935471557009], [78.8958420534806, 9.333845083692959], [78.89566004655751, 9.33384400640632], [78.89566058888842, 9.333753618551253], [78.89556958546281, 9.333753079885476]]]}, "id": "+6896+6763", "properties": {"count": 50, "water": 1}}, {"type": "Feature", "geometry": {"geodesic": false, "type": "Polygon", "coordinates": [[[78.89597429170678, 9.432643079844631], [78.89597648403624, 9.432281530373706], [78.8960675131896, 9.432282074564123], [78.89606860926901, 9.432101299815184], [78.89634169660334, 9.432102932233718], [78.89634224456668, 9.432012544836793], [78.89661533187406, 9.432014177030748], [78.89661423608213, 9.43219495185155], [78.89670526524448, 9.432195495871287], [78.89670362158802, 9.432466658115965], [78.89679465082223, 9.432467202135701], [78.89679410294872, 9.432557589550594], [78.89661204443537, 9.43255650147519], [78.89661149650797, 9.432646888881099], [78.89642943796768, 9.43264580070688], [78.89642888998637, 9.432736188094824], [78.89606477286985, 9.432734011440957], [78.89606532094997, 9.432643624061997], [78.89597429170678, 9.432643079844631]]]}, "id": "+6905+5672", "properties": {"count": 52, "water": 1}}, {"type": "Feature", "geometry": {"geodesic": false, "type": "Polygon", "coordinates": [[[78.89693551141985, 9.424242488651338], [78.89693824808347, 9.423790551307377], [78.8970292750629, 9.423791094770158], [78.89702982236149, 9.423700707292383], [78.89712084931399, 9.423701250728215], [78.89712139658563, 9.42361086325044], [78.89721242352016, 9.423611406650338], [78.89721187628444, 9.423701794137097], [78.89730290325491, 9.423702337528011], [78.89730126156576, 9.423973499997269], [78.89739228861707, 9.423974043379202], [78.89739064694588, 9.424245205866425], [78.89693551141985, 9.424242488651338]]]}, "id": "+6911+5765", "properties": {"count": 27, "water": 1}}, {"type": "Feature", "geometry": {"geodesic": false, "type": "Polygon", "coordinates": [[[78.89710748237358, 9.41086568078608], [78.89711130782227, 9.410232967956563], [78.89720233126235, 9.410233510592894], [78.89720287770753, 9.410143123043254], [78.89729390112964, 9.410143665661618], [78.89729499395715, 9.409962890535388], [78.89738601733434, 9.40996343311782], [78.89738656372563, 9.409873045550214], [78.89747758708486, 9.409873588105695], [78.89747649435618, 9.410054363249891], [78.89738547095203, 9.410053820685427], [78.89738328534196, 9.41041537094687], [78.89747430883594, 9.4104159135293], [78.89747376244466, 9.410506301096907], [78.89765580951347, 9.410507386207872], [78.8976552631671, 9.410597773784461], [78.89774628673294, 9.410598316312994], [78.89774737938076, 9.410417541141848], [78.8978384029017, 9.410418083634449], [78.89783894919417, 9.410327696039893], [78.89792997269713, 9.410328238505542], [78.89793051896265, 9.410237850910987], [78.89829461294755, 9.410240020495111], [78.89829297442047, 9.410511183350645], [78.89838399800429, 9.410511725708497], [78.89838290567087, 9.410692500951509], [78.89847392930858, 9.410693043291396], [78.89847338315984, 9.410783430921883], [78.89838235950415, 9.410782888573014], [78.89838181331947, 9.410873276185537], [78.89829078964584, 9.410872733809716], [78.8982902434432, 9.410963121431223], [78.89819921974261, 9.41096257901947], [78.89819867351301, 9.411052966631994], [78.89810764979445, 9.411052424193292], [78.89810710352893, 9.41114281179683], [78.8980160798014, 9.411142269340164], [78.89801553350891, 9.41123265693472], [78.89774246228137, 9.411231029385055], [78.89774300864572, 9.411140641808466], [78.89765198494513, 9.411140099252982], [78.89765253132742, 9.411049711676393], [78.89756150764481, 9.411049169102945], [78.89756205404507, 9.410958781526356], [78.89719795948525, 9.410956611016966], [78.89719850597535, 9.410866223467325], [78.89710748237358, 9.41086568078608]], [[78.89774519405816, 9.410779091475156], [78.89774574039555, 9.410688703898566], [78.89783676398834, 9.41068924640015], [78.89783621767789, 9.410779633994705], [78.89774519405816, 9.410779091475156]]]}, "id": "+6913+5917", "properties": {"count": 113, "water": 1}}, {"type": "Feature", "geometry": {"geodesic": false, "type": "Polygon", "coordinates": [[[78.896824227835, 9.427586280896051], [78.89682532297115, 9.427405506003382], [78.89700737881651, 9.427406593378102], [78.89700792633069, 9.427316205918293], [78.8971899821401, 9.427317293194196], [78.89719052960038, 9.427226905725405], [78.89728155749611, 9.427227449322933], [78.89728210492945, 9.427137061845158], [78.89746416067598, 9.427138148959365], [78.89746470805541, 9.427047761472608], [78.89764676378398, 9.427048848479016], [78.89764731110951, 9.426958460983276], [78.89773833896032, 9.426959004437073], [78.89773779166174, 9.427049391941797], [78.8978288195395, 9.427049935386611], [78.8978282722499, 9.427140322891336], [78.89791930016358, 9.4271408663092], [78.89791765834867, 9.42741202884134], [78.8978266303721, 9.427411485396526], [78.89782553574797, 9.427592260405975], [78.89773450773546, 9.427591716934211], [78.89773396039196, 9.427682104429952], [78.89746087629156, 9.427680473843981], [78.89746032887619, 9.427770861330739], [78.89736930082776, 9.427770317751177], [78.89736875338545, 9.42786070521997], [78.89718669726162, 9.427859617979998], [78.8971861497654, 9.42795000544879], [78.89709512169001, 9.42794946178838], [78.89709566921319, 9.427859074328572], [78.89700464116474, 9.427858530650195], [78.89700518870588, 9.42776814319937], [78.89691416068439, 9.427767599503028], [78.89691525580258, 9.427586824601375], [78.896824227835, 9.427586280896051]]]}, "id": "+6917+5728", "properties": {"count": 72, "water": 1}}, {"type": "Feature", "geometry": {"geodesic": false, "type": "Polygon", "coordinates": [[[78.89719655130418, 9.426232643559711], [78.89719874084886, 9.425871093666577], [78.89728976838526, 9.425871637183258], [78.89729031573775, 9.425781249705482], [78.8977454533928, 9.425783966893622], [78.89774490615709, 9.425874354407329], [78.89792696130175, 9.425875441126278], [78.89792641411995, 9.425965828639985], [78.89801744171922, 9.425966371977001], [78.8980168945464, 9.426056759499692], [78.89792586692018, 9.426056216162676], [78.8979253197204, 9.426146603676383], [78.89801634737358, 9.426147147022384], [78.89801415861042, 9.42650869709518], [78.89765004765634, 9.426506523495586], [78.89764950035776, 9.42659691100031], [78.89755847261475, 9.42659636753753], [78.89755901993131, 9.426505980041789], [78.89737696449919, 9.426504893053345], [78.89737641712873, 9.426595280540104], [78.89728538940369, 9.426594737005457], [78.8972875789394, 9.426233187094358], [78.89719655130418, 9.426232643559711]]]}, "id": "+6917+5741", "properties": {"count": 65, "water": 1}}, {"type": "Feature", "geometry": {"geodesic": false, "type": "Polygon", "coordinates": [[[78.89930331113868, 9.42407583654156], [78.89930495127373, 9.423804673721959], [78.89939597839691, 9.423805216573886], [78.89939652507566, 9.423714828961364], [78.89930549797944, 9.423714286109437], [78.89930823140912, 9.423262348064792], [78.89939925838856, 9.423262890889768], [78.89939980503138, 9.423172503268264], [78.89958185895433, 9.423173588828385], [78.89958076575853, 9.42335436408038], [78.8996717927739, 9.423354906842475], [78.89967124618498, 9.423445294472963], [78.89958021914266, 9.423444751710868], [78.89957857928607, 9.423715914584367], [78.89966960639129, 9.423716457364428], [78.89966796655267, 9.42398762024691], [78.89957693937559, 9.423987077457866], [78.899575846072, 9.424167852700878], [78.89939379162801, 9.424166767023975], [78.89939433832473, 9.424076379411453], [78.89930331113868, 9.42407583654156]]]}, "id": "+6937+5770", "properties": {"count": 34, "water": 1}}, {"type": "Feature", "geometry": {"geodesic": false, "type": "MultiPolygon", "coordinates": [[[[78.89902334715593, 9.410153970900996], [78.89902443908511, 9.409973195577136], [78.89911546257011, 9.409973737710411], [78.89911819219093, 9.40952179936932], [78.89920921555914, 9.409522341457679], [78.89921030731763, 9.409341566106871], [78.89930133064992, 9.409342108150312], [78.89930187650222, 9.40925172047491], [78.89939289980755, 9.409252262500384], [78.89939399144029, 9.409071487122628], [78.89957603798807, 9.409072571074764], [78.89957658375053, 9.408982183381394], [78.89966760700197, 9.408982725317038], [78.89966815273749, 9.408892337605701], [78.89975917597096, 9.408892879514397], [78.89975808455382, 9.409073654937071], [78.89966706126646, 9.409073113019392], [78.89966487825251, 9.409434663828808], [78.8995738548843, 9.409434121866212], [78.89957330909488, 9.409524509559583], [78.89948228569972, 9.40952396757004], [78.899481194058, 9.409704742947799], [78.8993901706269, 9.409704200922322], [78.89938907891332, 9.409884976291098], [78.89929805543731, 9.409884434229689], [78.89929750954907, 9.409974821914076], [78.89920648605509, 9.409974279825718], [78.89920594013992, 9.41006466749214], [78.89911491662797, 9.410064125376831], [78.89911437068584, 9.410154513043253], [78.89902334715593, 9.410153970900996]]], [[[78.89902334715593, 9.410153970900996], [78.89902116321673, 9.41051552153973], [78.89893013959698, 9.410514979343574], [78.89892959358299, 9.410605367001013], [78.89883856994527, 9.410604824777907], [78.89883802389535, 9.410695212426361], [78.89856495294629, 9.410693585613314], [78.89856549906808, 9.410603197982827], [78.89865652268783, 9.410603740268815], [78.89865706877369, 9.410513352629343], [78.89874809237546, 9.410513894897363], [78.8987497305522, 9.410242731960983], [78.8988407540911, 9.410243274184088], [78.89884130010509, 9.410152886535633], [78.89902334715593, 9.410153970900996]]]]}, "id": "+6938+5928", "properties": {"count": 58, "water": 1}}, {"type": "Feature", "geometry": {"geodesic": false, "type": "Polygon", "coordinates": [[[78.8999616085624, 9.34498756900403], [78.89996269230794, 9.34480679290762], [78.90014470542042, 9.34480786923306], [78.90014524724826, 9.344717481171381], [78.90032726033381, 9.344718557398007], [78.90032563499399, 9.344989721609997], [78.90041664161761, 9.344990259700852], [78.90041393272092, 9.34544220006315], [78.9001409125177, 9.34544058563787], [78.90014199623627, 9.345259809523494], [78.90005098955875, 9.345259271342806], [78.90005261515907, 9.344988107184717], [78.8999616085624, 9.34498756900403]]]}, "id": "+6940+6638", "properties": {"count": 28, "water": 1}}, {"type": "Feature", "geometry": {"geodesic": false, "type": "Polygon", "coordinates": [[[78.90056512386347, 9.426162351080432], [78.90056730988675, 9.425800800405764], [78.90084039305292, 9.425802428251874], [78.90084093948013, 9.425712040567486], [78.9009319671872, 9.42571258313195], [78.90093142078693, 9.425802970825321], [78.90102244852994, 9.425803513371822], [78.90102026298275, 9.426165064154286], [78.90056512386347, 9.426162351080432]]]}, "id": "+6952+5742", "properties": {"count": 21, "water": 1}}, {"type": "Feature", "geometry": {"geodesic": false, "type": "Polygon", "coordinates": [[[78.90078012648188, 9.345082799937305], [78.90078337644283, 9.344540471369596], [78.9009653895194, 9.34454154724588], [78.90096593111367, 9.344451159139284], [78.90132995722188, 9.344453310595407], [78.90133049871734, 9.344362922461862], [78.90160351829175, 9.34436453580018], [78.90160297685917, 9.344454923942708], [78.9016939834199, 9.34445546168322], [78.90169181776142, 9.344817014280283], [78.90178282442098, 9.344817552011811], [78.90178065877147, 9.34517910462684], [78.9016896520131, 9.345178566868363], [78.90169019346365, 9.345088178725833], [78.90159918674122, 9.345087640949389], [78.9015986452727, 9.345178029091917], [78.90087059150223, 9.345173726026959], [78.90087113315938, 9.345083337920363], [78.90078012648188, 9.345082799937305]]]}, "id": "+6954+6642", "properties": {"count": 83, "water": 1}}, {"type": "Feature", "geometry": {"geodesic": false, "type": "Polygon", "coordinates": [[[78.90094155396301, 9.348518623522866], [78.90094426308427, 9.348066683079718], [78.9017633303954, 9.348071525241645], [78.90176278880111, 9.348161913384173], [78.90185379633203, 9.348162451286383], [78.90185271315245, 9.348343227571439], [78.90157969044292, 9.348341613748032], [78.90157914877676, 9.348432001872593], [78.90130612604028, 9.348430387824607], [78.90130558429328, 9.348520775931203], [78.90121457670847, 9.348520237867296], [78.90121403493453, 9.348610625964909], [78.90103201971998, 9.348609549747266], [78.90103256153884, 9.348519161658636], [78.90094155396301, 9.348518623522866]]]}, "id": "+6956+6601", "properties": {"count": 42, "water": 1}}, {"type": "Feature", "geometry": {"geodesic": false, "type": "Polygon", "coordinates": [[[78.90460781811039, 9.344201491989336], [78.90460889936757, 9.344020715344953], [78.90488191924742, 9.344022326105106], [78.90488245979965, 9.34393193776495], [78.90497346641429, 9.343932474625111], [78.90497400693958, 9.343842086284955], [78.9051560201419, 9.343843159933416], [78.90515547966153, 9.34393354829154], [78.90524648629413, 9.34393408508882], [78.90524594583172, 9.344024473446945], [78.90533695249127, 9.34402501022626], [78.90533587160239, 9.344205786951491], [78.90478983144746, 9.34420256587136], [78.90478929085928, 9.344292954202535], [78.90469828415482, 9.344292417270506], [78.90469882476994, 9.344202028939332], [78.90460781811039, 9.344201491989336]]]}, "id": "+6993+6648", "properties": {"count": 23, "water": 1}}, {"type": "Feature", "geometry": {"geodesic": false, "type": "Polygon", "coordinates": [[[78.90574503903278, 9.367077255549278], [78.90574612240101, 9.36689647900371], [78.90583713503436, 9.366897016959818], [78.90583767669152, 9.366806628682543], [78.9059286893069, 9.366807166602717], [78.90592923092814, 9.366716778325442], [78.90620226874734, 9.366718391933254], [78.9062028102967, 9.366628003638013], [78.90656686069535, 9.366630154770741], [78.90656469483923, 9.366991708050524], [78.90638266944677, 9.366990632488651], [78.90638212792435, 9.367081020801859], [78.90620010249596, 9.367079945132188], [78.90619956091965, 9.36717033342743], [78.9058355100449, 9.367168181791644], [78.90583605171103, 9.367077793514369], [78.90574503903278, 9.367077255549278]]]}, "id": "+7010+6396", "properties": {"count": 39, "water": 1}}, {"type": "Feature", "geometry": {"geodesic": false, "type": "MultiPolygon", "coordinates": [[[[78.90776567595266, 9.39438743399454], [78.90777001796857, 9.393664327982947], [78.90767899823854, 9.393663789011743], [78.9076806264799, 9.393392624260764], [78.90777164613807, 9.393393163222987], [78.90777327425369, 9.393121998454042], [78.90786429383999, 9.39312253738033], [78.90786537918451, 9.392941760852729], [78.9079563987259, 9.392942299743083], [78.90795748399857, 9.392761523206499], [78.90804850350402, 9.392762062060923], [78.90804958870483, 9.39258128550637], [78.90823162764387, 9.392582363125387], [78.9082305425329, 9.392763139697903], [78.90813952301846, 9.392762600888396], [78.9081378952532, 9.393033765729205], [78.9080468756669, 9.393033226883766], [78.90804524777587, 9.393304391697626], [78.90795422812668, 9.39330385280727], [78.90795042936695, 9.393936570658369], [78.90785940955605, 9.393936031714114], [78.90785669587135, 9.394387972992693], [78.90776567595266, 9.39438743399454]]], [[[78.90776567595266, 9.39438743399454], [78.9077651331726, 9.394477822244866], [78.90767411323596, 9.394477283219762], [78.90767465603398, 9.39438689497842], [78.90776567595266, 9.39438743399454]]]]}, "id": "+7030+6109", "properties": {"count": 42, "water": 1}}, {"type": "Feature", "geometry": {"geodesic": false, "type": "Polygon", "coordinates": [[[78.90862184948814, 9.418527022218045], [78.90862565715018, 9.417894304977803], [78.90889873551933, 9.417895925233148], [78.90889819165231, 9.417986313429575], [78.90898921781428, 9.417986853469774], [78.9089848668871, 9.418709959059159], [78.90871178786217, 9.418708338731948], [78.9087128757669, 9.418527562366043], [78.90862184948814, 9.418527022218045]]]}, "id": "+7039+5829", "properties": {"count": 33, "water": 1}}, {"type": "Feature", "geometry": {"geodesic": false, "type": "Polygon", "coordinates": [[[78.90936442929524, 9.400995480175474], [78.90936605750966, 9.400724315244833], [78.90945707918006, 9.400724854189088], [78.90945762188825, 9.400634465875878], [78.90982170852494, 9.400636621392387], [78.90982116591556, 9.40072700972356], [78.9099121876129, 9.400727548551034], [78.90990784671989, 9.401450655272296], [78.9098168248339, 9.401450116399907], [78.90981573950734, 9.40163089307124], [78.90972471757642, 9.401630354162917], [78.9097241748862, 9.40172074249409], [78.90954213099742, 9.401719664605581], [78.90954375921184, 9.401448499656974], [78.90945273734381, 9.401447960694753], [78.9094554510375, 9.400996019128712], [78.90936442929524, 9.400995480175474]]]}, "id": "+7048+6020", "properties": {"count": 55, "water": 1}}, {"type": "Feature", "geometry": {"geodesic": false, "type": "Polygon", "coordinates": [[[78.91025221320707, 9.359149395731459], [78.91025329331443, 9.358968618593003], [78.91034430415114, 9.358969154932144], [78.91034538419561, 9.35878837777572], [78.9105274057882, 9.358789450373154], [78.91052794574755, 9.358699061781468], [78.91070996732216, 9.358700134271102], [78.91070942739874, 9.358790522871772], [78.91080043821749, 9.35879105909413], [78.91079935841557, 9.358971836304452], [78.91070834755192, 9.358971300082093], [78.91070780761952, 9.359061688673778], [78.91061679673788, 9.35906115242447], [78.91061625676954, 9.359151541016155], [78.91025221320707, 9.359149395731459]]]}, "id": "+7055+6484", "properties": {"count": 21, "water": 1}}, {"type": "Feature", "geometry": {"geodesic": false, "type": "Polygon", "coordinates": [[[78.91136603273785, 9.340264059776194], [78.91136711006041, 9.340083282314344], [78.91154912205, 9.340084352261748], [78.9115496606529, 9.339993963517347], [78.91182267861035, 9.339995568258788], [78.91182214007931, 9.340085957012171], [78.91191314610106, 9.340086491887057], [78.91191368461412, 9.339996103124692], [78.9120046906179, 9.339996637963646], [78.91200522909504, 9.339906249192296], [78.91218724106666, 9.339907318798339], [78.91218777949888, 9.339816930009023], [78.91227878546673, 9.339817464776113], [78.9122777086562, 9.339998242354742], [78.91236871467794, 9.339998777103865], [78.91236763789436, 9.340179554682496], [78.91245864397001, 9.340180089422635], [78.9124575672044, 9.340360867010249], [78.91236656108383, 9.340360332270109], [78.9123670994891, 9.34026994347181], [78.9120030751416, 9.340267804277692], [78.91200253663752, 9.340358193049042], [78.91145650013873, 9.340354983512261], [78.91145703878654, 9.340264594776846], [78.91136603273785, 9.340264059776194]]]}, "id": "+7071+6693", "properties": {"count": 42, "water": 1}}, {"type": "Feature", "geometry": {"geodesic": false, "type": "MultiPolygon", "coordinates": [[[[78.91218119943824, 9.386639866341705], [78.91218174061032, 9.386549477794935], [78.91227275874135, 9.386550015212054], [78.91227221759623, 9.386640403767807], [78.91218119943824, 9.386639866341705]]], [[[78.91218119943824, 9.386639866341705], [78.91217524618607, 9.387634140311262], [78.9119021909755, 9.387632527736512], [78.91190273227333, 9.387542139216691], [78.9119937506559, 9.387542676750591], [78.91199699820937, 9.387000345568785], [78.91208801644822, 9.387000883057768], [78.91209018128923, 9.386639328897637], [78.91218119943824, 9.386639866341705]]]]}, "id": "+7074+6176", "properties": {"count": 20, "water": 1}}, {"type": "Feature", "geometry": {"geodesic": false, "type": "Polygon", "coordinates": [[[78.91245272149412, 9.341174366159002], [78.91245325992634, 9.341083977369687], [78.91254426624452, 9.341084512136776], [78.9125448046498, 9.340994123338477], [78.91281782356843, 9.340995727478045], [78.91281728522605, 9.34108611629431], [78.91290829157118, 9.341086650962584], [78.91290775325575, 9.341177039778849], [78.91299875961886, 9.34117757443814], [78.91299768301495, 9.341358352079652], [78.91272466379088, 9.341356748011949], [78.91272412541257, 9.34144713681923], [78.91254211256957, 9.341446067320986], [78.91254372783926, 9.34117490092609], [78.91245272149412, 9.341174366159002]]]}, "id": "+7077+6680", "properties": {"count": 20, "water": 1}}, {"type": "Feature", "geometry": {"geodesic": false, "type": "Polygon", "coordinates": [[[78.91525455949012, 9.344444935296586], [78.91525509739233, 9.344354546354557], [78.91534610472561, 9.344355080591638], [78.9153466425919, 9.344264691649611], [78.91571067187114, 9.344266828328447], [78.9157112096476, 9.344176439368452], [78.91625725358443, 9.34417964365907], [78.91625617831002, 9.344360421650926], [78.9163471856972, 9.344360955627497], [78.91634611044975, 9.344541733628335], [78.91625510301765, 9.344541199633797], [78.91625456535797, 9.344631588629726], [78.9153444910639, 9.344626247417725], [78.91534556684138, 9.344445469533667], [78.91525455949012, 9.344444935296586]]]}, "id": "+7115+6645", "properties": {"count": 49, "water": 1}}, {"type": "Feature", "geometry": {"geodesic": false, "type": "Polygon", "coordinates": [[[78.91721826713415, 9.39670308394194], [78.91721880758757, 9.396612695152625], [78.91730982864712, 9.396613231842107], [78.91731090949109, 9.396432454263477], [78.91740193050572, 9.396432990917027], [78.91740247089626, 9.396342602118729], [78.91794859693911, 9.396345821510028], [78.91794751642753, 9.396526599169507], [78.91803853750504, 9.39652713566136], [78.9180374570204, 9.396707913329823], [78.91794643589797, 9.396707376820002], [78.91794427477598, 9.397068932129978], [78.91730712642492, 9.397065175788684], [78.91730928821165, 9.396703620631422], [78.91721826713415, 9.39670308394194]]]}, "id": "+7137+6068", "properties": {"count": 58, "water": 1}}, {"type": "Feature", "geometry": {"geodesic": false, "type": "MultiPolygon", "coordinates": [[[[78.91901243070404, 9.385866607405767], [78.91901297006152, 9.385776218463738], [78.91928602506549, 9.38577782523537], [78.91928548577987, 9.385868214195366], [78.91901243070404, 9.385866607405767]]], [[[78.91901243070404, 9.385866607405767], [78.91901189133758, 9.385956996347796], [78.91892087297298, 9.385956460700358], [78.91892033357956, 9.386046849642387], [78.91882931518802, 9.386046313968], [78.91882877576765, 9.386136702901046], [78.91864673896659, 9.386135631471424], [78.91864619949233, 9.386226020386502], [78.9183731442548, 9.38622441304893], [78.91837368379194, 9.386134024142835], [78.91828266541836, 9.386133488324717], [78.9182842840837, 9.385862321624394], [78.9184663207051, 9.38586339320673], [78.91846686020631, 9.385773004300635], [78.91892195173286, 9.385775682825283], [78.9189214123574, 9.385866071767312], [78.91901243070404, 9.385866607405767]]]]}, "id": "+7151+6185", "properties": {"count": 32, "water": 1}}, {"type": "Feature", "geometry": {"geodesic": false, "type": "Polygon", "coordinates": [[[78.91903712594815, 9.351156149610235], [78.91903927519442, 9.350794593123467], [78.91913028441417, 9.350795126749695], [78.91913082169654, 9.35070473761902], [78.91922183089832, 9.350705271218299], [78.91922236814476, 9.350614882087624], [78.91949539571418, 9.350616482732747], [78.91949432136504, 9.35079726103003], [78.91958533061174, 9.35079779454846], [78.91958425628056, 9.350978572854727], [78.91949324697995, 9.350978039327313], [78.91949270978742, 9.351068428475953], [78.91940170046885, 9.351067894930575], [78.91940116324936, 9.351158284070232], [78.91921914458528, 9.351157216889641], [78.91921860731189, 9.351247606020316], [78.91912759796638, 9.351247072385105], [78.91912813526672, 9.351156683263413], [78.91903712594815, 9.351156149610235]]]}, "id": "+7151+6574", "properties": {"count": 29, "water": 1}}, {"type": "Feature", "geometry": {"geodesic": false, "type": "Polygon", "coordinates": [[[78.91528359847491, 9.339563931977867], [78.91528306086016, 9.339654320937862], [78.91519205475757, 9.339653786961291], [78.9151909794652, 9.339834564872298], [78.91564601027461, 9.339837234611425], [78.9156465478085, 9.339746845624479], [78.91601057246145, 9.339748980973809], [78.91600842267619, 9.340110536993453], [78.91609942894945, 9.34011107079036], [78.91609889151437, 9.340201459795272], [78.91637191042403, 9.340203061078197], [78.91637083567963, 9.340383839123954], [78.91646184204274, 9.340384372848996], [78.91646130467952, 9.340474761871873], [78.91655231107855, 9.34047529557895], [78.91655284841482, 9.340384906547088], [78.91664385478691, 9.340385440218233], [78.91664439208725, 9.340295051186372], [78.9165533857421, 9.340294517515229], [78.9165544603877, 9.340113739442524], [78.91691848563352, 9.340115873947438], [78.91691902285301, 9.340025484888628], [78.91710103546244, 9.340026551997354], [78.91710049828787, 9.340116941056163], [78.91764653638566, 9.340120141834369], [78.91764707342548, 9.340029752739627], [78.91855713711944, 9.340035085453563], [78.91855767391671, 9.339944696304922], [78.91873968666988, 9.339945762560248], [78.91874022341325, 9.339855373393641], [78.91883122977636, 9.33985590648088], [78.91883230319127, 9.339675128147665], [78.91892330951843, 9.33967566119897], [78.91892438287046, 9.339494882856773], [78.91901538915272, 9.339495415872147], [78.9190159257883, 9.339405026696555], [78.91910693205259, 9.33940555968498], [78.91910800527884, 9.339224781315831], [78.91919901149822, 9.339225314268324], [78.9191995480799, 9.339134925074767], [78.91929055428132, 9.339135458009292], [78.91929109083605, 9.339045068806751], [78.91947310321193, 9.33904613458597], [78.91947363971276, 9.338955745374447], [78.91956464588722, 9.338956278228125], [78.91956518235213, 9.338865889007618], [78.91983820083958, 9.33886748739797], [78.91983766443755, 9.33895787662746], [78.91992867062999, 9.338958409382322], [78.91992598866479, 9.339410355547736], [78.92001699498297, 9.339410888311582], [78.92001538580385, 9.339682056018018], [78.92019739860193, 9.339683121500792], [78.92019632587873, 9.339863899986723], [78.92065135818835, 9.339866563329842], [78.92065189442867, 9.339776174055437], [78.92119793323613, 9.339779369264088], [78.92119846933272, 9.33968897995375], [78.92128947580363, 9.339689512403185], [78.92129108398562, 9.33941834447217], [78.92165510961772, 9.339420473973467], [78.92165350170522, 9.339691641967365], [78.92156249522533, 9.339691109607761], [78.92156195921856, 9.339781498936064], [78.92147095271173, 9.339780966549512], [78.9214693446016, 9.340052134507475], [78.92137833803189, 9.34005160208499], [78.9213772658836, 9.340232380705666], [78.92146827249825, 9.340232913146119], [78.92146720037692, 9.340413691775778], [78.92128518705782, 9.340412626867924], [78.92128357868718, 9.340683794780972], [78.92119257196475, 9.340683262277638], [78.92119203580528, 9.34077365157001], [78.92128304255466, 9.340774184082328], [78.92128250641315, 9.340864573383682], [78.92146451996581, 9.340865638354417], [78.92146505605342, 9.340775249035097], [78.92192008991712, 9.340777911003794], [78.92191848196869, 9.341049079024641], [78.9218274751205, 9.341048546665037], [78.921826403089, 9.34122932533063], [78.92191740998211, 9.341229857699217], [78.92191687398433, 9.341320247036505], [78.92173486014421, 9.341319182263398], [78.92173432408354, 9.34140957158272], [78.92109727565209, 9.341405844077347], [78.92109781187445, 9.341315454793957], [78.92100680499931, 9.341314922200793], [78.92100948612907, 9.340862975774865], [78.9209184793707, 9.3408624431817], [78.92091901561103, 9.340772053898311], [78.92082800888859, 9.340771521296162], [78.92082854513791, 9.340681132021757], [78.92064653175592, 9.340680066754578], [78.92064706804116, 9.340589677489154], [78.92046505473104, 9.340588612141127], [78.9204655910612, 9.340498222875704], [78.92037458443758, 9.340497690174741], [78.92037512079469, 9.3404073009183], [78.92028411419803, 9.340406768199372], [78.92028465056411, 9.340316378951915], [78.92010263743366, 9.340315313451175], [78.92010317384467, 9.3402249242127], [78.91983015426126, 9.3402233257954], [78.91983069073515, 9.340132936574893], [78.91937565832673, 9.340130272108878], [78.91937512173607, 9.340220661302435], [78.91873807641278, 9.340216930042105], [78.91873753965143, 9.34030731919973], [78.91864653318052, 9.340306786067575], [78.91864545958596, 9.340487564373841], [78.91873646611077, 9.34048809751498], [78.91873592933145, 9.340578486672603], [78.91782586411935, 9.34057315411138], [78.91782532709749, 9.340663543215106], [78.91709727513262, 9.340659275444956], [78.91709781234313, 9.340568886386146], [78.91691579944623, 9.340567819214538], [78.9169152621998, 9.340658208273348], [78.91673324928493, 9.340657141002925], [78.91673378657629, 9.340566751962081], [78.9164607673163, 9.34056515089475], [78.9164602299441, 9.34065553992661], [78.91555016585488, 9.340650201490405], [78.91554962824911, 9.340740590459383], [78.91518560267092, 9.340738454418352], [78.9151861403755, 9.34064806546734], [78.91491312132212, 9.340646463196267], [78.91491204576923, 9.340827241071342], [78.9147300329981, 9.340826172758872], [78.91473057081946, 9.340735783834809], [78.91445755177506, 9.340734181204411], [78.91445701388183, 9.340824570110506], [78.91409298846533, 9.340822432928615], [78.91409352645738, 9.340732044040484], [78.91345648236478, 9.340728303105298], [78.91345594421104, 9.340818691957496], [78.91336493791081, 9.340818157441936], [78.91336547608252, 9.340727768598722], [78.91327446981823, 9.340727234056212], [78.91327662256792, 9.340365678692338], [78.91336762874239, 9.340366213207897], [78.91336816689612, 9.3402758243557], [78.91355017921809, 9.340276893305973], [78.91355071731793, 9.340186504444793], [78.91336870504088, 9.340185435503503], [78.91336924317665, 9.34009504666029], [78.91309622486887, 9.340093443086658], [78.9130967630765, 9.340003054252428], [78.9127327388368, 9.340000915866792], [78.91273220053932, 9.340091304674074], [78.91264119446369, 9.340090770014783], [78.9126417327881, 9.340000381207501], [78.91255072674839, 9.339999846530244], [78.9125523417486, 9.339728680117382], [78.91246133578075, 9.339728145431142], [78.9124618741321, 9.339637756632843], [78.91255288007301, 9.3396382913101], [78.91255341838844, 9.339547902502819], [78.91273543024329, 9.339548971785469], [78.91273596850482, 9.339458582969204], [78.91300898625565, 9.339460186704532], [78.91300952444533, 9.3393697978703], [78.91319153626424, 9.33937086690142], [78.91319207440002, 9.339280478058207], [78.913283080296, 9.339281012537834], [78.91328361840482, 9.339190623685637], [78.91355663603886, 9.33919222695384], [78.91355717407582, 9.339101838083677], [78.91364817993588, 9.339102372455507], [78.91364871794588, 9.339011983585342], [78.91410374723715, 9.3390146550672], [78.9141032093529, 9.339105043964313], [78.91419421524888, 9.339105578192413], [78.91419367738261, 9.339195967098508], [78.91428468331452, 9.339196501308642], [78.9142862968325, 9.33892533458137], [78.9145593144396, 9.338926937041089], [78.91455823890469, 9.339107714889215], [78.91464924482761, 9.339108249000533], [78.91464978257711, 9.339017860067488], [78.91474078848208, 9.33901839416084], [78.91474132620462, 9.338928005218811], [78.91501434389257, 9.338929607328188], [78.91501488153428, 9.338839218377176], [78.91519689330826, 9.338840286312351], [78.91519528049996, 9.33911145320132], [78.9158323223737, 9.339115190372565], [78.91583285980879, 9.339024801376636], [78.91610587776624, 9.339026402659563], [78.91610426563166, 9.339297569701246], [78.91619527169833, 9.33929810342629], [78.91619473433511, 9.339388492449165], [78.91601272216585, 9.339387424954165], [78.91601218474872, 9.339477813959075], [78.91583017255252, 9.339476746365259], [78.91583124746761, 9.339295968373404], [78.9157402414279, 9.339295434549546], [78.9157391664589, 9.33947621253242], [78.91564816037427, 9.33947567867263], [78.91564762285834, 9.339566067659574], [78.91528359847491, 9.339563931977867]], [[78.91528359847491, 9.339563931977867], [78.91519259239028, 9.339563398001296], [78.915193130023, 9.339473009041301], [78.91528413608067, 9.33947354300889], [78.91528359847491, 9.339563931977867]], [[78.91419045005918, 9.339738300499153], [78.91419152585462, 9.339557522704927], [78.91428253187637, 9.339558056933027], [78.91428145612585, 9.33973883474522], [78.91419045005918, 9.339738300499153]]]}, "id": "+7154+6704", "properties": {"count": 1118, "water": 1}}, {"type": "Feature", "geometry": {"geodesic": false, "type": "Polygon", "coordinates": [[[78.92027875019576, 9.341310660655965], [78.92027928662473, 9.34122027140851], [78.92037029342802, 9.341220804181338], [78.92037082983003, 9.341130414933883], [78.92055284340965, 9.34113148038971], [78.9205533797488, 9.341041091133269], [78.92082640009575, 9.341042689128361], [78.92082586382848, 9.341133078402768], [78.92091687064074, 9.341133611031866], [78.92091472558961, 9.341495168147455], [78.92036868421296, 9.341491971923707], [78.920369757026, 9.341311193428796], [78.92027875019576, 9.341310660655965]]]}, "id": "+7165+6680", "properties": {"count": 28, "water": 1}}, {"type": "Feature", "geometry": {"geodesic": false, "type": "Polygon", "coordinates": [[[78.92237673145075, 9.340509404295878], [78.92237726728685, 9.34041901493164], [78.92246827400928, 9.34041954711158], [78.92246934561857, 9.34023876836514], [78.92256035229607, 9.340239300518132], [78.92256088806928, 9.340148911135929], [78.92301592142992, 9.340151571532575], [78.9230153857735, 9.340241960941727], [78.92319739920937, 9.340243024942282], [78.92319686358888, 9.340333414360419], [78.92328787033827, 9.340333946333747], [78.92328733473575, 9.340424335751882], [78.923651361877, 9.3404264634296], [78.92365029085163, 9.340607242310787], [78.92410532512855, 9.340609901440809], [78.92410586052446, 9.340519511968774], [78.92419686737266, 9.340520043717524], [78.92419740273263, 9.340429654245488], [78.92428840956286, 9.34043018596729], [78.92428787422085, 9.340520575448306], [78.92437888107803, 9.34052110715214], [78.92437941640208, 9.340430717671122], [78.92465243693768, 9.340432312620926], [78.92465297218088, 9.340341923121942], [78.92474397901111, 9.34034245472696], [78.92474451422736, 9.340252065218992], [78.92492652786986, 9.3402531283392], [78.92492599269852, 9.34034351785615], [78.9251080064039, 9.340344580895508], [78.92510693614209, 9.340525359947375], [78.92528894995526, 9.340526422905885], [78.9252878797653, 9.340707201975718], [78.92537888673029, 9.340707733437007], [78.92537835165777, 9.340798122980907], [78.92556036565061, 9.340799185831619], [78.92555876051391, 9.341070354481285], [78.92528573932253, 9.341068760115386], [78.92528520420511, 9.34115914964132], [78.92464815477652, 9.341155428603818], [78.92464869007361, 9.341065039104834], [78.92483070411137, 9.341066102368769], [78.92483123935456, 9.340975712860802], [78.92492224635548, 9.340976244447855], [78.92492278156274, 9.340885854939888], [78.92510479555558, 9.340886918042127], [78.92510533070894, 9.340796528516194], [78.9251963376829, 9.340797060022398], [78.92519740792675, 9.34061628097053], [78.92474237333542, 9.340613623241879], [78.92474290856963, 9.340523233733911], [78.92456089481036, 9.340522170487942], [78.92456035953123, 9.340612559986926], [78.92419633199471, 9.340610433189559], [78.92419579661677, 9.340700822661594], [78.92410478972366, 9.340700290903861], [78.92410371890489, 9.340881069838948], [78.92419472584291, 9.340881601605663], [78.92419419044701, 9.340971991077698], [78.92410318348203, 9.340971459301999], [78.92410264805918, 9.341061848765051], [78.92373862016332, 9.341059721410728], [78.92373915567602, 9.340969331965642], [78.92328412104875, 9.340966672269682], [78.9232835854103, 9.341057061687819], [78.92291955771208, 9.341054933489078], [78.92292009344037, 9.340964544088909], [78.92282908654725, 9.340964011989817], [78.9228296222935, 9.340873622598629], [78.92292062915968, 9.340874154697723], [78.92292116487897, 9.340783765297552], [78.92283015803976, 9.340783233207443], [78.92283069376805, 9.340692843816257], [78.92273968695578, 9.340692311699199], [78.92274022271101, 9.340601922316994], [78.92255820914937, 9.340600858037961], [78.92255874494055, 9.340510468655758], [78.92237673145075, 9.340509404295878]]]}, "id": "+7189+6690", "properties": {"count": 171, "water": 1}}, {"type": "Feature", "geometry": {"geodesic": false, "type": "Polygon", "coordinates": [[[78.92518028138416, 9.343508745674649], [78.92518242250067, 9.343147187606846], [78.92545544529105, 9.34314878241292], [78.9254543748855, 9.34332956147377], [78.9255453825422, 9.343330093033872], [78.92554377695633, 9.343601261638623], [78.92563478468487, 9.343601793198728], [78.92563317912597, 9.343872961812462], [78.92554217132556, 9.343872430243374], [78.9255427065418, 9.343782040708458], [78.92545169876834, 9.343781509121404], [78.92545116352515, 9.34387189864734], [78.92526914795128, 9.343870835392385], [78.9252712890678, 9.343509277315599], [78.92518028138416, 9.343508745674649]]]}, "id": "+7216+6657", "properties": {"count": 28, "water": 1}}, {"type": "Feature", "geometry": {"geodesic": false, "type": "Polygon", "coordinates": [[[78.91846901813928, 9.385411448640317], [78.91847009707881, 9.385230670810158], [78.91856111522782, 9.385231206538444], [78.91856165466615, 9.385140817614381], [78.91874369094619, 9.38514188897214], [78.91874423033062, 9.385051500048077], [78.91892626658371, 9.385052571298035], [78.91892680591424, 9.384962182356006], [78.9190178240273, 9.384962717949545], [78.91901836333089, 9.384872328998533], [78.91910938141702, 9.38487286455614], [78.91910992069364, 9.384782475605126], [78.91920093877079, 9.384783011135784], [78.91920147801147, 9.38469262217579], [78.91929249607065, 9.384693157679497], [78.91929357449816, 9.384512379750522], [78.9193845925124, 9.384512915218297], [78.91938513169022, 9.384422526240336], [78.91947614968652, 9.38442306168116], [78.91947668883738, 9.384332672703199], [78.9195677068157, 9.384333208117074], [78.91956824593962, 9.38424281913013], [78.91965926389997, 9.384243354517055], [78.91965980299695, 9.384152965530111], [78.91975082093934, 9.384153500881105], [78.91975136000038, 9.384063111885178], [78.91993339585821, 9.3840641825153], [78.91993393487432, 9.383973793510387], [78.92011597069623, 9.383974864032712], [78.92011650965844, 9.383884475018817], [78.92038956336884, 9.383886080613658], [78.92039010225919, 9.383795691581797], [78.92048112014768, 9.38379622672618], [78.9204816590021, 9.383705837685335], [78.92075471264063, 9.383707442965765], [78.92075525142319, 9.383617053915938], [78.92166543032607, 9.38362240328464], [78.9216659688661, 9.383532014171932], [78.92175698676357, 9.383532548983936], [78.92175752527663, 9.383442159862243], [78.92184854315614, 9.383442694638315], [78.92184908163327, 9.383352305516624], [78.92239518887439, 9.383355513643048], [78.92239572720779, 9.383265124494407], [78.92275979872582, 9.383267262754277], [78.92275926048225, 9.383357651929868], [78.9228502783977, 9.38335818644543], [78.92285081661431, 9.383267797260855], [78.92348794200444, 9.383271538160109], [78.92348848005038, 9.383181148939602], [78.92367051588126, 9.383182217548514], [78.9236710538733, 9.383091828319024], [78.9239441075837, 9.383093431039255], [78.92394464550387, 9.383003041800782], [78.92476380671589, 9.383007848640952], [78.92476434442047, 9.382917459357563], [78.92485536233592, 9.382917993325151], [78.92485590000456, 9.38282760403278], [78.92503793580849, 9.38282867189609], [78.92503739818476, 9.382919061197445], [78.92512841611817, 9.382919595102152], [78.92512895371495, 9.382829205791813], [78.92540200747924, 9.382830807335251], [78.92540093241145, 9.38301158599186], [78.92567398636437, 9.383013187364618], [78.92567344889336, 9.383103576701906], [78.9255824308791, 9.383103042931946], [78.92558081836724, 9.383374210934827], [78.92567183645336, 9.383374744722751], [78.9256707614664, 9.38355552340631], [78.9253066889782, 9.383553388074947], [78.92530722656599, 9.383462998755626], [78.92521620847987, 9.383462464868886], [78.92521567086513, 9.383552854179225], [78.92512465276103, 9.383552320265535], [78.92512411511933, 9.383642709575874], [78.92503309699728, 9.383642175626251], [78.925032021651, 9.383822954228961], [78.92494100348404, 9.38382242025239], [78.92494046577946, 9.383912809544762], [78.9246674112516, 9.383911207462335], [78.92466687347515, 9.384001596736741], [78.92439381892035, 9.383999994429734], [78.92439328106305, 9.384090383686175], [78.92430226286913, 9.38408984952994], [78.92430172498489, 9.38418023878638], [78.92421070676401, 9.384179704603195], [78.92421124467522, 9.38408931535574], [78.92412022649027, 9.384088781145605], [78.92412076441944, 9.38399839189815], [78.92393872812143, 9.383997323432968], [78.92393819013837, 9.384087712671441], [78.9238471719714, 9.384087178398426], [78.92384609596037, 9.384267956857405], [78.92366405954559, 9.384266888221543], [78.92366352148167, 9.38435727744205], [78.92348148503994, 9.38435620869839], [78.92348040880434, 9.384536987112455], [78.92338939053855, 9.384536452695707], [78.9233888523938, 9.384626841898248], [78.92320681584425, 9.38462577298391], [78.92320627763662, 9.384716162177465], [78.92311525935287, 9.384715627679872], [78.92311472111828, 9.384806016864445], [78.92293268450587, 9.38480494778841], [78.92293214622637, 9.384895336964], [78.92256807297458, 9.384893198515483], [78.92256753458729, 9.384983587664125], [78.92238549794791, 9.384982518291645], [78.92238603638013, 9.384892129151986], [78.9222950180874, 9.384891594429813], [78.92229555653758, 9.384801205290154], [78.92211352002398, 9.38480013579191], [78.92211405851907, 9.384709746670218], [78.92220507674892, 9.384710281419341], [78.92220561520809, 9.384619892288665], [78.92193256060837, 9.384618287969433], [78.92193202207734, 9.384708677091124], [78.92184100385647, 9.384708142261154], [78.92184046529849, 9.384798531373864], [78.92165842883878, 9.384797461642057], [78.92165789022691, 9.384887850745782], [78.92147585374026, 9.384886780915162], [78.92147531507447, 9.384977170000921], [78.92129327856986, 9.3849761000625], [78.92129273985019, 9.38506648914826], [78.92083764854821, 9.38506381386653], [78.92083710970277, 9.385154202916356], [78.92074609143698, 9.385153667780958], [78.92074555257358, 9.385244056830786], [78.92056351600608, 9.385242986488125], [78.9205629770798, 9.385333375528967], [78.92038094049433, 9.385332305078508], [78.92038040151414, 9.385422694101386], [78.92001632830727, 9.385420552904025], [78.92001578922827, 9.385510941908935], [78.91983375261584, 9.385509871162032], [78.91983321348295, 9.385600260148978], [78.9195601585239, 9.385598653835485], [78.91956069772867, 9.385508264857524], [78.91910560635483, 9.385505587222207], [78.91910614566739, 9.385415198271195], [78.9189241091987, 9.38541412706615], [78.91892356984123, 9.38550451600818], [78.91874153335458, 9.385503444695338], [78.91874207275697, 9.385413055771275], [78.91846901813928, 9.385411448640317]]]}, "id": "+7218+6218", "properties": {"count": 1022, "water": 1}}, {"type": "Feature", "geometry": {"geodesic": false, "type": "Polygon", "coordinates": [[[78.92583124677651, 9.341162338202437], [78.92583338667131, 9.340800779945988], [78.92601540071804, 9.340801842572121], [78.92601593563785, 9.34071145299229], [78.92665298480593, 9.34071517140671], [78.92665084576451, 9.341076729851807], [78.92655983863784, 9.341076198704927], [78.92655930383482, 9.34116658831171], [78.9264682966812, 9.3411660571289], [78.92646883150219, 9.341075667522118], [78.92637782438449, 9.341075136330323], [78.92637728953656, 9.34116552591914], [78.92583124677651, 9.341162338202437]]]}, "id": "+7229+6684", "properties": {"count": 41, "water": 1}}, {"type": "Feature", "geometry": {"geodesic": false, "type": "Polygon", "coordinates": [[[78.92674185290916, 9.341077260989701], [78.92674506128711, 9.340534923277142], [78.926836068297, 9.340535454352155], [78.92683446419336, 9.3408066232264], [78.92692547127513, 9.340807154292431], [78.92692440190265, 9.340987933550911], [78.92701540902932, 9.340988464598974], [78.92701433967481, 9.341169243866437], [78.92683232532265, 9.341168181716412], [78.92683286005379, 9.341077792091664], [78.92674185290916, 9.341077260989701]]]}, "id": "+7231+6686", "properties": {"count": 12, "water": 1}}, {"type": "Feature", "geometry": {"geodesic": false, "type": "MultiPolygon", "coordinates": [[[[78.92774728468218, 9.355726754302857], [78.9277478200242, 9.355636364705058], [78.92792984200305, 9.355637428022893], [78.92792930670596, 9.355727817629676], [78.92774728468218, 9.355726754302857]]], [[[78.92774728468218, 9.355726754302857], [78.92774674934017, 9.355817143900657], [78.92765573831481, 9.355816612205805], [78.92765466756791, 9.355997391392421], [78.92756365649763, 9.355996859652654], [78.92756312109273, 9.35608724924147], [78.92747211000449, 9.356086717474755], [78.92747264543632, 9.355996327894921], [78.92738163437504, 9.355995796110241], [78.92738216982484, 9.355905406530407], [78.92729115879948, 9.35590487472776], [78.92729169425827, 9.355814485156909], [78.92720068325985, 9.355813953336295], [78.9272012187456, 9.35572356377443], [78.92729222972605, 9.35572409558606], [78.92729276517585, 9.35563370601521], [78.92765680904374, 9.355635833010208], [78.92765627368377, 9.355726222608007], [78.92774728468218, 9.355726754302857]]]]}, "id": "+7244+6519", "properties": {"count": 20, "water": 1}}]}