{"type": "FeatureCollection", "columns": {"count": "Long<0, 4294967295>", "system:index": "String", "water": "Byte<0, 1>"}, "features": [{"type": "Feature", "geometry": {"geodesic": false, "type": "Polygon", "coordinates": [[[79.3958916904788, 11.942034386734074], [79.3958927544524, 11.941853589563188], [79.39598456047781, 11.941854113379812], [79.3959850924242, 11.941763714789877], [79.39607689842265, 11.94176423857057], [79.396078494154, 11.941493042791782], [79.39598668825435, 11.941492519020072], [79.39598722018276, 11.941402120430137], [79.39589541431006, 11.94140159664046], [79.39589594627441, 11.941311198059509], [79.39635497552109, 11.941313816693478], [79.39635444371845, 11.941404215301379], [79.39644624960911, 11.941404738947325], [79.39644571782442, 11.941495137555226], [79.39653752376, 11.941495661174223], [79.39653646024453, 11.941676458399009], [79.39644465425506, 11.941675934771029], [79.39644359065875, 11.941856731986832], [79.39635178461538, 11.941856208331902], [79.39635125278578, 11.941946606930822], [79.39625944670647, 11.941946083230977], [79.39625891484094, 11.942036481829895], [79.3958916904788, 11.942034386734074]]]}, "id": "+2536+7946", "properties": {"count": 38, "water": 1}}, {"type": "Feature", "geometry": {"geodesic": false, "type": "MultiPolygon", "coordinates": [[[[79.3970008061343, 11.940775089705305], [79.39700293236572, 11.940413495147936], [79.39709473795095, 11.94041401853337], [79.39709526946615, 11.940323619889536], [79.39727888060068, 11.940324666561589], [79.39727941205298, 11.940234267908773], [79.39737121759329, 11.940234791204375], [79.39737493741808, 11.939602000571773], [79.39728313208437, 11.939601477312102], [79.39728366350074, 11.939511078650302], [79.39719185821195, 11.939510555363682], [79.39719238965527, 11.939420156701884], [79.39728419491712, 11.939420679988501], [79.3972847263245, 11.939330281326702], [79.39737653155939, 11.939330804577388], [79.39737706293984, 11.939240405915589], [79.39746886814777, 11.939240929130342], [79.39746833680327, 11.939331327801126], [79.39756014204714, 11.93933185098893], [79.39755961072957, 11.939422249659714], [79.39765141601836, 11.939422772820569], [79.39765300986325, 11.939151576790252], [79.39783662025218, 11.939152623004166], [79.39783715146193, 11.939062224315416], [79.39792895663393, 11.939062747368473], [79.39792948781675, 11.938972348679723], [79.39802129296181, 11.93897287170583], [79.39802235524658, 11.938792074310365], [79.39811416033774, 11.938792597291556], [79.3981136292268, 11.938882995998274], [79.39820543435388, 11.938883518952515], [79.39820490326989, 11.938973917659231], [79.39829670842393, 11.938974440595508], [79.39829458417778, 11.939336035422372], [79.39820277889797, 11.93933551246813], [79.39820118557412, 11.939606708579294], [79.39810938020449, 11.939606185580136], [79.39810831790174, 11.939786982975601], [79.39801651247821, 11.93978645994051], [79.3980159812954, 11.939876858638243], [79.3979241758449, 11.93987633556722], [79.39792258217072, 11.940147531624486], [79.3978307766304, 11.94014700851753], [79.3978297140941, 11.940327805877063], [79.39773790849989, 11.940327282734174], [79.39773737720029, 11.94041768141394], [79.39764557157913, 11.94041715823512], [79.3976450402436, 11.940507556905903], [79.39746142895636, 11.940506510449445], [79.39746089754897, 11.940596909111246], [79.39718548055971, 11.940595339188505], [79.39718494906249, 11.940685737841322], [79.39709314337844, 11.940685214464871], [79.3970926118453, 11.940775613108705], [79.3970008061343, 11.940775089705305]]], [[[79.3970008061343, 11.940775089705305], [79.39700027456522, 11.94086548834914], [79.39690846882726, 11.940864964909807], [79.39690900042329, 11.940774566274955], [79.3970008061343, 11.940775089705305]]]]}, "id": "+2555+7974", "properties": {"count": 132, "water": 1}}, {"type": "Feature", "geometry": {"geodesic": false, "type": "Polygon", "coordinates": [[[79.39947527528643, 11.925872887313087], [79.39947633540626, 11.925692089621178], [79.39938453466296, 11.9256915676461], [79.39938506474982, 11.925601168804635], [79.3994768654572, 11.925601690770732], [79.39947739550813, 11.925511291929269], [79.39956919619755, 11.925511813868415], [79.39957078622459, 11.925240617308091], [79.39947898563399, 11.925240095386911], [79.39947951566695, 11.925149696536465], [79.39966311680324, 11.925150740351876], [79.39966364676434, 11.925060341492445], [79.39975544731001, 11.925060863350744], [79.39975597724417, 11.924970464482332], [79.39966417672544, 11.924969942633016], [79.39966523663865, 11.924789144914158], [79.39975703709452, 11.924789666754489], [79.39975862683409, 11.924518470167216], [79.39966682647704, 11.924517948326885], [79.3996673564112, 11.924427549467456], [79.39975915674128, 11.924428071298804], [79.3997596866485, 11.924337672430392], [79.3995760860512, 11.924336628749728], [79.39957502612002, 11.924517426468586], [79.39948322576298, 11.924516904574357], [79.39948534572416, 11.924155309154605], [79.39957714595543, 11.924155831030868], [79.39957873579382, 11.923884634443596], [79.3998541362451, 11.923886199865777], [79.3998536063918, 11.923976598734189], [79.39994540657815, 11.92397712048469], [79.39994487676078, 11.924067519362087], [79.39985307653849, 11.924066997611586], [79.39985254668518, 11.924157396479998], [79.39994434692544, 11.924157918239482], [79.39994275741942, 11.924429114862686], [79.40003455776748, 11.924429636604204], [79.40003296830639, 11.924700833236392], [79.40012476874428, 11.924701354959941], [79.40012053024124, 11.925424545988093], [79.40021233093064, 11.925425067711643], [79.40020968187973, 11.925877062107606], [79.40030148272184, 11.925877583822174], [79.40029883371584, 11.926329578218137], [79.400207032721, 11.926329056485603], [79.40020544317007, 11.926600253108807], [79.4000218410097, 11.926599209517976], [79.4000239606475, 11.926237614062291], [79.39956495592483, 11.92623500465402], [79.39956442587389, 11.926325403504466], [79.39938082395608, 11.926324359527358], [79.39938188418371, 11.926143561844432], [79.39929008328768, 11.926143039824437], [79.39929167368302, 11.925871843318014], [79.39947527528643, 11.925872887313087]], [[79.39947527528643, 11.925872887313087], [79.39965887690781, 11.925873931191381], [79.39965781689577, 11.926054728892273], [79.39956601601772, 11.92605420696211], [79.39956654605966, 11.925963808111664], [79.39947474521753, 11.92596328615455], [79.39947527528643, 11.925872887313087]]]}, "id": "+2573+8139", "properties": {"count": 167, "water": 1}}, {"type": "Feature", "geometry": {"geodesic": false, "type": "Polygon", "coordinates": [[[79.40122708630902, 11.955896253627317], [79.40122814801887, 11.955715456168969], [79.40131995894907, 11.955715978835752], [79.40132048976358, 11.955625580102085], [79.40141230067582, 11.955626102732936], [79.40141336223296, 11.955445305247638], [79.40150517308231, 11.955445827851538], [79.40150570382495, 11.955355429099905], [79.40159751464736, 11.95535595165889], [79.40159804535406, 11.955265552916241], [79.40178166696296, 11.955266597935394], [79.4017821975978, 11.95517619917478], [79.4021494407437, 11.955178288853759], [79.4021483796986, 11.95535908640194], [79.40224019055695, 11.95535960875431], [79.40223966005686, 11.955450007523908], [79.40233147095113, 11.95545052984933], [79.402330940478, 11.955540928636895], [79.40242275139921, 11.955541450935367], [79.40242169050683, 11.955722248501512], [79.40232987952272, 11.955721726194056], [79.40233041000485, 11.955631327415476], [79.40214678809951, 11.955630282719715], [79.40214731863554, 11.955539883950118], [79.4018718859078, 11.955538316686392], [79.40187135528194, 11.955628715447006], [79.40177954435174, 11.95562819296887], [79.40177901368995, 11.955718591720503], [79.40150358083645, 11.955717024079483], [79.40150305007585, 11.955807422822131], [79.40131942813457, 11.955806377569417], [79.40131889731109, 11.955896776303081], [79.40122708630902, 11.955896253627317]]]}, "id": "+2600+7793", "properties": {"count": 46, "water": 1}}, {"type": "Feature", "geometry": {"geodesic": false, "type": "Polygon", "coordinates": [[[79.40352660312477, 11.955186120842514], [79.40352766323562, 11.95500532316857], [79.40361947404007, 11.955005845053817], [79.40362000405507, 11.954915446212354], [79.40371181483256, 11.954915968070653], [79.40371234481162, 11.954825569220205], [79.40398777706326, 11.954827134579503], [79.4039883069525, 11.954736735720074], [79.40408011768508, 11.954737257443625], [79.40407958782279, 11.954827656312037], [79.4041713985913, 11.954828178008638], [79.40417086875597, 11.954918576877052], [79.4042626795604, 11.954919098546704], [79.40426214975201, 11.955009497415116], [79.40417033892062, 11.955008975736481], [79.40416980908529, 11.955099374604893], [79.40389437652823, 11.955097809389326], [79.40389384659407, 11.955188208239774], [79.40352660312477, 11.955186120842514]]]}, "id": "+2621+7798", "properties": {"count": 24, "water": 1}}, {"type": "Feature", "geometry": {"geodesic": false, "type": "Polygon", "coordinates": [[[79.40724820466146, 11.946799863724848], [79.40725084682231, 11.946347868448536], [79.40734265486893, 11.946348388743765], [79.40734159808184, 11.946529186866867], [79.40743340619134, 11.94652970714413], [79.40743287782026, 11.946620106210172], [79.4076164941201, 11.946621146674866], [79.40761702243728, 11.94653074759984], [79.40770883056474, 11.946531267787273], [79.40770935883701, 11.946440868712248], [79.40780116693753, 11.946441388863747], [79.40780169518285, 11.946350989779738], [79.40789350325642, 11.946351509895305], [79.40789561605803, 11.945989913550287], [79.40798742401482, 11.945990433620938], [79.4079879521703, 11.945900034527947], [79.40807976010014, 11.945900554562664], [79.40808028822867, 11.945810155469673], [79.40817209613157, 11.945810675468458], [79.4081731523078, 11.945629877264508], [79.40826496015679, 11.945630397236345], [79.40826548820446, 11.945539998125387], [79.40835729602651, 11.94554051806129], [79.40835782403826, 11.945450118941348], [79.40844963184233, 11.945450638841319], [79.40845015981816, 11.945360239721378], [79.4085419675863, 11.945360759585416], [79.40854724685946, 11.944456768350072], [79.40863905433115, 11.944457288142246], [79.40864011007619, 11.944276489884396], [79.408731917485, 11.944277009631655], [79.40873297314918, 11.944096211364823], [79.40854935844835, 11.944095171834377], [79.40855041422033, 11.943914373576527], [79.40864222150338, 11.943914893350733], [79.40864274935345, 11.943824494212826], [79.4088263638836, 11.943825533653442], [79.4088268916618, 11.943735134506552], [79.40891869889994, 11.943735654181943], [79.40892133760227, 11.943283658429525], [79.40901314468769, 11.943284178051018], [79.409012089284, 11.943464976362765], [79.40919570359857, 11.943466015524903], [79.4091946483027, 11.943646813845632], [79.40928645553184, 11.94364733339526], [79.40928592790637, 11.943737732560118], [79.40946954242754, 11.94373877156954], [79.40946690454268, 11.944190767420775], [79.40955871196047, 11.94419128690752], [79.40955554653097, 11.944733681932593], [79.4096473541464, 11.944734201410357], [79.40964313357374, 11.945457394774127], [79.40973494143171, 11.94545791425189], [79.40972122349255, 11.947808292547151], [79.40962941484408, 11.94780777296159], [79.40962835944039, 11.947988571264354], [79.40972016815176, 11.947989090858897], [79.40971752970994, 11.948441086629282], [79.40962572084587, 11.948440567016773], [79.40962308214353, 11.948892562751226], [79.40953127313571, 11.9488920430938], [79.40953074535751, 11.948982442231708], [79.40943893632276, 11.94898192253835], [79.40943840849964, 11.949072321676256], [79.4092547903852, 11.949071282190726], [79.40925531826221, 11.948980883061802], [79.40916350924542, 11.948980363269628], [79.40916403714938, 11.948889964149688], [79.40907222815953, 11.94888944433955], [79.40907275609044, 11.948799045219607], [79.40898094714551, 11.94879852538252], [79.40898147510337, 11.948708126262577], [79.40888966618539, 11.94870760639854], [79.40889019416122, 11.948617207278598], [79.40879838527916, 11.948616687396594], [79.40879891329092, 11.948526288285636], [79.4087071044448, 11.9485257683677], [79.40870816051323, 11.948344970154766], [79.40861635173, 11.94834445020988], [79.40861793589104, 11.948073252894973], [79.40852612719763, 11.948072732941103], [79.40852665528126, 11.947982333839128], [79.4083430379753, 11.94798129385054], [79.40834356610384, 11.947890894748566], [79.40825175749129, 11.947890374713849], [79.40825228565575, 11.947799975620857], [79.40806866850251, 11.947798935470573], [79.40806919671189, 11.947708536386564], [79.4079773881712, 11.947708016270997], [79.40797791641653, 11.947617617186989], [79.40788610791178, 11.947617097044473], [79.40788663617506, 11.947526697960464], [79.40779482770624, 11.947526177791], [79.40779535599647, 11.947435778715974], [79.40770354756359, 11.947435258528543], [79.40770407588076, 11.947344859453517], [79.4076122674838, 11.947344339230153], [79.40761279582794, 11.94725394016411], [79.40752098745793, 11.947253419913798], [79.4075225725622, 11.946982222724653], [79.4076143808334, 11.946982742957001], [79.40761543748573, 11.946801944815935], [79.40724820466146, 11.946799863724848]], [[79.40937404187392, 11.944371046245777], [79.4093745694994, 11.94428064708092], [79.40946637695313, 11.944281166594616], [79.40946584935459, 11.944371565759472], [79.40937404187392, 11.944371046245777]]]}, "id": "+2674+7925", "properties": {"count": 896, "water": 1}}, {"type": "Feature", "geometry": {"geodesic": false, "type": "Polygon", "coordinates": [[[79.40870221615438, 11.965069315637601], [79.408703273723, 11.964888517640265], [79.40879508809375, 11.964889038258887], [79.40879614559051, 11.964708240243585], [79.40888795989838, 11.964708760817292], [79.4088890173143, 11.964527962793005], [79.40898083156826, 11.964528483339762], [79.4089813602358, 11.964438084318637], [79.40907317446282, 11.964438604820478], [79.4090737031034, 11.964348205799352], [79.40916551730348, 11.964348726274244], [79.4091644600852, 11.96452952432548], [79.40925627434815, 11.964530044773424], [79.40925468857914, 11.964801241863752], [79.40916287421736, 11.964800721397843], [79.40916181695417, 11.96498151944908], [79.4089781881408, 11.964980478409462], [79.40897765943733, 11.96507087743059], [79.40870221615438, 11.965069315637601]]]}, "id": "+2677+7692", "properties": {"count": 28, "water": 1}}, {"type": "Feature", "geometry": {"geodesic": false, "type": "Polygon", "coordinates": [[[79.40926050287989, 11.963806852523565], [79.40926261703797, 11.96344525638516], [79.40935443094159, 11.963445776752254], [79.40935601642316, 11.963174579634977], [79.40944783024594, 11.963175099957155], [79.40944888714981, 11.962994301869987], [79.4095407009097, 11.962994822156233], [79.40954122932571, 11.962904423108156], [79.40963304305866, 11.962904943367453], [79.40963621328515, 11.962362549016117], [79.40981984040071, 11.96236358939098], [79.40981455721091, 11.963267580042418], [79.4099063710786, 11.963268100229849], [79.40990531444423, 11.963448898361934], [79.40981350052263, 11.96344837816552], [79.40981297216952, 11.963538777222578], [79.409721158212, 11.963538256999215], [79.4097190446468, 11.963899853218466], [79.40981085872112, 11.963900373459797], [79.40980716002471, 11.964533166850227], [79.40999078861351, 11.964534207305938], [79.40998920357212, 11.964805404486098], [79.41008101796983, 11.964805924682514], [79.41007679125269, 11.965529117165936], [79.40998497662142, 11.96552859694257], [79.40998444823236, 11.96561899599963], [79.41007626289957, 11.965619516231977], [79.41006886542591, 11.966885102985888], [79.40997705033651, 11.966884582699642], [79.40997652188457, 11.966974981747716], [79.40988470675924, 11.966974461425538], [79.40988417827137, 11.96706486046463], [79.40979236312806, 11.967064340115503], [79.40979183460428, 11.967154739154594], [79.40970001942503, 11.967154218760552], [79.40970107652653, 11.966973420700333], [79.40960926141915, 11.966972900288322], [79.40961084713427, 11.966701703197993], [79.40951903212571, 11.966701182768016], [79.40952378929804, 11.965887591506014], [79.40943197456795, 11.96588707108502], [79.40943303173232, 11.9657062730248], [79.40952484640852, 11.96570679343681], [79.4095269605576, 11.965345197298406], [79.40934333146575, 11.965344156474385], [79.4093454457945, 11.964982560353947], [79.40943726021915, 11.964983080765958], [79.40943884583545, 11.964711883666647], [79.40934703150063, 11.96471136326362], [79.40934808861111, 11.964530565194417], [79.40943990288305, 11.964531085588462], [79.40944095992167, 11.964350287510277], [79.4095327741397, 11.964350807868387], [79.40953330261858, 11.964260408820312], [79.40962511680968, 11.96426092914249], [79.40962617369559, 11.96408013104634], [79.40944254544814, 11.964079090392998], [79.40944201694231, 11.96416948943209], [79.40935020278715, 11.964168969056013], [79.40935178837651, 11.963897771947718], [79.40944360244184, 11.963898292314813], [79.4094441309297, 11.963807893266736], [79.4095359449591, 11.9638084135979], [79.40953647342002, 11.963718014549823], [79.40935284541511, 11.963716973878515], [79.40935231690031, 11.963807372908624], [79.40926050287989, 11.963806852523565]]]}, "id": "+2684+7714", "properties": {"count": 262, "water": 1}}, {"type": "Feature", "geometry": {"geodesic": false, "type": "MultiPolygon", "coordinates": [[[[79.411501743935, 11.925850609255738], [79.4115022700064, 11.925760209875286], [79.41159407132463, 11.925760727906761], [79.41159459736909, 11.925670328526309], [79.41168639865138, 11.92567084652185], [79.41168902865803, 11.925218849583654], [79.41150542638987, 11.925217813610537], [79.41150595244329, 11.925127414230085], [79.41141415134965, 11.92512689619861], [79.41141520349244, 11.924946097437704], [79.4116906066117, 11.924947651415348], [79.4116895546396, 11.925128450194219], [79.41178135575122, 11.925128968135862], [79.411780303833, 11.925309766923718], [79.41187210499852, 11.92531028483841], [79.41187105312522, 11.925491083626266], [79.4119628543626, 11.925491601522992], [79.41196022475123, 11.925943598515087], [79.4116848205989, 11.92594204467219], [79.4116853466164, 11.925851645291738], [79.411501743935, 11.925850609255738]]], [[[79.411501743935, 11.925850609255738], [79.41150121784564, 11.92594100863619], [79.41140941648248, 11.925940490568783], [79.41140994259881, 11.925850091197313], [79.411501743935, 11.925850609255738]]]]}, "id": "+2702+8128", "properties": {"count": 33, "water": 1}}, {"type": "Feature", "geometry": {"geodesic": false, "type": "Polygon", "coordinates": [[[79.41164019485578, 11.980815920724533], [79.41164125191236, 11.980635122664314], [79.4117330717269, 11.980635642995477], [79.41173254323004, 11.980726042025585], [79.41200800278149, 11.980727602848392], [79.41200747437448, 11.980818001887485], [79.41347659314994, 11.980826321760253], [79.41347606522801, 11.98091672087121], [79.41356788521324, 11.980917240609484], [79.41356841310822, 11.980826841498526], [79.41393569299522, 11.980828920146195], [79.41393516521703, 11.98091931927512], [79.41430244529268, 11.980921397455663], [79.41430191764024, 11.981011796602555], [79.41457737782949, 11.981013354928045], [79.41457685026688, 11.981103754083918], [79.4146686703689, 11.98110427347185], [79.41466814283324, 11.981194672636706], [79.4147599629622, 11.981195191997687], [79.41475943545349, 11.981285591162544], [79.41494307580125, 11.981286629803659], [79.41494254834643, 11.9813770289775], [79.41503436855625, 11.981377548257631], [79.41503384112839, 11.981467947431472], [79.41512566137413, 11.981468466684655], [79.41512513397322, 11.981558865858496], [79.41521695425489, 11.981559385093712], [79.41521642687195, 11.981649784267553], [79.41530824718956, 11.98165030347582], [79.41530771984256, 11.981740702658644], [79.41539954018711, 11.98174122183098], [79.41539848553802, 11.981922020214592], [79.41549030595444, 11.981922539368961], [79.41548925134127, 11.98210333774359], [79.41558107182057, 11.982103856879993], [79.41557790807991, 11.98264625203083], [79.41566972874784, 11.982646771158251], [79.41566920147271, 11.982737170359039], [79.41557738076884, 11.982736651222638], [79.41557685345776, 11.982827050414443], [79.41548503273592, 11.98282653125109], [79.41548556007393, 11.982736132068268], [79.41539373938802, 11.982735612877967], [79.415394266753, 11.982645213695143], [79.41530244609403, 11.982644694477893], [79.41530297348595, 11.982554295295069], [79.41511933224888, 11.982553256779719], [79.41511985970368, 11.982462857614863], [79.41493621854745, 11.982461818982731], [79.41493674604718, 11.982371419817873], [79.41429400234173, 11.982367783707097], [79.41429505777236, 11.982186985440267], [79.41411141686766, 11.982185946296095], [79.41411194463687, 11.982095547167171], [79.41402012422944, 11.982095027554662], [79.4140206520256, 11.982004628425736], [79.41392883164511, 11.982004108786278], [79.41392935946823, 11.981913709666337], [79.41383753912368, 11.981913189999927], [79.41383701127361, 11.982003589119868], [79.41365337053959, 11.982002549688238], [79.41365389845254, 11.981912150577278], [79.41356207811697, 11.981911630830021], [79.41356155017708, 11.982002029931996], [79.41346972982353, 11.982001510139824], [79.41346920183874, 11.982091909241799], [79.4135610222282, 11.982092429042954], [79.41356049427932, 11.982182828144929], [79.41365231469574, 11.982183347910153], [79.41365178677381, 11.982273747021111], [79.41337632542574, 11.982272187617642], [79.4133768534465, 11.98218178852465], [79.41328503303906, 11.982181268660613], [79.41328556107776, 11.982090869567621], [79.41319374070626, 11.982090349685617], [79.4131942687809, 11.981999950592625], [79.41301062810078, 11.981998910747768], [79.41301115622932, 11.98190851166376], [79.41310297653794, 11.981909031599663], [79.41310403271416, 11.981728233422663], [79.41328767321463, 11.981729273186671], [79.41328820123536, 11.98163887409368], [79.41338002146314, 11.981639393930768], [79.41338160540857, 11.981368196624844], [79.41328978527962, 11.981367676796738], [79.4132903132824, 11.981277277703747], [79.41319849318039, 11.981276757857676], [79.41319954923983, 11.98109595966271], [79.41301590917955, 11.9810949198987], [79.41301643726318, 11.981004520805708], [79.41255733732807, 11.981001920883648], [79.41255680909173, 11.98109231994969], [79.41237316908534, 11.981091279763472], [79.41237369738457, 11.981000880706413], [79.41219005745903, 11.980999840403415], [79.41219058581214, 11.980909441346357], [79.41191512604512, 11.980907880685248], [79.41191565448806, 11.980817481646154], [79.41164019485578, 11.980815920724533]]]}, "id": "+2706+7512", "properties": {"count": 361, "water": 1}}, {"type": "Feature", "geometry": {"geodesic": false, "type": "Polygon", "coordinates": [[[79.41259179350436, 11.927845610862532], [79.41259442250488, 11.927393613798571], [79.41277802632713, 11.927394649250667], [79.41277855204818, 11.927304249834283], [79.41305395772766, 11.927305802778864], [79.41305343208745, 11.927396202213215], [79.41314523401654, 11.927396719804515], [79.4131426059323, 11.927848716985256], [79.41259179350436, 11.927845610862532]]]}, "id": "+2717+8102", "properties": {"count": 33, "water": 1}}, {"type": "Feature", "geometry": {"geodesic": false, "type": "Polygon", "coordinates": [[[79.41335196988854, 11.954970595575293], [79.4133524966696, 11.95488019630264], [79.41344430786931, 11.954880714971917], [79.41344483462342, 11.95479031569028], [79.41353664579617, 11.954790834323626], [79.41353717250537, 11.954700435050972], [79.41362898365118, 11.954700953648384], [79.41363003701568, 11.954520155076127], [79.41381365919949, 11.954521192172137], [79.41381313258012, 11.95461159146276], [79.4139967548358, 11.954612628450974], [79.41399464856494, 11.95497422564939], [79.41390283731134, 11.954973707159775], [79.41390231070095, 11.955064106450395], [79.41353506561468, 11.95506203216854], [79.41353559234184, 11.9549716328869], [79.41335196988854, 11.954970595575293]]]}, "id": "+2727+7801", "properties": {"count": 28, "water": 1}}, {"type": "Feature", "geometry": {"geodesic": false, "type": "Polygon", "coordinates": [[[79.4141077223664, 11.98281874018958], [79.41410877795872, 11.982637941931733], [79.414567881002, 11.98264053967089], [79.4145652427578, 11.983092535396358], [79.41447342198207, 11.983092015882663], [79.4144728942937, 11.983182415029553], [79.414381073491, 11.98318189548891], [79.4143816012153, 11.983091496351001], [79.41428978045752, 11.983090976783407], [79.41429030820878, 11.983000577654483], [79.41419848747795, 11.98300005805994], [79.41419954303433, 11.982819259802092], [79.4141077223664, 11.98281874018958]]]}, "id": "+2737+7490", "properties": {"count": 22, "water": 1}}, {"type": "Feature", "geometry": {"geodesic": false, "type": "Polygon", "coordinates": [[[79.41567078328016, 11.982465972765654], [79.41567131054632, 11.982375573573849], [79.41585495171152, 11.982376611711906], [79.41585442450825, 11.982467010912696], [79.41594624513128, 11.982467529941301], [79.41594571795495, 11.982557929151074], [79.41603753861392, 11.982558448152728], [79.41603701146455, 11.982648847362501], [79.41612883215046, 11.982649366337208], [79.41612830502804, 11.982739765555962], [79.41622012574987, 11.98274028450372], [79.41621801734102, 11.983101881369759], [79.41630983818864, 11.983102400308534], [79.41630931111112, 11.983192799527288], [79.41612566935302, 11.983191761622793], [79.41612619649342, 11.983101362404037], [79.41594255481617, 11.98310032438276], [79.41594308201046, 11.98300992518197], [79.41585126120776, 11.983009406126415], [79.41585178843799, 11.982919006925627], [79.41594360921373, 11.982919525972198], [79.41594466359332, 11.982738727561635], [79.41585284288047, 11.982738208524047], [79.41585389730498, 11.98255741012247], [79.415762076655, 11.98255689105793], [79.41576260389421, 11.982466491857142], [79.41567078328016, 11.982465972765654]]]}, "id": "+2751+7493", "properties": {"count": 24, "water": 1}}, {"type": "Feature", "geometry": {"geodesic": false, "type": "Polygon", "coordinates": [[[79.41436898597614, 11.93798069976709], [79.4143710886717, 11.937619102056633], [79.41483011585227, 11.937621689752625], [79.4148306413667, 11.93753129030929], [79.41492244678126, 11.93753180775686], [79.41492297225976, 11.937441408304542], [79.41501477764737, 11.937441925716179], [79.41501582853252, 11.93726112680256], [79.4151994392089, 11.937262161518037], [79.41519996457963, 11.937171762047754], [79.41510815926388, 11.937171244707981], [79.41510868466155, 11.93708084524668], [79.41529229523013, 11.937081879890291], [79.41529282056491, 11.936991480420009], [79.41556823635044, 11.93699303214288], [79.4155687615864, 11.93690263265463], [79.41593598257087, 11.936904701187268], [79.41593545746066, 11.936995100684502], [79.41602726274945, 11.936995617745797], [79.4160277878327, 11.936905218248564], [79.41630320362721, 11.936906769234817], [79.41630267863378, 11.936997168759], [79.41639448394054, 11.93699768569453], [79.41639395897407, 11.937088085218713], [79.41666937500213, 11.93708963587259], [79.41666989987877, 11.936999236339425], [79.41676170520348, 11.936999753167155], [79.4167622300442, 11.936909353625007], [79.41694584063974, 11.936910387172674], [79.41694531586191, 11.937000786723805], [79.41685351052821, 11.937000269958956], [79.41685246089172, 11.93718106903427], [79.4169442662883, 11.937181585808105], [79.41694269189195, 11.937452784434553], [79.4167590809281, 11.93745175084197], [79.41675803119278, 11.93763254989932], [79.41648261459879, 11.937630999263408], [79.41648208963232, 11.937721398778608], [79.41629847853372, 11.937720364862631], [79.41629795349539, 11.937810764377831], [79.41583892566804, 11.937808179035427], [79.415838400477, 11.937898578523678], [79.41528756704645, 11.937895475104883], [79.41528704166676, 11.937985874566182], [79.4151034304963, 11.937984839850706], [79.4151039559299, 11.937894440389405], [79.41492034484027, 11.937893405557148], [79.4149198193438, 11.937983805009464], [79.41436898597614, 11.93798069976709]]]}, "id": "+2760+7996", "properties": {"count": 212, "water": 1}}, {"type": "Feature", "geometry": {"geodesic": false, "type": "Polygon", "coordinates": [[[79.4223260675949, 11.89553612023003], [79.42232763096891, 11.895264920085431], [79.42241942252245, 11.895265433292952], [79.4224199436082, 11.895175033238763], [79.42287890128611, 11.895177598791282], [79.42287785941106, 11.895358398926609], [79.4229696510185, 11.895358911954467], [79.42296808827331, 11.895630112179918], [79.42241733813455, 11.895627033491742], [79.42241785923827, 11.895536633446536], [79.4223260675949, 11.89553612023003]]]}, "id": "+2822+8458", "properties": {"count": 31, "water": 1}}, {"type": "Feature", "geometry": {"geodesic": false, "type": "Polygon", "coordinates": [[[79.42197471384074, 12.003746096849218], [79.42197681832396, 12.00338449950707], [79.42206864628622, 12.003385017412782], [79.4220691723666, 12.003294618077245], [79.42234465620848, 12.003296171614714], [79.42234413021794, 12.003386570968217], [79.42243595820715, 12.003387088757147], [79.42243438030738, 12.00365828682664], [79.42234255223731, 12.003657769028727], [79.42234202622879, 12.003748168373248], [79.42197471384074, 12.003746096849218]]]}, "id": "+2823+7262", "properties": {"count": 22, "water": 1}}, {"type": "Feature", "geometry": {"geodesic": false, "type": "MultiPolygon", "coordinates": [[[[79.42534218950317, 11.897813044820628], [79.42534166926184, 11.897903444982616], [79.42506629157387, 11.897901907794484], [79.42506577123373, 11.897992307947488], [79.42469860092322, 11.89799025793811], [79.42469912138014, 11.897899857803074], [79.42488270646353, 11.897900882861661], [79.42488322685757, 11.89781048271764], [79.42534218950317, 11.897813044820628]]], [[[79.42635346738629, 11.897547478190837], [79.42635398727728, 11.897457077983935], [79.42662936468676, 11.897458613851542], [79.42662884488561, 11.89754901407641], [79.42635346738629, 11.897547478190837]]], [[[79.42635346738629, 11.897547478190837], [79.4263529474953, 11.89763787839774], [79.42626115497158, 11.897637366375994], [79.42626063503567, 11.897727766582896], [79.4259852574016, 11.89772623032003], [79.42598473738485, 11.897816630508967], [79.42534218950317, 11.897813044820628], [79.42534270973552, 11.897722644658641], [79.425526294765, 11.897723669277054], [79.42552681493447, 11.897633269106084], [79.4258939849126, 11.897635317983585], [79.4258945049563, 11.897544917794649], [79.42635346738629, 11.897547478190837]]]]}, "id": "+2863+8433", "properties": {"count": 32, "water": 1}}, {"type": "Feature", "geometry": {"geodesic": false, "type": "MultiPolygon", "coordinates": [[[[79.42736370464303, 11.897462708192945], [79.42681294965338, 11.897459637616556], [79.42681346938267, 11.897369237391688], [79.42736422419266, 11.897372307941126], [79.42736370464303, 11.897462708192945]]], [[[79.42817685407763, 11.899727319072886], [79.42817633468971, 11.899817719351654], [79.42808454135749, 11.89981720782398], [79.42808506077237, 11.899726807554197], [79.42817685407763, 11.899727319072886]]], [[[79.42844859884384, 11.900361655436598], [79.4284491181689, 11.90027125515783], [79.42835732466601, 11.900270743702023], [79.4283599213721, 11.899818742308184], [79.42826812803091, 11.899818230843394], [79.42826864738291, 11.899727830564625], [79.42817685407763, 11.899727319072886], [79.42817737346557, 11.899636918803102], [79.42845275330949, 11.899638453170523], [79.42845534971914, 11.899186451731767], [79.42836355658456, 11.899185940320876], [79.42836459517177, 11.899005139754358], [79.42827280210008, 11.8990046283255], [79.42827332142512, 11.89891422803775], [79.42818152838936, 11.898913716590926], [79.42818204773238, 11.898823316303174], [79.42809025473254, 11.8988228048294], [79.4280907741025, 11.898732404550634], [79.4279989811386, 11.898731893049911], [79.42800001992345, 11.898551092501359], [79.42790822702243, 11.898550580973685], [79.42790874644629, 11.898460180703902], [79.4278169535812, 11.898459669149279], [79.42781799246487, 11.898278868618693], [79.42772619966266, 11.898278357046106], [79.42772827751082, 11.897916755984934], [79.42763648483438, 11.897916244394379], [79.42763752378991, 11.897735443872776], [79.42754573117635, 11.897734932264255], [79.42754625068106, 11.897644532003454], [79.4273626655258, 11.89764350869658], [79.42736370464303, 11.897462708192945], [79.42763908219625, 11.897464243081389], [79.42763856273645, 11.89755464334219], [79.42782214784678, 11.897555666460416], [79.4278216284409, 11.897646066730202], [79.42791342103648, 11.89764657824889], [79.42791290165754, 11.897736978527657], [79.42800469428906, 11.897737490010414], [79.4280036555671, 11.89791829056795], [79.4280954482615, 11.897918802041723], [79.42809440959344, 11.89809960259926], [79.42818620235073, 11.898100114046082], [79.42818568303467, 11.898190514333834], [79.42827747582788, 11.898191025753707], [79.42827643725863, 11.89837182632921], [79.42836823011474, 11.898372337731118], [79.42836771085257, 11.89846273801887], [79.4284595037446, 11.898463249393828], [79.42845898450041, 11.898553649690562], [79.42855077742838, 11.898554161038572], [79.42855025822011, 11.898644561335304], [79.42864205118401, 11.898645072656365], [79.42864153199372, 11.8987354729531], [79.42873332499354, 11.898735984256192], [79.4287328058302, 11.898826384552926], [79.42882459886596, 11.898826895829071], [79.42882407972957, 11.898917296134787], [79.42891587279227, 11.898917807383983], [79.4289153536918, 11.899008207689699], [79.42900714679045, 11.899008718911944], [79.42900610861646, 11.899189519541345], [79.42909790178697, 11.89919003073664], [79.42909738272245, 11.899280431051341], [79.4291891759289, 11.899280942219686], [79.4291886568913, 11.89937134254337], [79.4292804501247, 11.899371853684768], [79.42927993111407, 11.899462254008451], [79.42937172438339, 11.899462765131881], [79.42937068641601, 11.899643565788232], [79.42946247974822, 11.899644076884712], [79.42946144182577, 11.899824877541063], [79.42955323522983, 11.899825388619577], [79.42955219734331, 11.90000618928491], [79.42964399081026, 11.900006700336476], [79.42964295296865, 11.900187501010793], [79.4297347464985, 11.900188012035407], [79.42973267089612, 11.900549613393025], [79.42982446455171, 11.900550124408657], [79.42981252921146, 11.902629332068974], [79.42990432356775, 11.902629843156472], [79.42990172878406, 11.90308184480184], [79.42999352329306, 11.903082355871371], [79.42999196645877, 11.903353556860388], [79.43008376106658, 11.903354067911954], [79.43008272322497, 11.903534868577287], [79.43017451789568, 11.903535379610885], [79.43017036657413, 11.904258582281201], [79.43007857166089, 11.904258071220653], [79.43007805270415, 11.904348471544337], [79.42998625776396, 11.904347960447856], [79.4299857387623, 11.90443836077154], [79.42971035387883, 11.90443682729345], [79.42971139205282, 11.904256026673034], [79.42952780227124, 11.90425500421956], [79.42952676398048, 11.904435804822011], [79.42943496903129, 11.904435293545868], [79.42943444984998, 11.9045256938426], [79.4292508599067, 11.904524671182516], [79.4292503406625, 11.904615071470266], [79.42842418588633, 11.904610468008677], [79.42842366635466, 11.904700868260496], [79.42833187136955, 11.904700356607059], [79.42833291047779, 11.904519556112406], [79.42915906494854, 11.904524159807558], [79.42915958421969, 11.90443375952879], [79.42925137915988, 11.904434270894765], [79.42925189839511, 11.904343870607013], [79.42916010349084, 11.904343359241038], [79.42916062276198, 11.904252958953288], [79.42925241763032, 11.90425347031028], [79.42925293686554, 11.904163070022529], [79.42952832141663, 11.904164603913843], [79.42952884055303, 11.904074203608126], [79.42962063537645, 11.904074714839354], [79.42962219266887, 11.90380351391322], [79.4295303979353, 11.903803002690974], [79.42953091705373, 11.903712602385257], [79.42898014891274, 11.903709534449915], [79.42898066820186, 11.903619134171148], [79.42842990039324, 11.903616065184776], [79.42842938091547, 11.903706465445579], [79.42824579161001, 11.903705442201588], [79.42824735022296, 11.903434241446133], [79.42815555566904, 11.903433729792697], [79.42815607522765, 11.903343329540878], [79.42824786974565, 11.903343841194314], [79.4282494283047, 11.903072640429876], [79.42815763387654, 11.903072128794406], [79.42815815341719, 11.902981728542589], [79.42806635902495, 11.902981216880168], [79.42806583944838, 11.903071617123004], [79.4279740450292, 11.903071105424651], [79.42797560382182, 11.902799904696145], [79.42806739815116, 11.902800416376532], [79.42806791770977, 11.902710016124713], [79.42797612340738, 11.902709504444328], [79.42797664299295, 11.902619104201491], [79.42788484872648, 11.902618592494157], [79.42788536833899, 11.902528192251323], [79.42779357410846, 11.902527680517037], [79.427793054469, 11.902618080759872], [79.42770126021153, 11.902617568989655], [79.4277038585256, 11.902165567811412], [79.42761206442084, 11.902165056032212], [79.42761258410522, 11.902074655798359], [79.42752079003638, 11.902074144001192], [79.42752182944108, 11.901893343533489], [79.4274300354441, 11.901892831709372], [79.42742951570584, 11.901983231943223], [79.42733772168192, 11.901982720083176], [79.42733876120339, 11.901801919633437], [79.4274305551734, 11.901802431484503], [79.427431594614, 11.901621631025781], [79.42733980070687, 11.9016211191837], [79.42734032045414, 11.901530718958831], [79.42752390821451, 11.901531742607062], [79.42752442788989, 11.90144134237321], [79.42724904634817, 11.901439806873913], [79.42725112540008, 11.901078205974438], [79.42734291911856, 11.901078717825504], [79.42734239939824, 11.901169118050372], [79.42743419315266, 11.901169629874488], [79.42743627189915, 11.90080802893908], [79.42725268464184, 11.90080700529983], [79.42725164514732, 11.900987805749569], [79.42715985146476, 11.900987293880537], [79.42715777231405, 11.901348894762046], [79.4269741847064, 11.901347870889234], [79.42697522441651, 11.901167070466446], [79.42706701815295, 11.901167582407343], [79.4270675379631, 11.901077182191457], [79.42679215685256, 11.901075646287918], [79.4267931966525, 11.900894845874113], [79.42670140301485, 11.90089433386135], [79.4267034826866, 11.900532733042724], [79.42661168918372, 11.900532221011995], [79.42661272905552, 11.900351420607173], [79.42652093560652, 11.900350908558476], [79.42652145556937, 11.900260508360557], [79.42642966215632, 11.90025999627593], [79.42643018213714, 11.900169596086993], [79.42652197552324, 11.900170108162637], [79.42652249547712, 11.900079707964718], [79.42643070212694, 11.900079195889074], [79.42643122209877, 11.899988795691154], [79.42633942878453, 11.899988283597544], [79.42634046879108, 11.899807483210688], [79.42624867553972, 11.899806971090127], [79.42624919556545, 11.899716570901191], [79.42615740234103, 11.899716058753683], [79.42615792239373, 11.899625658564746], [79.4262497155822, 11.899626170712255], [79.42625127561449, 11.899354970136462], [79.42634306872213, 11.899355482239057], [79.42634462862866, 11.8990842816453], [79.42643642163748, 11.899084793702977], [79.42643694157337, 11.898994393505058], [79.42634514858253, 11.89899388144738], [79.42634566854538, 11.89890348124946], [79.4264374614913, 11.898903993298156], [79.42643798141823, 11.898813593091253], [79.42652977434619, 11.898814105112999], [79.4265302942282, 11.898723704906097], [79.42662208712922, 11.898724216882925], [79.42662312683035, 11.898543416460138], [79.42671491967747, 11.898543928401034], [79.4267164791079, 11.898272727753378], [79.42680827186518, 11.89827323964936], [79.4268087916304, 11.898182839424491], [79.42690058436074, 11.898183351302505], [79.42690110409902, 11.898092951068653], [79.4269928968024, 11.898093462901754], [79.42699237710006, 11.898183863135605], [79.42717596257872, 11.898184886729938], [79.42717492327284, 11.898365687206626], [79.42708313047063, 11.898365175418443], [79.42708261078626, 11.898455575652294], [79.4269908179571, 11.898455063828179], [79.42699029822782, 11.89854546406203], [79.42708209109291, 11.898545975886146], [79.42708157139056, 11.898636376119999], [79.4269897785075, 11.898635864286899], [79.42698925876924, 11.89872626452075], [79.4270810516972, 11.89872677635385], [79.42708053198588, 11.898817176587702], [79.4271723249408, 11.898817688393851], [79.42717180526542, 11.898908088627705], [79.42708001227456, 11.89890757681257], [79.42707949256324, 11.898997977046424], [79.42717128558104, 11.898998488861556], [79.42717076588768, 11.899088889095408], [79.42707897284292, 11.899088377280275], [79.42707845312262, 11.899178777505144], [79.42717024619432, 11.89917928932926], [79.42716972650096, 11.899269689563113], [79.42726151960859, 11.89927020136028], [79.42726099994218, 11.89936060159413], [79.42735279308575, 11.899361113373331], [79.4273533127252, 11.899270713130496], [79.42744510585081, 11.899271224864782], [79.42744614505786, 11.89909042437911], [79.42762973118329, 11.899091447748866], [79.42762921164265, 11.899181848000683], [79.427537418544, 11.899181336329281], [79.42753534021972, 11.899542937318587], [79.42781071989296, 11.899544472296864], [79.42781020038825, 11.899634872557666], [79.42771840712791, 11.899634360922196], [79.42771632896533, 11.899995961938451], [79.42789991571958, 11.899996985209391], [79.42789939623285, 11.900087385470194], [79.4279911896459, 11.900087897060747], [79.4279906701861, 11.900178297330532], [79.42817425709308, 11.900179320439776], [79.4281737376782, 11.90026972070956], [79.4282655311721, 11.900270232219267], [79.42826501179314, 11.90036063248905], [79.42844859884384, 11.900361655436598]], [[79.4267931966525, 11.900894845874113], [79.42679371655247, 11.900804445667209], [79.42688551015416, 11.900804957653023], [79.42688499029013, 11.900895357868908], [79.4267931966525, 11.900894845874113]], [[79.42679995494787, 11.899719643148446], [79.42680099462204, 11.899538842716675], [79.42689278780155, 11.899539354648589], [79.42689174819024, 11.899720155089344], [79.42679995494787, 11.899719643148446]], [[79.42688966891376, 11.900081755952886], [79.42689018874187, 11.899991355737], [79.42698198208306, 11.899991867659931], [79.42698146229088, 11.900082267875817], [79.42688966891376, 11.900081755952886]], [[79.4268933076027, 11.899448954432703], [79.42689382740386, 11.899358554207835], [79.42698562052945, 11.899359066103816], [79.42698614029467, 11.899268665878948], [79.42707793339332, 11.899269177738995], [79.42707741366404, 11.899359577963866], [79.42716920679862, 11.899360089796964], [79.42716868709628, 11.899450490030816], [79.4272604802668, 11.899451001836967], [79.42725944090702, 11.89963180230467], [79.42707585444921, 11.899630778647454], [79.42707533469297, 11.899721178872323], [79.42716712795333, 11.89972169072339], [79.42716660823301, 11.899812090948258], [79.42725840152929, 11.899812602772375], [79.42725788182695, 11.899903003006226], [79.42734967515916, 11.899903514803393], [79.42734863581737, 11.900084315271098], [79.42744042920347, 11.900084827041315], [79.42743887024916, 11.900356027760838], [79.42725528328829, 11.90035500415752], [79.42725632271993, 11.9001742036988], [79.42716452930686, 11.900173691856716], [79.42716556877443, 11.89999289140698], [79.42707377542425, 11.89999237954693], [79.42707481494571, 11.899811579097193], [79.42698302165842, 11.899811067219177], [79.42698510076423, 11.899449466328685], [79.4268933076027, 11.899448954432703]], [[79.42706909739351, 11.900805981534818], [79.42706961718568, 11.90071558131893], [79.42716141077841, 11.900716093214912], [79.42716089101319, 11.9008064934308], [79.42706909739351, 11.900805981534818]], [[79.42744094885191, 11.899994426807462], [79.42744198812186, 11.899813626321793], [79.42753378142712, 11.899814138056078], [79.42753274222005, 11.89999493855073], [79.42744094885191, 11.899994426807462]], [[79.42770541746195, 11.90189436709189], [79.42770593710141, 11.901803966858036], [79.4277977310804, 11.901804478583339], [79.42779825068394, 11.901714078340504], [79.42789004464497, 11.901714590038855], [79.42788952507738, 11.901804990290675], [79.42798131906535, 11.901805501962077], [79.4279807995247, 11.901895902213894], [79.4278890055008, 11.90189539053351], [79.42788848591523, 11.901985790785327], [79.42779669186437, 11.901985279077993], [79.42779721147689, 11.901894878826173], [79.42770541746195, 11.90189436709189]], [[79.42815919248949, 11.902800928029968], [79.42816023154383, 11.902620127526331], [79.42825202581926, 11.902620639143835], [79.4282509868278, 11.902801439656455], [79.42815919248949, 11.902800928029968]], [[79.42825618161442, 11.901897437057423], [79.42825825941767, 11.90153583599625], [79.42853364118399, 11.901537370525368], [79.42853260247999, 11.901718171082905], [79.42871619046494, 11.901719193967569], [79.42871670976304, 11.901628793679818], [79.42880850373305, 11.901629305081727], [79.42880798447088, 11.901719705369477], [79.42889977847683, 11.901720216735452], [79.42890081693828, 11.901539416150968], [79.42880902299522, 11.901538904784992], [79.42881006150158, 11.901358104209491], [79.4286264737502, 11.901357081414657], [79.42862699305728, 11.901266681126906], [79.42853519921303, 11.901266169689066], [79.42853571855605, 11.901175769410298], [79.42862751236437, 11.901176280848139], [79.42862803166247, 11.901085880560387], [79.42871982545282, 11.901086391962295], [79.42872086397715, 11.900905591386794], [79.42881265770463, 11.900906102743786], [79.42881213847839, 11.90099650304052], [79.42890393223281, 11.900997014379547], [79.42890341303352, 11.90108741467628], [79.42927058824883, 11.90108945973594], [79.42927006915734, 11.901179860050641], [79.42917827532207, 11.901179348828396], [79.42917775619466, 11.901269749134112], [79.42926955006585, 11.90127026036534], [79.42926903096539, 11.901360660671058], [79.42917723706724, 11.90136014943983], [79.42917671793981, 11.901450549745547], [79.42926851186492, 11.901451060985758], [79.42926747365499, 11.901631861606177], [79.42917567965803, 11.901631350356983], [79.42917412221288, 11.90190255126515], [79.42926591629968, 11.901903062523328], [79.42926487804485, 11.902083863143746], [79.42908128975448, 11.902082840582475], [79.42907817452283, 11.902625242353896], [79.42898638020247, 11.902624731005886], [79.42898689944667, 11.902534330718137], [79.42889510517124, 11.902533819343176], [79.42889562444238, 11.902443419055427], [79.42880383019389, 11.902442907653517], [79.4288033108868, 11.902533307941269], [79.42852792807844, 11.9025317735469], [79.42852896686328, 11.902350972998347], [79.42862076106687, 11.902351484490087], [79.42862179977985, 11.90217068393255], [79.42834641735776, 11.902169149412416], [79.4283479756563, 11.901897948612046], [79.42825618161442, 11.901897437057423]], [[79.4282634536114, 11.900631833307388], [79.42826449240522, 11.900451032767819], [79.42835628595303, 11.900451544259559], [79.42835524723107, 11.90063234480811], [79.4282634536114, 11.900631833307388]], [[79.42925760976689, 11.903349467369889], [79.42925864813851, 11.903168666767437], [79.4293504426565, 11.903169178052565], [79.42934940433878, 11.903349978655015], [79.42925760976689, 11.903349467369889]], [[79.42963516865349, 11.901543505955877], [79.42963568763717, 11.901453105632193], [79.42972748158923, 11.901453616719692], [79.42972696263249, 11.901544017052359], [79.42963516865349, 11.901543505955877]], [[79.4298031869481, 11.904256537850362], [79.42980370600365, 11.904166137535663], [79.429895500872, 11.904166648686042], [79.42989498185237, 11.904257049000742], [79.4298031869481, 11.904256537850362]], [[79.42843093933979, 11.903435264663173], [79.428430419871, 11.903525664923976], [79.42833862528116, 11.903525153324438], [79.42833914477688, 11.90343475307262], [79.42843093933979, 11.903435264663173]], [[79.42843145880856, 11.903344864402372], [79.42833966427261, 11.903344352811818], [79.42834018376834, 11.903253952551017], [79.42843197826836, 11.90325446414157], [79.42843145880856, 11.903344864402372]], [[79.4285414309609, 11.900181366298936], [79.42844963748496, 11.900180854879062], [79.42845119541519, 11.899909654024793], [79.42854298880131, 11.899910165435683], [79.4285414309609, 11.900181366298936]], [[79.42843093933979, 11.903435264663173], [79.42843145880856, 11.903344864402372], [79.42852325333554, 11.903345375956993], [79.4285227339027, 11.903435776226779], [79.42843093933979, 11.903435264663173]], [[79.4285414309609, 11.900181366298936], [79.42872501792178, 11.900182389048853], [79.4287234602251, 11.900453589930073], [79.42863166665035, 11.900453078555113], [79.42863114737919, 11.900543478842865], [79.4287229409809, 11.900543990217823], [79.42872242173671, 11.900634390514558], [79.42881421537435, 11.900634901862567], [79.42881317693086, 11.900815702456034], [79.4286295895388, 11.900814679706118], [79.42863010882792, 11.900724279418366], [79.42853831516332, 11.900723768007476], [79.42853987308457, 11.900452567153206], [79.4284480795188, 11.90045205572435], [79.42844859884384, 11.900361655436598], [79.42854039238267, 11.900362166865454], [79.4285414309609, 11.900181366298936]]], [[[79.42643070212694, 11.900079195889074], [79.42643018213714, 11.900169596086993], [79.42624659539186, 11.90016857183689], [79.42624711543556, 11.900078171656936], [79.42643070212694, 11.900079195889074]]]]}, "id": "+2871+8434", "properties": {"count": 1354, "water": 1}}, {"type": "Feature", "geometry": {"geodesic": false, "type": "Polygon", "coordinates": [[[79.42760518736819, 11.935252527693756], [79.4276088354625, 11.934619727530029], [79.4278842505024, 11.934621266892082], [79.42788372944361, 11.934711666928305], [79.42815914460928, 11.93471320603883], [79.4281575816934, 11.934984406183432], [79.42797397140329, 11.93498338011873], [79.42797345036246, 11.935073780154953], [79.42778984001843, 11.935072753964489], [79.42778931891473, 11.935163153991729], [79.42769751372475, 11.93516264084709], [79.42769699258511, 11.935253040874327], [79.42760518736819, 11.935252527693756]]]}, "id": "+2879+8022", "properties": {"count": 28, "water": 1}}, {"type": "Feature", "geometry": {"geodesic": false, "type": "Polygon", "coordinates": [[[79.42759528946988, 11.952881034373187], [79.42759581143596, 11.952790634462728], [79.42814667824791, 11.952793717570614], [79.42814615647046, 11.952884117499039], [79.42860521242406, 11.952886685944133], [79.42860469079034, 11.952977085899507], [79.4287883132616, 11.95297811307812], [79.42878779168178, 11.953068513033493], [79.42887960295336, 11.953069026582375], [79.42887908140048, 11.953159426546732], [79.42897089270798, 11.953159940068664], [79.42897037118206, 11.953250340033021], [79.4290621825255, 11.953250853528004], [79.42906113951857, 11.953431653465703], [79.42915295092489, 11.953432166933736], [79.42914982200291, 11.953974566755813], [79.4292416335889, 11.953975080223847], [79.42923850469388, 11.954517480054907], [79.42933031647749, 11.954517993513956], [79.42932458010557, 11.955512393175788], [79.42941639222155, 11.955512906652803], [79.42941534925056, 11.955693706590502], [79.42950716143842, 11.955694220049551], [79.42950090362143, 11.956779019684722], [79.42940909107426, 11.956778506180758], [79.4294080479775, 11.956959306100488], [79.42931623537642, 11.95695879256059], [79.4293151922078, 11.957139592480322], [79.42922337954384, 11.957139078895509], [79.42922285791911, 11.957229478850882], [79.4291310452282, 11.95722896523912], [79.42913052357652, 11.95731936518551], [79.42903871085866, 11.957318851537813], [79.42903975422492, 11.957138051654015], [79.42913156687989, 11.957138565292727], [79.42913208853157, 11.957048165346336], [79.4292239011596, 11.957048678949118], [79.42922546597991, 11.956777479091977], [79.42931727852708, 11.956777992649842], [79.42931780008894, 11.956687592694468], [79.4292259875777, 11.956687079136604], [79.42922650917548, 11.956596679181228], [79.42931832165978, 11.95659719273011], [79.42932040787126, 11.956235592890646], [79.42922859551273, 11.956235079350748], [79.42923068178709, 11.955873479520267], [79.42913886955432, 11.955872965971386], [79.4291409558736, 11.955511366140906], [79.4290491437666, 11.955510852574058], [79.42905018696219, 11.95533005266331], [79.42895837492705, 11.955329539078495], [79.4289620261924, 11.954696739399859], [79.42887021437286, 11.954696225815045], [79.42887490883379, 11.953882626216675], [79.42878309728374, 11.953882112640844], [79.4287836188995, 11.95379171268547], [79.42869180739436, 11.953791199073708], [79.42869232903706, 11.953700799127315], [79.42860051755889, 11.953700285488603], [79.42860103922854, 11.953609885542212], [79.42869285067079, 11.953610399171941], [79.42869389393823, 11.953429599270176], [79.42860208254987, 11.953429085649429], [79.42860260420156, 11.953338685694055], [79.42851079285813, 11.953338172046358], [79.42851131453676, 11.953247772099967], [79.42841950322028, 11.953247258425321], [79.42842002492587, 11.953156858487914], [79.42823640236476, 11.953155831057774], [79.42823692413323, 11.953065431120367], [79.42796149041735, 11.953063889755068], [79.42796201226666, 11.952973489835626], [79.42768657868551, 11.952971948218801], [79.42768710062467, 11.95288154829936], [79.42759528946988, 11.952881034373187]]]}, "id": "+2883+7821", "properties": {"count": 194, "water": 1}}, {"type": "Feature", "geometry": {"geodesic": false, "type": "Polygon", "coordinates": [[[79.42755491494994, 11.975752706699897], [79.42755857590812, 11.975119908377716], [79.42765039456384, 11.975120423256104], [79.42765144045435, 11.974939623722648], [79.42811053350837, 11.974942197647465], [79.42811105629194, 11.974851797853788], [79.42829469347761, 11.974852827206321], [79.42829417075693, 11.974943226999999], [79.42820235212815, 11.974942712337207], [79.42820078384035, 11.975213911709256], [79.42810896512175, 11.975213397010531], [79.42810791950971, 11.97539419657992], [79.42801610074619, 11.975393681836279], [79.42801557789974, 11.97548408161199], [79.42783194030983, 11.975483052025893], [79.42783350901087, 11.975211852707742], [79.42774169031023, 11.975211337883254], [79.42774116738293, 11.975301737649982], [79.42764934866433, 11.97530122278956], [79.42764673382126, 11.975753221614218], [79.42755491494994, 11.975752706699897]]]}, "id": "+2886+7577", "properties": {"count": 36, "water": 1}}, {"type": "Feature", "geometry": {"geodesic": false, "type": "MultiPolygon", "coordinates": [[[[79.42825408435365, 11.965993129906488], [79.42825356201027, 11.966083529763049], [79.4281617463729, 11.966083015459581], [79.42816226874322, 11.965992615612006], [79.42825408435365, 11.965993129906488]]], [[[79.4285321423629, 11.965542673300527], [79.42853266458951, 11.965452273426003], [79.42862448002926, 11.965452787585738], [79.42862552440162, 11.965271987836687], [79.42871733977849, 11.965272501951507], [79.42871838407001, 11.965091702202454], [79.42881019940197, 11.965092216281342], [79.42881124361263, 11.964911416514324], [79.4289030588817, 11.964911930548295], [79.42890410302051, 11.964731130772295], [79.42899591823569, 11.964731644779317], [79.42899644026465, 11.964641244886824], [79.42908825545288, 11.964641758857915], [79.42908877744593, 11.96455135895644], [79.42927240776847, 11.964552386799804], [79.42927136389018, 11.964733186611738], [79.42917954866603, 11.964732672694547], [79.42917902669095, 11.964823072596023], [79.42908721143984, 11.964822558651882], [79.42908668942883, 11.964912958544375], [79.42899487415077, 11.964912444564302], [79.4289922638891, 11.96536444401778], [79.42890044845834, 11.965363929983807], [79.42889992636648, 11.965454329867317], [79.42871629546902, 11.965453301709541], [79.42871577330529, 11.965543701584068], [79.4285321423629, 11.965542673300527]]], [[[79.42834694456103, 11.965812844460903], [79.4283458999551, 11.965993644174022], [79.42825408435365, 11.965993129906488], [79.42825512901348, 11.965812330202352], [79.42834694456103, 11.965812844460903]]], [[[79.42843928238011, 11.965722958835945], [79.42843876011756, 11.965813358692504], [79.42834694456103, 11.965812844460903], [79.4283474668595, 11.965722444604344], [79.42843928238011, 11.965722958835945]]], [[[79.4285321423629, 11.965542673300527], [79.42853109790968, 11.965723473031613], [79.42843928238011, 11.965722958835945], [79.42844032690519, 11.965542159104858], [79.4285321423629, 11.965542673300527]]]]}, "id": "+2896+7691", "properties": {"count": 35, "water": 1}}, {"type": "Feature", "geometry": {"geodesic": false, "type": "Polygon", "coordinates": [[[79.42936317911433, 11.964733700492996], [79.42936526673617, 11.964372100851163], [79.42945708184355, 11.964372614687505], [79.42945760371083, 11.964282214768064], [79.42973304897006, 11.964283756088445], [79.42973357073853, 11.96419335616002], [79.42991720087244, 11.964194383545244], [79.42991772257801, 11.96410398361682], [79.43000953762251, 11.964104497255532], [79.43001005929216, 11.964014097318124], [79.4305609494603, 11.964017178530565], [79.4305604279703, 11.964107578494923], [79.4308358732026, 11.964109118710377], [79.43083535181142, 11.964199518683717], [79.43111079716948, 11.96420105863866], [79.43111027585915, 11.964291458629965], [79.43120209102042, 11.964291971891386], [79.43120156973706, 11.964382371882694], [79.43129338493425, 11.964382885117166], [79.43129286366884, 11.964473285117455], [79.43138467890199, 11.964473798324978], [79.43138415767251, 11.964564198325267], [79.43147597293259, 11.964564711505838], [79.43147493051856, 11.96474551150642], [79.4315667458505, 11.964746024669026], [79.43156622466594, 11.964836424678298], [79.43165804002486, 11.964836937813955], [79.43165751886724, 11.964927337823228], [79.43184114967488, 11.964928364013693], [79.43184062857117, 11.965018764022966], [79.43193244401091, 11.965019277077774], [79.43193192293415, 11.96510967709603], [79.43202373840982, 11.965110190132872], [79.43202321736001, 11.96520059015113], [79.43211503286265, 11.965201103152038], [79.43211399081692, 11.965381903206518], [79.43220580639142, 11.965382416180477], [79.43220476438162, 11.965563216234957], [79.432296580019, 11.965563729199934], [79.4322955380631, 11.965744529254412], [79.43238735376336, 11.96574504219244], [79.43238579088342, 11.966016242292124], [79.43266123828963, 11.966017780953493], [79.4326607174105, 11.966108180998699], [79.43284434909847, 11.966109206632208], [79.43284382828223, 11.966199606686397], [79.43293564416216, 11.966200119462727], [79.43293512336386, 11.966290519516916], [79.43275149155012, 11.966289493928322], [79.43275097068896, 11.966379893973528], [79.43284278663175, 11.966380406785792], [79.43284226579753, 11.966470806830998], [79.4329340817673, 11.966471319625294], [79.43293356096002, 11.966561719679483], [79.43274992895763, 11.96656069406394], [79.43274940808747, 11.966651094109146], [79.43265759206382, 11.966650581251967], [79.43265707115773, 11.96674098128819], [79.43274888720835, 11.966741494145369], [79.43274784545008, 11.96692229423578], [79.4326560293276, 11.966921781369617], [79.43265238280536, 11.967554581614193], [79.43256056648525, 11.967554068694133], [79.43255952452037, 11.967734868748611], [79.4322840753894, 11.967733329763849], [79.43228355431263, 11.967823729782106], [79.43219173791168, 11.967823216727298], [79.43219121679898, 11.96791361673657], [79.43209940037109, 11.96791310364583], [79.43209992151972, 11.967822703636557], [79.43200810512775, 11.967822190518866], [79.43200862629435, 11.967731790518577], [79.43191680993831, 11.967731277373938], [79.43191733113187, 11.967640877373647], [79.43182551481176, 11.967640364202058], [79.43182603604124, 11.967549964201767], [79.4317342197481, 11.96754945100323], [79.4317363047199, 11.967187851029019], [79.4316444885615, 11.967187337812513], [79.4316465735872, 11.966825737838303], [79.43173838962882, 11.966826251036842], [79.43174308041564, 11.966012651025247], [79.4316512646525, 11.966012137862641], [79.43165230706654, 11.965831337862062], [79.43156049136627, 11.96583082468149], [79.43156101259575, 11.965740424690182], [79.43146919693143, 11.965739911482661], [79.43146867566601, 11.965830311473967], [79.43137685998371, 11.965829798230512], [79.4313773812671, 11.96573939824819], [79.43128556561174, 11.965738884977785], [79.43128608693105, 11.965648484995462], [79.43119427131164, 11.965647971698107], [79.43119583533245, 11.965376771751137], [79.43128765086203, 11.965377285030524], [79.43128817216338, 11.965286885039218], [79.43119635666075, 11.96528637175983], [79.43119687798904, 11.965195971777506], [79.43110506252233, 11.965195458480153], [79.43110558387758, 11.96510505849783], [79.4310137684468, 11.965104545164543], [79.4310148112022, 11.964923745208878], [79.43092299583432, 11.964923231857627], [79.43092351723448, 11.964832831884285], [79.43083170190253, 11.964832318506085], [79.43083222332963, 11.964741918532743], [79.43055677745954, 11.964740378236442], [79.43055729897648, 11.964649978272085], [79.43019003799003, 11.96464792413944], [79.43018951635631, 11.96473832408583], [79.43009770108723, 11.964737810474068], [79.43009717941759, 11.964828210411476], [79.43000536413055, 11.964827696763779], [79.43000588582714, 11.964737296826371], [79.42991407056707, 11.964736783160708], [79.4299145922996, 11.9646463832233], [79.42973096186027, 11.964645355793161], [79.42973044007384, 11.964735755721586], [79.42963862482273, 11.964735241957108], [79.42963810300037, 11.96482564187655], [79.42945447246223, 11.964824614257763], [79.42945499434747, 11.964734214347306], [79.42936317911433, 11.964733700492996]], [[79.43201018978516, 11.96746059049974], [79.43201071093378, 11.967370190490467], [79.43210252717303, 11.967370703590191], [79.43210200605135, 11.967461103599465], [79.43201018978516, 11.96746059049974]], [[79.43238006000021, 11.967010642609726], [79.4323805810141, 11.966920242582486], [79.43247239710962, 11.96692075553848], [79.43247187613167, 11.967011155565718], [79.43238006000021, 11.967010642609726]]]}, "id": "+2910+7697", "properties": {"count": 476, "water": 1}}, {"type": "Feature", "geometry": {"geodesic": false, "type": "MultiPolygon", "coordinates": [[[[79.43045895411412, 11.933912420099507], [79.43045999443508, 11.933731619784517], [79.43036818960444, 11.933731107574124], [79.43036870979186, 11.933640707421121], [79.43027690499716, 11.933640195183779], [79.43027638478277, 11.9337305953278], [79.43018457996111, 11.933730083054526], [79.4301840597108, 11.933820483198547], [79.43009225486217, 11.93381997088934], [79.43009173457594, 11.93391037103336], [79.42999992970037, 11.93390985868822], [79.42999888905601, 11.934090658958295], [79.42972347427661, 11.934089121725249], [79.42972295385562, 11.934179521851304], [79.42963114890819, 11.9341790093804], [79.42963062846025, 11.934269409488488], [79.42953882348587, 11.934268896981651], [79.42953830299301, 11.934359297098723], [79.42944649799168, 11.934358784555954], [79.42944545694309, 11.93453958477213], [79.42880282162837, 11.934535996092402], [79.42880125938622, 11.93480719631785], [79.42870945426812, 11.934806683523554], [79.42871049582875, 11.934625883370261], [79.42852688572728, 11.934624857700818], [79.4285274065615, 11.934534457628663], [79.4284356015512, 11.934533944753518], [79.42843716411673, 11.934262744564002], [79.42862077397565, 11.934263770269377], [79.42862129476495, 11.93417337019722], [79.42871309965848, 11.9341738830005], [79.42871414116523, 11.933993082847207], [79.42880594601384, 11.933993595605571], [79.42880646673127, 11.933903195524433], [79.42871466190961, 11.93390268276607], [79.428715182654, 11.93381228268493], [79.42880698743973, 11.933812795443295], [79.42880750814818, 11.933722395362157], [79.42889931290696, 11.933722908084587], [79.42889879222547, 11.933813308165726], [79.4290824018149, 11.93381433352974], [79.42908292243352, 11.93372393343962], [79.42926653197803, 11.93372495867787], [79.42926705252479, 11.933634558569782], [79.42899163831133, 11.933633020680965], [79.42899267957552, 11.933452220500723], [79.42917628893139, 11.933453245765921], [79.42917576835768, 11.933543645874009], [79.42945118251724, 11.933545183565197], [79.429452223476, 11.933364383340038], [79.42981944216079, 11.933366433151786], [79.4298199625189, 11.93327603301675], [79.43018718114979, 11.933278082334423], [79.43018666092642, 11.933368482478445], [79.43027846562234, 11.933368994733751], [79.43027898581875, 11.933278594589732], [79.43064620453946, 11.933280643305535], [79.4306467246191, 11.933190243134565], [79.43073852927907, 11.933190755237158], [79.43073800923536, 11.933281155408128], [79.43082981393127, 11.933281667483772], [79.43082929391451, 11.933372067654743], [79.43064568446881, 11.93337104346752], [79.43064464430056, 11.933551843800478], [79.43055283951483, 11.933551331652968], [79.43055075900764, 11.933912932291932], [79.43045895411412, 11.933912420099507]], [[79.4286192115808, 11.934534970476859], [79.42861973237909, 11.934444570413687], [79.42871153737143, 11.934445083225949], [79.42871101660009, 11.934535483298104], [79.4286192115808, 11.934534970476859]]], [[[79.43045895411412, 11.933912420099507], [79.43045843394465, 11.93400282025251], [79.43036662902418, 11.934002308024152], [79.43036714922059, 11.933911907880132], [79.43045895411412, 11.933912420099507]]]]}, "id": "+2910+8038", "properties": {"count": 187, "water": 1}}, {"type": "Feature", "geometry": {"geodesic": false, "type": "Polygon", "coordinates": [[[79.43229142677947, 11.982378638194406], [79.43229820892512, 11.98120343914285], [79.4323900298446, 11.981203952736648], [79.43238846488954, 11.981475152530905], [79.43248028590783, 11.981475666106736], [79.43247976428309, 11.981566066044143], [79.43266340639154, 11.981567093096992], [79.43266236324088, 11.98174789298079], [79.43275418436696, 11.981748406475774], [79.43275157656667, 11.982200406198746], [79.43256793401807, 11.982199379145898], [79.43256741238434, 11.982289779083306], [79.43247559108758, 11.982289265507475], [79.43247454774827, 11.982470065373308], [79.43256636910792, 11.982470578958122], [79.43256584746521, 11.982560978886546], [79.43238220469202, 11.982559951680987], [79.43238324809421, 11.98237915183312], [79.43229142677947, 11.982378638194406]], [[79.43238585655027, 11.981927152190995], [79.4323863782289, 11.98183675226257], [79.43247819936397, 11.981837265847386], [79.43247767772127, 11.981927665784793], [79.43238585655027, 11.981927152190995]]]}, "id": "+2931+7507", "properties": {"count": 45, "water": 1}}, {"type": "Feature", "geometry": {"geodesic": false, "type": "Polygon", "coordinates": [[[79.41868804531224, 11.937281798375738], [79.41869223892645, 11.936558601409724], [79.4187840441883, 11.936559117554737], [79.41878456834628, 11.936468717922756], [79.41887637358117, 11.936469234031835], [79.41887794592037, 11.936198035135893], [79.41896975106543, 11.936198551200057], [79.41897027514257, 11.936108151559093], [79.41906208026967, 11.936108667596308], [79.41906260431087, 11.936018267955344], [79.41915440940203, 11.936018783956627], [79.41915545741257, 11.935837984656732], [79.41924726244983, 11.935838500622083], [79.41924516654552, 11.936200099221871], [79.41906155621948, 11.936199067237272], [79.41905998406891, 11.936470266160164], [79.41896817882504, 11.936469750113966], [79.41896765472994, 11.936560149745947], [79.41905946000975, 11.936560665801128], [79.41905893594159, 11.936651065442092], [79.41915074125733, 11.936651581470324], [79.41915021721613, 11.936741981111288], [79.4192420225588, 11.93674249711257], [79.41924149854455, 11.936832896762517], [79.41942510931078, 11.936833928684234], [79.41942458535941, 11.93692432833418], [79.41960819619749, 11.936925360148098], [79.41960714839357, 11.93710615946596], [79.42015798139292, 11.937109254224996], [79.42015850511072, 11.937018854548098], [79.42043392157896, 11.9370204015099], [79.42043444520694, 11.936930001815037], [79.42070986162128, 11.936931548498361], [79.42070933808313, 11.937021948202206], [79.42080114359649, 11.937022463709416], [79.42080166709871, 11.936932063996586], [79.42135250006213, 11.936935156375087], [79.42135197673957, 11.937025556105883], [79.4214437822799, 11.937026071406478], [79.42144325898428, 11.937116471146258], [79.42208589808989, 11.937120077406016], [79.42208642116991, 11.937029677639288], [79.4222700323224, 11.937030707719458], [79.42227055533952, 11.936940307943747], [79.42236236088883, 11.936940822929934], [79.42236183790763, 11.937031222714628], [79.4225454490781, 11.937032252615134], [79.4225459720054, 11.93694185283044], [79.42263777757266, 11.936942367726795], [79.42263830046402, 11.936851967933118], [79.42291371708497, 11.936853512451501], [79.4229142398865, 11.936763112639857], [79.4230978509312, 11.93676414216307], [79.42309889639053, 11.9365833425308], [79.42328250732743, 11.936584371910286], [79.42328198466065, 11.936674771739895], [79.42337379017401, 11.936675286384721], [79.42337431280485, 11.936584886564095], [79.42355792376871, 11.936585915763915], [79.42355844634565, 11.936495515925323], [79.42365025180513, 11.936496030480317], [79.42365077433716, 11.936405630641723], [79.42383438521118, 11.936406659643914], [79.42383490768033, 11.936316259796339], [79.4239267130859, 11.936316774252518], [79.42392723552811, 11.93622637439596], [79.42420265169092, 11.936227917575852], [79.42420212934752, 11.936318317441396], [79.42429393477106, 11.936318831771812], [79.42429341245462, 11.936409231646337], [79.4243852179141, 11.936409745949804], [79.42438574020358, 11.936319346075278], [79.42502837834799, 11.936322945382077], [79.42502890042188, 11.936232545471618], [79.4252125112959, 11.936233573566511], [79.42521303330692, 11.936143173656053], [79.42594747673112, 11.936147284804933], [79.42594799849061, 11.936056884858543], [79.42613160932869, 11.936057912342582], [79.42613317440053, 11.935786712476459], [79.42622497973424, 11.935787226160087], [79.42622341475223, 11.936058426035194], [79.42723327471654, 11.936064074695599], [79.42723379604485, 11.935973674695308], [79.4274174069458, 11.935974701334931], [79.42741792820223, 11.935884301325657], [79.42824417717574, 11.935888919654365], [79.42824365618881, 11.935979319699571], [79.42851907267502, 11.935980858612467], [79.42851959357212, 11.935890458558278], [79.42861139904956, 11.935890971469357], [79.4286108781794, 11.935981371523544], [79.42870268369276, 11.935981884407674], [79.42870216284956, 11.936072284470846], [79.42888577393919, 11.936073310158253], [79.42888525314989, 11.936163710230408], [79.42934428111197, 11.936166273932399], [79.42934532237616, 11.935985473752154], [79.42943712791649, 11.935985986393739], [79.4294381691088, 11.935805186195529], [79.42952997459523, 11.935805698801179], [79.42953049515097, 11.935715298702075], [79.42962230061043, 11.935715811271793], [79.42962334165006, 11.935535011055617], [79.42953153625346, 11.935534498494881], [79.42953361840456, 11.935172898071514], [79.42944181312477, 11.935172385501795], [79.42944337479199, 11.934901185186515], [79.42953517997297, 11.934901697756233], [79.4295357004838, 11.934811297648146], [79.42962750563784, 11.93481181018193], [79.4296290670715, 11.9345406098397], [79.4298126772089, 11.93454163479049], [79.42981319762092, 11.934451234664436], [79.42999680772239, 11.934452259480478], [79.4299978483937, 11.934271459219387], [79.43027326339767, 11.934272996200907], [79.43027274314736, 11.934363396344926], [79.43036454818461, 11.9343639086182], [79.43036402797024, 11.934454308771205], [79.43054763811662, 11.93445533322792], [79.4305481582771, 11.934364933074917], [79.430915378507, 11.93436698162004], [79.43091589854171, 11.93427658144907], [79.43119131367145, 11.934278117532273], [79.43119079372657, 11.934368517721209], [79.43128259880874, 11.934369029689057], [79.4312831187177, 11.93427862950012], [79.43155853389236, 11.93428016523298], [79.43155905371148, 11.934189765026078], [79.43165085874874, 11.934190276877143], [79.43165137853192, 11.93409987667024], [79.43174318354224, 11.934100388476391], [79.43174422302776, 11.933919588062587], [79.43183602798418, 11.933920099832804], [79.43183654769551, 11.933829699616917], [79.43192835262496, 11.933830211360185], [79.43192887229138, 11.933739811135316], [79.43202067719389, 11.933740322842652], [79.43202119683335, 11.933649922617782], [79.43211300170891, 11.933650434289186], [79.43211352131243, 11.933560034064316], [79.43220532616105, 11.933560545699788], [79.43220636529624, 11.933379745232083], [79.43229817009096, 11.93338025683162], [79.43229868962261, 11.933289856597767], [79.43239049439038, 11.933290368161373], [79.4323910138861, 11.933199967918538], [79.43248281862692, 11.93320047944621], [79.43248333808673, 11.933110079203376], [79.43266694752343, 11.933111102168887], [79.43266746692035, 11.93302070191707], [79.43275927160727, 11.933021213345928], [79.43275823287632, 11.93320201386753], [79.43257462336774, 11.933200990955916], [79.4325741039349, 11.93329139119875], [79.43248229915814, 11.933290879698028], [79.43248177968937, 11.933381279940864], [79.43238997488567, 11.933380768404207], [79.43238945538096, 11.933471168647044], [79.43229765055929, 11.933470657074455], [79.43229661147801, 11.93365145754216], [79.43220480659346, 11.933650945933639], [79.43220428700789, 11.93374134616749], [79.43211248210538, 11.933740834523038], [79.43211144287137, 11.933921634972775], [79.43201963790598, 11.93392112329239], [79.43201911825754, 11.934011523508275], [79.4319273132652, 11.934011011791958], [79.43192627388747, 11.934191812223728], [79.43183446883224, 11.934191300471477], [79.43183394911193, 11.934281700687363], [79.43174214402976, 11.93428118889918], [79.43174162427351, 11.934371589106082], [79.43164981917337, 11.934371077281966], [79.4316492993812, 11.934461477479886], [79.43155749425411, 11.93446096562882], [79.43155697441702, 11.934551365826739], [79.43137336411793, 11.93455034201681], [79.43137284422694, 11.934640742205746], [79.43063840293173, 11.934636645726354], [79.43063892306526, 11.93454624557335], [79.4301798975466, 11.93454368432376], [79.43017937726034, 11.934634084458798], [79.42990396190602, 11.934632547342533], [79.42990292113589, 11.934813347594641], [79.42981111596389, 11.934812835150687], [79.42981059554289, 11.934903235267758], [79.42971879035292, 11.934902722796854], [79.42971722896418, 11.935173923139084], [79.42962542368437, 11.935173410623266], [79.42962386216088, 11.93544461094753], [79.4297156675395, 11.935445123481314], [79.42971462657175, 11.93562592369749], [79.42980643200427, 11.935626436204327], [79.42980591154735, 11.935716836321397], [79.42989771701579, 11.935717348801283], [79.42989511480303, 11.936169349386638], [79.42980330917288, 11.936168836888786], [79.42980226819614, 11.936349637104962], [79.42971046251209, 11.936349124571176], [79.42970994199229, 11.93643952467028], [79.42961813628129, 11.936439012100564], [79.42961761572555, 11.936529412199668], [79.42952580998761, 11.936528899594018], [79.42952528939594, 11.936619299693122], [79.42934167787513, 11.936618274383006], [79.42934115721158, 11.936708674464144], [79.42897393410709, 11.936706623466621], [79.42897445489639, 11.936616223394465], [79.42879084342948, 11.936615197725024], [79.4287913642637, 11.936524797661852], [79.42851594718462, 11.936523258946584], [79.42851646811765, 11.936432858892395], [79.42833285681243, 11.936431832935492], [79.42833337779038, 11.936341432890286], [79.42814976656602, 11.936340406825586], [79.42815028760685, 11.936250006789363], [79.427232232042, 11.936244874696179], [79.42723171070472, 11.93633527469647], [79.42603823870756, 11.93632859845321], [79.42603771696605, 11.936418998399601], [79.42539507828265, 11.936415401383506], [79.42539455632553, 11.936505801293965], [79.42502733419121, 11.936503745185027], [79.42502681210834, 11.93659414507752], [79.42465958992013, 11.936592088474509], [79.42465906771149, 11.936682488358016], [79.42401642883944, 11.936678888107988], [79.42401590640623, 11.936769287964546], [79.42374048972239, 11.936767744533125], [79.42373996719934, 11.936858144380702], [79.42355635602887, 11.936857115270712], [79.42355583344295, 11.936947515100321], [79.42346402783974, 11.936947000500412], [79.42346350521788, 11.937037400330022], [79.42309628270627, 11.937035341606986], [79.42309575995864, 11.93712574141863], [79.42282034303226, 11.937124197043977], [79.4228198201948, 11.937214596846637], [79.42263620887162, 11.937213567107827], [79.42263568596229, 11.937303966901505], [79.42236026891914, 11.937302422050744], [79.422359745911, 11.937392821835438], [79.42208432881394, 11.937391276706201], [79.42208380571597, 11.93748167647293], [79.42171658285402, 11.937479615872414], [79.42171605963028, 11.937570015621176], [79.42107341958145, 11.937566408382253], [79.42107394302077, 11.937476008660441], [79.42089033167065, 11.937474977762804], [79.42089085516388, 11.937384578049976], [79.42079904953374, 11.93738406255175], [79.42079957305391, 11.937293662847903], [79.4206159618565, 11.937292631779586], [79.42061648543059, 11.937202232075741], [79.42034106876471, 11.937200685266653], [79.42034054509182, 11.937291084961515], [79.42015693393932, 11.937290053596755], [79.42015641020355, 11.937380453282636], [79.41960557665622, 11.93737735844275], [79.41960610058065, 11.93728695878382], [79.41868804531224, 11.937281798375738]]]}, "id": "+2932+8040", "properties": {"count": 672, "water": 1}}, {"type": "Feature", "geometry": {"geodesic": false, "type": "Polygon", "coordinates": [[[79.42853589815623, 11.996641222973459], [79.42853642177522, 11.996550823305546], [79.42844459583416, 11.99655030780732], [79.4284451194801, 11.99645990814839], [79.42853694538523, 11.996460423637632], [79.42853746900423, 11.99637002396972], [79.42807833964031, 11.996367446218079], [79.42807781587757, 11.996457845859043], [79.42798598998144, 11.996457330217085], [79.42798494238411, 11.996638129507996], [79.42780129049302, 11.996637098107303], [79.4278007666225, 11.996727497739284], [79.42752528873645, 11.996725950409173], [79.42752371682843, 11.996997149278167], [79.42761554287729, 11.996997665090802], [79.4276150189349, 11.997088064722783], [79.42752319285012, 11.99708754889218], [79.42752109690089, 11.997449147375189], [79.42742927069932, 11.99744863149967], [79.42742874667609, 11.997539031113684], [79.42733692044757, 11.997538515211216], [79.42733587231126, 11.997719314430263], [79.42715221974643, 11.99771828251753], [79.42715326799951, 11.99753748331645], [79.42696961557841, 11.99753645129592], [79.42696751881172, 11.997898049662146], [79.42705934513906, 11.99789856569936], [79.42705882097209, 11.99798896529541], [79.42696699460882, 11.99798844924921], [79.42696647039693, 11.998078848845259], [79.42687464401571, 11.998078332763129], [79.42687307127225, 11.998349531524322], [79.42678124480119, 11.998349015397277], [79.42679120540191, 11.99663142326999], [79.42688303129806, 11.996631939316188], [79.42688617625495, 11.996089541730916], [79.42697800197143, 11.996090057723215], [79.42698009839675, 11.995728459303091], [79.42707192399645, 11.995728975250474], [79.42707297212378, 11.995548176031429], [79.42716479766958, 11.995548691933896], [79.42716636973928, 11.995277493082869], [79.42725819519525, 11.995278008949404], [79.42725871917358, 11.995187609326406], [79.42735054460259, 11.995188125157009], [79.42735106855396, 11.995097725534011], [79.4275347193581, 11.995098757096402], [79.4275352432466, 11.995008357464421], [79.4277188940058, 11.995009388901046], [79.42771941782243, 11.994918989251099], [79.42790306854572, 11.994920020561961], [79.42790359229946, 11.994829620912014], [79.42808724297784, 11.99483065208813], [79.42808776665971, 11.9947402524292], [79.42827141729316, 11.99474128347955], [79.42827194091217, 11.994650883811635], [79.4284555915007, 11.994651914727239], [79.42845611505682, 11.994561515050343], [79.42854794032414, 11.994562030467721], [79.4285484638533, 11.99447163078184], [79.42864028909366, 11.994472146163286], [79.42864081257792, 11.994381746477405], [79.42873263780032, 11.994382261813934], [79.42873316124864, 11.994291862128055], [79.4288249864441, 11.994292377437635], [79.42882550985648, 11.994201977742772], [79.42900916019349, 11.994203008263117], [79.42900968354299, 11.994112608550287], [79.42910150868454, 11.994113123761052], [79.42910203199811, 11.994022724057206], [79.42928568223631, 11.99402375437992], [79.42928620548699, 11.993933354667092], [79.42946985568027, 11.99393438485506], [79.42947037886807, 11.993843985133248], [79.42965402901645, 11.99384501519545], [79.42965455213238, 11.993754615464656], [79.42993002729654, 11.993756160324399], [79.42993055032265, 11.993665760575638], [79.43020602543291, 11.993667305156903], [79.43020654836019, 11.99357690539916], [79.43039019839178, 11.993577934958305], [79.43039072125619, 11.993487535191578], [79.43075802124748, 11.993489593941563], [79.43075854398614, 11.993399194156869], [79.43204409406349, 11.993406395914569], [79.43204461637094, 11.993315996075975], [79.43222826638456, 11.993317024413413], [79.43222878862015, 11.993226624565837], [79.432320613609, 11.993227138680657], [79.43232113581763, 11.993136738824097], [79.43241296077055, 11.993137252911968], [79.43241348294325, 11.993046853046426], [79.4325053078782, 11.993047367098363], [79.43250583001497, 11.992956967232821], [79.43259765491398, 11.992957481248826], [79.43259869911567, 11.992776681517741], [79.43278234881487, 11.992777709441954], [79.43278182677692, 11.99286810931648], [79.43269000189586, 11.992867595363357], [79.43268895774808, 11.993048395112408], [79.43259713281314, 11.993047881123353], [79.43259661070331, 11.993138280988894], [79.43250478573243, 11.993137766963907], [79.43250426358668, 11.99322816682945], [79.43241243859784, 11.993227652768528], [79.43241191641614, 11.993318052625087], [79.43232009140036, 11.993317538537216], [79.43231956918272, 11.993407938384793], [79.43222774414, 11.99340742426099], [79.43222722189542, 11.993497824108566], [79.43213539681675, 11.99349730994883], [79.43213382995725, 11.993768509482576], [79.43185835448767, 11.993766966787772], [79.43185730971106, 11.993947766446993], [79.43167365930219, 11.993946737813111], [79.43167313684202, 11.994037137633738], [79.43158131161063, 11.99403662326739], [79.43158078911453, 11.994127023088016], [79.43148896386518, 11.994126508685735], [79.43148844133314, 11.994216908497378], [79.43130479077155, 11.994215879602985], [79.43130426818563, 11.994306279405645], [79.43121244287339, 11.994305764913532], [79.43121035234101, 11.994667364097227], [79.43111852692097, 11.994666849560197], [79.4311180042452, 11.994757249353876], [79.43120982970117, 11.994757763899887], [79.43120721641218, 11.995209762868274], [79.43129904202985, 11.995210277405302], [79.43129747409237, 11.99548147679532], [79.43138929979987, 11.995481991314382], [79.43138877717801, 11.995572391108059], [79.43129695144357, 11.995571876588997], [79.43129486079441, 11.995933475763707], [79.4313866866546, 11.995933990300735], [79.43138302806798, 11.996566788856477], [79.43129120200116, 11.9965662742925], [79.43129067929846, 11.996656674077194], [79.4313825054012, 11.996657188650156], [79.4313804146712, 11.9970187878069], [79.43147224089971, 11.997019302370877], [79.43147119557513, 11.997200101949248], [79.43137936928373, 11.997199587385271], [79.43137884658103, 11.997289987178949], [79.43128702026267, 11.997289472579038], [79.43128492929011, 11.997651071699849], [79.43119310285499, 11.997650557064006], [79.43119467117873, 11.997379357727889], [79.43110284484241, 11.997378843065096], [79.43110389042751, 11.997198043513674], [79.43092023788962, 11.997197014116225], [79.43092180641997, 11.996925814807057], [79.43082998025433, 11.996925300072398], [79.43082893449856, 11.997106099605855], [79.43073710827005, 11.997105584835264], [79.43073658536072, 11.99719598459301], [79.43082841162517, 11.997196499372583], [79.43082788873382, 11.997286899130328], [79.4305524098686, 11.997285354710758], [79.4305518868874, 11.99737575445952], [79.43036823427765, 11.997374724684777], [79.43036980339191, 11.997103525447475], [79.43027797718136, 11.997103010533154], [79.43027850023442, 11.997012610793377], [79.43009484789417, 11.99701158086592], [79.4300953710101, 11.996921181135123], [79.42991171874172, 11.996920151090887], [79.42991224191155, 11.996829751369074], [79.42982041581779, 11.996829236311022], [79.42982093901458, 11.996738836589211], [79.4296372868989, 11.996737806383276], [79.42963624037057, 11.996918605808935], [79.4297280664913, 11.996919120938852], [79.42972702000789, 11.997099920373493], [79.42963519382428, 11.997099405234593], [79.42963571710192, 11.997009005521765], [79.42954389095425, 11.997008490364898], [79.42954441425884, 11.996918090661053], [79.4294525881471, 11.996917575477237], [79.42945311146966, 11.996827175764407], [79.42926945932703, 11.996826145315929], [79.42927050608891, 11.99664534591722], [79.4289950280771, 11.99664380004238], [79.42899450461081, 11.996734199728259], [79.42890267858891, 11.996733684373764], [79.42890215507771, 11.99682408405066], [79.42899398113555, 11.99682459941414], [79.4289934576513, 11.996914999100019], [79.42871797941491, 11.99691345291975], [79.42871850298, 11.996823053242855], [79.42853485090026, 11.996822022309285], [79.42853327999836, 11.997093221304043], [79.42834962774793, 11.997092190226743], [79.42835067514763, 11.996911390917866], [79.42844250120547, 11.996911906461007], [79.42844407217923, 11.996640707475233], [79.42853589815623, 11.996641222973459]], [[79.42853589815623, 11.996641222973459], [79.42862772413321, 11.996641738453718], [79.42862720054116, 11.996732138121631], [79.42853537452824, 11.996731622641372], [79.42853589815623, 11.996641222973459]], [[79.42872059722242, 11.996461454544251], [79.42872112077855, 11.996371054867355], [79.42899659846697, 11.996372600975757], [79.42899607500966, 11.996463000661636], [79.42872059722242, 11.996461454544251]], [[79.43028006939359, 11.996741411565058], [79.43028111547275, 11.996560612076516], [79.43046476753453, 11.996561641842277], [79.43046424455333, 11.996652041591037], [79.4303724184955, 11.996651526721633], [79.43037189547837, 11.996741926470394], [79.43028006939359, 11.996741411565058]]]}, "id": "+2936+7379", "properties": {"count": 1555, "water": 1}}, {"type": "Feature", "geometry": {"geodesic": false, "type": "Polygon", "coordinates": [[[79.43295555823995, 11.994586734829737], [79.4329576464367, 11.994225135331632], [79.43350859862453, 11.994228218403586], [79.43350703303167, 11.99449941809903], [79.4335988585056, 11.994499931854524], [79.43359677111734, 11.994861531451441], [79.4334131199359, 11.994860503886555], [79.4334136418481, 11.994770103994062], [79.43332181629332, 11.994769590166703], [79.43332286017161, 11.994588790390702], [79.4331392091968, 11.9945877626731], [79.43313868719477, 11.994678162547627], [79.4330468616849, 11.994677648639419], [79.43304738371388, 11.994587248764894], [79.43295555823995, 11.994586734829737]]]}, "id": "+2944+7363", "properties": {"count": 34, "water": 1}}, {"type": "Feature", "geometry": {"geodesic": false, "type": "Polygon", "coordinates": [[[79.43686095450884, 11.938197020932668], [79.43686354563641, 11.937745018901026], [79.43695535210199, 11.937745529162074], [79.43695587028617, 11.937655128748558], [79.43713948317242, 11.937656149180821], [79.43713844692083, 11.937836950025819], [79.43723025343132, 11.937837460197034], [79.43722714477535, 11.93837986272304], [79.43695172470487, 11.93837833202973], [79.43695276112715, 11.938197531211681], [79.43686095450884, 11.938197020932668]]]}, "id": "+2980+7989", "properties": {"count": 27, "water": 1}}, {"type": "Feature", "geometry": {"geodesic": false, "type": "Polygon", "coordinates": [[[79.44395099463907, 11.966713437333594], [79.44395254608347, 11.966442235751689], [79.44441162837566, 11.966444781208894], [79.44441111138624, 11.966535181757157], [79.444502927886, 11.966535690760564], [79.44450241092352, 11.966626091317808], [79.4446860440039, 11.966627109243774], [79.44468501017775, 11.966807910367248], [79.44422592721182, 11.96680536527835], [79.44422541014154, 11.96689576581763], [79.44404177692641, 11.966894747559289], [79.44404281118375, 11.966713946498697], [79.44395099463907, 11.966713437333594]]]}, "id": "+3061+7671", "properties": {"count": 28, "water": 1}}, {"type": "Feature", "geometry": {"geodesic": false, "type": "MultiPolygon", "coordinates": [[[[79.44532172408557, 11.903438488824527], [79.44532121019533, 11.903528889812963], [79.44504582420693, 11.903527371417589], [79.44504633818701, 11.903436970438134], [79.44532172408557, 11.903438488824527]]], [[[79.44651044181198, 11.90425867473581], [79.44660223744387, 11.904259180451383], [79.446600696923, 11.90453038357839], [79.44650890120127, 11.904529877844851], [79.44651044181198, 11.90425867473581]]], [[[79.44640169637204, 11.907241402815448], [79.44667708628607, 11.907242920348441], [79.44667759988886, 11.907152519324072], [79.44640221007363, 11.907151001800061], [79.44640323744987, 11.906970199769288], [79.44631144091966, 11.906969693874053], [79.44631195463023, 11.906879292858667], [79.44622015812698, 11.906878786945466], [79.44622067187349, 11.90678838593008], [79.44612887540616, 11.906787879989928], [79.44612836163269, 11.906878280996331], [79.44603656513841, 11.906877775011264], [79.44603605132902, 11.906968176017667], [79.44594425480778, 11.90696767000565], [79.44594374097144, 11.907058071003071], [79.44585194442327, 11.907057564955123], [79.44585143055099, 11.907147965943558], [79.44575963397585, 11.90714745986866], [79.44575912006765, 11.907237860857098], [79.44557552687247, 11.907236848599503], [79.44557809668301, 11.90678484369325], [79.44585348602213, 11.906786361971845], [79.44585451373972, 11.906605559985989], [79.4459463101352, 11.906606066006988], [79.44594682395356, 11.906515665009568], [79.44613041669061, 11.906516676961735], [79.44613247168563, 11.90615507292714], [79.44604067543389, 11.906154566978005], [79.44604170297183, 11.905973764965198], [79.44576631442324, 11.905972246974066], [79.44576682826856, 11.905881845976646], [79.44558323598967, 11.905880833835832], [79.44558374989788, 11.905790432847395], [79.44567554600589, 11.905790938931277], [79.44567605987815, 11.905700537933857], [79.44585965204925, 11.905701550002805], [79.44586016585865, 11.905611148996401], [79.44604375798482, 11.905612160930604], [79.44604324423831, 11.90570256194599], [79.44622683643635, 11.90570357376341], [79.4462278638126, 11.905522771732636], [79.44631965985772, 11.90552327759194], [79.44632017350541, 11.90543287656757], [79.4464119695236, 11.90543338239094], [79.44641351035888, 11.90516217930885], [79.44650530628722, 11.905162685096286], [79.44650479272038, 11.905253086129639], [79.44668838465792, 11.905254097614684], [79.4466894116838, 11.905073295530011], [79.44659761577344, 11.905072789814438], [79.44659812930435, 11.904982388772103], [79.44650633342991, 11.904981883029581], [79.44650736054564, 11.904801080953893], [79.44659915636618, 11.904801586696415], [79.44659966988812, 11.90471118565408], [79.4467832614753, 11.904712197031325], [79.4467842883934, 11.90453139493767], [79.4468760841331, 11.904531900572394], [79.44687659755621, 11.904441499521075], [79.44678480184346, 11.90444099388635], [79.44678634216672, 11.904169790741378], [79.44669454655279, 11.904169285088686], [79.44669506002083, 11.904078884037368], [79.44651146886483, 11.904077872660123], [79.44651198238675, 11.903987471617787], [79.44669557347987, 11.903988482995032], [79.44669608693893, 11.903898081943714], [79.44687967798713, 11.903899093195195], [79.4468801913743, 11.903808692134893], [79.44669660038899, 11.903807680892395], [79.44669711383905, 11.903717279841075], [79.44678890930028, 11.9037177854758], [79.44678942271442, 11.90362738442448], [79.44688121814868, 11.903627890014288], [79.44688378499477, 11.903175884712779], [79.44679198971322, 11.903175379140936], [79.4467925031004, 11.903084978080635], [79.44660891260017, 11.903083966847118], [79.44660839915909, 11.903174367898439], [79.44624121809575, 11.903172345045132], [79.44624070451992, 11.903262746078484], [79.44605711394782, 11.903261734467677], [79.4460566003091, 11.903352135492046], [79.44596480500958, 11.903351629641726], [79.44596429133495, 11.903442030666096], [79.44642326806611, 11.903444559657183], [79.44642275453519, 11.903534960690536], [79.4457801869265, 11.903531419873046], [79.44578070067301, 11.90344101885766], [79.44532172408557, 11.903438488824527], [79.44532223796683, 11.903348087827107], [79.44559762382049, 11.903349605926037], [79.44559813761191, 11.903259204919635], [79.44596531867525, 11.903261228617357], [79.44596583234092, 11.90317082760197], [79.44614942284115, 11.903171839257695], [79.44614993643494, 11.903081438233325], [79.44633352689026, 11.903082449763284], [79.44633404043014, 11.902992048729931], [79.44642583563086, 11.902992554445504], [79.44642634913482, 11.902902153403168], [79.44670173467406, 11.902903670370222], [79.44670224807922, 11.90281326930992], [79.44716122392106, 11.9028157969715], [79.44716071065963, 11.902906198049768], [79.44725250587831, 11.902906703495846], [79.44725199264384, 11.902997104574114], [79.44734378788947, 11.902997609993243], [79.44734327469092, 11.903088011071512], [79.44743506997247, 11.903088516472673], [79.4474345567919, 11.903178917550942], [79.44752635210939, 11.903179422925154], [79.44752583895577, 11.903269824012407], [79.4476176343092, 11.903270329350686], [79.44761609492019, 11.903541532630406], [79.44770789036343, 11.90354203795072], [79.44770275912366, 11.904446048877135], [79.44761096337497, 11.904445543511905], [79.44760788424662, 11.904987950008465], [79.44751608831828, 11.904987444589336], [79.44751352210999, 11.905439449971695], [79.44742172603792, 11.905438944498668], [79.44741761965011, 11.906162153043967], [79.44732582333549, 11.906161647517042], [79.44732274318307, 11.906704053878853], [79.44723094669776, 11.906703548298028], [79.44722837963607, 11.907155553554624], [79.44713658300705, 11.907155047928882], [79.44713555608895, 11.907335850022537], [79.44722735278984, 11.907336355657261], [79.44722632591666, 11.907517157759898], [79.44713452916186, 11.907516652107208], [79.44713350220783, 11.907697454200862], [79.4472252990255, 11.907697959853554], [79.44722478557544, 11.907788360904872], [79.44713298873081, 11.9077878552432], [79.44713093476885, 11.908149459412542], [79.44703913780745, 11.908148953705952], [79.44703862427653, 11.908239354739306], [79.44694682728817, 11.908238849005768], [79.4469458001455, 11.90841965106349], [79.44685400310324, 11.908419145285034], [79.44685348950046, 11.908509546318387], [79.44676169242227, 11.908509040504], [79.44676015149716, 11.908780243568126], [79.44666835433812, 11.908779737717806], [79.4466642447613, 11.909502945831914], [79.44675604216287, 11.909503451718166], [79.44675501479561, 11.909684253748939], [79.44666321733115, 11.909683747853702], [79.44666167614551, 11.909954950881895], [79.44675347369981, 11.909955456786115], [79.44675193256808, 11.910226659823289], [79.44666013492395, 11.910226153910088], [79.44665962117743, 11.910316554916491], [79.4464760258353, 11.91031554298229], [79.4464755120259, 11.91040594397971], [79.44620011895877, 11.910404425853828], [79.44619960504158, 11.910494826842266], [79.44601600962757, 11.910493814593654], [79.44601549565648, 11.910584215573108], [79.44574010246359, 11.91058269697112], [79.44573958839369, 11.910673097941592], [79.44555599289883, 11.910672085378568], [79.44555547876604, 11.910762486340056], [79.44518828769547, 11.910760460854686], [79.44518777343691, 11.910850861789225], [79.44509597564907, 11.910850355337033], [79.44509700422904, 11.910669553467958], [79.44528059968798, 11.910670566327424], [79.44528111390161, 11.910580165374919], [79.44518931620358, 11.910579658967643], [79.44518983045316, 11.910489258024123], [79.44509803278208, 11.910488751589899], [79.44509854705859, 11.910398350655361], [79.44564933293233, 11.910401388793584], [79.44564984702019, 11.910310987832096], [79.44574164464636, 11.910311494077675], [79.44574113059441, 11.910401895048146], [79.44592472592758, 11.910402907458455], [79.44592523991665, 11.910312506479], [79.44629243051111, 11.91031453094029], [79.44629397210997, 11.910043327965997], [79.44638576968222, 11.910043833986997], [79.44638628350958, 11.909953432989576], [79.44647808104591, 11.909953938983627], [79.44647859483734, 11.909863537986206], [79.44601960732638, 11.90986100773748], [79.4460221769842, 11.909409002822244], [79.4461139743229, 11.90940950891511], [79.44611500210338, 11.909228706938235], [79.44620679938818, 11.909229212986183], [79.44620782707884, 11.909048411000327], [79.44629962430973, 11.909048917012344], [79.44630013812811, 11.90895851600594], [79.44639193533206, 11.908959021991008], [79.44639296287897, 11.9087782199782], [79.44648476002904, 11.908778725927336], [79.44648784239132, 11.908236319861967], [79.4465796393617, 11.908236825748219], [79.44658118039463, 11.907965622693077], [79.44667297728417, 11.907966128543396], [79.4466740045526, 11.907785326494658], [79.44658220773493, 11.907784820662304], [79.4465827214006, 11.907694419637934], [79.44667451819132, 11.907694925470288], [79.44667503181206, 11.907604524445919], [79.44658323505728, 11.907604018622548], [79.44658477600036, 11.907332815558423], [79.4464929793354, 11.907332309708103], [79.44649246566075, 11.90742271072349], [79.44640066896885, 11.90742220484622], [79.44640169637204, 11.907241402815448]], [[79.44640477849178, 11.906698996714146], [79.44640580583209, 11.90651819467439], [79.44658939862302, 11.906519206330115], [79.44658837139949, 11.906700008387837], [79.44640477849178, 11.906698996714146]], [[79.44658631691651, 11.907061612485315], [79.44658785778773, 11.906790409412206], [79.44667965427303, 11.906790915208626], [79.44667811349163, 11.90706211829072], [79.44658631691651, 11.907061612485315]], [[79.44677093720944, 11.906881822002468], [79.4467714507673, 11.906791420969116], [79.44686324726159, 11.906791926702654], [79.44686273373067, 11.90688232774499], [79.44677093720944, 11.906881822002468]], [[79.44678120760317, 11.905073801218634], [79.44678223454822, 11.904892999124979], [79.4468740304047, 11.90489350477767], [79.44687300352253, 11.905074306880307], [79.44678120760317, 11.905073801218634]], [[79.44640940139291, 11.90588538752177], [79.44640837411548, 11.90606618957051], [79.44650017034925, 11.90606669539388], [79.44649965673749, 11.90615709641825], [79.44677504556456, 11.90615861371768], [79.44677401850274, 11.906339415793369], [79.44668222216117, 11.906338910050847], [79.44668170859431, 11.9064293110842], [79.44649811585728, 11.906428299491358], [79.44649862948701, 11.906337898466989], [79.44631503683082, 11.906336886766349], [79.44631606420707, 11.906156084735576], [79.44622426794635, 11.906155578849324], [79.44622478164794, 11.906065177833938], [79.44613298542316, 11.906064671920737], [79.44613452661777, 11.90579346888356], [79.44622632275274, 11.905793974787779], [79.44622580905113, 11.905884375803165], [79.44640940139291, 11.90588538752177]], [[79.44640940139291, 11.90588538752177], [79.44641094229108, 11.905614184448662], [79.44659453446218, 11.905615196023538], [79.44659402089533, 11.90570559705689], [79.44650222477834, 11.905705091278437], [79.44650171117556, 11.905795492311789], [79.44659350732849, 11.905795998090243], [79.44659299375265, 11.905886399123595], [79.44640940139291, 11.90588538752177]]], [[[79.44640221007363, 11.907151001800061], [79.44640169637204, 11.907241402815448], [79.44630989974301, 11.90724089691123], [79.44631041347155, 11.907150495895843], [79.44640221007363, 11.907151001800061]]], [[[79.44651146886483, 11.904077872660123], [79.44651044181198, 11.90425867473581], [79.44641864618008, 11.90425816899329], [79.44641967329581, 11.904077366917601], [79.44651146886483, 11.904077872660123]]]]}, "id": "+3087+8375", "properties": {"count": 788, "water": 1}}, {"type": "Feature", "geometry": {"geodesic": false, "type": "Polygon", "coordinates": [[[79.4463779735632, 11.959765815479697], [79.44637848960042, 11.959675414805671], [79.44647030387236, 11.95967592287483], [79.44647133587492, 11.95949512150881], [79.44656315009296, 11.959495629551018], [79.44656366605831, 11.959405228859026], [79.4466554802494, 11.959405736865302], [79.44665599617882, 11.95931533617331], [79.44656418201468, 11.959314828176016], [79.44656469797104, 11.959224427484024], [79.44665651209925, 11.959224935481316], [79.44665805985157, 11.958953733405338], [79.44684168793732, 11.958954749283144], [79.44684323547403, 11.958683547171232], [79.44693504943157, 11.958684055051744], [79.44693556523522, 11.958593654341785], [79.4470273791658, 11.958594162195348], [79.44702841070125, 11.958413360766446], [79.44693659683354, 11.958412852921867], [79.4469386599763, 11.95805125008203], [79.44703047372721, 11.95805175789966], [79.44703150520876, 11.95787095647076], [79.44712331890577, 11.957871464252458], [79.44712383461061, 11.957781063533515], [79.44749108930885, 11.95778309436386], [79.44749160488793, 11.957692693626951], [79.44758341854003, 11.957693201255935], [79.44758187187468, 11.957964403484628], [79.44767368562559, 11.957964911086663], [79.44767317009143, 11.958055311832554], [79.44776498387829, 11.958055819416622], [79.44776446837108, 11.958146220171498], [79.44785628219385, 11.958146727728616], [79.44785679766514, 11.958056326973741], [79.44794861146097, 11.958056834494927], [79.4479491268963, 11.957966433740053], [79.44785731313641, 11.957965926218867], [79.4478588595233, 11.957694723963225], [79.44804248687241, 11.957695738951697], [79.44803939442204, 11.958238143507897], [79.44794758056334, 11.95823763601366], [79.44794706511001, 11.958328036759552], [79.44776343734767, 11.958327021663282], [79.44776395286387, 11.95823662091739], [79.44767213902311, 11.958236113324338], [79.44767110792785, 11.958416914807138], [79.44776292183148, 11.958417422409173], [79.44776240630631, 11.958507823155065], [79.44785422024587, 11.95850833073015], [79.4478547357441, 11.958417929975274], [79.4480383635783, 11.95841894502663], [79.44803733270761, 11.958599746545362], [79.4481291466921, 11.958600254030616], [79.44812708503157, 11.958961857068081], [79.44821889914182, 11.958962364544352], [79.44821735294359, 11.959233566817959], [79.44830916715264, 11.959234074276264], [79.44830710561789, 11.959595677331697], [79.44839891994373, 11.959596184772034], [79.44839685847184, 11.959957787827467], [79.44848867292345, 11.95995829525882], [79.44848712686894, 11.960229497550394], [79.44857894141936, 11.960230004963783], [79.44857378791033, 11.96113401262033], [79.4484819730545, 11.96113350517101], [79.44848300385331, 11.960952703652275], [79.44839118906035, 11.960952196184989], [79.44839170447773, 11.960861795430114], [79.44811626022461, 11.960860272848588], [79.44811780673724, 11.960589070610913], [79.44802599207902, 11.960588563035829], [79.44802650761319, 11.960498162289937], [79.4479346929909, 11.960497654687902], [79.44793520854303, 11.960407253950994], [79.44784339395667, 11.960406746322011], [79.44784390953575, 11.960316345585102], [79.44775209498533, 11.96031583792917], [79.44775312619738, 11.960135036464335], [79.44766131170985, 11.960134528790435], [79.44766234296681, 11.959953727325601], [79.44775415739146, 11.9599542349995], [79.44775364179442, 11.960044635727426], [79.44802908518517, 11.960046158560479], [79.44803217812961, 11.959503754076145], [79.44784854956775, 11.959502738925975], [79.44784803402462, 11.959593139671867], [79.44775621971674, 11.959592632051866], [79.44775518855859, 11.959773433525683], [79.44757155984404, 11.959772418177884], [79.44757310675193, 11.959501215985124], [79.44748129248897, 11.959500708275293], [79.44748232380883, 11.959319906819442], [79.44720688122656, 11.959318383546215], [79.44720584972706, 11.959499184975115], [79.44711403548206, 11.959498677148503], [79.44711351969637, 11.959589077858462], [79.44702170542443, 11.959588569995915], [79.4470206737812, 11.95976937140685], [79.44692885944637, 11.959768863508373], [79.44692937530392, 11.959678462807396], [79.44683756100504, 11.959677954881968], [79.44683704512053, 11.959768355573962], [79.4463779735632, 11.959765815479697]], [[79.44711919310537, 11.958594670012978], [79.44712022457793, 11.958413868575093], [79.44748748012957, 11.958415899513238], [79.44748644889955, 11.958596700978072], [79.44739463494203, 11.958596193286205], [79.44739515059297, 11.958505792558281], [79.44730333667137, 11.958505284830482], [79.44730282099349, 11.958595685558407], [79.44711919310537, 11.958594670012978]], [[79.44739308797124, 11.958867395469982], [79.44739411929109, 11.95868659401413], [79.44748593327557, 11.95868710171498], [79.44748541765158, 11.958777502442906], [79.44757723167199, 11.958778010125789], [79.44757671606597, 11.958868410853714], [79.44739308797124, 11.958867395469982]]]}, "id": "+3100+7768", "properties": {"count": 351, "water": 1}}, {"type": "Feature", "geometry": {"geodesic": false, "type": "Polygon", "coordinates": [[[79.44853347327211, 11.919819284011474], [79.44853450036088, 11.919638481953752], [79.44862630125691, 11.919638987651359], [79.44862989574874, 11.91900618041789], [79.44899709849741, 11.919008202804072], [79.44899658512819, 11.919098603855392], [79.44908838586252, 11.919099109382318], [79.44908787252025, 11.919189510433636], [79.44917967328153, 11.919190015933614], [79.44918018658787, 11.91909961487331], [79.44927198732219, 11.919100120337355], [79.44927096076341, 11.919280922466942], [79.4494545623758, 11.919281933323166], [79.44945404915032, 11.91937233439245], [79.44954584998347, 11.919372839775647], [79.4495448235864, 11.9195536419232], [79.44945302268138, 11.919553136531022], [79.44945250944691, 11.919643537591323], [79.44936070851494, 11.919643032163211], [79.44936019524455, 11.919733433223515], [79.44926839429462, 11.919732927768454], [79.44926736767296, 11.919913729880074], [79.44908376565634, 11.91991271885317], [79.44908325227813, 11.920003119895506], [79.44899145124735, 11.920002614332649], [79.4489919646525, 11.919912213290312], [79.44871656167697, 11.919910696431057], [79.44871707517196, 11.919820295397704], [79.44853347327211, 11.919819284011474]], [[79.44899504501156, 11.919369807009348], [79.44899555838975, 11.91927940595803], [79.44908735917798, 11.919279911484956], [79.44908684582673, 11.919370312545258], [79.44899504501156, 11.919369807009348]]]}, "id": "+3108+8196", "properties": {"count": 78, "water": 1}}, {"type": "Feature", "geometry": {"geodesic": false, "type": "Polygon", "coordinates": [[[79.44906885780877, 11.890169732585397], [79.44906936986645, 11.890079331345431], [79.44934474285623, 11.890080844117353], [79.44934371891155, 11.890261646624232], [79.44943550998, 11.890262150830635], [79.44943448608024, 11.890442953337516], [79.44934269495788, 11.89044244912213], [79.44934218297207, 11.890532850371077], [79.44943397413036, 11.890533354586463], [79.4494324382358, 11.89080455834229], [79.44952422948393, 11.890805062548694], [79.44952320560213, 11.890985865055574], [79.44961499691313, 11.890986369235026], [79.44961294921242, 11.89134797425777], [79.44970474065818, 11.891348478419257], [79.4497042287532, 11.891438879677189], [79.44952064581679, 11.891437871309298], [79.44951962186313, 11.891618673807196], [79.4497949964609, 11.891620186345556], [79.44979192507601, 11.892162593893143], [79.4497001333518, 11.892162089722673], [79.4497006452927, 11.892071688473726], [79.44951706193407, 11.892070680051937], [79.44951603792651, 11.89225148254085], [79.4494242461933, 11.892250978271566], [79.44942373415358, 11.89234137951153], [79.44933194239343, 11.892340875215297], [79.44933245446009, 11.89225047397533], [79.44924066273586, 11.892249969652147], [79.44924117482947, 11.892159568421166], [79.4491493831322, 11.892159064071032], [79.44915040737331, 11.891978261609069], [79.44924219900771, 11.891978765950219], [79.44924271108336, 11.891888364719236], [79.4493345026908, 11.891888869024454], [79.44933501473949, 11.891798467784488], [79.44924322316798, 11.891797963479272], [79.44924475937695, 11.89152675976836], [79.44933655085863, 11.891527264064592], [79.4493375749201, 11.891346461584662], [79.44942936634787, 11.89134696583598], [79.44943039032849, 11.891166163338085], [79.4493385989546, 11.89116565909575], [79.44934064698768, 11.890804054108939], [79.44924885574855, 11.890803549848638], [79.44925192785207, 11.890261142381897], [79.4491601367926, 11.890260638121596], [79.44916064882332, 11.890170236872647], [79.44906885780877, 11.890169732585397]], [[79.44951859790947, 11.891799476305092], [79.4495191098863, 11.891709075056143], [79.44961090144884, 11.891709579271529], [79.44961038948998, 11.891799980520478], [79.44951859790947, 11.891799476305092]]]}, "id": "+3110+8516", "properties": {"count": 77, "water": 1}}, {"type": "Feature", "geometry": {"geodesic": false, "type": "Polygon", "coordinates": [[[79.4500145012738, 11.966114172249604], [79.45001759188263, 11.96557176747781], [79.45010940830154, 11.96557227461272], [79.45010992335959, 11.965481873803945], [79.45020173975155, 11.965482380902923], [79.45020122472944, 11.965572781711698], [79.45056849047695, 11.965574809820149], [79.45056540096408, 11.96611721472669], [79.45065721759859, 11.966117721699904], [79.45065670269325, 11.966208122526643], [79.4505648860318, 11.966207615544446], [79.4505643710995, 11.966298016362204], [79.45028892105225, 11.966296495226967], [79.45028943607437, 11.966206094427177], [79.45010580279636, 11.966205080193287], [79.45010631788136, 11.96611467940248], [79.4500145012738, 11.966114172249604]]]}, "id": "+3124+7682", "properties": {"count": 46, "water": 1}}, {"type": "Feature", "geometry": {"geodesic": false, "type": "Polygon", "coordinates": [[[79.44965862867937, 11.980215165110907], [79.44966120790424, 11.97976316166891], [79.4497530291022, 11.97976366951349], [79.44975354490585, 11.979673268821497], [79.44984536607686, 11.97967377662116], [79.44984588184457, 11.979583375929169], [79.4499377029976, 11.979583883701883], [79.4499382187294, 11.979493482991924], [79.4500300398465, 11.979493990737689], [79.45003055554236, 11.97940359002773], [79.45030601883977, 11.979405113049427], [79.45030498761874, 11.979585914487313], [79.45039680878075, 11.979586422107314], [79.45039629320168, 11.97967682283524], [79.45048811439963, 11.97967733042829], [79.45048656770733, 11.979948532603084], [79.45030292513175, 11.979947517363081], [79.45030240949879, 11.980037918073041], [79.45002694556356, 11.980036394970494], [79.45002642983178, 11.980126795671469], [79.44975096585165, 11.98012527228146], [79.44975045003004, 11.980215672973454], [79.44965862867937, 11.980215165110907]]]}, "id": "+3126+7528", "properties": {"count": 51, "water": 1}}, {"type": "Feature", "geometry": {"geodesic": false, "type": "Polygon", "coordinates": [[[79.45165750901393, 12.016116408123434], [79.45184117619435, 12.016117425501426], [79.45184065946543, 12.016207826049689], [79.45193249309607, 12.016208334693768], [79.45193197640309, 12.016298735242032], [79.45202381006067, 12.016299243868145], [79.45202277671962, 12.016480044973653], [79.45211461044906, 12.016480553572817], [79.45211254382984, 12.016842155801799], [79.45220437768505, 12.016842664382997], [79.45220076116652, 12.0174754682927], [79.45192525897207, 12.017473942369442], [79.45192629247482, 12.0172931412819], [79.45174262448592, 12.017292123867977], [79.4517431412867, 12.017201723328697], [79.45165130733267, 12.017201214576819], [79.4516518241604, 12.017110814046523], [79.4513763224151, 12.017109287629191], [79.45137580549753, 12.017199688150505], [79.45128397155248, 12.017199179281846], [79.45128448850598, 12.017108778760532], [79.45110082070572, 12.017107760942366], [79.45110288871734, 12.016746158884064], [79.45101105494297, 12.01674564994354], [79.45101208898471, 12.016564848927864], [79.45092025527323, 12.01656433996039], [79.45092180639423, 12.016293138441368], [79.45082997279054, 12.016292629455927], [79.45083100691313, 12.016111828449233], [79.45073917336335, 12.016111319445827], [79.45074020753086, 12.015930518439134], [79.45083204101776, 12.015931027433558], [79.45083255806108, 12.015840626930212], [79.45119989191888, 12.015842662593492], [79.45119937499233, 12.015933063114806], [79.4512912084972, 12.015933571956516], [79.45129069160659, 12.016023972486812], [79.45165802578776, 12.016026007584156], [79.45165750901393, 12.016116408123434]], [[79.45165750901393, 12.016116408123434], [79.45165699223111, 12.016206808662714], [79.45156515860945, 12.016206299928802], [79.45156567542821, 12.016115899389522], [79.45165750901393, 12.016116408123434]], [[79.45165285780688, 12.016930012967965], [79.4516538914354, 12.01674921189839], [79.4517457252457, 12.016749720632301], [79.45174469167108, 12.01693052171086], [79.45165285780688, 12.016930012967965]], [[79.45165440824516, 12.01665881135911], [79.4516554418557, 12.01647801028055], [79.45174727555822, 12.01647851900548], [79.45174675879336, 12.01656891954476], [79.45183859254078, 12.016569428233755], [79.45183807579389, 12.016659828782018], [79.45165440824516, 12.01665881135911]]]}, "id": "+3138+7125", "properties": {"count": 163, "water": 1}}, {"type": "Feature", "geometry": {"geodesic": false, "type": "Polygon", "coordinates": [[[79.45202589451145, 11.983753990047967], [79.45202692495094, 11.983573188511269], [79.45211874754129, 11.98357369573601], [79.4521192627251, 11.983483294963168], [79.45230290785189, 11.98348430931384], [79.45230393809375, 11.983303507759173], [79.45239576060324, 11.983304014876117], [79.45239679075527, 11.983123213312469], [79.45258043566646, 11.983124227447542], [79.4525809506796, 11.983033826656735], [79.45267277310825, 11.983034333674864], [79.45267328808545, 11.982943932875074], [79.45276511048714, 11.982944439866253], [79.45276665530197, 11.982673237448916], [79.45285847762281, 11.98267374439518], [79.45286053719026, 11.982312141160085], [79.45295235939433, 11.98231264805245], [79.45295287424577, 11.982222247243676], [79.4530446964139, 11.982222754109092], [79.45304418158942, 11.98231315492685], [79.45313600380246, 11.982313661765316], [79.45313497420739, 11.982494463409813], [79.4532267964833, 11.982494970230313], [79.45322576693314, 11.98267577187481], [79.45331758926298, 11.982676278668361], [79.45331655975772, 11.98285708032184], [79.4534083821684, 11.982857587097424], [79.45340683796444, 11.983128789586628], [79.45349866046494, 11.983129296344247], [79.45349557213784, 11.983671701331636], [79.453587394827, 11.983672208080272], [79.45358173284457, 11.984666617210346], [79.45367355587508, 11.984667123967963], [79.45367252642374, 11.984847925630426], [79.45330523410405, 11.984845898375376], [79.4533057489465, 11.984755497557618], [79.45284663379394, 11.98475296283528], [79.4528471487891, 11.98466256203549], [79.4526635028179, 11.984661547945331], [79.45266453291605, 11.9844807463727], [79.45238906417484, 11.984479225030851], [79.45239009443468, 11.984298423476185], [79.45220644875094, 11.98429740910755], [79.45220747911857, 11.98411660757085], [79.45211565634857, 11.984116100355092], [79.45211771716467, 11.983754497281693], [79.45202589451145, 11.983753990047967]]]}, "id": "+3156+7497", "properties": {"count": 302, "water": 1}}, {"type": "Feature", "geometry": {"geodesic": false, "type": "MultiPolygon", "coordinates": [[[[79.45387699579238, 12.013416589296934], [79.45387751170384, 12.013326188649858], [79.45378567897151, 12.013325680760362], [79.4537877427341, 12.012964078154088], [79.45369591012754, 12.012963570246626], [79.45369797393504, 12.012601967649335], [79.45360614145424, 12.01260145973289], [79.45360665742858, 12.012511059085814], [79.45351482498373, 12.01251055114242], [79.4535158569773, 12.012329749848265], [79.45342402459534, 12.012329241886905], [79.45342608866333, 12.011967639316563], [79.45351792091955, 12.01196814726894], [79.45352050075529, 12.011516144015589], [79.45342866865178, 12.011515636090161], [79.45342970061841, 12.011334834796006], [79.4533378685778, 12.01133432684363], [79.45333890058036, 12.011153525549474], [79.45324706861162, 12.011153017579131], [79.45324758463984, 12.011062616932055], [79.45315575269804, 12.01106210893476], [79.45315781689182, 12.010700506382385], [79.45324964871683, 12.010701014361713], [79.45325119672967, 12.010429812429464], [79.45279203813458, 12.010427272263335], [79.45279307043357, 12.010246471005114], [79.45288490207894, 12.010246979092239], [79.45288541818802, 12.010156578463128], [79.4529772498154, 12.010157086514319], [79.4529782819617, 12.009976285238132], [79.45288645039719, 12.009975777195923], [79.45288748258841, 12.009794975928719], [79.45279565109576, 12.00979446785956], [79.45279668333188, 12.009613666601338], [79.45270485190213, 12.009613158514213], [79.45270536803815, 12.009522757885103], [79.45261353664432, 12.00952224977103], [79.45261508514224, 12.009251047892679], [79.45279874775024, 12.00925206406693], [79.45279823165015, 12.00934246469604], [79.45298189433899, 12.00934348076249], [79.45298241037621, 12.009253080115414], [79.45334973568202, 12.009255111862041], [79.45335025159348, 12.009164711196998], [79.45344208289748, 12.009165219059545], [79.45344311464852, 12.008984417729458], [79.45335128339842, 12.008983909884877], [79.45335179930089, 12.008893509219835], [79.45325996808671, 12.008893001348305], [79.45326048401614, 12.008802600692245], [79.4531686528379, 12.008802092784784], [79.45317174848627, 12.008259688857406], [79.45335541047443, 12.008260704582497], [79.45335592634096, 12.008170303917455], [79.45344775731259, 12.008170811726101], [79.4534487889648, 12.007990010387031], [79.45372428171798, 12.007991533624326], [79.4537237659772, 12.008081934307336], [79.45399925885614, 12.008083457284119], [79.45399771190331, 12.008354659360098], [79.45408954296477, 12.008355166971114], [79.45408851169883, 12.008535968364084], [79.45418034283215, 12.008536475948151], [79.45417982722613, 12.008626876649128], [79.45445532071591, 12.008628399239635], [79.45444964977729, 12.009622807013253], [79.45435781827565, 12.0096222994741], [79.4543567870726, 12.00980310086707], [79.45444861864608, 12.009803608424189], [79.4544439783356, 12.010617214715007], [79.45435214649261, 12.010616707121955], [79.45435163085065, 12.010707107813948], [79.45444346272059, 12.010707615406998], [79.45444294710559, 12.010798016107975], [79.45435111520871, 12.01079750850594], [79.45434802124917, 12.011339912648914], [79.45425618916363, 12.011339404992981], [79.45425515775396, 12.011520206359], [79.45416332561453, 12.011519698676118], [79.45416177836526, 12.01179090070718], [79.454069946136, 12.011790392979382], [79.45406891456463, 12.01197119431845], [79.45397708228147, 12.01197068655472], [79.45397656645086, 12.012061087219763], [79.45388473414076, 12.0120605794201], [79.45388370241666, 12.012241380750186], [79.45379187004367, 12.012240872905606], [79.45378929050439, 12.012692876185907], [79.45388112303009, 12.012693384048454], [79.45388009124312, 12.012874185369556], [79.45397192383172, 12.012874693205154], [79.45396882856063, 12.013417097159481], [79.45387699579238, 12.013416589296934]]], [[[79.45387699579238, 12.013416589296934], [79.45387647986297, 12.013506989952996], [79.45378464706776, 12.0135064820635], [79.45378516302414, 12.01341608140744], [79.45387699579238, 12.013416589296934]]]]}, "id": "+3165+7212", "properties": {"count": 595, "water": 1}}, {"type": "Feature", "geometry": {"geodesic": false, "type": "Polygon", "coordinates": [[[79.45346777046558, 11.988553345238984], [79.45346983026658, 11.988191742048805], [79.45356165448288, 11.988192248986085], [79.45356371409525, 11.987830645768957], [79.45365553818577, 11.987831152670305], [79.4536560530462, 11.987740751861532], [79.45374787711876, 11.987741258726947], [79.45374839194325, 11.987650857909191], [79.45384021598886, 11.987651364738674], [79.45384278990468, 11.987199360640906], [79.45393461379759, 11.987199867425474], [79.45393512854123, 11.987109466598733], [79.45402695240718, 11.987109973338384], [79.45402849651234, 11.98683877084918], [79.45412032029743, 11.986839277552901], [79.45412134961404, 11.986658475881454], [79.45421317333626, 11.98665898254924], [79.45421111480186, 11.9870205859101], [79.45430293864985, 11.987021092559921], [79.4543019094141, 11.98720189424035], [79.45439373333394, 11.987202400872205], [79.4543927041431, 11.987383202561617], [79.45448452812583, 11.987383709175504], [79.45448401355287, 11.98747411002021], [79.45457583756254, 11.987474616598165], [79.45457377936953, 11.98783622000394], [79.45466560350496, 11.987836726572914], [79.45466097258188, 11.988650334220186], [79.45429367495315, 11.988648307629889], [79.4542941896339, 11.988557906794165], [79.4543860140029, 11.988558413479918], [79.45438652865671, 11.988468012644194], [79.45383558266727, 11.98846497208052], [79.4538350678338, 11.988555372898277], [79.45374324348276, 11.988554866023877], [79.45374221374395, 11.988735667641425], [79.45355856494305, 11.988734653793813], [79.45355959480763, 11.988553852194231], [79.45346777046558, 11.988553345238984]]]}, "id": "+3169+7448", "properties": {"count": 169, "water": 1}}, {"type": "Feature", "geometry": {"geodesic": false, "type": "Polygon", "coordinates": [[[79.45532190159328, 11.969307573014076], [79.45532600939144, 11.968584364998783], [79.45541782705902, 11.968584870516727], [79.45541936732837, 11.968313667488534], [79.45551118490611, 11.968314172970544], [79.45551272504072, 11.968042969924385], [79.45560454253761, 11.96804347536148], [79.45560916243836, 11.967229866151138], [79.45551734521995, 11.967229360749975], [79.45551837187755, 11.967048558701237], [79.45570200620658, 11.967049569458645], [79.45570149293617, 11.967139970491997], [79.45579331013661, 11.967140475830279], [79.45579228364971, 11.967321277896984], [79.45588410091304, 11.967321783217297], [79.45588358769653, 11.96741218425065], [79.4559754049958, 11.967412689535031], [79.45597489179725, 11.967503090577367], [79.45606670913246, 11.96750359584378], [79.45606619596985, 11.967593996886118], [79.45615801333199, 11.967594502125582], [79.45615750019634, 11.967684903167918], [79.45624931759441, 11.967685408380433], [79.45624880448571, 11.967775809431753], [79.45634062191972, 11.96777631461732], [79.45633908264749, 11.968047517771275], [79.45643090018032, 11.968048022938875], [79.45642987403477, 11.968228825050497], [79.45652169163048, 11.968229330191146], [79.45652117858465, 11.96831973125145], [79.4566129962163, 11.968320236374133], [79.45661197017854, 11.968501038494738], [79.45670378787307, 11.968501543590472], [79.45670173585147, 11.968863147840665], [79.45679355368073, 11.968863652927416], [79.45679252770586, 11.969044455057004], [79.45688434558903, 11.969044960116806], [79.45688331965907, 11.969225762246392], [79.45697513761411, 11.969226267288228], [79.45697411172907, 11.969407069426799], [79.45706592975597, 11.969407574441686], [79.4570643909868, 11.969678777667507], [79.45715620910353, 11.969679282664428], [79.45715518329935, 11.96986008481198], [79.45724700147896, 11.969860589790935], [79.45724597571969, 11.970041391947472], [79.45733779396218, 11.970041896899476], [79.45733676824783, 11.970222699056013], [79.45742858655319, 11.97022320399005], [79.45742807372297, 11.970313605077303], [79.45733625538166, 11.970313100143265], [79.45732651017897, 11.972030720549515], [79.4574183290952, 11.972031225555419], [79.45741730326407, 11.972212027693988], [79.45750912224318, 11.972212532681926], [79.45750809644798, 11.97239333482948], [79.45759991549896, 11.97239383979945], [79.45759888975765, 11.972574641955987], [79.45769070887151, 11.972575146899008], [79.45768968316614, 11.972755949055545], [79.45778150234288, 11.972756453971616], [79.45778098952162, 11.972846855058869], [79.45787280873431, 11.972847359947991], [79.45787178312774, 11.973028162122494], [79.4579636024033, 11.973028666993649], [79.45796206405635, 11.973299870255405], [79.45805388343072, 11.973300375117578], [79.45805183236132, 11.973661979475567], [79.4579600128612, 11.97366147460441], [79.45796052566448, 11.973571073517158], [79.45777688674505, 11.973570063693998], [79.4577773996112, 11.97347966261573], [79.45786921903948, 11.973480167540785], [79.45787024468197, 11.973299365375265], [79.45777842531659, 11.973298860459193], [79.45777893816478, 11.973208459380926], [79.45768711883532, 11.973207954437903], [79.45768814457664, 11.973027152290351], [79.45759632531006, 11.973026647329363], [79.45759683820317, 11.972936246251095], [79.45750501897253, 11.972935741263157], [79.45750604481265, 11.972754939124586], [79.4574142256449, 11.972754434109701], [79.45741473859191, 11.972664033049398], [79.45732291946007, 11.972663528007562], [79.45732343243404, 11.97257312694726], [79.45723161333814, 11.972572621878475], [79.45723879492866, 11.971307006971363], [79.45714697626396, 11.971306501929527], [79.4571480022029, 11.971125699799941], [79.45705618360108, 11.97112519474014], [79.457056696593, 11.971034793679836], [79.45714851516787, 11.971035298739638], [79.45715005402687, 11.970764095531782], [79.45705823554184, 11.970763590489947], [79.45705977446372, 11.970492387291074], [79.45696795607749, 11.970491882231272], [79.45696846906941, 11.970401481161987], [79.45687665071912, 11.970400976075235], [79.456877163738, 11.970310575014933], [79.45678534542364, 11.970310069901233], [79.45678637151529, 11.970129267789611], [79.45669455326382, 11.97012876264896], [79.45669506633658, 11.970038361597641], [79.45651142990549, 11.970037351244475], [79.45651091677883, 11.97012775228681], [79.45632728030282, 11.970126741798898], [79.45632779349238, 11.970036340765544], [79.45623597529479, 11.970035835481164], [79.4562364885113, 11.969945434447812], [79.45614467034964, 11.969944929136481], [79.45614518359311, 11.969854528103129], [79.45596154734167, 11.969853517408602], [79.45596206063904, 11.969763116384232], [79.45577842445947, 11.969762105563943], [79.4557789378197, 11.969671704548556], [79.45568711976586, 11.969671199102478], [79.45568763315305, 11.969580798087092], [79.45559581513513, 11.969580292614065], [79.45559632854028, 11.969489891607662], [79.4555045105583, 11.969489386107684], [79.45550502399938, 11.969398985101282], [79.45541320604434, 11.969398479574355], [79.45541371951238, 11.969308078567952], [79.45532190159328, 11.969307573014076]]]}, "id": "+3184+7665", "properties": {"count": 484, "water": 1}}, {"type": "Feature", "geometry": {"geodesic": false, "type": "Polygon", "coordinates": [[[79.45907527546359, 11.9063165140447], [79.45907578492513, 11.906226112481342], [79.45944297233058, 11.906228119129041], [79.45944348166637, 11.906137717547715], [79.45962707532867, 11.906138720678427], [79.45962809388345, 11.90595791749781], [79.45953629711069, 11.905957415959405], [79.45953680641054, 11.905867014369097], [79.45944500966473, 11.905866512794757], [79.45944551899153, 11.905776111213433], [79.45935372229064, 11.905775609612144], [79.45935423164438, 11.905685208039802], [79.45999680844285, 11.9056887185661], [79.459997317581, 11.905598316957827], [79.46008911425494, 11.905598818334536], [79.46008962334818, 11.905508416726262], [79.46018141999518, 11.905508918067039], [79.46018192906146, 11.905418516449782], [79.46036552231054, 11.905419519050486], [79.46036603131395, 11.905329117424246], [79.46054962450913, 11.905330119890204], [79.46055013344964, 11.90523971825498], [79.46073372659991, 11.905240720595174], [79.46073423547755, 11.90515031895995], [79.46082603202572, 11.905150820076148], [79.46082654086744, 11.905060418431942], [79.46091833739766, 11.90506091952119], [79.4609178285829, 11.90515132117438], [79.46146860802469, 11.905154327099018], [79.46146809938959, 11.905244728770175], [79.46155989600963, 11.905245229661794], [79.4615604046088, 11.905154827981654], [79.4616522012019, 11.90515532883734], [79.46165169262969, 11.90524573051748], [79.46183528588773, 11.905246732139021], [79.4618347773784, 11.905337133828144], [79.46192657404336, 11.905337634602983], [79.46192606555199, 11.905428036292106], [79.46220145566366, 11.905429538436957], [79.46220094726213, 11.905519940144046], [79.46229274400794, 11.905520440802103], [79.46229223563336, 11.905610842509192], [79.4623840324061, 11.9056113431403], [79.46238352406746, 11.905701744856373], [79.46247532087615, 11.905702245460532], [79.46247481255546, 11.905792647176604], [79.46256660940008, 11.905793147753814], [79.46256508450091, 11.90606435290203], [79.46274867838778, 11.906065354002548], [79.46274715364132, 11.906336559168732], [79.4628389506746, 11.906337059683059], [79.46283844244374, 11.906427461408114], [79.46293023952192, 11.906427961895492], [79.46292973131801, 11.906518363620547], [79.46311332553728, 11.906519364523437], [79.46311281739625, 11.906609766257475], [79.4632046145463, 11.906610266664003], [79.46320410642325, 11.906700668407025], [79.46311230924624, 11.906700167991513], [79.46310824390245, 11.907423381845856], [79.46320004132201, 11.907423882288317], [79.46319902500403, 11.907604685756395], [79.46329082248646, 11.907605186171907], [79.46329031435441, 11.907695587914928], [79.46347390939114, 11.907696588674087], [79.46347289323485, 11.907877392160131], [79.46356469082508, 11.907877892503777], [79.46356367470473, 11.908058695989821], [79.46338007941648, 11.908057695257611], [79.46337906316138, 11.908238498734672], [79.46328726546335, 11.908237998310176], [79.46328675729538, 11.908328400044214], [79.4631949595704, 11.90832789959277], [79.46319394317158, 11.90850870304288], [79.46291854982599, 11.908507201481934], [79.46291905811972, 11.908416799765861], [79.46273546264283, 11.908415798584494], [79.46273495429519, 11.908506200291583], [79.4626431565253, 11.908505699651492], [79.46264264814172, 11.908596101358581], [79.46245905256602, 11.908595099979586], [79.46245854411059, 11.90868550167769], [79.46227494849894, 11.90868450017293], [79.46227443998062, 11.90877490185307], [79.4619990464913, 11.908773399366858], [79.46199853787417, 11.908863801038015], [79.46144775083262, 11.908860795221175], [79.46144724203583, 11.908951196874366], [79.4613554441761, 11.908950695794099], [79.46135595300883, 11.908860294149893], [79.46126415518505, 11.908859793051661], [79.46126568173712, 11.90858858811904], [79.46108208628718, 11.90858758585071], [79.46108157738259, 11.908677987485934], [79.46089798188773, 11.908676985082858], [79.4608984908552, 11.908586583456618], [79.46080669314819, 11.908586082214656], [79.46080720214262, 11.908495680588414], [79.46044001145832, 11.908493675342088], [79.46044052056952, 11.908403273733814], [79.46034872294337, 11.908402772357105], [79.46034923208151, 11.90831237074883], [79.4602574344823, 11.908311869336188], [79.4602599802629, 11.907859861321764], [79.46007638539686, 11.907858858451565], [79.46007536696784, 11.908039661650148], [79.45998356947644, 11.90803916016564], [79.45998306023048, 11.908129561755949], [79.45989126271212, 11.908129060235508], [79.45989177199401, 11.9080386586452], [79.45970817702914, 11.908037655523472], [79.45970766769337, 11.908128057104797], [79.45961587019298, 11.908127555494525], [79.45961688891843, 11.907946752340859], [79.45952509148093, 11.907946250712621], [79.4595256008706, 11.90785584914028], [79.45943380346903, 11.907855347476108], [79.45943431288566, 11.90776494591275], [79.45934251551103, 11.90776444422163], [79.4593430249546, 11.907674042658272], [79.45925122761591, 11.907673540949185], [79.45925377492364, 11.907221533123408], [79.45934557210064, 11.907222034814529], [79.45934608152626, 11.907131633242187], [79.45925428436722, 11.90713113156005], [79.4592568315492, 11.906679123716307], [79.45934862854654, 11.906679625380479], [79.45934811914788, 11.90677002695282], [79.45943991619012, 11.906770528599024], [79.45944042555286, 11.9066801270177], [79.45953222256816, 11.90668062862797], [79.45953425986637, 11.906319022293687], [79.45907527546359, 11.9063165140447]], [[79.4597142887621, 11.90695283651164], [79.45971479804399, 11.906862434930314], [79.45980659513116, 11.906862936450755], [79.45980608587622, 11.906953338041063], [79.4597142887621, 11.90695283651164]], [[79.45971938141925, 11.906048820608559], [79.45972039989319, 11.90586801741896], [79.45981219664797, 11.905868518903468], [79.459812705849, 11.905778117304175], [79.45990450257685, 11.90577861875275], [79.45990399340276, 11.905869020352041], [79.46008758692133, 11.905870023168342], [79.46008656868995, 11.906050826393875], [79.4601783655166, 11.9060513277616], [79.46017785642336, 11.906141729369876], [79.46026965328595, 11.906142230719636], [79.46026914421068, 11.906232632336893], [79.45999375355105, 11.906231128197781], [79.45999426270717, 11.90614072659849], [79.45981066900893, 11.90613972370134], [79.45981117822794, 11.90604932210205], [79.45971938141925, 11.906048820608559]], [[79.46090358031434, 11.907682567149294], [79.46090408923689, 11.907592165514071], [79.46108768400413, 11.907593167818332], [79.46108666627579, 11.907773971106746], [79.46099486882929, 11.907773469954616], [79.4609953777249, 11.907683068319391], [79.46090358031434, 11.907682567149294]], [[79.4623819989976, 11.90597294997764], [79.46238250735422, 11.90588254827055], [79.4624743042258, 11.905883048883693], [79.46247379589613, 11.905973450599765], [79.4623819989976, 11.90597294997764]]]}, "id": "+3237+8351", "properties": {"count": 1340, "water": 1}}, {"type": "Feature", "geometry": {"geodesic": false, "type": "Polygon", "coordinates": [[[79.46043705920802, 12.02258356974868], [79.4604375733498, 12.022493168877023], [79.46052940947774, 12.022493674951921], [79.4605299235746, 12.022403274071282], [79.46071359579456, 12.022404286140231], [79.4607130817516, 12.022494687029853], [79.46089675404345, 12.02249569898202], [79.46089624006338, 12.022586099880625], [79.46107991243605, 12.022587111716012], [79.46107939850988, 12.0226775126236], [79.46144674342592, 12.022679535953014], [79.46144622961654, 12.022769936869587], [79.4619054110019, 12.022772465384566], [79.46190489734522, 12.022862866319104], [79.46208856999638, 12.022863877516686], [79.4620880563936, 12.022954278460208], [79.46227172911662, 12.022955289549992], [79.46227121557672, 12.023045690502496], [79.46245488837162, 12.0230467014755], [79.46245437488562, 12.023137102436987], [79.46263804777034, 12.02313811329321], [79.46263753433824, 12.023228514263682], [79.46291304378211, 12.023230030341404], [79.46291253043984, 12.023320431320856], [79.46300436696305, 12.023320936623204], [79.46300385364773, 12.023411337602658], [79.46309569019789, 12.023411842878057], [79.46309517690952, 12.023502243857509], [79.46327885009967, 12.02350325433644], [79.4632783368652, 12.023593655324877], [79.46337017349622, 12.023594160519426], [79.46336966028869, 12.023684561507864], [79.46346149695563, 12.023685066675464], [79.46346098377505, 12.023775467672882], [79.46364465717181, 12.023776477927235], [79.46364414405413, 12.023866878933639], [79.46263394022371, 12.023861321003077], [79.46263342676465, 12.023951721964563], [79.4625415900528, 12.023951216509502], [79.4625426170248, 12.02377041459551], [79.46235894372685, 12.023769403622508], [79.46235945727574, 12.023679002670002], [79.46217578404965, 12.023677991580218], [79.46217629765243, 12.023587590636696], [79.46190078794805, 12.023586073786424], [79.4619018153243, 12.02340527192633], [79.46171814232278, 12.023404260558069], [79.4617186560693, 12.023313859632514], [79.46162681960897, 12.023313353907959], [79.46162733337344, 12.023222952982403], [79.46153549694905, 12.023222447230898], [79.46153601074047, 12.023132046314327], [79.46135233796355, 12.023131034730469], [79.46135285181786, 12.02304063382288], [79.46126101546533, 12.023040127981544], [79.46126152934659, 12.022949727073955], [79.46116969302999, 12.022949221214652], [79.46117020692921, 12.022858820307064], [79.46098653436789, 12.02285780850761], [79.4609875622921, 12.0226770067104], [79.4607120536657, 12.022675488800115], [79.46071256770865, 12.022585087919476], [79.46062073154476, 12.022584581889493], [79.46062021746589, 12.022674982770132], [79.46052838126606, 12.022674476713199], [79.46052889537191, 12.02258407583256], [79.46043705920802, 12.02258356974868]]]}, "id": "+3242+7053", "properties": {"count": 166, "water": 1}}, {"type": "Feature", "geometry": {"geodesic": false, "type": "Polygon", "coordinates": [[[79.46078276572109, 11.912834957866435], [79.46078378409622, 11.912654154676835], [79.46105918133152, 11.912655658842896], [79.46105969042476, 11.912565257225639], [79.4612432885427, 11.912566259844311], [79.46124379756408, 11.912475858227053], [79.46133559660059, 11.912476359486982], [79.46133508760617, 11.912566761113222], [79.46142688667861, 11.912567262346201], [79.46142586873468, 11.9127480655897], [79.46133406960834, 11.912747564347738], [79.46133356059595, 11.912837965973978], [79.46124176144265, 11.912837464696084], [79.46124125240331, 11.91292786631334], [79.46114945321409, 11.912927364999513], [79.46114894413881, 11.913017766607789], [79.46096534572443, 11.913016763899284], [79.46096483658627, 11.913107165498577], [79.46087303735213, 11.913106664085934], [79.46087456485643, 11.912835459297042], [79.46078276572109, 11.912834957866435]]]}, "id": "+3242+8269", "properties": {"count": 26, "water": 1}}, {"type": "Feature", "geometry": {"geodesic": false, "type": "MultiPolygon", "coordinates": [[[[79.4605538275916, 11.92087969386566], [79.46064562942186, 11.920880195691527], [79.46064511982557, 11.920970597227935], [79.46055331796835, 11.920970095393086], [79.4605538275916, 11.92087969386566]]], [[[79.4605538275916, 11.92087969386566], [79.46037022394901, 11.920878690106127], [79.46037175297145, 11.920607485523849], [79.46027995124898, 11.920606983617134], [79.46028402871103, 11.919883771397725], [79.46037583019995, 11.919884273277491], [79.4603768494644, 11.919703470213657], [79.46028504803837, 11.919702968342873], [79.46028555769755, 11.919612566806464], [79.46037735908764, 11.919613068677247], [79.46037837832515, 11.919432265604428], [79.46028657699793, 11.91943176374263], [79.46028708663914, 11.919341362215203], [79.46019528534787, 11.919340860326454], [79.46019579501602, 11.919250458799027], [79.46001219249634, 11.919249454940681], [79.46001321194045, 11.919068651903794], [79.4601050131419, 11.91906915383746], [79.46010603251415, 11.918888350782607], [79.46038143594784, 11.91888985637699], [79.46038194553515, 11.918799454840581], [79.4607491500535, 11.918801461865572], [79.46074864058296, 11.91889186342893], [79.46102404410648, 11.918893368394492], [79.4610245534782, 11.918802966831134], [79.46111635462574, 11.91880346842344], [79.46111686397052, 11.918713066851097], [79.46102506284991, 11.918712565258792], [79.46102557222163, 11.918622163695433], [79.46120917439995, 11.918623166835127], [79.46120968370879, 11.918532765253802], [79.46157688800255, 11.918534771164882], [79.46157434206026, 11.918986779125406], [79.46139073959448, 11.91898577618334], [79.46139023033055, 11.91907617777365], [79.4612984290752, 11.91907567625321], [79.46129791978434, 11.919166077834534], [79.46120611850203, 11.919165576278163], [79.46120459049469, 11.919436780995188], [79.46157179600118, 11.919438787058981], [79.46157230522019, 11.919348385477656], [79.46175590794648, 11.919349388320907], [79.4617564171026, 11.919258986721616], [79.46194001977501, 11.919259989439102], [79.46193951068177, 11.919350391047375], [79.46203131205391, 11.919350892361203], [79.46202978484605, 11.919622097186027], [79.46193798337511, 11.919621595854233], [79.4619374742639, 11.919711997453524], [79.46184567277498, 11.91971149609478], [79.46184363616848, 11.92007310247398], [79.46202723940682, 11.920074105200449], [79.46202520297997, 11.920435711606597], [79.46211700472041, 11.920436212938391], [79.46211649563615, 11.920526614546667], [79.46220829741253, 11.92052711585151], [79.46220727928893, 11.92070791906806], [79.46211547744969, 11.920707417745248], [79.46211293191162, 11.921159425750687], [79.46192932794565, 11.921158422988286], [79.46192983711974, 11.921068021397977], [79.46165443128756, 11.92106651704327], [79.46165392202363, 11.921156918624595], [79.46156212005862, 11.921156417104156], [79.46156262935847, 11.921066015531814], [79.46147082742938, 11.921065513993407], [79.4614713367472, 11.920975112421065], [79.46156313864934, 11.920975613950489], [79.46156415722209, 11.92079481079682], [79.46165595907033, 11.920795312299296], [79.46165646831628, 11.920704910717971], [79.46156466650396, 11.920704409224479], [79.46156517578585, 11.920614007643154], [79.46147337400049, 11.920613506122715], [79.46147388330932, 11.92052310454139], [79.46110667634755, 11.92052109817217], [79.46110616693093, 11.920611499735529], [79.46073895991526, 11.920609492872234], [79.46073845036388, 11.920699894408642], [79.46064664859648, 11.920699392618708], [79.46064613900917, 11.920789794155118], [79.46055433721483, 11.92078929232925], [79.4605538275916, 11.92087969386566]], [[79.4612938452508, 11.919889290431236], [79.46129435457759, 11.919798888858894], [79.46138615607549, 11.919799390406283], [79.46138564677564, 11.919889791978624], [79.4612938452508, 11.919889290431236]]]]}, "id": "+3245+8202", "properties": {"count": 386, "water": 1}}, {"type": "Feature", "geometry": {"geodesic": false, "type": "Polygon", "coordinates": [[[79.46171856581556, 11.90967591318797], [79.46172009202628, 11.909404708219416], [79.4619036880781, 11.909405710146384], [79.46190419674913, 11.909315308484212], [79.46181239874568, 11.909314807538692], [79.46181341613266, 11.909134004214346], [79.46190521407321, 11.909134505150881], [79.46190572272629, 11.909044103479724], [79.4619975206399, 11.909044604380327], [79.46199802925703, 11.90895420270917], [79.4620898271437, 11.908954703582824], [79.46208931855352, 11.90904510525398], [79.46218111647613, 11.909045606100683], [79.4621806079129, 11.90913600777184], [79.46236420382098, 11.909137009375415], [79.46236471233031, 11.909046607695275], [79.4624565102619, 11.909047108443165], [79.46245549330611, 11.90922791182141], [79.46236369531165, 11.909227411064538], [79.4623631868023, 11.909317812753661], [79.46227138878089, 11.909317311960857], [79.46227189732616, 11.909226910271734], [79.46218009934067, 11.90922640945198], [79.46217908219624, 11.909407212812258], [79.46245447634135, 11.909408715199657], [79.46245498482374, 11.909318313519517], [79.46263858088453, 11.909319314952413], [79.46263908930403, 11.909228913254307], [79.46273088731647, 11.90922941393033], [79.46273037892392, 11.909319815628436], [79.4628221769633, 11.90932031627751], [79.4628216685977, 11.909410717975616], [79.46309706283263, 11.909412219743174], [79.4630975711084, 11.909321818027102], [79.46337296528944, 11.909323319516185], [79.46337042433278, 11.909775328150445], [79.46309502969362, 11.909773826607465], [79.46309452139988, 11.909864228314554], [79.46291092493483, 11.909863227133187], [79.46291041657821, 11.909953628840276], [79.46281861832324, 11.909953128191201], [79.46281760152915, 11.910133931596397], [79.462909399847, 11.91013443224547], [79.46290685794713, 11.910586440753965], [79.46281505947655, 11.910585940086925], [79.46281455105705, 11.910676341785031], [79.46253915558245, 11.910674839577297], [79.46253966410076, 11.910584437897159], [79.46235606719554, 11.910583436284599], [79.46235708433099, 11.910402632933303], [79.46226528595025, 11.910402132095582], [79.46226579454043, 11.910311730415444], [79.46189860117018, 11.910309726768117], [79.46190114467804, 11.909857718466235], [79.46180934649492, 11.909857217502749], [79.4618103639358, 11.909676414178403], [79.46171856581556, 11.90967591318797]]]}, "id": "+3250+8308", "properties": {"count": 188, "water": 1}}, {"type": "Feature", "geometry": {"geodesic": false, "type": "Polygon", "coordinates": [[[79.46242294212416, 11.91501361875746], [79.46242599451864, 11.914471208829335], [79.46251779427381, 11.914471709792819], [79.46251677688684, 11.914652513108182], [79.46270037653191, 11.91465351494532], [79.46270139379313, 11.91447271161199], [79.46279319356626, 11.914473212485643], [79.4627942107556, 11.91429240914333], [79.46261061134409, 11.914291407387042], [79.46261010269103, 11.914381809058197], [79.4625183029628, 11.914381308130645], [79.46251932032283, 11.914200504815282], [79.46261111998817, 11.914201005724868], [79.46261162863225, 11.914110604062694], [79.46288702758333, 11.914112106620772], [79.46288651902908, 11.914202508291927], [79.46316191809696, 11.914204010589494], [79.46316140963253, 11.914294412278617], [79.46352860857235, 11.914296414946778], [79.46352810022472, 11.914386816644884], [79.46361989999785, 11.91438731724006], [79.46362142494195, 11.914116112118792], [79.46352962525864, 11.9141156115326], [79.46353064192697, 11.913934808127404], [79.46343884230654, 11.913934307523245], [79.46343985902877, 11.91375350411805], [79.46334805947123, 11.913753003486944], [79.46334907622939, 11.913572200090732], [79.46325727673474, 11.913571699441658], [79.4632582935378, 11.913390896045446], [79.46335009296958, 11.913391396685537], [79.46335060133518, 11.91330099498743], [79.46344240073999, 11.91330149559159], [79.46344189240135, 11.913391897298679], [79.46362549128285, 11.913392898435129], [79.46362599955863, 11.913302496719057], [79.46380959839522, 11.913303497729745], [79.46380858196046, 11.913484301170872], [79.46390038144614, 11.9134848016313], [79.46389885686136, 11.913756006806466], [79.46408245603034, 11.913757007673423], [79.46408194788931, 11.913847409398478], [79.46417374750075, 11.913847909796024], [79.46417425561482, 11.913757508061986], [79.46435785481074, 11.91375850874928], [79.46435683869937, 11.91393931222634], [79.46426503904303, 11.913938811891676], [79.46426453094692, 11.914029213625716], [79.46417273126362, 11.914028713255119], [79.46417222314057, 11.914119114989157], [79.4642640228598, 11.914119615359754], [79.4642635147547, 11.914210017102775], [79.46444711425605, 11.914211017763119], [79.46444660621384, 11.914301419506142], [79.46435480643173, 11.914300919189444], [79.46435277410119, 11.914662526134581], [79.46444457400908, 11.914663026469245], [79.4644440659489, 11.914753428212267], [79.46462766582754, 11.914754428800746], [79.46462715782125, 11.91484483055275], [79.4645353578505, 11.914844330263003], [79.4645333256637, 11.91520593723509], [79.46425792540107, 11.91520443615025], [79.4642584335421, 11.915114034416211], [79.46416663349947, 11.9151135340007], [79.46416561714555, 11.91529433745081], [79.46407381704005, 11.915293836999364], [79.46407330882715, 11.915384238715438], [79.46361430820978, 11.915381735973122], [79.46361379984418, 11.915472137680212], [79.46352199970273, 11.915471637031137], [79.46352149130121, 11.915562038729243], [79.46306249051315, 11.915559535052681], [79.4630629990674, 11.915469133381526], [79.46260399853087, 11.915466628977327], [79.46260450722885, 11.915376227315155], [79.46251270716826, 11.91537572635167], [79.46251321589318, 11.91528532469848], [79.46242141586852, 11.915284823708046], [79.4624219246204, 11.915194422054856], [79.4623301246227, 11.915193921037472], [79.46233114218933, 11.915013117740076], [79.46242294212416, 11.91501361875746]], [[79.46242294212416, 11.91501361875746], [79.46251474205899, 11.91501411973891], [79.46251525077493, 11.914923718076736], [79.4626070506828, 11.914924219022254], [79.4626065420028, 11.915014620684428], [79.4626983419466, 11.915015121602996], [79.46269783329355, 11.91510552326517], [79.4626060333138, 11.915105022346602], [79.4626055246248, 11.91519542399979], [79.46251372461812, 11.91519492304529], [79.46251423334304, 11.9151045213921], [79.46242243337228, 11.915104020401666], [79.46242294212416, 11.91501361875746]], [[79.46435277410119, 11.914662526134581], [79.46435175790897, 11.914843329602657], [79.46416815799441, 11.914842328825532], [79.46416917430341, 11.914661525366439], [79.46407737441349, 11.914661024941944], [79.46407788259044, 11.914570623216887], [79.46398608273647, 11.914570122765443], [79.46398659094037, 11.914479721040388], [79.46389479112231, 11.914479220561994], [79.46389529935318, 11.914388818845921], [79.46398709914428, 11.914389319324316], [79.46398760733919, 11.914298917599261], [79.46417120687647, 11.91429991844825], [79.46417069874444, 11.914390320182289], [79.46426249854451, 11.914390820570853], [79.46426097420229, 11.914662025763985], [79.46435277410119, 11.914662526134581]], [[79.46288295903257, 11.914835320016973], [79.46288448476717, 11.91456411499452], [79.46297628457624, 11.914564615805292], [79.46297577603097, 11.91465501748543], [79.46306757587597, 11.914655518269251], [79.46306655883934, 11.914836321629531], [79.46288295903257, 11.914835320016973]], [[79.46306859290362, 11.914474714908973], [79.46306910140397, 11.91438431321985], [79.46325270092329, 11.914385314679695], [79.46325219247683, 11.914475716377801], [79.46306859290362, 11.914474714908973]]]}, "id": "+3269+8260", "properties": {"count": 324, "water": 1}}, {"type": "Feature", "geometry": {"geodesic": false, "type": "Polygon", "coordinates": [[[79.4636722351546, 11.905075938283746], [79.46367325093358, 11.904895134743803], [79.46385684412877, 11.904896135026855], [79.46385633630214, 11.90498653680581], [79.46486609950892, 11.904992036247064], [79.46486559200571, 11.905082438070933], [79.46523277887216, 11.905084436993121], [79.46523227149471, 11.905174838825973], [79.46541586501327, 11.905175838111896], [79.46541434302463, 11.905447043637405], [79.46550613987824, 11.905447543244433], [79.4655036032964, 11.905899552453615], [79.46541180629008, 11.905899052828621], [79.46540876207924, 11.906441463834723], [79.46522516770727, 11.906440464441003], [79.46522567514761, 11.906350062617133], [79.46531747229766, 11.906350562322976], [79.46532102404765, 11.905717749501987], [79.4652292271132, 11.90571724981411], [79.46522973451759, 11.90562684799024], [79.46513793761908, 11.905626348275414], [79.4651389524728, 11.90544554461869], [79.46504715563717, 11.905445044894881], [79.46504766309546, 11.90535464307101], [79.46495586628677, 11.90535414331127], [79.46495637377203, 11.9052637414874], [79.46477278023549, 11.905262741896049], [79.46477328776565, 11.905172340081162], [79.46440610086327, 11.905170340548121], [79.4644066085192, 11.9050799387512], [79.46422301515335, 11.905078938809508], [79.46422250744351, 11.90516934060643], [79.46394711733186, 11.90516784046482], [79.46394762514049, 11.905077438685865], [79.4636722351546, 11.905075938283746]]]}, "id": "+3269+8353", "properties": {"count": 65, "water": 1}}, {"type": "Feature", "geometry": {"geodesic": false, "type": "Polygon", "coordinates": [[[79.46637120365382, 11.980126297923954], [79.46637273450882, 11.979855093709984], [79.46646455647034, 11.979855596083825], [79.46646506671343, 11.97976519467318], [79.466556888639, 11.979765697011086], [79.46655637842288, 11.979856098421731], [79.4668318443254, 11.979857605273756], [79.4668313341991, 11.979948006693384], [79.46692315619656, 11.979948508914509], [79.46692213598887, 11.980129311771732], [79.46683031391956, 11.980128809532639], [79.46682980377528, 11.98021921096125], [79.46664615960071, 11.980218206393236], [79.46664564939357, 11.98030860780388], [79.4664620051651, 11.9803076031101], [79.46646302569619, 11.980126800306776], [79.46637120365382, 11.980126297923954]]]}, "id": "+3303+7525", "properties": {"count": 24, "water": 1}}, {"type": "Feature", "geometry": {"geodesic": false, "type": "Polygon", "coordinates": [[[79.46583048015992, 11.978315255306319], [79.46582945936834, 11.978496058082694], [79.46573763790089, 11.97849555555614], [79.46573814833262, 11.978405154172444], [79.46555450546958, 11.978404149047472], [79.46555552644084, 11.978223346289065], [79.46546370507221, 11.978222843681664], [79.46546421558479, 11.97813244230695], [79.46555603691749, 11.97813294490537], [79.46555705786179, 11.977952142146961], [79.46546523659197, 11.977951639557526], [79.46546574708658, 11.977861238182815], [79.46564938957232, 11.97786224331677], [79.46564990000404, 11.977771841933073], [79.46574172122894, 11.977772344459627], [79.46574478354981, 11.977229936103553], [79.46565296251356, 11.97722943360395], [79.46565551448356, 11.976777426649539], [79.465563693609, 11.976776924140953], [79.46556420402275, 11.976686522748274], [79.46547238317514, 11.976686020212737], [79.46547289361585, 11.976595618829043], [79.46538107280418, 11.976595116266557], [79.46538158327184, 11.97650471488286], [79.46510612095359, 11.976503207033707], [79.46510561039611, 11.976593608399437], [79.46492196881766, 11.976592603013954], [79.46492299004943, 11.976411800282495], [79.46501481078026, 11.976412302988711], [79.46501532135572, 11.976321901613998], [79.46519896276347, 11.976322906927615], [79.46519947327604, 11.976232505552904], [79.46547493533379, 11.976234013276294], [79.46547544574754, 11.976143611892597], [79.46575090775139, 11.97614511933751], [79.46575039741847, 11.976235520739172], [79.4663013217136, 11.976238534838478], [79.46630183185788, 11.97614813341885], [79.46648547325664, 11.976149137870085], [79.46648598333803, 11.976058736441473], [79.4667614453778, 11.976060242880273], [79.46676195536037, 11.975969841433695], [79.46832290711968, 11.97597837276988], [79.46832239765814, 11.97606877427934], [79.46924060543354, 11.976073788702205], [79.46924009626844, 11.976164190247598], [79.46942373793671, 11.976165192776438], [79.46942322883449, 11.976255594330814], [79.47006597501029, 11.976259102269964], [79.47006546611468, 11.976349503860273], [79.4702491079716, 11.976350505859108], [79.47024859912989, 11.976440907449415], [79.47034042010326, 11.9764414084129], [79.47034092890904, 11.976351006822592], [79.47052457080189, 11.976352008641763], [79.47052304453726, 11.976623213448619], [79.47070668662774, 11.97662421517796], [79.4707056692228, 11.976805018394508], [79.47061384811468, 11.976804517538822], [79.47061333938076, 11.976894919138113], [79.47052151824569, 11.976894418246493], [79.47052050069702, 11.977075221445077], [79.47042867950806, 11.977074720517525], [79.4704281706933, 11.977165122107833], [79.47033634947738, 11.977164621144347], [79.47033584062669, 11.977255022734656], [79.47024401938381, 11.977254521735238], [79.47024300161955, 11.977435324906871], [79.47015118032279, 11.977434823871523], [79.47015067140022, 11.977525225452847], [79.47005885007651, 11.977524724381565], [79.47005834111802, 11.977615125953907], [79.46987469841669, 11.97761412372151], [79.46987520743806, 11.977523722158152], [79.46996702875279, 11.977524223283332], [79.4699680467057, 11.977343420138649], [79.469784404202, 11.97734241787032], [79.46978491323236, 11.977252016306961], [79.46969309201644, 11.97725151512788], [79.46969360107374, 11.977161113564524], [79.46960177989376, 11.977160612367477], [79.46960228897802, 11.977070210804118], [79.46951046783397, 11.977069709580121], [79.46951097694517, 11.976979308016762], [79.46941915582806, 11.976978806765818], [79.46941966496622, 11.976888405211442], [79.46932784389404, 11.976887903933548], [79.46932733471995, 11.976978305478939], [79.46923551361182, 11.976977804165113], [79.46923500441079, 11.977068205710506], [79.46932682554586, 11.977068707024332], [79.46932631637178, 11.977159108578707], [79.46941813754277, 11.977159609865586], [79.46941762838665, 11.977250011419962], [79.46950944959359, 11.97725051267989], [79.46950894046442, 11.977340914234265], [79.46960076170728, 11.977341415476227], [79.46960025260506, 11.977431817030602], [79.46978389516266, 11.977432819433679], [79.46978338612332, 11.977523220997037], [79.4696915648086, 11.977522719808974], [79.46968952848056, 11.977884326044443], [79.46959770704905, 11.977883824811464], [79.46959719792886, 11.977974226356856], [79.46941355502092, 11.977973223792082], [79.46941304583785, 11.978063625337475], [79.46932122436142, 11.978063124005681], [79.46932020590545, 11.978243927087483], [79.4691365628448, 11.978242924316097], [79.46913605355392, 11.978333325852507], [79.46904423199665, 11.978332824412915], [79.46904372266985, 11.978423225940341], [79.46895190108562, 11.9784227244738], [79.46895139172288, 11.978513125992244], [79.46904321333406, 11.978513627467768], [79.46904168531773, 11.978784832041063], [79.46894986361673, 11.978784330556556], [79.46894833546564, 11.979055535111884], [79.46885651367481, 11.979055033591443], [79.46885549482357, 11.979235836619345], [79.46876367297884, 11.97923533505399], [79.46876469188396, 11.979054532035072], [79.46848922654738, 11.979053027186291], [79.46848769791121, 11.979324231678737], [79.46857951977391, 11.979324733342906], [79.46857901024948, 11.979415134843384], [79.46848718835085, 11.979414633179214], [79.46848667879048, 11.97950503467969], [79.4683948568649, 11.979504532979586], [79.46839383767231, 11.979685335962573], [79.46830201569283, 11.979684834226537], [79.4683015060606, 11.979775235718032], [79.46820968405416, 11.979774733946064], [79.468209174386, 11.979865135428573], [79.46811735235262, 11.979864633629656], [79.46811684264853, 11.979955035112166], [79.46802502058819, 11.979954533277315], [79.46802654978131, 11.97968332884775], [79.46811837174283, 11.979683830673618], [79.46811888143795, 11.979593429200092], [79.4682107033815, 11.979593930981043], [79.46821172268189, 11.979413128016022], [79.46811990080121, 11.97941262623507], [79.46811939112408, 11.97950302771758], [79.46802756921645, 11.979502525900697], [79.46802705950337, 11.979592927374224], [79.46784341563423, 11.979591923650625], [79.46784239606436, 11.979772726579712], [79.46775057408486, 11.979772224664014], [79.46774955443414, 11.979953027593101], [79.46793319853684, 11.979954031406534], [79.46793268876986, 11.98004443288006], [79.46774904460428, 11.980043429048662], [79.46774853477443, 11.980133830513207], [79.46765671266917, 11.980133328552592], [79.46765722253497, 11.980042927097031], [79.46756540046565, 11.980042425100484], [79.4675648905729, 11.980132826556044], [79.46728942429309, 11.980131320395724], [79.46728891431052, 11.980221721842302], [79.46719709219629, 11.98022121971999], [79.46719913225233, 11.979859613969612], [79.46710731026386, 11.9798591118473], [79.46710782030033, 11.979768710409706], [79.46701599834779, 11.979768208251462], [79.46701650840222, 11.97967780682285], [79.46683286457801, 11.979676802425516], [79.46683235445171, 11.979767203845144], [79.46674053250815, 11.979766701597068], [79.46674155281465, 11.979585898757811], [79.46655790906229, 11.979584894189795], [79.46655841926945, 11.979494492779152], [79.46646659743368, 11.979493990450226], [79.46646710766778, 11.979403589039583], [79.46637528586795, 11.979403086683709], [79.46637579612002, 11.979312685282046], [79.46628397435613, 11.979312182899225], [79.46628448464413, 11.979221781497563], [79.46619266290719, 11.979221279096773], [79.4661936835281, 11.97904047629345], [79.46610186185404, 11.979039973865712], [79.46610288251986, 11.97885917107137], [79.46601106091768, 11.978858668625666], [79.46601412298702, 11.978316260242645], [79.46583048015992, 11.978315255306319]], [[79.46583048015992, 11.978315255306319], [79.46573865875536, 11.97831475278875], [79.46573967960084, 11.978133950012374], [79.46583150094253, 11.978134452520962], [79.46583048015992, 11.978315255306319]], [[79.46610390316773, 11.978678368268048], [79.46610492379762, 11.978497565473706], [79.46619674528303, 11.978498067874495], [79.46619623499504, 11.978588469276158], [79.46637987803773, 11.97858947400587], [79.4663793678126, 11.978679875416514], [79.46647118936988, 11.978680377736456], [79.46647067917172, 11.9787707791471], [79.46656250076494, 11.978771281449076], [79.46656148041352, 11.978952084279348], [79.4666533020786, 11.978952586554373], [79.46665279192534, 11.979042987974001], [79.46674461361737, 11.979043490222077], [79.46674359336477, 11.979224293070317], [79.46665177160986, 11.979223790813258], [79.4666522817721, 11.97913338939363], [79.46646863833415, 11.979132384807647], [79.46646914855027, 11.979041983388019], [79.46637732687621, 11.979041481059095], [79.4663783473534, 11.978860678237805], [79.46619470413104, 11.978859673490126], [79.46619572471602, 11.978678870686803], [79.46610390316773, 11.978678368268048]], [[79.4669404972748, 11.976874860072229], [79.46694151718604, 11.976694057179074], [79.467125159016, 11.976695061253016], [79.46712362931983, 11.976966265619698], [79.46703180831052, 11.976965763587218], [79.46703231824817, 11.976875362131658], [79.4669404972748, 11.976874860072229]], [[79.46702925858632, 11.97741777082909], [79.46702976854193, 11.977327369382513], [79.4675806953793, 11.977330381245014], [79.46758018560334, 11.977420782709558], [79.46748836442336, 11.977420280802843], [79.46748734480856, 11.977601083740913], [79.46739552357468, 11.977600581798265], [79.46739501372686, 11.977690983253826], [79.4675786562665, 11.977691987121156], [79.46757814648154, 11.9777823885857], [79.4676699677873, 11.977782890483432], [79.4676694580293, 11.977873291956959], [79.46757763668762, 11.977872790059227], [79.46757661709978, 11.978053592988315], [79.467301152931, 11.978052087106471], [79.46730166282374, 11.97796168565091], [79.46720984147308, 11.977961183627414], [79.46721035138378, 11.977870782180837], [79.46711853006904, 11.977870280130391], [79.46711954995334, 11.977689477237234], [79.4672113712052, 11.977689979269714], [79.4672118811159, 11.977599577814154], [79.46712005989099, 11.977599075781674], [79.46712107974834, 11.977418272879536], [79.46702925858632, 11.97741777082909]], [[79.46710884035531, 11.979587907534517], [79.46710986039231, 11.979407104659328], [79.46720168222807, 11.979407606772657], [79.46720219221064, 11.979317205335063], [79.46729401401944, 11.979317707412457], [79.46729248415258, 11.979588911743207], [79.46710884035531, 11.979587907534517]], [[79.46720576198082, 11.978684395218002], [79.46720780175839, 11.978322789431692], [79.46739144471125, 11.9783237934697], [79.46739195457704, 11.97823339201414], [79.46748377603551, 11.978233893983738], [79.46748326618768, 11.978324295439299], [79.4675750876731, 11.97832479739093], [79.4675745778612, 11.978415198855474], [79.46766639937357, 11.978415700771173], [79.46766487000077, 11.978686905173788], [79.46720576198082, 11.978684395218002]], [[79.46766792871941, 11.978144496368557], [79.46766843849537, 11.97805409489503], [79.46776025989992, 11.978054596765814], [79.46775975015092, 11.97814499823934], [79.46766792871941, 11.978144496368557]], [[79.46767047754528, 11.977692489009906], [79.46767149704331, 11.97751168606285], [79.46776331826821, 11.977512187915668], [79.46776382798129, 11.977421786433156], [79.46785564917025, 11.977422288250041], [79.4678561588474, 11.977331886767532], [79.4681316223604, 11.977333392020554], [79.4681311127731, 11.977423793512047], [79.46822293398003, 11.97742429521215], [79.46822140528995, 11.977695499704597], [79.46812958398421, 11.97769499799551], [79.46812907437892, 11.977785399487004], [79.46776178910203, 11.977783392345232], [79.46776229882408, 11.977692990862721], [79.46767047754528, 11.977692489009906]], [[79.46785004242524, 11.978416704512739], [79.46785259100858, 11.97796469713612], [79.46794441238619, 11.977965198944021], [79.46794492206334, 11.97787479746151], [79.4682203861333, 11.977876302696567], [79.46821885738035, 11.978147507171046], [79.46803521447241, 11.978146503689992], [79.46803470482222, 11.978236905172503], [79.46812652629865, 11.978237406935488], [79.46812550703419, 11.978418209909492], [79.46785004242524, 11.978416704512739]], [[79.46831322658672, 11.977696001377751], [79.46831424566253, 11.977515198376798], [79.46858970941808, 11.97751670320761], [79.4685891999745, 11.977607104717071], [79.46868102126228, 11.977607606273445], [79.46868051184565, 11.977698007782903], [79.46858869053092, 11.977697506226532], [79.46858818107836, 11.97778790773599], [79.46840453838601, 11.97778690452443], [79.46840504790146, 11.977696503023955], [79.46831322658672, 11.977696001377751]], [[79.46849381225826, 11.978239413673018], [79.4684948312622, 11.978058610672065], [79.4685866527027, 11.978059112273353], [79.46858716216424, 11.977968710763893], [79.46867898357779, 11.97796921232925], [79.46867796470859, 11.978150015357151], [79.46858614323217, 11.978149513782812], [79.46858563376163, 11.97823991528329], [79.46849381225826, 11.978239413673018]], [[79.46858410531411, 11.97851111981167], [79.46858512428213, 11.97833031679275], [79.46867694582143, 11.97833081837607], [79.4686759269163, 11.978511621403975], [79.46858410531411, 11.97851111981167]], [[79.46942017410437, 11.97679800366605], [79.46942068323355, 11.976707602111674], [79.46960432528809, 11.97670860456865], [79.46960381621281, 11.976799006123025], [79.46942017410437, 11.97679800366605]], [[79.46996855568216, 11.977253018566307], [79.46996906464963, 11.977162616993965], [79.47015270705452, 11.977163619127547], [79.47015168923636, 11.977344422290196], [79.47005986797552, 11.977343921227897], [79.47006037691605, 11.977253519655555], [79.46996855568216, 11.977253018566307]], [[79.46793829599099, 11.979050016689229], [79.46793778625995, 11.979140418162755], [79.46784596448707, 11.979139916300955], [79.46784647424506, 11.979049514827429], [79.46793829599099, 11.979050016689229]], [[79.46793829599099, 11.979050016689229], [79.46793982514818, 11.978778812259664], [79.46803164680428, 11.978779314076547], [79.46803215648141, 11.978688912594038], [79.46812397811954, 11.978689414374989], [79.46812448776075, 11.978599012883496], [79.46821630936294, 11.978599514628515], [79.46821579974868, 11.978689916120008], [79.4683076213958, 11.978690417838077], [79.4683071117995, 11.97878081932957], [79.46821529013442, 11.9787803176115], [79.46821427087895, 11.978961120585504], [79.46803062743201, 11.978960117032585], [79.46803011773692, 11.979050518515095], [79.46793829599099, 11.979050016689229]], [[79.46638395969492, 11.977866262684778], [79.46638293929858, 11.978047065524033], [79.46647476064925, 11.978047567817024], [79.46647374030682, 11.978228370647297], [79.46629009749769, 11.9782273660164], [79.46629060773179, 11.978136964605754], [79.46619878636315, 11.978136462249882], [79.46619980688526, 11.977955659437574], [79.466291628191, 11.977956161784464], [79.46629213841612, 11.97786576037382], [79.46638395969492, 11.977866262684778]], [[79.46638395969492, 11.977866262684778], [79.4663849800643, 11.977685459854504], [79.4665686225141, 11.977686464377603], [79.46656964273976, 11.977505661529364], [79.46666146391075, 11.977506163732524], [79.46666248406454, 11.977325360875302], [79.46693794741584, 11.977326867296133], [79.46693692744172, 11.977507670189288], [79.46684510626174, 11.977507168066978], [79.46684459624323, 11.977597569504573], [79.4667527750363, 11.977597067346329], [79.46675226497288, 11.977687468783923], [79.46684408621576, 11.977687970942167], [79.46684306614281, 11.977868773817356], [79.46638395969492, 11.977866262684778]]]}, "id": "+3322+7567", "properties": {"count": 1470, "water": 1}}, {"type": "Feature", "geometry": {"geodesic": false, "type": "Polygon", "coordinates": [[[79.4682621531587, 11.9214641547497], [79.46826418150071, 11.92110254731049], [79.46835598374422, 11.92110304663904], [79.46835699783438, 11.920922242910452], [79.468448800015, 11.92092274220307], [79.46844930701515, 11.920832340325301], [79.46863291133147, 11.920833338811722], [79.4686324043852, 11.92092374068949], [79.46890781097197, 11.920925238208019], [79.46890730411555, 11.92101564009477], [79.46909090859356, 11.921016638302715], [79.46909040178204, 11.92110704019845], [79.46927400634091, 11.921108038289614], [79.46927349959226, 11.921198440185348], [79.46936530190763, 11.921198939190505], [79.46936479518595, 11.921289341104208], [79.46945659752826, 11.921289840082414], [79.46945406401865, 11.921741849623974], [79.46936226151463, 11.9217413506278], [79.46935972774452, 11.922193360133425], [79.46945153040124, 11.922193859156549], [79.46945102366159, 11.922284261052283], [79.46954282634526, 11.922284760048457], [79.46954181291986, 11.922465563857894], [79.46945001018229, 11.92246506486172], [79.46944950343365, 11.92255546676644], [79.46926589788664, 11.922554468666293], [79.46926539107513, 11.92264487056203], [79.46917358828365, 11.92264437146704], [79.4691730814362, 11.922734773353792], [79.46889767298093, 11.92273327588018], [79.46889716604366, 11.922823677757949], [79.46880536319829, 11.922823178528214], [79.4688058701715, 11.922732776659426], [79.46871406737104, 11.922732277411725], [79.4687145743712, 11.922641875533955], [79.46880637714472, 11.922642374781658], [79.46880688410894, 11.922551972912872], [79.46871508136239, 11.92255147366517], [79.46871558835356, 11.922461071796384], [79.46844018023967, 11.922459573900564], [79.46844068732068, 11.92236917204076], [79.46853248999537, 11.922369671369312], [79.46853401111264, 11.922098465771937], [79.46844220852778, 11.922097966461353], [79.46844271559083, 11.922007564592567], [79.46835091305088, 11.922007065255034], [79.4683514201319, 11.92191666339523], [79.46844322265387, 11.921917162732765], [79.46844423675302, 11.921736359004177], [79.4683524343029, 11.921735859675625], [79.46835395551, 11.921464654096217], [79.4682621531587, 11.9214641547497]]]}, "id": "+3322+8177", "properties": {"count": 203, "water": 1}}, {"type": "Feature", "geometry": {"geodesic": false, "type": "MultiPolygon", "coordinates": [[[[79.46859105233655, 11.960972715403894], [79.46859156105249, 11.960882313786636], [79.46868337669886, 11.960882814642323], [79.46868642870707, 11.960340404893861], [79.46887005964945, 11.96034140647947], [79.46887056823964, 11.960251004844247], [79.46896238368836, 11.960251505592137], [79.46896390935112, 11.959980300668498], [79.46905572471002, 11.95998080137147], [79.46905674173766, 11.959799998083056], [79.46914855703369, 11.959800498750097], [79.46914906551606, 11.959710097096908], [79.46924088078514, 11.959710597728016], [79.46924240610653, 11.959439392759462], [79.46933422129474, 11.959439893354636], [79.46933472969629, 11.959349491692464], [79.46951836001882, 11.959350492775016], [79.4695188683485, 11.95926009110386], [79.46970249863512, 11.959261092060649], [79.46970351516869, 11.959080288700369], [79.46988714533852, 11.95908128952241], [79.46988765354243, 11.958990887833288], [79.46997946860488, 11.958991388194901], [79.46997997677286, 11.958900986505778], [79.47007179180837, 11.958901486831458], [79.4700722999404, 11.958811085133352], [79.47016411494896, 11.958811585432084], [79.47016462304506, 11.958721183733978], [79.47025643803566, 11.958721683987793], [79.47025745415601, 11.958540880582598], [79.47034926908373, 11.958541380800481], [79.47034977710797, 11.958450979093392], [79.47044159200873, 11.958451479275341], [79.47044260797637, 11.95827067585218], [79.47062623767009, 11.958271676117267], [79.47062674559552, 11.95818127439221], [79.47071856041543, 11.958181774484329], [79.47072008405696, 11.95791056930018], [79.47081189879603, 11.9579110693384], [79.47081240663164, 11.957820667604361], [79.47090422134374, 11.957821167615633], [79.47090523695206, 11.957640364138571], [79.47099705161027, 11.957640864113909], [79.47099654383756, 11.95773126585693], [79.47108835852272, 11.957731765805319], [79.47108683526746, 11.958002971034384], [79.47099502049247, 11.958002471077013], [79.47099400490212, 11.958183274563057], [79.47090219007323, 11.958182774560768], [79.47090117441101, 11.958363578028846], [79.47080935951924, 11.958363077999609], [79.4708088516477, 11.958453479733649], [79.47071703672898, 11.958452979659496], [79.47071602092304, 11.958633783109606], [79.47062420595041, 11.958633283008504], [79.47062319006362, 11.958814086449632], [79.4705313750371, 11.958813586303615], [79.47053035906946, 11.958994389735759], [79.47043854398005, 11.95899388955381], [79.47043803596479, 11.959084291260899], [79.47034622084844, 11.959083791043016], [79.47034520473707, 11.959264594457194], [79.47025338956682, 11.959264094203379], [79.47025237338359, 11.959444897608574], [79.47016055815942, 11.959444397318824], [79.47016005002739, 11.959534799007947], [79.46997641952518, 11.959533798329637], [79.46997591133025, 11.95962420001876], [79.4698840960522, 11.959623699630198], [79.46988358782134, 11.959714101310336], [79.46969995722033, 11.959713100434398], [79.46969944892659, 11.959803502114536], [79.46960763360362, 11.95980300162716], [79.46960712527395, 11.959893403298315], [79.46951530991504, 11.959892902775005], [79.46951480155843, 11.959983304446162], [79.4692393554368, 11.959981802687585], [79.46923833850796, 11.960162605993967], [79.46914652308618, 11.960162105344892], [79.46914601458583, 11.960252506989098], [79.46923783004355, 11.960253007647156], [79.46923681309676, 11.960433810944552], [79.46914499757615, 11.960433310286495], [79.46914398054851, 11.960614113574911], [79.469052164974, 11.960613612871937], [79.46905165642875, 11.960704014516145], [79.46886802523483, 11.960703013020366], [79.46886700800057, 11.96088381628183], [79.46877519234522, 11.960883315480043], [79.46877468369216, 11.960973717106285], [79.46859105233655, 11.960972715403894]]], [[[79.46859105233655, 11.960972715403894], [79.46859003489567, 11.961153518638408], [79.46849821915949, 11.961153017737807], [79.46849923666323, 11.960972214503292], [79.46859105233655, 11.960972715403894]]]]}, "id": "+3350+7770", "properties": {"count": 177, "water": 1}}, {"type": "Feature", "geometry": {"geodesic": false, "type": "Polygon", "coordinates": [[[79.47417253829711, 11.980801705316354], [79.47417406146255, 11.980530500123221], [79.47435770649949, 11.980531499786435], [79.47435821415543, 11.980441098043414], [79.47527643930425, 11.980446094499973], [79.47527593195375, 11.980536496269945], [79.47545957708951, 11.980537495214508], [79.47545856250527, 11.9807182987814], [79.47527491724374, 11.980717299827853], [79.47527542460324, 11.980626898048898], [79.4748163116695, 11.980624400166471], [79.47481377409052, 11.981076408935477], [79.47463012864034, 11.981075409532775], [79.4746306362334, 11.980985007789753], [79.47453881354424, 11.980984508038995], [79.47453932115526, 11.980894106304955], [79.47426385320458, 11.980892606899966], [79.47426436090542, 11.980802205165928], [79.47417253829711, 11.980801705316354]]]}, "id": "+3398+7518", "properties": {"count": 51, "water": 1}}, {"type": "Feature", "geometry": {"geodesic": false, "type": "Polygon", "coordinates": [[[79.4755018088134, 12.022033354125488], [79.47550282697293, 12.021852551088603], [79.47559466354106, 12.021853052186835], [79.4755951725804, 12.021762650668393], [79.47568700912157, 12.021763151739675], [79.47568650010918, 12.0218535532671], [79.4761456830127, 12.021856058183337], [79.47614364753807, 12.022217664364907], [79.4760518108262, 12.022217163428373], [79.47605130191263, 12.022307564973763], [79.47595946517383, 12.022307063992313], [79.4759589562333, 12.022397465528723], [79.47586711946754, 12.022396964529305], [79.475867628444, 12.022306562992895], [79.47568395499334, 12.022305560895248], [79.47568446402369, 12.022215159367821], [79.4755926273298, 12.022214658278573], [79.47559364544442, 12.022033855232703], [79.4755018088134, 12.022033354125488]]]}, "id": "+3405+7061", "properties": {"count": 32, "water": 1}}, {"type": "Feature", "geometry": {"geodesic": false, "type": "MultiPolygon", "coordinates": [[[[79.47582412847858, 12.013717914022381], [79.4757322946593, 12.01371741332839], [79.47573280330337, 12.013627011747065], [79.47582463708673, 12.013627512441055], [79.47582412847858, 12.013717914022381]]], [[[79.47591596229786, 12.013718414689421], [79.47591697945127, 12.013537611508804], [79.47582514569487, 12.013537110850747], [79.47582667149237, 12.013265906088806], [79.47591850515893, 12.013266406728897], [79.47591952226743, 12.01308560354828], [79.47582768866374, 12.01308510290819], [79.47582921439836, 12.012813898137265], [79.47592104791221, 12.01281439875939], [79.47592053936695, 12.012904800358681], [79.47601237291674, 12.012905300953857], [79.47601084735281, 12.01317650575173], [79.47610268100141, 12.01317700632894], [79.47610217250106, 12.013267407937214], [79.4760103388255, 12.013266907351023], [79.47600881321665, 12.013538112139912], [79.47610064698203, 12.013538612735088], [79.4761001384727, 12.013629014334379], [79.4760083046714, 12.01362851373022], [79.47600779611714, 12.01371891532053], [79.47591596229786, 12.013718414689421]]], [[[79.47619095529129, 12.013810318101187], [79.47619197227402, 12.013629514902604], [79.47637563988563, 12.013630515958209], [79.47637513145715, 12.013720917566483], [79.4762832976199, 12.013720417052156], [79.47628278915549, 12.013810818651447], [79.47619095529129, 12.013810318101187]]], [[[79.47582412847858, 12.013717914022381], [79.47591596229786, 12.013718414689421], [79.47591545371667, 12.01380881627973], [79.47582361986144, 12.013808315612689], [79.47582412847858, 12.013717914022381]]], [[[79.47591545371667, 12.01380881627973], [79.47619095529129, 12.013810318101187], [79.47618942979024, 12.014081522908045], [79.47609759583621, 12.014081022312869], [79.4760981043725, 12.013990620722561], [79.4759144365363, 12.013989619451362], [79.47591545371667, 12.01380881627973]]]]}, "id": "+3407+7160", "properties": {"count": 29, "water": 1}}, {"type": "Feature", "geometry": {"geodesic": false, "type": "Polygon", "coordinates": [[[79.47617976742121, 12.015799153177797], [79.4761807845836, 12.015618349997181], [79.47627261905866, 12.015618850628288], [79.4762741446765, 12.015347645848381], [79.47618231029126, 12.01534714523524], [79.47618332740875, 12.01516634204564], [79.47609149308641, 12.015165841414532], [79.47609098449624, 12.01525624300484], [79.47590731580664, 12.015255241625844], [79.4759078244597, 12.01516484004452], [79.47581599014634, 12.01516433932358], [79.47581649882636, 12.015073937742255], [79.47600016739018, 12.015074939157184], [79.47600118460649, 12.014894135994535], [79.47590935038296, 12.014893635309527], [79.47590884174787, 12.014984036890851], [79.47572517324691, 12.014983035422024], [79.47572619064287, 12.014802232268357], [79.47581802483047, 12.014802733007263], [79.47581955079865, 12.014531528272272], [79.47609505309192, 12.014533030282376], [79.47609657874568, 12.014261825502468], [79.47628024678849, 12.014262826665869], [79.47627973829712, 12.014353228274144], [79.47655524047362, 12.014354729808142], [79.47655879914961, 12.013721918505304], [79.47674246686005, 12.013722919318363], [79.47674297516276, 12.013632517692121], [79.47683480900001, 12.013633018053735], [79.47683328416372, 12.01390422294144], [79.47692511809079, 12.013904723285087], [79.47692410157518, 12.014085526546552], [79.47701593556515, 12.01408602686325], [79.47701491909444, 12.014266830133698], [79.47710675315628, 12.014267330423445], [79.4771057367305, 12.014448133702876], [79.47719757084623, 12.014448633974657], [79.47719604627044, 12.014719838889313], [79.47728788049396, 12.014720339143128], [79.4772853396002, 12.015172347346196], [79.47737717397644, 12.015172847591028], [79.47737463313658, 12.015624855794098], [79.47746646766552, 12.015625356029947], [79.47746189417173, 12.016438970791878], [79.47755372897916, 12.016439471027727], [79.47755118815726, 12.016891479230795], [79.47745935318814, 12.016890978967997], [79.47745833677133, 12.017071782238444], [79.47736650174832, 12.017071281939714], [79.47736599350847, 12.017161683565954], [79.4772741584585, 12.017161183240272], [79.477273141889, 12.017341986483771], [79.47718130678513, 12.017341486122158], [79.47718029013477, 12.017522289356673], [79.477088454977, 12.017521788950145], [79.47708591314, 12.017973797018467], [79.47699407782952, 12.017973296558038], [79.47699255258898, 12.018244501382862], [79.47690071718866, 12.0182440008865], [79.47690224251903, 12.017972796079643], [79.47681040721753, 12.017972295556334], [79.47681244105723, 12.017610689159168], [79.47690427624195, 12.017611189655529], [79.47690478466146, 12.017520788047255], [79.47699661981922, 12.017521288516665], [79.4769971282028, 12.017430886899408], [79.47690529307197, 12.017430386438981], [79.47690580149147, 12.017339984830706], [79.4764466260799, 12.017337482088392], [79.47644713464314, 12.017247080498084], [79.47626346456116, 12.017246079199936], [79.47626397318727, 12.01715567761861], [79.47644764319739, 12.017156678907776], [79.47645171149664, 12.016433466167344], [79.47635987673412, 12.01643296557217], [79.47636089383363, 12.01625216238257], [79.47608538975271, 12.016250660426364], [79.47608589838781, 12.016160258845039], [79.4759940637331, 12.016159758133083], [79.47599457239514, 12.016069356551759], [79.47608640701392, 12.016069857263714], [79.47608793288327, 12.015798652510757], [79.47617976742121, 12.015799153177797]], [[79.47600118460649, 12.014894135994535], [79.47600169320565, 12.014803734404225], [79.47609352740223, 12.0148042350533], [79.47609301883001, 12.014894636643609], [79.47600118460649, 12.014894135994535]], [[79.47617976742121, 12.015799153177797], [79.47627160195914, 12.015799653808905], [79.47627211051339, 12.015709252218597], [79.47636394502437, 12.015709752822755], [79.47636343650606, 12.015800154413062], [79.47645527105298, 12.015800654990272], [79.47645476256162, 12.015891056589563], [79.47636292797877, 12.015890556012355], [79.47636191091519, 12.016071359201954], [79.47627007627844, 12.016070858579829], [79.47627058484167, 12.01598045698952], [79.47617875024085, 12.01597995634943], [79.47617976742121, 12.015799153177797]]]}, "id": "+3417+7151", "properties": {"count": 483, "water": 1}}, {"type": "Feature", "geometry": {"geodesic": false, "type": "Polygon", "coordinates": [[[79.47711339756324, 11.980365676525222], [79.47711390428493, 11.980275274674403], [79.47812395265291, 11.980280760596012], [79.4781234462636, 11.980371162491746], [79.47803162363732, 11.98037066391778], [79.47803061077786, 11.980551467709251], [79.47793878808871, 11.980550969099353], [79.47793625571995, 11.981002978533112], [79.47775261005418, 11.981001981178569], [79.4777531165962, 11.9809115793008], [79.4775694710023, 11.980910581838458], [79.4775699776072, 11.98082017996069], [79.47747815484618, 11.980819681189093], [79.4774796747148, 11.980548475582737], [79.47738785205259, 11.980547976793176], [79.47738835869343, 11.980457574924388], [79.47729653606716, 11.980457076107879], [79.47729704274393, 11.980366674248076], [79.47711339756324, 11.980365676525222]]]}, "id": "+3429+7520", "properties": {"count": 47, "water": 1}}, {"type": "Feature", "geometry": {"geodesic": false, "type": "MultiPolygon", "coordinates": [[[[79.47589130308518, 11.903334151983627], [79.47589432569153, 11.902791738192747], [79.47598612211394, 11.902792234278378], [79.4759876332689, 11.90252102736048], [79.47607942960148, 11.902521523410181], [79.47607993327787, 11.90243112110122], [79.47626352588915, 11.902432113101806], [79.47626402951164, 11.902341710783862], [79.47635582579034, 11.902342206734748], [79.47635733652308, 11.90207099976295], [79.47644913272092, 11.90207149566892], [79.47644963625358, 11.901981093341993], [79.47663322859536, 11.9019820850641], [79.47663423554391, 11.901801280383298], [79.47681782777788, 11.90180227197964], [79.47681833118479, 11.901711869625766], [79.47691012727482, 11.901712365379021], [79.47691063064579, 11.901621963025145], [79.47700242671787, 11.901622458733485], [79.4770029300529, 11.901532056379608], [79.47709472608905, 11.901532552061], [79.47709573269624, 11.901351747335282], [79.47718752867848, 11.901352242980739], [79.47718702540632, 11.901442645343598], [79.47727882142449, 11.901443140953123], [79.47727932466971, 11.901352738590264], [79.47773830467074, 11.901355216197716], [79.47773629230078, 11.901716825738985], [79.47791988457068, 11.901717816607693], [79.47792038760927, 11.901627414217884], [79.47782859150128, 11.901626918797005], [79.47782959762337, 11.901446114017388], [79.47792139367748, 11.9014466094203], [79.4779218966981, 11.901356207030492], [79.47801369272527, 11.901356702397472], [79.47801419570996, 11.90126629999868], [79.47810599171017, 11.901266795338712], [79.47810649466791, 11.901176392930937], [79.47819829063219, 11.901176888235035], [79.478198793554, 11.901086485827259], [79.47884136524104, 11.901089952102547], [79.47883935437126, 11.901451561841446], [79.47893115047029, 11.901452056920965], [79.4789291396544, 11.901813666668845], [79.47874554723178, 11.901812676446925], [79.4787445416846, 11.901993481307391], [79.4788363379543, 11.901993976431825], [79.47883533244305, 11.902174781292292], [79.4790189251172, 11.90217577147828], [79.47901942781444, 11.902085369043556], [79.47911122412906, 11.902085864087143], [79.47911273209499, 11.901814656765003], [79.47920452831978, 11.901815151763673], [79.47920503093617, 11.901724749319966], [79.47929682714299, 11.901725244282705], [79.47929732972344, 11.901634841830013], [79.47938912589433, 11.901635336774785], [79.47938962844783, 11.901544934313112], [79.47948142459177, 11.901545429212968], [79.4794809220742, 11.901635831674643], [79.47957271825406, 11.901636326556531], [79.47957221576344, 11.901726729018206], [79.47984760442883, 11.901728213475229], [79.47984710201905, 11.90181861595487], [79.47993889827977, 11.901819110719979], [79.47993839589695, 11.901909513190637], [79.4800301921936, 11.901910007928796], [79.48002918748185, 11.90209081289706], [79.4799373911313, 11.902090318149916], [79.4799368887395, 11.902180720620574], [79.47984509235302, 11.90218022584648], [79.47984408749754, 11.902361030787796], [79.47993588393791, 11.902361525570871], [79.47993538153713, 11.90245192805051], [79.48002717801344, 11.902452422806636], [79.4800261732478, 11.902633227765918], [79.47993437671758, 11.902632732991826], [79.47993387429884, 11.902723135471465], [79.47984207774167, 11.902722640661441], [79.47984107283229, 11.902903445602755], [79.47974927621225, 11.902902950756797], [79.4797477687314, 11.90317415814182], [79.47983956544128, 11.90317465299676], [79.47983856049596, 11.903355457929091], [79.47974676372321, 11.903354963065167], [79.47974525618847, 11.903626170441205], [79.47992884991365, 11.90362716016007], [79.47992985482303, 11.90344635522774], [79.4801134484404, 11.903447344802872], [79.4801129460486, 11.903537747282513], [79.48002114920398, 11.903537252499438], [79.48001913947506, 11.903898862382066], [79.48020273340686, 11.903899851939233], [79.48020323578967, 11.903809449459594], [79.48029503272413, 11.90380994418877], [79.48029402803034, 11.90399074914805], [79.48075301309788, 11.90399322238969], [79.48075351530105, 11.903902819892084], [79.48084531229838, 11.90390331445058], [79.48084631663284, 11.9037225094374], [79.48102991051073, 11.903723498446595], [79.48102890630204, 11.903904303468758], [79.4809371093047, 11.903903808973144], [79.48093510071665, 11.90426541899052], [79.48084330359355, 11.90426492444999], [79.48084179701999, 11.904536131951792], [79.48111718867676, 11.904537615519484], [79.4811176907811, 11.904447213012894], [79.48120948797607, 11.904447707463593], [79.48120848382129, 11.904628512494739], [79.48130028107913, 11.904629006936455], [79.48129927696927, 11.904809811967601], [79.48139107429897, 11.904810306382366], [79.48138956819255, 11.905081513938068], [79.48111417596087, 11.905080030568005], [79.48111317168929, 11.905260835581185], [79.48102137422482, 11.905260341058622], [79.4810208720576, 11.905350743565212], [79.48111266954902, 11.905351238087775], [79.48111216740874, 11.905441640594365], [79.48120396493609, 11.905442135089979], [79.48120346281377, 11.905532537605552], [79.48101986770519, 11.905531548560424], [79.48102036988139, 11.905441146062817], [79.48083677484468, 11.905440156909892], [79.48083727708377, 11.905349754421268], [79.48065368211891, 11.905348765151562], [79.4806541844119, 11.90525836267192], [79.4804705895279, 11.905257373294416], [79.48047109188377, 11.905166970814777], [79.4803792944732, 11.9051664760856], [79.48038029922088, 11.904985671135304], [79.48010490721377, 11.90498418679506], [79.48010540966845, 11.904893784324402], [79.47973822050231, 11.904891804805827], [79.47973872308276, 11.904801402353135], [79.47955512858503, 11.904800412418675], [79.4795556312104, 11.904710009974968], [79.47946383399747, 11.904709514967314], [79.47946433665876, 11.90461911253259], [79.47845456792736, 11.904613665517015], [79.47845507091205, 11.904523263118223], [79.47808788252743, 11.904521281506572], [79.47808838562891, 11.904430879125746], [79.47698682122967, 11.904424931470082], [79.47698732469047, 11.904334529134172], [79.4767119337793, 11.904333041559994], [79.47671243732994, 11.904242639233068], [79.47662064039548, 11.904242143318115], [79.47662215111026, 11.903970936346319], [79.47625496378566, 11.903968952443963], [79.47625546747103, 11.903878550135003], [79.47598007710785, 11.903877061896072], [79.47598309968726, 11.903334648096209], [79.47589130308518, 11.903334151983627]], [[79.47663222163781, 11.902162889735921], [79.47663272511659, 11.90207248740001], [79.4767245213234, 11.902072983225132], [79.47672401787159, 11.90216338556104], [79.47663222163781, 11.902162889735921]], [[79.47700091667683, 11.901893665795113], [79.47700142002982, 11.901803263441238], [79.47718501229974, 11.901804254795035], [79.47718450900962, 11.901894657157895], [79.47700091667683, 11.901893665795113]], [[79.47864872280397, 11.902716205508037], [79.47864972848589, 11.902535400665538], [79.47883332138463, 11.90253639100424], [79.47883382415372, 11.9024459885785], [79.47910921344793, 11.90244747385299], [79.4791082080804, 11.902628278722439], [79.47883281860655, 11.902626793429981], [79.47883231582847, 11.902717195855722], [79.47864872280397, 11.902716205508037]], [[79.4803813039506, 11.904804866176022], [79.48038180630647, 11.904714463705366], [79.48047360356432, 11.904714958407592], [79.48047310123539, 11.904805360896216], [79.4803813039506, 11.904804866176022]], [[79.47809744080867, 11.902803636127157], [79.47800564430541, 11.902803140724243], [79.47800614736197, 11.902712738334435], [79.47809794383828, 11.902713233728365], [79.47809844685891, 11.902622831338556], [79.47819024331726, 11.902623326705536], [79.47818974032359, 11.902713729104327], [79.47828153680888, 11.902714224444358], [79.47828053087542, 11.902895029250926], [79.47809693777906, 11.902894038516965], [79.47809744080867, 11.902803636127157]]], [[[79.47809744080867, 11.902803636127157], [79.47809794383828, 11.902713233728365], [79.47818974032359, 11.902713729104327], [79.4781892373299, 11.90280413150312], [79.47809744080867, 11.902803636127157]]]]}, "id": "+3432+8396", "properties": {"count": 1499, "water": 1}}, {"type": "Feature", "geometry": {"geodesic": false, "type": "Polygon", "coordinates": [[[79.479610086508, 12.026395154889578], [79.47960856278561, 12.026666359876097], [79.47951672441188, 12.02666585990076], [79.47951723235528, 12.026575458238586], [79.47933355568864, 12.026574458189096], [79.47933406369492, 12.026484056535905], [79.4788748722574, 12.026481555913616], [79.47887538040742, 12.026391154278391], [79.47878354215945, 12.026390654060508], [79.4787840503364, 12.026300252434268], [79.47869221212436, 12.026299752198419], [79.47869322852318, 12.026118948945937], [79.47878506667234, 12.026119449172803], [79.47878608299033, 12.025938645911339], [79.47869424490405, 12.025938145684473], [79.47869475308998, 12.025847744058233], [79.47841923894792, 12.02584624322492], [79.47841974721472, 12.025755841607664], [79.47823607120385, 12.025754840902403], [79.47823657953353, 12.025664439294129], [79.47814474156402, 12.025663938896583], [79.47814524992064, 12.025573537288308], [79.47823708786319, 12.02557403767687], [79.47823759618387, 12.025483636068596], [79.47842127201508, 12.025484636746908], [79.47842076374829, 12.025575038364165], [79.47851260169982, 12.025575538662896], [79.47851209346896, 12.025665940289137], [79.47878760744034, 12.025667441014651], [79.47878709929932, 12.025757842649874], [79.47933812753851, 12.0257608433014], [79.47933761956817, 12.025851244963574], [79.47952129574072, 12.025852244950183], [79.47952078783327, 12.025942646612355], [79.47979630221786, 12.025944146376672], [79.47979579440025, 12.026034548047829], [79.48007130891061, 12.026036047551633], [79.48007080117382, 12.026126449240756], [79.48025447759791, 12.026127448769223], [79.48025396992401, 12.026217850458346], [79.48034580817199, 12.026218350182155], [79.48034530052503, 12.026308751880261], [79.48025346224112, 12.02630825214747], [79.48025295455824, 12.026398653845575], [79.48016111625637, 12.026398154085832], [79.48016060853756, 12.026488555765972], [79.48006877019975, 12.02648805597928], [79.4800692779545, 12.026397654290157], [79.479610086508, 12.026395154889578]], [[79.479610086508, 12.026395154889578], [79.47942640995815, 12.026394154920935], [79.47942691791053, 12.026303753258762], [79.47933507968052, 12.026303253229525], [79.47933609564815, 12.026122449923145], [79.47942793382427, 12.026122949943398], [79.47942742587189, 12.026213351605572], [79.47951926408393, 12.026213851598875], [79.47951875615851, 12.02630425326105], [79.47961059440648, 12.026304753227404], [79.479610086508, 12.026395154889578]]]}, "id": "+3435+7020", "properties": {"count": 115, "water": 1}}, {"type": "Feature", "geometry": {"geodesic": false, "type": "MultiPolygon", "coordinates": [[[[79.48097123722762, 11.996569053194898], [79.48106306545938, 11.996569551463438], [79.48106255933956, 11.996659953386121], [79.48097073107186, 11.9966594551086], [79.48097123722762, 11.996569053194898]]], [[[79.48122647630387, 12.000186624449764], [79.48122597008525, 12.000277026345499], [79.48113414058686, 12.000276527978146], [79.48113464684143, 12.00018612608241], [79.48122647630387, 12.000186624449764]]], [[[79.4804192552381, 11.9967468667014], [79.48087839663046, 11.996749358708847], [79.48087789043878, 11.996839760613566], [79.48096971876038, 11.99684025892702], [79.48096921259564, 11.996930660840722], [79.48106104094418, 11.996931159127227], [79.4810605348064, 11.99702156104991], [79.48115236319987, 11.997022059309467], [79.48114983260079, 11.997474068895942], [79.48124166114697, 11.997474567146513], [79.48124014283243, 11.997745772896602], [79.48133197146844, 11.997746271129207], [79.4813294410131, 11.998198280733648], [79.4814212698108, 11.99819877895727], [79.48141266600751, 11.999735611544097], [79.4813208366888, 11.99973511324861], [79.48131830577532, 12.000187122781185], [79.48122647630387, 12.000186624449764], [79.48122698253148, 12.000096222545045], [79.48085966481642, 12.000094228904953], [79.48085865212764, 12.000275032678456], [79.48076682264723, 12.000274534185339], [79.48076530348828, 12.00054573982763], [79.48085713305854, 12.00054623832973], [79.48085662669617, 12.000636640216483], [79.48094845630236, 12.000637138691634], [79.48094794996695, 12.000727540578385], [79.48113160925118, 12.00072853744784], [79.48113262179623, 12.000547733665352], [79.48122445138445, 12.000548232041687], [79.48122343889328, 12.000729035842141], [79.48131526854439, 12.000729534200513], [79.48131476232575, 12.00081993610523], [79.48122293264771, 12.000819437737878], [79.48122192013858, 12.001000241529347], [79.48113009039766, 12.000999743126062], [79.48112958410717, 12.001090145021797], [79.48094592458038, 12.00108914811641], [79.48094491185567, 12.001269951880932], [79.48085308204287, 12.001269453378832], [79.48085257564458, 12.0013598552566], [79.48076074579585, 12.001359356718567], [79.48075973292741, 12.001540160465122], [79.48057607313113, 12.001539163281258], [79.48057556663403, 12.00162956514106], [79.48039190678386, 12.001628567831432], [79.48039241334385, 12.00153816597163], [79.48030058345918, 12.001537667280882], [79.48030109004613, 12.00144726542108], [79.4802092601974, 12.001446766703383], [79.48020976681129, 12.001356364852564], [79.4800261071857, 12.001355367318357], [79.48002661385348, 12.00126496547652], [79.47984295429976, 12.001263967834515], [79.47984650131562, 12.00063115496861], [79.47993833087689, 12.000631653776137], [79.47993883754468, 12.000541251934301], [79.4801224966133, 12.000542249459526], [79.48012300321821, 12.000451847599722], [79.48021483272558, 12.000452346317418], [79.48021533929456, 12.000361944457616], [79.48030716878395, 12.000362443130397], [79.48030818185003, 12.00018163941079], [79.48040001127656, 12.00018213804764], [79.48040102426178, 12.00000133431905], [79.48021736553451, 12.000000337018406], [79.4802168589835, 12.000090738878209], [79.48012502959291, 12.000090240187461], [79.4801260427578, 11.99990943647684], [79.4800342134301, 11.999908937759143], [79.48003522663991, 11.999728134048521], [79.48021888516956, 11.999729131438997], [79.4802193917026, 11.999638729579194], [79.48031122094946, 11.999639228225027], [79.48031223394366, 11.999458424496437], [79.48040406312764, 11.999458923097352], [79.48040456958881, 11.999368521228567], [79.48049639874584, 11.999369019802533], [79.48049589231162, 11.999459421680301], [79.48058772150458, 11.999459920227318], [79.48058822791185, 11.99936951834955], [79.48068005706888, 11.999370016860633], [79.48068258887169, 11.998918007435854], [79.48077441788499, 11.998918505902024], [79.48077492420242, 11.99882810401527], [79.48086675318878, 11.998828602445506], [79.48086725947029, 11.998738200549772], [79.48077543051089, 11.998737702119536], [79.48077644312781, 11.998556898337048], [79.48086827202432, 11.9985573967583], [79.4808692845604, 11.998376592957847], [79.48077745571779, 11.99837609455456], [79.48077846829877, 11.99819529076309], [79.48068663952802, 11.998194792323872], [79.48068714584547, 11.998104390437119], [79.48059531710166, 11.998103891979934], [79.48059582344605, 11.998013490093182], [79.48050399474717, 11.998012991600065], [79.48050450110954, 11.997922589713314], [79.48041267244658, 11.997922091202229], [79.4804136852252, 11.997741287437709], [79.47995454226078, 11.997738794469065], [79.47995707490801, 11.997286785143102], [79.48014073177578, 11.997287782380864], [79.48014123823695, 11.997197380512079], [79.48023306664837, 11.997197879086045], [79.48023357306462, 11.997107477199293], [79.48032540144911, 11.997107975737325], [79.4803259078384, 11.997017573859557], [79.48041773619593, 11.997018072361657], [79.4804192552381, 11.9967468667014]], [[79.48105446082964, 11.998106383978397], [79.48105395463797, 11.998196785883117], [79.48096212584925, 11.998196287542713], [79.48096263207687, 11.998105885637994], [79.48105446082964, 11.998106383978397]], [[79.48105446082964, 11.998106383978397], [79.48105496701234, 11.998015982064697], [79.48114679574715, 11.998016480369168], [79.48114628958243, 11.998106882282869], [79.48105446082964, 11.998106383978397]]], [[[79.48097123722762, 11.996569053194898], [79.48087940899586, 11.996568554890427], [79.48087991517855, 11.996478152976726], [79.48069625879587, 11.996477156286934], [79.4806957525503, 11.996567558191654], [79.4806039243365, 11.99656705979735], [79.48060341806398, 11.996657461693086], [79.4804197615825, 11.996656464805666], [79.4804192552381, 11.9967468667014], [79.4803274269704, 11.996746368208283], [79.48032793334174, 11.996655966321532], [79.48023610510998, 11.996655467801464], [79.48023661150827, 11.996565065914712], [79.48014478331245, 11.996564567376678], [79.48014528973769, 11.99647416549891], [79.48023711790657, 11.996474664036944], [79.4802381306762, 11.996293860272422], [79.48032995879119, 11.996294358774522], [79.48033046513558, 11.996203956878787], [79.48042229322361, 11.996204455353938], [79.48042330584951, 11.996023651562467], [79.48060696189981, 11.99602464839599], [79.48060746814538, 11.99593424649127], [79.48088295216694, 11.9959357415035], [79.48088244601118, 11.9960261434172], [79.4809742740543, 11.996026641703706], [79.48097123722762, 11.996569053194898]]]]}, "id": "+3460+7347", "properties": {"count": 562, "water": 1}}, {"type": "Feature", "geometry": {"geodesic": false, "type": "Polygon", "coordinates": [[[79.48049469766907, 11.900918053633882], [79.4804957019676, 11.900737248620702], [79.48058749789594, 11.9007377431253], [79.48058800000926, 11.900647340618711], [79.48049620411685, 11.90064684610513], [79.48049670625713, 11.90055644359854], [79.48086388972796, 11.900558421428284], [79.48086439174247, 11.900468018903728], [79.48123157516838, 11.9004699962394], [79.48123207705713, 11.900379593696877], [79.48178285213311, 11.900382558775117], [79.48178235042403, 11.90047296134459], [79.48187414630745, 11.900473455417997], [79.48187264125205, 11.900744663126412], [79.48196443724328, 11.900745157181852], [79.4819629322328, 11.901016364890266], [79.48205472831386, 11.901016858936723], [79.48205171838273, 11.901559274362537], [79.48214351465244, 11.901559768391028], [79.48214100641243, 11.902011781247369], [79.48223280282586, 11.90201227527586], [79.48222929133837, 11.902645093280128], [79.48204569807133, 11.902644105142299], [79.48204920999002, 11.902011287191929], [79.48195741357658, 11.90201079310954], [79.48195841700374, 11.90182998797958], [79.48186662066217, 11.901829493879225], [79.48186712239821, 11.901739091318735], [79.48168352976897, 11.901738103019209], [79.48168503514776, 11.90146689535571], [79.48177683136356, 11.901467389509964], [79.48177733311756, 11.901376986958459], [79.48168553692871, 11.901376492804204], [79.48168654048163, 11.90119568769221], [79.48159474435566, 11.901195193528972], [79.48159524616356, 11.901104790977467], [79.48150345007352, 11.901104296778296], [79.48150395189938, 11.901013894226791], [79.48095317562864, 11.901010928447864], [79.48095217159963, 11.901191733496976], [79.48076857941955, 11.901190744649478], [79.48076908149693, 11.901100342133905], [79.48058548939771, 11.901099353169625], [79.48058649365132, 11.900918548147462], [79.48049469766907, 11.900918053633882]]]}, "id": "+3464+8404", "properties": {"count": 156, "water": 1}}, {"type": "Feature", "geometry": {"geodesic": false, "type": "Polygon", "coordinates": [[[79.48194888376754, 11.903547636574965], [79.48194988733842, 11.903366831471953], [79.48213348107258, 11.903367819726563], [79.48213448450872, 11.903187014605587], [79.4822262813264, 11.903187508678993], [79.48222527795315, 11.903368313808953], [79.4823170748337, 11.903368807864393], [79.4823145664859, 11.90382082070277], [79.48240636352816, 11.903821314740243], [79.48240586187296, 11.903911717309715], [79.48231406480376, 11.903911223263258], [79.48231356312162, 11.904001625832729], [79.48222176602548, 11.90400113175034], [79.48222226774354, 11.903910729189851], [79.48213047068332, 11.903910235080513], [79.48213147416438, 11.903729429968518], [79.48203967717602, 11.90372893583223], [79.482040680693, 11.903548130729218], [79.48194888376754, 11.903547636574965]]]}, "id": "+3469+8373", "properties": {"count": 22, "water": 1}}, {"type": "Feature", "geometry": {"geodesic": false, "type": "Polygon", "coordinates": [[[79.48149814538702, 11.98445767984606], [79.48150016714439, 11.984096071778028], [79.481591991181, 11.98409656937283], [79.48159249658217, 11.98400616735133], [79.4817761446105, 11.984007162433137], [79.4817766499488, 11.983916760402655], [79.48205212192393, 11.983918252791803], [79.48204959566372, 11.984370262989131], [79.48195777151929, 11.984369765538059], [79.48195726622593, 11.984460167568542], [79.48149814538702, 11.98445767984606]]]}, "id": "+3472+7480", "properties": {"count": 31, "water": 1}}, {"type": "Feature", "geometry": {"geodesic": false, "type": "Polygon", "coordinates": [[[79.48417752931947, 11.865770146649057], [79.48417902754767, 11.865498937988427], [79.48427081182486, 11.865499429860963], [79.4842703124514, 11.865589832744844], [79.48436209676453, 11.865590324590428], [79.484360598707, 11.865861533278007], [79.48445238310997, 11.865862025105626], [79.4844483883468, 11.866585248266514], [79.48454017300129, 11.866585740094132], [79.48453667758466, 11.867218560362154], [79.48444489271458, 11.867218068498604], [79.48444689024437, 11.86685645694511], [79.48435510550904, 11.866855965072576], [79.48435710309273, 11.86649435351908], [79.48426531847419, 11.866493861637563], [79.4842693136865, 11.865770638530574], [79.48417752931947, 11.865770146649057]]]}, "id": "+3489+8790", "properties": {"count": 31, "water": 1}}, {"type": "Feature", "geometry": {"geodesic": false, "type": "Polygon", "coordinates": [[[79.48531519869881, 12.024437252149932], [79.48531772820195, 12.023985242563457], [79.48540956591093, 12.02398574052657], [79.48541007177023, 12.023895338603884], [79.48550190945227, 12.023895836540047], [79.4855014036289, 12.023986238462731], [79.48559324133788, 12.023986736371944], [79.48559121811627, 12.024348344089633], [79.48568305596001, 12.024348841980878], [79.48568153858871, 12.024620047775882], [79.485406024797, 12.02461855397638], [79.48540703656052, 12.024437750139993], [79.48531519869881, 12.024437252149932]]]}, "id": "+3512+7038", "properties": {"count": 23, "water": 1}}, {"type": "Feature", "geometry": {"geodesic": false, "type": "Polygon", "coordinates": [[[79.4871930554471, 11.91804068434677], [79.48719355612312, 11.917950281669501], [79.48728535811509, 11.917950774700861], [79.48728635940425, 11.917769969328356], [79.48746996327141, 11.91777095528328], [79.48747046384861, 11.917680552597027], [79.48783767151107, 11.91768252412958], [79.48783566966937, 11.918044134964422], [79.4877438676235, 11.918043642103742], [79.4877428666128, 11.91822444751218], [79.48783466872156, 11.91822494037286], [79.48783416824315, 11.91831534307708], [79.48774236610745, 11.918314850207416], [79.48774136506982, 11.91849565560687], [79.48764956288022, 11.918495162710258], [79.48765006343048, 11.918404760015022], [79.4872828548248, 11.918402788105176], [79.48728485746601, 11.91804117737813], [79.4871930554471, 11.91804068434677]]]}, "id": "+3531+8213", "properties": {"count": 45, "water": 1}}, {"type": "Feature", "geometry": {"geodesic": false, "type": "Polygon", "coordinates": [[[79.49056053013933, 11.939936864787683], [79.49056353314444, 11.939394448697115], [79.49065534248463, 11.939394941503897], [79.49065584294506, 11.939304538808662], [79.49093127091173, 11.939306017031377], [79.49093077054114, 11.939396419735596], [79.49102257990828, 11.939396912416614], [79.49101957781944, 11.939939328623963], [79.49056053013933, 11.939936864787683]]]}, "id": "+3566+7974", "properties": {"count": 33, "water": 1}}, {"type": "Feature", "geometry": {"geodesic": false, "type": "Polygon", "coordinates": [[[79.49071100013232, 11.912725630929048], [79.4907119986996, 11.912544825206199], [79.4908037990207, 11.91254531687212], [79.4908042982684, 11.912454914006204], [79.49071249797424, 11.912454422349265], [79.4907129972489, 11.91236401948335], [79.4908047975161, 11.912364511140288], [79.49080529675483, 11.912274108274373], [79.4908970969861, 11.912274599895378], [79.49089809539167, 11.912093794154563], [79.49098989557802, 11.912094285739636], [79.49099039474488, 11.912003882864736], [79.49108219489531, 11.912004374413877], [79.49108369227909, 11.911733165771214], [79.49126729241824, 11.911734148761697], [79.49126629428216, 11.911914954538444], [79.4911744941497, 11.911914463052186], [79.49117349594177, 11.91209526881995], [79.4912652961371, 11.912095760315191], [79.49126579521412, 11.91200535743131], [79.49144939554192, 11.912006340322979], [79.49144839751364, 11.912187146117692], [79.4912647970511, 11.912186163208057], [79.49126329979308, 11.912457371859704], [79.4913551001052, 11.912457863345962], [79.49135460103716, 11.912548266238828], [79.49117100035004, 11.912547283230378], [79.49117050121912, 11.91263768611426], [79.49126230159412, 11.91263817763645], [79.49126180249014, 11.912728580520334], [79.4911700020882, 11.912728088998142], [79.4911695029483, 11.912818491873042], [79.49080230125065, 11.912816525469868], [79.49080280051632, 11.912726122603951], [79.49071100013232, 11.912725630929048]]]}, "id": "+3568+8279", "properties": {"count": 51, "water": 1}}, {"type": "Feature", "geometry": {"geodesic": false, "type": "Polygon", "coordinates": [[[79.49101268174945, 12.023835255100517], [79.49101318573128, 12.02374485294427], [79.49156421300029, 12.023747828999925], [79.49156370920711, 12.02383823118312], [79.4916555471317, 12.023838727089089], [79.49165504335649, 12.023929129272286], [79.491746881317, 12.023929625151306], [79.49174637757773, 12.024020027343486], [79.49183821556518, 12.024020523195556], [79.49183771185285, 12.024110925387735], [79.49174587382946, 12.024110429526681], [79.49174486632396, 12.024291233902057], [79.49183670441023, 12.024291729772093], [79.49183620067994, 12.024382131964273], [79.49192803879316, 12.024382627798378], [79.4919275350988, 12.024473029990556], [79.49174385880048, 12.024472038277432], [79.49174335503425, 12.02456244046063], [79.49165151685814, 12.024561944554659], [79.4916520206603, 12.024471542371463], [79.49156018252012, 12.024471046438544], [79.49156219779165, 12.024109437723725], [79.49147035978622, 12.024108941772841], [79.49147086362431, 12.024018539598627], [79.49128718767633, 12.024017547616008], [79.49128769156833, 12.023927145450779], [79.4911040157012, 12.023926153351379], [79.49110451964708, 12.02383575118615], [79.49101268174945, 12.023835255100517]]]}, "id": "+3578+7040", "properties": {"count": 33, "water": 1}}, {"type": "Feature", "geometry": {"geodesic": false, "type": "MultiPolygon", "coordinates": [[[[79.49160384811691, 11.983608211856886], [79.49151202381978, 11.983607717567883], [79.49151252589716, 11.98351731513316], [79.49160435016736, 11.983517809413177], [79.49160384811691, 11.983608211856886]]], [[[79.49160284400703, 11.9837890167443], [79.49160384811691, 11.983608211856886], [79.49169567242303, 11.983608706118938], [79.49169517039954, 11.98369910857163], [79.4917869947416, 11.98369960279775], [79.49178649274505, 11.98379000525044], [79.49187831711406, 11.983790499458593], [79.49187932103528, 11.983609694553211], [79.49178749672916, 11.98360920035404], [79.49178799871673, 11.98351879790135], [79.4918798229959, 11.983519292100521], [79.49188132884181, 11.983248084733464], [79.49197315303115, 11.98324857888772], [79.4919706434257, 11.983700591178124], [79.49206246777675, 11.983701085323395], [79.49206347157221, 11.983520280400047], [79.4922471201575, 11.983521268582791], [79.4922461164878, 11.983702073524107], [79.49261341395484, 11.98370404955722], [79.49261090531958, 11.984156061973387], [79.49270272985028, 11.984156555930012], [79.4927022281412, 11.984246958409653], [79.49279405270782, 11.984247452339329], [79.49279455438098, 11.984157049850705], [79.49288637892066, 11.984157543744448], [79.49288537561927, 11.98433834873068], [79.49251807724494, 11.984336372949093], [79.49251908078888, 11.984155567989813], [79.49242725626716, 11.984155073979288], [79.49242675446824, 11.984245476449946], [79.49233492991958, 11.984244982403489], [79.49233593358029, 11.984064177462175], [79.4922441090945, 11.984063683397752], [79.49224511280013, 11.983882878456438], [79.49215328837724, 11.983882384365064], [79.492153790257, 11.98379198190339], [79.49197014149205, 11.983790993639797], [79.49196913761573, 11.983971798554162], [79.49187731317485, 11.983971304363974], [79.49187681119628, 11.984061706816666], [79.4919686356641, 11.984062201006852], [79.49196813372144, 11.984152603459544], [79.4918763092177, 11.984152109269356], [79.49187580723013, 11.984242511722046], [79.49160033367396, 11.984241028944872], [79.49159983158758, 11.984331431388581], [79.4915080070479, 11.984330937063646], [79.49150850916122, 11.98424053462892], [79.49114121114621, 11.984238557059689], [79.49114171337632, 11.98414815464293], [79.49123353784415, 11.984148649075662], [79.49123404003832, 11.984058246649921], [79.49141768892007, 11.984059235416572], [79.49141919529598, 11.983788028121381], [79.49160284400703, 11.9837890167443]], [[79.49160284400703, 11.9837890167443], [79.49169466837604, 11.983789511015337], [79.49169416634356, 11.983879913459043], [79.49160234194761, 11.983879419188009], [79.49160284400703, 11.9837890167443]]]]}, "id": "+3580+7488", "properties": {"count": 79, "water": 1}}, {"type": "Feature", "geometry": {"geodesic": false, "type": "Polygon", "coordinates": [[[79.49214200329148, 11.852884673747786], [79.49214398820892, 11.852523060532409], [79.49223576848861, 11.852523549287788], [79.49223626467307, 11.852433145981697], [79.4923280449348, 11.852433634710128], [79.49232854108331, 11.852343231395055], [79.4924203213091, 11.852343720087553], [79.49242081743066, 11.85225331677248], [79.49278793826197, 11.852255271237043], [79.49278496220631, 11.852797691226298], [79.49269318180984, 11.852797202632615], [79.49269169363379, 11.853068412604784], [79.49259991315647, 11.85306792397517], [79.49259892095826, 11.853248730614299], [79.49232357935561, 11.853247264500874], [79.49232407554905, 11.853156861194783], [79.49223229505375, 11.853156372439404], [79.49223378369693, 11.852885162521133], [79.49214200329148, 11.852884673747786]]]}, "id": "+3581+8937", "properties": {"count": 59, "water": 1}}, {"type": "Feature", "geometry": {"geodesic": false, "type": "MultiPolygon", "coordinates": [[[[79.49066758775265, 11.970313613575366], [79.49066808954258, 11.970223211086742], [79.49075990928526, 11.970223705115233], [79.49076041103028, 11.970133302617626], [79.49112768992016, 11.970135278390227], [79.4911281915484, 11.970044875883637], [79.49140365065966, 11.970046357394187], [79.49140415218908, 11.969955954869631], [79.49167961124644, 11.96995743609272], [79.49168011268604, 11.969867033559181], [79.49223103072889, 11.969869995169926], [79.49223052947795, 11.969960397730414], [79.49268962811949, 11.969962864935376], [79.49268912702125, 11.970053267513832], [79.49287276656052, 11.97005425419639], [79.49287226551618, 11.970144656774844], [79.49296408532174, 11.9701451500757], [79.49296358430436, 11.970235552663137], [79.49314722399633, 11.970236539175016], [79.49314672303285, 11.970326941771438], [79.49323854291927, 11.970327434982462], [79.49323804198274, 11.970417837578882], [79.49342168181843, 11.970418823929064], [79.49342118094478, 11.97050922653447], [79.49351300089407, 11.970509719664644], [79.49351250004737, 11.970600122279032], [79.49369614002681, 11.970601108458533], [79.493695639234, 11.970691511072921], [79.49406291937254, 11.970693483099549], [79.49406241869652, 11.970783885731903], [79.49415423877157, 11.970784378664447], [79.49415323746443, 11.970965183929156], [79.49406141732649, 11.970964690987627], [79.49406191801151, 11.970874288355272], [79.49369463763043, 11.970872316301696], [79.49369513843222, 11.97078191368731], [79.49351149832701, 11.970780927489841], [79.49351199919168, 11.970690524884436], [79.49342017917053, 11.970690031736295], [79.49342068006214, 11.970599629139873], [79.49332886007691, 11.970599135973766], [79.49332936098651, 11.97050873336836], [79.49296208122526, 11.97050676041647], [79.49296258226062, 11.97041635782903], [79.49268712256544, 11.970414877809684], [79.49268762369063, 11.970324475240213], [79.49232034427973, 11.970322501470854], [79.49232084551271, 11.970232098910365], [79.49167810692767, 11.970228643693337], [79.49167860836727, 11.970138241159798], [79.49149496887291, 11.970137253686723], [79.49149446736146, 11.970227656220262], [79.49112718829193, 11.9702256809058], [79.4911266866547, 11.97031608341239], [79.49066758775265, 11.970313613575366]]], [[[79.49066758775265, 11.970313613575366], [79.49066708596271, 11.970404016063988], [79.49029980679437, 11.970402039644599], [79.49029930487866, 11.970492442115257], [79.48993202564743, 11.97049046519281], [79.48993152360596, 11.970580867654485], [79.48947242451527, 11.970578395805234], [79.48947192232109, 11.97066879824894], [79.48892100335297, 11.970665831023725], [79.48892150573579, 11.970575428606967], [79.48938060470971, 11.970577901354535], [79.48938110693084, 11.970487498919809], [79.48984020585085, 11.970489970894825], [79.48984070791926, 11.970399568433152], [79.49020798701575, 11.970401545463394], [79.4902084889584, 11.970311142992738], [79.49066758775265, 11.970313613575366]]]]}, "id": "+3582+7636", "properties": {"count": 125, "water": 1}}, {"type": "Feature", "geometry": {"geodesic": false, "type": "Polygon", "coordinates": [[[79.49192939668654, 11.958025282679742], [79.49192989752427, 11.95793488005637], [79.49229716014565, 11.957936852325544], [79.49229766085762, 11.957846449684206], [79.4928485547268, 11.957849407162701], [79.49284805420349, 11.957939809822005], [79.4926644228389, 11.957938824109627], [79.49266392224372, 11.958029226759946], [79.49275573795298, 11.958029719638594], [79.49275523738474, 11.958120122288914], [79.49293886888408, 11.95812110796536], [79.49293836837874, 11.958211510624663], [79.49303018415985, 11.958212003413477], [79.49302868269773, 11.958483211409353], [79.49330413035547, 11.958484689641052], [79.49330362994894, 11.958575092318322], [79.49321181403307, 11.958574599601372], [79.49321081315713, 11.958755404946928], [79.4931189971784, 11.958754912185062], [79.49311949764781, 11.958664509516776], [79.49275223390353, 11.9586625382088], [79.49275323508489, 11.95848173290816], [79.49266141922294, 11.958481240011547], [79.49266191983608, 11.958390837361227], [79.49211102491586, 11.95838787938866], [79.49211202649248, 11.958207074141917], [79.4920202107473, 11.958206581047676], [79.49202121236884, 11.95802577579195], [79.49192939668654, 11.958025282679742]]]}, "id": "+3588+7769", "properties": {"count": 68, "water": 1}}, {"type": "Feature", "geometry": {"geodesic": false, "type": "Polygon", "coordinates": [[[79.49238207788946, 11.992291294191451], [79.4923825800477, 11.992200891774694], [79.49256623453493, 11.992201880451512], [79.49256723872566, 11.992021075591047], [79.49247541154493, 11.992020581275096], [79.49247641578056, 11.991839776423612], [79.4925682429074, 11.991840270730581], [79.4925687449848, 11.99174986830484], [79.49275239918455, 11.99175085681996], [79.49275189716106, 11.991841259254686], [79.49284372429688, 11.991841753480806], [79.49284272030378, 11.992022558359238], [79.49293454751147, 11.992023052558409], [79.49293354356328, 11.992203857445823], [79.49302537082487, 11.992204351618044], [79.49302486887323, 11.992294754061751], [79.4928412142872, 11.992293765681378], [79.49284171630171, 11.99220336323767], [79.49265806178752, 11.992202374740515], [79.49265705764172, 11.99238317960098], [79.49256523032624, 11.992382685302996], [79.49256573243957, 11.992292282877253], [79.49238207788946, 11.992291294191451]]]}, "id": "+3589+7394", "properties": {"count": 24, "water": 1}}, {"type": "Feature", "geometry": {"geodesic": false, "type": "Polygon", "coordinates": [[[79.49172080457177, 11.91273103768213], [79.49172230141657, 11.912459828976584], [79.49190590209471, 11.91246081160774], [79.4919064009741, 11.91237040869691], [79.49199820128622, 11.912370899967572], [79.49200069547658, 11.911918885377482], [79.49209249563599, 11.911919376594245], [79.49209299443453, 11.91182897367443], [79.49218479457596, 11.911829464855261], [79.49218529333858, 11.911739061926463], [79.49227709345307, 11.911739553080345], [79.49227759217975, 11.911649150151547], [79.49236939226729, 11.911649641269497], [79.49236989095805, 11.911559238331716], [79.49246169101863, 11.911559729413732], [79.49246218967345, 11.91146932647595], [79.49264578974972, 11.911470308550152], [79.49264529115779, 11.911560711496916], [79.49273709122737, 11.911561202489102], [79.49273758979234, 11.911470799533353], [79.49301298994718, 11.911472272330245], [79.4930139868885, 11.911291466400785], [79.4931975868929, 11.911292448097694], [79.49319708848063, 11.911382851071407], [79.49338068856588, 11.911383832660517], [79.49338168524669, 11.911203026695125], [79.49356528522415, 11.911204008149488], [79.49356478694662, 11.911294411141167], [79.49365658697128, 11.911294901827926], [79.49365509219263, 11.911566110802966], [79.49374689230712, 11.911566601471756], [79.49374589583292, 11.911747407455117], [79.49356229547817, 11.911746426081601], [79.4935617971737, 11.911836829064297], [79.49346999696937, 11.91183633832364], [79.49347049530978, 11.911745935340944], [79.49337869514139, 11.911745444582321], [79.49337819677403, 11.911835847556036], [79.49291919585123, 11.911833393268846], [79.49291770027307, 11.912104602145073], [79.49282590000585, 11.912104111188821], [79.49282540144087, 11.912194514135585], [79.49273360114672, 11.9121940231434], [79.4927331025548, 11.912284426090164], [79.4928249028759, 11.912284917091332], [79.49282340714501, 11.912556125940608], [79.49273160673407, 11.912555634930456], [79.4927311081152, 11.91264603787722], [79.4925475072484, 11.912645055767086], [79.4925480059212, 11.912554652829305], [79.49263980632314, 11.912555143893355], [79.49264030496897, 11.912464740955574], [79.49236490385294, 11.912463267673592], [79.49236440512627, 11.91255367060239], [79.4921808043493, 11.912552688258694], [79.49218130313886, 11.912462285338881], [79.49208950278184, 11.912461794122116], [79.49208900396532, 11.912552197041931], [79.49199720358133, 11.912551705798219], [79.49199620586747, 11.912732511628864], [79.49172080457177, 11.91273103768213]]]}, "id": "+3593+8285", "properties": {"count": 152, "water": 1}}, {"type": "Feature", "geometry": {"geodesic": false, "type": "Polygon", "coordinates": [[[79.49329536709223, 11.910208103135819], [79.49329586541468, 11.91011770014414], [79.49338766503509, 11.910118190875814], [79.49338866160811, 11.909937384892453], [79.49348046116565, 11.90993787557921], [79.49348095941622, 11.909847472587531], [79.49357275895578, 11.909847963238356], [79.49357375538506, 11.909667157246012], [79.49366555486175, 11.909667647860905], [79.49366605304046, 11.909577244851258], [79.49375785249019, 11.909577735439202], [79.49375835063297, 11.909487332429556], [79.49385015005576, 11.909487822972583], [79.4938506481626, 11.909397419962936], [79.49375884876676, 11.90939692941991], [79.49375934690954, 11.909306526410264], [79.49403474500723, 11.90930799794053], [79.49403175668957, 11.909850416061289], [79.49366455849535, 11.909848453862232], [79.49366356211098, 11.910029259863558], [79.49375536171344, 11.910029750469468], [79.49375486354371, 11.91012015347013], [79.49366306391431, 11.91011966286422], [79.49366256570866, 11.910210065864884], [79.49329536709223, 11.910208103135819]]]}, "id": "+3598+8306", "properties": {"count": 35, "water": 1}}, {"type": "Feature", "geometry": {"geodesic": false, "type": "Polygon", "coordinates": [[[79.49393547409859, 11.910663552658978], [79.4939359722234, 11.91057314964933], [79.49402777202347, 11.910573640183376], [79.49402976438796, 11.910212028126825], [79.49393796471364, 11.910211537610746], [79.49393846282048, 11.910121134592117], [79.49412206211522, 11.910122115597323], [79.49412106600934, 11.910302921634582], [79.49421286572857, 11.910303412096761], [79.49421236770257, 11.910393815124372], [79.49430416744876, 11.910394305559603], [79.49430317144169, 11.910575111605844], [79.49439497125076, 11.910575602023108], [79.49439297930847, 11.910937214133558], [79.49430117937365, 11.91093672369833], [79.49430018332166, 11.91111752974457], [79.49420838333293, 11.911117039273408], [79.49420888138587, 11.911026636254778], [79.49411708143307, 11.91102614576565], [79.49411757952196, 11.910935742747021], [79.49402577959611, 11.910935252230944], [79.49402727392562, 11.910664043193021], [79.49393547409859, 11.910663552658978]]]}, "id": "+3599+8297", "properties": {"count": 31, "water": 1}}, {"type": "Feature", "geometry": {"geodesic": false, "type": "Polygon", "coordinates": [[[79.49385102390093, 11.959210866866837], [79.49385152414577, 11.959120464180584], [79.49394334027723, 11.959120956708889], [79.4939438404951, 11.959030554013653], [79.4940356565996, 11.959031046506023], [79.4940371571275, 11.958759838393366], [79.49412897314217, 11.958760330849806], [79.4941294732792, 11.958669928145586], [79.49403765729147, 11.958669435689147], [79.49403815745546, 11.958579032984929], [79.49394634150367, 11.958578540510524], [79.49394684169461, 11.958488137806304], [79.49422228946912, 11.958489615139689], [79.49422178936803, 11.95858001785289], [79.49440542130753, 11.958581002595087], [79.49440492126033, 11.958671405317274], [79.49449673726602, 11.958671897647948], [79.49449623724577, 11.958762300379117], [79.49458805328739, 11.958762792682842], [79.49458755329408, 11.958853195405027], [79.49467936937164, 11.958853687690786], [79.49467886940529, 11.958944090421955], [79.49449523720526, 11.958943105823487], [79.49449573722552, 11.958852703101302], [79.49431210510635, 11.958851718386054], [79.4943116050232, 11.958942121108239], [79.49421978893666, 11.958941628696715], [79.49421878868955, 11.95912243412312], [79.49440242098838, 11.959123418910234], [79.49440192092322, 11.959213821632419], [79.49449373710857, 11.959214313990044], [79.49449273702315, 11.95939511942543], [79.49440092077491, 11.959394627058824], [79.49440142085805, 11.95930422434562], [79.49421778843345, 11.959303239540542], [79.4942182885615, 11.959212836827339], [79.49385102390093, 11.959210866866837]]]}, "id": "+3603+7762", "properties": {"count": 37, "water": 1}}, {"type": "Feature", "geometry": {"geodesic": false, "type": "MultiPolygon", "coordinates": [[[[79.48926297220972, 11.991732054371395], [79.48926196584506, 11.991912858953384], [79.48917013883502, 11.991912363559454], [79.48917114526255, 11.99173155898645], [79.48926297220972, 11.991732054371395]]], [[[79.49009796369538, 11.990199671858823], [79.4900061372333, 11.990199176806254], [79.4900066401012, 11.990108774470345], [79.49009846652734, 11.990109269522915], [79.49009796369538, 11.990199671858823]]], [[[79.49064389583687, 11.991106665111133], [79.4905520690514, 11.991106170202293], [79.4905525717666, 11.991015767848417], [79.4906443985341, 11.991016262757258], [79.49064389583687, 11.991106665111133]]], [[[79.49362498646741, 11.983438273593018], [79.49344133781923, 11.98343728631757], [79.49344183924984, 11.983346883793015], [79.49362548783513, 11.983347871059479], [79.49362498646741, 11.983438273593018]]], [[[79.49382116658686, 11.981179197152693], [79.49372934300837, 11.98117870368116], [79.49372984425032, 11.981088301138637], [79.4938216677839, 11.981088794601188], [79.49382116658686, 11.981179197152693]]], [[[79.49009796369538, 11.990199671858823], [79.49018979016643, 11.99020016687546], [79.49019129856356, 11.989928959849765], [79.4902831249448, 11.98992945483047], [79.49028463320717, 11.989658247786808], [79.49046828579895, 11.989659237631436], [79.49046929116646, 11.989478432923685], [79.49037746492897, 11.989477938023828], [79.49037796763518, 11.989387535669952], [79.49010248904844, 11.98938605079072], [79.49010550577083, 11.988843636721363], [79.49028915778769, 11.98884462661989], [79.49028865507249, 11.988935028973765], [79.49038048112135, 11.988935523882605], [79.49038249183842, 11.988573914449134], [79.49047431777049, 11.988574409313058], [79.49047482040484, 11.988484006950198], [79.49038299450869, 11.988483512086276], [79.4903839998313, 11.98830270736954], [79.49029217399804, 11.98830221248765], [79.49029116861256, 11.988483017204386], [79.49019934271642, 11.988482522286562], [79.49020135359518, 11.988120912862076], [79.49038500513593, 11.988121902643822], [79.49038450248362, 11.98821230500668], [79.49047632828993, 11.988212799852638], [79.4904768309153, 11.988122397489779], [79.49056865669465, 11.988122892299804], [79.49056966186454, 11.98794208755612], [79.49047783614806, 11.987941592755078], [79.49047733353167, 11.988031995117936], [79.49011003056695, 11.988030015581394], [79.49011204149063, 11.98766840616589], [79.49038751833464, 11.987669890820543], [79.49038852358537, 11.98748908608584], [79.49029669803059, 11.987488591239883], [79.4902972006829, 11.987398188877023], [79.49020537515507, 11.987397694004118], [79.4902068831749, 11.987126486924522], [79.49029870860393, 11.987126981779463], [79.49029921123828, 11.987036579416603], [79.49020738583621, 11.987036084561662], [79.49020788849751, 11.986945682198805], [79.49029971386365, 11.98694617704476], [79.490300216498, 11.986855774681903], [79.49020839114984, 11.986855279835945], [79.49020889380215, 11.986764877464102], [79.49030071911439, 11.98676537231006], [79.49030222695455, 11.986494165203515], [79.49039405217695, 11.986494660013541], [79.49039656500734, 11.986042648136362], [79.49048839008603, 11.986043142892488], [79.49048939513015, 11.985862338121853], [79.49067304517071, 11.985863327526308], [79.4906740500711, 11.985682522746691], [79.49094952498373, 11.985684006610827], [79.49094902261888, 11.985774409009618], [79.49104084762568, 11.985774903577097], [79.49104034529677, 11.985865305975889], [79.4911321703395, 11.98586580051642], [79.49113367722747, 11.98559459328411], [79.49104185228353, 11.985594098761547], [79.49104235460348, 11.985503696353772], [79.4909505296865, 11.98550320180426], [79.49095153437129, 11.985322396997692], [79.49076788468108, 11.985321407817818], [79.49076838707288, 11.985231005419026], [79.4906765622637, 11.985230510788664], [79.4906775671102, 11.985049706000064], [79.49049391762658, 11.985048716667475], [79.49049442009924, 11.984958314277666], [79.49058624481859, 11.984958808952943], [79.49058724970101, 11.984778004173325], [79.49067907435747, 11.98477849881267], [79.4906785719477, 11.984868901211463], [79.49077039663112, 11.984869395823859], [79.49076989424829, 11.98495979822265], [79.49086171897662, 11.984960292808095], [79.4908607142559, 11.985141097614664], [79.49095253904711, 11.985141592182142], [79.49095304137603, 11.985051189774367], [79.4910448661403, 11.985051684305914], [79.49104436383833, 11.985142086722673], [79.49113618863852, 11.98514258122727], [79.49113568636349, 11.985232983635045], [79.49122751119963, 11.985233478121676], [79.49122700895154, 11.985323880538434], [79.49131883381462, 11.985324374989133], [79.49131983824789, 11.985143570146635], [79.49141166305706, 11.9851440645614], [79.49141216523329, 11.985053662135659], [79.49168763959794, 11.98505514519131], [79.4916866354162, 11.985235950069743], [79.49159481057109, 11.985235455735825], [79.49159430843979, 11.98532585817055], [79.49168613332982, 11.985326352504467], [79.49168512912112, 11.985507157373917], [79.49186877902694, 11.985508145960903], [79.4918692810684, 11.98541774352618], [79.49196110599436, 11.985418237770265], [79.4919616079999, 11.985327835326558], [79.49232890762289, 11.985329811997474], [79.49232940950266, 11.9852394095358], [79.49214575974057, 11.985238421263224], [79.49214676361689, 11.98505761634886], [79.49223858843504, 11.985058110494132], [79.49223959222152, 11.984877305570784], [79.49214776746625, 11.984876811434495], [79.49214826939092, 11.984786408981805], [79.49233191884758, 11.984787397209464], [79.49233342439706, 11.984516189806477], [79.49242524904454, 11.9845166838709], [79.49242575085243, 11.984426281400243], [79.49251757547297, 11.98442677541975], [79.49251707368303, 11.98451717789939], [79.49270072298698, 11.98451816586654], [79.49269971953288, 11.98469897082582], [79.49251607011215, 11.984697982849688], [79.49251506651431, 11.984878787791002], [79.49279054084303, 11.984880269741726], [79.49279003912497, 11.98497067223035], [79.49260638951559, 11.984969684281166], [79.49260488417274, 11.985240891711104], [79.49269670907175, 11.985241385703661], [79.49269721082575, 11.985150983233005], [79.49306451033196, 11.985152958906792], [79.49306400869474, 11.985243361404398], [79.49315583361172, 11.985243855253225], [79.493156335213, 11.98515345275562], [79.49324816011202, 11.985153946568515], [79.49324866167737, 11.985063544061925], [79.49334048654045, 11.98506403784787], [79.49334349567208, 11.984521622799349], [79.49343532035549, 11.984522116522411], [79.49343732623962, 11.984160506469104], [79.49352915081523, 11.984161000147251], [79.49353015366746, 11.983980195107122], [79.4936219781802, 11.983980688749337], [79.49362247957488, 11.983890286224781], [79.49371430405168, 11.983890779840047], [79.4937163094597, 11.983529169714874], [79.49362448509969, 11.983528676117574], [79.49362498646741, 11.983438273593018], [79.49371681080048, 11.983438767181335], [79.49371781347305, 11.983257962114257], [79.49362598920287, 11.983257468534923], [79.49362649056161, 11.983167066001384], [79.49344284209309, 11.983166078752888], [79.49344234067146, 11.983256481277444], [79.49335051641924, 11.983255987599295], [79.49335101786782, 11.983165585083722], [79.49325919364254, 11.983165091378625], [79.4932601965936, 11.98298428634748], [79.49353566908975, 11.982985767337006], [79.49353667184317, 11.98280496227891], [79.49362849596065, 11.98280545587621], [79.49362949863321, 11.982624650809132], [79.49372132268782, 11.982625144370498], [79.49372082138296, 11.982715546904037], [79.4938126454735, 11.982716040438454], [79.49381414928921, 11.982444832810888], [79.49399779729958, 11.982445819753957], [79.49399829849663, 11.982355417211435], [79.49409012247936, 11.982355910629073], [79.49409112481057, 11.982175105517078], [79.49418294873043, 11.982175598907764], [79.49418445210597, 11.9819043912263], [79.49436809977497, 11.981905377890891], [79.49436910188162, 11.981724572751947], [79.4942772781055, 11.98172407944211], [79.49427828025703, 11.981543274303165], [79.49437010397027, 11.981543767604022], [79.49437110604097, 11.981362962465077], [79.49427928239062, 11.981362469164223], [79.49427978344394, 11.98127206659475], [79.49409613620611, 11.981271079930158], [79.49409563508094, 11.981361482490646], [79.49382016415683, 11.981360002255705], [79.49382116658686, 11.981179197152693], [79.49400481374383, 11.981180183987966], [79.49400531488698, 11.981089781436461], [79.49409713843852, 11.981090274800199], [79.49409763954573, 11.980999872239709], [79.4942812866039, 11.981000858886334], [79.49428479383337, 11.980368040873083], [79.4941929705154, 11.980367547590195], [79.49419447363941, 11.980096339872796], [79.49428629686756, 11.980096833137718], [79.49428880184666, 11.979644820245444], [79.4943806249221, 11.97964531346545], [79.4943781200957, 11.980097326375692], [79.49446994333283, 11.980097819586716], [79.4944684404783, 11.980369027340046], [79.49456026380525, 11.980369520533104], [79.49455876101362, 11.980640728295418], [79.4946505844394, 11.980641221461525], [79.49464908169267, 11.980912429232824], [79.49474090521726, 11.980912922380965], [79.49473940252443, 11.981184130152261], [79.49483122614784, 11.981184623291421], [79.49482972350891, 11.981455831062718], [79.49492154722215, 11.98145632418391], [79.49491954378144, 11.981817934560612], [79.49482771994244, 11.981817441430437], [79.49482621723165, 11.98208864919275], [79.49473439330282, 11.98208815601766], [79.4947338923573, 11.982178558605098], [79.4946420684105, 11.982178065394073], [79.49464006447572, 11.982539675707894], [79.49454824040316, 11.982539182451955], [79.49454222782624, 11.983624013285615], [79.49445040340335, 11.983623519957812], [79.49444839895652, 11.983985130199764], [79.49426474986817, 11.983984143418391], [79.4942642486801, 11.984074545969897], [79.49417242411347, 11.984074052534295], [79.49417192289846, 11.9841644550858], [79.49408009830488, 11.984163961614266], [79.49407909579399, 11.98434476669931], [79.49398727113753, 11.98434427318286], [79.49398576725893, 11.984615480801443], [79.49407759200523, 11.984615974317894], [79.49407658945842, 11.984796779393955], [79.4941684142676, 11.98479727289244], [79.49416741176572, 11.984978077977484], [79.49425923663777, 11.984978571458003], [79.49425723170586, 11.985340181628091], [79.49416540670803, 11.985339688138591], [79.49416490543014, 11.985430090681113], [79.49407308041434, 11.98542959715568], [79.49407257910052, 11.985519999689219], [79.49398075404879, 11.98551950612785], [79.49398025270801, 11.98560990866139], [79.49388842762934, 11.985609415064092], [79.49388792625263, 11.985699817588648], [79.493796101156, 11.985699323964399], [79.49379559974335, 11.985789726479972], [79.49370377461078, 11.98578923281979], [79.49369976292337, 11.98651245293539], [79.49360793755723, 11.986511959212326], [79.49360643301388, 11.986783166732096], [79.49369825846985, 11.986783660473126], [79.49369424643209, 11.987506880534825], [79.4936024207246, 11.987506386766848], [79.49359941133245, 11.988048801761469], [79.49350758545428, 11.988048307948574], [79.49350608061448, 11.988319515423427], [79.4934142546375, 11.988319021565617], [79.4934137529823, 11.98840942405424], [79.49332192698735, 11.988408930160498], [79.49332142529623, 11.98849933264912], [79.49322959927433, 11.988498838719444], [79.49322859582921, 11.988679643678726], [79.49313676974442, 11.988679149713116], [79.49313526445546, 11.98895035713407], [79.49304343828085, 11.98894986313253], [79.49304092923236, 11.98940187546785], [79.49294910291401, 11.98940138141241], [79.4929480991994, 11.989582186335758], [79.49285627282715, 11.989581692244384], [79.49285577092941, 11.989672094697076], [79.49276394453022, 11.98967160056977], [79.49276344260554, 11.989762003022461], [79.49257978975324, 11.989761014678018], [79.4925792877567, 11.989851417121727], [79.4924874613036, 11.989850922895608], [79.4924869592801, 11.989941325330332], [79.49239513280006, 11.989940831077263], [79.49239412867222, 11.99012163594671], [79.49230230213827, 11.990121141648725], [79.49230180004291, 11.990211544074468], [79.49220997348202, 11.990211049749533], [79.49220896921044, 11.990391854601015], [79.49211714258666, 11.990391360231165], [79.49211664041944, 11.990481762647923], [79.49202481376872, 11.990481268251123], [79.49202431156556, 11.990571670667881], [79.49193248488788, 11.990571176235148], [79.4919319826488, 11.990661578642925], [79.49165650257085, 11.990660095147097], [79.49165600023294, 11.99075049754589], [79.49147234680572, 11.990749508383981], [79.49147184439596, 11.99083991077379], [79.49128819092383, 11.990838921495099], [79.4912871859875, 11.99101972625675], [79.49110353240758, 11.99101873683433], [79.49110302987204, 11.991109139215157], [79.49101120305961, 11.991108644450048], [79.49101070047917, 11.991199046821889], [79.4908270468094, 11.99119805720184], [79.49082654416607, 11.991288459564698], [79.4906428904514, 11.991287469818886], [79.49064389583687, 11.991106665111133], [79.49091937624719, 11.991108149657988], [79.49092088403346, 11.990836942560428], [79.49082905731986, 11.990836447750404], [79.49082955993624, 11.990746045387544], [79.4906459065809, 11.990745055686645], [79.49064490122235, 11.990925860403381], [79.49027759431402, 11.99092388061531], [79.49027658869498, 11.991104685296111], [79.49036841547148, 11.991105180294783], [79.4903679126844, 11.991195582639676], [79.49027608587198, 11.991195087632022], [79.490275080226, 11.991375892312824], [79.49009142649335, 11.991374902198702], [79.49009092360747, 11.991465304525628], [79.48963178918603, 11.99146282869684], [79.48963128613846, 11.9915532310058], [79.4895394592452, 11.991552735746618], [79.48953895616168, 11.991643138055577], [79.48935530231226, 11.991642147429415], [79.48935479915689, 11.991732549729393], [79.48926297220972, 11.991732054371395], [79.48926397856538, 11.991551249789408], [79.48935580544966, 11.991551745138421], [79.4893573148529, 11.99128053823849], [79.48944914165634, 11.991281033551571], [79.48944964474883, 11.991190631242612], [79.48963329831079, 11.991191621760976], [79.4896338013404, 11.991101219452016], [79.48972562808994, 11.991101714666282], [79.4897266340773, 11.990920910030395], [79.48991028747757, 11.990921900342148], [79.489909281607, 11.991102704996], [79.48981745484846, 11.991102209844616], [79.48981695187275, 11.99119261216256], [79.48990877866721, 11.991193107313945], [79.48990827572743, 11.991283509640871], [79.49000010254885, 11.991284004765307], [79.49000060546167, 11.99119360243838], [79.49018425906854, 11.991194592597418], [79.4901847619185, 11.991104190261508], [79.490092935142, 11.991103695199955], [79.49009394088681, 11.990922890537119], [79.49018576760042, 11.990923385589689], [79.4901862704324, 11.99083298325378], [79.49009444375473, 11.990832488210192], [79.49009494661365, 11.990742085874283], [79.49018677326438, 11.99074258091787], [79.49018878454739, 11.990380971565248], [79.49009695802242, 11.990380476530644], [79.49009796369538, 11.990199671858823]], [[79.49056966186454, 11.98794208755612], [79.49057016444499, 11.987851685184276], [79.49038651306593, 11.987850695555244], [79.49038701570927, 11.9877602931834], [79.49047884136286, 11.987760788011393], [79.49047934396128, 11.987670385648533], [79.49057116958792, 11.987670880440591], [79.49057066701646, 11.987761282812434], [79.49066249267904, 11.987761777577543], [79.49066148759, 11.987942582330211], [79.49056966186454, 11.98794208755612]], [[79.49428479383337, 11.980368040873083], [79.49428529485076, 11.980277638294629], [79.49437711814178, 11.980278131541585], [79.49437661715135, 11.98036853412004], [79.49428479383337, 11.980368040873083]], [[79.49056111740397, 11.989478927787609], [79.49056162005628, 11.989388525433732], [79.49065344626683, 11.989389020270707], [79.49065294365045, 11.989479422633565], [79.49056111740397, 11.989478927787609]], [[79.49056262533396, 11.989207720708013], [79.49056312796831, 11.989117318336172], [79.49065495409802, 11.989117813164162], [79.49065445149063, 11.989208215536005], [79.49056262533396, 11.989207720708013]], [[79.49056664630996, 11.98848450177819], [79.49056714890838, 11.988394099406348], [79.49065897478656, 11.988394594207389], [79.49065847221509, 11.988484996579231], [79.49056664630996, 11.98848450177819]], [[79.49057468747142, 11.987038063810745], [79.49057519000696, 11.98694766142992], [79.49066701540005, 11.986948156159096], [79.49066751789965, 11.98685775377827], [79.49085116862294, 11.986858743146792], [79.49085066618622, 11.9869491455366], [79.49075884078415, 11.986948650861324], [79.49075783582985, 11.987129455640941], [79.49066601037389, 11.98712896092973], [79.49066651289147, 11.987038558548905], [79.49057468747142, 11.987038063810745]], [[79.49064741459173, 11.990473848616034], [79.49064841990536, 11.9902930438993], [79.49074024643032, 11.990293538745256], [79.49074074905569, 11.990203136382396], [79.49092440205172, 11.990204125966514], [79.4909249046142, 11.990113723594671], [79.49101673108525, 11.990114218341814], [79.4910162285587, 11.99020462072264], [79.49129170808867, 11.990206104793389], [79.49129070320625, 11.990386909564023], [79.49147435637295, 11.990387898815763], [79.49147385399013, 11.990478301205572], [79.49138202737534, 11.990477806593177], [79.4913815249476, 11.990568208982985], [79.49101421840757, 11.990566230218993], [79.49101371585408, 11.990656632590834], [79.49092188920335, 11.990656137825725], [79.49092239177482, 11.990565735453883], [79.49073873853625, 11.990564745833835], [79.4907392411706, 11.990474343470975], [79.49064741459173, 11.990473848616034]], [[79.49066500533876, 11.987309765691382], [79.4906655078653, 11.987219363310556], [79.49075733334823, 11.987219858021767], [79.4907568308576, 11.987310260402593], [79.49066500533876, 11.987309765691382]], [[79.49066852288988, 11.98667694901662], [79.49066952787112, 11.986496144245985], [79.4907613531115, 11.986496638930246], [79.4907608506568, 11.986587041320055], [79.4908526759331, 11.986587535977366], [79.49085217349638, 11.986677938367174], [79.49066852288988, 11.98667694901662]], [[79.49074426730749, 11.989570319815433], [79.49074476989693, 11.98947991744359], [79.4908365961524, 11.989480412226666], [79.49083609358992, 11.989570814598508], [79.49074426730749, 11.989570319815433]], [[79.49111609452936, 11.988758677286743], [79.49111709939382, 11.988577872507125], [79.49139257728885, 11.988579356281429], [79.49139307961777, 11.988488953882637], [79.49157673151785, 11.9884899429098], [79.49157773604095, 11.988309138085265], [79.49166956193709, 11.988309632544947], [79.4916700641672, 11.98821923012819], [79.49194554176579, 11.988220713318588], [79.49194453749422, 11.988401518170072], [79.49185271156215, 11.98840102380022], [79.49185220938594, 11.98849142621698], [79.49176038341793, 11.988490931811196], [79.49175988121478, 11.988581334227954], [79.4916680552288, 11.98858083978624], [79.49166755298072, 11.988671242202997], [79.49130024895598, 11.988669264121725], [79.49129974658214, 11.988759666520517], [79.49111609452936, 11.988758677286743]], [[79.49141015650149, 11.985415271838624], [79.49141116087188, 11.98523446698714], [79.49150298571699, 11.985234961374958], [79.4915019814005, 11.985415766235423], [79.49141015650149, 11.985415271838624]], [[79.49148138936415, 11.98912226524166], [79.49148289633297, 11.988851058027318], [79.49157472240877, 11.988851552540899], [79.49157522468379, 11.988761150133124], [79.4917588767815, 11.988762139061471], [79.49175837456038, 11.988852541478229], [79.49185020063618, 11.988853035901977], [79.491849698442, 11.988943438318737], [79.49203335068344, 11.988944427085386], [79.49203284854316, 11.989034829511127], [79.49240015318773, 11.989036806694084], [79.49239914914973, 11.989217611572517], [79.4923073229212, 11.989217117319447], [79.49230481257915, 11.98966912949307], [79.49221298619791, 11.989668635186101], [79.49221348831125, 11.989578232751377], [79.49212166196595, 11.98957773841746], [79.49212316835084, 11.989306531140235], [79.49221499460631, 11.989307025456187], [79.4922154966927, 11.989216623030446], [79.49184819183252, 11.989214645577993], [79.49184869404466, 11.989124243161235], [79.49148138936415, 11.98912226524166]], [[79.49156969934411, 11.9897555765917], [79.49157020167303, 11.989665174192908], [79.49166202801833, 11.989665668706488], [79.49166152572533, 11.989756071114263], [79.49156969934411, 11.9897555765917]], [[79.4918572309504, 11.987587401968549], [79.49185823522198, 11.987406597108084], [79.49195006082168, 11.987407091442002], [79.49195056291704, 11.987316689007276], [79.49222603964427, 11.9873181718114], [79.49222503562422, 11.987498976698815], [79.4921332099886, 11.987498482454729], [79.49213270794712, 11.987588884898436], [79.4918572309504, 11.987587401968549]], [[79.49250302211858, 11.987048446969991], [79.49250352401631, 11.986958044508317], [79.49259534949024, 11.986958538617655], [79.49259484761946, 11.98704894107933], [79.49250302211858, 11.987048446969991]], [[79.49285878222598, 11.989129679953981], [79.49285928408777, 11.989039277492308], [79.49295111028036, 11.98903977155673], [79.49295060844551, 11.989130174027387], [79.49285878222598, 11.989129679953981]], [[79.49362699192035, 11.983076663476828], [79.49362749327011, 11.982986260943289], [79.49371931745047, 11.982986754513638], [79.49371881612765, 11.983077157047179], [79.49362699192035, 11.983076663476828]], [[79.49075582586738, 11.987491065173225], [79.4908476514491, 11.98749155986647], [79.49084714897646, 11.987581962256279], [79.49093897458513, 11.987582456922572], [79.49093746724802, 11.987853664091999], [79.49075381583303, 11.987852674696528], [79.49075582586738, 11.987491065173225]], [[79.4912214839622, 11.986318307077859], [79.49131330916664, 11.986318801573473], [79.4913128069006, 11.986409203990231], [79.49122098166922, 11.986408709485634], [79.4912214839622, 11.986318307077859]], [[79.49195658774697, 11.986231859763633], [79.4920484129514, 11.986232354016703], [79.49204791093689, 11.98632275646041], [79.49195608570551, 11.986322262198359], [79.49195658774697, 11.986231859763633]], [[79.49094801788917, 11.985955213816185], [79.49085619282846, 11.985954719212772], [79.49085669522026, 11.98586431681398], [79.49094852025402, 11.98586481140841], [79.49094801788917, 11.985955213816185]], [[79.49195658774697, 11.986231859763633], [79.49186476255151, 11.986231365483615], [79.49186526461993, 11.986140963039906], [79.49195708979741, 11.986141457319926], [79.49195658774697, 11.986231859763633]], [[79.49075582586738, 11.987491065173225], [79.49066400029463, 11.98749057044405], [79.49066450282119, 11.987400168063225], [79.49075632836698, 11.9874006627924], [79.49075582586738, 11.987491065173225]], [[79.49103883827406, 11.986136513190232], [79.49094701314148, 11.986136018613768], [79.49094801788917, 11.985955213816185], [79.49103984295886, 11.985955708383665], [79.49103883827406, 11.986136513190232]], [[79.4912214839622, 11.986318307077859], [79.4910378335713, 11.986317317996798], [79.49103883827406, 11.986136513190232], [79.49113066340664, 11.986137007739744], [79.49113016108669, 11.986227410147519], [79.4912219862552, 11.986227904670084], [79.4912214839622, 11.986318307077859]]]]}, "id": "+3606+7528", "properties": {"count": 2370, "water": 1}}, {"type": "Feature", "geometry": {"geodesic": false, "type": "Polygon", "coordinates": [[[79.49457038720766, 11.9951056280495], [79.49457439954186, 11.994382408086613], [79.49466622761193, 11.994382901809676], [79.49466572611843, 11.994473304307283], [79.49521669481729, 11.99447626604379], [79.49521569218065, 11.994657071092902], [79.4953075203675, 11.994657564618336], [79.49530651777577, 11.994838369667448], [79.49539834603449, 11.994838863174916], [79.49539734348768, 11.995019668224028], [79.49548917180927, 11.995020161704547], [79.49548867055833, 11.995110564238086], [79.49558049891584, 11.995111057691654], [79.49557899523488, 11.995382265292273], [79.49567082369121, 11.995382758727875], [79.49566982127917, 11.995563563803936], [79.49557799275993, 11.995563070359351], [79.49557699026703, 11.99574387542643], [79.49566881884913, 11.995744368871014], [79.49566781640114, 11.995925173938092], [79.49575964503714, 11.995925667373696], [79.49575914384009, 11.996016069907235], [79.49548365784226, 11.996014589519579], [79.4954831565464, 11.996104992044135], [79.49511584181374, 11.996103017762735], [79.49511634322639, 11.996012615256145], [79.4948408573094, 11.99601113423967], [79.49484135882085, 11.99592073173308], [79.49493318742093, 11.995921225438178], [79.49493368888746, 11.995830822931588], [79.49502551746957, 11.995831316600752], [79.49502601890018, 11.995740914094162], [79.494934190354, 11.995740420424998], [79.4949351932781, 11.9955596154208], [79.49475153631153, 11.995558628019591], [79.4947500317502, 11.99582983551241], [79.49465820318606, 11.995829341753414], [79.49466221552925, 11.99510612179951], [79.49457038720766, 11.9951056280495]], [[79.49475604979786, 11.994745005523166], [79.49475705274891, 11.994564200509986], [79.49503253719266, 11.994565681436631], [79.49503203580696, 11.994656083952204], [79.49512386399381, 11.99465657754052], [79.49512286127633, 11.994837382571665], [79.49521468952605, 11.994837876133031], [79.49521368685348, 11.995018681182144], [79.49503003023725, 11.995017694005512], [79.49503053163193, 11.994927291498922], [79.49493870336423, 11.99492679786569], [79.49493920478585, 11.994836395359101], [79.49484737655409, 11.994835901707903], [79.49484787800267, 11.994745499201313], [79.49475604979786, 11.994745005523166]]]}, "id": "+3610+7365", "properties": {"count": 142, "water": 1}}, {"type": "Feature", "geometry": {"geodesic": false, "type": "Polygon", "coordinates": [[[79.49430275247641, 11.943934770408958], [79.49430475022181, 11.943573159160891], [79.49439656113405, 11.943573650916644], [79.49439706052549, 11.943483248095644], [79.49503973680338, 11.943486689505564], [79.49503823923995, 11.943757898031446], [79.49494642823787, 11.943757406482307], [79.49494493055764, 11.944028614999205], [79.494485875161, 11.94402615673248], [79.49448637454346, 11.943935753920464], [79.49430275247641, 11.943934770408958]], [[79.49457868493695, 11.943845842801318], [79.49457968363, 11.943665037159318], [79.49476330553532, 11.943666020455227], [79.49476230696806, 11.943846826124178], [79.49457868493695, 11.943845842801318]]]}, "id": "+3611+7928", "properties": {"count": 38, "water": 1}}, {"type": "Feature", "geometry": {"geodesic": false, "type": "Polygon", "coordinates": [[[79.49373518954067, 11.963549702730694], [79.49373619048849, 11.963368897403104], [79.49382800804825, 11.963369390147003], [79.49382850848174, 11.963278987478716], [79.49392032601456, 11.963279480186683], [79.49392132681864, 11.96309867485011], [79.49401314428859, 11.963099167513162], [79.4940136446502, 11.963008764835893], [79.49410546210217, 11.963009257471994], [79.49410596242785, 11.962918854794724], [79.49419777985288, 11.962919347394894], [79.49419878043237, 11.96273854203137], [79.49465786730599, 11.962741004547127], [79.49465886757108, 11.96256019913869], [79.49475068489728, 11.96256069154123], [79.4947511849894, 11.96247028883701], [79.49465936769013, 11.962469796434469], [79.49466036792828, 11.962288991017049], [79.49456855070088, 11.962288498596543], [79.49456905084689, 11.962198095892324], [79.49447723364645, 11.962197603435884], [79.49447773381941, 11.962107200731666], [79.49456955098393, 11.96210769317912], [79.49457005112096, 11.962017290474902], [79.49484550254265, 11.962018767628622], [79.49484500250442, 11.962109170341824], [79.49502863686939, 11.962110154967242], [79.49502913685372, 11.962019752245055], [79.49512095400924, 11.962020244512848], [79.49512045406085, 11.962110647235034], [79.49521227125233, 11.962111139475876], [79.49521277117375, 11.962020736744709], [79.49530458833827, 11.962021228949618], [79.49530558810929, 11.961840423469315], [79.4953974052199, 11.961840915638295], [79.49539440604161, 11.962383332079204], [79.49530258875133, 11.962382839892259], [79.49530108901396, 11.962654048085765], [79.49511745425374, 11.962653063595095], [79.49511845420442, 11.962472258150726], [79.49502663689617, 11.962471765864967], [79.49502463686008, 11.962833376744724], [79.49493281942607, 11.96283288441405], [79.49493231937886, 11.962923287136235], [79.49484050192689, 11.962922794769629], [79.49484000184376, 11.96301319748283], [79.49474818435584, 11.963012705089273], [79.49474568372457, 11.96346471861037], [79.49456204847027, 11.963463733688508], [79.49456154827035, 11.963554136392727], [79.49401064241763, 11.963551180881543], [79.49401014202907, 11.963641583558813], [79.4938265067119, 11.963640598142879], [79.49382700716333, 11.963550195474593], [79.49373518954067, 11.963549702730694]]]}, "id": "+3616+7725", "properties": {"count": 140, "water": 1}}, {"type": "Feature", "geometry": {"geodesic": false, "type": "Polygon", "coordinates": [[[79.49629062372361, 11.899737027175144], [79.49629360496255, 11.899194608111154], [79.49638540103462, 11.899195097414506], [79.49638490420338, 11.899285500594832], [79.49675208868032, 11.899287457538746], [79.49675159196588, 11.899377860737038], [79.49665979581295, 11.899377371541485], [79.49665780878446, 11.899738984316688], [79.49629062372361, 11.899737027175144]]]}, "id": "+3623+8418", "properties": {"count": 22, "water": 1}}, {"type": "Feature", "geometry": {"geodesic": false, "type": "MultiPolygon", "coordinates": [[[[79.49768962688012, 11.929126363585922], [79.49778143306722, 11.929126853652843], [79.49778541417598, 11.928403629225329], [79.49769360822243, 11.928403139194343], [79.49769460351985, 11.928222333085218], [79.49751099175649, 11.928221352951377], [79.49751049405388, 11.928311755996956], [79.49741868814526, 11.928311265876138], [79.49741819040673, 11.928401668912734], [79.49714277261798, 11.928400198370614], [79.49714376828368, 11.928219392306405], [79.49677654487375, 11.928217431194309], [79.49677604691963, 11.928307834203954], [79.49659243517425, 11.92830685345926], [79.49659293319125, 11.928216450458597], [79.49668473902801, 11.928216940839928], [79.49668523700011, 11.92812653783028], [79.49659343119929, 11.92812604744895], [79.49659392919833, 11.928035644439305], [79.49641031765057, 11.928034663595795], [79.49641131376544, 11.927853857594469], [79.49622770236141, 11.927852876652144], [79.49622820047723, 11.927762473651482], [79.49595278348798, 11.9277610020224], [79.49595228528233, 11.927851405005097], [79.49586047959828, 11.927850914399189], [79.49585998136567, 11.927941317372902], [79.49576817565467, 11.92794082673106], [79.49576967044233, 11.927669617809919], [79.49567786483014, 11.92766912715011], [79.49567836311665, 11.927578724176398], [79.49558655753141, 11.927578233489639], [79.49558605921797, 11.927668636454369], [79.49549425360578, 11.927668145740663], [79.49549375525639, 11.927758548705393], [79.49521833836596, 11.927757076348676], [79.49521883680517, 11.92766667339293], [79.49512703121994, 11.927666182553457], [79.49512653274479, 11.927756585509204], [79.49494292151144, 11.927755603731448], [79.49494491561866, 11.927393991962358], [79.49512852660946, 11.927394973704182], [79.4951275296861, 11.927575779606693], [79.49531114081165, 11.927576761249703], [79.49531263601253, 11.927305552373477], [79.49540444148997, 11.927306043141083], [79.4954054382067, 11.927125237211623], [79.4952218273776, 11.927124255667428], [79.49522083053509, 11.927305061578922], [79.49503721959819, 11.92730407989998], [79.49503771808233, 11.927213676953215], [79.49512952351485, 11.92721416780167], [79.49513151728969, 11.926852555987665], [79.49522332260543, 11.926853046791203], [79.49522431940301, 11.926672240879707], [79.49513251415016, 11.926671750076169], [79.49513351099266, 11.926490944164675], [79.49531712139057, 11.926491925717853], [79.49531761973996, 11.926401522753123], [79.49540942492095, 11.926402013475814], [79.4954099232344, 11.926311610511082], [79.49559353354249, 11.926312591866632], [79.49559303527394, 11.926402994840345], [79.49568484046392, 11.926403485473204], [79.49568533869653, 11.92631308249949], [79.49577714385057, 11.926313573096417], [79.49577764204724, 11.926223170113719], [79.49568583692015, 11.926222679516794], [79.49568733157305, 11.925951470568704], [79.4955955265358, 11.925950979944828], [79.49559602477738, 11.925860576971115], [79.49550421977605, 11.925860086320288], [79.4955047180446, 11.925769683346575], [79.4953211081138, 11.925768701982044], [79.49532160643625, 11.925678299008329], [79.49513799658631, 11.925677317527017], [79.49513899333897, 11.925496511597554], [79.49523079820555, 11.925497002347194], [79.49523179487738, 11.925316196408751], [79.49569081894977, 11.925318649662875], [79.49569131712848, 11.925228246680179], [79.49615034114696, 11.925230699161753], [79.49614984312097, 11.925321102171399], [79.49624164796958, 11.92532159257968], [79.49624214596862, 11.925231189570033], [79.49633395079029, 11.925231679951363], [79.4963329548461, 11.925412485979638], [79.496149345086, 11.925411505172063], [79.49614735291914, 11.925773117192682], [79.49623915791148, 11.92577360762791], [79.49623865989447, 11.925864010637557], [79.49642226996001, 11.9258649914092], [79.49642177199689, 11.925955394427831], [79.49669718721647, 11.925956865383176], [79.49669768509874, 11.925866462355563], [79.49688129520919, 11.925867442839746], [79.4968807973898, 11.925957845867359], [79.49697260248097, 11.925958336069026], [79.49697110910367, 11.926229545178813], [79.49706291429364, 11.926230035362515], [79.49706241651917, 11.92632043839911], [79.49715422174508, 11.926320928546879], [79.49715372399757, 11.926411331592456], [79.4972455292594, 11.92641182172226], [79.49724503153884, 11.92650222476784], [79.49733683682763, 11.926502714870692], [79.49733633913401, 11.92659311791627], [79.49742814445872, 11.926593607992173], [79.49742764680104, 11.926684011046735], [79.49751945215272, 11.92668450109569], [79.49751895452198, 11.926774904150252], [79.49761075990958, 11.926775394172255], [79.49760976468404, 11.926956200290363], [79.49770157014352, 11.9269566902944], [79.49770107254871, 11.927047093348962], [79.49779287804411, 11.92704758332605], [79.49779138534055, 11.927318792516687], [79.49788319093477, 11.927319282475809], [79.49788169828511, 11.927590491675428], [79.49797350396916, 11.927590981607601], [79.49796703580267, 11.928766221451653], [79.49805884188197, 11.928766711410775], [79.49805585652875, 11.929309129783064], [79.49814766279671, 11.929309619733203], [79.4981471652558, 11.929400022796749], [79.49823897155969, 11.929400512719937], [79.49823847404573, 11.929490915792465], [79.49833028037656, 11.929491405688706], [79.49832978288957, 11.929581808761235], [79.49842158926532, 11.929582298630525], [79.49841910190216, 11.930034313993167], [79.49832729538268, 11.93003382410591], [79.49832630034578, 11.930214630241984], [79.49823449376342, 11.930214140309811], [79.49823648393603, 11.92985252805563], [79.49814467747942, 11.929852038114474], [79.49814567260614, 11.929671231987383], [79.49805386621243, 11.929670742019278], [79.49805436379825, 11.929580338964715], [79.49796255744945, 11.929579848969661], [79.49796305505323, 11.929489445915099], [79.49787124874037, 11.929488955893095], [79.4978717463711, 11.929398552847516], [79.49777994008518, 11.929398062798562], [79.49778093540954, 11.929217256698422], [79.4976891291865, 11.929216766631502], [79.49768962688012, 11.929126363585922]], [[79.49531512793014, 11.926853537567792], [79.49531612466485, 11.926672731647313], [79.49549973519751, 11.926673713092695], [79.49549873857958, 11.926854519031139], [79.49531512793014, 11.926853537567792]], [[79.49586745450442, 11.92658527263245], [79.49586795267415, 11.926494869649753], [79.49595975790903, 11.926495360201763], [79.49595925975727, 11.926585763193444], [79.49586745450442, 11.92658527263245]], [[79.49622969478878, 11.92749126466746], [79.49623019288664, 11.927400861666795], [79.49632199843595, 11.927401352137958], [79.49632150036503, 11.927491755138622], [79.49622969478878, 11.92749126466746]], [[79.49705793641424, 11.927134065719487], [79.49705942981849, 11.926862856618683], [79.49715123522405, 11.926863346793402], [79.49715073745857, 11.926953749829998], [79.49724254289109, 11.926954239986749], [79.49724204515256, 11.927044643023345], [79.497333850621, 11.927045133153147], [79.49733285518886, 11.927225939244305], [79.49714924412619, 11.927224958948768], [79.49714974190964, 11.927134555912172], [79.49705793641424, 11.927134065719487]], [[79.49724005414453, 11.927406255187694], [79.49724055190103, 11.927315852151098], [79.4973323574683, 11.9273163422809], [79.49733185973875, 11.92740674532648], [79.49724005414453, 11.927406255187694]], [[79.49732887328959, 11.927949163573004], [79.49732937104608, 11.927858760536408], [79.49742117679301, 11.92785925066621], [79.49742067907245, 11.927949653711789], [79.49732887328959, 11.927949163573004]]], [[[79.49768962688012, 11.929126363585922], [79.49759782069302, 11.929125873492053], [79.49759732297245, 11.929216276537632], [79.4975055167584, 11.92921578640783], [79.49750601450592, 11.929125383371234], [79.49741420832778, 11.929124893214482], [79.49741321276987, 11.929305699287674], [79.49732140652887, 11.92930520909499], [79.49732190434825, 11.929214806067376], [79.49723009814319, 11.929214315847743], [79.49723159164624, 11.928943106764905], [79.49713978553999, 11.928942616527305], [79.49714078125062, 11.928761810481063], [79.49732439334635, 11.928762790902365], [79.49732389555392, 11.928853193938961], [79.49741570163322, 11.928853684104695], [79.4974161993987, 11.9287632810681], [79.49750800546003, 11.928763771206885], [79.49750750772151, 11.928854174252464], [79.49759931381878, 11.9288546643643], [79.4975983184046, 11.929035470446474], [79.49769012455576, 11.929035960540343], [79.49768962688012, 11.929126363585922]]]]}, "id": "+3624+8130", "properties": {"count": 721, "water": 1}}, {"type": "Feature", "geometry": {"geodesic": false, "type": "Polygon", "coordinates": [[[79.49748198942297, 11.900104999034413], [79.49748347892852, 11.899833789358688], [79.49766707161166, 11.89983476721979], [79.49766756804763, 11.899744363985565], [79.49794295701844, 11.899745830539166], [79.49794246068127, 11.899836233791357], [79.4980342570408, 11.899836722582668], [79.49803376073059, 11.89992712583486], [79.49794196433513, 11.899926637034564], [79.49793997891462, 11.900288250007398], [79.49784818240236, 11.900287761162186], [79.49784768600233, 11.900378164396411], [79.49775588947212, 11.900377675515267], [79.49775688231712, 11.900196869046818], [79.49757328937346, 11.900195891221648], [79.49757378585436, 11.900105487987423], [79.49748198942297, 11.900104999034413]]]}, "id": "+3640+8412", "properties": {"count": 26, "water": 1}}, {"type": "Feature", "geometry": {"geodesic": false, "type": "Polygon", "coordinates": [[[79.49821338334526, 11.900651329372133], [79.49821437591179, 11.900470522867751], [79.49830617250488, 11.900471011596181], [79.49830815747623, 11.90010939856945], [79.4982163610089, 11.900108909850003], [79.49821834603415, 11.899747296832254], [79.49831014237571, 11.899747785533735], [79.4983116310189, 11.899476575750212], [79.49849522353135, 11.899477553036391], [79.49848778089938, 11.900833602025875], [79.49839598418053, 11.900833113333377], [79.49839697664824, 11.900652306820012], [79.49821338334526, 11.900651329372133]]]}, "id": "+3646+8415", "properties": {"count": 34, "water": 1}}, {"type": "Feature", "geometry": {"geodesic": false, "type": "Polygon", "coordinates": [[[79.49846395834162, 11.90517295787055], [79.49846445474167, 11.905082554636325], [79.49883164734835, 11.905084509810557], [79.49883115107407, 11.905174913053765], [79.49892294926617, 11.905175401782197], [79.49892195676253, 11.905356208277595], [79.49901375501751, 11.905356696979077], [79.49901276255879, 11.905537503483458], [79.49910456087665, 11.905537992166973], [79.49910406467423, 11.905628395419164], [79.49919586302802, 11.90562888407573], [79.49919536684358, 11.905719287336904], [79.49928716523331, 11.905719775957538], [79.4992861729273, 11.905900582488869], [79.49910257603106, 11.905899605184722], [79.49910356846284, 11.90571879868034], [79.49901177008209, 11.905718309987842], [79.49901226632043, 11.905627906735651], [79.49892046797562, 11.905627418025187], [79.49892096424092, 11.905537014781979], [79.49882916592307, 11.905536526044564], [79.49882966221531, 11.905446122792373], [79.49873786394237, 11.90544563402801], [79.49873836026156, 11.905355230793786], [79.49864656201557, 11.905354742002473], [79.49864705836171, 11.905264338759265], [79.49855526015165, 11.905263849941003], [79.49855575652474, 11.905173446706778], [79.49846395834162, 11.90517295787055]]]}, "id": "+3650+8353", "properties": {"count": 24, "water": 1}}, {"type": "Feature", "geometry": {"geodesic": false, "type": "MultiPolygon", "coordinates": [[[[79.49629508361646, 11.998731106383293], [79.49638691323162, 11.998731599720081], [79.49638641212441, 11.998822002262603], [79.49629458247331, 11.998821508925815], [79.49629508361646, 11.998731106383293]]], [[[79.49629508361646, 11.998731106383293], [79.49611142439511, 11.998730119619886], [79.4961124267892, 11.998549314552807], [79.4960205972459, 11.998548821135172], [79.49602109846091, 11.998458418601633], [79.49611292797726, 11.998458912019268], [79.49611342916532, 11.998368509476746], [79.49620525864574, 11.99836900285845], [79.49620575979787, 11.998278600315928], [79.49629758926032, 11.99827909367068], [79.49629809037653, 11.998188691119175], [79.49638991981203, 11.998189184437997], [79.49639142304385, 11.99791797678348], [79.49629959369817, 11.997917483482626], [79.49630009480538, 11.997827080940104], [79.49639192411512, 11.997827574231975], [79.49639242517742, 11.99773717168047], [79.49648425446021, 11.997737664945392], [79.49648475549556, 11.997647262393887], [79.4965765847514, 11.997647755622877], [79.49657708575081, 11.997557353062389], [79.49676074421758, 11.997558339421554], [79.49676124514514, 11.99746793685208], [79.49703673278688, 11.997469416152775], [79.49703623194917, 11.997559818740214], [79.49721989045186, 11.997560804793952], [79.49721938966805, 11.99765120738139], [79.49740304826057, 11.997652193336313], [79.49740254753065, 11.99774259592375], [79.49749437685836, 11.997743088856296], [79.49749387616437, 11.997833491452718], [79.497585705528, 11.997833984367297], [79.49758520485197, 11.997924386963719], [79.49767703425155, 11.997924879842365], [79.49767653360247, 11.99801528244777], [79.49831933972285, 11.998018731789815], [79.49831984015634, 11.99792832915746], [79.49841166958285, 11.997928821802546], [79.49841267037795, 11.997748016528854], [79.49850449975057, 11.997748509129025], [79.4985075018394, 11.997206093281003], [79.49869116022532, 11.997207078346593], [79.49869166050608, 11.997116675696274], [79.49878348967209, 11.997117168179662], [79.49878499037963, 11.996845960210734], [79.4988768194648, 11.99684645265819], [79.49887731965573, 11.996756049989903], [79.49896914871394, 11.996756542401426], [79.49897014903293, 11.996575737073837], [79.49906197803723, 11.996576229440445], [79.49906297827538, 11.996395424094889], [79.4991548072168, 11.996395916434546], [79.49915680753138, 11.996034305725468], [79.49924863635603, 11.996034798011227], [79.49924963642349, 11.995853992647705], [79.49915780766172, 11.995853500370929], [79.49915880777408, 11.995672695007407], [79.4990669790752, 11.99567220270368], [79.49906847930664, 11.995400994671872], [79.4991603079157, 11.995401486966614], [79.4991598078685, 11.995491889643883], [79.49925163651348, 11.995492381911676], [79.49925113649323, 11.995582784597929], [79.49952662253598, 11.995584261221644], [79.49952412284793, 11.996036274697824], [79.4994322940143, 11.996035782501895], [79.49943079406134, 11.996306990560655], [79.4995226229938, 11.996307482774547], [79.49952162307007, 11.996488288156037], [79.49961345205641, 11.99648878034298], [79.499612952117, 11.996579183038216], [79.49952112309472, 11.99657869084229], [79.49952062311938, 11.996669093537525], [79.4996124521776, 11.996669585733452], [79.4996119522292, 11.996759988419706], [79.49952012314405, 11.996759496223778], [79.49951962315973, 11.99684989891003], [79.49961145228082, 11.996850391114942], [79.49960645254541, 11.997754418004417], [79.49969828197193, 11.997754910209329], [79.49969728203922, 11.997935715590817], [79.49978911152863, 11.997936207777762], [79.49978861158921, 11.998026610464015], [79.49988044111456, 11.998027102632992], [79.4998799412021, 11.998117505328228], [79.49997177076337, 11.998117997461273], [79.49997127086887, 11.998208400156509], [79.50006310046608, 11.998208892262605], [79.50006110098693, 11.998570503070498], [79.49996927127295, 11.998570010946436], [79.49996827144804, 11.998750816336909], [79.49987644167118, 11.99875032416793], [79.49987544177439, 11.998931129549419], [79.49996727160516, 11.998931621718397], [79.49996577182287, 11.99920282979512], [79.50005760175246, 11.999203321946132], [79.5000561020151, 11.99947453003184], [79.50014793204348, 11.999475022164885], [79.500146432369, 11.999746230250594], [79.50023826248722, 11.999746722365671], [79.50023676286663, 12.000017930460363], [79.50032859308367, 12.000018422557476], [79.50032759337553, 12.00019922795693], [79.50041942365546, 12.000199720027094], [79.50041692447047, 12.000651733539206], [79.50050875491209, 12.000652225600385], [79.50050725544422, 12.000923433713043], [79.50059908597567, 12.000923925756256], [79.50059858617999, 12.001014328460476], [79.50069041674736, 12.00101482047674], [79.50068941720093, 12.00119562589416], [79.5007812478312, 12.001196117883476], [79.50078024832968, 12.00137692330988], [79.50087207903181, 12.00137741528123], [79.50087057983343, 12.001648623420836], [79.50096241062539, 12.001649115374217], [79.50096041175709, 12.00201072623601], [79.5010522426838, 12.002011218180408], [79.50105074358424, 12.002282426328998], [79.5009589125677, 12.002281934375617], [79.50095641383187, 12.002733947932644], [79.50086458266263, 12.002733455934345], [79.50086408287594, 12.002823858638566], [79.50058858931428, 12.002822382455026], [79.50058958907631, 12.002641577064553], [79.50049775796096, 12.002641084949474], [79.50049825786444, 12.002550682263221], [79.50031459569661, 12.002549697943232], [79.50031509566296, 12.002459295265963], [79.5002232646105, 12.002458803061053], [79.50022376460379, 12.002368400383782], [79.50013193359624, 12.002367908160906], [79.5001324336075, 12.002277505483637], [79.50004060262691, 12.00227701323381], [79.50004160271233, 12.002096207879271], [79.4999497717946, 12.002095715611478], [79.49995027185977, 12.002005312934209], [79.49985844098697, 12.002004820639467], [79.49985944116222, 12.001824015293911], [79.4997676103523, 12.00182352297222], [79.49976861057246, 12.00164271764463], [79.49967677982542, 12.001642225295988], [79.49967727996246, 12.001551822636685], [79.49958544925134, 12.001551330261094], [79.49958594941533, 12.001460927601793], [79.49949411874016, 12.001460435208235], [79.49949511910405, 12.001279629889629], [79.49940328850074, 12.001279137469123], [79.49940428891854, 12.001098332159499], [79.49931245836913, 12.001097839721027], [79.49931295860497, 12.001007437070706], [79.49922112809149, 12.001006944596302], [79.49922212860811, 12.000826139304644], [79.49913029815751, 12.000825646812272], [79.49913079843827, 12.000735244161952], [79.49894713762691, 12.000734259105345], [79.49894863863089, 12.000463051181333], [79.49867314771029, 12.000461573398793], [79.4986736481258, 12.000371170766439], [79.49858181785487, 12.00037067811237], [79.49858231830632, 12.000280275489], [79.49849048807131, 12.000279782807983], [79.49849098854072, 12.000189380184612], [79.49830732814259, 12.000188394750712], [79.49830782867487, 12.00009799212734], [79.49821599851174, 12.000097499365474], [79.49821699962123, 11.999916694145682], [79.49812516952997, 11.999916201356868], [79.49812567010717, 11.999825798751463], [79.49821750017149, 11.999826291531296], [79.49821800071277, 11.999735888916907], [79.49830983075015, 11.999736381660806], [79.49831133226618, 11.999465173799678], [79.4981276723711, 11.999464188302897], [79.4981261706754, 11.999735396137075], [79.4977588505798, 11.999733424730286], [79.4977593512738, 11.999643022133863], [79.49739203136684, 11.999641050268933], [79.49739253217761, 11.999550647681495], [79.49730070223906, 11.999550154650136], [79.49730320638274, 11.999098141748878], [79.49721137660588, 11.99909764869955], [79.49721087575018, 11.999188051278006], [79.49711904594638, 11.999187558192746], [79.49712004770267, 11.999006753044819], [79.49721187745259, 11.999007246121096], [79.49721287912801, 11.998826440964185], [79.49712104944997, 11.998825947896892], [79.49712205117932, 11.998645142739983], [79.49703022155516, 11.998644649654723], [79.49703072244678, 11.998554247076267], [79.49675523370908, 11.998552767640827], [79.49675373075574, 11.998823975322292], [79.49666190108668, 11.998823482102285], [79.49666240210406, 11.998733079541797], [79.49657057247991, 11.99873258629484], [79.49657157456858, 11.99855178119183], [79.49629608588478, 11.998550301298248], [79.49629508361646, 11.998731106383293]], [[79.49721588408248, 11.99828402547549], [79.49721638489325, 11.998193622897034], [79.49730821436468, 11.99819411591043], [79.49730771358985, 11.998284518497867], [79.49721588408248, 11.99828402547549]], [[79.49785819009277, 11.9983778785638], [79.49785869069693, 11.998287475958396], [79.49795052023126, 11.998287968765176], [79.49795001966302, 11.998378371370581], [79.49785819009277, 11.9983778785638]], [[79.49803934647299, 11.998830877231335], [79.4980403475825, 11.998650072002558], [79.49813217725156, 11.998650564755442], [79.49813167671927, 11.998740967378813], [79.49822350642427, 11.99874146011373], [79.49822450740801, 11.998560654866987], [79.49831633705013, 11.998561147565972], [79.49831433518146, 11.998922758068437], [79.49813067566367, 11.998921772616571], [79.49813117619595, 11.9988313699932], [79.49803934647299, 11.998830877231335]], [[79.49812817293034, 11.999373785688508], [79.49812867348957, 11.99928338307412], [79.49822050336526, 11.999283875827004], [79.49822000284195, 11.999374278450373], [79.49812817293034, 11.999373785688508]], [[79.49840316221372, 11.999465666507644], [79.49840466360399, 11.99919445862855], [79.49858832332839, 11.99919544391872], [79.49858782293084, 11.999285846560056], [79.49867965283347, 11.999286339160227], [79.4986781517127, 11.999557547075254], [79.49858632172024, 11.999557054457119], [79.49858682212677, 11.999466651824765], [79.49840316221372, 11.999465666507644]], [[79.49850149750903, 11.99829092495908], [79.49850199789759, 11.998200522317743], [79.49859382742292, 11.998201014908929], [79.4985933270703, 11.998291417550266], [79.49850149750903, 11.99829092495908]], [[79.49887231752182, 11.997660076582937], [79.49887281774868, 11.997569673923634], [79.49896464708537, 11.997570166371089], [79.49896414688546, 11.997660569030392], [79.49887231752182, 11.997660076582937]], [[79.49931495949447, 12.000645826451459], [79.49931545970337, 12.000555423801138], [79.49940729006414, 12.000555916221645], [79.49940879059203, 12.000284708234753], [79.49950062086296, 12.000285200610342], [79.499501121, 12.000194797951039], [79.49968478149695, 12.000195782603406], [79.4996842814228, 12.000286185280675], [79.4997761117117, 12.000286677566434], [79.4997756116645, 12.000377080243704], [79.49968378134865, 12.000376587948962], [79.4996832812655, 12.000466990626231], [79.49959145092271, 12.000466498295557], [79.49959045068458, 12.00064730363213], [79.49949862027889, 12.000646811265522], [79.49949812012389, 12.000737213933808], [79.49940628970025, 12.000736721531268], [79.49940678988219, 12.000646318871965], [79.49931495949447, 12.000645826451459]], [[79.4993309642928, 11.997752941192058], [79.49933146437594, 11.997662538514788], [79.49951512314813, 11.997663523077323], [79.49951462312788, 11.997753925763575], [79.4993309642928, 11.997752941192058]], [[79.49950262138415, 11.99992358994618], [79.49950512193458, 11.999471576604748], [79.49978061195687, 11.999473053453041], [79.49977911191407, 11.999744261493833], [79.49968728181382, 11.999743769235025], [79.49968578163627, 12.00001497725785], [79.49959395144619, 12.000014484954125], [79.4995944515383, 11.999924082276856], [79.49950262138415, 11.99992358994618]], [[79.49986844201187, 12.000196767138991], [79.49986994202771, 11.999925559098198], [79.49996177219984, 11.99992605130311], [79.4999602722828, 12.000197259361867], [79.49986844201187, 12.000196767138991]]]]}, "id": "+3659+7354", "properties": {"count": 1349, "water": 1}}, {"type": "Feature", "geometry": {"geodesic": false, "type": "Polygon", "coordinates": [[[79.5006112839384, 11.881859629984245], [79.50051949349876, 11.881859142747018], [79.50051998821895, 11.88176873927923], [79.50042819780626, 11.881768252024038], [79.50042918729156, 11.881587445097447], [79.49932770339035, 11.881581595771374], [79.49932869358533, 11.881400788934615], [79.4996958545803, 11.88140273915913], [79.4996953595996, 11.881493142590985], [79.50042968202972, 11.881497041629661], [79.5004301767589, 11.881406638170857], [79.50052196705481, 11.881407125408083], [79.50052147235257, 11.88149752887587], [79.50088863367993, 11.881499477564267], [79.5008881390855, 11.88158988105002], [79.5012553006015, 11.881591829271292], [79.50125480613283, 11.881682232775011], [79.5014383869672, 11.881683206710477], [79.50143789256141, 11.88177361022318], [79.50152968301003, 11.881774097145996], [79.5015291886312, 11.881864500658699], [79.50180456011181, 11.881865961283419], [79.50180406581381, 11.881956364805104], [79.50162048475488, 11.881955391076252], [79.50161999039402, 11.882045794588954], [79.50116103767482, 11.882043359732327], [79.50116153218839, 11.88195295623759], [79.50088616069881, 11.881951494984051], [79.50088665530222, 11.881861091498298], [79.50079486484462, 11.881860604359884], [79.50079437021425, 11.881951007836655], [79.50061078924514, 11.881950033452032], [79.5006112839384, 11.881859629984245]], [[79.5006112839384, 11.881859629984245], [79.50061177863164, 11.881769226507476], [79.5007035690533, 11.881769713708769], [79.500703074396, 11.88186011718554], [79.5006112839384, 11.881859629984245]]]}, "id": "+3667+8615", "properties": {"count": 69, "water": 1}}, {"type": "Feature", "geometry": {"geodesic": false, "type": "MultiPolygon", "coordinates": [[[[79.50355094648687, 11.89823873303266], [79.50345915042378, 11.89823824610086], [79.50346112819962, 11.897876632157846], [79.50355292414594, 11.897877119080663], [79.50355094648687, 11.89823873303266]]], [[[79.5039225793133, 11.897427048929938], [79.50392455634353, 11.897065434888109], [79.50401635202934, 11.897065921631263], [79.5040153635771, 11.897246728656668], [79.50410715933475, 11.897247215372873], [79.50410666513558, 11.897337618894559], [79.50401486935097, 11.89733713216937], [79.50401437511587, 11.897427535682075], [79.5039225793133, 11.897427048929938]]], [[[79.50355094648687, 11.89823873303266], [79.50364274254996, 11.898239219946493], [79.50364224815316, 11.898329623432247], [79.50373404425218, 11.89833011031913], [79.50373256113365, 11.898601320794358], [79.50382435733148, 11.898601807663274], [79.50382237990598, 11.89896342164222], [79.50373058359136, 11.89896293476432], [79.50373008919456, 11.899053338259057], [79.50354649652041, 11.89905236440444], [79.50354699098008, 11.898961960918687], [79.50345519467446, 11.898961473950953], [79.50345420570119, 11.899142280913477], [79.50382139117526, 11.899144228631693], [79.50382188554511, 11.899053825136956], [79.50391368189567, 11.899054311987909], [79.50391417622959, 11.898963908493172], [79.50418956520937, 11.898965368857379], [79.5041915421408, 11.898603754815552], [79.50400794972715, 11.898602781293311], [79.50400844401615, 11.898512377789592], [79.50391664784527, 11.89851189099254], [79.5039176364592, 11.8983310839851], [79.5038258403512, 11.898330597170082], [79.50382633468512, 11.898240193666362], [79.50373453861305, 11.898239706824393], [79.5037350329739, 11.898149303320674], [79.50364323693778, 11.898148816451757], [79.50364422570442, 11.897968009462284], [79.5041032056336, 11.897970443492461], [79.50410419408584, 11.897789636467056], [79.50392060222016, 11.897788662962782], [79.50392109650019, 11.897698259459062], [79.50382930060778, 11.89769777266201], [79.50383078351071, 11.897426562150851], [79.5039225793133, 11.897427048929938], [79.50392208504226, 11.89751745244264], [79.50447286012722, 11.897520372533252], [79.50447384830099, 11.897339565471913], [79.5043820524984, 11.897339078872491], [79.50438254660774, 11.897248675341823], [79.5044743423744, 11.897249161941245], [79.5044753305212, 11.897068354870923], [79.50456712622497, 11.897068841434415], [79.50456762026243, 11.896978437894761], [79.50475121163403, 11.896979410913945], [79.50475170560863, 11.89688900736531], [79.50484350126747, 11.896889493829985], [79.50484399520613, 11.89679909028135], [79.50456860831942, 11.896797630815458], [79.50456910233893, 11.896707227275805], [79.50502808034571, 11.896709659545285], [79.50502709260314, 11.896890466669506], [79.50511888827995, 11.896890953035367], [79.50511839443112, 11.896981356601968], [79.50521019013489, 11.89698184294088], [79.50520920248215, 11.897162650074083], [79.5051174067155, 11.897162163717205], [79.5051159251241, 11.897433374399045], [79.50502412926762, 11.897432887997251], [79.5050236353649, 11.897523291554869], [79.50493183948147, 11.897522805126126], [79.50493134554281, 11.89761320867476], [79.5050231414532, 11.897613695112488], [79.50502264754148, 11.897704098661123], [79.50493085160416, 11.897703612223397], [79.50492936975225, 11.897974822869303], [79.50483757372508, 11.89797433638666], [79.50483707973254, 11.898064739935297], [79.50474528367843, 11.898064253425705], [79.50474478965891, 11.898154656956374], [79.50465299357786, 11.898154170419833], [79.504652005458, 11.898334977481172], [79.50456020932305, 11.898334490899714], [79.50455922112234, 11.898515297961053], [79.50446742493348, 11.89851481133468], [79.50446297758111, 11.899328443029853], [79.50418758820608, 11.899326982890225], [79.5041856111399, 11.899688596914086], [79.50409381456477, 11.899688110126018], [79.50409233163488, 11.899959320628193], [79.50400053496992, 11.899958833795209], [79.50399954626614, 11.900139640784682], [79.50390774955628, 11.900139153924746], [79.5039082439351, 11.90004875043001], [79.50381644725218, 11.900048263534142], [79.50381694166694, 11.899957860048389], [79.50354155173494, 11.899956399199091], [79.50354204623056, 11.89986599572232], [79.50345024962849, 11.899865508718657], [79.50345074415104, 11.899775105241886], [79.50326715100977, 11.899774131153707], [79.50326814016269, 11.899593324218133], [79.50317634365943, 11.89959283713362], [79.50317683826285, 11.899502433674815], [79.50326863473916, 11.899502920750347], [79.50327160208116, 11.89896049993464], [79.50317980579348, 11.898960012877076], [79.50318128950491, 11.898688802464733], [79.50327308570274, 11.898689289513314], [79.50327456927941, 11.898418079091986], [79.50354995763038, 11.89841954001315], [79.50355094648687, 11.89823873303266]]]]}, "id": "+3717+8446", "properties": {"count": 344, "water": 1}}, {"type": "Feature", "geometry": {"geodesic": false, "type": "MultiPolygon", "coordinates": [[[[79.50392702753702, 11.896613417333578], [79.50392653330192, 11.896703820846282], [79.50383473774188, 11.896703334094145], [79.50383523200394, 11.896612930581442], [79.50392702753702, 11.896613417333578]]], [[[79.5041111127754, 11.896523987217352], [79.50411160692965, 11.896433583695666], [79.50420340241783, 11.896434070348988], [79.50420389654514, 11.896343666818318], [79.50438748745859, 11.896344640026147], [79.50438798152301, 11.896254236486495], [79.50475516327806, 11.896256182533845], [79.50475565721672, 11.896165778976226], [79.504847452642, 11.896166265413953], [79.50484794654473, 11.896075861856334], [79.50503153733241, 11.896076834623988], [79.50503104349258, 11.896167238181608], [79.50521463436111, 11.896168210841465], [79.5052131529853, 11.89643942154127], [79.50466237988562, 11.896436503157457], [79.50466188591103, 11.896526906706091], [79.50457009037794, 11.896526420196501], [79.50456959635844, 11.896616823736153], [79.5044778007984, 11.896616337199612], [79.50447829484486, 11.896525933659959], [79.5041111127754, 11.896523987217352]]], [[[79.5041111127754, 11.896523987217352], [79.50411061860319, 11.896614390739037], [79.50392702753702, 11.896613417333578], [79.50392752176313, 11.896523013811892], [79.5041111127754, 11.896523987217352]]]]}, "id": "+3717+8453", "properties": {"count": 37, "water": 1}}, {"type": "Feature", "geometry": {"geodesic": false, "type": "Polygon", "coordinates": [[[79.50591888443844, 11.901686718783086], [79.5059203657873, 11.901415508092265], [79.5060121630182, 11.901415994350328], [79.50601315050025, 11.901235187217125], [79.50610494766828, 11.901235673439254], [79.50610593507847, 11.901054866288085], [79.50619773219259, 11.901055352474284], [79.50619822586175, 11.900964948898698], [79.50647361714122, 11.900966407277629], [79.50647262998257, 11.901147214455749], [79.50656442715058, 11.90114770053415], [79.50656492069398, 11.901057296931615], [79.50674851497611, 11.901058268980618], [79.50674703449863, 11.90132947978822], [79.50656344003683, 11.901328507721251], [79.50656294647547, 11.90141891130582], [79.50637935197773, 11.901417939113086], [79.5063788583445, 11.901508342697655], [79.50628706106869, 11.901507856547388], [79.50628656740851, 11.901598260122974], [79.50619477010574, 11.90159777394576], [79.50619427641861, 11.901688177521343], [79.50591888443844, 11.901686718783086]]]}, "id": "+3733+8399", "properties": {"count": 42, "water": 1}}, {"type": "Feature", "geometry": {"geodesic": false, "type": "MultiPolygon", "coordinates": [[[[79.51138654489631, 11.925944522603038], [79.5113870379097, 11.925854118973554], [79.51129523224363, 11.925853633470075], [79.51129621831532, 11.925672826211107], [79.51138802391853, 11.925673311696618], [79.51138851692293, 11.925582908058152], [79.5114803224902, 11.925583393516716], [79.51147982953071, 11.925673797155182], [79.51166344075507, 11.925674767982477], [79.51166294784049, 11.925765171629926], [79.5117547534886, 11.925765656998657], [79.51175426060098, 11.925856060646106], [79.51147884357579, 11.925854604432116], [79.51147835059832, 11.925945008070583], [79.51138654489631, 11.925944522603038]]], [[[79.51138654489631, 11.925944522603038], [79.51138555886952, 11.926125329870988], [79.51101833587282, 11.926123387668428], [79.51101784272468, 11.926213791288928], [79.51065061967408, 11.926211848592295], [79.510651112948, 11.92612144498976], [79.51055930721903, 11.926120959243736], [79.51055881392716, 11.926211362837288], [79.51046700818023, 11.926210877064316], [79.51046602151564, 11.926391684251417], [79.51009879831233, 11.926389740809181], [79.5100992917659, 11.926299337224615], [79.51000748600998, 11.926298851298927], [79.5100079794905, 11.926208447723342], [79.51009978521947, 11.92620893364903], [79.51010027867304, 11.92611853006446], [79.51019208437505, 11.926119015963199], [79.5101925777837, 11.92602861237863], [79.51010077211761, 11.926028126488877], [79.51010126555322, 11.925937722904308], [79.51000945991409, 11.925937236987606], [79.51000896644256, 11.92602764056319], [79.50991716078546, 11.926027154610553], [79.50991864127192, 11.925755943892781], [79.50973503013739, 11.925754971924627], [79.50973453658501, 11.92584537549123], [79.50955092540556, 11.925844403397312], [79.5095504317903, 11.92593480695493], [79.50918320935953, 11.9259328623898], [79.50918370310058, 11.925842458841165], [79.50909189753331, 11.925841972628017], [79.50909288506028, 11.925661165548712], [79.5090010795559, 11.925660679308615], [79.50900157335083, 11.925570275777947], [79.50890976788237, 11.9255697895109], [79.50891174311599, 11.925208175370258], [79.50909535381034, 11.925209147832485], [79.50909683501547, 11.924937937195562], [79.50900502975362, 11.924937450991399], [79.50900601726264, 11.92475664390311], [79.50918962766055, 11.924757616266524], [79.50918913397342, 11.924848019815158], [79.50955635493992, 11.924849964200625], [79.50955734208063, 11.924669157067422], [79.50946553689064, 11.924668671024953], [79.50946800481427, 11.924216653200927], [79.50955980985152, 11.92421713922543], [79.50955931630813, 11.92430754279203], [79.50965112137233, 11.924308028789584], [79.50965013433044, 11.924488835940753], [79.50974193946652, 11.924489321911356], [79.50974243295602, 11.92439891833577], [79.50983423806515, 11.924399404279423], [79.5098337446026, 11.924489807855009], [79.5102009652008, 11.92449175134216], [79.51020145854656, 11.924401347748608], [79.51029326367366, 11.924401833539548], [79.51029277036382, 11.924492237142081], [79.51047638069885, 11.924493208643112], [79.51047588744291, 11.92458361225463], [79.5106594978498, 11.924584583647862], [79.51065801824367, 11.924855794482415], [79.51074982354145, 11.92485628014759], [79.51074883718229, 11.925037087370624], [79.51084064255193, 11.925037573017834], [79.5108401493948, 11.925127976629351], [79.51093195479139, 11.92512846224961], [79.51093146166122, 11.92521886587011], [79.5108396562287, 11.925218380249852], [79.51083916306258, 11.92530878386137], [79.51093096852205, 11.925309269490612], [79.51093047538289, 11.925399673111112], [79.51111408638268, 11.925400644270782], [79.51111359329742, 11.925491047891283], [79.51120539883773, 11.925491533430694], [79.51120490577942, 11.925581937060178], [79.51111310021216, 11.925581451520767], [79.51111063472298, 11.926033469641236], [79.51129424616293, 11.926034440738025], [79.51129473920328, 11.925944037108541], [79.51138654489631, 11.925944522603038]], [[79.51010126555322, 11.925937722904308], [79.51010225242442, 11.925756915744156], [79.5102858635859, 11.925757887469764], [79.51028487684046, 11.925938694647884], [79.51010126555322, 11.925937722904308]], [[79.50909436632828, 11.925389954920773], [79.50909486006931, 11.925299551372138], [79.50918666545691, 11.925300037567318], [79.50918617174284, 11.925390441115955], [79.50909436632828, 11.925389954920773]], [[79.5097374978454, 11.925302954073652], [79.50973799137984, 11.925212550507052], [79.50992160214605, 11.92521352243029], [79.50992110867452, 11.925303926005874], [79.5097374978454, 11.925302954073652]], [[79.51056177364245, 11.925668941240048], [79.51056226691637, 11.925578537637515], [79.51065407245667, 11.925579023356589], [79.51065357920972, 11.925669426959123], [79.51056177364245, 11.925668941240048]], [[79.51083719036222, 11.925670398325405], [79.51083817672138, 11.925489591093386], [79.51092998224374, 11.92549007672263], [79.51092948909559, 11.92558048034313], [79.51102129465387, 11.925580965945423], [79.51102080153268, 11.925671369565924], [79.51083719036222, 11.925670398325405]]]]}, "id": "+3768+8142", "properties": {"count": 351, "water": 1}}, {"type": "Feature", "geometry": {"geodesic": false, "type": "MultiPolygon", "coordinates": [[[[79.50835648324586, 11.909203340005815], [79.50844828318968, 11.90920382578777], [79.50844778991576, 11.909294229408271], [79.50835598993602, 11.909293743617331], [79.50835648324586, 11.909203340005815]]], [[[79.50835648324586, 11.909203340005815], [79.50817288336722, 11.909202368343088], [79.50817387008571, 11.909021561129036], [79.50808207021376, 11.909021075257249], [79.50808305697717, 11.908840268043196], [79.50826665660429, 11.908841239732872], [79.50826616328547, 11.90893164334439], [79.50835796313046, 11.908932129153296], [79.50835894970523, 11.908751321912295], [79.50854254929641, 11.908752293413325], [79.50854304251641, 11.908661889783842], [79.50863484228954, 11.90866237548495], [79.50863582865769, 11.908481568216999], [79.50799323076679, 11.908478167734321], [79.50799372414849, 11.908387764131787], [79.50790192450113, 11.90838727823305], [79.50790143108348, 11.908477681835585], [79.50780963140019, 11.908477195900915], [79.50780765755896, 11.908838810293085], [79.50771585776786, 11.9088383243135], [79.50771635125737, 11.908747920719948], [79.5076245515022, 11.908747434713414], [79.50762504501866, 11.908657031128845], [79.50753324529043, 11.908656545095361], [79.50753373884282, 11.908566141510793], [79.50771733824536, 11.908567113532847], [79.50771881868691, 11.90829590274321], [79.50762701907547, 11.908295416763623], [79.50762948654993, 11.907843398786886], [79.50781308546738, 11.907844370692157], [79.50781259204075, 11.907934774294691], [79.50854698813274, 11.907938660738987], [79.50854649493968, 11.90802906436847], [79.50863829449722, 11.908029550051612], [79.50863730817397, 11.908210357319563], [79.50836190933069, 11.908208900180307], [79.50836289583359, 11.908028092930323], [79.50799569766632, 11.9080261496947], [79.50799471092088, 11.908206956917736], [79.50808651051435, 11.908207442771557], [79.5080860171596, 11.908297846383075], [79.50817781679798, 11.90829833221893], [79.50817732347018, 11.90838873583943], [79.5082691231355, 11.908389221648335], [79.50826961642738, 11.908298818027836], [79.50836141606577, 11.908299303800808], [79.50836092280085, 11.908389707430292], [79.50854452214948, 11.90839067889539], [79.50854501535152, 11.908300275265907], [79.50872861465524, 11.90830124660524], [79.50872812151609, 11.908391650243706], [79.50881992120837, 11.908392135881932], [79.5088209074238, 11.908211328596016], [79.50891270706218, 11.908211814189325], [79.50891418627305, 11.907940603246974], [79.50882238672449, 11.907940117662648], [79.50882435907451, 11.907578503081831], [79.5089161584973, 11.907578988648192], [79.50891566543899, 11.907669392295642], [79.50900746489772, 11.907669877835053], [79.50900795792009, 11.907579474187603], [79.50946695509693, 11.907581901417533], [79.50946794081828, 11.907401094068735], [79.50955974020513, 11.9074015794195], [79.50956023302989, 11.9073111757451], [79.5096520323898, 11.907311661059932], [79.50965400353607, 11.9069500463264], [79.50956220429295, 11.906949561020552], [79.50956269709972, 11.906859157346153], [79.50947089789254, 11.906858672013353], [79.50947188356, 11.906677864655572], [79.50938008441568, 11.906677379304806], [79.509379591555, 11.90676778298819], [79.50928779239273, 11.906767297601492], [79.509288778159, 11.906586490261676], [79.50938057726738, 11.906586975630407], [79.50938107011908, 11.906496571956009], [79.50928927104664, 11.906496086587277], [79.50929074966461, 11.906224875564078], [79.50938254864722, 11.906225360923825], [79.50938205580451, 11.906315764607209], [79.50965745287812, 11.906317220515772], [79.50966040930558, 11.90577479837056], [79.50956861045772, 11.905774313118611], [79.5095691032106, 11.905683909426244], [79.50966090202253, 11.905684394678195], [79.50966139473948, 11.905593990985828], [79.50975319353346, 11.905594476201847], [79.50975368621447, 11.905504072500497], [79.50993728374851, 11.905505042833719], [79.50993629849427, 11.9056858502454], [79.51002809732417, 11.905686335371586], [79.51002711211486, 11.905867142783267], [79.51011891101662, 11.905867627891485], [79.51011644807865, 11.906319646443148], [79.51020824712415, 11.9063201315334], [79.5102072619867, 11.906500938954064], [79.51029906109507, 11.906501424026352], [79.51029758344728, 11.906772635175315], [79.51038938265447, 11.906773120229635], [79.51038889012617, 11.906863523939968], [79.51048068936929, 11.90686400896734], [79.51047871933693, 11.9072256238446], [79.5105705187148, 11.907226108854005], [79.51056904123769, 11.907497320020935], [79.5106608406964, 11.907497805012373], [79.51065985575657, 11.907678612459987], [79.51075165528717, 11.90767909743346], [79.51075017793582, 11.90795030860039], [79.51084197755624, 11.907950793555894], [79.51084099269725, 11.908131601012492], [79.51093279238056, 11.908132085941048], [79.51093082273447, 11.908493700863225], [79.51102262254352, 11.908494185782798], [79.5110201605488, 11.908946204424291], [79.51111196051956, 11.908946689334881], [79.51110999096329, 11.909308304257058], [79.51120179105982, 11.909308789149684], [79.51120031394204, 11.909580000352545], [79.51129211413738, 11.909580485227202], [79.51129112943111, 11.909761292692782], [79.51138292968933, 11.90976177754049], [79.51138145268833, 11.910032988752336], [79.51147325304537, 11.91003347359106], [79.51147128378554, 11.910395088549171], [79.51156308425936, 11.910395573360946], [79.51156160735717, 11.910666784581775], [79.5116534079298, 11.910667269384566], [79.51165094650999, 11.911119288097924], [79.51174274723535, 11.911119772882751], [79.51174225496754, 11.911210176629016], [79.51183405572883, 11.911210661386892], [79.51183159448868, 11.911662680118216], [79.51173979358367, 11.911662195342373], [79.51173930128893, 11.911752599079655], [79.51063769028508, 11.911746779335104], [79.51063818293915, 11.911656375633754], [79.50990377615722, 11.911652493447473], [79.50990426905383, 11.911562089782057], [79.50981246825661, 11.911561604377393], [79.50981197533305, 11.911652008033826], [79.5097201745089, 11.911651522602213], [79.5097206674594, 11.91156111894578], [79.50935346432446, 11.911559176904916], [79.50935395739175, 11.91146877326645], [79.51027196505844, 11.911473627420884], [79.5102714722876, 11.911564031104268], [79.51036327310277, 11.911564516356218], [79.51036376584668, 11.911474112672835], [79.51063916822932, 11.911475568249022], [79.51063867558423, 11.911565971941389], [79.51073047641738, 11.911566457076557], [79.51073146164467, 11.911385649673859], [79.51091506321214, 11.911386619845382], [79.5109160482957, 11.911205812424718], [79.51082424757934, 11.911205327361415], [79.51082474014358, 11.911114923660065], [79.51091654084198, 11.911115408714387], [79.51091851095518, 11.910753793864075], [79.51082671038256, 11.91075330882772], [79.5108272029378, 11.910662905117388], [79.51091900347451, 11.910663390153744], [79.51092048100551, 11.910392179013764], [79.51101228146138, 11.910392664005201], [79.51101277393578, 11.910302260285887], [79.51092097350687, 11.910301775294448], [79.51092245099296, 11.910030564145485], [79.51083065067186, 11.91003007913608], [79.51083262071322, 11.909668464276784], [79.51064902031355, 11.909667494195093], [79.51064951287779, 11.90957709048476], [79.51074131304618, 11.909577575539082], [79.51074180557448, 11.909487171819766], [79.51046640517711, 11.909485716584939], [79.51046591255897, 11.909576120286287], [79.50991511168338, 11.909573208990182], [79.50991461887659, 11.909663612664582], [79.50954741825693, 11.909661671189657], [79.50954791118947, 11.90957126752424], [79.50963971130398, 11.909571752937888], [79.5096402041916, 11.909481349272472], [79.50973200428813, 11.909481834641202], [79.5097329900005, 11.909301027301385], [79.5095493899422, 11.909300056527991], [79.50954889702761, 11.909390460193407], [79.50945709696703, 11.909389974761794], [79.50945758991755, 11.909299571105361], [79.5092739898772, 11.909298600152303], [79.5092734968728, 11.909389003808736], [79.50918169683017, 11.909388518287292], [79.50918120378982, 11.909478921934742], [79.50908940372024, 11.909478436377364], [79.50909038985483, 11.909297629082465], [79.50899858985711, 11.909297143507121], [79.50899908295136, 11.90920673985967], [79.50872368304806, 11.90920528296296], [79.50872417623214, 11.909114879324493], [79.5086323763063, 11.909114393641351], [79.50863286950833, 11.909023990011868], [79.50835746983859, 11.909022532764814], [79.50835648324586, 11.909203340005815]], [[79.50909285512842, 11.908845610845214], [79.50909334816876, 11.908755207197764], [79.5091851479958, 11.908755692719208], [79.50918465498239, 11.908846096375642], [79.50909285512842, 11.908845610845214]], [[79.50936726879831, 11.909027874668515], [79.50936776175782, 11.9089374710031], [79.50945956165671, 11.908937956452679], [79.50945906872415, 11.909028360118095], [79.50936726879831, 11.909027874668515]], [[79.50964266859381, 11.90902933091844], [79.50964464003654, 11.908667716229825], [79.50982823968162, 11.908668686886438], [79.50982873247942, 11.908578283203056], [79.50992053227051, 11.908578768481956], [79.50992102503238, 11.908488364798572], [79.51019642435178, 11.908489820446626], [79.51019445367263, 11.908851435234055], [79.51010265376475, 11.90885095002702], [79.51010216105678, 11.908941353719387], [79.50991856120508, 11.908940383224468], [79.50991806842525, 11.909030786907852], [79.50964266859381, 11.90902933091844]], [[79.50973791831086, 11.908396990539424], [79.50973841111765, 11.90830658685604], [79.5098302108279, 11.908307072161891], [79.50982971804807, 11.908397475845273], [79.50973791831086, 11.908396990539424]], [[79.50991560449016, 11.9094828053068], [79.50991708286558, 11.909211594265635], [79.51000888288127, 11.909212079544535], [79.51000740458669, 11.909483290594682], [79.50991560449016, 11.9094828053068]], [[79.51037756086126, 11.908942809250657], [79.51037854609753, 11.908762001838976], [79.51056214586838, 11.908762972028468], [79.51056116074889, 11.908943779449132], [79.51037756086126, 11.908942809250657]]]]}, "id": "+3771+8349", "properties": {"count": 942, "water": 1}}, {"type": "Feature", "geometry": {"geodesic": false, "type": "MultiPolygon", "coordinates": [[[[79.51103657938962, 11.922778453377527], [79.51103608639418, 11.922868857015994], [79.51094428175219, 11.9228683715215], [79.51094477477457, 11.922777967892015], [79.51103657938962, 11.922778453377527]]], [[[79.51279071535996, 11.920979597547582], [79.5127912076996, 11.920889193819283], [79.51288301175771, 11.92088967863106], [79.51288251945398, 11.920980082359359], [79.51279071535996, 11.920979597547582]]], [[[79.5142526949364, 11.922253003875529], [79.51434449951552, 11.922253488265097], [79.51434253197148, 11.92261510337592], [79.51425072727558, 11.92261461897737], [79.5142526949364, 11.922253003875529]]], [[[79.51063424158983, 11.912379605181664], [79.51063374889982, 11.91247000887403], [79.51054194777024, 11.912469523666996], [79.5105414550443, 11.91255992735936], [79.51072505738433, 11.912560897737498], [79.51072357937721, 11.912832108814596], [79.51099898317919, 11.912833564202137], [79.51099849059699, 11.912923967903486], [79.51109029189726, 11.912924452975773], [79.511089799342, 11.913014856686106], [79.51136520336858, 11.913016311732287], [79.51136372594536, 11.91328752288125], [79.51145552738936, 11.913288007854721], [79.51145503493292, 11.913378411574037], [79.51154683641285, 11.913378896511578], [79.5115453591154, 11.913650107678507], [79.51163716069415, 11.91365059259808], [79.51163469860958, 11.914102611212622], [79.51172650033206, 11.914103096123213], [79.5117260079385, 11.91419349985151], [79.51181780969691, 11.914193984735153], [79.5118173173303, 11.91428438846345], [79.51190911912465, 11.914284873320142], [79.51190813442736, 11.914465680785723], [79.51199993629358, 11.914466165624447], [79.51199845931053, 11.914737376818326], [79.51209026126656, 11.914737861639084], [79.51208927665013, 11.914918669113648], [79.51227288069695, 11.914919638674318], [79.51227337294678, 11.914829234937036], [79.51236517494773, 11.914829719667964], [79.51236566716163, 11.914739315921699], [79.51227386518762, 11.914738831190771], [79.51227632635592, 11.914286812468431], [79.5121845245436, 11.91428632772852], [79.51218550903427, 11.914105520244973], [79.51209370728485, 11.914105035478114], [79.51209469182942, 11.913924227994567], [79.51200289015185, 11.913923743209741], [79.51200485930387, 11.913562128260613], [79.51209666086466, 11.913562613027475], [79.51209813760515, 11.913291401797663], [79.5120063361342, 11.913290917030803], [79.5120073206608, 11.913110109547256], [79.51191551925274, 11.913109624771414], [79.51191650383323, 11.912928817287867], [79.51182470248806, 11.912928332485075], [79.51182519480076, 11.912837928747793], [79.51164159219124, 11.912836959061359], [79.51164208455785, 11.912746555333062], [79.51155028329352, 11.912746070440438], [79.51155323760095, 11.912203648079629], [79.51192044197558, 11.912205587353682], [79.51191945745796, 11.912386394837227], [79.51201125862347, 11.912386879586121], [79.51200978191892, 11.912658090833899], [79.51210158317427, 11.912658575564826], [79.51210059874649, 11.912839383057356], [79.5121924000737, 11.912839867770316], [79.51219043128101, 11.913201482773342], [79.512282232734, 11.913201967468337], [79.51228075619112, 11.913473178725098], [79.51218895464831, 11.91347269402112], [79.51218846243441, 11.913563097767385], [79.51228026400418, 11.913563582480345], [79.51227878741639, 11.913834793728123], [79.51237058907599, 11.913835278423118], [79.5123691125421, 11.91410648967988], [79.5124609143095, 11.914106974347924], [79.51245943782952, 11.914378185613668], [79.51255123968674, 11.914378670272729], [79.51255025540269, 11.914559477783225], [79.5126420573228, 11.914559962415337], [79.51264107309262, 11.914740769934816], [79.51273287507561, 11.91474125453998], [79.5127318908814, 11.914922062068442], [79.51282369293624, 11.914922546655639], [79.51282024835527, 11.915555372996273], [79.51291205062572, 11.915555857574487], [79.5129100823271, 11.915917472631412], [79.51300188471433, 11.915917957200643], [79.51300090060994, 11.916098764729105], [79.51309270306005, 11.91609924928037], [79.51309122695736, 11.916370460582046], [79.51318302950628, 11.91637094510636], [79.51318106143223, 11.916732560190233], [79.51327286410694, 11.916733044696583], [79.51327237210863, 11.916823448469797], [79.513180569407, 11.916822963954464], [79.51317712508653, 11.917455790313065], [79.51326892800377, 11.917456274855347], [79.51326843597852, 11.917546678619578], [79.51336023893168, 11.917547163143892], [79.51335974692441, 11.917637566908123], [79.51345154991351, 11.91763805140549], [79.51345056595285, 11.917818858942935], [79.51354236900482, 11.91781934341335], [79.51354089312672, 11.918090554741976], [79.51363269627751, 11.918091039194426], [79.51363072849992, 11.918452654296265], [79.51372253177648, 11.918453138739732], [79.51371613646336, 11.919628387818467], [79.51380794013518, 11.919628872270916], [79.513806464293, 11.919900083590559], [79.51389826805465, 11.919900568034025], [79.51389580838655, 11.92035258690908], [79.5139876123099, 11.92035307133458], [79.51398564462214, 11.920714686445404], [79.51407744867124, 11.920715170852937], [79.51407597294585, 11.920986382190547], [79.51416777709377, 11.920986866580114], [79.51416531764127, 11.921438885482118], [79.51425712193294, 11.921439369862702], [79.5142526949364, 11.922253003875529], [79.51406908579612, 11.922252035015546], [79.5140676098731, 11.922523246317223], [79.51415941453307, 11.922523730778655], [79.51415793866394, 11.922794942089315], [79.51424974342272, 11.922795426523798], [79.5142492514873, 11.922885830297012], [79.51434105628202, 11.922886314713528], [79.51434007246509, 11.923067122259958], [79.5144318773137, 11.923067606649525], [79.51443138543219, 11.923158010431722], [79.51452319031672, 11.92315849479434], [79.51452269846216, 11.923248898576539], [79.51443089354169, 11.92324841421392], [79.51443040165118, 11.923338817987133], [79.51452220659861, 11.923339302358736], [79.51452023910848, 11.923700917478541], [79.51461204419066, 11.923701401832176], [79.5146086011458, 11.924334228298575], [79.51470040643459, 11.924334712643226], [79.51469942273444, 11.924515520207622], [79.51460761738277, 11.924515035845003], [79.51460614170227, 11.92478624717363], [79.51442253082826, 11.924785278340595], [79.51442203887487, 11.924875682104826], [79.51433023340643, 11.924875197643393], [79.51432974141711, 11.924965601407624], [79.5142379359307, 11.92496511691026], [79.51423695186223, 11.925145924420756], [79.51414514632192, 11.925145439887457], [79.5141441621816, 11.92532624738897], [79.51396055098418, 11.925325278214576], [79.51395907456707, 11.925596489444388], [79.51368365752391, 11.925595035422285], [79.51368316528307, 11.925685439150584], [79.51359135958106, 11.925684954410674], [79.51359234411665, 11.925504146954077], [79.51350053847752, 11.9255036621962], [79.51350152305801, 11.925322854739603], [79.5136851342195, 11.925323824219424], [79.51368661087017, 11.925052613016563], [79.51359480538375, 11.925052128303602], [79.5135943131429, 11.9251425320319], [79.51350250762054, 11.92514204729199], [79.51350201534378, 11.925232451020287], [79.51341020980345, 11.925231966235462], [79.51341070210718, 11.925141562516146], [79.51313528559403, 11.92514010799997], [79.51313577799657, 11.925049704289638], [79.51304397252812, 11.925049219397014], [79.51304495736913, 11.92486841197635], [79.5131367627747, 11.924868896868974], [79.51313873229503, 11.924507282000697], [79.51323053758382, 11.924507766848404], [79.51323201458483, 11.924236555681475], [79.51314020939485, 11.924236070851734], [79.51314070175248, 11.924145667132418], [79.51295709142643, 11.924144697392085], [79.51295807624948, 11.923963889971422], [79.51286627115832, 11.923963405069815], [79.51286725602628, 11.923782597649149], [79.512775450998, 11.923782112720593], [79.51277594345444, 11.92369170901026], [79.51268413846209, 11.923691224054755], [79.51268463094549, 11.923600820353405], [79.51259282598907, 11.92360033537095], [79.51259381100975, 11.923419527968251], [79.51241020122269, 11.923418557931475], [79.51241118635116, 11.923237750546743], [79.5125029911818, 11.923238235574114], [79.51250397622944, 11.9230574281804], [79.5125957809972, 11.923057913162856], [79.51259725844737, 11.922786702049825], [79.51278086783019, 11.922787671915922], [79.51278185265323, 11.922606864486275], [79.51287365728625, 11.922607349369915], [79.51287513440404, 11.92233613821197], [79.51278332986085, 11.922335653346295], [79.5127838222544, 11.922245249626979], [79.51250840874162, 11.922243794859275], [79.51250791625824, 11.922334198560625], [79.51241611173302, 11.922333713569186], [79.5124156192137, 11.922424117270536], [79.51223201010936, 11.922423147197826], [79.51223151752716, 11.922513550890192], [79.5120479083779, 11.92251258069172], [79.51204741572383, 11.922602984375102], [79.51177200194157, 11.922601528834846], [79.51177150919766, 11.922691932509247], [79.51158789996755, 11.922690961996363], [79.51158839277434, 11.922600558330947], [79.51149658819521, 11.922600073034081], [79.51149510967606, 11.922871284012363], [79.51112789104518, 11.922869342474558], [79.51112838401366, 11.922778938827106], [79.51103657938962, 11.922778453377527], [79.51103707238505, 11.922688049730077], [79.51112887697315, 11.92268853518864], [79.51112936993265, 11.92259813154119], [79.5112211744938, 11.922598616954836], [79.51122216033194, 11.922417809659937], [79.51113035583367, 11.92241732424629], [79.5111308487752, 11.92232692059884], [79.51103904431287, 11.922326435167227], [79.51103953728133, 11.922236031519777], [79.51113134171673, 11.92223651695139], [79.51113183465826, 11.922146113303938], [79.51131544347514, 11.922147084068351], [79.51131495060547, 11.922237487724784], [79.51177397288123, 11.922239914146232], [79.51177594375801, 11.92187829943965], [79.51186774810357, 11.921878784619736], [79.51186824078458, 11.921788380936352], [79.5119600451032, 11.921788866080504], [79.51196053774828, 11.921698462397122], [79.51186873345662, 11.921697977261953], [79.51186971880068, 11.921517169895187], [79.51177791457191, 11.921516684733069], [79.51177840726191, 11.921426281049687], [79.51168660306907, 11.921425795860618], [79.511687095795, 11.921335392186219], [79.51177889995192, 11.921335877366303], [79.51177988531396, 11.92115507000852], [79.51168808121992, 11.921154584828436], [79.51168857392788, 11.921064181154037], [79.5115967698608, 11.921063695947002], [79.51159627712589, 11.921154099621402], [79.51141266893784, 11.921153129117501], [79.51141217614004, 11.921243532782919], [79.51132037202804, 11.921243047477068], [79.51132086486177, 11.921152643820635], [79.51122906077673, 11.921152158487837], [79.5112295536374, 11.921061754831404], [79.51132135768653, 11.92106224015522], [79.51132185051127, 11.920971836489803], [79.51113824247592, 11.920970865824206], [79.51113873535458, 11.920880462167773], [79.51095512740008, 11.920879491385394], [79.51095463445854, 11.920969895032844], [79.51104643846274, 11.920970380437508], [79.51104594554816, 11.92106078409394], [79.51077053344574, 11.92105932776317], [79.51077102645914, 11.920968924124702], [79.51049561448248, 11.92096746753342], [79.51049660067096, 11.920786660274452], [79.51031299282427, 11.920785689078848], [79.5103134859724, 11.920695285458347], [79.5100380743371, 11.920693828453839], [79.5100385675661, 11.920603424842321], [79.5099467637236, 11.920602939114264], [79.50994824349142, 11.920331728279711], [79.5102236547584, 11.920333185329136], [79.51022464106367, 11.920152378088135], [79.5101328373649, 11.920151892440925], [79.51013333054898, 11.920061488820425], [79.51004152688614, 11.920061003146266], [79.5100439928694, 11.919608985052747], [79.51022759989863, 11.919609956329198], [79.51022809301982, 11.919519552699715], [79.51041170000413, 11.919520523850402], [79.51041219306244, 11.919430120211935], [79.51050399653663, 11.91943060573338], [79.51050350350528, 11.91952100938083], [79.51077891401768, 11.919522465783468], [79.5107794069592, 11.919432062136016], [79.51087121044237, 11.91943254754068], [79.5108707175278, 11.919522951188132], [79.5109625210469, 11.919523436574828], [79.51096202816827, 11.91961384023126], [79.5110538317233, 11.919614325582026], [79.51105235314125, 11.919885536569293], [79.51096054949639, 11.919885051200561], [79.51096005659977, 11.919975454856994], [79.51105186027159, 11.919975940225726], [79.51105136740193, 11.920066343882159], [79.51114317110968, 11.920066829223941], [79.5111436639524, 11.919976425558524], [79.5112354676332, 11.919976910873356], [79.51123645323779, 11.91979610353354], [79.51132825686469, 11.919796588803457], [79.51132874963554, 11.91970618513804], [79.51160416044438, 11.919707640759144], [79.51160317508234, 11.91988844812591], [79.51169497875416, 11.919888933279045], [79.51169547140823, 11.919798529595662], [79.51178727504413, 11.919799014712865], [79.51178776766226, 11.919708611020498], [79.51197137490709, 11.919709581165073], [79.51197088235183, 11.919799984866422], [79.51206268600569, 11.919800469893794], [79.51206219347738, 11.919890873604126], [79.51215399716716, 11.919891358604547], [79.51215350466582, 11.919981762305897], [79.51224530839153, 11.919982247288353], [79.5122428459656, 11.920434265822047], [79.51205923821773, 11.920433295794254], [79.51205874565349, 11.920523699495602], [79.51215054955887, 11.920524184531956], [79.51215005703057, 11.920614588224323], [79.51196644916591, 11.920613618124664], [79.51196546396557, 11.920794425509396], [79.51187365997933, 11.92079394041016], [79.51187316735222, 11.920884344093542], [79.51205677538756, 11.920885314283032], [79.51205628280536, 11.920975717975399], [79.51223989092155, 11.920976688048107], [79.51223890587393, 11.921157495450805], [79.51233071000388, 11.921157980451227], [79.51233021750254, 11.921248384152577], [79.51242202165945, 11.921248869126048], [79.51242251413385, 11.921158465415717], [79.51251431826381, 11.921158950353256], [79.51251481069329, 11.921068546642925], [79.51260661480529, 11.921069031544532], [79.51260710719885, 11.920978627834199], [79.51279071535996, 11.920979597547582], [79.51278973068064, 11.921160404995195], [79.51269792654169, 11.921159920147488], [79.5126959570034, 11.921521535015765], [79.51278776126811, 11.92152201988144], [79.51278825362573, 11.921431616162124], [79.51297186211023, 11.92143258579466], [79.51297235440498, 11.921342182066361], [79.51324776706436, 11.92134363627711], [79.51324825926926, 11.921253232530844], [79.51334006346211, 11.921253717207874], [79.51334104779109, 11.921072909715344], [79.51343285193002, 11.921073394347456], [79.51343383617815, 11.920892586845943], [79.51334203210209, 11.920892102222814], [79.51334252424412, 11.920801698467566], [79.51361793640942, 11.920803152256106], [79.51361892051382, 11.920622344736627], [79.5135271165186, 11.920621860176379], [79.51352760858876, 11.92053145642113], [79.51343580462948, 11.920530971833935], [79.51343728092083, 11.920259760568191], [79.51316186933043, 11.920258306680836], [79.51316039276062, 11.920529517910648], [79.51288498093668, 11.920528063708883], [79.51288448864193, 11.92061846743718], [79.51279268468265, 11.920617982643371], [79.51279317699536, 11.920527578915072], [79.51270137306304, 11.920527094094314], [79.51270186541167, 11.920436690366015], [79.51261006151528, 11.920436205518307], [79.51261153861509, 11.920164994351378], [79.51270334242166, 11.920165479190103], [79.51270383475233, 11.920075075461805], [79.51279563853195, 11.920075560273581], [79.5127961308267, 11.919985156536299], [79.51270432707403, 11.919984671742489], [79.51270580403012, 11.919713460557594], [79.51279760768398, 11.919713945342421], [79.51279809996075, 11.919623541605139], [79.51270629633385, 11.919623056820312], [79.51270875781654, 11.919171038169837], [79.51261695435133, 11.919170553376027], [79.51261744666404, 11.919080149638745], [79.51252564322579, 11.919079664817987], [79.51252613556544, 11.918989261098671], [79.51243433216311, 11.918988776250963], [79.51243482452972, 11.918898372522666], [79.51225121779693, 11.9188974027464], [79.51225171022642, 11.918806999027085], [79.51197630024403, 11.918805544151583], [79.51197679275437, 11.91871514044125], [79.51188498946881, 11.918714655422862], [79.51188548200611, 11.918624251721514], [79.51197728526469, 11.918624736739902], [79.51197777776605, 11.91853433302957], [79.5120695809977, 11.918534818012025], [79.51207155085041, 11.918173203161713], [79.51216335396526, 11.918173688099253], [79.51216384638577, 11.918083284379938], [79.5123474525706, 11.91808425414722], [79.51234843728584, 11.917903446699606], [79.51188942216966, 11.917901022083772], [79.51188892965932, 11.917991425794105], [79.51179712661632, 11.917990940775717], [79.51179614153276, 11.918171748178414], [79.51170433843586, 11.918171263133077], [79.51170483100908, 11.918080859431727], [79.51152122488715, 11.918079889242238], [79.5115227027685, 11.91780867816514], [79.51143089980636, 11.917808193038953], [79.51143188510551, 11.917627385663206], [79.51152368800477, 11.917627870780407], [79.51152516583223, 11.917356659694327], [79.51161696864168, 11.917357144775597], [79.51161746121488, 11.917266741074249], [79.51170926400636, 11.917267226119586], [79.51170975653467, 11.917176822418238], [79.51161795377912, 11.917176337372899], [79.51161844634336, 11.917085933671551], [79.51152664361477, 11.917085448608246], [79.51152713620596, 11.916995044906898], [79.51161893889862, 11.916995529970201], [79.51161992400014, 11.916814722567503], [79.5117117266389, 11.916815207594874], [79.51171221914923, 11.916724803884543], [79.51152861394358, 11.916723833811833], [79.51152910650782, 11.916633430110485], [79.51171271165957, 11.916634400183193], [79.51171369667126, 11.91645359276253], [79.51180549919324, 11.916454077744985], [79.51180648412408, 11.916273270315337], [79.51208189152833, 11.916274725065074], [79.51208238390392, 11.916184321336777], [79.51199058146278, 11.916183836453135], [79.51199107385634, 11.91609343273382], [79.51180746904595, 11.91609246288569], [79.51180894638831, 11.915821251736727], [79.51162534177556, 11.915820281798766], [79.5116258342769, 11.915729878088433], [79.51153403200645, 11.915729393079028], [79.51153452453477, 11.915638989368697], [79.51144272230025, 11.91563850433234], [79.51144518502261, 11.915186485816614], [79.51135338294081, 11.915186000762292], [79.51135387550505, 11.915095597060944], [79.51126207345918, 11.915095111988656], [79.51126305864155, 11.914914304585958], [79.51117125665856, 11.914913819495705], [79.51117174926772, 11.914823415794356], [79.51107994732065, 11.91482293066817], [79.51108043996574, 11.914732526975804], [79.51098863804563, 11.914732041831652], [79.51098913071768, 11.914641638139285], [79.5108973288335, 11.914641152968183], [79.5108978215235, 11.914550749275818], [79.51080601968424, 11.914550264077766], [79.51080700511814, 11.914369456711], [79.51071520333278, 11.914368971486], [79.51071569607669, 11.914278567802619], [79.51062389433625, 11.914278082550668], [79.51062537262185, 11.914006871518486], [79.51071717427246, 11.91400735675247], [79.51071766699839, 11.913916953069087], [79.51044226213638, 11.913915497277303], [79.51044176932062, 11.914005900951704], [79.51034996767899, 11.914005415627887], [79.51034947483627, 11.914095819293305], [79.51016587149913, 11.914094848537875], [79.51016735021591, 11.913823637559593], [79.50989194552459, 11.913822181237803], [79.50989243851103, 11.913731777590353], [79.50970883546134, 11.91373080656543], [79.50970834241201, 11.91382121021288], [79.5096165408692, 11.91382072464652], [79.50961604778394, 11.913911128284987], [79.50952424620519, 11.91391064270066], [79.509523753084, 11.914001046330144], [79.50943195148729, 11.9140005607009], [79.50943145833017, 11.914090964339367], [79.5093396567065, 11.914090478674193], [79.50933916351345, 11.914180882303677], [79.50888015528734, 11.914178453537627], [79.5088791685958, 11.914359260742694], [79.50897097029133, 11.914359746569566], [79.50897047697251, 11.914450150172101], [79.50887867524105, 11.914449664354212], [79.50887818188629, 11.914540067956747], [79.50878638013687, 11.914539582093942], [79.50878687351857, 11.91444917850039], [79.5086032700826, 11.914448206693933], [79.50860277663801, 11.914538610287485], [79.5085109748886, 11.914538124343832], [79.50851048140807, 11.9146285279284], [79.50841867964068, 11.914628041948815], [79.50841917314814, 11.914537638364246], [79.50832737141668, 11.914537152357711], [79.50832687787329, 11.914627555942278], [79.50823507611487, 11.914627069899812], [79.50823458253555, 11.914717473475397], [79.50814278075019, 11.914716987396996], [79.50814327435647, 11.914626583830394], [79.50805147259805, 11.914626097725044], [79.50805196623129, 11.914535694158443], [79.50759295767281, 11.91453326321847], [79.50759345145876, 11.914442859669833], [79.50750164979017, 11.914442373393804], [79.50750313119293, 11.914171162747898], [79.5073195280534, 11.914170190132957], [79.50732002190223, 11.914079786593305], [79.5072282203684, 11.91407930024541], [79.50722920812893, 11.913898493166105], [79.50732100959989, 11.913898979505017], [79.50732199728856, 11.91371817241673], [79.50713839446344, 11.91371719972094], [79.50713888835719, 11.913626796181287], [79.50704708697607, 11.91362630979746], [79.50704906264087, 11.913264695656817], [79.50714086389623, 11.913265182031662], [79.50714185164777, 11.913084374943374], [79.5070500504553, 11.913083888577512], [79.50705054434906, 11.91299348503786], [79.50695874319251, 11.912992998654033], [79.50695923711321, 11.91290259511438], [79.50705103824279, 11.912903081498207], [79.50705153213654, 11.912812677967539], [79.50714333323918, 11.912813164315434], [79.50714283937238, 11.912903567864069], [79.50741824279709, 11.91290502675504], [79.50741725525214, 11.913085833861293], [79.50750905646258, 11.913086320110374], [79.50750806895357, 11.913267127216628], [79.50759987022688, 11.913267613447742], [79.50760085767301, 11.913086806323522], [79.50769265889244, 11.91308729250972], [79.50769315257956, 11.912996888943118], [79.5083357610077, 11.913000291384122], [79.50833625447025, 11.91290988779057], [79.5085198568552, 11.912910859641944], [79.50852035026385, 11.912820456039409], [79.50861215142938, 11.912820941920181], [79.50861412488432, 11.912459327492076], [79.50852232383558, 11.912458841638255], [79.5085238039807, 11.91218763082167], [79.50834020208084, 11.912186659033178], [79.50834069551644, 11.912096255439627], [79.50925870485399, 11.912101113142407], [79.50925821172382, 11.912191516780874], [79.5096254156942, 11.912193459046318], [79.5096249226898, 11.912283862693767], [79.50971672372056, 11.912284348188262], [79.50971623073411, 11.912374751844697], [79.50989983287651, 11.912375722752838], [79.50990081871466, 11.912194915430987], [79.50999261973645, 11.912195400826668], [79.50999360550273, 11.912014593495837], [79.51036080935633, 11.912016534773132], [79.51036031659446, 11.912106938456514], [79.51054391861109, 11.912107908915498], [79.51054441131008, 11.912017505232116], [79.51072801328179, 11.912018475565336], [79.5107275206367, 11.912108879266686], [79.51081932165849, 11.91210936439287], [79.51081882904934, 11.91219976809422], [79.5107270280006, 11.912199282959051], [79.51072604269247, 11.912380090352766], [79.51063424158983, 11.912379605181664]], [[79.5100385675661, 11.920603424842321], [79.5100390607951, 11.92051302122182], [79.51013086461064, 11.920513506913945], [79.5101303714086, 11.920603910534446], [79.5100385675661, 11.920603424842321]], [[79.51063424158983, 11.912379605181664], [79.51054244048719, 11.912379119983614], [79.51054342590312, 11.912198312607865], [79.51063522695186, 11.912198797796933], [79.51063424158983, 11.912379605181664]], [[79.51170975653467, 11.917176822418238], [79.51171024907195, 11.917086418716888], [79.51180205180054, 11.91708690371731], [79.51180155929919, 11.917177307427643], [79.51170975653467, 11.917176822418238]], [[79.5120479083779, 11.92251258069172], [79.51186429924661, 11.922511610367481], [79.51186528465357, 11.922330803018683], [79.51204889366807, 11.922331773324954], [79.5120479083779, 11.92251258069172]], [[79.51233021750254, 11.921248384152577], [79.51232923249084, 11.921429191555275], [79.51214562406922, 11.921428221509515], [79.51214611663346, 11.921337817817149], [79.51205431245857, 11.921337332744862], [79.51205480504977, 11.921246929052495], [79.51233021750254, 11.921248384152577]], [[79.5142492514873, 11.922885830297012], [79.51424728371869, 11.923247445380886], [79.51406367390469, 11.923246476440054], [79.51406465792823, 11.923065668911592], [79.51415646276786, 11.923066153390991], [79.51415744670157, 11.922885345853546], [79.5142492514873, 11.922885830297012]], [[79.50768821554657, 11.913900924564219], [79.50769068410798, 11.913448906767144], [79.50787428679834, 11.913449879076659], [79.50787280585374, 11.913721089785446], [79.50778100441872, 11.913720603626198], [79.50778001703547, 11.9139014107594], [79.50768821554657, 11.913900924564219]], [[79.5092547597048, 11.912824342214211], [79.50925525286192, 11.912733938584728], [79.50934705403643, 11.91273442421397], [79.50934656090625, 11.912824827852436], [79.5092547597048, 11.912824342214211]], [[79.50925722545449, 11.912372324048826], [79.50925771859364, 11.912281920419343], [79.50944132062824, 11.912282891614945], [79.50944082755197, 11.912373295253412], [79.50925722545449, 11.912372324048826]], [[79.5095286840983, 11.913097009954457], [79.50952917717457, 11.91300660631599], [79.50962097844788, 11.913007091873368], [79.50962048539856, 11.913097495511835], [79.5095286840983, 11.913097009954457]], [[79.51035391033088, 11.913282186259641], [79.51035440314664, 11.91319178258524], [79.51044620451877, 11.913192267873125], [79.51044571172996, 11.913282671556507], [79.51035391033088, 11.913282186259641]], [[79.51053751313802, 11.91328315681744], [79.51053800589091, 11.91319275314304], [79.51072160864416, 11.913193723575075], [79.51072111595415, 11.913284127267442], [79.51053751313802, 11.91328315681744]], [[79.51081242470815, 11.913375016139893], [79.5108129173712, 11.913284612447526], [79.51090471878825, 11.913285097591679], [79.51090422615215, 11.913375501284046], [79.51081242470815, 11.913375016139893]], [[79.5112330035364, 11.920428929200439], [79.51123448200167, 11.92015771820419], [79.51150989325967, 11.920159173969022], [79.51150890779883, 11.920339981326805], [79.51141710398328, 11.92033949609282], [79.51141661121243, 11.920429899758238], [79.5112330035364, 11.920428929200439]], [[79.51153698710442, 11.915186970835002], [79.51153747961476, 11.91509656712467], [79.5116292816696, 11.915097052107125], [79.5116287891952, 11.915187455817456], [79.51153698710442, 11.915186970835002]], [[79.5117828413192, 11.920612647908225], [79.51178333397327, 11.920522244215858], [79.51187513786068, 11.920522729342045], [79.51187464524256, 11.920613133034411], [79.5117828413192, 11.920612647908225]], [[79.51187563047883, 11.92043232564968], [79.51187612309697, 11.920341921957313], [79.51196792693048, 11.920342407047567], [79.51196743434828, 11.920432810739932], [79.51187563047883, 11.92043232564968]], [[79.5120503715674, 11.922060562265822], [79.51205184943079, 11.921789351197708], [79.51214365375837, 11.921789836287962], [79.512142668576, 11.921970643672694], [79.51223447297546, 11.921971128727014], [79.51223398041122, 11.922061532428362], [79.5120503715674, 11.922060562265822]], [[79.51208681504168, 11.915370687773107], [79.51208829202471, 11.915099476579227], [79.5123636982791, 11.915100930906757], [79.51236320604725, 11.915191334653022], [79.51254681030069, 11.915192304060978], [79.51254336500106, 11.915825130302798], [79.51245156265874, 11.915824645589836], [79.51245107042689, 11.915915049327118], [79.51254287280513, 11.915915534049063], [79.51254238060022, 11.916005937795328], [79.51263418300542, 11.916006422490321], [79.51263369082746, 11.916096826236586], [79.5127254932596, 11.916097310904632], [79.51272450895758, 11.916278118415129], [79.51254090395854, 11.916277149034121], [79.51254139617244, 11.916186745287856], [79.51244959371334, 11.916186260556929], [79.51245008595419, 11.916095856819648], [79.51235828353101, 11.916095372061772], [79.5123592680666, 11.915914564578225], [79.51226746569733, 11.915914079802382], [79.51226845027784, 11.915733272327818], [79.51217664798044, 11.915732787525025], [79.51217861722229, 11.915371172593865], [79.51208681504168, 11.915370687773107]], [[79.51262138503994, 11.918356919785408], [79.5126218773257, 11.918266516048126], [79.51271368049446, 11.918267000814987], [79.51271318824463, 11.918357404552268], [79.51262138503994, 11.918356919785408]], [[79.51271712611748, 11.917634174627066], [79.51271811055425, 11.917453367134536], [79.51280991345352, 11.917453851829531], [79.51280892907964, 11.917634659322061], [79.51271712611748, 11.917634174627066]], [[79.51278431464796, 11.922154845916648], [79.5127852994171, 11.921974038478018], [79.51315251712273, 11.921975977716137], [79.51315202486391, 11.922066381444434], [79.5128766114859, 11.922064927054024], [79.51287611912826, 11.92215533077334], [79.51278431464796, 11.922154845916648]], [[79.51286774845576, 11.923692193938818], [79.51286824088525, 11.923601790228485], [79.51296004585065, 11.923602275121109], [79.5129595534571, 11.923692678831442], [79.51286774845576, 11.923692193938818]], [[79.51289777902792, 11.918177566494643], [79.51289827120588, 11.918087162739397], [79.51299007432074, 11.918087647407441], [79.51298958216974, 11.918178051153706], [79.51289777902792, 11.918177566494643]], [[79.51316728310834, 11.919263865453956], [79.51316826737444, 11.919083057943462], [79.51326007083965, 11.919083542557608], [79.51325957873355, 11.919173946312856], [79.51335138223469, 11.919174430900052], [79.51335089016453, 11.919264834664283], [79.51316728310834, 11.919263865453956]], [[79.51324579823573, 11.921705251235219], [79.51324629044963, 11.921614847497937], [79.51333809476823, 11.921615332183949], [79.51333760258129, 11.921705735930214], [79.51324579823573, 11.921705251235219]], [[79.51341414817038, 11.924508736436023], [79.51341464044715, 11.924418332707724], [79.51359825098879, 11.924419302169579], [79.5135977587749, 11.92450970590686], [79.51368956408166, 11.924510190592873], [79.51368907189472, 11.924600594330155], [79.51350546121833, 11.924599624913215], [79.51350595346815, 11.924509221184916], [79.51341414817038, 11.924508736436023]], [[79.51351333676638, 11.923153165143658], [79.51351382895334, 11.923062761406378], [79.51360563377499, 11.923063246065439], [79.513605141615, 11.923153649811704], [79.51351333676638, 11.923153165143658]], [[79.51351875061616, 11.922158723961696], [79.51351924275819, 11.92206832021543], [79.51361104724748, 11.92206880483856], [79.5136105551324, 11.922159208584825], [79.51351875061616, 11.922158723961696]], [[79.51353006891263, 11.920079437626926], [79.51353056096482, 11.919989033862695], [79.51362236475343, 11.919989518395992], [79.51362187272818, 11.920079922160223], [79.51353006891263, 11.920079437626926]], [[79.5137887513302, 11.92315461904898], [79.51378924341832, 11.923064215293731], [79.5139728530886, 11.923065184405244], [79.51397186901116, 11.923245991924722], [79.51388006411763, 11.923245507373458], [79.51388055618779, 11.92315510361821], [79.5137887513302, 11.92315461904898]], [[79.5140725294698, 11.921619208621012], [79.51407302140522, 11.921528804838815], [79.5141648257328, 11.921529289255332], [79.51416433382434, 11.92161969303753], [79.5140725294698, 11.921619208621012]], [[79.51278628416829, 11.921793231039386], [79.5127857917927, 11.921883634758702], [79.51269398741121, 11.921883149884044], [79.51269447981375, 11.921792746164728], [79.51278628416829, 11.921793231039386]], [[79.50897393013238, 11.913817324900462], [79.50897442342426, 11.913726921288944], [79.50888262194432, 11.913726435489021], [79.50888311526315, 11.913636031886488], [79.50897491671613, 11.913636517677427], [79.50897540999902, 11.913546114056926], [79.50915901286905, 11.91354708553999], [79.50915851964007, 11.913637489160491], [79.5090667181781, 11.913637003432434], [79.50906573165723, 11.913817810664451], [79.50897393013238, 11.913817324900462]], [[79.50897393013238, 11.913817324900462], [79.50897343684052, 11.91390772851198], [79.50888163528872, 11.913907242712057], [79.50888114196091, 11.913997646323574], [79.50878934038217, 11.91399716048772], [79.50879032710965, 11.913816353273667], [79.50897393013238, 11.913817324900462]], [[79.51307990894834, 11.918449747051563], [79.5130804010724, 11.918359343296315], [79.51317220429507, 11.91835982791046], [79.51317171219796, 11.918450231665709], [79.51307990894834, 11.918449747051563]], [[79.51278628416829, 11.921793231039386], [79.51278677654388, 11.921702827320072], [79.51287858087147, 11.921703312167779], [79.5128780885318, 11.921793715887095], [79.51278628416829, 11.921793231039386]], [[79.51307990894834, 11.918449747051563], [79.51307794038023, 11.918811362054589], [79.51298613701384, 11.918810877395526], [79.5129866291918, 11.91872047364926], [79.51289482586134, 11.91871998896325], [79.51289581026218, 11.91853918147072], [79.51298761353874, 11.91853966615673], [79.51298810569874, 11.918449262401484], [79.51307990894834, 11.918449747051563]]], [[[79.51215005703057, 11.920614588224323], [79.5122418609629, 11.920615073233728], [79.51224136846155, 11.920705476935076], [79.51242497640706, 11.920706446864056], [79.51242399151215, 11.920887254293703], [79.51233218747201, 11.920886769329213], [79.51233169498863, 11.920977173039546], [79.51223989092155, 11.920976688048107], [79.51224038344087, 11.920886284346759], [79.51214857940973, 11.92088579932837], [79.51215005703057, 11.920614588224323]]]]}, "id": "+3780+8277", "properties": {"count": 3224, "water": 1}}, {"type": "Feature", "geometry": {"geodesic": false, "type": "Polygon", "coordinates": [[[79.51184310907603, 11.926398967908522], [79.51184409482433, 11.92621816060464], [79.51193590063414, 11.926218645937437], [79.5119368863106, 11.926037838624572], [79.51212049782241, 11.92603880918237], [79.51212099059326, 11.925948405516953], [79.51221279632223, 11.925948890741955], [79.51221328905714, 11.925858487076537], [79.51230509475916, 11.925858972265607], [79.51230558746713, 11.925768568600189], [79.51258100451028, 11.925770023987731], [79.51258198971959, 11.925589216620965], [79.51276560097989, 11.925590186720624], [79.51276461588735, 11.925770994105356], [79.51267281019433, 11.925770509060017], [79.51267182502991, 11.925951316435766], [79.51276363078583, 11.925951801490088], [79.51276412334109, 11.925861397797721], [79.51303954053695, 11.925862852754072], [79.51303707817391, 11.926314871269799], [79.51294527228325, 11.926314386287345], [79.51294576479359, 11.926223982594978], [79.51276215309312, 11.926223012558202], [79.51276264566634, 11.92613260887482], [79.51267083984754, 11.926132123811515], [79.51267133243873, 11.926041720128133], [79.51257952666485, 11.926041235046862], [79.51257903403774, 11.926131638730245], [79.51248722822793, 11.926131153613042], [79.51248673557386, 11.926221557287441], [79.51257854141062, 11.926222042413627], [79.5125770635023, 11.926493253454792], [79.51266886943789, 11.92649373855403], [79.51266837681975, 11.926584142237411], [79.51248476490369, 11.926583171994023], [79.51248525757572, 11.926492768319623], [79.51230164573153, 11.926491797968437], [79.51230213845746, 11.926401394294038], [79.51184310907603, 11.926398967908522]]]}, "id": "+3803+8127", "properties": {"count": 68, "water": 1}}, {"type": "Feature", "geometry": {"geodesic": false, "type": "Polygon", "coordinates": [[[79.51267660241433, 12.025759556428824], [79.51267709924556, 12.025669153383244], [79.51286077811307, 12.025670131441977], [79.51286028134471, 12.025760534487556], [79.51267660241433, 12.025759556428824]]]}, "id": "+3810+7020", "properties": {"count": 2, "water": 1}}, {"type": "Feature", "geometry": {"geodesic": false, "type": "Polygon", "coordinates": [[[79.51413747914707, 11.943407471194941], [79.51413649345265, 11.943588278471877], [79.51422830520033, 11.943588763741792], [79.51422731955084, 11.943769571018727], [79.51395188412815, 11.94376811507423], [79.51395237704273, 11.943677711453729], [79.51376875351144, 11.943676740680335], [79.51376826053398, 11.94376714429185], [79.51386007232658, 11.943767629696515], [79.51385859345707, 11.944038840567], [79.51376678157465, 11.944038355153353], [79.51376628857922, 11.94412875876487], [79.51367447666087, 11.944128273315291], [79.51367496969223, 11.944037869703774], [79.5135831578098, 11.944037384227245], [79.51358414390846, 11.94385657700421], [79.513675955728, 11.943857062471755], [79.51367644874139, 11.943766658860238], [79.51358463695779, 11.943766173392692], [79.51358562302948, 11.943585366169657], [79.51349381130876, 11.943584880684146], [79.51349676962269, 11.943042459024024], [79.51358858116376, 11.943042944482587], [79.51358907416817, 11.942952540871069], [79.51413994330674, 11.942955453002607], [79.51414142176301, 11.942684242087207], [79.51423323320526, 11.942684727330173], [79.51422978364762, 11.943317552826391], [79.51432159530546, 11.943318038060376], [79.51432110252564, 11.943408441707826], [79.51413747914707, 11.943407471194941]], [[79.51413747914707, 11.943407471194941], [79.51404566746227, 11.943406985898076], [79.51404517458363, 11.94349738952756], [79.51395336287189, 11.943496904194761], [79.51395385577749, 11.943406500565278], [79.51386204410167, 11.943406015205529], [79.51386352289033, 11.94313480432606], [79.51413895765724, 11.943136260288524], [79.51413747914707, 11.943407471194941]]]}, "id": "+3820+7938", "properties": {"count": 68, "water": 1}}, {"type": "Feature", "geometry": {"geodesic": false, "type": "MultiPolygon", "coordinates": [[[[79.51359301809565, 11.942229311916046], [79.51359400403261, 11.942048504675045], [79.51341038162423, 11.942047533793852], [79.5134108746466, 11.941957130182335], [79.51377811935558, 11.94195907180099], [79.5137786122522, 11.941868668171507], [79.51396223457076, 11.941869638792188], [79.51396322023821, 11.941688831515254], [79.5143304646777, 11.941690772361358], [79.51432947925278, 11.941871579674224], [79.51414585690728, 11.941870609296089], [79.51414487134761, 11.942051416582006], [79.51423668257426, 11.942051901798022], [79.51423717532714, 11.941961498150572], [79.5144207977445, 11.94196246847481], [79.51442030505451, 11.942052872131244], [79.51432849381888, 11.942052386978109], [79.51432750835802, 11.942233194281991], [79.51405207448045, 11.942231738624955], [79.51405306012096, 11.942050931339038], [79.5139612488943, 11.942050446069121], [79.51396075604261, 11.942140849707588], [79.51386894479799, 11.94214036440174], [79.51386943766765, 11.942049960763272], [79.51377762644998, 11.942049475430474], [79.51377713354438, 11.942139879059958], [79.51368532229976, 11.942139393691226], [79.51368482935824, 11.94222979732071], [79.51359301809565, 11.942229311916046]]], [[[79.51359301809565, 11.942229311916046], [79.51359203213175, 11.942410119157048], [79.51350022080628, 11.942409633725434], [79.51350120682409, 11.942228826484433], [79.51359301809565, 11.942229311916046]]]]}, "id": "+3821+7949", "properties": {"count": 34, "water": 1}}, {"type": "Feature", "geometry": {"geodesic": false, "type": "Polygon", "coordinates": [[[79.51450620407302, 11.943138201143611], [79.51450768218794, 11.942866990174311], [79.51459949370205, 11.94286747530948], [79.514599001039, 11.942957878965915], [79.51496624729307, 11.94295981919218], [79.51496673983935, 11.94286941551778], [79.51505855138042, 11.942869900491253], [79.51505805886109, 11.942960304174637], [79.5151498704381, 11.942960789121159], [79.51515085541385, 11.942779981763376], [79.51478360936638, 11.942778041806605], [79.51478410196655, 11.942687638132206], [79.51469229049735, 11.942687153077884], [79.51469278312447, 11.942596749412468], [79.51460097169121, 11.942596264322216], [79.51460195699036, 11.942415457000365], [79.51451014561998, 11.942414971892145], [79.51451063830099, 11.942324568235712], [79.51478607233129, 11.942326023461556], [79.51478656491349, 11.942235619787157], [79.51497018755545, 11.942236589788001], [79.51497068007477, 11.942146186104619], [79.51506249137329, 11.942146671051141], [79.51506199888989, 11.942237074734525], [79.51533743290223, 11.942238529412396], [79.51533792529578, 11.94214812572003], [79.51542973661226, 11.942148610540789], [79.51543022896989, 11.942058206848424], [79.51552204025943, 11.942058691642233], [79.51552253258112, 11.941968287940883], [79.51543072132752, 11.941967803147074], [79.51543121367615, 11.941877399445724], [79.51515578001417, 11.941875944911583], [79.51515676489112, 11.941695137535834], [79.51497314259052, 11.941694167705672], [79.5149736350829, 11.941603764022288], [79.51552450184991, 11.941606673126504], [79.51552499415364, 11.941516269416173], [79.51561680526352, 11.941516754156083], [79.5156172975313, 11.94142635044575], [79.51607635299082, 11.941428773687162], [79.51607684510591, 11.941338369958864], [79.51616865617984, 11.941338854510128], [79.516169148259, 11.94124845078183], [79.51607733722099, 11.941247966230565], [79.51607832142419, 11.941067158764985], [79.5161701324083, 11.941067643316249], [79.51617160860083, 11.940796432104404], [79.51607979770655, 11.940795947571106], [79.51608225810229, 11.940343928902664], [79.51617406884384, 11.940344413409013], [79.51617357680063, 11.940434817155278], [79.51626538757813, 11.940435301634677], [79.5162634194951, 11.94079691660177], [79.51635523039836, 11.940797401081168], [79.51635080226096, 11.941611034752636], [79.51644261343371, 11.941611519232035], [79.51643867728563, 11.942334749148253], [79.51653048870992, 11.942335233627654], [79.51652950468637, 11.9425160411112], [79.51662131618252, 11.942516525563649], [79.51661934821628, 11.942878140530743], [79.51671115983818, 11.942878624974208], [79.5167101758865, 11.943059432457755], [79.51661836421968, 11.943058948014288], [79.51661738019614, 11.943239755497835], [79.51670919193482, 11.943240239950285], [79.5167082079562, 11.943421047433832], [79.51661639616361, 11.943420562972399], [79.51661492007888, 11.943691774184243], [79.5167067319613, 11.943692258654659], [79.51670525593946, 11.943963469875486], [79.51661344395822, 11.943962985396087], [79.51661295190603, 11.944053389124386], [79.51670476391422, 11.944053873612768], [79.51670427189795, 11.94414427735005], [79.51661245985383, 11.944143792861668], [79.51661196780164, 11.944234196589967], [79.51652015573056, 11.944233712065651], [79.51651867944821, 11.944504923250546], [79.51661049160911, 11.944505407792828], [79.51660999953894, 11.944595811521127], [79.51642637516325, 11.944594842409614], [79.51642588302121, 11.94468524612893], [79.5163340708154, 11.944684761523767], [79.51633505514438, 11.94450395409412], [79.51624324300144, 11.944503469462008], [79.5162422586096, 11.944684276891655], [79.51615044640377, 11.944683792232592], [79.51614995417191, 11.944774195942925], [79.51596632971537, 11.944773226517002], [79.51596682201011, 11.944682822815654], [79.51578319762542, 11.94468185327295], [79.51578221291916, 11.944862660666665], [79.51559858843567, 11.944861690989216], [79.51559809601515, 11.94495209468158], [79.51550628374646, 11.94495160979794], [79.5155052988246, 11.945132417155722], [79.51513804955218, 11.945130477288782], [79.51513854214336, 11.945040073623366], [79.51504672986569, 11.945039588587012], [79.51504771507501, 11.944858781256178], [79.5151395272898, 11.944859266292534], [79.51514001986303, 11.944768862618133], [79.51523183205087, 11.944769347618555], [79.51523281712545, 11.944588540269756], [79.51514100499149, 11.944588055278318], [79.51514396028709, 11.944045633249887], [79.51505214834178, 11.944045148249465], [79.51505313347026, 11.943864340909649], [79.51496132159681, 11.94386385589126], [79.51496230676122, 11.943683048560427], [79.51505411858076, 11.943683533569832], [79.51505461112703, 11.943593129895433], [79.51496279934342, 11.943592644886028], [79.51496427706309, 11.943321433880795], [79.51459703032391, 11.943319493591646], [79.51459752300494, 11.943229089935214], [79.51478114630265, 11.943230060133686], [79.51478163892978, 11.94313965646827], [79.51450620407302, 11.943138201143611]], [[79.51533103141769, 11.943413777368237], [79.51533152386514, 11.943323373684853], [79.51542333557688, 11.943323858559511], [79.5154238279884, 11.943233454876129], [79.5155156396732, 11.943233939714855], [79.51551514728862, 11.94332434340722], [79.51569877073007, 11.943325313012805], [79.51569827840838, 11.943415716714155], [79.5158819019217, 11.943416686202958], [79.51588091738611, 11.943597493623622], [79.51578910556657, 11.943597008883712], [79.51578861325386, 11.943687412585062], [79.51569680140737, 11.943686927809217], [79.51569630906772, 11.943777331510567], [79.51551268532084, 11.94377636186905], [79.51551317772338, 11.943685958176683], [79.51542136588587, 11.943685473319992], [79.51542284315637, 11.943414262251878], [79.51533103141769, 11.943413777368237]]]}, "id": "+3841+7964", "properties": {"count": 640, "water": 1}}, {"type": "Feature", "geometry": {"geodesic": false, "type": "Polygon", "coordinates": [[[79.51534689132674, 12.024508082234977], [79.51534738720575, 12.024417679063633], [79.51543922633408, 12.02441816718121], [79.51543972217716, 12.024327764009866], [79.51553156127855, 12.02432825209151], [79.51553255290183, 12.02414744573984], [79.51562439194034, 12.024147933785551], [79.51562538348277, 12.0239671274249], [79.51571722246737, 12.023967615434678], [79.51571821393794, 12.023786809065042], [79.51562637501624, 12.023786321064247], [79.51562736653173, 12.023605514703595], [79.5155355276729, 12.023605026684834], [79.51553651923331, 12.023424220333164], [79.51562835802926, 12.023424708342942], [79.5156303409794, 12.023063095603671], [79.51572217964959, 12.023063583568534], [79.51572366672968, 12.022792374000606], [79.51581550531903, 12.022792861929535], [79.51581600097346, 12.022702458731244], [79.51572416241108, 12.022701970811296], [79.51572465809247, 12.022611567621988], [79.51581649661892, 12.022612055532951], [79.51581897481029, 12.02216003955047], [79.51591081318402, 12.022160527416519], [79.51591130878457, 12.022070124218226], [79.51600314713136, 12.022070612048342], [79.51600364268698, 12.021980208841066], [79.51609548101581, 12.021980696644231], [79.51609894960875, 12.021347874148386], [79.51619078772197, 12.02134836188867], [79.51619276956718, 12.020986749005669], [79.51628460756363, 12.02098723671002], [79.5162865892202, 12.020625623800068], [79.51637842709987, 12.02062611145052], [79.51637991320979, 12.020354901756829], [79.51647175099065, 12.020355389362365], [79.51646481593377, 12.02162103462355], [79.51637297772173, 12.021620546964115], [79.51636950967675, 12.022253369522842], [79.51646134811338, 12.02225385721821], [79.51645788008638, 12.022886679767954], [79.51636604144313, 12.022886192054619], [79.5163650504846, 12.023066998487137], [79.51645688919072, 12.023067486209454], [79.5164563937339, 12.023157889425713], [79.51636455500083, 12.023157401703395], [79.51635959992068, 12.024061433821068], [79.5162677608732, 12.024060946026886], [79.5162652830322, 12.024512962036313], [79.51617344384098, 12.024512474197216], [79.51617047011197, 12.025054893369004], [79.51607863075009, 12.025054405476007], [79.51607813507768, 12.025144808665317], [79.5155270987716, 12.025141880624615], [79.51552759462368, 12.025051477453271], [79.51543575527975, 12.025050989344678], [79.51543873048202, 12.024508570352552], [79.51534689132674, 12.024508082234977]]]}, "id": "+3849+7079", "properties": {"count": 312, "water": 1}}, {"type": "Feature", "geometry": {"geodesic": false, "type": "Polygon", "coordinates": [[[79.51758268347083, 11.934565833320153], [79.51758415743554, 11.934294621811864], [79.51795139252356, 11.934296556756037], [79.51794991892716, 11.934567768309241], [79.51804172780022, 11.934568251980156], [79.51804074543857, 11.9347490596793], [79.51794893650262, 11.9347485759994], [79.51794844529483, 11.934838979853463], [79.51776482737803, 11.934838012394852], [79.51776531864869, 11.934747608549772], [79.5176735097307, 11.934747124780042], [79.51767449232592, 11.93456631710785], [79.51758268347083, 11.934565833320153]]]}, "id": "+3860+8031", "properties": {"count": 22, "water": 1}}, {"type": "Feature", "geometry": {"geodesic": false, "type": "Polygon", "coordinates": [[[79.51810298052382, 11.906361738002914], [79.51810543026554, 11.90590971781632], [79.51819722951764, 11.905910200292476], [79.51819771942286, 11.905819796249768], [79.51856491633248, 11.905821725848963], [79.5185639367556, 11.906002533961331], [79.51865573605262, 11.906003016293756], [79.51865475652066, 11.906183824415105], [79.51856295716075, 11.90618334208268], [79.51856246736332, 11.906273746134373], [79.51847066797647, 11.906273263766014], [79.5184701781431, 11.906363667817706], [79.51810298052382, 11.906361738002914]]]}, "id": "+3865+8346", "properties": {"count": 30, "water": 1}}, {"type": "Feature", "geometry": {"geodesic": false, "type": "Polygon", "coordinates": [[[79.51817812002491, 11.909435957535912], [79.51817861008284, 11.90934555351117], [79.51827041049378, 11.909346036104106], [79.51827090051579, 11.909255632079363], [79.51863810205174, 11.909257562127717], [79.51863271286071, 11.910252006534632], [79.51835731069366, 11.910250558917518], [79.5183597608486, 11.909798538793806], [79.51826796028494, 11.909798056218836], [79.51826992045382, 11.909436440128848], [79.51817812002491, 11.909435957535912]]]}, "id": "+3866+8308", "properties": {"count": 40, "water": 1}}, {"type": "Feature", "geometry": {"geodesic": false, "type": "Polygon", "coordinates": [[[79.51868089502506, 11.918298445964215], [79.51868285608326, 11.917936830026942], [79.51877465939575, 11.917937312790558], [79.51877514962436, 11.91784690880175], [79.51886695290992, 11.917847391538416], [79.51886744309361, 11.917756987549605], [79.51923465615495, 11.917758918172883], [79.51923367601212, 11.917939726195417], [79.51914187268166, 11.917939243575532], [79.51914040234615, 11.918210455586877], [79.51904859892586, 11.918209972931058], [79.5190481087781, 11.918300376928851], [79.51868089502506, 11.918298445964215]]]}, "id": "+3873+8214", "properties": {"count": 28, "water": 1}}, {"type": "Feature", "geometry": {"geodesic": false, "type": "Polygon", "coordinates": [[[79.52241836204934, 11.872210588245501], [79.52241982330288, 11.871939374949566], [79.52260339939413, 11.871940334368254], [79.5226029123725, 11.872030738806222], [79.52269470044958, 11.872031218470651], [79.52269421345488, 11.872121622917602], [79.52287778968987, 11.872122582165613], [79.52287730275808, 11.872212986621546], [79.52306087906491, 11.872213945752774], [79.52305990530013, 11.872394754673627], [79.52287632886753, 11.872393795515448], [79.52287584191775, 11.872484199962399], [79.52269226544023, 11.872483240687439], [79.52269275245288, 11.872392836240488], [79.52250917604721, 11.872391876848749], [79.52251015018031, 11.872211067981796], [79.52241836204934, 11.872210588245501]]]}, "id": "+3907+8721", "properties": {"count": 24, "water": 1}}, {"type": "Feature", "geometry": {"geodesic": false, "type": "MultiPolygon", "coordinates": [[[[79.52211881025691, 11.961530841843004], [79.52211831929168, 11.961621245688084], [79.52202650113901, 11.961620762268696], [79.52202699213119, 11.961530358423618], [79.52211881025691, 11.961530841843004]]], [[[79.52276644455245, 11.960630186133159], [79.52276693525718, 11.96053978226113], [79.52285875307746, 11.960540265393057], [79.52285924375524, 11.960449861503061], [79.52295106154857, 11.960450344608038], [79.52295008026489, 11.960631152379046], [79.52276644455245, 11.960630186133159]]], [[[79.52267413595557, 11.960720106846312], [79.52267315446528, 11.960900914599353], [79.5225813365282, 11.960900431386579], [79.52257986416251, 11.961171642993682], [79.5224880461356, 11.961171159744975], [79.52248755530512, 11.961261563608021], [79.52239573726025, 11.961261080332365], [79.52239524639384, 11.961351484186427], [79.52230342832202, 11.961351000874838], [79.52230293741967, 11.9614414047289], [79.5222111193209, 11.961440921372395], [79.5222106283916, 11.961531325226458], [79.52211881025691, 11.961530841843004], [79.52212028312566, 11.961259630298782], [79.52221210117052, 11.961260113673253], [79.52221259208187, 11.961169709819192], [79.52230441009978, 11.961170193157729], [79.52230490098417, 11.961079789294685], [79.52239671896615, 11.961080272606273], [79.5223972098146, 11.960989868743226], [79.52248902777862, 11.960990352018884], [79.52249000940367, 11.960809544283808], [79.5225818273048, 11.96081002751455], [79.52258231808139, 11.960719623642522], [79.52267413595557, 11.960720106846312]]], [[[79.52276644455245, 11.960630186133159], [79.52276595383874, 11.960720590014171], [79.52267413595557, 11.960720106846312], [79.52267462669623, 11.960629702974284], [79.52276644455245, 11.960630186133159]]]]}, "id": "+3916+7742", "properties": {"count": 23, "water": 1}}, {"type": "Feature", "geometry": {"geodesic": false, "type": "MultiPolygon", "coordinates": [[[[79.52351526697704, 11.974918344178668], [79.52369891239128, 11.974919311071343], [79.52369940339246, 11.974828907244229], [79.5237912260816, 11.974829390645649], [79.52379171704685, 11.974738986809554], [79.52406718503346, 11.974740436807203], [79.52406767590887, 11.974650032971107], [79.52415949854412, 11.97465051623778], [79.52416048021408, 11.974469708538638], [79.52434412538578, 11.974470674973169], [79.52434363460918, 11.974561078827232], [79.52471092512326, 11.974563011354936], [79.52471141577408, 11.974472607482907], [79.52480323837341, 11.974473090533985], [79.5248042196032, 11.974292282780945], [79.52489604214861, 11.97429276579609], [79.52489898555051, 11.973750342510018], [79.52499080791627, 11.973750825471264], [79.52498982686615, 11.973931633242271], [79.52508164930377, 11.973932116176568], [79.52508115879668, 11.974022520066562], [79.5252648037438, 11.974023485863292], [79.52526431329959, 11.97411388976227], [79.52544795831858, 11.974114855442217], [79.52544746792826, 11.974205259341195], [79.5256311130281, 11.974206224913344], [79.52563062269168, 11.974296628821307], [79.52572244528201, 11.974297111566957], [79.52571705169824, 11.9752915545725], [79.52562522877552, 11.975291071790917], [79.52562326723223, 11.975652687395813], [79.52553144419274, 11.975652204569315], [79.52553046334025, 11.975833012358288], [79.52562228644263, 11.97583349519377], [79.52562032480051, 11.976195110789684], [79.52552850158136, 11.976194627936236], [79.52552801112816, 11.976285031826231], [79.52561983438325, 11.976285514688662], [79.52561885353076, 11.976466322477636], [79.5254352069038, 11.97646535671684], [79.52543471641467, 11.976555760606836], [79.52534289307873, 11.976555277681522], [79.52534338360378, 11.976464873791526], [79.52479244384864, 11.976461975619808], [79.52479195314392, 11.976552379482854], [79.52460830652593, 11.976551413183069], [79.52460781575833, 11.976641817028147], [79.52405687583251, 11.976638917374208], [79.52405638487626, 11.976729321201322], [79.52341362158755, 11.976725936870354], [79.5234131304157, 11.9768163406795], [79.52295401375396, 11.976813922378824], [79.52295352242041, 11.976904326161021], [79.52267805237665, 11.976902874815899], [79.52267756095327, 11.97699327858013], [79.52231026749273, 11.976991343016119], [79.522311250591, 11.97681053549664], [79.52194395744486, 11.976808599483473], [79.52194444911079, 11.976718195737208], [79.52221991887608, 11.976719647783016], [79.52222041044318, 11.976629244027768], [79.52240405690844, 11.976630211908589], [79.52240454841267, 11.976539808144357], [79.52249637162285, 11.976540292030867], [79.52249686309115, 11.976449888266636], [79.52258868627437, 11.976450372117215], [79.5225896691391, 11.97626956457977], [79.52249784601874, 11.97626908072919], [79.52249833746907, 11.976178676955977], [79.52268198365586, 11.976179644621201], [79.52268542332305, 11.975546818163785], [79.52277724620984, 11.975547301924532], [79.52277773754338, 11.975456898142335], [79.52296138326305, 11.97545786555603], [79.5229618745337, 11.97536746176485], [79.52314552020847, 11.975368429052782], [79.52314601140726, 11.975278025252619], [79.52332965704609, 11.975278992414786], [79.523330148182, 11.975188588605638], [79.52342197096998, 11.975189072132824], [79.52342246207894, 11.975098668323676], [79.52351428483996, 11.975099151814929], [79.52351526697704, 11.974918344178668]], [[79.52378975315895, 11.975100602135972], [79.52379024413317, 11.975010198299875], [79.52388206688521, 11.975010681674346], [79.52388157593793, 11.975101085510444], [79.52378975315895, 11.975100602135972]], [[79.52497805295314, 11.976101326323679], [79.524978543586, 11.97601092245165], [79.52507036671534, 11.976011405475777], [79.52506987612739, 11.976101809347806], [79.52497805295314, 11.976101326323679]]], [[[79.52351526697704, 11.974918344178668], [79.52342344426992, 11.974917860687416], [79.52342393536092, 11.97482745687827], [79.52351575804109, 11.974827940360539], [79.52351526697704, 11.974918344178668]]]]}, "id": "+3939+7595", "properties": {"count": 736, "water": 1}}, {"type": "Feature", "geometry": {"geodesic": false, "type": "Polygon", "coordinates": [[[79.52952492469495, 12.001258228480198], [79.5295268853579, 12.00089661290225], [79.52961871709309, 12.00089709541434], [79.52961920722288, 12.000806691515361], [79.52971103893113, 12.000807174000501], [79.529708098314, 12.00134959742132], [79.52989176211676, 12.001350562355666], [79.5298922521747, 12.001260158447705], [79.52998408405362, 12.001260640860979], [79.52998212393865, 12.00162225651079], [79.52989029193397, 12.00162177407955], [79.52988980186706, 12.001712177987512], [79.5296143057991, 12.001710730505145], [79.52961675655591, 12.001258711019236], [79.52952492469495, 12.001258228480198]]]}, "id": "+3992+7296", "properties": {"count": 26, "water": 1}}, {"type": "Feature", "geometry": {"geodesic": false, "type": "Polygon", "coordinates": [[[79.52893775155452, 11.940049852189173], [79.5289392149191, 11.939778639396293], [79.52903102600203, 11.939779119689543], [79.52903200150057, 11.939598311145986], [79.52894019048053, 11.939597830861718], [79.52894067824775, 11.93950742659443], [79.52903248924085, 11.939507906878697], [79.52903297698113, 11.939417502602426], [79.52949203184777, 11.939419903547652], [79.52949008147952, 11.939781520706635], [79.52939827037864, 11.939781040557115], [79.52939778274614, 11.93987144484237], [79.5293059716183, 11.9398709646659], [79.52930548394988, 11.939961368951154], [79.5295809174412, 11.939962809399713], [79.529582380159, 11.939691596525984], [79.52967419123293, 11.939692076603638], [79.52967614134066, 11.939330459408724], [79.5297679523068, 11.939330939450445], [79.52976892727533, 11.939150130844006], [79.52967711637207, 11.939149650811267], [79.52967760388778, 11.93905924651703], [79.52958579302046, 11.939058766457341], [79.5295853054778, 11.939149170751579], [79.52930987280395, 11.939147730401835], [79.52931182330695, 11.93878611326082], [79.52922001254743, 11.938785633093334], [79.52922050018888, 11.93869522880808], [79.52931231092147, 11.938695708966582], [79.52931474894017, 11.938243687522347], [79.52940655952003, 11.938244167635933], [79.5294055843898, 11.938424976224407], [79.52949739503255, 11.938425456311045], [79.5294959323956, 11.938696669193755], [79.52958774313717, 11.938697149262426], [79.52958725561248, 11.938787553565646], [79.52977087716746, 11.938788513622141], [79.52977282699673, 11.938426896391293], [79.52968101633601, 11.938426416394487], [79.52968199128658, 11.938245607779065], [79.52959018069772, 11.938245127764292], [79.52959115569321, 11.938064319157851], [79.52968296622815, 11.93806479916364], [79.52968686580581, 11.937341564692963], [79.52977867610721, 11.937342044644852], [79.52977916350613, 11.937251640323666], [79.52987097377158, 11.937252120248607], [79.52987194849757, 11.937071311606234], [79.529780138295, 11.937070831690276], [79.52978208781883, 11.936709214414513], [79.52969027773304, 11.936708734489573], [79.52969125253986, 11.936527925856183], [79.52978306255379, 11.93652840577214], [79.52978354992577, 11.936438001450952], [79.52987535991274, 11.93643848133996], [79.52987828383915, 11.935896055376908], [79.52997009364647, 11.935896535203035], [79.52997301724051, 11.935354109195067], [79.53006482687715, 11.935354588976278], [79.53006580131567, 11.935173780297971], [79.52997399174191, 11.935173300525744], [79.52997642791907, 11.93472127882998], [79.52988461850701, 11.934720799039786], [79.52988656750084, 11.934359181692159], [79.52997837679611, 11.934359661455403], [79.52997983840898, 11.93408844842896], [79.53034707527566, 11.934090367158541], [79.53034610111563, 11.934271175881763], [79.53043791040191, 11.934271655492294], [79.53043644922023, 11.934542868581618], [79.53052825860534, 11.93454334817418], [79.53052338804767, 11.935447391790289], [79.53043157836612, 11.935446912152809], [79.53043011703173, 11.935718125215184], [79.53033830725137, 11.935717645541772], [79.53033684579121, 11.93598885858618], [79.53024503593001, 11.935988378867851], [79.53023967659898, 11.9369828266165], [79.5301478664054, 11.936982346826307], [79.53014689186806, 11.937163155486646], [79.53005508162057, 11.93716267566052], [79.53005361969329, 11.937433888651029], [79.5301454300396, 11.937434368486137], [79.53014445545735, 11.937615177146478], [79.53005264505714, 11.937614697302385], [79.53004923370484, 11.938247527559675], [79.53014104432064, 11.938248007430715], [79.53014006967551, 11.938428816082073], [79.5302318803542, 11.938429295926165], [79.53022993112681, 11.938790913228877], [79.53013812033134, 11.938790433366819], [79.53013665827831, 11.939061646330378], [79.53004484739301, 11.939061166423404], [79.53004094818365, 11.939784400930014], [79.52994913705582, 11.939783920969141], [79.52994816215018, 11.939964729584565], [79.53003997334089, 11.93996520955442], [79.53003899848017, 11.940146018169845], [79.52994718723555, 11.940145538191006], [79.52994669976476, 11.94023594250321], [79.52985488849319, 11.940235462488436], [79.52985440099545, 11.940325866791657], [79.52967077838943, 11.940324906663298], [79.52967126595006, 11.94023450236906], [79.52957945468746, 11.94023402227344], [79.52957896709991, 11.940324426558695], [79.52921172196872, 11.940322505834853], [79.5292112342464, 11.940412910111124], [79.52911942293889, 11.940412429853806], [79.52911991068817, 11.940322025577537], [79.52902809941659, 11.94032154529327], [79.52902956272727, 11.940050332491406], [79.52893775155452, 11.940049852189173]], [[79.52958628055413, 11.938968362163104], [79.5295867680878, 11.938877957859884], [79.52967857889224, 11.938878437910589], [79.52967809138552, 11.938968842213809], [79.52958628055413, 11.938968362163104]]]}, "id": "+3995+8034", "properties": {"count": 403, "water": 1}}, {"type": "Feature", "geometry": {"geodesic": false, "type": "MultiPolygon", "coordinates": [[[[79.53514705674515, 11.980494164114395], [79.53514803159689, 11.980313355597787], [79.5353316816195, 11.980314315294953], [79.5353311942565, 11.980404719562241], [79.53523936921376, 11.980404239727132], [79.53523888181483, 11.980494643985436], [79.53514705674515, 11.980494164114395]]], [[[79.53514705674515, 11.980494164114395], [79.53514559444058, 11.980765376880326], [79.53505376927207, 11.980764896973351], [79.53505279432152, 11.980945705471994], [79.53496096910808, 11.980945225520104], [79.53496048159239, 11.981035629769424], [79.53486865635202, 11.981035149781603], [79.53486768125772, 11.981215958262279], [79.53477585595448, 11.981215478238523], [79.53477536836691, 11.981305882478862], [79.5346835430367, 11.981305402419174], [79.53468305542218, 11.981395806659512], [79.53459123006503, 11.981395326563892], [79.53459025475514, 11.981576135026602], [79.5344984293441, 11.98157565489505], [79.53449745395335, 11.981756463339792], [79.5344056284884, 11.981755983172308], [79.5344051407571, 11.981846387394679], [79.53431331525623, 11.98184590719126], [79.53431185194555, 11.98211711984041], [79.53422002636381, 11.98211663960106], [79.5342190507485, 11.98229744800987], [79.53412722510389, 11.982296967734587], [79.53412673726478, 11.982387371938993], [79.53385126027705, 11.982385930915513], [79.53385077233015, 11.982476335110935], [79.53375894664961, 11.982475854700905], [79.53375845866678, 11.982566258887344], [79.5335748072518, 11.98256529797745], [79.53357431920608, 11.982655702163889], [79.53348249347164, 11.982655221655044], [79.53348200539898, 11.9827456258325], [79.53339017963759, 11.982745145296706], [79.533389691529, 11.982835549465179], [79.53329786574065, 11.98283506889345], [79.53329737759613, 11.982925473061924], [79.53311372597453, 11.982924511828637], [79.53311323775813, 11.983014915979144], [79.53265410861879, 11.983012512338972], [79.53265362024969, 11.983102916480496], [79.53237814272296, 11.983101473920897], [79.53237765425504, 11.983191878053436], [79.53210217667441, 11.98319043521536], [79.53210168811667, 11.983280839329934], [79.53191803635134, 11.98327987727918], [79.53191754772172, 11.98337028138477], [79.5313665923359, 11.983367394495891], [79.53136708114518, 11.983276990408267], [79.5300815195604, 11.983270250160045], [79.5300820087919, 11.983179846126319], [79.52971470574631, 11.983177919275967], [79.52971421639805, 11.983268323291727], [79.5296223906097, 11.983267841507272], [79.52962190122551, 11.983358245514049], [79.5295300754192, 11.983357763693663], [79.52952958599906, 11.98344816770044], [79.5294377601658, 11.983447685844121], [79.52943727070974, 11.983538089850898], [79.52925361898933, 11.983537126030463], [79.52925312947038, 11.983627530028256], [79.52906947770505, 11.983626566082057], [79.52906898811423, 11.98371697007985], [79.52888533631297, 11.983716006007887], [79.52888484665927, 11.983806409987714], [79.52851754296691, 11.983804481466496], [79.52851705318746, 11.983894885428356], [79.52824157536429, 11.98389343871854], [79.528241085495, 11.983983842671417], [79.52796560761793, 11.983982395674142], [79.52796511764983, 11.984072799609052], [79.52778146569584, 11.984071834791488], [79.52778048562489, 11.984252642652327], [79.52768865959399, 11.984252160194137], [79.5276881695181, 11.984342564120064], [79.52759634346026, 11.984342081625943], [79.52759536324557, 11.984522889468815], [79.52722805879863, 11.984520959150966], [79.52722854902724, 11.984430555243005], [79.52713672295144, 11.984430072587186], [79.52713721321598, 11.984339668679224], [79.52704538717612, 11.984339186005439], [79.52704587745863, 11.984248782097477], [79.52658674748385, 11.984246368279393], [79.52658625704862, 11.984336772160406], [79.52631077901884, 11.984335323492262], [79.5263102884848, 11.984425727364291], [79.52612663642303, 11.984424761432816], [79.52612712701995, 11.98433435756977], [79.52603530102499, 11.984333874554626], [79.52603628226376, 11.984153066828533], [79.52612810819583, 11.984153549834696], [79.52612859878379, 11.98406314597165], [79.52686320614156, 11.9840670088711], [79.52686369646898, 11.983976604972122], [79.52759830384471, 11.983980465922231], [79.5275987939296, 11.98389006198732], [79.52814974943222, 11.983892956413065], [79.52815023933744, 11.98380255246917], [79.5283338911387, 11.983803517026223], [79.52833438097205, 11.983713113064363], [79.5287016845117, 11.98371504181016], [79.52870217421929, 11.983624637839316], [79.52888582595767, 11.983625602019078], [79.52888631559341, 11.98353519803925], [79.5291617931381, 11.983536644075329], [79.529162282684, 11.98344624008652], [79.52925410850827, 11.983446722032669], [79.52925459801824, 11.983356318034877], [79.52934642381557, 11.983356799954077], [79.5293469132896, 11.9832663959473], [79.52953056483035, 11.983267359686888], [79.52953105425048, 11.983176955671128], [79.52962287999391, 11.983177437491515], [79.52962385874434, 11.982996629459995], [79.52971568443387, 11.982997111235465], [79.52971764177305, 11.982635495154462], [79.52980946734579, 11.982635976885016], [79.52980897804244, 11.982726380918741], [79.5299926292598, 11.982727344299], [79.52999214001933, 11.982817748332726], [79.53054309394989, 11.98282063779977], [79.53054260488908, 11.982911041860445], [79.53081808200257, 11.982912486198709], [79.5308175930316, 11.983002890259385], [79.53118489602328, 11.9830048156365], [79.53118440716908, 11.98309521971514], [79.53201083939891, 11.983099550097867], [79.53201132798361, 11.983009145983292], [79.53228680537559, 11.983010588884252], [79.53228729386147, 11.982920184760694], [79.5324709454112, 11.982921146541953], [79.53247143383422, 11.982830742409412], [79.53256325957764, 11.982831223250635], [79.53256423635177, 11.982650414976572], [79.53274788773982, 11.982651376551217], [79.53274837605503, 11.982560972409694], [79.53284020172659, 11.982561453143118], [79.53284166656441, 11.982290240691599], [79.53293349214613, 11.98229072138909], [79.53293398038947, 11.982200317238583], [79.53302580594426, 11.982200797900143], [79.53302678235009, 11.982019989581163], [79.53311860785097, 11.98202047020679], [79.53311909602245, 11.981930066038316], [79.53321092149638, 11.981930546636994], [79.53321140962294, 11.98184014246852], [79.53330323506992, 11.981840623022281], [79.53330518744141, 11.98147900632144], [79.53339701277162, 11.98147948683927], [79.53339750081732, 11.981389082661813], [79.53348932612057, 11.98138956314371], [79.53349030214912, 11.98120875477083], [79.53358212739846, 11.981209235216793], [79.53358261537231, 11.981118831021371], [79.5334907901589, 11.98111835058439], [79.53349127815969, 11.981027946397951], [79.5333994529822, 11.981027465934021], [79.53339994100995, 11.980937061747582], [79.53275716507295, 11.980933697673624], [79.5327576533163, 11.980843293514134], [79.53239035298363, 11.980841370544505], [79.53239132969489, 11.980660562252474], [79.53248315471068, 11.980661043039799], [79.53248413135007, 11.980480234738785], [79.53239230639717, 11.980479753960445], [79.53239377141465, 11.98020854152689], [79.53248559627772, 11.980209022287264], [79.53248706116943, 11.979937809835745], [79.5323952363962, 11.979937329084354], [79.53239718965702, 11.979575712482328], [79.53230536500953, 11.979575231712971], [79.5323058533427, 11.979484827562464], [79.53193855492346, 11.979482904215542], [79.53193904337341, 11.979392500083001], [79.53184721881576, 11.979392019169914], [79.53184770729266, 11.979301615037373], [79.53166405824024, 11.979300653139333], [79.53166552383264, 11.979029440768661], [79.53157369940075, 11.97902895978371], [79.53157467650728, 11.978848151536596], [79.53148285214725, 11.978847670533677], [79.53148236356255, 11.97893807464825], [79.53129871477962, 11.978937112534615], [79.53129920342721, 11.97884670842004], [79.53120737907616, 11.97884622732729], [79.53120786774171, 11.9787558232217], [79.53111604341763, 11.978755342093017], [79.53111653211911, 11.978664937987425], [79.53102470783095, 11.978664456840777], [79.53102715140125, 11.978212436321805], [79.53093532727478, 11.978211955166172], [79.53093630474062, 11.978031146963973], [79.53102812880421, 11.978031628119606], [79.5310286174967, 11.977941224014016], [79.53112044154231, 11.977941705133714], [79.53112239615061, 11.977580088684402], [79.53121422007943, 11.977580569759185], [79.53121470869108, 11.977490165644612], [79.53130653258398, 11.977490646683464], [79.53130702116869, 11.977400242568889], [79.53139884503463, 11.977400723571808], [79.53140226475922, 11.976767894688942], [79.53149408841855, 11.976768375637961], [79.53149457690444, 11.97667797150542], [79.5316782241782, 11.97667893331363], [79.53167920101522, 11.976498125030583], [79.53158737743674, 11.976497644144445], [79.53158835432765, 11.976316835870382], [79.53195564840804, 11.976318759181371], [79.53195418344445, 11.976589971641873], [79.53204600705888, 11.976590452402247], [79.53204405384297, 11.976952069022241], [79.53213587759214, 11.976952549773632], [79.53213538930389, 11.97704295393312], [79.53222721308899, 11.977043434657562], [79.53222526003478, 11.977405051295522], [79.5324089078565, 11.977406012681522], [79.5324084196401, 11.977496416841012], [79.53277571545425, 11.977498339262668], [79.53277522735463, 11.977588743449108], [79.53295887534705, 11.977589704484766], [79.53295838731032, 11.977680108671205], [79.5332338594202, 11.977681550018078], [79.53323337146432, 11.9777719542135], [79.53341701961843, 11.97777291497068], [79.53341653172542, 11.977863319175086], [79.53369200407786, 11.977864760090768], [79.5336915162657, 11.977955164304156], [79.53387516458152, 11.977956124773876], [79.53387467683224, 11.978046528987264], [79.53415014942722, 11.978047969480738], [79.53414966176778, 11.978138373712092], [79.53424148600205, 11.978138853816697], [79.53424002308661, 11.978410066519745], [79.5343318474197, 11.978410546606382], [79.53433135980517, 11.978500950846719], [79.53423953544515, 11.978500470751099], [79.53423807248481, 11.978771683454148], [79.53460537032015, 11.978773603674933], [79.53460585785382, 11.978683199434595], [79.53469768229469, 11.978683679413434], [79.53469816979243, 11.978593275164112], [79.53488181862028, 11.978594235022976], [79.53488133117644, 11.978684639281282], [79.53506498008512, 11.978685599023365], [79.53506449270417, 11.978776003290653], [79.53515631718994, 11.978776483116778], [79.53515436773799, 11.979138100185928], [79.53506254312643, 11.979137620341836], [79.53506205572751, 11.979228024609125], [79.53515388036601, 11.979228504453216], [79.53515290561307, 11.97940931298779], [79.53524473032344, 11.979409792813918], [79.53524424296944, 11.979500197081205], [79.53533606770675, 11.979500676880381], [79.53533655503381, 11.979410272613094], [79.53552020446352, 11.979411232112632], [79.53551825538885, 11.979772849226698], [79.53561008023397, 11.979773328954009], [79.53560959298775, 11.97986373323028], [79.53551776811568, 11.97986325350297], [79.53551630626028, 11.980134466331782], [79.5354244812894, 11.980133986559554], [79.53542399397132, 11.980224390835826], [79.53533216898248, 11.98022391103665], [79.5353326563365, 11.980133506769361], [79.53514900643067, 11.980132547081176], [79.53514949383857, 11.980042142822873], [79.53496584401361, 11.98004118302689], [79.53496535654283, 11.980131587276212], [79.53468988173799, 11.980130147339693], [79.5346884190202, 11.980401360060707], [79.53478024404497, 11.980401840084463], [79.53477975649334, 11.980492244324802], [79.53487158154506, 11.980492724312624], [79.53487109402936, 11.980583128561944], [79.53505474421365, 11.980584088465726], [79.53505523167546, 11.98049368420742], [79.53514705674515, 11.980494164114395]], [[79.5332182430534, 11.98057448402905], [79.53322068338078, 11.980122463132787], [79.53358798286902, 11.980124384907658], [79.53358847080693, 11.98003398070325], [79.53368029566103, 11.980034461068367], [79.53368127144702, 11.979853652668538], [79.53377309623824, 11.97985413299772], [79.5337735840953, 11.979763728793316], [79.53404905841504, 11.979765169583233], [79.53404759510435, 11.980036382232383], [79.53395577024128, 11.98003590198405], [79.53395430680483, 11.980307114615231], [79.53386248184293, 11.980306634330965], [79.53385955468258, 11.980849059557398], [79.53358407928486, 11.98084761845307], [79.53358456724973, 11.980757214266632], [79.53349274215309, 11.980756733838634], [79.5334932301449, 11.980666329652195], [79.53330958003247, 11.980665368715352], [79.53331006807818, 11.980574964537896], [79.5332182430534, 11.98057448402905]], [[79.53459318063989, 11.981033709647456], [79.53459464353735, 11.980762496953389], [79.534870118971, 11.980763937051604], [79.53486914389467, 11.980944745541263], [79.53477731868125, 11.980944265526492], [79.53477683111164, 11.98103466976683], [79.53459318063989, 11.981033709647456]]]]}, "id": "+4015+7567", "properties": {"count": 1741, "water": 1}}, {"type": "Feature", "geometry": {"geodesic": false, "type": "MultiPolygon", "coordinates": [[[[79.53296682374848, 11.924972930914741], [79.53296730956636, 11.924882526386943], [79.53305911580736, 11.924883004775763], [79.53305960159831, 11.924792600247965], [79.53315140781235, 11.924793078609836], [79.53315529374461, 11.924069842315578], [79.5330634877731, 11.92406936398964], [79.53306494502914, 11.923798150388276], [79.53297313915645, 11.92379767204437], [79.53297362492943, 11.923707267507588], [79.53269820741914, 11.923705832305192], [79.53269772155635, 11.923796236824007], [79.53260591570161, 11.92379575836332], [79.53260640159137, 11.923705353844504], [79.53196376091371, 11.923702003775283], [79.53196278869403, 11.923882812759015], [79.53168737113883, 11.923881376550504], [79.53168688493467, 11.923971781024406], [79.53159507905299, 11.923971302231342], [79.5315945928129, 11.924061706705242], [79.53150278691325, 11.924061227867263], [79.53150230063721, 11.924151632341163], [79.53131868878404, 11.924150674575374], [79.53131966145288, 11.923969865645539], [79.53122785559815, 11.923969386726712], [79.53122736923228, 11.924059791182646], [79.53095195158726, 11.924058354228535], [79.5309538973741, 11.923696736431749], [79.53086209162717, 11.923696257405123], [79.53086257809184, 11.923605852949189], [79.53095438381183, 11.923606331975815], [79.53095730235734, 11.923063905258177], [79.5325179971356, 11.923072043734141], [79.53251751123686, 11.923162448252956], [79.53334376215074, 11.923166753393023], [79.53334327652149, 11.923257157947772], [79.53343508223249, 11.923257636147946], [79.5334355678258, 11.923167231593197], [79.53352737350984, 11.92316770975744], [79.53352688794348, 11.923258114321172], [79.53380230509444, 11.923259548661186], [79.5338018196179, 11.9233499532339], [79.53389362537382, 11.923350431290347], [79.53389119807203, 11.923802454144937], [79.53398300398065, 11.923802932192398], [79.5339800912652, 11.924345359619705], [79.53407189736248, 11.924345837658183], [79.53407141193087, 11.924436242230898], [79.53397960579767, 11.924435764192419], [79.53397814937706, 11.92470697790158], [79.53406995560009, 11.924707455949042], [79.53406947014153, 11.924797860521757], [79.53379405140056, 11.924796426262592], [79.53379356585216, 11.924886830826324], [79.53333453454835, 11.924884439771548], [79.53333404884724, 11.92497484430833], [79.53296682374848, 11.924972930914741]], [[79.53279049908278, 11.923615906211129], [79.53279147072753, 11.923435097155531], [79.53288327647446, 11.923435575544353], [79.53288230489258, 11.923616384608934], [79.53279049908278, 11.923615906211129]], [[79.53343168293559, 11.923890468022202], [79.53343265418509, 11.923709658912706], [79.53361626591251, 11.92371061526814], [79.53361480922241, 11.92398182894137], [79.53352300325989, 11.923981350768143], [79.53352348886219, 11.923890946213396], [79.53343168293559, 11.923890468022202]]], [[[79.53296682374848, 11.924972930914741], [79.53296633792161, 11.925063335442541], [79.5327827253318, 11.9250623785571], [79.53278321122156, 11.924971974038284], [79.53296682374848, 11.924972930914741]]]]}, "id": "+4018+8156", "properties": {"count": 364, "water": 1}}, {"type": "Feature", "geometry": {"geodesic": false, "type": "Polygon", "coordinates": [[[79.53314655003771, 11.925697123914777], [79.5331475216196, 11.925516314859179], [79.53333113454177, 11.925517271538007], [79.53333162026983, 11.925426867001224], [79.53369884604233, 11.925428779990572], [79.53369933163563, 11.925338375444806], [79.53388294448594, 11.925339331746342], [79.53388343002536, 11.925248927191594], [79.53415884923345, 11.925250361414827], [79.53415836378387, 11.925340765987542], [79.53425017023149, 11.925341244008054], [79.53424968480886, 11.92543164858077], [79.5341578783343, 11.925431170560257], [79.53415739288471, 11.925521575132972], [79.53424919938622, 11.925522053153484], [79.5342448304029, 11.92633569428995], [79.53433663718289, 11.92633617232843], [79.53433518087905, 11.92660738603759], [79.53424337400924, 11.926606907999112], [79.53424240305618, 11.926787717126576], [79.5343342099799, 11.926788195174037], [79.5343327536132, 11.9270594088832], [79.53442456064472, 11.927059886912694], [79.5344235897725, 11.92724069604914], [79.53451539686691, 11.927241174060669], [79.53451491145326, 11.927331578633384], [79.53433129721954, 11.927330622583376], [79.53433178268709, 11.927240218010661], [79.53423997560166, 11.927239739945234], [79.53424143208515, 11.926968526254038], [79.5338742041567, 11.926966613731816], [79.533874689759, 11.926876209177067], [79.5337828828173, 11.926875730976892], [79.53378336845554, 11.926785326431126], [79.53359975464403, 11.926784369940945], [79.53360024033616, 11.926693965404162], [79.53350843346632, 11.926693487123138], [79.5335094048955, 11.926512678049574], [79.53341759808855, 11.926512199741602], [79.53341808383458, 11.926421795204819], [79.53350989060559, 11.926422273512792], [79.53351134770891, 11.926151059893462], [79.53360315439907, 11.92615153815652], [79.53360364005526, 11.926061133610755], [79.53351183340104, 11.92606065535668], [79.5335128047763, 11.925879846274132], [79.53342099818495, 11.92587936799311], [79.53342148389504, 11.925788963456327], [79.53332967733964, 11.925788485148354], [79.53333016307667, 11.925698080611571], [79.53314655003771, 11.925697123914777]]]}, "id": "+4036+8132", "properties": {"count": 161, "water": 1}}, {"type": "Feature", "geometry": {"geodesic": false, "type": "Polygon", "coordinates": [[[79.53565520045473, 11.868663163978772], [79.53565761331161, 11.868211139004158], [79.53602476270933, 11.868213039938114], [79.53602428026912, 11.86830344494202], [79.53611606765448, 11.86830392010589], [79.53611510281895, 11.86848473014065], [79.53620689027618, 11.86848520527757], [79.53620592548556, 11.868666015312332], [79.53602235046331, 11.868665064984594], [79.53602186799613, 11.868755469997483], [79.53583829292896, 11.86875451954398], [79.53583877545003, 11.868664114540074], [79.53565520045473, 11.868663163978772]]]}, "id": "+4053+8763", "properties": {"count": 28, "water": 1}}, {"type": "Feature", "geometry": {"geodesic": false, "type": "Polygon", "coordinates": [[[79.53753697533985, 11.945880764003219], [79.53753988639342, 11.945338336530996], [79.53799895298306, 11.945340724756079], [79.53799798295528, 11.945521533955407], [79.53790616957266, 11.945521056357103], [79.53790568451834, 11.945611460956767], [79.53799749793689, 11.945611938546088], [79.53799458772774, 11.946154366117124], [79.53790277412055, 11.946153888500854], [79.5379037442741, 11.945973079319492], [79.53781193073878, 11.945972601676273], [79.53781241582904, 11.945882197094575], [79.53753697533985, 11.945880764003219]]]}, "id": "+4079+7910", "properties": {"count": 33, "water": 1}}, {"type": "Feature", "geometry": {"geodesic": false, "type": "MultiPolygon", "coordinates": [[[[79.54264616575159, 11.934787201930668], [79.54246254583153, 11.934786250587832], [79.54246302891855, 11.934695845745622], [79.5426466487847, 11.934696797070492], [79.54264616575159, 11.934787201930668]]], [[[79.54282688780535, 11.935330582299809], [79.54273507765667, 11.935330106686783], [79.54273556067182, 11.93523970183559], [79.54282737080253, 11.935240177439633], [79.54282688780535, 11.935330582299809]]], [[[79.54264616575159, 11.934787201930668], [79.5429215956676, 11.934788628706867], [79.54292304447048, 11.934517414108374], [79.54283123458232, 11.934516938558227], [79.54283171754358, 11.934426533689068], [79.5426480978481, 11.93442558250793], [79.5426490638694, 11.93424477278758], [79.54292449323745, 11.934246199500896], [79.54292401032112, 11.934336604370055], [79.5430158201464, 11.934337079884267], [79.54301388856193, 11.934698699369886], [79.54310569851297, 11.934699174866132], [79.54310328409301, 11.935151199229894], [79.54319509419678, 11.935151674717156], [79.5431931627111, 11.935513294211757], [79.54310135248159, 11.93551281870653], [79.5430999037326, 11.935784033305023], [79.54300809341325, 11.93578355776386], [79.54300905930879, 11.935602748034526], [79.5429172490613, 11.935602272466415], [79.54291773203153, 11.93551186760624], [79.54282592181099, 11.93551139202016], [79.54282688780535, 11.935330582299809], [79.542918697963, 11.935331057885888], [79.54291918092426, 11.935240653025712], [79.54301099105496, 11.935241128575857], [79.54301195690559, 11.935060318846523], [79.54292014683776, 11.935059843296377], [79.54292062978104, 11.934969438436202], [79.54282881974915, 11.93496896286809], [79.54282833676993, 11.935059367728266], [79.54273652670211, 11.935058892124221], [79.54273604369595, 11.935149296975414], [79.54264423360118, 11.935148821335437], [79.54264616575159, 11.934787201930668]]]]}, "id": "+4132+8033", "properties": {"count": 49, "water": 1}}, {"type": "Feature", "geometry": {"geodesic": false, "type": "Polygon", "coordinates": [[[79.54436787620529, 11.939045264437262], [79.54436932410088, 11.938774049748936], [79.54446113548025, 11.938774524966705], [79.54446065288731, 11.938864929862813], [79.54464427571791, 11.938865880217502], [79.54464379317886, 11.938956285122593], [79.5447356046301, 11.938956760259513], [79.54473415708485, 11.939227974992754], [79.54482596862591, 11.939228450111708], [79.54482452113456, 11.939499664844949], [79.54491633277443, 11.939500139945936], [79.544914885337, 11.93977135468816], [79.54482307360728, 11.93977087957819], [79.54482259108622, 11.939861284492263], [79.54463896756391, 11.939860334182491], [79.54463945014787, 11.9397699292774], [79.54454763841815, 11.939769454077597], [79.54454908622391, 11.93949823938029], [79.54445727460201, 11.939497764162521], [79.54445968768347, 11.939045739664014], [79.54436787620529, 11.939045264437262]]]}, "id": "+4149+7983", "properties": {"count": 40, "water": 1}}, {"type": "Feature", "geometry": {"geodesic": false, "type": "Polygon", "coordinates": [[[79.54874543906986, 11.996205356750444], [79.54874640617814, 11.99602454733552], [79.54883823705993, 11.996025023361772], [79.54883920409632, 11.995844213937865], [79.54902286575211, 11.995845165891554], [79.54902334919845, 11.995754761166125], [79.54948250324807, 11.995757140488903], [79.54948201995445, 11.995847545223315], [79.54966568166414, 11.995848496745813], [79.54966616489487, 11.995758092002418], [79.54975799572277, 11.99575856771426], [79.54975606288963, 11.996120186705806], [79.54984789384329, 11.996120662399681], [79.54984692746265, 11.996301471904436], [79.54975509644612, 11.996300996201578], [79.54975461321537, 11.996391400944972], [79.5496627821719, 11.996390925206182], [79.5496608491052, 11.996752544161794], [79.54956901794493, 11.996752068378088], [79.54956853463334, 11.9968424731125], [79.5493848722589, 11.99684152144627], [79.54938438888443, 11.99693192618068], [79.54901706406369, 11.99693002247093], [79.54901803105518, 11.996749213047025], [79.54892619991288, 11.996748737056704], [79.54892716694928, 11.996567927632796], [79.54883533587885, 11.996567451615528], [79.54883727001454, 11.996205832785678], [79.54874543906986, 11.996205356750444]]]}, "id": "+4210+7353", "properties": {"count": 114, "water": 1}}, {"type": "Feature", "geometry": {"geodesic": false, "type": "MultiPolygon", "coordinates": [[[[79.5505851088127, 11.943959388811185], [79.55086054896053, 11.943960808894936], [79.55086006827202, 11.944051214024606], [79.55095188169055, 11.944051687328963], [79.55095092036744, 11.94423249757932], [79.55085910687703, 11.944232024274964], [79.55085958757452, 11.944141619145293], [79.55067596068355, 11.944140672437765], [79.55067644143493, 11.94405026732606], [79.55058462802538, 11.944049793931873], [79.5505851088127, 11.943959388811185]]], [[[79.5505851088127, 11.943959388811185], [79.55040148205647, 11.94395844194196], [79.55040196289768, 11.94386803683924], [79.55031014955999, 11.94386756335522], [79.55031063041918, 11.943777158252498], [79.55021881711743, 11.943776684750512], [79.55021929801255, 11.94368627964779], [79.55012748473773, 11.943685806118856], [79.55012844657288, 11.943504995922396], [79.55003663336994, 11.943504522366512], [79.55003711430999, 11.943414117272773], [79.54994530113399, 11.943413643698923], [79.54994674402596, 11.943142428417708], [79.55003855711213, 11.943142901982577], [79.55003807618107, 11.943233307076316], [79.55012988929418, 11.943233780623217], [79.55012940839008, 11.943324185716955], [79.55022122153913, 11.943324659236907], [79.55022074066197, 11.943415064339629], [79.55031255384695, 11.943415537823649], [79.55031207299675, 11.943505942935353], [79.55040388620867, 11.943506416392422], [79.55040340538542, 11.943596821504126], [79.55049521864227, 11.943597294943231], [79.55049473784597, 11.943687700054936], [79.55077017771531, 11.943689120192584], [79.55076921629338, 11.943869930442942], [79.55058558958206, 11.943868983699481], [79.5505851088127, 11.943959388811185]]]]}, "id": "+4210+7935", "properties": {"count": 36, "water": 1}}, {"type": "Feature", "geometry": {"geodesic": false, "type": "Polygon", "coordinates": [[[79.54981144070314, 11.968546236401808], [79.54981192275709, 11.968455831469766], [79.54990374436825, 11.968456306076682], [79.54990519041331, 11.968185091280558], [79.54999701193466, 11.968185565833574], [79.55000038569246, 11.967552731273354], [79.54990856438671, 11.967552256738305], [79.54990904635982, 11.967461851797282], [79.55000086763862, 11.96746232633233], [79.55000231346807, 11.967191111500275], [79.54991049227911, 11.967190636983192], [79.54991242011761, 11.96682901722808], [79.55000424118082, 11.966829491727195], [79.55000327733343, 11.967010301618226], [79.55009509845951, 11.967010776099377], [79.55009461655828, 11.9671011810404], [79.5501864377203, 11.9671016554946], [79.55018595584602, 11.967192060444608], [79.55009413465704, 11.967191585990408], [79.55009124315083, 11.96773401565452], [79.55027488590605, 11.96773496458987], [79.55027392216647, 11.967915774489883], [79.55018210072598, 11.9679153000267], [79.55017920921975, 11.968457729690812], [79.55008738759959, 11.968457255182711], [79.55008594169826, 11.968728469996801], [79.54990229828726, 11.96872752086382], [79.54990326234126, 11.968546710999739], [79.54981144070314, 11.968546236401808]]]}, "id": "+4211+7673", "properties": {"count": 42, "water": 1}}, {"type": "Feature", "geometry": {"geodesic": false, "type": "Polygon", "coordinates": [[[79.54937810468392, 11.998107187566335], [79.54937858810332, 11.99801678284989], [79.54956225127725, 11.998017734614933], [79.54956273463375, 11.997927329889505], [79.54974639776277, 11.997928281519801], [79.54974688105641, 11.99783787678539], [79.55002237567807, 11.99783930399278], [79.55002285887288, 11.997748899249386], [79.55011469039246, 11.997749374925295], [79.55011420722461, 11.997839779677673], [79.55029787033567, 11.99784073093966], [79.55029593787084, 11.998202349958154], [79.5498367795093, 11.99819997149776], [79.54983726278496, 11.998109566763349], [79.54937810468392, 11.998107187566335]]]}, "id": "+4214+7331", "properties": {"count": 30, "water": 1}}, {"type": "Feature", "geometry": {"geodesic": false, "type": "Polygon", "coordinates": [[[79.55028434177036, 12.000372063907427], [79.55028579140868, 12.000100849686225], [79.55046945605586, 12.000101801011095], [79.55046993920575, 12.000011396258717], [79.55065360380802, 12.000012347457822], [79.55065312072999, 12.000102752219183], [79.55056128839293, 12.000102276633104], [79.55056032215602, 12.00028308613786], [79.55074398695591, 12.000284037301032], [79.55074350389584, 12.000374442053412], [79.55065167145997, 12.000373966485299], [79.550650705259, 12.000554775999039], [79.55074253775776, 12.000555251576133], [79.55074205467973, 12.00064565632851], [79.55083388720544, 12.000646131878655], [79.55083292111226, 12.000826941401378], [79.55092475370085, 12.000827416933557], [79.55092378764361, 12.001008226456278], [79.55074012234067, 12.001007275355988], [79.55074060543667, 12.00091687060361], [79.55064877282112, 12.00091639500855], [79.55064925593508, 12.000825990256173], [79.55055742335549, 12.000825514634162], [79.5505579064964, 12.000735109890767], [79.55046607395272, 12.000734634241807], [79.55046655712057, 12.000644229498413], [79.55037472460386, 12.000643753831486], [79.55037520780765, 12.000553349088092], [79.55046704028844, 12.000553824755018], [79.55046800660618, 12.000373015259244], [79.55028434177036, 12.000372063907427]]]}, "id": "+4220+7306", "properties": {"count": 33, "water": 1}}, {"type": "Feature", "geometry": {"geodesic": false, "type": "Polygon", "coordinates": [[[79.55058117576381, 11.961950469005032], [79.55058262032665, 11.96167925401128], [79.55067443968305, 11.961679728088187], [79.55067492116208, 11.961589323084281], [79.550858559821, 11.961590271148266], [79.55085904123713, 11.961499866135377], [79.55113449916261, 11.961501288006774], [79.55113161115085, 11.962043718138009], [79.55067251371305, 11.962041348103812], [79.55067299521005, 11.961950943099906], [79.55058117576381, 11.961950469005032]]]}, "id": "+4223+7732", "properties": {"count": 31, "water": 1}}, {"type": "Feature", "geometry": {"geodesic": false, "type": "Polygon", "coordinates": [[[79.55104081126551, 11.944594591384393], [79.55104129191808, 11.944504186254722], [79.55113310549832, 11.944504659523146], [79.55113358611497, 11.944414254384492], [79.55122539967724, 11.944414727616984], [79.55122491908755, 11.944505132755637], [79.55131673267677, 11.944505605952196], [79.55131625211402, 11.944596011099833], [79.55140806573917, 11.944596484269443], [79.55140710466759, 11.944777294564716], [79.55168254574966, 11.944778713929814], [79.55168206529471, 11.944869119086434], [79.55177387902766, 11.944869592157229], [79.55177339859966, 11.94495999731385], [79.55186521236855, 11.944960470348711], [79.5518647319675, 11.945050875514314], [79.55195654577231, 11.945051348522227], [79.55195606539822, 11.94514175368783], [79.55204787922999, 11.945142226677778], [79.5520469185357, 11.945323037008983], [79.55223054634295, 11.945323982908027], [79.5522300660497, 11.945414388082613], [79.55232187998926, 11.945414860991711], [79.55232139972297, 11.945505266166299], [79.55241321368948, 11.94550573905743], [79.55241273345013, 11.945596144232015], [79.55250454746155, 11.945596617087215], [79.55250358702777, 11.945777427454354], [79.55259540110208, 11.945777900282604], [79.5525944407222, 11.945958710649741], [79.55268625485041, 11.945959183469009], [79.55268577468293, 11.946049588652578], [79.55277758885605, 11.946050061435912], [79.55277662857497, 11.946230871821017], [79.552868442802, 11.9462313445774], [79.55286748256584, 11.946412154962506], [79.55277566826696, 11.946411682197137], [79.55277518811744, 11.946502087380708], [79.5526833737916, 11.946501614579407], [79.55268385397704, 11.946411209395837], [79.55259203968714, 11.946410736558605], [79.55259300011194, 11.946229926200449], [79.55250118588492, 11.94622945334525], [79.55250166612427, 11.946139048170664], [79.55240985193318, 11.946138575288515], [79.55241033219947, 11.94604817011393], [79.55231851804432, 11.946047697213814], [79.55231899832859, 11.945957292039228], [79.55213537009911, 11.945956346140184], [79.55213488974297, 11.946046751305786], [79.5519512614596, 11.94604580528996], [79.55195174187863, 11.945955400133341], [79.55185992776838, 11.945954927080512], [79.55186040820536, 11.945864521923893], [79.55176859414003, 11.945864048844115], [79.55176955505891, 11.945683238539859], [79.55167774105647, 11.945682765442113], [79.55168062392089, 11.945140334547311], [79.5514969962843, 11.945139388297923], [79.55149795732895, 11.94495857800265], [79.55140614357803, 11.944958104842023], [79.5514066241228, 11.94486769970337], [79.55122299669283, 11.944866753301268], [79.5512234773005, 11.944776348162614], [79.55113166362145, 11.94477587492114], [79.5511326248727, 11.944595064652816], [79.55104081126551, 11.944594591384393]]]}, "id": "+4223+7921", "properties": {"count": 111, "water": 1}}, {"type": "Feature", "geometry": {"geodesic": false, "type": "Polygon", "coordinates": [[[79.55229934760987, 12.001376975142673], [79.55229983019383, 12.001286570327412], [79.552391663007, 12.001287045392468], [79.55239118045, 12.001377450207727], [79.55229934760987, 12.001376975142673]]]}, "id": "+4239+7292", "properties": {"count": 1, "water": 1}}, {"type": "Feature", "geometry": {"geodesic": false, "type": "Polygon", "coordinates": [[[79.5528833315963, 11.977964478171769], [79.55288381302142, 11.977874073176846], [79.55315928777236, 11.977875494976379], [79.55315639972466, 11.978417924963884], [79.55297274952238, 11.978416977088544], [79.55297323092955, 11.978326572102604], [79.55278958079916, 11.978325624110486], [79.5527890993291, 11.978416029096426], [79.55269727424145, 11.978415555046467], [79.55270016319646, 11.977873125166761], [79.55279198810445, 11.97787359918977], [79.55279150665237, 11.977964004175709], [79.5528833315963, 11.977964478171769]], [[79.5528833315963, 11.977964478171769], [79.55297515654023, 11.977964952131897], [79.55297419374388, 11.978145762121743], [79.55288236873706, 11.978145288143649], [79.5528833315963, 11.977964478171769]]]}, "id": "+4246+7551", "properties": {"count": 25, "water": 1}}, {"type": "Feature", "geometry": {"geodesic": false, "type": "Polygon", "coordinates": [[[79.55398042041811, 11.97887421406149], [79.55398571224973, 11.97787975873106], [79.55490396203933, 11.977884493382614], [79.55490300052757, 11.97806530351619], [79.55499482558828, 11.97806577682953], [79.554990979658, 11.978789017390786], [79.55462367846296, 11.978787123867932], [79.55462319757682, 11.978877528916753], [79.55398042041811, 11.97887421406149]]]}, "id": "+4265+7551", "properties": {"count": 115, "water": 1}}, {"type": "Feature", "geometry": {"geodesic": false, "type": "Polygon", "coordinates": [[[79.55751842261516, 11.952402980201173], [79.55751890144415, 11.952312574855908], [79.55761071791697, 11.952313046309735], [79.55761119671003, 11.95222264096447], [79.55770301316488, 11.952223112382363], [79.55770349192201, 11.952132707037098], [79.55779530834093, 11.95213317841906], [79.5577957870711, 11.95204277306481], [79.55834668551273, 11.952045600709797], [79.55834524987914, 11.952316816835426], [79.5582534333704, 11.952316345624144], [79.55825295478394, 11.95240675099636], [79.55806932172153, 11.95240580847498], [79.5580688430722, 11.952496213838213], [79.55760976032187, 11.952493856991284], [79.5576102391239, 11.952403451655002], [79.55751842261516, 11.952402980201173]]]}, "id": "+4301+7837", "properties": {"count": 34, "water": 1}}, {"type": "Feature", "geometry": {"geodesic": false, "type": "MultiPolygon", "coordinates": [[[[79.55856035811247, 11.894185569693654], [79.5581931702399, 11.894183693975409], [79.55819364644582, 11.894093288234885], [79.55856083419262, 11.894095163935164], [79.55856035811247, 11.894185569693654]]], [[[79.55910923640471, 11.894550005460571], [79.55920103352781, 11.89455047415657], [79.55920055763632, 11.894640879933029], [79.55910876048625, 11.89464041123703], [79.55910923640471, 11.894550005460571]]], [[[79.55856035811247, 11.894185569693654], [79.55883574905957, 11.894186976158945], [79.5588367010402, 11.89400616463298], [79.55902029490014, 11.894007102114811], [79.55901791522702, 11.894459130979131], [79.55910971232316, 11.894459599693096], [79.55910923640471, 11.894550005460571], [79.55901743928162, 11.894549536746606], [79.55901553546407, 11.894911159816502], [79.55892373822418, 11.89491069105762], [79.55892326222488, 11.895001096816111], [79.55910685676753, 11.895002034324891], [79.5591059048857, 11.89518284585984], [79.55919770221541, 11.895183314573805], [79.5591967503785, 11.895364126117737], [79.55928854778008, 11.895364594813737], [79.55928807188859, 11.895455000590193], [79.55947166675462, 11.895455937892361], [79.55946833581054, 11.89608877834553], [79.55956013346365, 11.896089246978645], [79.55955823010423, 11.896450870102441], [79.55946643233435, 11.896450401451357], [79.55946690820788, 11.896359995683884], [79.55937511046494, 11.89635952700585], [79.55937558636543, 11.896269121229393], [79.5591919909604, 11.896268183801462], [79.55919103902468, 11.89644899533641], [79.55928283679457, 11.896449464068342], [79.55928236084917, 11.896539869835816], [79.5590069674856, 11.896538463523239], [79.55900649145036, 11.89662886928173], [79.55891469363556, 11.896628400450984], [79.55891516969774, 11.896537994701475], [79.55882337191888, 11.896537525834797], [79.55882384801698, 11.896447120085288], [79.55873205027405, 11.896446651200643], [79.55873252639013, 11.896356245460117], [79.55864072868313, 11.89635577653954], [79.55864120482616, 11.896265370799014], [79.5585494071461, 11.89626490186047], [79.55855083565605, 11.895993684638896], [79.5584590380748, 11.895993215682385], [79.55846094280864, 11.89563159272927], [79.55836914535315, 11.895631123754793], [79.55837105014987, 11.895269500801676], [79.55827925282016, 11.895269031818216], [79.55828020525894, 11.89508822034615], [79.5581884079921, 11.89508775133574], [79.55818888423396, 11.894997345604198], [79.5584642759536, 11.89499875252763], [79.55846475209663, 11.894908346787105], [79.55864834654047, 11.894909284583346], [79.55864787045132, 11.894999690332854], [79.55873966770918, 11.89500015919055], [79.55873919164699, 11.895090564949042], [79.55883098893179, 11.895091033779789], [79.55883194099329, 11.894910222262807], [79.55874014376238, 11.89490975343206], [79.5587410958598, 11.894728941924061], [79.55855750154173, 11.894728004199685], [79.55855845374695, 11.894547192700669], [79.5584666566508, 11.894546723798058], [79.55846713277586, 11.894456318057532], [79.55855892984506, 11.894456786951162], [79.55856035811247, 11.894185569693654]], [[79.55873395472042, 11.896085028211594], [79.55873490692564, 11.895904216712578], [79.5589185020522, 11.895905154418989], [79.55891754997273, 11.896085965926988], [79.55873395472042, 11.896085028211594]], [[79.55873585911289, 11.895723405213563], [79.55873538302376, 11.895813810963071], [79.55864358549641, 11.895813342078425], [79.55864310937135, 11.89590374781895], [79.55855131181706, 11.895903278898372], [79.5585527402731, 11.895632061667815], [79.55864453772858, 11.895632530579409], [79.5586440616125, 11.895722936328918], [79.55873585911289, 11.895723405213563]], [[79.55873585911289, 11.895723405213563], [79.55873728736232, 11.89545218796504], [79.55864548996074, 11.895451719089376], [79.55864691826407, 11.895180501840853], [79.55873871557583, 11.895180970698549], [79.55873823951364, 11.89527137645704], [79.55883003686132, 11.89527184529677], [79.55882765661327, 11.895723874071258], [79.55873585911289, 11.895723405213563]]]]}, "id": "+4305+8479", "properties": {"count": 201, "water": 1}}, {"type": "Feature", "geometry": {"geodesic": false, "type": "Polygon", "coordinates": [[[79.56569521186844, 11.916552791464584], [79.56569616115414, 11.916371979669123], [79.56578796586801, 11.916372447062566], [79.56578938967078, 11.9161012293559], [79.56597299892783, 11.916102164026006], [79.56597347346289, 11.916011758123783], [79.56661610576825, 11.916015028494474], [79.5666156314488, 11.916105434432628], [79.56670743610876, 11.91610590151166], [79.56670696181625, 11.916196307449814], [79.56679876651215, 11.916196774501897], [79.5667982922466, 11.916287180440051], [79.56698190171026, 11.916288114472351], [79.56698142749862, 11.916378520419489], [79.56688962273084, 11.916378053412322], [79.56688914849224, 11.916468459359459], [79.56679734369753, 11.916467992325343], [79.56679686942299, 11.916558398263497], [79.56670506460132, 11.916557931193447], [79.56670459029085, 11.916648337122618], [79.56661278544225, 11.91664787002562], [79.56661231109584, 11.916738275954792], [79.56596967709267, 11.916735005377488], [79.56597015164567, 11.916644599466283], [79.5657865420293, 11.916643664760247], [79.5657870166452, 11.916553258858025], [79.56569521186844, 11.916552791464584]]]}, "id": "+4389+8236", "properties": {"count": 83, "water": 1}}, {"type": "Feature", "geometry": {"geodesic": false, "type": "MultiPolygon", "coordinates": [[[[79.56680967359583, 11.914117437699774], [79.56681014777155, 11.914027031752637], [79.56690195173981, 11.914027498687938], [79.56690147759105, 11.914117904644058], [79.56680967359583, 11.914117437699774]]], [[[79.56680967359583, 11.914117437699774], [79.56680919941113, 11.914207843655895], [79.56671739538895, 11.91420737668466], [79.5667169211773, 11.914297782631797], [79.5665333130701, 11.914296848590515], [79.56653378734462, 11.914206442643378], [79.56644198332246, 11.914205975582313], [79.56644245762395, 11.914115569644158], [79.56653426161019, 11.914116036705224], [79.56653473587573, 11.914025630758086], [79.56644293192544, 11.914025163706004], [79.56644340621794, 11.913934757758867], [79.56635160229459, 11.913934290679835], [79.56635207661405, 11.91384388474168], [79.56644388050147, 11.913844351820712], [79.56644435478498, 11.913753945873575], [79.56635255092452, 11.913753478803526], [79.56635349954546, 11.913572666927218], [79.56672071477173, 11.913574535018768], [79.56672024057804, 11.913664940974888], [79.56662843673554, 11.913664473985687], [79.56662748829426, 11.913845285888945], [79.56671929219965, 11.913845752878146], [79.56671881800595, 11.913936158834266], [79.56662701406464, 11.913935691836082], [79.56662606560539, 11.914116503730357], [79.56680967359583, 11.914117437699774]]]]}, "id": "+4390+8263", "properties": {"count": 23, "water": 1}}, {"type": "Feature", "geometry": {"geodesic": false, "type": "Polygon", "coordinates": [[[79.56791416467033, 11.91358060302173], [79.5679155860207, 11.913309385009638], [79.56800738979135, 11.913309851558665], [79.56800786354486, 11.913219445548645], [79.56828327479388, 11.913220845007077], [79.56828280113918, 11.91331125102608], [79.56837460493676, 11.913311717458324], [79.56837413130901, 11.913402123477328], [79.56846593513355, 11.913402589882622], [79.56846546152377, 11.913492995901626], [79.56855726538423, 11.913493462279972], [79.56855679181038, 11.913583868307956], [79.56864859570678, 11.913584334659353], [79.56864812215987, 11.913674740696322], [79.56837271039882, 11.913673341534334], [79.56837223675309, 11.91376374756232], [79.56828043281179, 11.913763281112109], [79.56828090648445, 11.913672875093106], [79.56809729867368, 11.91367194212082], [79.56809682493814, 11.913762348121855], [79.56800502101478, 11.913761881590796], [79.56800596853978, 11.91358106957974], [79.56791416467033, 11.91358060302173]]]}, "id": "+4407+8267", "properties": {"count": 30, "water": 1}}, {"type": "Feature", "geometry": {"geodesic": false, "type": "Polygon", "coordinates": [[[79.57025959367058, 11.956536487224257], [79.5702600684392, 11.956446081402884], [79.57053552360685, 11.956447483655076], [79.57053599828564, 11.95635707782472], [79.57062781664492, 11.956357545173246], [79.57062829128776, 11.956267139333907], [79.57090374632067, 11.956268541199822], [79.57090327177663, 11.956358947048146], [79.57099509015387, 11.956359414279891], [79.57099461563679, 11.956449820137196], [79.57108643404997, 11.956450287341992], [79.5710850105616, 11.956721504895944], [79.57062591806454, 11.956719168512636], [79.57062639271636, 11.956628762673297], [79.57035093735108, 11.956627360492972], [79.57035141209275, 11.956536954671598], [79.57025959367058, 11.956536487224257]]]}, "id": "+4438+7791", "properties": {"count": 30, "water": 1}}]}