{"type": "FeatureCollection", "columns": {"count": "Long<0, 4294967295>", "system:index": "String", "water": "Byte<0, 1>"}, "features": [{"type": "Feature", "geometry": {"geodesic": false, "type": "Polygon", "coordinates": [[[77.88181599601664, 9.610251949586198], [77.88190701812722, 9.610251190410969], [77.88190625314887, 9.61016085771246], [77.88245238552486, 9.610156302193957], [77.88245468091803, 9.610427300154736], [77.88254570301962, 9.610426540799843], [77.8825464681956, 9.610516873444453], [77.88245544605807, 9.61051763280833], [77.88245850671706, 9.610878963413718], [77.88209441773577, 9.610882000752442], [77.88209365264963, 9.610791668071899], [77.88191160815899, 9.610793186584056], [77.88191007812145, 9.610612521196021], [77.88181905591206, 9.6106132803982], [77.88181599601664, 9.610251949586198]]]}, "id": "+1641+3639", "properties": {"count": 51, "water": 1}}, {"type": "Feature", "geometry": {"geodesic": false, "type": "Polygon", "coordinates": [[[77.88800241616725, 9.60983894228916], [77.88809343766698, 9.609838181514931], [77.88809267108064, 9.609747849310494], [77.88818369255341, 9.609747088518297], [77.88818292594912, 9.609656756322845], [77.8883649688228, 9.609655234684551], [77.88836573547201, 9.609745566871021], [77.88863879980049, 9.609743284215952], [77.88863956653054, 9.609833616375472], [77.88873058798535, 9.609832855439544], [77.88873135474236, 9.60992318759008], [77.88891339766994, 9.609921665628393], [77.88891416448983, 9.610011997769947], [77.88909620743537, 9.610010475691478], [77.88909697430915, 9.610100807815066], [77.88918799579092, 9.610100046735408], [77.88918876270064, 9.610190378850012], [77.88927978420035, 9.61018961773442], [77.88928208502834, 9.610460614060267], [77.88919106345676, 9.610461375193823], [77.88919183039343, 9.610551707308428], [77.88910080878591, 9.610552468424018], [77.88910004187619, 9.61046213630043], [77.88864493385657, 9.610465941501094], [77.88864416707261, 9.610375609341572], [77.88837110224108, 9.610377892149357], [77.88837033553797, 9.610287559962886], [77.88818829233192, 9.610289081699994], [77.8881875256827, 9.610198749504542], [77.88800548248564, 9.610200271133852], [77.88800241616725, 9.60983894228916]]]}, "id": "+1706+3644", "properties": {"count": 81, "water": 1}}, {"type": "Feature", "geometry": {"geodesic": false, "type": "Polygon", "coordinates": [[[77.89755501836137, 9.609216941995173], [77.89764603892685, 9.609216178759558], [77.89764526986117, 9.60912584731869], [77.89810037245496, 9.60912203080824], [77.8980996032725, 9.609031699403305], [77.89828164420581, 9.609030172644614], [77.89828087498742, 9.608939841248663], [77.89882699746397, 9.608935260451569], [77.89882776683508, 9.609025591793621], [77.89891878724784, 9.609024828234613], [77.89892109545997, 9.609295822260771], [77.89883007497535, 9.609296585837745], [77.8988308443734, 9.609386917188782], [77.89873982386183, 9.60938768074779], [77.89874059324193, 9.60947801210781], [77.89837651100699, 9.609481066146213], [77.89837728029725, 9.609571397533182], [77.89801319784672, 9.609574451221244], [77.89801396705613, 9.60966478263516], [77.89792294639184, 9.609665546005523], [77.89792217721836, 9.609575214582621], [77.89774013593471, 9.609576741233514], [77.89773936680615, 9.609486409801631], [77.89764834617779, 9.609487173091145], [77.89764680800151, 9.609306510200426], [77.89755578740909, 9.609307273445024], [77.89755501836137, 9.609216941995173]]]}, "id": "+1821+3651", "properties": {"count": 77, "water": 1}}, {"type": "Feature", "geometry": {"geodesic": false, "type": "Polygon", "coordinates": [[[77.89855807245554, 9.598729339943812], [77.89901316080206, 9.598725526325937], [77.89901239222147, 9.598635194929985], [77.8997405329848, 9.598629091955608], [77.89974130175403, 9.598719423279695], [77.8998323193371, 9.598718660295608], [77.89983385694744, 9.598899322934798], [77.89974283931048, 9.598900085936851], [77.89974360809768, 9.59899041726992], [77.89928851970625, 9.598994231956791], [77.89928928837666, 9.59908456331681], [77.89919827064988, 9.5990853261931], [77.89919750199742, 9.598994994824096], [77.89874241337242, 9.598998808792315], [77.89874164484573, 9.598908477387381], [77.89865062711894, 9.598909240101973], [77.89864985862818, 9.598818908688054], [77.89855884091935, 9.598819671366714], [77.89855807245554, 9.598729339943812]]]}, "id": "+1832+3765", "properties": {"count": 47, "water": 1}}, {"type": "Feature", "geometry": {"geodesic": false, "type": "Polygon", "coordinates": [[[77.90000128523755, 9.59718150195271], [77.90018331953232, 9.597179976056402], [77.90018255077206, 9.597089644759265], [77.90027356788801, 9.597088881784162], [77.90027279910979, 9.596998550487024], [77.90063686740287, 9.596995498379998], [77.90063840514794, 9.59717616091139], [77.90072942225491, 9.597175397810522], [77.90073096008085, 9.597356060323948], [77.90082197722373, 9.597355297178165], [77.90082505306425, 9.597716622178067], [77.90064301858982, 9.597718148487601], [77.90064224965889, 9.597627817226396], [77.90046021519345, 9.597629343428132], [77.9004594463254, 9.597539012157943], [77.90036842911064, 9.597539775213896], [77.90036766026954, 9.597449443925742], [77.90009460864323, 9.597451732940883], [77.90009383988298, 9.597361401634762], [77.90000282267721, 9.597362164582917], [77.90000128523755, 9.59718150195271]]]}, "id": "+1842+3783", "properties": {"count": 44, "water": 1}}, {"type": "Feature", "geometry": {"geodesic": false, "type": "Polygon", "coordinates": [[[77.90250325005984, 9.613059927845642], [77.90259427124515, 9.613059163002044], [77.90259041784988, 9.612607507872815], [77.90268143890941, 9.612606743038198], [77.90267989756208, 9.61242608100088], [77.90277091856774, 9.61242531615728], [77.90277168926835, 9.612515647166957], [77.9029537313066, 9.612514117407892], [77.9029545020611, 9.612604448408586], [77.9030455230937, 9.612603683475156], [77.9030470646746, 9.612784345458575], [77.90313808574312, 9.612783580498194], [77.9031419399379, 9.613235235402845], [77.9030509187436, 9.613236000408142], [77.90305323128563, 9.613506993365304], [77.90250710352699, 9.613511583001822], [77.90250325005984, 9.613059927845642]]]}, "id": "+1864+3612", "properties": {"count": 64, "water": 1}}, {"type": "Feature", "geometry": {"geodesic": false, "type": "MultiPolygon", "coordinates": [[[[77.9032376883457, 9.603116633853618], [77.90341972529049, 9.603115105325246], [77.90341895519174, 9.60302477431557], [77.90360099205569, 9.60302324570635], [77.90360176220832, 9.603113576707043], [77.90378379909023, 9.603112047981043], [77.90378610972783, 9.603383040920239], [77.90387712822718, 9.603382276507832], [77.90387789847864, 9.603472607481574], [77.90342280577529, 9.603476429363951], [77.90342126551492, 9.6032957673446], [77.90333024699761, 9.603296531640225], [77.90332947690784, 9.603206200621566], [77.90323845840851, 9.603206964881261], [77.9032376883457, 9.603116633853618]]], [[[77.9032376883457, 9.603116633853618], [77.90314666986431, 9.603117398086363], [77.90314589983743, 9.60302706705872], [77.90323691829187, 9.603026302834959], [77.9032376883457, 9.603116633853618]]]]}, "id": "+1874+3716", "properties": {"count": 23, "water": 1}}, {"type": "Feature", "geometry": {"geodesic": false, "type": "Polygon", "coordinates": [[[77.90529182010978, 9.598492175617855], [77.9053828371808, 9.598491411196463], [77.90538206693833, 9.59840108031255], [77.9056551180436, 9.59839878691363], [77.90565434773825, 9.598308456056667], [77.90574536472842, 9.598307691545445], [77.90574613506072, 9.598398022393425], [77.90583715207785, 9.598397257855252], [77.90583869281433, 9.598577919533245], [77.9059297098674, 9.598577154950158], [77.90593356196011, 9.599028809109207], [77.90584254478128, 9.599029573719244], [77.90584331520343, 9.59911990455824], [77.9056612807829, 9.5991214337334], [77.90566359193252, 9.59939242628632], [77.90575460921914, 9.599391661685267], [77.90575537964128, 9.599481992524263], [77.90602843151912, 9.599479698568388], [77.9060276610251, 9.599389367747357], [77.90611867828478, 9.599388603056472], [77.90612021932668, 9.599569264680564], [77.90621123662228, 9.599568499953747], [77.90621200717918, 9.59965883075681], [77.90630302449274, 9.59965806599406], [77.90630456567838, 9.59983872758222], [77.90639558303687, 9.599837962783537], [77.90639789494108, 9.600108955138829], [77.90612484265003, 9.600111249543863], [77.90612561323385, 9.600201580346926], [77.90576154330584, 9.600204639236233], [77.90576077282083, 9.600114308406221], [77.9055787378613, 9.600115837689177], [77.90557488579553, 9.59966418342233], [77.90548386841908, 9.599664947996434], [77.90548155734132, 9.59939395540758], [77.90539054003673, 9.599394719927787], [77.90538591823154, 9.598852734696179], [77.90529490106171, 9.598853499153503], [77.90529182010978, 9.598492175617855]]]}, "id": "+1898+3768", "properties": {"count": 125, "water": 1}}, {"type": "Feature", "geometry": {"geodesic": false, "type": "Polygon", "coordinates": [[[77.90585492571287, 9.525494785968538], [77.9061279185624, 9.52549250943998], [77.90612944753096, 9.525673171827641], [77.90640244045235, 9.525670895047552], [77.90640320501747, 9.525761226218926], [77.90658520030739, 9.525759708227792], [77.90658596493539, 9.525850039381199], [77.90667696259382, 9.525849280340717], [77.90667772724878, 9.525939611494124], [77.90676872491619, 9.525938852426691], [77.90676948960707, 9.526029183562132], [77.90686048729245, 9.52602842446775], [77.90686354620871, 9.526389748991546], [77.90695454398393, 9.526388989834283], [77.90695607353638, 9.526569652087197], [77.9070470713565, 9.526568892894002], [77.90704783616417, 9.526659224011475], [77.90713883400227, 9.526658464782345], [77.90713959884586, 9.526748795890837], [77.90723059669294, 9.526748036634759], [77.90723136156349, 9.526838367734266], [77.90732235943752, 9.526837608451238], [77.90732541909938, 9.527198932813338], [77.90741641705425, 9.52719817347641], [77.90741871195335, 9.527469166721035], [77.90750970997111, 9.527468407339192], [77.90751277003721, 9.527829731629426], [77.90742177192064, 9.527830491038218], [77.90742024191903, 9.527649828884119], [77.90732924384737, 9.527650588256977], [77.90732847887801, 9.527560257166453], [77.90723748082432, 9.527561016512362], [77.90723671589089, 9.527470685412855], [77.90714571784619, 9.527471444722831], [77.90714342316268, 9.527200451415325], [77.90705242518085, 9.527201210680387], [77.90705089548467, 9.527020548463405], [77.90695989754775, 9.527021307683551], [77.9069591327311, 9.526930976566076], [77.90686813480318, 9.526931735768255], [77.90686737002247, 9.526841404632815], [77.9067763721125, 9.526842163799062], [77.90677560735874, 9.52675183266362], [77.90668460947573, 9.526752591802918], [77.90668308003107, 9.526571929514072], [77.90659208218399, 9.526572688608454], [77.90659131750209, 9.526482357455047], [77.90650031967299, 9.526483116522478], [77.90649955501803, 9.526392785360088], [77.90640855719789, 9.526393544400571], [77.90640626336778, 9.526122550895435], [77.90631526561054, 9.526123309882019], [77.90631450103643, 9.526032978710646], [77.90622350330614, 9.526033737661296], [77.90622273875898, 9.52594340648094], [77.90613174103767, 9.525944165404642], [77.90613097652644, 9.525853834215303], [77.9060399788231, 9.525854593112054], [77.90603921434781, 9.525764261913732], [77.90594821666242, 9.525765020774552], [77.90594668777473, 9.525584358359941], [77.90585569012528, 9.525585117184827], [77.90585492571287, 9.525494785968538]]]}, "id": "+1909+4574", "properties": {"count": 103, "water": 1}}, {"type": "Feature", "geometry": {"geodesic": false, "type": "Polygon", "coordinates": [[[77.91019601347348, 9.52229675536794], [77.91028700990123, 9.522295995662704], [77.9102862445905, 9.522205664787775], [77.9106502301218, 9.522202625787168], [77.91064946473023, 9.52211229493919], [77.91074046106813, 9.522111535135139], [77.91074275734167, 9.522382527652127], [77.91083375374245, 9.52238176780316], [77.91083605015073, 9.522652760302185], [77.91074505367807, 9.522653520169117], [77.91074658460495, 9.522834181838126], [77.91056459154285, 9.522835701536058], [77.91056535697037, 9.522926032393022], [77.91038336382742, 9.522927552010104], [77.91038259844483, 9.52283722114416], [77.91029160188235, 9.522837980912277], [77.91028854053165, 9.522476657412561], [77.910197544059, 9.52247741712678], [77.91019601347348, 9.52229675536794]]]}, "id": "+1960+4611", "properties": {"count": 43, "water": 1}}, {"type": "Feature", "geometry": {"geodesic": false, "type": "Polygon", "coordinates": [[[77.91131170639585, 9.525087891805825], [77.91149370053593, 9.52508637136229], [77.91149446639463, 9.525176702129421], [77.91158546347813, 9.525175941858247], [77.91158622936378, 9.525266272616395], [77.91167722646526, 9.525265512318272], [77.91167799238683, 9.525355843067436], [77.91176898949729, 9.525355082742363], [77.91176975544582, 9.525445413482545], [77.91186075257424, 9.52544465312154], [77.91186151855871, 9.525534983852737], [77.9119525157051, 9.525534223464781], [77.91195481377525, 9.52580521564041], [77.91177281932976, 9.525806736434289], [77.9117720533453, 9.52571640570309], [77.91168105613602, 9.525717166055113], [77.91167952424796, 9.525536504565766], [77.91158852707461, 9.525537264881857], [77.91158776116201, 9.525446934123709], [77.91149676401562, 9.525447694412849], [77.91149599812998, 9.5253573636547], [77.91140500099257, 9.525358123907909], [77.91140346930213, 9.525177462364663], [77.91131247220963, 9.525178222581939], [77.91131170639585, 9.525087891805825]]]}, "id": "+1968+4578", "properties": {"count": 21, "water": 1}}, {"type": "Feature", "geometry": {"geodesic": false, "type": "Polygon", "coordinates": [[[77.92668702431011, 9.524597761922807], [77.92677802000124, 9.524596997743963], [77.92677648035172, 9.524416338680068], [77.92686747598894, 9.524415574492238], [77.9268667061507, 9.524325244964782], [77.92695770176098, 9.524324480758986], [77.92695693190478, 9.524234151240513], [77.92713892304448, 9.524232622766041], [77.92713969293662, 9.524322952275531], [77.92723068851994, 9.524322187988886], [77.927231458448, 9.524412517489393], [77.92732245404929, 9.5244117531758], [77.92732476395925, 9.524682741632404], [77.92723376828609, 9.524683505963964], [77.92723453825009, 9.524773835455488], [77.92668856394167, 9.524778421004669], [77.92668702431011, 9.524597761922807]]]}, "id": "+2140+4586", "properties": {"count": 31, "water": 1}}, {"type": "Feature", "geometry": {"geodesic": false, "type": "Polygon", "coordinates": [[[77.92791387674204, 9.529736603000174], [77.92809587063957, 9.52973507315128], [77.92809510003777, 9.52964474375857], [77.9283680907493, 9.529642448832515], [77.9283673200936, 9.529552119457772], [77.92873130750237, 9.529549059256926], [77.92873207825689, 9.529639388604718], [77.92882307511583, 9.529638623482642], [77.92882538749615, 9.529909611490087], [77.92873439056535, 9.52991037663013], [77.92873516135579, 9.530000705977924], [77.92837117347091, 9.530003766331484], [77.92837040277928, 9.529913436956742], [77.92827940581255, 9.529914201971021], [77.92827863514788, 9.529823872596278], [77.92791464729892, 9.52982693241085], [77.92791387674204, 9.529736603000174]]]}, "id": "+2157+4527", "properties": {"count": 32, "water": 1}}, {"type": "Feature", "geometry": {"geodesic": false, "type": "Polygon", "coordinates": [[[77.92916393954782, 9.52692568328818], [77.92925493565217, 9.5269249182739], [77.9292541649785, 9.526834588953058], [77.9296181492252, 9.526831528689328], [77.9296173784707, 9.526741199404418], [77.92970837448522, 9.52674043428234], [77.92971145765598, 9.527101751404018], [77.92980245376033, 9.527100986237025], [77.92980476629336, 9.527371974046842], [77.92962277393195, 9.527373504407777], [77.92962354474037, 9.527463833692687], [77.9292595598289, 9.52746689416303], [77.9292572477091, 9.527195906218465], [77.92916625153289, 9.527196671259693], [77.92916393954782, 9.52692568328818]]]}, "id": "+2168+4558", "properties": {"count": 41, "water": 1}}, {"type": "Feature", "geometry": {"geodesic": false, "type": "Polygon", "coordinates": [[[77.92971762436582, 9.527824385620423], [77.92999061322683, 9.527822089858933], [77.92999138417, 9.527912419107912], [77.93035536931502, 9.527909357730271], [77.93035459827304, 9.527819028508244], [77.93044559452112, 9.527818263116671], [77.93044713664999, 9.527998921542762], [77.93053813293399, 9.52799815611526], [77.93053890403885, 9.528088485319321], [77.9304479077279, 9.528089250755809], [77.93044867881478, 9.528179579977838], [77.93035768247688, 9.528180345396358], [77.9303584535458, 9.528270674618387], [77.9300854644153, 9.528272970775136], [77.93008469341824, 9.52818264153514], [77.92999369705338, 9.52818340686383], [77.92999292608327, 9.528093077614852], [77.92981093337151, 9.528094608191383], [77.92980939155706, 9.527913949657492], [77.92971839523712, 9.527914714896351], [77.92971762436582, 9.527824385620423]]]}, "id": "+2176+4546", "properties": {"count": 27, "water": 1}}, {"type": "Feature", "geometry": {"geodesic": false, "type": "MultiPolygon", "coordinates": [[[[77.93477831731353, 9.62958953287606], [77.93486934029548, 9.629588758222859], [77.93487012092247, 9.629679086546572], [77.93496114392238, 9.629678311857436], [77.93496582800776, 9.630220281772768], [77.93487480486414, 9.63022105650682], [77.9348732435203, 9.630040399850408], [77.93478222042158, 9.630041174548527], [77.93477831731353, 9.62958953287606]]], [[[77.93477831731353, 9.62958953287606], [77.93468729432261, 9.629590307511295], [77.93468495262128, 9.629319322477274], [77.93459392969324, 9.629320097067593], [77.93459314916505, 9.62922976871693], [77.93468417206614, 9.629228994135593], [77.93467792793949, 9.62850636735724], [77.93495099601394, 9.62850404364916], [77.9349502154678, 9.628413715325447], [77.93504123811735, 9.62841294071716], [77.93504045754426, 9.628322612393447], [77.93513148016687, 9.628321837767194], [77.93513069958479, 9.628231509461447], [77.93531274475815, 9.62822996014606], [77.93531352539412, 9.628320288451807], [77.93522250278949, 9.628321063122975], [77.9352232834075, 9.628411391428724], [77.93513226076692, 9.628412166081926], [77.935133821976, 9.628592822711386], [77.93476973115317, 9.628595921153515], [77.93477051167237, 9.628686249495194], [77.93495255715116, 9.628684700305572], [77.93495411831532, 9.628865356952998], [77.93486309553101, 9.628866131579251], [77.93486543725929, 9.629137116577342], [77.93477441439414, 9.62913789119461], [77.93477831731353, 9.62958953287606]]]]}, "id": "+2220+3434", "properties": {"count": 41, "water": 1}}, {"type": "Feature", "geometry": {"geodesic": false, "type": "Polygon", "coordinates": [[[77.935901478389, 9.643672211469257], [77.93617455835715, 9.643669883170787], [77.9361753405023, 9.643760211323821], [77.93635739382339, 9.643758658990095], [77.93635817602244, 9.64384898711618], [77.93654022937046, 9.643847434674655], [77.93654101162342, 9.643937762791754], [77.93663203830641, 9.64393698653057], [77.93663282058631, 9.644027314638686], [77.93672384728728, 9.644026538341567], [77.93672541192792, 9.64420719454882], [77.9368164386738, 9.644206418206785], [77.93681565632204, 9.644116090116635], [77.93699770973295, 9.644114537387647], [77.93700083936459, 9.644475849703339], [77.93690981257379, 9.644476626108256], [77.93691137738512, 9.644657282270593], [77.93700240422982, 9.644656505856693], [77.9370031866714, 9.644746833928878], [77.93682113291914, 9.644748386756678], [77.9368219153248, 9.644838714846829], [77.93673088841722, 9.64483949123378], [77.93673167079594, 9.644929819332914], [77.93664064385243, 9.644930595701899], [77.93664377337626, 9.645291908116404], [77.93655274633394, 9.645292684494372], [77.9365519639642, 9.645202356386253], [77.93627888284621, 9.645204685349476], [77.93627810055733, 9.645114357214409], [77.93618707353298, 9.645115133475596], [77.93618472678311, 9.644844149052426], [77.93609369982164, 9.644844925277681], [77.93608587808266, 9.643941643756328], [77.93599485135475, 9.643942419882768], [77.9359932871453, 9.643761763558734], [77.9359022604533, 9.643762539640257], [77.935901478389, 9.643672211469257]]]}, "id": "+2228+3263", "properties": {"count": 122, "water": 1}}, {"type": "Feature", "geometry": {"geodesic": false, "type": "MultiPolygon", "coordinates": [[[[77.9379773650945, 9.599480807439791], [77.93815939443056, 9.599479261214608], [77.93815783641948, 9.599298604782776], [77.93843088022146, 9.599296285314747], [77.93843243836729, 9.599476941701662], [77.93852345300387, 9.599476168485765], [77.93852423211271, 9.599566496665748], [77.93834220279462, 9.599568043097543], [77.93834142373069, 9.599477714899594], [77.93825040908511, 9.599478488070575], [77.9382511881221, 9.599568816277507], [77.9381601734406, 9.599569589430523], [77.93816095245961, 9.59965991764644], [77.93797892303371, 9.599661463898572], [77.9379773650945, 9.599480807439791]]], [[[77.9379773650945, 9.599480807439791], [77.93770432103202, 9.59948312659341], [77.93770354214774, 9.599392798341562], [77.93761252746624, 9.599393571341864], [77.93761096976058, 9.599212914811218], [77.93797502823509, 9.599209822738144], [77.9379773650945, 9.599480807439791]]]]}, "id": "+2252+3755", "properties": {"count": 24, "water": 1}}, {"type": "Feature", "geometry": {"geodesic": false, "type": "Polygon", "coordinates": [[[77.93915042528431, 9.598296489473004], [77.93942346804424, 9.598294169457002], [77.93942424729681, 9.598384497574102], [77.93960627580643, 9.598382950765014], [77.93961095176206, 9.598924919386773], [77.93970196615611, 9.59892414590138], [77.93970274553445, 9.599014474000516], [77.93961173112244, 9.59901524749489], [77.93961251048282, 9.599105575594026], [77.93970352492177, 9.599104802090666], [77.93970508371439, 9.599285458279953], [77.93979609818928, 9.599284684740661], [77.93979843651294, 9.599555668993151], [77.93970742195721, 9.599556442550409], [77.93970898083067, 9.59973709873071], [77.93961796622102, 9.599737872278984], [77.93961874564428, 9.59982820037812], [77.93943671636212, 9.599829747429753], [77.93943593699277, 9.599739419312652], [77.93934492236515, 9.599740192798045], [77.93934336368034, 9.599559536554858], [77.93925234909764, 9.599560309995335], [77.93925079049367, 9.599379653743167], [77.93915977594692, 9.599380427147711], [77.93915821743278, 9.599199770868593], [77.93924923192564, 9.599198997482015], [77.93924845265511, 9.599108669355932], [77.93933946712102, 9.599107895951388], [77.9393386878325, 9.599017567825303], [77.93942970227147, 9.599016794402793], [77.93942892296499, 9.598926466285691], [77.93951993736802, 9.598925692854198], [77.93951759943063, 9.598654708520861], [77.93924455641019, 9.598657028689578], [77.93924377718456, 9.598566700563493], [77.9391527628534, 9.598567473896173], [77.93915042528431, 9.598296489473004]]]}, "id": "+2268+3765", "properties": {"count": 66, "water": 1}}, {"type": "Feature", "geometry": {"geodesic": false, "type": "Polygon", "coordinates": [[[77.94010300668083, 9.634783580844477], [77.94019403062397, 9.634782804367696], [77.94019324815542, 9.634692476502122], [77.94083041533517, 9.634687040553793], [77.9408319806226, 9.634867696186124], [77.94092300452083, 9.634866919511712], [77.94092378719598, 9.634957247323385], [77.94083276327082, 9.634958023997797], [77.94083432859418, 9.635138679630128], [77.94065228062706, 9.635140232952002], [77.94065071539353, 9.63495957729272], [77.94046866749827, 9.634961130488831], [77.94046945005665, 9.635051458336438], [77.94019637807452, 9.635053787973396], [77.94019559557903, 9.634963460107823], [77.94010457159098, 9.63496423659359], [77.94010300668083, 9.634783580844477]]]}, "id": "+2280+3362", "properties": {"count": 31, "water": 1}}, {"type": "Feature", "geometry": {"geodesic": false, "type": "Polygon", "coordinates": [[[77.94099491633918, 9.527006689578595], [77.94126790177761, 9.527004385184295], [77.94126944946704, 9.527185041858672], [77.94136044464612, 9.52718427367334], [77.94136276631502, 9.527455258662446], [77.94145376155699, 9.527454490423215], [77.94145453548255, 9.527544818737946], [77.94163652600241, 9.527543282178636], [77.94163575202295, 9.527452953872888], [77.94181774245298, 9.527451417223746], [77.94182006455307, 9.527722402096073], [77.94163807397032, 9.52772393879013], [77.94163884796777, 9.527814267095877], [77.94136586197237, 9.527816571975267], [77.94136508804681, 9.52772624364257], [77.941274092724, 9.527727011881801], [77.94127254494472, 9.527546355207425], [77.94118154965786, 9.527547123410724], [77.94118077580414, 9.527456795069044], [77.94108978053524, 9.527457563236409], [77.94108900670848, 9.527367234885746], [77.94099801145754, 9.527368003017179], [77.94099491633918, 9.527006689578595]]]}, "id": "+2295+4554", "properties": {"count": 37, "water": 1}}, {"type": "Feature", "geometry": {"geodesic": false, "type": "Polygon", "coordinates": [[[77.94255496077311, 9.570896176533518], [77.94291898743826, 9.570893088314216], [77.94291743164602, 9.570712432358492], [77.94300843824269, 9.570711660256507], [77.94301154996191, 9.571072972132022], [77.94310255664841, 9.57107219998512], [77.94310644658715, 9.571523839780108], [77.94283342614138, 9.571526156283696], [77.94283187028626, 9.571345500318989], [77.94274086350094, 9.57134627242996], [77.94273775198833, 9.570984960464612], [77.94264674529285, 9.5709857325127], [77.94264752313507, 9.571076060513018], [77.94255651641264, 9.571076832552123], [77.94255496077311, 9.570896176533518]]]}, "id": "+2310+4070", "properties": {"count": 29, "water": 1}}, {"type": "Feature", "geometry": {"geodesic": false, "type": "Polygon", "coordinates": [[[77.94658232928516, 9.594619896694116], [77.94667334194547, 9.594619121717521], [77.94667178023333, 9.59443846662418], [77.94676279284872, 9.5944376916386], [77.94676201197916, 9.594347364096421], [77.94694403712909, 9.594345814080349], [77.9469432562236, 9.594255486547151], [77.94703426876713, 9.594254711507674], [77.94703504969955, 9.594345039031888], [77.94721707480454, 9.5943434888631], [77.94721629381822, 9.594253161356853], [77.94758034384856, 9.594250060776735], [77.94757956277239, 9.594159733297438], [77.94776158768875, 9.594158182877122], [77.94776236880982, 9.594248510338453], [77.94785338128148, 9.59424773508338], [77.9478541624295, 9.594338062535728], [77.94794517491911, 9.594337287253705], [77.94794751847995, 9.594608269583798], [77.94803853103245, 9.59460749425686], [77.94803931226133, 9.594697821691241], [77.94794829969086, 9.594698597027163], [77.94794908090176, 9.594788924470528], [77.94785806828638, 9.594789699797467], [77.9478588494883, 9.594880027249813], [77.94776783684597, 9.594880802549802], [77.947767055671, 9.594790475097454], [77.94758503042227, 9.594792025616584], [77.947582687095, 9.594521043196659], [77.94740066195406, 9.594522593581042], [77.94739988091384, 9.594432266092761], [77.94721785579087, 9.594433816369346], [77.94721941779046, 9.59461447138184], [77.94731043040585, 9.594613696234564], [77.9473112114371, 9.594704023731827], [77.94722019880375, 9.594704798879103], [77.947220979826, 9.59479512638535], [77.94658389097934, 9.594800551805424], [77.94658232928516, 9.594619896694116]]]}, "id": "+2360+3810", "properties": {"count": 70, "water": 1}}, {"type": "Feature", "geometry": {"geodesic": false, "type": "Polygon", "coordinates": [[[77.94708614740004, 9.526322878931802], [77.94717714187844, 9.526322109282216], [77.94717559122456, 9.526141453560054], [77.94763056323924, 9.526137605069579], [77.94763133868297, 9.526227932890235], [77.9480863106168, 9.52622408377094], [77.94808708618629, 9.526314411555663], [77.94799609179772, 9.526315181438813], [77.94799686734925, 9.52640550923252], [77.94781487848228, 9.526407048935933], [77.94781565399786, 9.526497376738623], [77.94772465952845, 9.52649814655889], [77.94772543502607, 9.526588474379547], [77.94763444052971, 9.526589244181846], [77.94763521600936, 9.526679572002504], [77.94745322693579, 9.526681111562187], [77.94745400237952, 9.526771439400811], [77.94718101864788, 9.52677374858313], [77.94718024327602, 9.52668342072654], [77.9470892487078, 9.526684190394093], [77.94708614740004, 9.526322878931802]]]}, "id": "+2365+4563", "properties": {"count": 49, "water": 1}}, {"type": "Feature", "geometry": {"geodesic": false, "type": "Polygon", "coordinates": [[[77.9496316618556, 9.526030336998957], [77.94972265604653, 9.52602956672055], [77.94972188006383, 9.52593923906159], [77.94990386837384, 9.525937698441895], [77.94990309235519, 9.5258473708009], [77.95017607467646, 9.525845059714152], [77.95017529860392, 9.525754732091125], [77.9502662926691, 9.525753961686954], [77.95026706876858, 9.525844289300998], [77.95035806286072, 9.525843518869879], [77.95035883898714, 9.525933846465957], [77.95044983308826, 9.525933076007886], [77.95045138543097, 9.52611373119106], [77.95036039128495, 9.526114501676078], [77.95036116743833, 9.526204829272157], [77.9504521616113, 9.526204058787139], [77.95045293780062, 9.526294386383215], [77.95036194360968, 9.526295156877218], [77.95036349596138, 9.526475812078358], [77.94927156443049, 9.526485056344503], [77.94926923676982, 9.52621407327779], [77.94936023103261, 9.526213303071248], [77.94935945513974, 9.526122975394323], [77.94945044937559, 9.526122205169814], [77.9494488975539, 9.525941549815961], [77.94963088590883, 9.525940009339996], [77.9496316618556, 9.526030336998957]], [[77.9496316618556, 9.526030336998957], [77.94963243781136, 9.526120664657917], [77.94954144359347, 9.52612143492734], [77.94954066766466, 9.526031107259398], [77.9496316618556, 9.526030336998957]]]}, "id": "+2394+4567", "properties": {"count": 74, "water": 1}}, {"type": "Feature", "geometry": {"geodesic": false, "type": "Polygon", "coordinates": [[[77.95044284794132, 9.525120127625216], [77.95071582955292, 9.52511781628694], [77.95071660572428, 9.525208143865052], [77.95089859347732, 9.525206602841115], [77.95090169841427, 9.525567913081696], [77.95108368632901, 9.525566371905047], [77.95108523894122, 9.525747026998388], [77.95117623293453, 9.525746256351672], [77.95117778562758, 9.525926911427048], [77.95126877965681, 9.525926140753382], [77.95126955603479, 9.526016468277595], [77.95136055008199, 9.526015697567997], [77.95136210291878, 9.526196352607439], [77.95127110882666, 9.526197123335004], [77.95127188522258, 9.526287450859217], [77.95090790867445, 9.526290533544895], [77.95090635606223, 9.526109878433587], [77.95072436783309, 9.526111419610238], [77.95072281534665, 9.525930764462997], [77.9506318212725, 9.525931535001915], [77.95062949267758, 9.525660552258596], [77.9505384986663, 9.5256613227526], [77.95053539407071, 9.525300012386253], [77.95044440014928, 9.525300782826356], [77.95044284794132, 9.525120127625216]]]}, "id": "+2399+4574", "properties": {"count": 65, "water": 1}}, {"type": "Feature", "geometry": {"geodesic": false, "type": "Polygon", "coordinates": [[[77.9540463795344, 9.584167891311154], [77.95422839806373, 9.584166339094208], [77.9542276160713, 9.584076012108984], [77.95450064373054, 9.584073683630852], [77.95449986166624, 9.583983356663595], [77.95459087085005, 9.583982580465289], [77.95459243501459, 9.584163234372856], [77.95468344423435, 9.584162458138618], [77.95468500847973, 9.584343112028217], [77.95459399921506, 9.58434388828042], [77.95459478132429, 9.584434215238694], [77.9546857906159, 9.58443343897751], [77.95468813706034, 9.584704419807416], [77.9543240995615, 9.584707524807246], [77.95432488163479, 9.584797851774503], [77.95414286279104, 9.584799404144162], [77.95414051675085, 9.584528423179508], [77.95404950738737, 9.584529199305948], [77.9540463795344, 9.584167891311154]]]}, "id": "+2436+3922", "properties": {"count": 46, "water": 1}}, {"type": "Feature", "geometry": {"geodesic": false, "type": "Polygon", "coordinates": [[[77.95911993450645, 9.56045725945153], [77.95921093704274, 9.560456483926963], [77.95921171838839, 9.560546810633708], [77.95948472602419, 9.560544483889325], [77.9594855074417, 9.560634810569121], [77.95957650999596, 9.560634034936756], [77.9595772914494, 9.560724361598586], [77.96003230422065, 9.560720483032515], [77.96003308579986, 9.560810809667396], [77.96021509090836, 9.560809258061305], [77.96021665418357, 9.56098991128615], [77.96012565159339, 9.560990687116146], [77.96012486996926, 9.56090036049923], [77.9598518622077, 9.560902687818537], [77.95985342531222, 9.561083341106265], [77.9599444279563, 9.56108256533915], [77.9599452095445, 9.561172891983015], [77.96003621220655, 9.56117211617997], [77.96003855708791, 9.561443096057662], [77.95994755436298, 9.561443871878675], [77.95994911760226, 9.561624525148437], [77.95985811481445, 9.561625300960465], [77.95985655162009, 9.56144464768172], [77.95967454611633, 9.56144619919798], [77.95967220152242, 9.561175219230455], [77.95958119883342, 9.561175994934686], [77.95958041734404, 9.561085668263873], [77.95939841198401, 9.561087219582504], [77.95939919342848, 9.561177546271283], [77.95930819072152, 9.561178321894666], [77.95930506508739, 9.56081701514853], [77.95921406246127, 9.560817790726997], [77.95921249973404, 9.56063713733147], [77.95912149715284, 9.560637912865023], [77.95911993450645, 9.56045725945153]]]}, "id": "+2489+4182", "properties": {"count": 60, "water": 1}}, {"type": "Feature", "geometry": {"geodesic": false, "type": "Polygon", "coordinates": [[[77.96031421373871, 9.655929156495477], [77.96040524168833, 9.65592837299387], [77.96040445207818, 9.655838046888995], [77.96049547999188, 9.655837263360437], [77.96049626962, 9.65592758945633], [77.96067832547432, 9.65592602232735], [77.96067911515634, 9.656016348405275], [77.96086117102864, 9.656014781159515], [77.96086275050945, 9.656195433297398], [77.96077172253287, 9.656196216942737], [77.96077251226879, 9.656286543020663], [77.96068148425628, 9.656287326648034], [77.96068069454732, 9.656197000570108], [77.96058966655278, 9.656197784170532], [77.9605904562348, 9.65628811025744], [77.9603173721344, 9.656290460941925], [77.96031421373871, 9.655929156495477]]]}, "id": "+2494+3126", "properties": {"count": 21, "water": 1}}, {"type": "Feature", "geometry": {"geodesic": false, "type": "Polygon", "coordinates": [[[77.96139767577344, 9.592235102368269], [77.96148868658321, 9.592234323699598], [77.96149025576933, 9.592414976394437], [77.96158126661503, 9.592414197680851], [77.96158518985432, 9.592865829364051], [77.9616762008168, 9.592865050587582], [77.96168012436152, 9.593316682225867], [77.96177113543179, 9.593315903395498], [77.96177192019104, 9.593406229706986], [77.96158989798761, 9.593407787376705], [77.96158754388054, 9.593136808370378], [77.9614965328372, 9.593137587146847], [77.96149260961589, 9.592685955427713], [77.96140159868035, 9.592686734141301], [77.96139767577344, 9.592235102368269]]]}, "id": "+2511+3830", "properties": {"count": 20, "water": 1}}, {"type": "Feature", "geometry": {"geodesic": false, "type": "Polygon", "coordinates": [[[77.96117547025648, 9.556103742097593], [77.96126647146325, 9.556102966384378], [77.96126568994691, 9.556012639830346], [77.96135669112675, 9.556011864099165], [77.96135512807612, 9.555831211009068], [77.9612641269412, 9.555831986722282], [77.96126334545183, 9.555741660168248], [77.96144534765877, 9.555740108723855], [77.96145003700828, 9.556282067958218], [77.961541038242, 9.556281292164154], [77.96154025664482, 9.556190965628089], [77.96163125784263, 9.55619018981606], [77.96163282109987, 9.556370842861243], [77.96135981732682, 9.556373170279363], [77.96136059889704, 9.556463496824412], [77.96145160018467, 9.55646272103035], [77.96145238179083, 9.556553047566416], [77.96154338309643, 9.556552271745403], [77.9615465096738, 9.556913577853736], [77.96163751106921, 9.556912801978825], [77.96163829275622, 9.557003128496925], [77.96145628991148, 9.557004680237764], [77.961453163397, 9.556643374102482], [77.96127116071395, 9.556644925690607], [77.96127037915271, 9.556554599136575], [77.96117937782016, 9.556555374885722], [77.96117703326219, 9.556284395214641], [77.96126803451388, 9.55628361948346], [77.96126725298856, 9.556193292929429], [77.96117625175484, 9.556194068651624], [77.96117547025648, 9.556103742097593]]]}, "id": "+2514+4234", "properties": {"count": 30, "water": 1}}, {"type": "Feature", "geometry": {"geodesic": false, "type": "Polygon", "coordinates": [[[77.96316626960726, 9.648948978554824], [77.96325729544583, 9.648948194855587], [77.96325808522667, 9.649038520753848], [77.96334911108322, 9.649037737027662], [77.96334990089997, 9.649128062925925], [77.9634409267745, 9.649127279163805], [77.96344013693077, 9.649036953274527], [77.96353116276038, 9.64903616949444], [77.963529583046, 9.648855517724867], [77.96398471187061, 9.648851598536979], [77.96398629182752, 9.649032250234688], [77.96389526603386, 9.649033034131554], [77.96389842593872, 9.64939433754494], [77.96362534820737, 9.649396689190624], [77.96362771800801, 9.649667666813546], [77.96353669200774, 9.649668450665496], [77.96353748193229, 9.649758776545792], [77.96344645590507, 9.649759560388759], [77.96344803572724, 9.649940212158334], [77.96335700963714, 9.649940995992319], [77.96335779953475, 9.650031321881597], [77.96317574729164, 9.650032889486685], [77.96317416760421, 9.649852237672194], [77.96326519367635, 9.649851453892108], [77.96325887502546, 9.649128846661094], [77.96316784914197, 9.649129630378297], [77.96316626960726, 9.648948978554824]], [[77.96362297848759, 9.649125711567702], [77.96371400432616, 9.649124927724735], [77.96371558418427, 9.64930557946736], [77.9636245582918, 9.649306363319312], [77.96362297848759, 9.649125711567702]]]}, "id": "+2533+3203", "properties": {"count": 59, "water": 1}}, {"type": "Feature", "geometry": {"geodesic": false, "type": "Polygon", "coordinates": [[[77.96505319270133, 9.656520662345269], [77.96505398359608, 9.656610988063868], [77.96496295585307, 9.656611772850066], [77.96496374673883, 9.656702098577648], [77.96487271895988, 9.656702883354864], [77.96487350982768, 9.656793209091429], [77.96478248202179, 9.656793993841696], [77.96478327287161, 9.656884319587244], [77.9646922450298, 9.656885104328527], [77.96469145420691, 9.656794778582977], [77.9645093985502, 9.656796347975712], [77.96451098011512, 9.656976999502742], [77.96441995222837, 9.656977784181143], [77.96441757996635, 9.656706806863648], [77.96450860778123, 9.656706022212196], [77.96450781702124, 9.656615696448682], [77.96459884480018, 9.656614911779265], [77.96459726325324, 9.656434260261218], [77.96468829097829, 9.656433475582817], [77.96468670941337, 9.656252824082737], [77.96477773708452, 9.656252039395353], [77.96477615550165, 9.656071387904255], [77.96495821072716, 9.656069818484571], [77.96495900155902, 9.656160144212155], [77.96505002918525, 9.656159359461888], [77.96505161092982, 9.656340010899086], [77.96514263859198, 9.656339226112888], [77.9651442204174, 9.656519877532121], [77.96505319270133, 9.656520662345269]], [[77.96505319270133, 9.656520662345269], [77.96487113725125, 9.656522231881732], [77.96487034641041, 9.65643190615415], [77.9650524018066, 9.656430336617687], [77.96505319270133, 9.656520662345269]]]}, "id": "+2543+3123", "properties": {"count": 36, "water": 1}}, {"type": "Feature", "geometry": {"geodesic": false, "type": "Polygon", "coordinates": [[[77.97404810659167, 9.644157861687514], [77.97413913023836, 9.644157075499944], [77.97413833796021, 9.644066750464063], [77.97441140879249, 9.644064391775588], [77.9744122011425, 9.644154716793501], [77.97450322475326, 9.644153930507116], [77.97450401713921, 9.644244255516046], [77.9744129934925, 9.644245041802431], [77.97441378586049, 9.644335366820345], [77.97450480952516, 9.644334580515993], [77.97450560192907, 9.644424905524923], [77.97441457823746, 9.644425691829275], [77.97441616300935, 9.644606341856118], [77.97450718674587, 9.6446055555338], [77.97450797916775, 9.644695880533748], [77.97432593163182, 9.6446974531694], [77.97432513926384, 9.644607128151486], [77.97414309174587, 9.644608700679342], [77.97414229943179, 9.644518375643461], [77.97405127568629, 9.644519161857982], [77.97404810659167, 9.644157861687514]]]}, "id": "+2648+3255", "properties": {"count": 26, "water": 1}}, {"type": "Feature", "geometry": {"geodesic": false, "type": "MultiPolygon", "coordinates": [[[[77.97102629776373, 9.558639274491684], [77.97102708207382, 9.558729600228249], [77.97075407874993, 9.558731935587476], [77.97075486299714, 9.558822261350992], [77.97029985718784, 9.558826153185178], [77.97029907306639, 9.558735827394715], [77.97057207649807, 9.55873349238583], [77.97057129231375, 9.558643166604348], [77.97075329452069, 9.558641609832945], [77.97075251029145, 9.558551284069429], [77.97093451241754, 9.558549727217176], [77.97093529669169, 9.558640052962726], [77.97102629776373, 9.558639274491684]]], [[[77.97670750322463, 9.552628714209455], [77.97670907383907, 9.55280936481122], [77.97652707571947, 9.55281092376553], [77.97652629045716, 9.552720598451172], [77.97661728949002, 9.552719818991983], [77.97661650421873, 9.55262949368661], [77.97670750322463, 9.552628714209455]]], [[[77.96206125197625, 9.553295862580963], [77.96187925117069, 9.553297413953493], [77.96187846972622, 9.553207087435393], [77.96169646893861, 9.553208638691142], [77.96169568754804, 9.553118312155076], [77.96178668792838, 9.55311753654966], [77.96178512512928, 9.552936883495493], [77.96187612544672, 9.55293610787211], [77.96187378123011, 9.55266512831781], [77.96196478147569, 9.552664352694428], [77.9619655628932, 9.552754679212528], [77.96205656314777, 9.552753903562197], [77.9620557817033, 9.55266357705308], [77.96214678193091, 9.552662801384782], [77.96214521901503, 9.552482148393498], [77.96223621917976, 9.552481372716215], [77.96223543771733, 9.552391046225067], [77.96232643785511, 9.552390270529818], [77.96232487489432, 9.5522096175565], [77.96241587496921, 9.552208841861253], [77.96241509347983, 9.552118515379085], [77.96250609352778, 9.55211773966587], [77.96250531202044, 9.552027413192688], [77.96259631203246, 9.552026637461507], [77.96259709356676, 9.552116963925707], [77.96268809360572, 9.552116188158594], [77.96268731204447, 9.552025861703378], [77.96286931204156, 9.552024310115252], [77.96287009364772, 9.552114636561486], [77.96296109365974, 9.552113860722509], [77.96296031202662, 9.552023534285256], [77.9631423119788, 9.552021982562385], [77.96314153030976, 9.551931656143099], [77.96323253024991, 9.551930880250222], [77.96323174856289, 9.55184055383992], [77.96332274846712, 9.551839777929077], [77.96332196677112, 9.551749451518775], [77.96341296663941, 9.551748675598947], [77.96341218492545, 9.551658349197629], [77.96350318476678, 9.551657573259837], [77.96350240303485, 9.551567246867501], [77.96359340284924, 9.551566470911741], [77.96359183935844, 9.551385818136053], [77.96368283911893, 9.55138504217131], [77.96368127560119, 9.551204389413588], [77.96377227530778, 9.551203613439863], [77.96377149353991, 9.551113287065494], [77.96386249321057, 9.551112511073802], [77.96386171142474, 9.551022184708415], [77.9640437106942, 9.551020632671133], [77.96404292887244, 9.550930306323712], [77.96422492806104, 9.550928754205582], [77.96422414620335, 9.550838427867145], [77.96431514575723, 9.55083765177664], [77.96431436388157, 9.550747325447185], [77.9644053634085, 9.550746549347695], [77.96440379962125, 9.550565896697771], [77.96458579855833, 9.550564344453877], [77.96458501662877, 9.550474018142388], [77.96467601606587, 9.550473241989], [77.96467288833865, 9.550111936778984], [77.96476388766796, 9.550111160634579], [77.96476310572942, 9.550020834332074], [77.96494510431614, 9.550019281989364], [77.96494432234168, 9.549928955704827], [77.96512632084756, 9.549927403272285], [77.96512553882818, 9.549837077005714], [77.96539853646573, 9.54983474821317], [77.96539775438346, 9.549744421964565], [77.96557975271865, 9.549742869325412], [77.96557897060046, 9.549652543094773], [77.96576096885481, 9.549650990383753], [77.9657601866917, 9.549560664162097], [77.96603318395195, 9.549558334938364], [77.96603240172595, 9.549468008734674], [77.96612340076778, 9.549467232284842], [77.96612261853281, 9.549376906099118], [77.9663046165536, 9.549375353145555], [77.96630383426472, 9.549285026968814], [77.96639483324367, 9.549284250465083], [77.96639405094581, 9.549193924297326], [77.96648504988883, 9.549193147775629], [77.966484267573, 9.549102821616854], [77.96657526648907, 9.54910204507719], [77.96657448415527, 9.5490117189274], [77.96693847963091, 9.54900861256213], [77.96693691480162, 9.548827960316448], [77.96711891239123, 9.548826407021524], [77.96711812994064, 9.548736080907666], [77.96720912870401, 9.548735304233254], [77.96720834623547, 9.548644978137363], [77.96775433850121, 9.548640317632753], [77.96775355589791, 9.548549991572795], [77.96784455456246, 9.54854921474567], [77.96784220672563, 9.548278236592742], [77.96802420388404, 9.548276682911542], [77.96802342123584, 9.548186356878533], [77.96847841386686, 9.548182472302733], [77.96847763111086, 9.548092146296673], [77.96865962806265, 9.548090592319028], [77.96865884526173, 9.548000266330934], [77.96874984370169, 9.547999489315163], [77.9687490608918, 9.547909163336053], [77.96884005929583, 9.547908386302316], [77.96883927646795, 9.547818060323205], [77.96893027484504, 9.5478172832715], [77.96892949199919, 9.547726957310356], [77.96902049034934, 9.547726180240685], [77.96901970748553, 9.547635854279543], [77.96929270240119, 9.547633522962734], [77.9692919194745, 9.547543197028538], [77.96938291774379, 9.54754241987802], [77.96938213479913, 9.547452093943825], [77.96947313303248, 9.547451316784324], [77.96947235007885, 9.547360990859111], [77.96965434647369, 9.547359436477226], [77.96965356347515, 9.54726911056998], [77.96992655794163, 9.547266778839948], [77.96992577488021, 9.547176452950668], [77.97001677299679, 9.547175675665402], [77.97001598992637, 9.547085349785107], [77.970106988007, 9.547084572490856], [77.97010620490964, 9.546994246619544], [77.97037919904376, 9.54699191460205], [77.9703784158925, 9.546901588748703], [77.97046941389229, 9.546900811364623], [77.97046863072306, 9.54681048552026], [77.97065062665976, 9.546808930707183], [77.97064984344561, 9.546718604880786], [77.97083183931045, 9.54671704998686], [77.97083105605138, 9.546626724169446], [77.97101305183537, 9.546625169194673], [77.97101226854038, 9.546534843395225], [77.97119426424351, 9.546533288339603], [77.97119348091259, 9.546442962549138], [77.97137547653487, 9.546441407412669], [77.97137469315904, 9.54635108164017], [77.97155668870946, 9.546349526431834], [77.9715559052887, 9.54625920066832], [77.972192889284, 9.546253756724985], [77.97219210571052, 9.54616343102435], [77.97255609629933, 9.546160319700382], [77.97255531263603, 9.546069994026698], [77.97310129813746, 9.546065326380482], [77.97310051434839, 9.545975000751714], [77.97346450443415, 9.545971888538412], [77.97346372054626, 9.545881562936595], [77.97382771040745, 9.545878450381933], [77.9738269264387, 9.545788124807064], [77.9747369003191, 9.545780341830392], [77.9747361161168, 9.545690016327388], [77.97482711344286, 9.545689237910246], [77.97482789766312, 9.545779563404265], [77.97491889499815, 9.545778784951189], [77.97491811075095, 9.545688459466152], [77.97519110264827, 9.545686123990144], [77.97519188696734, 9.545776449448232], [77.97546487886466, 9.545774113738661], [77.97546566326459, 9.545864439178782], [77.97564765787178, 9.545862881904322], [77.97564844232559, 9.545953207326477], [77.97583043695076, 9.545951649935235], [77.97583122146746, 9.546041975348407], [77.97592221878453, 9.54604119660787], [77.97592300333717, 9.546131522003076], [77.97610499800724, 9.546129964450138], [77.9761057826048, 9.546220289836361], [77.9761967799578, 9.546219511014975], [77.97619756458231, 9.546309836383232], [77.97628856195328, 9.546309057534897], [77.97628934661371, 9.546399382903154], [77.97638034399367, 9.546398604018886], [77.97638112869004, 9.54648892937816], [77.97647212608796, 9.546488150457959], [77.97647291081127, 9.54657847580825], [77.97656390822715, 9.546577696861101], [77.9765623387356, 9.546397046178487], [77.97692632811169, 9.546393930210227], [77.97692554328057, 9.54630360489587], [77.9768345459725, 9.546304383914885], [77.9768337611773, 9.546214058591543], [77.9767427638782, 9.546214837583609], [77.97674197910997, 9.546124512251286], [77.9766509818378, 9.546125291207417], [77.97665019709653, 9.546034965866111], [77.97674119435072, 9.54603418691896], [77.97674040960045, 9.545943861586638], [77.9768314068277, 9.545943082621523], [77.97683219159593, 9.546033407944863], [77.97701418606837, 9.546031849933783], [77.97701497089949, 9.546122175239159], [77.9771059681447, 9.54612139618421], [77.97710675301174, 9.546211721489586], [77.97719775027491, 9.546210942407688], [77.97719932007189, 9.546391592991487], [77.9773813146701, 9.546390034719897], [77.97738366956769, 9.546661010555171], [77.97729267219671, 9.546661789717916], [77.97729345715359, 9.546752115005324], [77.97738445454253, 9.546751335824613], [77.97738523953534, 9.546841661103038], [77.97747623694225, 9.546840881895376], [77.977477021962, 9.546931207164818], [77.97765901680276, 9.546929648659665], [77.97765980187643, 9.54701997391114], [77.97775079931027, 9.547019194622631], [77.97775158441986, 9.547109519865124], [77.97793357930554, 9.54710796118929], [77.97793436446904, 9.5471982864228], [77.97820735680652, 9.54719594820693], [77.97820814205086, 9.547286273413489], [77.97829913951166, 9.5472854939543], [77.97829992478295, 9.547375819151878], [77.97848191972253, 9.547374260152651], [77.97848270505669, 9.54746458533226], [77.97857370253546, 9.547463805792225], [77.97857448789658, 9.547554130962851], [77.97875648288107, 9.547552571783962], [77.97875726829609, 9.547642896945606], [77.97893926329854, 9.547641337658918], [77.97894004877644, 9.547731662802596], [77.97903104629114, 9.547730883118827], [77.979031831796, 9.547821208253522], [77.97921382684336, 9.547819648796155], [77.97921461240212, 9.547909973912883], [77.97930560994376, 9.547909194139285], [77.97930639553844, 9.547999519256011], [77.97939739308907, 9.54799873944648], [77.97939817871071, 9.548089064554224], [77.9794891762883, 9.548088284717744], [77.97949153327896, 9.548359259996062], [77.97958253091043, 9.548358480114665], [77.97958331661292, 9.548448805204444], [77.97949231895448, 9.548449585094824], [77.97949389033249, 9.54863023527438], [77.97940289262016, 9.548631015155777], [77.9794044639892, 9.548811665344319], [77.97931346621398, 9.548812445216733], [77.97931582324955, 9.549083420530984], [77.97940682108765, 9.549082640640604], [77.9794076068081, 9.549172965730381], [77.97949860466416, 9.549172185813052], [77.97949781892575, 9.549081860723273], [77.97958881674587, 9.549081080778995], [77.97958960251124, 9.54917140585979], [77.97968060035831, 9.54917062588856], [77.97968138615063, 9.549260950960374], [77.97977238400668, 9.549260170962196], [77.97977316984391, 9.549350496025024], [77.97986416771793, 9.549349715990914], [77.97986495357313, 9.54944004104476], [77.97995595146513, 9.5494392609837], [77.97995752325636, 9.549619911082408], [77.98023051702218, 9.549617570692615], [77.9802320889841, 9.549798220746409], [77.98014109102921, 9.549799000915266], [77.98014030506623, 9.549708675879387], [77.98004930712032, 9.549709456012312], [77.9800508790014, 9.549890106093054], [77.9799598810016, 9.549890886216996], [77.9799614528737, 9.550071536315706], [77.9800524509184, 9.550070756173797], [77.98005323689037, 9.550161081209676], [77.98032623106043, 9.550158740622253], [77.98032544502557, 9.55006841560434], [77.98059843905189, 9.55006607481929], [77.98060158355963, 9.550427374792127], [77.98069258164925, 9.55042659445259], [77.98069336781886, 9.55051691943457], [77.98078436592645, 9.550516139068083], [77.98078593832854, 9.550696789014077], [77.98087693648104, 9.550696008602674], [77.98087850896398, 9.550876658539687], [77.98096950715242, 9.55087587809235], [77.9809742249426, 9.551417827822538], [77.98079222827826, 9.551419388789075], [77.98078751076656, 9.550877438960073], [77.98069651256914, 9.55087821935351], [77.98069494017604, 9.550697569398531], [77.98023994928775, 9.550701470961474], [77.98023916321695, 9.55061114594356], [77.98014816504649, 9.5506119261753], [77.98014737901163, 9.550521601148404], [77.98005638085014, 9.550522381353195], [77.98005559484223, 9.550432056317314], [77.9798735985462, 9.550433616637065], [77.9798743845002, 9.550523941681927], [77.97978338631178, 9.550524721814853], [77.9797841722568, 9.550615046877681], [77.97969317403243, 9.55061582699264], [77.97969395995949, 9.55070615205547], [77.97960296170817, 9.550706932152462], [77.97960217580805, 9.55061660708065], [77.97942017934135, 9.550618167193788], [77.97941939349514, 9.550527842104009], [77.97932839527077, 9.550528622120153], [77.97933153859273, 9.550889922497234], [77.97942253691592, 9.550889142454139], [77.97942410866223, 9.551069792624714], [77.97951510702136, 9.551069012536704], [77.97951589293943, 9.551159337617499], [77.97942489455336, 9.551160117705509], [77.97942568045347, 9.551250442786305], [77.97933468203148, 9.551251222856347], [77.97933625380475, 9.551431873044887], [77.97924525532885, 9.551432653105948], [77.9792491847665, 9.55188427858179], [77.97906718756319, 9.551885838712893], [77.97906640170798, 9.551795513605148], [77.97897540311531, 9.551796293630275], [77.97897618895253, 9.551886618747004], [77.97870319305771, 9.551888958696622], [77.97870397883206, 9.551979283831317], [77.97861298015853, 9.551980063775595], [77.97861376590593, 9.552070388928255], [77.97834076978653, 9.552072728635329], [77.97834155547105, 9.552163053805955], [77.97825055672565, 9.552163833669388], [77.9782513423922, 9.552254158840014], [77.97806934482955, 9.552255718512976], [77.97807091609977, 9.552436368890163], [77.97797991725555, 9.552437148699696], [77.9779814885078, 9.552617799094847], [77.97789048960969, 9.55261857890438], [77.97789206084397, 9.552799229308516], [77.977619063961, 9.552801568629313], [77.97761984951975, 9.552891893844855], [77.97725585346919, 9.552895012642809], [77.9772566389381, 9.552985337894283], [77.97716563987831, 9.552986117542119], [77.97716485443634, 9.55289579228166], [77.9770738553945, 9.552896571893562], [77.97707306997948, 9.55280624662412], [77.97689107192275, 9.552807805767078], [77.97689028656163, 9.55271748047967], [77.97679928754674, 9.552718260010725], [77.97679850222156, 9.552627934714334], [77.97670750322463, 9.552628714209455], [77.97670671792639, 9.552538388913064], [77.9764337209536, 9.552540727236732], [77.97643450617997, 9.552631052560072], [77.97634350714712, 9.552631831965362], [77.97634664802565, 9.552993133285673], [77.97643764714834, 9.552992353853433], [77.97644157354073, 9.553443980443186], [77.9765325727712, 9.553443200957048], [77.97653571412586, 9.553804502187528], [77.97644471478758, 9.553805281718581], [77.97644550012174, 9.55389560703294], [77.97635450075651, 9.553896386537044], [77.9763560713979, 9.554077037183726], [77.97626507196979, 9.554077816678847], [77.97626585727701, 9.55416814201117], [77.97617485783094, 9.554168921488325], [77.97617564312019, 9.554259246829632], [77.97608464363817, 9.554260026297804], [77.97608621418973, 9.554440676980418], [77.97544921724972, 9.5544461326827], [77.97545000237727, 9.554536458077905], [77.9748130048803, 9.554541912666277], [77.97481221992342, 9.554451587217173], [77.97463022061804, 9.554453145443848], [77.97463100553, 9.554543470901935], [77.97444900614377, 9.554545029047762], [77.97445057588685, 9.554725679999871], [77.97454157562937, 9.554724900926956], [77.97454236054134, 9.554815226394028], [77.97445136077187, 9.554816005475924], [77.97445764012146, 9.555538609257408], [77.97454864007958, 9.555537830121612], [77.97455021003825, 9.555718481046771], [77.97464121004128, 9.555717701857077], [77.97464356510955, 9.555988678222356], [77.97473456517547, 9.55598789899673], [77.9747392756803, 9.556529851655425], [77.9744662750334, 9.556532189404171], [77.97447020030287, 9.556983816730542], [77.97456120064727, 9.55698303746], [77.97456434110362, 9.557344339274385], [77.97438234021719, 9.557345897842419], [77.97438312529984, 9.557436223309491], [77.97429212482069, 9.557437002562066], [77.97429290989434, 9.55752732803812], [77.97401990834014, 9.557529665679068], [77.97401912334733, 9.557439340176066], [77.97383712231718, 9.557440898474605], [77.97383790727406, 9.557531223986592], [77.97365590616306, 9.5575327821953], [77.9736621856564, 9.558255386390009], [77.97357118489877, 9.558256165525805], [77.97357196984667, 9.558346491055758], [77.97338996826855, 9.558348049255482], [77.97339075317153, 9.558438374803401], [77.97329975234204, 9.558439153876316], [77.97330053723604, 9.558529479424235], [77.97320953637961, 9.558530258488165], [77.97321032125564, 9.558620584045068], [77.97311932036327, 9.558621363082048], [77.97312010522134, 9.558711688647934], [77.97284710243643, 9.558714025651078], [77.97284788723162, 9.558804351243912], [77.97275688625841, 9.558805130200046], [77.97275610149018, 9.55871480460721], [77.97257409957967, 9.55871636244761], [77.9725756690353, 9.558897013660228], [77.97248466801716, 9.558897792562462], [77.9724862374548, 9.559078443793048], [77.97239523638278, 9.559079222686298], [77.9723983752491, 9.559440525165437], [77.97230737407826, 9.55944130406767], [77.97230815879259, 9.559531629687454], [77.9722171575858, 9.559532408571721], [77.97223128330619, 9.561158269907507], [77.97214028165924, 9.56115904889957], [77.9721371424875, 9.560797746366534], [77.97204614093037, 9.5607985253047], [77.97204300198321, 9.560437222726748], [77.97195200051593, 9.560438001611015], [77.97194964645377, 9.560167024652847], [77.9720406478492, 9.560166245795529], [77.97203907846544, 9.559985594502061], [77.97194807711493, 9.559986373341411], [77.97194493854506, 9.559625070718543], [77.9718539372844, 9.55962584951298], [77.97184530709758, 9.558632267174326], [77.97175430609742, 9.558633045860963], [77.97175509059616, 9.558723371534647], [77.971573088506, 9.558724928854025], [77.9715738729688, 9.558815254545674], [77.97139187080678, 9.55881681177522], [77.97139108639787, 9.558726486074587], [77.97130008532584, 9.558727264644443], [77.97129930094388, 9.558636938934827], [77.97102629776373, 9.558639274491684], [77.9710255134716, 9.558548948746134], [77.97129851657989, 9.558546613216228], [77.9712961635059, 9.558275636069412], [77.97120516255065, 9.558276414576389], [77.97120437823156, 9.558186088857788], [77.97111337729429, 9.558186867337813], [77.97111416158641, 9.558277193065397], [77.97056815563933, 9.558281863505373], [77.97056737149093, 9.558191537723891], [77.97047637049076, 9.55819231604222], [77.97047480226584, 9.558011664470275], [77.97038380131059, 9.558012442743687], [77.97038223316652, 9.557831791162759], [77.97029123224719, 9.557832569400238], [77.97028966418397, 9.55765191779236], [77.97038066504939, 9.557651139572846], [77.97037752890496, 9.557289836384038], [77.97046852966258, 9.557289058164525], [77.97046696159038, 9.557108406583597], [77.97055796230308, 9.5571076283551], [77.9705571782535, 9.557017302573618], [77.97064817893028, 9.557016524327155], [77.97064739486272, 9.556926198554656], [77.97073839551254, 9.55692542029921], [77.97073761142703, 9.556835094526713], [77.97082861204092, 9.5568343162533], [77.97082704385193, 9.55665366472627], [77.97091804441192, 9.556652886443874], [77.97091726030844, 9.556562560680359], [77.9710082608325, 9.556561782379998], [77.97100747671105, 9.556471456634448], [77.97091647620496, 9.556472234925828], [77.97091569211945, 9.556381909171295], [77.97082469163132, 9.556382687426742], [77.97082390757276, 9.556292361663226], [77.9707329071026, 9.556293139891723], [77.97073133905734, 9.556112488346727], [77.97054933819787, 9.556114044704907], [77.9705501221666, 9.556204370486387], [77.97045912169645, 9.55620514864302], [77.9704599056562, 9.556295474433483], [77.970277904644, 9.556297030683865], [77.97027868855885, 9.556387356492296], [77.97018768801682, 9.556388134586046], [77.97018690412894, 9.556297808768631], [77.9698229019878, 9.556300920874136], [77.96982368578584, 9.556391246727483], [77.96973268520789, 9.55639202470445], [77.96973425277704, 9.556572676411143], [77.96937025019572, 9.556575788139355], [77.96937103389496, 9.556666114019652], [77.96918903250548, 9.556667669757994], [77.96918589795108, 9.556306366155962], [77.96927689854701, 9.556305588331705], [77.96927611491064, 9.556215262433444], [77.96936711547963, 9.556214484591223], [77.96936633181632, 9.556124158710926], [77.96945733234936, 9.556123380850739], [77.96945654867707, 9.556033054970444], [77.96954754918316, 9.556032277092289], [77.96954676549291, 9.555941951220976], [77.96972876643322, 9.555940395419752], [77.96972798269806, 9.555850069557422], [77.96981898313228, 9.55584929162537], [77.96981819938813, 9.555758965781006], [77.97000020018471, 9.555757409863002], [77.96999941639565, 9.555667084018639], [77.97009041675801, 9.555666306032686], [77.97008728158377, 9.555305002709131], [77.97017828184731, 9.555304224732163], [77.97017593047113, 9.555033247252972], [77.97026693065382, 9.555032469276004], [77.97026614685576, 9.554942143449606], [77.97035714700253, 9.554941365454672], [77.97035636318651, 9.554851039646241], [77.97044736330633, 9.554850261624356], [77.97044657947235, 9.554759935824908], [77.97053757956522, 9.554759157794042], [77.97053601187928, 9.554578506195146], [77.97044501184031, 9.554579284208048], [77.97044422803327, 9.5544889584086], [77.97026222798229, 9.554490514353555], [77.97026301174441, 9.554580840170967], [77.96999001153767, 9.554583173931194], [77.96999079522793, 9.554673499775557], [77.96989979512608, 9.554674277662695], [77.96990136248863, 9.554854929360404], [77.9698103623239, 9.554855707229574], [77.96981192967745, 9.555036358945252], [77.96972092945882, 9.555037136805439], [77.96972171312213, 9.555127462667768], [77.96963071286756, 9.555128240518973], [77.9696299292312, 9.55503791464766], [77.96926592824889, 9.555041025765018], [77.96926514471134, 9.554950699866755], [77.96917414446577, 9.554951477583213], [77.96917336096416, 9.554861151666984], [77.96890036026335, 9.554863484645676], [77.96889957684259, 9.55477315871148], [77.96871757638736, 9.554774713892867], [77.96871679301152, 9.554684387949688], [77.96853479257426, 9.554685943023276], [77.9685340092613, 9.554595617053149], [77.96826100861439, 9.554597949465903], [77.96826022538228, 9.554507623477809], [77.968078224963, 9.554509178281902], [77.96807744178477, 9.554418852284826], [77.96789544137447, 9.554420406981121], [77.96789622450775, 9.554510732996166], [77.96744122323494, 9.554514619350629], [77.96744200625146, 9.554604945410588], [77.96735100595198, 9.554605722615007], [77.96735178895952, 9.554696048674964], [77.9672607886241, 9.5546968258704], [77.9672615716047, 9.554787151939342], [77.96717057124233, 9.55478792911681], [77.96716978827972, 9.554697603038884], [77.96707878793532, 9.554698380180419], [77.96707643916425, 9.554427401928677], [77.96716743944576, 9.554426624805108], [77.96716587359238, 9.55424597265824], [77.96707487336477, 9.554246749763843], [77.96707565626451, 9.554337075850752], [77.96698465600096, 9.554337852938389], [77.96698387312817, 9.554247526842497], [77.96680187262804, 9.554249080936922], [77.96679952419832, 9.553978102613314], [77.96661752381496, 9.553979656572992], [77.96661595832092, 9.553799004318327], [77.96670695846768, 9.553798227365437], [77.96670539296464, 9.553617575128738], [77.9667963930575, 9.553616798175849], [77.96679326204247, 9.553255493720417], [77.96706626198869, 9.553253162789884], [77.96706547917879, 9.553162836693993], [77.96715647911894, 9.553162059678222], [77.96715569630005, 9.553071733600296], [77.96724669621325, 9.553070956566557], [77.96724356490178, 9.552709652245873], [77.96715256508739, 9.552710429252661], [77.96715178230443, 9.552620103165752], [77.96678778306485, 9.552623210914428], [77.96678700038969, 9.552532884791587], [77.96669600058428, 9.552533661663627], [77.96669521793606, 9.552443335540787], [77.96660421814863, 9.552444112376895], [77.96660500076989, 9.552534438508719], [77.96651400094652, 9.552535215335844], [77.9665132183522, 9.552444889195037], [77.96642221854681, 9.55244566598623], [77.96642143597944, 9.552355339836438], [77.96623943639558, 9.552356893328993], [77.96624021890905, 9.552447219496749], [77.96614921908568, 9.552447996216076], [77.96615000159015, 9.552538322383834], [77.96605900173084, 9.552539099094178], [77.96605978421735, 9.552629425270917], [77.96560478468727, 9.552633308472295], [77.96560713184138, 9.552904287110312], [77.96569813183544, 9.552903510498783], [77.96569891425906, 9.552993836702473], [77.96588091427411, 9.552992283380599], [77.96588013179658, 9.552901957194877], [77.96597113177268, 9.552901180511482], [77.96597269677264, 9.553081832873945], [77.96588169675164, 9.553082609575306], [77.96588560926504, 9.553534240512905], [77.96561260880678, 9.553536570590039], [77.96561339125736, 9.553626896793727], [77.96543139086502, 9.553628450070685], [77.96542982606267, 9.553447797627374], [77.96533882589794, 9.553448574211954], [77.9653380435372, 9.553358247981315], [77.96542904366599, 9.553357471405718], [77.96542826128729, 9.553267145175079], [77.96533726117646, 9.553267921750676], [77.9653356964819, 9.553087269280415], [77.96506269623924, 9.55308959881856], [77.96506191397731, 9.552999272560971], [77.9649709139024, 9.553000049010803], [77.96496934944143, 9.552819396486644], [77.96478734937247, 9.552820949296477], [77.96478813155356, 9.552911275572033], [77.96469713147866, 9.552912051949999], [77.96469791364177, 9.553002378243521], [77.96460691353992, 9.553003154603521], [77.9646084778392, 9.553183807190564], [77.96451747767448, 9.553184583541581], [77.96451825981065, 9.553274909844086], [77.96442725962795, 9.553275686177138], [77.96442804174616, 9.553366012488624], [77.96433704151855, 9.55336678880371], [77.96433860573698, 9.553547441435668], [77.96415660517395, 9.55354899403889], [77.96415816932951, 9.553729646688813], [77.96424916965594, 9.553728870391694], [77.96425073389234, 9.553909523032635], [77.9640687331227, 9.553911075635856], [77.96406716898511, 9.553730422967966], [77.96397616864073, 9.55373119922017], [77.96397538660337, 9.553640872881733], [77.96370238558815, 9.553643201476646], [77.96370316754465, 9.553733527842033], [77.96361216716433, 9.553734304004404], [77.96361294911185, 9.553824630378774], [77.96370394951913, 9.553823854207419], [77.96370473149359, 9.553914180572804], [77.96379573190985, 9.5539134043745], [77.96379807795006, 9.55418438344371], [77.96361607696483, 9.554185935858284], [77.96361529499035, 9.554095609492897], [77.96352429450222, 9.554096385655269], [77.96352507645874, 9.554186712038621], [77.9633430754196, 9.554188264309467], [77.96334385733118, 9.554278590701802], [77.96316185621122, 9.554280142900781], [77.96316263808687, 9.554370469302102], [77.96307163749094, 9.554371245374641], [77.96307241934863, 9.554461571784943], [77.96298141872576, 9.554462347839516], [77.96298298240521, 9.554643000678087], [77.9628009810337, 9.554644552751302], [77.9628001992389, 9.554554226314051], [77.9627091985711, 9.554555002305744], [77.96270841680325, 9.554464675859508], [77.96261741614444, 9.554465451815268], [77.96261663441251, 9.554375125369033], [77.96252563377168, 9.554375901297844], [77.96252719719959, 9.554556554208279], [77.96261819788535, 9.554555778270485], [77.96262054316198, 9.554826757618173], [77.96271154391061, 9.55482598162648], [77.96271232570543, 9.554916308063731], [77.96280332647203, 9.55491553204509], [77.96280254465925, 9.554825205616822], [77.96289354538992, 9.554824429580215], [77.9628927635502, 9.554734103151947], [77.96298376425392, 9.554733327097372], [77.96298610986292, 9.555004306355228], [77.96289510908734, 9.555005082427767], [77.96289589094502, 9.555095408856037], [77.96298689174756, 9.555094632774512], [77.96298767364118, 9.555184959193799], [77.9630786744527, 9.555184183076342], [77.96307945638226, 9.555274509486644], [77.96317045721175, 9.555273733342238], [77.96317436706613, 9.55572536533985], [77.9630833661109, 9.555726141520188], [77.96308727603714, 9.556177773544748], [77.96299627496512, 9.556178549743052], [77.962997838941, 9.556359202554674], [77.9628158366622, 9.556360754906366], [77.96281661860972, 9.556451081334634], [77.96272561743888, 9.55645185747904], [77.96272639937742, 9.556542183907307], [77.96245339573014, 9.556544512232726], [77.96245417760579, 9.556634838678962], [77.96218117382377, 9.55663716680675], [77.96217961023414, 9.556456513860383], [77.96208860900042, 9.556457289834109], [77.96208704549166, 9.556276636869773], [77.96217804667148, 9.556275860905032], [77.96217335617213, 9.555733902029994], [77.96190035303688, 9.55573622971761], [77.9618995713858, 9.555645903217476], [77.9618085703497, 9.555646679056453], [77.96180622551326, 9.555375699520122], [77.96171522454004, 9.555376475323166], [77.96171366139959, 9.555195822277984], [77.96180466232788, 9.555195046501888], [77.96180388074866, 9.555104719983788], [77.96189488164103, 9.555103944189725], [77.96189410004385, 9.555013617680608], [77.96198510090029, 9.55501284186858], [77.96198431929413, 9.554922515368446], [77.96189331845565, 9.554923291171493], [77.96188941062248, 9.554471658625909], [77.96152540767285, 9.5544747614608], [77.96152618913527, 9.554565088005848], [77.96134418756614, 9.55456663929753], [77.96134262475806, 9.554385986180481], [77.9614336254977, 9.554385210566082], [77.96143206267166, 9.554204557467001], [77.96125006128219, 9.554206108650883], [77.9612508426458, 9.5542964352139], [77.96115984190615, 9.554297210774399], [77.9611606232518, 9.554387537346399], [77.96106962249418, 9.554388312897915], [77.96107118514955, 9.554568966050896], [77.96116218596107, 9.554568190490395], [77.96116296733366, 9.554658517062395], [77.9610719664952, 9.554659292631879], [77.96107665471284, 9.555201252072854], [77.96116765569504, 9.555200476458454], [77.96116843711255, 9.555290803030452], [77.96107743611239, 9.555291578653835], [77.96107978035596, 9.555562558369832], [77.96098877926596, 9.555563333984232], [77.96099034208302, 9.555743987146196], [77.96080833980422, 9.55574553833906], [77.96080755844059, 9.555655211749096], [77.96062555617077, 9.555656762834165], [77.96062399356032, 9.555476109618303], [77.96044199136236, 9.55547766058659], [77.96044042887767, 9.555297007334794], [77.9602584267426, 9.555298558177318], [77.96025764556762, 9.555208231533454], [77.9604396476488, 9.555206680708896], [77.96043886642892, 9.555116354083], [77.96052986743807, 9.555115578648262], [77.96053142994072, 9.55529623188209], [77.960804433058, 9.55529390537127], [77.96080521439467, 9.555384231970217], [77.96089621543975, 9.555383456409718], [77.9608954340851, 9.555293129819752], [77.96098643510324, 9.555292354250268], [77.96098409100341, 9.555021374507323], [77.96089309005714, 9.555022150058841], [77.96089230873844, 9.554931823468875], [77.96080130780116, 9.55493259898446], [77.9608005265094, 9.554842272394495], [77.96061852467976, 9.554843823344816], [77.96061774343292, 9.554753496727901], [77.96052674253157, 9.554754272162638], [77.96052518012773, 9.554573618919825], [77.96043417926231, 9.55457439431863], [77.96043496043728, 9.554664720944528], [77.96025295863458, 9.554666271688236], [77.96025452091266, 9.55484692496698], [77.96007251898419, 9.554848475638824], [77.9600733000873, 9.554938802300654], [77.95998229908713, 9.554939577600644], [77.95998308017228, 9.555029904271457], [77.95989207914516, 9.555030679562464], [77.95989364129747, 9.55521133290409], [77.95980264020747, 9.555212108186113], [77.95980342126566, 9.555302434856927], [77.95971242014872, 9.555303210120982], [77.95971085808624, 9.555122556752407], [77.95961985700522, 9.55512333198053], [77.95961907600991, 9.555033005291751], [77.95971007706399, 9.55503223007261], [77.95970929604172, 9.55494190338383], [77.95989129807799, 9.554940352882667], [77.95989051702878, 9.554850026211852], [77.95998151801098, 9.554849250938814], [77.95997995587663, 9.55466859760617], [77.96016195772425, 9.554667047015174], [77.96016117662114, 9.554576720362327], [77.96034317838792, 9.554575169690484], [77.96034239723988, 9.554484843055603], [77.9605243989348, 9.554483292302912], [77.96052361775084, 9.554392965677014], [77.96070561936489, 9.554391414843474], [77.96070483813602, 9.554301088235542], [77.96097784042685, 9.554298761832518], [77.96097705913509, 9.554208435251537], [77.96106805985679, 9.554207659735951], [77.96106727855604, 9.554117333163953], [77.96124927992756, 9.554115782087868], [77.9612484985819, 9.554025455524853], [77.96133949924071, 9.554024679955369], [77.96133871787708, 9.553934353401337], [77.96142971849996, 9.553933577813886], [77.96142893711837, 9.553843251268837], [77.96151993770532, 9.553842475672404], [77.96151915631475, 9.553752149127355], [77.96179215795878, 9.553749822212291], [77.96179137650533, 9.553659495694191], [77.96188237701143, 9.553658720016909], [77.96188159554002, 9.553568393498809], [77.96206359648932, 9.553566842090348], [77.96206125197625, 9.553295862580963]], [[77.96206125197625, 9.553295862580963], [77.96206047048688, 9.55320553608083], [77.96196947010655, 9.553206311767095], [77.9619686886531, 9.553115985257978], [77.9622416896773, 9.553113658145286], [77.96224090816096, 9.553023331654135], [77.96242290875992, 9.553021780146858], [77.9624221271897, 9.552931453673674], [77.96251312746222, 9.552930677888595], [77.96251234588301, 9.552840351424393], [77.96260334611063, 9.552839575621348], [77.96260256451345, 9.552749249157147], [77.96278456491477, 9.55274769750614], [77.96278534655687, 9.552838023952376], [77.96305834715886, 9.55283569626476], [77.96306069234565, 9.553106675531598], [77.96287869180958, 9.553108227389218], [77.96287947350558, 9.55319855382647], [77.96260647257121, 9.553200881460185], [77.96260725420431, 9.553291207915404], [77.96224325274589, 9.553294311118602], [77.9622424712116, 9.553203984636436], [77.96215147084924, 9.553204760367617], [77.96215225236557, 9.55329508686775], [77.96206125197625, 9.553295862580963]], [[77.97692632811169, 9.546393930210227], [77.97701732543774, 9.546393151164263], [77.9770181103048, 9.546483476469637], [77.97692711295178, 9.546484255524584], [77.97692632811169, 9.546393930210227]], [[77.96152071910487, 9.553932802217453], [77.96170272031468, 9.553931250934754], [77.96170428323056, 9.554111903988922], [77.96152228193091, 9.554113455298568], [77.96152071910487, 9.553932802217453]], [[77.9620745384905, 9.554831413047301], [77.9622565400776, 9.554829861333412], [77.96225575840856, 9.554739534851244], [77.96243775991482, 9.554737983056507], [77.96243697820984, 9.554647656592307], [77.96252797892254, 9.554646880663496], [77.962531887672, 9.555098512948568], [77.96244088683353, 9.555099288904326], [77.96244245033333, 9.55527994183273], [77.96235144944096, 9.555280717788488], [77.96235223118187, 9.55537104425269], [77.96226123025356, 9.555371820190482], [77.96225966683463, 9.555191167235131], [77.96216866595124, 9.555191943136991], [77.96216710260417, 9.555011290172658], [77.96207610175672, 9.555012066029601], [77.9620745384905, 9.554831413047301]], [[77.96225341344633, 9.554468555413726], [77.96234441413209, 9.554467779547798], [77.96234519580113, 9.554558106020982], [77.96225419508843, 9.554558881895893], [77.96225341344633, 9.554468555413726]], [[77.96226826604752, 9.556184758449138], [77.96235926719142, 9.55618398243948], [77.96235848537864, 9.55609365597528], [77.9624494864866, 9.556092879956639], [77.96244870466484, 9.55600255350142], [77.96253970574585, 9.556001777464813], [77.96254048759457, 9.556092103911048], [77.96263148868456, 9.556091327838507], [77.96263305245384, 9.556271980721993], [77.96254205130994, 9.556272756803516], [77.9625428331856, 9.556363083249751], [77.96226982964612, 9.556365411386524], [77.96226826604752, 9.556184758449138]], [[77.96244401386905, 9.555460594752148], [77.96253501480632, 9.555459818760456], [77.96253657842288, 9.555640471661908], [77.96244557744069, 9.555641247671566], [77.96244401386905, 9.555460594752148]], [[77.96262679755638, 9.555549369188048], [77.96271779850265, 9.555548593142458], [77.96271623480523, 9.555367940267955], [77.9628072356976, 9.555367164204398], [77.9628064538399, 9.55527683777613], [77.96289745469635, 9.555276061703589], [77.96290136418243, 9.555727693808999], [77.962719362227, 9.555729246007978], [77.96271858036033, 9.555638919570727], [77.9626275793961, 9.5556396956253], [77.96262679755638, 9.555549369188048]], [[77.96324582007894, 9.553466429198407], [77.96333682041434, 9.553465653152815], [77.96333760226305, 9.553555979554135], [77.96342860261643, 9.553555203481594], [77.96342938450107, 9.553645529864946], [77.96324738373143, 9.553647082001044], [77.96324582007894, 9.553466429198407]], [[77.96496622062726, 9.552458091411374], [77.96505722054944, 9.552457315006457], [77.9650564383414, 9.552366988739886], [77.96514743823664, 9.552366212317002], [77.96514822047163, 9.552456538565608], [77.96523922038483, 9.552455762106792], [77.96524000264677, 9.552546088355397], [77.96514900271559, 9.552546864823196], [77.96514978495956, 9.5526371910718], [77.96496778501637, 9.5526387439535], [77.96496622062726, 9.552458091411374]], [[77.96533100257794, 9.552545311869633], [77.96551300241332, 9.552543758817253], [77.96551534946862, 9.55281473748222], [77.96533334949848, 9.552816290579514], [77.96533100257794, 9.552545311869633]], [[77.97074858926202, 9.558099655260838], [77.97083959021727, 9.558098876879628], [77.97083880600599, 9.558008551125095], [77.9709298069253, 9.558007772734902], [77.97093137539277, 9.558188424226], [77.97074937345532, 9.558189981024352], [77.97074858926202, 9.558099655260838]], [[77.97099257986785, 9.554755267280377], [77.97117457994578, 9.554753710913214], [77.97117614799105, 9.554934362404312], [77.97099414783226, 9.554935918798424], [77.97099257986785, 9.554755267280377]], [[77.977884204978, 9.551895977260886], [77.97797520368746, 9.551895197514236], [77.97797598926418, 9.551985522711814], [77.97806698798261, 9.551984742938213], [77.97806855920791, 9.552165393324383], [77.97788656165424, 9.552166952880565], [77.977884204978, 9.551895977260886]], [[77.97720088989581, 9.546572243575286], [77.97710989254281, 9.546573022684132], [77.97710910764881, 9.546482697387741], [77.97720010497487, 9.546481918278895], [77.97720088989581, 9.546572243575286]], [[77.97729267219671, 9.546661789717916], [77.97720167482575, 9.546662568862693], [77.97720088989581, 9.546572243575286], [77.97729188724882, 9.546571464439491], [77.97729267219671, 9.546661789717916]]]]}, "id": "+2666+4344", "properties": {"count": 15211, "water": 1}}, {"type": "Feature", "geometry": {"geodesic": false, "type": "Polygon", "coordinates": [[[77.97839871879397, 9.537799787969885], [77.97848971372153, 9.537799009229348], [77.97848892919583, 9.537708683995838], [77.97857992408746, 9.537707905237335], [77.97858070863111, 9.537798230461862], [77.9787626984413, 9.537796672864006], [77.9787681908218, 9.53842894930094], [77.97849520558998, 9.538431285827977], [77.97849285188715, 9.538160310145416], [77.97840185686078, 9.538161088912902], [77.97839871879397, 9.537799787969885]]]}, "id": "+2704+4432", "properties": {"count": 26, "water": 1}}, {"type": "Feature", "geometry": {"geodesic": false, "type": "Polygon", "coordinates": [[[77.99211839746044, 9.503988664345634], [77.99239135193395, 9.503986325536875], [77.99239213727711, 9.504076649791221], [77.99248312211658, 9.504075870134402], [77.99248390748669, 9.504166194379765], [77.99284784684457, 9.504163075482998], [77.99284863232248, 9.50425339970141], [77.99293961716195, 9.504252619909844], [77.9929404026668, 9.504342944119273], [77.99303138753322, 9.504342164300759], [77.993032173074, 9.504432488492222], [77.99294118818962, 9.504433268328704], [77.99294354478502, 9.504704240939025], [77.99303452974127, 9.50470346109356], [77.993035315309, 9.504793785285024], [77.99312630028322, 9.504793005403627], [77.99312787149056, 9.50497365377757], [77.99330984150187, 9.504972093915962], [77.99331062716843, 9.505062418089459], [77.99340161218755, 9.505061638109247], [77.99340475503341, 9.505422934767301], [77.99331376991546, 9.505423714774462], [77.99331298422196, 9.505333390600967], [77.99322199912199, 9.505334170572194], [77.99322121345543, 9.505243846398697], [77.99313022837342, 9.505244626342977], [77.99312865711218, 9.505063977969034], [77.99303767207508, 9.50506475787738], [77.9930368864804, 9.504974433676933], [77.99285491642416, 9.504975993403795], [77.99285334535158, 9.504795344975953], [77.9927623603594, 9.504796124794469], [77.99276157485454, 9.504705800576055], [77.99267058988032, 9.504706580349655], [77.99266901895147, 9.504525931894863], [77.99257803401318, 9.504526711641512], [77.99257724858019, 9.504436387405134], [77.99248626365987, 9.504437167115851], [77.99248547826282, 9.504346842870488], [77.99239449336046, 9.504347622545273], [77.99239370799036, 9.504257298299912], [77.99221173820362, 9.504258857568631], [77.99221016758918, 9.504078209032992], [77.99211918273174, 9.504078988617945], [77.99211839746044, 9.503988664345634]]]}, "id": "+2859+4804", "properties": {"count": 56, "water": 1}}, {"type": "Feature", "geometry": {"geodesic": false, "type": "Polygon", "coordinates": [[[77.99795208248158, 9.660571290306166], [77.99804310854473, 9.660570496473932], [77.99804230852311, 9.660480173495193], [77.99813333455035, 9.660479379644995], [77.99813413459891, 9.66056970261475], [77.99831618668033, 9.660568114815534], [77.9983169867828, 9.660658437767323], [77.99840801283698, 9.66065764382729], [77.99840881297538, 9.660747966770096], [77.99849983904753, 9.660747172794132], [77.99850063921288, 9.660837495727954], [77.99868269137514, 9.660835907695178], [77.99868349160337, 9.660926230611034], [77.99895656986472, 9.660923848359749], [77.99895576956462, 9.66083352546186], [77.99904679560981, 9.660832731342165], [77.99904599530072, 9.66074240845326], [77.99941009931082, 9.660739231749902], [77.99941170013561, 9.660919877464833], [77.99959375219905, 9.660918288929], [77.99959455266983, 9.66100861177299], [77.99977660474225, 9.661007023138342], [77.99977580421758, 9.660916700312319], [77.99986683021785, 9.660915905959063], [77.99986522915052, 9.660735260324982], [78.00004728102532, 9.660733671582536], [78.00004648045572, 9.660643348774478], [78.00031955814214, 9.66064096551708], [78.00031875750966, 9.660550642735972], [78.00040978336621, 9.660549848265935], [78.00041058402564, 9.660640171047042], [78.00050160990016, 9.660639376550057], [78.00050481271754, 9.66100066762059], [78.00032276077089, 9.661002256641513], [78.00032356144827, 9.661092579422622], [78.00014150942077, 9.661094168362697], [78.00014231006223, 9.661184491161771], [78.00005128400805, 9.661185285604859], [78.00005208463155, 9.661275608403933], [77.99987003246031, 9.66127719723621], [77.99987163362646, 9.661457842870291], [77.99978060748245, 9.66145863725948], [77.99978140805204, 9.661548960085504], [77.99959935569217, 9.661550548809982], [77.99960015621684, 9.661640871653972], [77.99941810377611, 9.661642460297603], [77.9994197047626, 9.66182310600355], [77.99932867848383, 9.661823900302908], [77.9993294789636, 9.661914223164864], [77.99923845264891, 9.66191501745524], [77.99923925311072, 9.662005340317195], [77.99905720041845, 9.662006928835062], [77.99905800084433, 9.662097251714984], [77.99887594806223, 9.662098840152003], [77.99887674844318, 9.662189163049892], [77.9987857220207, 9.662189957232469], [77.99878652238368, 9.66228028013934], [77.99860446946684, 9.662281868459578], [77.9986052697939, 9.662372191375432], [77.99851424329056, 9.662372985513095], [77.99851504359964, 9.662463308437932], [77.99833299053907, 9.662464896641389], [77.99833379080324, 9.662555219584194], [77.99815173766183, 9.662556807706801], [77.99815093744257, 9.662466484755013], [77.99824196399082, 9.662465690707183], [77.99823956330611, 9.662194721869787], [77.99833058977352, 9.662193927821956], [77.99833139001971, 9.662284250764761], [77.99851344299046, 9.662282662588256], [77.99851184240822, 9.662102016738578], [77.99814773662844, 9.662105192938878], [77.99814133539542, 9.661382609270673], [77.99805030912565, 9.661383403201722], [77.99804950902318, 9.661293080231967], [77.99795848277137, 9.661293874136065], [77.99795208248158, 9.660571290306166]], [[77.9984160145624, 9.661560873210425], [77.99850704085014, 9.66156007917158], [77.99850784108736, 9.661650402105401], [77.99841681478165, 9.66165119615323], [77.9984160145624, 9.661560873210425]], [[77.99868589232402, 9.6611971993586], [77.99877691849498, 9.661196405274838], [77.99877851906824, 9.661377051097567], [77.99868749285235, 9.66137784519031], [77.99868589232402, 9.6611971993586]], [[77.998959771137, 9.661285139933339], [77.99905079729898, 9.66128434576873], [77.99905239803392, 9.661464991537558], [77.99896137181805, 9.661465785720134], [77.998959771137, 9.661285139933339]]]}, "id": "+2907+3071", "properties": {"count": 300, "water": 1}}, {"type": "Feature", "geometry": {"geodesic": false, "type": "Polygon", "coordinates": [[[77.99742782044459, 9.590841001551835], [77.99751882788567, 9.590840213522718], [77.99751803388276, 9.590749890148722], [77.99760904128792, 9.590749102101638], [77.99760824726702, 9.590658778727642], [77.99788126937469, 9.590656414478595], [77.99788365167089, 9.590927384528719], [77.99779264423879, 9.59092817265665], [77.99779423242428, 9.59110881936871], [77.99770322493828, 9.591109607496643], [77.99770481311478, 9.591290254217684], [77.99752279801702, 9.59129183041965], [77.99752200397818, 9.591201507036669], [77.99743099643827, 9.591202295092735], [77.99742782044459, 9.590841001551835]]]}, "id": "+2911+3844", "properties": {"count": 25, "water": 1}}, {"type": "Feature", "geometry": {"geodesic": false, "type": "MultiPolygon", "coordinates": [[[[77.99856132320409, 9.512424466812103], [77.99856368624938, 9.512695437904272], [77.99838171303108, 9.512697001763383], [77.99838092538823, 9.512606678048028], [77.99847191197942, 9.512605896136439], [77.99847033667578, 9.512425248732676], [77.99856132320409, 9.512424466812103]]], [[[77.99856132320409, 9.512424466812103], [77.99856053554328, 9.512334143114712], [77.99846954903293, 9.512334925026302], [77.99846876139908, 9.512244601310947], [77.99828678840535, 9.512246165053277], [77.99828600083437, 9.512155841328937], [77.99819501435098, 9.512156623150696], [77.99819343926293, 9.511975975693034], [77.99810245281547, 9.511976757478859], [77.99810009032713, 9.511705786260926], [77.99819107669373, 9.511705004493066], [77.99819028918564, 9.511614680759745], [77.99837226186496, 9.51161311717911], [77.99837147432093, 9.511522793463755], [77.99855344691042, 9.511521229802272], [77.99855265932148, 9.5114309060959], [77.99891660432976, 9.511427778521405], [77.99891739200855, 9.511518102191847], [77.99900837825837, 9.511517320226357], [77.99900995369677, 9.511697967558256], [77.99910093999151, 9.511697185565817], [77.99910172774214, 9.51178750921829], [77.99919271405486, 9.51178672718992], [77.99919350184143, 9.511877050833412], [77.99901152916212, 9.511878614890152], [77.99901231690377, 9.51196893855161], [77.99883034415258, 9.511970502527502], [77.99883113185831, 9.512060826206927], [77.99874014544679, 9.512061608163432], [77.99874172083128, 9.512242255531262], [77.99865073435687, 9.512243037487767], [77.99865230973239, 9.512423684864581], [77.99856132320409, 9.512424466812103]]]]}, "id": "+2930+4721", "properties": {"count": 78, "water": 1}}, {"type": "Feature", "geometry": {"geodesic": false, "type": "Polygon", "coordinates": [[[77.9984283497877, 9.559668403211043], [77.99861034788935, 9.55966683168032], [77.99860955623103, 9.559576508234459], [77.99879155426082, 9.559574936622885], [77.99879076255759, 9.559484613186008], [77.9990637594675, 9.559482255620427], [77.99906296770139, 9.559391932201514], [77.99915396663543, 9.559391146310388], [77.99915475842849, 9.559481469711333], [77.99924575737151, 9.559480683784274], [77.9992449655605, 9.559390360383329], [77.99960896117088, 9.559387216468481], [77.99961212885515, 9.559748509937517], [77.99952112986722, 9.559749295981357], [77.99952192178604, 9.559839619355353], [77.99943092277115, 9.55984040539021], [77.999431714672, 9.559930728773189], [77.99897671933705, 9.559934658597129], [77.99897592755298, 9.559844335178218], [77.99888492848419, 9.559845121060361], [77.99888413673605, 9.55975479764145], [77.99861113956563, 9.559757155135165], [77.9986119312419, 9.559847478581027], [77.99852093214616, 9.559848264373338], [77.99852014048786, 9.559757940918493], [77.99842914141009, 9.559758726674872], [77.9984283497877, 9.559668403211043]]]}, "id": "+2933+4190", "properties": {"count": 51, "water": 1}}, {"type": "Feature", "geometry": {"geodesic": false, "type": "Polygon", "coordinates": [[[77.99817493686065, 9.520286539201791], [77.9982659255, 9.52028575671528], [77.99826434901057, 9.520105109356432], [77.998537314722, 9.52010276181605], [77.99853652641441, 9.520012438154593], [77.99862751495493, 9.520011655596216], [77.9986283032805, 9.520101979248691], [77.99871929183001, 9.520101196663365], [77.9987200801915, 9.520191520315839], [77.99990293092198, 9.520181344460811], [77.99990214225505, 9.520091020916135], [78.00008411912052, 9.520089455062763], [78.00008333040869, 9.51999913152707], [78.00017431881447, 9.519998348573434], [78.00017589629203, 9.520178995617872], [78.00026688472478, 9.520178212628304], [78.00026609595903, 9.520087889110577], [78.0003570843738, 9.520087106103043], [78.00035787315751, 9.520177429611786], [78.00044886158126, 9.52017664656832], [78.00045043923849, 9.52035729356784], [78.00026846228319, 9.520358859663757], [78.00026925107588, 9.5204491831725], [77.99999628551717, 9.520451532159171], [77.99999707424696, 9.520541855694864], [77.99990608568847, 9.5205426386485], [77.99990529698562, 9.520452315103823], [77.99981430844508, 9.520453098021527], [77.99981509712099, 9.520543421575185], [77.99972410854453, 9.520544204483905], [77.99972489721145, 9.520634528037565], [77.99936094273491, 9.520637659456847], [77.99936173131199, 9.52072798304644], [77.99890678792661, 9.520731896826469], [77.9989059994753, 9.520641573200944], [77.99881501080002, 9.520642355876102], [77.99881579923337, 9.52073267951061], [77.99854283308177, 9.520735027428284], [77.99854440982273, 9.520915674742216], [77.99845342104864, 9.520916457345509], [77.99845420941013, 9.521006781006966], [77.9983632206001, 9.521007563592292], [77.99836164393102, 9.52082691625141], [77.9982706551659, 9.520827698800804], [77.99826986686729, 9.52073737512138], [77.99817887811116, 9.520738157643825], [77.99817493686065, 9.520286539201791]]]}, "id": "+2943+4626", "properties": {"count": 137, "water": 1}}, {"type": "Feature", "geometry": {"geodesic": false, "type": "Polygon", "coordinates": [[[78.00322292863636, 9.514823286866857], [78.00331391539822, 9.514822503517964], [78.00331233718403, 9.514641856931668], [78.00367628397997, 9.514638723347446], [78.00367549479203, 9.514548400090229], [78.0037664814461, 9.51454761664252], [78.00376805989386, 9.514728263147969], [78.00367707318588, 9.514729046613644], [78.0036778623918, 9.514819369870859], [78.00376884912671, 9.514818586396201], [78.00377042761039, 9.514999232901648], [78.00367944083955, 9.515000016394273], [78.0036802300724, 9.515090339651488], [78.00349825644986, 9.515091906564871], [78.00349746726191, 9.51500158328969], [78.00322450684156, 9.515003933462136], [78.00322292863636, 9.514823286866857]]]}, "id": "+2983+4686", "properties": {"count": 24, "water": 1}}, {"type": "Feature", "geometry": {"geodesic": false, "type": "Polygon", "coordinates": [[[78.003409637153, 9.515363659829141], [78.00350062404962, 9.515362876381433], [78.00349983484371, 9.515272553115235], [78.00359082170439, 9.51527176964956], [78.00359003248052, 9.51518144638336], [78.003772006139, 9.515179879407096], [78.00377279540778, 9.515270202655328], [78.00395476907525, 9.515268635571264], [78.00395397976155, 9.515178312332015], [78.00404496655935, 9.515177528767525], [78.00404575590001, 9.515267851988808], [78.00413674271577, 9.515267068388386], [78.00413832147794, 9.515447714830952], [78.00404733461725, 9.51544849844934], [78.00404812398486, 9.515538821670622], [78.00386615018265, 9.5155403888535], [78.00386536085995, 9.515450065614251], [78.00341042634993, 9.515453983113307], [78.003409637153, 9.515363659829141]]]}, "id": "+2986+4679", "properties": {"count": 20, "water": 1}}, {"type": "Feature", "geometry": {"geodesic": false, "type": "Polygon", "coordinates": [[[78.00124060144076, 9.558650478252957], [78.00142259853628, 9.558648905419675], [78.0014218062222, 9.558558582198394], [78.00160380323688, 9.558557009284263], [78.00160301087789, 9.558466686071963], [78.00169400935378, 9.558465899587949], [78.00169321697682, 9.558375576384632], [78.00187521384777, 9.558374003362704], [78.00187442143488, 9.558283680177356], [78.00196541983891, 9.558282893630459], [78.00196462740804, 9.558192570454091], [78.00214662413526, 9.558190997315384], [78.00214583166847, 9.558100674148], [78.00223682999166, 9.558099887547204], [78.00223603750689, 9.558009564397786], [78.00232703580313, 9.558008777779024], [78.00232624330938, 9.557918454629608], [78.00250823983, 9.557916881347168], [78.00250744729134, 9.557826558206733], [78.0025984455157, 9.557825771534073], [78.00259765295908, 9.557735448411606], [78.00268865114752, 9.557734661720978], [78.00268785857293, 9.55764433859851], [78.00277885673441, 9.5576435518989], [78.00277806415083, 9.557553228785416], [78.00296006040195, 9.557551655323312], [78.00295926777346, 9.55746133221881], [78.00305026586308, 9.557460545465302], [78.00304947321662, 9.557370222369784], [78.003231469324, 9.557368648799883], [78.00323067664162, 9.557278325722331], [78.00341267267713, 9.5572767520626], [78.00341187994982, 9.557186429003014], [78.0035938758955, 9.557184855262435], [78.00359308313227, 9.557094532220814], [78.00377507900609, 9.557092958399386], [78.00377428619794, 9.55700263536675], [78.00386528409891, 9.557001848433577], [78.00386449128177, 9.556911525409925], [78.00395548914682, 9.556910738458786], [78.00395469631172, 9.556820415435132], [78.00404569414981, 9.556819628466027], [78.00404490128776, 9.556729305451357], [78.0041358990989, 9.55672851847327], [78.00413510622786, 9.556638195467583], [78.00422610400308, 9.556637408462546], [78.00422451823405, 9.556456762469137], [78.00431551595537, 9.556455975455117], [78.00431472305739, 9.556365652467397], [78.00440572074277, 9.556364865444392], [78.0044049278358, 9.556274542456672], [78.00449592548524, 9.556273755415702], [78.00449433963537, 9.556093109458226], [78.00458533723992, 9.556092322408274], [78.004584544306, 9.55600199943852], [78.00467554186561, 9.5560012123706], [78.00467474891373, 9.555910889409828], [78.00476574645538, 9.555910102323944], [78.00476495348552, 9.555819779363173], [78.00485595099124, 9.555818992268303], [78.00485515800342, 9.555728669316515], [78.005037152943, 9.555727095063896], [78.00503635991925, 9.555636772130073], [78.0051273573531, 9.555635984972323], [78.0051249782549, 9.555365016188823], [78.00503398089292, 9.555365803319624], [78.00503239491728, 9.555185157442999], [78.00512339222537, 9.55518437032118], [78.00512259922857, 9.555094047396341], [78.0052135965097, 9.555093260256557], [78.00521280349494, 9.555002937331718], [78.00530380074015, 9.55500215018295], [78.00530300770741, 9.554911827267095], [78.00539400492568, 9.554911040100361], [78.00539321187497, 9.554820717193488], [78.0054842090573, 9.554819930008788], [78.00548341599762, 9.554729607110898], [78.00566541029939, 9.5547280326876], [78.00566461719478, 9.554637709798694], [78.00575561430524, 9.554636922569077], [78.0057532349645, 9.554365953920325], [78.0058442320031, 9.554365166681727], [78.00584343888053, 9.554274843801803], [78.00593443588319, 9.554274056545237], [78.00593284961111, 9.55409341081234], [78.00602384655988, 9.554092623546792], [78.00602305341036, 9.554002300684836], [78.00620504723602, 9.554000726108823], [78.00620425405057, 9.55391040325585], [78.00629525092748, 9.553909615936401], [78.00629366452964, 9.553728970257405], [78.00638466135263, 9.553728182928973], [78.00638386814023, 9.553637860093966], [78.00656586171436, 9.553636285383206], [78.00656665497168, 9.553726608200247], [78.00674864855479, 9.553725033381689], [78.0067534085568, 9.554266970194101], [78.00666241162601, 9.554267757666263], [78.00666320496417, 9.554358080474321], [78.00648121102172, 9.554359655346778], [78.00648200432396, 9.554449978172801], [78.00620901328902, 9.554452340337757], [78.00620980651938, 9.554542663181747], [78.0061188094718, 9.554543450528145], [78.0061196026842, 9.554633773381118], [78.00639259388981, 9.554631411243113], [78.00639656044586, 9.555083025382215], [78.00648755761921, 9.555082237919038], [78.00648835097533, 9.555172560736079], [78.00639735378402, 9.555173348208239], [78.00639814713116, 9.555263671034263], [78.0061251554225, 9.555266033324983], [78.00612594870677, 9.555356356177956], [78.00621694596994, 9.555355568759694], [78.00622170595398, 9.555897505787703], [78.00631270336088, 9.55589671830656], [78.00631349674396, 9.555987041132584], [78.0062224993191, 9.55598782862271], [78.0062232926842, 9.556078151457717], [78.0061322952234, 9.556078938938862], [78.00613308857054, 9.556169261782852], [78.00604209108279, 9.556170049237046], [78.00604367775911, 9.556350694942994], [78.00586168266682, 9.55635226981545], [78.00586247596905, 9.556442592686391], [78.0055894831824, 9.556444954851345], [78.00559027642174, 9.55653527773127], [78.00549927879027, 9.55653606508665], [78.00550007201164, 9.556626387975555], [78.00540907435321, 9.556627175303987], [78.00540986755662, 9.556717498210858], [78.00504587672526, 9.556720647326951], [78.0050474629704, 9.556901293185613], [78.00495646519518, 9.556902080424212], [78.00495884454492, 9.557173049234661], [78.00486784668885, 9.557173836464276], [78.00487022604756, 9.557444805292691], [78.00477922811065, 9.557445592531291], [78.00478002121525, 9.557535915474096], [78.00468902325139, 9.557536702694728], [78.004689816347, 9.557627025646516], [78.00432582430292, 9.557630174313452], [78.00432820334721, 9.557901143267632], [78.00423720523963, 9.557901930398433], [78.00423799824542, 9.557992253386153], [78.00414700011986, 9.557993040498989], [78.00414620713204, 9.557902717502285], [78.00396421088992, 9.557904291647107], [78.00396500382384, 9.557994614652793], [78.00387400567132, 9.557995401702748], [78.00387638444613, 9.55826637075574], [78.0037853862038, 9.558267157796712], [78.00378617911974, 9.558357480829347], [78.00360418258117, 9.55835905485739], [78.0036049754522, 9.558449377899008], [78.00314998383628, 9.558453312582834], [78.00315156938073, 9.55863395873794], [78.00306057098568, 9.558634745617212], [78.00306136373993, 9.558725068703747], [78.00297036530895, 9.558725855574037], [78.00297115805422, 9.558816178660573], [78.00269816265347, 9.558818539136695], [78.00269895532688, 9.558908862250181], [78.0025169583122, 9.558910435802114], [78.00251775094968, 9.559000758924583], [78.00242675240192, 9.559001545669108], [78.00242754502142, 9.559091868809542], [78.00206355066867, 9.559095015581033], [78.00206434319834, 9.559185338748417], [78.00197334456973, 9.559186125394127], [78.00197255205802, 9.559095802217762], [78.00151755889699, 9.559099735033092], [78.00151676652003, 9.559009411820792], [78.00133476924485, 9.559010984761871], [78.00133239229362, 9.558740015080057], [78.0012413937189, 9.558740801492206], [78.00124060144076, 9.558650478252957]], [[78.00603098522889, 9.554905529286435], [78.00612198238427, 9.554904741931056], [78.0061235688899, 9.555085387628019], [78.00603257168063, 9.555086175001366], [78.00603098522889, 9.554905529286435]], [[78.00638783427408, 9.554089474260019], [78.00647883117793, 9.554088686877689], [78.0064796244532, 9.554179009703713], [78.00657062137502, 9.554178222294434], [78.00657141468623, 9.554268545102492], [78.00638942077973, 9.55427011992105], [78.00638783427408, 9.554089474260019]]]}, "id": "+3010+4253", "properties": {"count": 837, "water": 1}}, {"type": "Feature", "geometry": {"geodesic": false, "type": "Polygon", "coordinates": [[[78.01325269680224, 9.579231827841186], [78.013434702836, 9.579230245342032], [78.01343390559916, 9.57913992323466], [78.01361591155207, 9.579138340663642], [78.01361511427929, 9.579048018565253], [78.01379712015135, 9.579046435913385], [78.01379791746905, 9.579136757993808], [78.01388892040957, 9.579135966622959], [78.01389051512582, 9.57931661077482], [78.01370850912798, 9.579318193516519], [78.01370930644568, 9.579408515614908], [78.013527300367, 9.579410098275758], [78.01352809764876, 9.57950042038313], [78.01334609148924, 9.579502002963132], [78.01334529426137, 9.579411680846777], [78.01325429119508, 9.579412472091862], [78.01325269680224, 9.579231827841186]]]}, "id": "+3087+3971", "properties": {"count": 21, "water": 1}}, {"type": "Feature", "geometry": {"geodesic": false, "type": "Polygon", "coordinates": [[[78.01806985086195, 9.547574853147111], [78.01825183924382, 9.547573273315953], [78.01825104343528, 9.547482951442143], [78.01834203759029, 9.547482161490633], [78.01834124175481, 9.547391839625806], [78.01852323000193, 9.547390259677867], [78.01852243412155, 9.547299937831006], [78.01861342821367, 9.547299147825596], [78.01861422410305, 9.547389469672456], [78.01870521820415, 9.547388679640097], [78.01871078986994, 9.548020932496254], [78.01834681274688, 9.548024092697558], [78.01834601686649, 9.547933770823748], [78.0182550225947, 9.547934560811193], [78.01825422674126, 9.547844238937383], [78.01807223821567, 9.547845818813457], [78.01806985086195, 9.547574853147111]]]}, "id": "+3143+4322", "properties": {"count": 40, "water": 1}}, {"type": "Feature", "geometry": {"geodesic": false, "type": "Polygon", "coordinates": [[[78.01864913466517, 9.592553500896212], [78.01919517122684, 9.592548738091459], [78.01919437133996, 9.59245841653206], [78.01928537738867, 9.59245762265491], [78.01928617729351, 9.592547944205325], [78.01946818939989, 9.59254635637018], [78.01946978934433, 9.592726999444062], [78.01956079542896, 9.592726205477081], [78.0195615954326, 9.592816527009532], [78.02010763195835, 9.592811762632726], [78.02010843211472, 9.59290208412026], [78.02038145034166, 9.592899701590497], [78.02038225057889, 9.592990023051081], [78.02047325666351, 9.592989228823589], [78.02047405692768, 9.593079550275192], [78.02065606912389, 9.593077961721391], [78.02065686944196, 9.59316828316401], [78.02074787555354, 9.593167488846687], [78.0207502766425, 9.593438453129627], [78.02056826427561, 9.593440041791224], [78.02056746395753, 9.593349720348606], [78.02038545159964, 9.593351308893421], [78.02038465133546, 9.593260987432837], [78.02029364516999, 9.59326178166931], [78.02029204470453, 9.593081138730176], [78.02011003245443, 9.593082727086346], [78.02011083262876, 9.59317304857388], [78.0199288202978, 9.593174636858183], [78.01992962043622, 9.593264958354702], [78.01965660180504, 9.59326734061497], [78.0196558017385, 9.593177019091502], [78.0195647955281, 9.593177813130348], [78.01956399549749, 9.593087491597899], [78.01929097691122, 9.593089873534772], [78.01929017695248, 9.592999551975375], [78.01919917076904, 9.593000345897439], [78.01919837084623, 9.592910024338039], [78.01892535231386, 9.592912405942537], [78.01892455246292, 9.592822084356188], [78.01883354629744, 9.592822878170455], [78.01883274648243, 9.592732556575124], [78.01874174033492, 9.592733350353457], [78.01874094055583, 9.592643028758125], [78.01864993441731, 9.592643822500527], [78.01864913466517, 9.592553500896212]]]}, "id": "+3146+3822", "properties": {"count": 89, "water": 1}}, {"type": "Feature", "geometry": {"geodesic": false, "type": "Polygon", "coordinates": [[[78.01849513277496, 9.554526475019305], [78.01858612878048, 9.554525684438973], [78.01858533228027, 9.554435362628045], [78.01867632825885, 9.554434572020764], [78.01867553174964, 9.554344250218819], [78.01885752362594, 9.55434266895934], [78.01885672707182, 9.554252347175362], [78.01894772297854, 9.554251556514181], [78.01894851955063, 9.55434187829816], [78.01922150727977, 9.554339506161904], [78.01922230393271, 9.554429827918934], [78.01931329985739, 9.554429037149955], [78.019315689933, 9.554700002403075], [78.01940668592057, 9.554699211589181], [78.01940748265436, 9.554789533328243], [78.01931648663984, 9.55479032415112], [78.01931728336466, 9.554880645899166], [78.01913529127275, 9.55488222748204], [78.01913608795263, 9.55497254924805], [78.01895409578886, 9.554974130759058], [78.01895329916286, 9.55488380897508], [78.01886230309445, 9.554884599690158], [78.01886309969349, 9.554974921474138], [78.0186811074848, 9.554976502841415], [78.01867871783139, 9.55470553743558], [78.01858772178993, 9.554706328060828], [78.01858692528072, 9.554616006249901], [78.01849592924823, 9.554616796839216], [78.01849513277496, 9.554526475019305]]]}, "id": "+3146+4245", "properties": {"count": 51, "water": 1}}, {"type": "Feature", "geometry": {"geodesic": false, "type": "MultiPolygon", "coordinates": [[[[78.02636661377757, 9.600705949479412], [78.02636821876156, 9.600886591322602], [78.02627721106894, 9.600887387750968], [78.02627560613885, 9.60070674588981], [78.02636661377757, 9.600705949479412]]], [[[78.02636661377757, 9.600705949479412], [78.0263650088385, 9.60052530763622], [78.02627400123572, 9.600526104037636], [78.02627239636851, 9.600345462176477], [78.02618138881066, 9.60034625854196], [78.02617657454141, 9.599804332904588], [78.02626758195555, 9.599803536593004], [78.02626918673292, 9.599984178454163], [78.02636019418298, 9.599983382106647], [78.0263585893607, 9.599802740254471], [78.02644959675688, 9.59980194388899], [78.02645360899226, 9.600253548470018], [78.02654461649622, 9.600252752050636], [78.02654943158292, 9.600794677481396], [78.02664043923062, 9.60079388099015], [78.02664445213077, 9.60124548546338], [78.02673545989524, 9.60124468890925], [78.02673385465972, 9.601064047137925], [78.02682486236132, 9.601063250574812], [78.02682727029544, 9.601334213213836], [78.02664525473953, 9.601335806358026], [78.02664605734832, 9.601426127252672], [78.02655504953891, 9.601426923797817], [78.02655103667472, 9.600975319288654], [78.02646002897312, 9.6009761157799], [78.02645762141628, 9.600705153042064], [78.02636661377757, 9.600705949479412]], [[78.02627239636851, 9.600345462176477], [78.0262715939484, 9.6002551412459], [78.02636260147032, 9.600254344871432], [78.0263634039174, 9.60034466579303], [78.02627239636851, 9.600345462176477]]]]}, "id": "+3224+3740", "properties": {"count": 42, "water": 1}}]}