{"type": "FeatureCollection", "columns": {"count": "Long<0, 4294967295>", "system:index": "String", "water": "Byte<0, 1>"}, "features": [{"type": "Feature", "geometry": {"geodesic": false, "type": "Polygon", "coordinates": [[[77.72643136357952, 8.75569733134186], [77.72652218004777, 8.755696676380186], [77.72652283841406, 8.755787025410067], [77.72679528783674, 8.755785060390298], [77.72679594627489, 8.755875409402213], [77.7268867627611, 8.755874754341725], [77.72688742121721, 8.755965103344655], [77.72706905421657, 8.755963793151814], [77.72706971272659, 8.75605414213678], [77.72734216223013, 8.75605217665887], [77.72734282081201, 8.756142525625869], [77.72779690327897, 8.75613924936223], [77.72779756198662, 8.756229598293295], [77.72788837848181, 8.756228942972296], [77.72788903720742, 8.756319291894378], [77.72807067022474, 8.756317981162548], [77.72807132900425, 8.756408330075647], [77.72816214551742, 8.7564076746738], [77.72816280433285, 8.756498023577917], [77.72825362086398, 8.75649736814912], [77.72825427970638, 8.756587717044253], [77.72834509624649, 8.756587061579522], [77.72834575511582, 8.756677410474655], [77.72843657168288, 8.756676754982976], [77.72843723057917, 8.756767103869127], [77.72852804715521, 8.756766448350497], [77.72852936501069, 8.756947146095849], [77.72862018163163, 8.756946490541287], [77.72862215853611, 8.75721753714584], [77.72880379187683, 8.757216225928918], [77.72880510993892, 8.757396923638337], [77.72889592664072, 8.75739626798496], [77.7288965856987, 8.757486616826196], [77.72898740241848, 8.75748596114587], [77.7289880615124, 8.75757630997812], [77.72907887824115, 8.757575654270845], [77.72908019649188, 8.757756351926364], [77.72917101325656, 8.757755696183157], [77.7291736499287, 8.758117091467247], [77.72926446677424, 8.75811643567014], [77.72926644442431, 8.758387482112996], [77.72935726132374, 8.758386826270973], [77.72935792057936, 8.758477175076274], [77.72944873749677, 8.758476519216286], [77.72945071536245, 8.758747565605242], [77.72935989837318, 8.758748221492182], [77.72936121693832, 8.758928919102784], [77.72927039990414, 8.75892957498074], [77.72927105916874, 8.759019923786042], [77.7286353395612, 8.759024514383757], [77.72863468044032, 8.758934165524556], [77.72881631460749, 8.758932854047123], [77.72881499630286, 8.758752156364654], [77.72899663035325, 8.75875084482434], [77.72899399366314, 8.758389449495333], [77.72881235978343, 8.758390760981749], [77.72881170067154, 8.75830041213153], [77.7286300668098, 8.758301723510149], [77.72862940775181, 8.758211374650948], [77.72853859083442, 8.758212030304325], [77.72853727277233, 8.758031332558973], [77.72880972338079, 8.758029365589861], [77.72880774614393, 8.757758319039208], [77.7287169293523, 8.757758974701567], [77.72871561127225, 8.757578276983166], [77.72853397775187, 8.75757958820907], [77.72853331876574, 8.757489239340886], [77.72844250201902, 8.757489894913414], [77.72844052517743, 8.75721884827293], [77.72834970848461, 8.757219503809525], [77.72834904957035, 8.757129154914391], [77.7282582328955, 8.757129810424036], [77.72825757400818, 8.757039461528903], [77.72816675734232, 8.757040117002617], [77.72816609849095, 8.7569497680985], [77.72807528184303, 8.756950423545264], [77.7280746230186, 8.756860074632163], [77.72789298974975, 8.756861385444843], [77.72789233097023, 8.75677103652276], [77.72780151434928, 8.756771691888677], [77.72780085560571, 8.75668134295761], [77.72752840575183, 8.756683308902643], [77.72752774708012, 8.756592959953611], [77.72743693046814, 8.75659361522071], [77.72743758911291, 8.756683964178727], [77.72725595583508, 8.756685274659029], [77.72725529722624, 8.756594925683048], [77.72698284730949, 8.75659689122384], [77.72698218877251, 8.756506542229891], [77.72689137214257, 8.756507197362245], [77.72689071364154, 8.756416848359313], [77.7267998970206, 8.756417503455733], [77.7267992385465, 8.756327154452803], [77.72661760534054, 8.756328464573778], [77.72661694691136, 8.756238115543898], [77.72643531372336, 8.75623942556606], [77.72643136357952, 8.75569733134186]], [[77.72899728954599, 8.75884119365659], [77.72908810658016, 8.7588405378505], [77.72908876579986, 8.758930886673769], [77.7289979487477, 8.758931542488842], [77.72899728954599, 8.75884119365659]]]}, "id": "+0+3108", "properties": {"count": 242, "water": 1}}, {"type": "Feature", "geometry": {"geodesic": false, "type": "MultiPolygon", "coordinates": [[[[77.72787399290576, 8.70427562511406], [77.7280556007433, 8.704274322116722], [77.72805494595231, 8.704183972961077], [77.72823655372699, 8.704182669891877], [77.72823589889107, 8.704092320745215], [77.72832670274697, 8.704091669179173], [77.72832539306616, 8.703910970894832], [77.72823458925518, 8.703911622442908], [77.72823327963727, 8.703730924149584], [77.72814247586223, 8.703731575652744], [77.7281418210892, 8.7036412264971], [77.72832342858538, 8.703639923472814], [77.72832277377643, 8.703549574326152], [77.72850438120075, 8.703548271221017], [77.72850372635585, 8.703457922092321], [77.72895774469208, 8.703454663992618], [77.72895905460645, 8.703635362187127], [77.72904985830064, 8.703634710486337], [77.72905182329346, 8.703905757746659], [77.72914262704155, 8.703905106009937], [77.72914393711761, 8.704085804168514], [77.72923474090165, 8.704085152386877], [77.72923605104957, 8.70426585053647], [77.72932685486953, 8.704265198727883], [77.72932816508933, 8.704445896850526], [77.72923736123343, 8.70444654867708], [77.72923932654965, 8.704717595883503], [77.7293301304774, 8.704716944038983], [77.72932947534504, 8.704626594982154], [77.72960188702052, 8.704624639331813], [77.72960254222474, 8.704714988370677], [77.72969334612554, 8.70471433644531], [77.72969400134774, 8.70480468547519], [77.72960319742896, 8.704805337418525], [77.72960385264216, 8.70489568645739], [77.72951304869643, 8.704896338382756], [77.72951370389167, 8.704986687430603], [77.72933209592836, 8.70498799122744], [77.72933144076906, 8.704897642161628], [77.72914983281473, 8.70489894585965], [77.72915048792912, 8.704989294934446], [77.72896887990292, 8.704990598560604], [77.72896953498137, 8.705080947653366], [77.72878792688331, 8.705082251198675], [77.72878858192584, 8.705172600300422], [77.72869777784537, 8.70517325205511], [77.72869843286992, 8.70526360116584], [77.72824441226095, 8.705266859624869], [77.72824375734419, 8.705176510478207], [77.72806214909342, 8.705177813700121], [77.72806280396526, 8.705268162855766], [77.72769958729303, 8.705270769066036], [77.72770024208403, 8.70536111824863], [77.72751863366257, 8.705362421236984], [77.72751797890751, 8.705272072036422], [77.72679154510492, 8.705277283073555], [77.7267908905385, 8.705186933819094], [77.72633686929173, 8.705190189978438], [77.72633621484209, 8.705099840688046], [77.72615460633979, 8.705101142993678], [77.72615395193507, 8.70501079368532], [77.72606314769291, 8.705011444802205], [77.72604482789117, 8.702481663988502], [77.7261356315225, 8.702481013069248], [77.72613693993667, 8.70266171170393], [77.7262277436129, 8.702661060748744], [77.72622970635095, 8.702932108664836], [77.72632051008108, 8.702931457673715], [77.72632181865694, 8.703112156263483], [77.72641262242301, 8.70311150523643], [77.72641393106177, 8.703292203817215], [77.72650473486375, 8.703291552745247], [77.72650604358337, 8.703472251317049], [77.72659684742129, 8.703471600209147], [77.72659881061747, 8.703742648035409], [77.7266896145093, 8.703741996891575], [77.72669092338162, 8.703922695427442], [77.72678172731837, 8.703922044247676], [77.72678238178597, 8.704012393502136], [77.72687318573169, 8.704011742295421], [77.72687384023521, 8.70410209154988], [77.72714625209036, 8.704100137777019], [77.72714756124115, 8.704280836232039], [77.72732916919549, 8.704279533585046], [77.72733178775759, 8.704640930441188], [77.7274225918111, 8.704640279054809], [77.72742128247167, 8.704459580644704], [77.7276028904799, 8.704458277836014], [77.72760158107756, 8.704277579443875], [77.72769238503228, 8.704276928021564], [77.72769303974242, 8.704367277213143], [77.72787464766083, 8.70436597428767], [77.72787399290576, 8.70427562511406]], [[77.72614217388983, 8.703384506188765], [77.72623297773673, 8.703383855188662], [77.72623232343982, 8.703293505880303], [77.72632312725977, 8.703292854862234], [77.72632378157466, 8.703383204152626], [77.72641458539462, 8.703382553107607], [77.72641523973645, 8.703472902389016], [77.72632443588955, 8.703473553452001], [77.72632509021342, 8.703563902742394], [77.72614348244774, 8.703565204814465], [77.72614217388983, 8.703384506188765]], [[77.72660600954549, 8.704736490014128], [77.72669681367087, 8.704735838798427], [77.72669615916735, 8.704645489534986], [77.72678696327476, 8.70464483830132], [77.72678761780524, 8.70473518755578], [77.72687842192164, 8.704734536295165], [77.7268797310365, 8.704915234786117], [77.72669812270489, 8.70491653731633], [77.72669746818339, 8.704826188052888], [77.72660666403105, 8.704826839277569], [77.72660600954549, 8.704736490014128]], [[77.7267836907481, 8.704193092020038], [77.72687449473875, 8.704192440795357], [77.72687580377277, 8.704373139295292], [77.7267849997372, 8.704373790528958], [77.7267836907481, 8.704193092020038]], [[77.72687711283373, 8.70455383779523], [77.72696791689624, 8.704553186525631], [77.72696726234778, 8.704462837280154], [77.72705806638335, 8.704462186001573], [77.72705741181693, 8.70437183676508], [77.72714821582554, 8.70437118545955], [77.72715017962359, 8.704642233151063], [77.72705937554312, 8.704642884465578], [77.72706003013649, 8.70473323370207], [77.72696922602907, 8.7047338850076], [77.72696857146265, 8.704643535771108], [77.7268777673732, 8.704644187040705], [77.72687711283373, 8.70455383779523]], [[77.72778515319827, 8.704547324120087], [77.7278759571979, 8.704546672634894], [77.72787726677089, 8.704727370982116], [77.72778646272636, 8.704728022485275], [77.72778515319827, 8.704547324120087]], [[77.72787792156188, 8.704817720155727], [77.72796872561541, 8.704817068625617], [77.72796807080645, 8.70472671946099], [77.72805887483302, 8.704726067912913], [77.72806018451382, 8.704906766233186], [77.72787857636186, 8.704908069320355], [77.72787792156188, 8.704817720155727]], [[77.72860304388705, 8.70463180908254], [77.72869384784175, 8.704631157399717], [77.72869450283038, 8.704721506510447], [77.72860369884873, 8.704722158202253], [77.72860304388705, 8.70463180908254]], [[77.72868598859812, 8.703546968035035], [77.72886759596855, 8.70354566475922], [77.72886890586494, 8.703726362962712], [77.72877810213481, 8.70372701462757], [77.72877875706953, 8.703817363729314], [77.72868795331246, 8.703818015385188], [77.72868598859812, 8.703546968035035]], [[77.7290550984342, 8.704357503174542], [77.7291459022901, 8.704356851401887], [77.72914655735957, 8.704447200476684], [77.72905575348571, 8.704447852267304], [77.7290550984342, 8.704357503174542]]], [[[77.7278707192113, 8.70382387923702], [77.72787202866752, 8.704004577593226], [77.72805363637931, 8.704003274631821], [77.72805429116131, 8.70409362379645], [77.72787268340463, 8.704094926766837], [77.72787399290576, 8.70427562511406], [77.72778318896901, 8.704276276581286], [77.7277825342409, 8.704185927398692], [77.72760092639437, 8.704187230252298], [77.72760027171118, 8.704096881051738], [77.72750946780138, 8.704097532447099], [77.72751012246661, 8.70418788164766], [77.72732851457516, 8.70418918436652], [77.72732720535251, 8.704008485938449], [77.72750881315413, 8.704007183237556], [77.72750815850686, 8.703916834036995], [77.72759896238072, 8.703916182659599], [77.72759961704595, 8.70400653186016], [77.72778122480265, 8.704005229033504], [77.72777991539134, 8.703824530668314], [77.7278707192113, 8.70382387923702]]], [[[77.72805232684223, 8.703822576311548], [77.7278707192113, 8.70382387923702], [77.72787006449218, 8.703733530063408], [77.7280516720782, 8.70373222714692], [77.72805232684223, 8.703822576311548]]], [[[77.72805232684223, 8.703822576311548], [77.72814313064423, 8.70382192480839], [77.72814444022622, 8.704002623128662], [77.72805363637931, 8.704003274631821], [77.72805232684223, 8.703822576311548]]]]}, "id": "+0+3697", "properties": {"count": 539, "water": 1}}, {"type": "Feature", "geometry": {"geodesic": false, "type": "MultiPolygon", "coordinates": [[[[77.81589072421829, 8.744109576036767], [77.81589208223744, 8.744290260478069], [77.81580127543508, 8.744290936011161], [77.81579991745187, 8.744110251551893], [77.81589072421829, 8.744109576036767]]], [[[77.81589072421829, 8.744109576036767], [77.81588936621712, 8.743928891586481], [77.81598017292966, 8.743928216053387], [77.8159781359189, 8.743657189400418], [77.81606894255059, 8.743656513876308], [77.8160662265572, 8.743295145029636], [77.81615703309906, 8.743294469505527], [77.81615363815898, 8.742842758465153], [77.81624444458406, 8.742842082959008], [77.81624308661881, 8.74266139855364], [77.81615228023865, 8.7426620740508], [77.81615092234527, 8.742481389627464], [77.81606011599206, 8.742482065088693], [77.81605875817054, 8.742301380656375], [77.81614956447883, 8.742300705213113], [77.8161488855501, 8.742210363001444], [77.81623969182247, 8.742209687540216], [77.81623833395604, 8.742029003125863], [77.81614752772859, 8.742029678578108], [77.81614549105021, 8.741758651934122], [77.81623629721477, 8.741757976508826], [77.816235618313, 8.741667634306141], [77.81632642445061, 8.74166695886288], [77.81632506662909, 8.741486274466494], [77.81641587271281, 8.741485599014249], [77.81641655164154, 8.74157594120795], [77.81659816382692, 8.741574590240576], [77.81659748485329, 8.741484248055858], [77.81650667878753, 8.741484923544036], [77.81650599984084, 8.741394581359318], [77.81632438772732, 8.741395932263808], [77.81632302995071, 8.74121524785844], [77.81641383596256, 8.741214572433144], [77.81641247816799, 8.741033888036757], [77.8165032841439, 8.741033212602478], [77.81650056855477, 8.74067184384564], [77.8165913744229, 8.740671168420343], [77.81658933774452, 8.740400141866187], [77.81668014354975, 8.740399466431908], [77.81667607025588, 8.739857413350547], [77.81676687591738, 8.739856737952202], [77.81676619704255, 8.739766395776467], [77.81667539139902, 8.739767071174812], [77.81667267604344, 8.73940570243594], [77.81685428714188, 8.73940435167518], [77.8168508929025, 8.738952640823452], [77.81694169833044, 8.738951965443073], [77.81694101948256, 8.738861623276321], [77.81703182488356, 8.738860947886957], [77.81702978831296, 8.738589921404667], [77.81693898297486, 8.738590596776064], [77.81693830415394, 8.738500254609312], [77.81684749883378, 8.73850092995376], [77.8168468200488, 8.738410587778025], [77.81702843063518, 8.73840923708913], [77.81702775181425, 8.738318894922378], [77.81720936232878, 8.738317544161617], [77.81720800460607, 8.738136859864046], [77.81711719939373, 8.738137535244427], [77.81711516293993, 8.73786650877112], [77.8172967732209, 8.737865158037309], [77.81729609437302, 8.737774815888523], [77.81738689948655, 8.737774140499159], [77.81738418407708, 8.737412771948932], [77.81756579409753, 8.73741142115224], [77.81756443634788, 8.737230736899583], [77.8176552413087, 8.737230061483272], [77.81765456241591, 8.737139719370418], [77.81774536734979, 8.73713904393614], [77.8177433306714, 8.73686801759758], [77.81783413552442, 8.736867342172284], [77.81783209884604, 8.73659631585169], [77.81801370840836, 8.736594964965166], [77.8180164241592, 8.736956333326747], [77.81792561929718, 8.736957008814926], [77.81792697718159, 8.7371376930047], [77.8180177820885, 8.737137017507537], [77.81801914003579, 8.737317701688328], [77.81792833508395, 8.737318377203456], [77.81792969302225, 8.73749906139323], [77.81802049801901, 8.737498385869118], [77.8180198190274, 8.737408043774233], [77.81811062398822, 8.737407368241138], [77.81810858698645, 8.73713634199241], [77.8181993918754, 8.737135666450333], [77.81819871286582, 8.737045324373414], [77.81838032258085, 8.737043973244344], [77.81837964353535, 8.73695363118539], [77.81847044836142, 8.736952955589414], [77.81846976930693, 8.73686261353046], [77.81865137888721, 8.736861262302575], [77.81865273710399, 8.73704194638455], [77.81856193226893, 8.737042622025443], [77.81856668609053, 8.737675016348291], [77.81847588110277, 8.737675692016133], [77.81847656022912, 8.737766034066103], [77.81838575520543, 8.73776670972496], [77.81838643431381, 8.737857051783916], [77.81829562926316, 8.737857727424807], [77.81829630836256, 8.73794806948376], [77.81802389309382, 8.737950096298638], [77.81802457213934, 8.738040438384541], [77.81784296187634, 8.738041789495645], [77.81784364088591, 8.738132131599514], [77.81775283571848, 8.738132807132608], [77.81775351471008, 8.738223149236479], [77.8176627095157, 8.738223824751605], [77.81766610445577, 8.738675535306887], [77.81757529914461, 8.738676210839982], [77.81757869415654, 8.73912792141323], [77.81748788873759, 8.73912859696429], [77.81748856773817, 8.739218939086127], [77.81757937318409, 8.739218263535067], [77.81758005221162, 8.73930860564792], [77.81748924674774, 8.739309281207962], [77.81748992576631, 8.739399623320816], [77.81758073124814, 8.739398947760773], [77.81758208934814, 8.73957963198648], [77.8174912838124, 8.739580307564488], [77.81749264190341, 8.739760991799178], [77.81740183631378, 8.739761667377188], [77.81740319438681, 8.73994235162086], [77.81731238875226, 8.739943027189886], [77.81731578394387, 8.740394737843983], [77.81722497819253, 8.740395413421993], [77.81722769439251, 8.740756781963237], [77.81713688855135, 8.740757457541246], [77.81713892570583, 8.741028483969638], [77.8170481197928, 8.74102915955663], [77.81705355236346, 8.741751896710984], [77.81696274626178, 8.741752572333908], [77.81696342534322, 8.741842914482694], [77.81687261921459, 8.741843590087653], [77.8168739773595, 8.74202427440319], [77.81678317118596, 8.742024949999166], [77.81678520838535, 8.742295976481456], [77.81669440213096, 8.742296652086415], [77.8166957602669, 8.74247733641992], [77.8166049539586, 8.742478012006913], [77.81660563301308, 8.742568354182648], [77.81651482668683, 8.742569029760658], [77.81651822195029, 8.743020740657299], [77.81642741549827, 8.743021416244291], [77.8164294526887, 8.74329244280743], [77.8163386461648, 8.743293118394423], [77.81634000427378, 8.743473802772842], [77.81624919770498, 8.743474478350851], [77.81625055580497, 8.743655162747238], [77.81615974918226, 8.743655838325248], [77.81616178631879, 8.743926864933302], [77.81607097962421, 8.743927540502328], [77.81607233771523, 8.744108224925663], [77.81589072421829, 8.744109576036767]]]]}, "id": "+1009+3312", "properties": {"count": 551, "water": 1}}, {"type": "Feature", "geometry": {"geodesic": false, "type": "MultiPolygon", "coordinates": [[[[77.81298231924184, 8.779999129146736], [77.81298300037143, 8.78008947143027], [77.81289218465778, 8.78009014900254], [77.81289150353717, 8.779999806719006], [77.81298231924184, 8.779999129146736]]], [[[77.8220611173283, 8.767553783465335], [77.82206043498597, 8.76746344183757], [77.82215124691773, 8.767462763025627], [77.82214988220613, 8.767282079779084], [77.82224069409295, 8.767281400949173], [77.82223932937238, 8.767100717720597], [77.82242095302027, 8.767099360033827], [77.82242368266805, 8.767460726446062], [77.82224205884049, 8.767462084186732], [77.82224274122773, 8.767552425796529], [77.8220611173283, 8.767553783465335]]], [[[77.82143020897165, 8.76819092635464], [77.82152102112798, 8.76819024764151], [77.82152033886649, 8.76809990596883], [77.82161115099588, 8.768099227237734], [77.82161046871643, 8.768008885574039], [77.82170128081886, 8.768008206824977], [77.82169991624201, 8.767827523515551], [77.8216091041845, 8.767828202246648], [77.82160842193201, 8.767737860582953], [77.82151760989247, 8.7677385392871], [77.82151692766692, 8.76764819761442], [77.82169855169211, 8.767646840197145], [77.82169923396256, 8.767737181851857], [77.8219716700273, 8.767735145541787], [77.82197030536062, 8.767554462268295], [77.8220611173283, 8.767553783465335], [77.82206316439121, 8.767824808348623], [77.82197235236963, 8.767825487178534], [77.82197371707224, 8.768006170443043], [77.82206452914771, 8.768005491604148], [77.82206521153495, 8.76809583323191], [77.8222468356949, 8.768094475482258], [77.82224615326274, 8.768004133872461], [77.82233696531127, 8.768003454970685], [77.82233560042899, 8.767822771751092], [77.8224264124326, 8.767822092849316], [77.8224243651002, 8.767551068046876], [77.82269680085052, 8.767549031251717], [77.8226961183555, 8.767458689668869], [77.82278693023333, 8.767458010704212], [77.8227855652253, 8.767277327556483], [77.82287637704924, 8.767276648582843], [77.82287569453624, 8.767186307017962], [77.82296650633324, 8.767185628026354], [77.82296514128029, 8.767004944905576], [77.82287432951922, 8.767005623879216], [77.82287364702418, 8.766915282314336], [77.82269202353798, 8.76691664018077], [77.82269134108786, 8.766826298597923], [77.82260052935375, 8.766826977499699], [77.82259916453435, 8.766646294316038], [77.82268997622354, 8.766645615432228], [77.82268792898098, 8.766374590674705], [77.82286955220667, 8.76637323288912], [77.8228681873244, 8.766192549750373], [77.82268656418854, 8.76619390750901], [77.8226858818013, 8.766103565917179], [77.82259507023787, 8.766104244756074], [77.82258961158911, 8.765381511985499], [77.82249880019634, 8.765382190752527], [77.82249743565544, 8.765201507541917], [77.822769869681, 8.765199471231849], [77.82277055201433, 8.765289812814695], [77.82295217470103, 8.765288455154874], [77.82295353948449, 8.765469138293618], [77.82304435085929, 8.765468459418791], [77.82304503328245, 8.765558800983673], [77.8231358446752, 8.765558122072914], [77.82314812991825, 8.767184269980257], [77.82305731813024, 8.767184949007797], [77.82306073100968, 8.76763665676932], [77.82296991910488, 8.767637335814825], [77.82297196685948, 8.767908360491502], [77.82288115488282, 8.767909039537008], [77.82288252003458, 8.768089722657786], [77.82279170801301, 8.768090401703294], [77.82279375574066, 8.76836142640692], [77.82270294363823, 8.768362105443442], [77.8227063565536, 8.768813813312763], [77.8226155443344, 8.768814492367252], [77.82261622691927, 8.7689048339501], [77.82252541467311, 8.768905512986622], [77.8225281449946, 8.769266879326993], [77.82243733264964, 8.7692675583725], [77.82243801522553, 8.76935789996433], [77.82225639048168, 8.769359258001444], [77.82225707302163, 8.769449599602257], [77.82216626061378, 8.769450278602848], [77.82216694313577, 8.769540620212645], [77.82198531825718, 8.769541978150944], [77.82198600075222, 8.769632319769723], [77.82189518827249, 8.769632998716416], [77.82189587074957, 8.769723340344179], [77.82180505825188, 8.769724019272903], [77.82180574071099, 8.769814360909649], [77.82171492817737, 8.769815039829393], [77.82171561061851, 8.769905381475121], [77.82162479805794, 8.769906060367914], [77.8216254804901, 8.769996402022626], [77.82153466790258, 8.769997080906435], [77.82153603273994, 8.770177764224844], [77.82144522009852, 8.77017844309967], [77.8214459025127, 8.770268784763365], [77.82135508983536, 8.770269463620226], [77.82135645463678, 8.770450146965583], [77.82126564191452, 8.770450825822444], [77.82126632430176, 8.770541167495121], [77.82117551155255, 8.770541846334016], [77.82117619392183, 8.770632188024662], [77.82108538114566, 8.770632866845588], [77.82108674586624, 8.770813550226878], [77.82099593303617, 8.770814229038823], [77.82099661538749, 8.770904570738452], [77.8209058025215, 8.770905249541412], [77.82090784954846, 8.77117627464928], [77.82081703661959, 8.771176953452242], [77.82081771895292, 8.771267295160852], [77.8207269059971, 8.771267973945848], [77.82072758831248, 8.771358315663441], [77.82063677532071, 8.771358994439455], [77.8206374576271, 8.771449336157048], [77.8205466446084, 8.771450014915093], [77.82054732690581, 8.77154035664167], [77.82045651385117, 8.771541035390733], [77.8204571961306, 8.771631377126294], [77.82036638304902, 8.771632055848407], [77.82036706531049, 8.771722397592951], [77.82018543909341, 8.771723755001245], [77.82018612131895, 8.771814096754772], [77.82009530817449, 8.771814775431968], [77.82009599038206, 8.771905117194478], [77.82000517721063, 8.77190579585371], [77.82000449502102, 8.771815454091199], [77.81982286869615, 8.771816811337796], [77.81982355084084, 8.771907153118272], [77.81973273765145, 8.771907831714621], [77.81973478406756, 8.772178857083], [77.81982559732883, 8.772178178468685], [77.81982627950046, 8.772268520249161], [77.81973546621226, 8.77226919887246], [77.81973614837493, 8.772359540661919], [77.81928208174526, 8.772362933499933], [77.81928344586397, 8.772543617141734], [77.81919263247696, 8.772544295657234], [77.81919399658668, 8.772724979317003], [77.81910318313678, 8.77272565782352], [77.81910386518265, 8.772815999657896], [77.81892223822896, 8.772817356626014], [77.8189229202389, 8.772907698478356], [77.81865047969158, 8.772909733782312], [77.8186518435947, 8.773090417522928], [77.81856103001903, 8.77309109593063], [77.8185630758692, 8.77336212155952], [77.81847226222168, 8.773362799958239], [77.81847294415977, 8.773453141846513], [77.81838213048528, 8.77345382023625], [77.8183828124054, 8.773544162124525], [77.81820118499355, 8.773545518850097], [77.81820186687774, 8.77363586075634], [77.81811105314038, 8.773636539092177], [77.81811173501558, 8.7737268810074], [77.8180209212423, 8.773727559325271], [77.81802228496574, 8.773908243155718], [77.81784065732033, 8.773909599773495], [77.81784133915062, 8.773999941697701], [77.81793215300476, 8.773999263397796], [77.81793283486199, 8.774089605322004], [77.81784202098989, 8.77409028363089], [77.81784270283813, 8.774180625555099], [77.81775188893009, 8.774181303855004], [77.81775257076038, 8.774271645788193], [77.8175709428904, 8.77427300232512], [77.81757230648809, 8.77445368621845], [77.8174814924992, 8.774454364473439], [77.81748285607891, 8.774635048375751], [77.81739204203613, 8.774635726621758], [77.8173927238215, 8.774726068581897], [77.81721109567304, 8.77472742502001], [77.81721177741349, 8.774817766989132], [77.81712096330781, 8.77481844518124], [77.8171216450393, 8.774908787168329], [77.81703083089769, 8.77490946534247], [77.8170315126112, 8.774999807329557], [77.81694069845162, 8.775000485494715], [77.81694206185168, 8.775181169477877], [77.81685124763821, 8.775181847634052], [77.81685192933375, 8.775272189630122], [77.81676111508435, 8.775272867777314], [77.81676247844847, 8.775453551787425], [77.81667166415416, 8.77545422991665], [77.81667234582274, 8.775544571930688], [77.81658153149249, 8.77554525005093], [77.81658084984187, 8.775454908027909], [77.81639922121731, 8.775456264187543], [77.81639990282301, 8.775546606219548], [77.8163090884748, 8.775547284276907], [77.81630977006253, 8.775637626317895], [77.81621895568738, 8.775638304348305], [77.81621963725715, 8.775728646398276], [77.81612882285503, 8.775729324419704], [77.81613086755537, 8.7760003505786], [77.81604005308138, 8.776001028600026], [77.81604209778172, 8.77627205477689], [77.81586046867207, 8.776273410801778], [77.81586251330951, 8.776544437014573], [77.81577169868282, 8.776545115018033], [77.81577374332028, 8.776816141248794], [77.81568292861273, 8.776816819243273], [77.81568565481098, 8.777178187577904], [77.8155948400136, 8.777178865581364], [77.81559552155643, 8.777269207667269], [77.81568633638075, 8.777268529654824], [77.8156870179595, 8.777358871740729], [77.81559620310823, 8.777359549762155], [77.81559688466902, 8.77744989184806], [77.81550606979978, 8.777450569851519], [77.8155081144552, 8.777721596127197], [77.8154172995141, 8.777722274139641], [77.81541798105692, 8.777812616234527], [77.81532716607988, 8.777813294229006], [77.81532852915655, 8.777993978436745], [77.81523771412562, 8.777994656422239], [77.81523839565047, 8.778084998535093], [77.8151475805926, 8.77808567650262], [77.81514826209948, 8.778176018615474], [77.81505744701465, 8.778176696574018], [77.81505812851255, 8.778267038695855], [77.81496731340077, 8.778267716636433], [77.81496935785856, 8.778538743028893], [77.81469691227169, 8.778540776778764], [77.81469827515072, 8.778721461085317], [77.81460745990418, 8.778722138971997], [77.81460814133023, 8.778812481129766], [77.81451732604776, 8.77881315899848], [77.81451800746483, 8.778903501165232], [77.81433637682804, 8.778904856857743], [77.81433705820916, 8.778995199033478], [77.81424624286382, 8.778995876857275], [77.81424692422698, 8.779086219041993], [77.8141561088457, 8.779086896847826], [77.81415679019089, 8.779177239032544], [77.81406597479165, 8.779177916829392], [77.81406665611887, 8.779268259023093], [77.8139758406837, 8.779268936801975], [77.81397652200194, 8.779359279004659], [77.81379489106871, 8.779360634508524], [77.81379420979538, 8.779270292287874], [77.81370339433325, 8.779270970003873], [77.81370271308687, 8.77918062777424], [77.81379352852205, 8.779179950067222], [77.8137928472577, 8.779089607846572], [77.81397447806518, 8.779088252387622], [77.81397379677388, 8.778997910184938], [77.81406461213719, 8.778997232433005], [77.81406393082793, 8.77890689023032], [77.81415474617327, 8.778906212460422], [77.81415406484605, 8.77881587026672], [77.81424488015546, 8.778815192478856], [77.81424419881027, 8.778724850294138], [77.8144258293752, 8.778723494673491], [77.81442514799407, 8.778633152506739], [77.8145159632406, 8.778632474664976], [77.81451528185049, 8.778542132498224], [77.81460609706109, 8.778541454647476], [77.814605415653, 8.778451112489707], [77.81469623084564, 8.778450434629978], [77.8146955494196, 8.778360092472209], [77.81478636458527, 8.778359414594512], [77.81478568314127, 8.778269072445726], [77.81487649827102, 8.778268394550063], [77.81487581682701, 8.77817805241026], [77.81496663192083, 8.778177374505614], [77.81496595045886, 8.778087032365812], [77.81505676552572, 8.7780863544432], [77.81505540257483, 8.777905670190544], [77.81496458754388, 8.777906348104173], [77.81496526899689, 8.777996690234993], [77.81478363888111, 8.777998046008351], [77.81478295747304, 8.777907703859565], [77.81487377251295, 8.777907025990853], [77.81487309109589, 8.77781668385105], [77.81496390609988, 8.77781600596437], [77.81496322466485, 8.77772566383355], [77.81505403965087, 8.777724985937889], [77.81505335819789, 8.777634643807069], [77.81514417315695, 8.777633965902423], [77.81514212878001, 8.777362939527931], [77.81523294365823, 8.777362261623285], [77.81523226219626, 8.777271919501448], [77.81532307704752, 8.777271241578836], [77.81532171408764, 8.777090557362113], [77.815412528894, 8.777089879421535], [77.81541116592514, 8.776909195222776], [77.81532035116369, 8.776909873136406], [77.8153196697107, 8.776819531023554], [77.81522885497621, 8.776820208919217], [77.81522817355018, 8.77672986679738], [77.81504654409018, 8.776731222498874], [77.81504722546232, 8.776821564629694], [77.81495641070089, 8.776822242453491], [77.81495777343618, 8.777002926733097], [77.81486695862084, 8.777003604556894], [77.81486627726667, 8.776913262408108], [77.8147754624693, 8.776913940195973], [77.81477614379652, 8.777004282353742], [77.81468532896322, 8.77700496012364], [77.81468805426314, 8.7773663287637], [77.81459723934, 8.777367006542582], [77.81459792065824, 8.777457348709333], [77.81441629074011, 8.777458704213199], [77.81441697202243, 8.777549046397917], [77.8143261570364, 8.777549724122899], [77.81432683830074, 8.777640066307619], [77.8142360232788, 8.777640744023618], [77.81423670453417, 8.777731086217319], [77.81414588948526, 8.777731763915353], [77.81414657073164, 8.777822106118037], [77.8140557556468, 8.777822783798104], [77.81405711810363, 8.778003468212457], [77.81396630297388, 8.778004145883541], [77.81396698419331, 8.77809448809521], [77.81387616903662, 8.77809516575731], [77.81387685023807, 8.77818550797796], [77.81378603505443, 8.778186185622095], [77.81378671623793, 8.77827652785173], [77.81369590101835, 8.778277205486882], [77.81369658219286, 8.778367547716515], [77.81360576694632, 8.7783682253337], [77.81360644811186, 8.778458567572317], [77.8135156328294, 8.778459245171536], [77.81351699513351, 8.778639929666737], [77.81342617980613, 8.778640607256973], [77.81342822323984, 8.778911634008757], [77.81351903863009, 8.778910956391572], [77.81351971980462, 8.77900129863019], [77.81342890439639, 8.779001976256358], [77.81342958556192, 8.779092318503958], [77.81324795466462, 8.779093673702397], [77.81324863579421, 8.779184015967962], [77.81315782031412, 8.779184693540232], [77.81315850143473, 8.7792750358058], [77.81297687040268, 8.779276390905421], [77.81297755148736, 8.779366733188954], [77.81288673593541, 8.779367410707325], [77.81288741700213, 8.779457752999841], [77.8127966014322, 8.779458430500245], [77.81279728248094, 8.779548772801745], [77.81261565126026, 8.77955012776662], [77.81261633227307, 8.77964047006812], [77.81234388532974, 8.779642502371702], [77.81234456628866, 8.779732844709134], [77.81225375060195, 8.779733522101742], [77.8122544315429, 8.779823864439173], [77.81216361582925, 8.779824541822796], [77.81216429675223, 8.77991488416921], [77.81207348101164, 8.779915561534867], [77.81207416191666, 8.780005903881284], [77.81198334614909, 8.780006581237958], [77.81198402704513, 8.780096923593355], [77.81189321124165, 8.780097600932063], [77.81189457301575, 8.780278285660826], [77.81180375715837, 8.78027896299055], [77.81180307628928, 8.780188620617185], [77.81162144461045, 8.780189975204769], [77.81162348710093, 8.780461002351812], [77.8114418552604, 8.780462356885495], [77.81144253605761, 8.78055269928581], [77.81126090414521, 8.780554053747629], [77.81126226567677, 8.780734738566224], [77.81117144966667, 8.780735415779166], [77.81117213041898, 8.780825758197446], [77.8108088662079, 8.780828466860573], [77.81080954688835, 8.780918809305803], [77.8106279146885, 8.780920163525078], [77.8106292759775, 8.781100848442486], [77.81053845982368, 8.781101525529666], [77.8105391404592, 8.781191867992861], [77.81044832427843, 8.781192545071058], [77.81045240809156, 8.781734599877183], [77.81036159177604, 8.781735276973345], [77.81036091114052, 8.781644934501166], [77.81027009483398, 8.78164561157038], [77.8102666918989, 8.7811938991466], [77.81017587569117, 8.781194576161916], [77.81017383408104, 8.780923548682495], [77.8100830179362, 8.780924225652893], [77.81008233743542, 8.780833883144782], [77.8101731535623, 8.78083320619235], [77.81017247304355, 8.78074286369322], [77.81008165694362, 8.780743540645652], [77.81008029597801, 8.780562855647394], [77.81044356016213, 8.78056014775682], [77.81044287959847, 8.78046980528464], [77.8106245116007, 8.780468451227064], [77.81062383101009, 8.780378108763866], [77.81071464697527, 8.78037743171262], [77.81071396636669, 8.780287089258408], [77.81089559823418, 8.780285735102016], [77.81089491758968, 8.780195392656786], [77.81098573349198, 8.78019471555164], [77.8109850528295, 8.780104373115394], [77.81107586870485, 8.780103696001266], [77.8110751880334, 8.780013353574002], [77.81116600387281, 8.780012676432923], [77.81116532318339, 8.779922334014643], [77.81125613899586, 8.779921656864582], [77.81125545828847, 8.779831314455285], [77.81134627408296, 8.779830637287258], [77.81134423194284, 8.779559610059366], [77.81143504765649, 8.779558932900322], [77.81143777061182, 8.779920302501578], [77.81152858639733, 8.779919625288635], [77.81152994796483, 8.780100310071296], [77.81162076379526, 8.780099632813437], [77.81161872139461, 8.77982860565741], [77.81152790562706, 8.77982928288832], [77.81152654410448, 8.77964859810566], [77.81188980695012, 8.779645889110155], [77.81188912610797, 8.779555546745774], [77.81197994177671, 8.779554869442999], [77.8119792609256, 8.779464527087601], [77.81207007656738, 8.779463849775842], [77.8120693956983, 8.779373507420445], [77.81216021131314, 8.779372830099703], [77.81215953043507, 8.779282487753289], [77.81134218986558, 8.779288582831475], [77.81134150918514, 8.779198240422177], [77.81179558724138, 8.779194854519158], [77.81179490646211, 8.779104512145793], [77.81188572203205, 8.7791038349059], [77.81188504123482, 8.77901349254152], [77.81197585677779, 8.77901281528366], [77.81197517597158, 8.778922472919279], [77.81206599147863, 8.778921795652437], [77.81206531065446, 8.778831453297038], [77.81242857252991, 8.77882874403204], [77.81242789162489, 8.778738401703592], [77.81251870705108, 8.778737724346918], [77.81251666432705, 8.778466697379537], [77.81260747968138, 8.77846602001388], [77.8126067987584, 8.778375677694415], [77.81269761408576, 8.778375000319775], [77.8126969331538, 8.778284658009293], [77.81278774845423, 8.778283980616687], [77.81278706750429, 8.778193638315187], [77.81287788276879, 8.778192960904615], [77.81287652085095, 8.7780122763106], [77.81296733607053, 8.778011598900026], [77.81296665510263, 8.77792125660751], [77.81305747028628, 8.777920579178971], [77.81305542736462, 8.777649552328372], [77.81314624247639, 8.777648874899834], [77.81314351858683, 8.777287505783667], [77.8132343335998, 8.777286828364112], [77.81323365262291, 8.777196486089561], [77.8133244676179, 8.77719580865204], [77.81332310564618, 8.777015124111923], [77.8134139205783, 8.777014446665417], [77.81341323958344, 8.776924104408835], [77.81350405448862, 8.776923426944363], [77.8135033734758, 8.776833084696761], [77.813594188363, 8.776832407223308], [77.81359350733221, 8.776742064975707], [77.81368432218349, 8.776741387484286], [77.81368364114373, 8.77665104524567], [77.81377445596804, 8.776650367736282], [77.81377377491032, 8.776560025506647], [77.8138645896987, 8.776559347979294], [77.81386390863199, 8.776469005758642], [77.81395472339342, 8.776468328222306], [77.81395404230874, 8.776377986001656], [77.81404485704323, 8.776377308447351], [77.81404417594058, 8.776286966235684], [77.81413499064813, 8.776286288672399], [77.81413430952752, 8.776195946469713], [77.81422512420811, 8.776195268888461], [77.8142244430785, 8.776104926685777], [77.81431525772317, 8.77610424909554], [77.8143145765756, 8.77601390690184], [77.8144053911933, 8.776013229293637], [77.8144040288892, 8.775832544915218], [77.814494843453, 8.775831867298033], [77.81449416228747, 8.775741525113315], [77.81458497682434, 8.775740847487146], [77.81458361446633, 8.775560163135674], [77.81467442895827, 8.775559485500523], [77.8146737477658, 8.77546914333377], [77.81476456222181, 8.775468465680653], [77.81476251863538, 8.77519743918938], [77.8149441473947, 8.775196083856196], [77.81494346617527, 8.77510574170741], [77.81503428052348, 8.77510506401836], [77.8150335992771, 8.775014721878557], [77.81512441359837, 8.77501404417154], [77.81512305109662, 8.774833359900919], [77.81521386536399, 8.774832682184918], [77.81521318409965, 8.774742340063083], [77.81530399834007, 8.774741662329117], [77.8153026357934, 8.774560978085443], [77.81539344997992, 8.774560300351478], [77.81539276869762, 8.774469958229641], [77.81548358285718, 8.774469280486692], [77.8154829015569, 8.77437893837384], [77.81557371568952, 8.77437826060394], [77.815572353071, 8.774197576396201], [77.81566316714972, 8.774196898626302], [77.81566248583148, 8.774106556531414], [77.81575329987426, 8.77410587874355], [77.81575261853806, 8.774015536648664], [77.81584343256287, 8.774014858851814], [77.81584138853628, 8.773743832594104], [77.81593220248025, 8.773743154797256], [77.81593083978987, 8.773562470634431], [77.81602165367994, 8.7735617928286], [77.81602097232576, 8.77347145075168], [77.81611178618888, 8.773470772927881], [77.81611110481674, 8.773380430859945], [77.8162019186619, 8.773379753027164], [77.8162012372718, 8.773289410968209], [77.81629205108102, 8.77328873310848], [77.81629068828283, 8.773108049008536], [77.81638150203815, 8.773107371139824], [77.81637877645078, 8.772746002948923], [77.81646959011627, 8.772745325098175], [77.81646890871718, 8.772654983057187], [77.81655972234674, 8.772654305188475], [77.8165576781225, 8.772383279083476], [77.81664849168021, 8.772382601214764], [77.81664712885508, 8.772201917150754], [77.81682875587165, 8.772200561377394], [77.81682739298364, 8.772019877340334], [77.81691820643354, 8.772019199435688], [77.81691616210152, 8.771748173402557], [77.81700697547954, 8.77174749549791], [77.81700561258255, 8.7715668114878], [77.81709642590668, 8.77156613357417], [77.8170957444537, 8.771475791569115], [77.81718655775087, 8.771475113646503], [77.81718587627094, 8.77138477165043], [77.81727668954117, 8.771384093709852], [77.81727532657231, 8.771203409735675], [77.81718451334699, 8.77120408766727], [77.817183831894, 8.771113745671197], [77.81727464509237, 8.771113067748585], [77.8172739636304, 8.771022725761496], [77.81736477680181, 8.771022047820917], [77.81736341385091, 8.770841363864706], [77.81745422696844, 8.770840685915143], [77.81745286399958, 8.770660001967915], [77.81754367707218, 8.770659324018354], [77.81754299557427, 8.77056898204923], [77.81763380861993, 8.770568304081703], [77.81763312710406, 8.770477962121562], [77.81772394011378, 8.770477284136069], [77.81772189556617, 8.770206258273616], [77.81781270850402, 8.770205580288122], [77.81781202697917, 8.770115238345948], [77.81790283989008, 8.770114560342488], [77.81790147681342, 8.769933876458142], [77.81799228967941, 8.76993319845468], [77.8179916081276, 8.76984285652149], [77.81808242095767, 8.769842178500063], [77.81808173939687, 8.769751836566874], [77.8181725522, 8.769751158536463], [77.81817187062123, 8.769660816612257], [77.81826268339739, 8.76966013856388], [77.81826200180068, 8.769569796639674], [77.8183528145409, 8.769569118582314], [77.81835213294418, 8.76947877666709], [77.81844294565747, 8.769478098591764], [77.81844226403379, 8.769387756685523], [77.81853307672013, 8.769387078592231], [77.81853239507849, 8.769296736694974], [77.81880483302969, 8.769294702307299], [77.81880346964759, 8.7691140185577], [77.81898509481364, 8.769112662218403], [77.81898100459551, 8.768570611032487], [77.8191626294741, 8.768569254693189], [77.81916194775161, 8.768478912840846], [77.81925276015947, 8.768478234639757], [77.81925344189992, 8.768568576483116], [77.81934425432574, 8.76856789826406], [77.81934357255834, 8.7684775564207], [77.81943438494822, 8.768476878183678], [77.81942824918534, 8.767663801692265], [77.8195190613776, 8.767663123491175], [77.81951769790568, 8.767482439840391], [77.81942688576731, 8.767483118023515], [77.81942756747183, 8.76757345985789], [77.81933675529754, 8.76757413803203], [77.81933402859624, 8.767212770658597], [77.81942484068969, 8.767212092511405], [77.81942347733455, 8.767031408842655], [77.8195142893741, 8.767030730695463], [77.81951360768754, 8.766940388861087], [77.81960441969116, 8.766939710695931], [77.81960373798664, 8.766849368870538], [77.8196945499633, 8.766848690696397], [77.81969250484076, 8.766577665238188], [77.81978331674556, 8.766576987064047], [77.81977309178862, 8.765221859826893], [77.8196822802162, 8.765222537902218], [77.81967887237631, 8.764770828766276], [77.8195880609027, 8.764771506778718], [77.81958737937785, 8.764681164944344], [77.8196781908245, 8.764680486940883], [77.81967614623197, 8.76440946144674], [77.81958533483922, 8.764410139432234], [77.81958329038143, 8.764139113920125], [77.81949247905155, 8.764139791860703], [77.81949111615455, 8.763959108165002], [77.81940030486061, 8.763959786078631], [77.81939962344354, 8.763869444226291], [77.81949043471953, 8.763868766321645], [77.81948839045039, 8.763597740773603], [77.81939757924627, 8.763598418660282], [77.81939621647504, 8.763417734946616], [77.81930540530686, 8.76341841278838], [77.81930404261647, 8.763237729056746], [77.81921323148423, 8.763238406862579], [77.81921118756543, 8.762967381242671], [77.81912037649606, 8.76296805901257], [77.81911901396737, 8.762787375245004], [77.81902820293394, 8.76278805297897], [77.81902684046813, 8.762607369193438], [77.81893602947063, 8.762608046891472], [77.81893466708567, 8.762427363096958], [77.8188438561241, 8.762428040750075], [77.81884181266345, 8.762157015031352], [77.81875100175579, 8.762157692648538], [77.8187482773362, 8.761796324987642], [77.81865746650938, 8.76179700255093], [77.81865542333618, 8.761525976778309], [77.81856461257225, 8.761526654305662], [77.81856188852997, 8.7611652865729], [77.81847107784688, 8.761165964046356], [77.81846903495216, 8.760894938219836], [77.81837822432297, 8.760895615648375], [77.81837345798783, 8.760263221999264], [77.81828264751135, 8.760263899355937], [77.81828128580912, 8.760083215435658], [77.81837209624966, 8.760082538087968], [77.81837073452945, 8.759901854185655], [77.81827992413382, 8.75990253151538], [77.8182758392966, 8.759360479736575], [77.81836664955748, 8.759359802451767], [77.81836869201203, 8.759630828323203], [77.81845950233578, 8.759630150993479], [77.81846086404701, 8.759810834886808], [77.8185516744067, 8.759810157521152], [77.81855303619878, 8.759990841405498], [77.81864384658542, 8.759990164003908], [77.81864520844935, 8.760170847870288], [77.81873601888091, 8.760170170432767], [77.81873738081673, 8.76035085428118], [77.81882819128421, 8.760350176807725], [77.8188302343047, 8.760621202553397], [77.81892104482608, 8.760620525035026], [77.81892240692359, 8.76080120885649], [77.81901321748092, 8.760800531302188], [77.81901457965027, 8.760981215096702], [77.81910539025252, 8.76098053751545], [77.81910811476193, 8.761341905077531], [77.81919892543603, 8.76134122744238], [77.81920233134453, 8.761792936847819], [77.81929314212644, 8.761792259149784], [77.81929586707602, 8.76215362664], [77.81938667793877, 8.76215294889705], [77.8193873592121, 8.762243290758375], [77.81947817009282, 8.762242612988477], [77.8194788513931, 8.762332954840819], [77.81956966228279, 8.76233227704397], [77.819570343619, 8.76242261888733], [77.81984277631506, 8.762420585335088], [77.81984345772314, 8.76251092716048], [77.8200250795205, 8.762509571333222], [77.82002576098247, 8.762599913140647], [77.8202981936965, 8.762597879220097], [77.82029887522135, 8.762688221009556], [77.820389686138, 8.762687542979146], [77.82038900458619, 8.76259720119867], [77.82047981546691, 8.762596523159276], [77.82047913389714, 8.7625061813788], [77.82056994475091, 8.762505503330424], [77.82056926316316, 8.76241516155893], [77.82066007398998, 8.762414483483605], [77.8206580292178, 8.762143458196073], [77.82074883997275, 8.762142780120747], [77.82074815836704, 8.76205243836722], [77.82056653690205, 8.762053794472957], [77.82056449229155, 8.761782769149494], [77.82065530295667, 8.76178209113705], [77.82065666606927, 8.76196277466207], [77.82083828748036, 8.761961418529385], [77.82083624269019, 8.761690393277787], [77.82092705331938, 8.761689715193478], [77.82092569010797, 8.76150903170439], [77.82101650069224, 8.761508353620082], [77.82101513747185, 8.761327670139977], [77.82110594799325, 8.761326992046683], [77.82110458476387, 8.761146308575563], [77.82128620570784, 8.761144952353046], [77.82128688735845, 8.76123529407064], [77.82137769784391, 8.761234615923449], [77.82137906121702, 8.76141529934067], [77.82146987173842, 8.761414621157547], [77.82147191692384, 8.761685646265414], [77.82156272749913, 8.761684968037375], [77.8215647728193, 8.761955993127277], [77.82165558344849, 8.761955314845338], [77.8216569470821, 8.76213599822663], [77.82174775774723, 8.762135319917741], [77.82175184893555, 8.762677369980763], [77.82184265972643, 8.762676691608991], [77.82184470548678, 8.762947716609062], [77.82193551634055, 8.762947038192376], [77.82193688025264, 8.763127721519767], [77.82211850202306, 8.763126364587581], [77.82212327627235, 8.763758756098701], [77.82203246523892, 8.763759434623186], [77.82203451138554, 8.764030459569357], [77.82212532249083, 8.764029781017923], [77.8221273687722, 8.764300805937145], [77.82203655760402, 8.764301484506543], [77.82203723969482, 8.764391826152274], [77.82185561729558, 8.764393183237173], [77.82185629934146, 8.764483524900868], [77.8217654881104, 8.76448420341637], [77.82176753423906, 8.764755228416439], [77.82167672293613, 8.764755906931939], [77.82167808700993, 8.764936590268313], [77.82176889835776, 8.76493591174383], [77.8217695804306, 8.765026253407525], [77.82195120315323, 8.765024896268725], [77.82195393168709, 8.765386262860627], [77.82204474312476, 8.765385584228344], [77.82204678966664, 8.765656609147566], [77.82195597816609, 8.765657287806796], [77.82195666034671, 8.765747629452527], [77.82186584881022, 8.765748308084808], [77.82186380237614, 8.76547728312067], [77.82177299090253, 8.76547796171702], [77.82177230879378, 8.765387620053323], [77.82159068587352, 8.765388977165173], [77.82159136793736, 8.765479318846834], [77.8215005564368, 8.765479997371319], [77.82150123849166, 8.76557033905298], [77.82141042696416, 8.76557101756848], [77.82141247309282, 8.765842042631432], [77.8215032846832, 8.765841364097966], [77.82150533094661, 8.76611238914295], [77.82141451929334, 8.766113067694384], [77.82141656554775, 8.766384092757335], [77.82132575382262, 8.766384771308768], [77.82133121066576, 8.767107504833929], [77.82142202257056, 8.767106826219614], [77.82142338689589, 8.767287509582937], [77.82151419883661, 8.767286830932688], [77.82151488102622, 8.767377172605368], [77.82142406906753, 8.767377851255615], [77.82142475124816, 8.767468192937278], [77.8215155632338, 8.767467514278046], [77.82151624544137, 8.767557855950725], [77.82142543343777, 8.767558534618939], [77.82142748005151, 8.767829559654942], [77.82133666797603, 8.767830238323155], [77.82133871458079, 8.768101263377124], [77.82142952672814, 8.76810058468196], [77.82143020897165, 8.76819092635464]], [[77.81550606979978, 8.777450569851519], [77.81541525492156, 8.777451247837014], [77.81541457339671, 8.777360905733143], [77.81550538825697, 8.777360227756633], [77.81550606979978, 8.777450569851519]], [[77.82143020897165, 8.76819092635464], [77.82143089121516, 8.7682812680363], [77.82170332773804, 8.768279231789114], [77.82170264542266, 8.768188890134402], [77.82179345756101, 8.768188211349406], [77.82179482223668, 8.768368894640865], [77.82170401005341, 8.768369573434843], [77.82170537472008, 8.768550256744268], [77.8216145624829, 8.768550935538245], [77.82161592713163, 8.768731618856654], [77.82152511484954, 8.768732297641648], [77.82152647948926, 8.76891298096904], [77.82143566715328, 8.768913659745051], [77.82143703177505, 8.769094343090408], [77.82134621938516, 8.769095021857437], [77.82134758398895, 8.769275705211777], [77.82116595911036, 8.769277062709902], [77.82116664138083, 8.769367404400548], [77.82107582891008, 8.769368083131644], [77.82107651116257, 8.769458424822288], [77.8209856986649, 8.769459103535418], [77.82098501643037, 8.769368761835791], [77.82089420394166, 8.769369440512987], [77.82089079299362, 8.768917731951964], [77.82116323010938, 8.768915695947323], [77.821159136819, 8.768373645776503], [77.8212499490472, 8.76837296710829], [77.82124926683063, 8.768282625417644], [77.8213400790229, 8.768281946740448], [77.82133939679736, 8.768191605058785], [77.82143020897165, 8.76819092635464]], [[77.81044560188006, 8.78083117518234], [77.81053641797101, 8.780830498131094], [77.81053709858855, 8.780920840603272], [77.81044628247066, 8.78092151765452], [77.81044560188006, 8.78083117518234]], [[77.8121574878278, 8.779011460714043], [77.81224830334384, 8.779010783393302], [77.81224762247474, 8.778920441046887], [77.81252006891502, 8.778918408985849], [77.81252074985598, 8.779008751305314], [77.81261156533607, 8.779008073894742], [77.81261292728085, 8.77918875852469], [77.812158849557, 8.779192145406874], [77.8121574878278, 8.779011460714043]], [[77.81359963684282, 8.777555145177162], [77.81369045189173, 8.777554467613875], [77.81369181413295, 8.77773515209111], [77.81360099903914, 8.777735829654397], [77.81359963684282, 8.777555145177162]], [[77.81899191244274, 8.770016080813685], [77.81917353802203, 8.770014724240824], [77.81917421987028, 8.770105066084183], [77.81908340705817, 8.770105744384088], [77.81908477072773, 8.77028642808877], [77.81899395787072, 8.770287106379692], [77.81899191244274, 8.770016080813685]], [[77.81916399293704, 8.768749938388888], [77.81934561787851, 8.76874858193281], [77.81934698145822, 8.76892926560156], [77.8191653564359, 8.768930622093572], [77.81916399293704, 8.768749938388888]], [[77.81963783194425, 8.771366459493363], [77.81972864501685, 8.771365780959897], [77.81972796293503, 8.771275439170438], [77.81990958901737, 8.771274082049604], [77.81991163540654, 8.771545107391034], [77.81973000919844, 8.7715464645478], [77.81972932710765, 8.77145612275834], [77.81963851400809, 8.77145680130079], [77.81963783194425, 8.771366459493363]], [[77.82076451873652, 8.764220640415937], [77.82085532997657, 8.764219962160949], [77.82085669357426, 8.764400645641052], [77.8207658822893, 8.764401323914008], [77.82076451873652, 8.764220640415937]], [[77.82076656407466, 8.764491665658552], [77.82094818668949, 8.76449030907671], [77.82094955037701, 8.764670992538846], [77.82085873902918, 8.764671670856718], [77.82085805719889, 8.764581329112174], [77.820767245869, 8.764582007403096], [77.82076656407466, 8.764491665658552]], [[77.820957733095, 8.765755093257777], [77.82104854470336, 8.765754414841092], [77.82104990863341, 8.76593509827628], [77.82095909698913, 8.765935776710933], [77.820957733095, 8.765755093257777]], [[77.82130529483575, 8.763674520328909], [77.82139610590512, 8.763673841984088], [77.8213947421637, 8.763493158584831], [77.82148555317917, 8.763492480231028], [77.82148487130397, 8.763402138540384], [77.82166649327202, 8.76340078178786], [77.8216678571392, 8.7635814651422], [77.82175866815466, 8.763580786725514], [77.82176139605072, 8.763942153407246], [77.8214889626989, 8.763944188693236], [77.82148828078776, 8.763853847002592], [77.82139746967349, 8.763854525383344], [77.82139678778931, 8.763764183683715], [77.821305976693, 8.763764862037519], [77.82130529483575, 8.763674520328909]], [[77.82143839642376, 8.769275026426783], [77.82162002125743, 8.769273668793911], [77.82162206841016, 8.769544693758048], [77.82144044345073, 8.769546051435835], [77.82143839642376, 8.769275026426783]], [[77.81432343203292, 8.777188355375044], [77.8144142469381, 8.77718767767701], [77.81441560946678, 8.777368362037462], [77.8143247945167, 8.777369039753463], [77.81432343203292, 8.777188355375044]], [[77.81432343203292, 8.777188355375044], [77.81423261711878, 8.77718903305511], [77.8142332983382, 8.777279375248812], [77.81414248339709, 8.777280052919895], [77.81414316459856, 8.777370395113598], [77.81396153465347, 8.777371750392883], [77.8139594912018, 8.777100723748896], [77.81405030611594, 8.777100046140694], [77.81404894380286, 8.77691936171736], [77.8141397586631, 8.776918684109157], [77.81413907749757, 8.776828341906473], [77.8142298923219, 8.776827664271321], [77.8142292111384, 8.77673732207762], [77.81432002594475, 8.776736644433486], [77.8143193447433, 8.776646302239783], [77.8145917890366, 8.776644269199581], [77.81459110778124, 8.776553927032829], [77.81468192251573, 8.77655324931683], [77.8146812412424, 8.776462907150078], [77.81477205594096, 8.776462229425094], [77.81477137465865, 8.776371887267326], [77.81486218933026, 8.776371209524378], [77.81486082673868, 8.776190525217823], [77.81504245596511, 8.776189169687008], [77.81504518135488, 8.776550538228252], [77.81495436665632, 8.776551216034083], [77.81495504799253, 8.776641558173885], [77.81477341853252, 8.77664291373165], [77.81477409984178, 8.776733255889418], [77.81468328507137, 8.776733933641351], [77.81468396636267, 8.77682427579912], [77.81459315157427, 8.77682495354207], [77.8145938328476, 8.776915295708822], [77.81450301802327, 8.776915973433804], [77.81450369928763, 8.777006315609539], [77.81441288443635, 8.777006993316556], [77.81441356568273, 8.777097335492291], [77.81432275079553, 8.777098013190324], [77.81432343203292, 8.777188355375044]]], [[[77.81316190711865, 8.779726747142615], [77.81316326944074, 8.779907431673749], [77.81307245378098, 8.779908109281951], [77.81307313492854, 8.779998451556501], [77.81298231924184, 8.779999129146736], [77.81298095698264, 8.779818444588653], [77.8130717726334, 8.779817767007401], [77.81307109149483, 8.779727424741834], [77.81316190711865, 8.779726747142615]]], [[[77.81325204155, 8.779635727268847], [77.81325272272451, 8.77972606952543], [77.81316190711865, 8.779726747142615], [77.8131612259621, 8.77963640487705], [77.81325204155, 8.779635727268847]]], [[[77.81334217594541, 8.779544707386094], [77.81334285713788, 8.779635049642678], [77.81325204155, 8.779635727268847], [77.81325136038447, 8.779545385012263], [77.81334217594541, 8.779544707386094]]], [[[77.81343231029591, 8.77945368749436], [77.81343299149736, 8.77954402974196], [77.81334217594541, 8.779544707386094], [77.8133414947709, 8.779454365129512], [77.81343231029591, 8.77945368749436]]], [[[77.81352244460147, 8.779362667593642], [77.81352312582091, 8.77945300983226], [77.81343231029591, 8.77945368749436], [77.81343162910342, 8.77936334524676], [77.81352244460147, 8.779362667593642]]], [[[77.81370339433325, 8.779270970003873], [77.81370407558862, 8.779361312224525], [77.81352244460147, 8.779362667593642], [77.81352176339104, 8.779272325355025], [77.81370339433325, 8.779270970003873]]]]}, "id": "+1011+3060", "properties": {"count": 5430, "water": 1}}, {"type": "Feature", "geometry": {"geodesic": false, "type": "Polygon", "coordinates": [[[77.81836052259808, 8.758546724819494], [77.81845133265234, 8.758546047579602], [77.81844997114774, 8.758365363668306], [77.81854078114812, 8.75836468641943], [77.81853873887323, 8.758093660574945], [77.81872035873921, 8.758092306050242], [77.81872308196404, 8.758453673783004], [77.8186322719457, 8.758454351085778], [77.81863499520645, 8.758815718845488], [77.8185441850893, 8.758816396148262], [77.81854554671968, 8.758997080041592], [77.81845473655761, 8.758997757344368], [77.81845609817002, 8.75917844124668], [77.81836528796303, 8.759179118540471], [77.81836052259808, 8.758546724819494]]]}, "id": "+1015+3074", "properties": {"count": 26, "water": 1}}, {"type": "Feature", "geometry": {"geodesic": false, "type": "Polygon", "coordinates": [[[77.821602281965, 8.766924785591726], [77.82169309380691, 8.766924106923513], [77.82169104721115, 8.76665308194141], [77.8217818589812, 8.766652403282178], [77.82177844803314, 8.766200694999634], [77.82186925968641, 8.766200016340402], [77.8218685774968, 8.766109674694674], [77.82195938911414, 8.76610899602646], [77.82196075353828, 8.766289679317918], [77.82205156520052, 8.76628900061377], [77.82205224744403, 8.766379342250518], [77.82196143576381, 8.766380020954664], [77.82196348248536, 8.766651045882869], [77.82187267073327, 8.766651724587016], [77.82187471745482, 8.766922749533185], [77.82178390563087, 8.766923428237332], [77.8217852701089, 8.767104111546757], [77.82169445823105, 8.767104790250905], [77.8216937760145, 8.767014448587208], [77.82160296415462, 8.767015127255423], [77.821602281965, 8.766924785591726]]]}, "id": "+1050+2985", "properties": {"count": 21, "water": 1}}, {"type": "Feature", "geometry": {"geodesic": false, "type": "Polygon", "coordinates": [[[77.82103777590635, 8.703957199519877], [77.82112857255774, 8.703956525828328], [77.82112992676804, 8.704137209829456], [77.82122072344639, 8.704136536101977], [77.82121869208603, 8.70386551011376], [77.82158187848503, 8.70386281506011], [77.82158120129006, 8.703772473090988], [77.82167199785164, 8.703771799273676], [77.82166725754968, 8.703139405534733], [77.82175805394955, 8.703138731744371], [77.82175669960452, 8.702958047833075], [77.8218474959505, 8.702957374042713], [77.8218468187645, 8.702867032091556], [77.82175602243649, 8.702867705872935], [77.82175534527745, 8.702777363912796], [77.8216645489674, 8.702778037667224], [77.8216631947122, 8.70259735372898], [77.82148160215499, 8.702598701139024], [77.8214822792242, 8.702689043126114], [77.82139148291415, 8.702689716808678], [77.82139080585392, 8.702599374821588], [77.82130000956185, 8.70260004846822], [77.82129933252857, 8.702509706472147], [77.82139012881167, 8.702509032825516], [77.8213867436812, 8.702057322872104], [77.8216591321442, 8.70205530190526], [77.821658455075, 8.701964959936138], [77.82202163950669, 8.701962265044184], [77.82202231666572, 8.702052606986358], [77.82229470497602, 8.702050585570356], [77.82229538220693, 8.702140927494563], [77.82220458608553, 8.70214160132984], [77.82220661775132, 8.702412627111444], [77.82211582155806, 8.702413300946722], [77.82211649877998, 8.702503642879913], [77.8222072949912, 8.70250296903565], [77.8222079722311, 8.702593310968842], [77.82202637975475, 8.702594658639397], [77.82202705696768, 8.702685000581571], [77.82193626069358, 8.7026856743899], [77.82193693788855, 8.702776016341055], [77.82211853046373, 8.702774668679483], [77.82211988496148, 8.702955352536879], [77.8222106812805, 8.70295467866567], [77.82221135856531, 8.703045020589876], [77.8223021549023, 8.703044346682733], [77.82230418684657, 8.703315372428404], [77.82221339044668, 8.703316046353514], [77.8222147450702, 8.703496730201927], [77.82212394861642, 8.703497404118053], [77.82212191675302, 8.703226378327466], [77.82203112036213, 8.70322705220766], [77.82203179761999, 8.70331739414085], [77.82194100120215, 8.703318068003078], [77.8219437102156, 8.70367943577177], [77.82185291369896, 8.703680109642981], [77.82185359095682, 8.703770451594137], [77.82176279440422, 8.703771125447382], [77.82176482614187, 8.704042151309833], [77.82149243626851, 8.704044172806684], [77.8214931134545, 8.704134514775806], [77.82140231679412, 8.704135188575151], [77.82140299397112, 8.704225530553257], [77.82131219728379, 8.704226204334637], [77.82131287445182, 8.704316546321726], [77.82122207772855, 8.70431722009412], [77.82122140058746, 8.70422687809805], [77.82103980716788, 8.704228225553008], [77.82103777590635, 8.703957199519877]], [[77.82193829229647, 8.702956700225402], [77.82202908863346, 8.702956026399107], [77.82203044311325, 8.70313671027447], [77.82193964673134, 8.703137384118731], [77.82193829229647, 8.702956700225402]]]}, "id": "+1056+3695", "properties": {"count": 136, "water": 1}}, {"type": "Feature", "geometry": {"geodesic": false, "type": "Polygon", "coordinates": [[[77.8314029105452, 8.753931930425995], [77.8316753342581, 8.753929890298085], [77.83167465067609, 8.753839549362025], [77.83185626640983, 8.753838189186922], [77.8318590009624, 8.754199552886247], [77.83194980890563, 8.754198872735811], [77.83195459481506, 8.754831259153486], [77.83204540290201, 8.754830578931186], [77.83204608665469, 8.754920919840297], [77.83168285417212, 8.754923640621696], [77.83168353784394, 8.755013981548773], [77.83159272968511, 8.755014661699208], [77.83159204604024, 8.754924320754165], [77.8315012378904, 8.75492500087765], [77.83150055427247, 8.754834659923622], [77.83159136239536, 8.754833979818104], [77.83158999513255, 8.754653297928018], [77.8314991870456, 8.754653978024553], [77.83149645269064, 8.75429261421743], [77.83140564469352, 8.75429329426905], [77.8314029105452, 8.753931930425995]]]}, "id": "+1160+3120", "properties": {"count": 58, "water": 1}}, {"type": "Feature", "geometry": {"geodesic": false, "type": "Polygon", "coordinates": [[[77.83213074104839, 8.754107171471935], [77.83231235684501, 8.754105811036318], [77.83231167309233, 8.754015470145173], [77.83249328880811, 8.754014109637692], [77.83249534021886, 8.75428513226621], [77.83258614812615, 8.75428445195408], [77.83258888353213, 8.754645815419842], [77.83249807552602, 8.754646495758923], [77.8324987593775, 8.7547368366321], [77.83222633526935, 8.75473887753256], [77.83222360018677, 8.754377513950017], [77.83213279222558, 8.7543781941813], [77.83213210849087, 8.754287853281172], [77.83222291643409, 8.754287173058874], [77.8322222326904, 8.754196832158746], [77.83213142476514, 8.754197512381044], [77.83213074104839, 8.754107171471935]]]}, "id": "+1167+3118", "properties": {"count": 29, "water": 1}}, {"type": "Feature", "geometry": {"geodesic": false, "type": "Polygon", "coordinates": [[[77.83267080161255, 8.753470703864194], [77.83276160931324, 8.753470023579013], [77.83276024170007, 8.753289341859606], [77.83303266462246, 8.75328730091423], [77.83303608404162, 8.753739005091473], [77.83294527629603, 8.753739685466487], [77.83294596017447, 8.753830026303733], [77.83276434462039, 8.75383138699986], [77.83276366078687, 8.753741046144649], [77.83267285301432, 8.753741726456779], [77.83267080161255, 8.753470703864194]]]}, "id": "+1173+3126", "properties": {"count": 20, "water": 1}}, {"type": "Feature", "geometry": {"geodesic": false, "type": "Polygon", "coordinates": [[[77.83324026594937, 8.720670838135554], [77.83351266508437, 8.720668804385683], [77.83351334647448, 8.72075914533971], [77.83360414619811, 8.720758467372182], [77.8336055090502, 8.720939149262268], [77.83369630880978, 8.720938471258807], [77.83369767174271, 8.721119153130928], [77.83378847152923, 8.721118475091535], [77.83379119756577, 8.721479838808825], [77.83388199744213, 8.721479160724517], [77.83388267898495, 8.72156950164261], [77.83406427874665, 8.721568145384161], [77.83406223399241, 8.721297122665812], [77.83415303380589, 8.721296444527603], [77.83415235220917, 8.721206103618494], [77.83424315198671, 8.721205425471302], [77.83424451522507, 8.72138610725359], [77.83433531503854, 8.721385429061483], [77.83433667833978, 8.72156611083479], [77.834155078623, 8.721567467227986], [77.83415576024667, 8.721657808119131], [77.83406496035235, 8.72165848629327], [77.83406632357274, 8.721839168102509], [77.83424792343325, 8.721837811718295], [77.83424928677941, 8.722018493500585], [77.8344308867028, 8.722017136990607], [77.83443634068931, 8.722739863985014], [77.83452714081719, 8.722739185640194], [77.83452850443284, 8.722919867368583], [77.83461930459666, 8.722919188996814], [77.83462407762424, 8.723551574974312], [77.8345332773167, 8.723552253408965], [77.83453464105811, 8.723732935128371], [77.83435304032623, 8.723734291943776], [77.83435235849595, 8.723643951070597], [77.8342615581345, 8.723644629433384], [77.83426087633117, 8.723554288551224], [77.83435167666566, 8.72355361019742], [77.83435031303205, 8.72337292844208], [77.83425951274246, 8.7233736067869], [77.8342588309571, 8.72328326590474], [77.83434963122872, 8.723282587568903], [77.83434758586363, 8.723011564940386], [77.83425678565489, 8.723012243258257], [77.83425133183907, 8.722289516165034], [77.83416053180102, 8.722290194402056], [77.83415985012346, 8.722199853510912], [77.8339782500743, 8.722201209913093], [77.83397756845062, 8.722110868995], [77.83388676843053, 8.722111547160155], [77.8338847236763, 8.721840524405875], [77.83370312375291, 8.721841880619408], [77.83370380528676, 8.721932221555468], [77.83361300529361, 8.721932899630795], [77.83361573142, 8.722294263393001], [77.83370653150295, 8.722293585281744], [77.83370789465148, 8.72247426714488], [77.83398029498125, 8.722472232640424], [77.83398165829146, 8.722652914458646], [77.83380005799079, 8.72265427084286], [77.83380210287976, 8.722925293606124], [77.83389290309748, 8.722924615405034], [77.83389426643465, 8.72310529723224], [77.83371266590939, 8.723106653643402], [77.83371130265306, 8.722925971789248], [77.83362050241739, 8.722926649945423], [77.83361845766315, 8.722655627137241], [77.83343685729959, 8.722656983350776], [77.83343617577472, 8.722566642405733], [77.83334537560192, 8.722567320472075], [77.83334333112617, 8.72229629759203], [77.83325253101626, 8.722296975613457], [77.83325048667525, 8.722025952715445], [77.83306888656321, 8.722027308650501], [77.8330682051731, 8.721936967669524], [77.83297740512606, 8.72193764560112], [77.83297536106353, 8.721666622631243], [77.83288456107938, 8.721667300517923], [77.83288115456901, 8.721215595514229], [77.83279035467469, 8.721216273347009], [77.83278899217295, 8.721035591331159], [77.83269819232353, 8.721036269119024], [77.83269614867423, 8.720765246068298], [77.83260534887873, 8.720765923820231], [77.83260330537315, 8.720494900742557], [77.83251250564052, 8.720495578449572], [77.83250705676544, 8.719772850170575], [77.83241625719451, 8.719773527796743], [77.83241421405725, 8.719502504665169], [77.83250501355631, 8.719501827056966], [77.83250092734467, 8.718959780811785], [77.83259172670898, 8.71895910322155], [77.8325910456782, 8.718868762186675], [77.83268184501556, 8.718868084587456], [77.83267912087446, 8.718506720474906], [77.832769920122, 8.718506042875688], [77.83276855805146, 8.718325360832887], [77.8328593572361, 8.718324683233668], [77.83285731412579, 8.71805366017396], [77.83294811323857, 8.718052982574742], [77.83294538910646, 8.717691618525073], [77.83303618812941, 8.717690940934839], [77.83303550708965, 8.717600599926913], [77.83312630608566, 8.71759992231871], [77.83312562502792, 8.717509581319769], [77.83303482605886, 8.717510258918987], [77.83303414503706, 8.717419917911062], [77.83312494398815, 8.717419240320826], [77.8331229008958, 8.717148217315016], [77.83321369977503, 8.717147539715798], [77.83321233770448, 8.716966857726897], [77.83339393535513, 8.716965502501509], [77.83339461643084, 8.717055843482486], [77.83348541526514, 8.717055165829368], [77.83348813972066, 8.717416529717338], [77.83357893862683, 8.717415852019306], [77.83357961978338, 8.717506192982315], [77.83376121763166, 8.717504837496415], [77.83376053643917, 8.71741449654239], [77.83385133532738, 8.71741381877249], [77.83385065411694, 8.717323477827447], [77.83412305068275, 8.717321444418937], [77.83412441324738, 8.717502126264108], [77.83403361435019, 8.717502804096888], [77.83403497689685, 8.717683485960025], [77.83385337900364, 8.717684841598638], [77.83385269777523, 8.717594500662578], [77.833671099891, 8.717595856202374], [77.8336717810835, 8.717686197156402], [77.83349018313639, 8.717687552633317], [77.83349086428396, 8.717777893605309], [77.83358166328895, 8.717777215871344], [77.83358234447245, 8.717867556834353], [77.83376394249142, 8.717866201285572], [77.83376462372881, 8.717956542239598], [77.83385542275177, 8.717955864424784], [77.8338547414964, 8.717865523479741], [77.83412713845748, 8.717863489945467], [77.83412781977572, 8.717953830863559], [77.83421861877171, 8.717953152958914], [77.83421930011691, 8.718043493877008], [77.83412850110294, 8.718044171781653], [77.83412918243916, 8.718134512699747], [77.83376598622156, 8.718137224129686], [77.83376666747692, 8.718227565074729], [77.83331267192197, 8.718230953915239], [77.83331130963582, 8.718050271953286], [77.83312971145517, 8.718051627304439], [77.83313039254882, 8.71814196830338], [77.83303959342706, 8.718142645956497], [77.83304095559643, 8.718323327963367], [77.83313175476312, 8.718322650292281], [77.83313243588373, 8.718412991291224], [77.83322323506837, 8.718412313593191], [77.83322391621594, 8.71850265458315], [77.83313311701332, 8.718503332281182], [77.83313652274217, 8.718955037248945], [77.83322732206156, 8.718954359514978], [77.83322868444652, 8.71913504147693], [77.83295628635358, 8.719137074669845], [77.83295560522397, 8.719046733670902], [77.83277400650432, 8.719048089004088], [77.83277468758901, 8.719138430029979], [77.83268388819775, 8.719139107674113], [77.83268456927344, 8.719229448700005], [77.83277536869166, 8.719228771046888], [77.83277741202656, 8.719499794097613], [77.83286821149866, 8.719499116408564], [77.83286957380278, 8.719679798424414], [77.83296037331083, 8.719679120690447], [77.8329617356868, 8.719859802697316], [77.83305253523078, 8.719859124927417], [77.83305457891602, 8.72013014791526], [77.83314537852287, 8.720129470100446], [77.83314605978723, 8.720219811090404], [77.83332765900992, 8.72021845538891], [77.8333290216554, 8.720399137332896], [77.83323822199463, 8.72039981520161], [77.83324026594937, 8.720670838135554]], [[77.83324026594937, 8.720670838135554], [77.83324162861281, 8.72085152007954], [77.83333242838137, 8.720850842174894], [77.83333379111667, 8.721031524109895], [77.83342459092115, 8.721030846160334], [77.83342527232026, 8.721121187123343], [77.83351607213373, 8.721120509146832], [77.83352084231365, 8.721752895798067], [77.83343004234746, 8.721753573819495], [77.83342936089447, 8.721663232865469], [77.83333856094625, 8.721663910859945], [77.83333719810315, 8.721483228933927], [77.83324639818188, 8.721483906892471], [77.83324503541064, 8.721303224948485], [77.83315423553428, 8.721303902871098], [77.83315355418011, 8.721213561899106], [77.83306275431273, 8.721214239785786], [77.83306002906671, 8.720852875834932], [77.83296922928018, 8.720853553685679], [77.83296786674251, 8.720672871687794], [77.83324026594937, 8.720670838135554]], [[77.8329658229944, 8.720401848699952], [77.83305662266413, 8.720401170885138], [77.83305730393747, 8.720491511875096], [77.83296650423179, 8.720492189698893], [77.8329658229944, 8.720401848699952]]]}, "id": "+1180+3528", "properties": {"count": 491, "water": 1}}, {"type": "Feature", "geometry": {"geodesic": false, "type": "Polygon", "coordinates": [[[77.83392150229406, 8.738734947355514], [77.83419391437377, 8.738732908934404], [77.83419528036995, 8.738913590563978], [77.83428608442348, 8.738912911033381], [77.83428676744852, 8.739003251843679], [77.83437757152001, 8.739002572286132], [77.83437825458098, 8.739092913078462], [77.83428745049153, 8.739093592653974], [77.83428881658654, 8.7392742742566], [77.83419801244318, 8.739274953823129], [77.8342000615722, 8.739545976254016], [77.83410925735699, 8.739546655811562], [77.8341078913069, 8.739365974173005], [77.83401708712762, 8.739366653694619], [77.83401435519812, 8.739005290390551], [77.83410515928759, 8.739004610895888], [77.83410447630746, 8.73891427007661], [77.8339228681555, 8.738915629030004], [77.83392150229406, 8.738734947355514]]]}, "id": "+1187+3287", "properties": {"count": 22, "water": 1}}, {"type": "Feature", "geometry": {"geodesic": false, "type": "MultiPolygon", "coordinates": [[[[77.83490739071502, 8.724994992814755], [77.83490534454144, 8.724723970338951], [77.8348145439644, 8.724724648926317], [77.83481113392365, 8.724272944758056], [77.83490193438391, 8.724272266206622], [77.83490261640284, 8.724362607034886], [77.83499341688106, 8.724361928456503], [77.83499819134596, 8.724994314191456], [77.83490739071502, 8.724994992814755]]], [[[77.83490739071502, 8.724994992814755], [77.83491011906023, 8.725356356109838], [77.835000919781, 8.725355677450606], [77.83500160189874, 8.725446018269887], [77.83509240263749, 8.725445339583706], [77.83509513129711, 8.725806702806922], [77.83518593211669, 8.725806024075828], [77.83518661431529, 8.725896364868158], [77.83527741514386, 8.72589568611011], [77.83527946187438, 8.726166708478116], [77.83537026275685, 8.726166029666173], [77.83537162732472, 8.726346711232866], [77.83546242824312, 8.726346032393971], [77.83546447521618, 8.726617054708079], [77.83555527619747, 8.72661637582427], [77.83555732329631, 8.72688739812041], [77.8356481243315, 8.726886719191684], [77.8356501715561, 8.727157741460875], [77.83555937045803, 8.727158420407568], [77.83556073526844, 8.727339101929344], [77.8356515364204, 8.727338422964687], [77.83565290130268, 8.72751910447748], [77.83574370249057, 8.72751842547689], [77.83574438495866, 8.727608766224304], [77.83592598735243, 8.727607408142275], [77.83592666987441, 8.727697748871721], [77.83574506744472, 8.727699106971718], [77.83574574993975, 8.727789447710148], [77.83565494868897, 8.72779012673769], [77.8356576786332, 8.728151489736327], [77.8357484799738, 8.72815081069082], [77.83574779745182, 8.728060469943408], [77.8358385987565, 8.728059790879934], [77.8358413289702, 8.728421153824675], [77.8357505275757, 8.728421832915096], [77.83575121012463, 8.728512173653527], [77.83566040870318, 8.728512852734966], [77.83566177377409, 8.728693534229794], [77.83557097230772, 8.72869421330225], [77.83557370245855, 8.729055576318855], [77.83548290089335, 8.729056255400295], [77.83549313968436, 8.730411366737266], [77.83540233778679, 8.730412045899554], [77.8354050683239, 8.730773408934125], [77.83531426632752, 8.730774088105395], [77.83531631424381, 8.731045110392554], [77.83522551217557, 8.731045789563824], [77.83522824273963, 8.731407152643312], [77.83513744057257, 8.731407831823566], [77.83514017117255, 8.731769194921018], [77.83504936891566, 8.731769874101273], [77.8350520995426, 8.732131237225675], [77.83496129719587, 8.732131916414913], [77.83496197984363, 8.73222225719826], [77.8350527822173, 8.732221578000038], [77.83505619570758, 8.732673281889822], [77.83514699818905, 8.732672602637702], [77.83515450874263, 8.733666351065867], [77.8350637060276, 8.733667030398836], [77.8350650716375, 8.733847711938578], [77.83497426886858, 8.733848391262564], [77.8349770000884, 8.734209754369], [77.83488619722964, 8.734210433701968], [77.83488961130382, 8.734662137600733], [77.83479880832829, 8.734662816951667], [77.83480017396515, 8.734843498527344], [77.8347093709357, 8.73484417786031], [77.83471005374516, 8.73493451865264], [77.83461925068876, 8.734935197985607], [77.83462129909014, 8.735206220380563], [77.83453049596189, 8.735206899704547], [77.83453186155384, 8.735387581316155], [77.83444105837168, 8.735388260631156], [77.83444378956456, 8.73574962387234], [77.83435298629257, 8.735750303196324], [77.83435503469396, 8.73602132564518], [77.83426423134112, 8.736022004969163], [77.83426696256993, 8.736383368255263], [77.83417615912727, 8.73638404758823], [77.83417752473717, 8.736564729235772], [77.83408672124061, 8.736565408559755], [77.83408945246941, 8.736926771890772], [77.83390784527866, 8.736928130529757], [77.83390852806116, 8.737018471375984], [77.83399933168349, 8.737017792060984], [77.83400001449293, 8.73710813289823], [77.83381840720335, 8.737109491528232], [77.83381567618116, 8.736748128116368], [77.8339064797406, 8.7367474488373], [77.83390579698506, 8.736657107991071], [77.83381499344358, 8.736657787261157], [77.83381294527575, 8.73638676469552], [77.83390374874537, 8.736386085452384], [77.83390238329714, 8.736205403750944], [77.83399318672186, 8.736204724498826], [77.83399045581643, 8.735843361122894], [77.83408125914232, 8.735842681879758], [77.83407989369411, 8.735662000205268], [77.8341706969661, 8.735661320953149], [77.83416796606967, 8.735299957622134], [77.83425876925182, 8.735299278378998], [77.8342553556807, 8.734847574237687], [77.83434615874607, 8.734846895003534], [77.8343447933248, 8.734666213364976], [77.83425399030435, 8.734666892581162], [77.83425330762066, 8.7345765517529], [77.83434411062315, 8.734575872536713], [77.8343427452468, 8.734395190889172], [77.83443354819539, 8.734394511672985], [77.83443218281006, 8.73421383004341], [77.83452298570475, 8.73421315081824], [77.83451957225041, 8.733761446757777], [77.83461037502832, 8.733760767550574], [77.83460218321937, 8.732676677844989], [77.8346929857278, 8.732675998691684], [77.83469093787438, 8.732404976278763], [77.83460013542884, 8.732405655405119], [77.83459808770118, 8.732134632965247], [77.83468889008384, 8.732133953856858], [77.83468752493206, 8.73195327224525], [77.83459672259433, 8.731953951335672], [77.8345960400454, 8.731863610516392], [77.83468684236517, 8.731862931434954], [77.83468547725832, 8.731682249814362], [77.83477627952419, 8.73168157072394], [77.83477559695729, 8.731591229922627], [77.83468479470937, 8.731591909004067], [77.83468274712546, 8.731320886573178], [77.83477354930149, 8.731320207509706], [77.83477218423057, 8.731139525898095], [77.8348629863617, 8.731138846834623], [77.83485752621276, 8.73041612042412], [77.83494832816422, 8.73041544139658], [77.83494696315618, 8.730234759802938], [77.83503776505374, 8.730234080757432], [77.83503708254074, 8.730143739974086], [77.83512788440237, 8.730143060919596], [77.8351224243792, 8.72942033464384], [77.83521322606116, 8.729419655625284], [77.83521254357511, 8.729329314841937], [77.83530334523013, 8.729328635805414], [77.83530198022208, 8.72914795426567], [77.83521117861198, 8.729148633284227], [77.83520503664174, 8.728335566234108], [77.8352958380632, 8.728334887278434], [77.83529447321685, 8.728154205729707], [77.8352036718493, 8.728154884667415], [77.83520230707482, 8.727974203091739], [77.8351115057342, 8.7279748820025], [77.8351087763739, 8.727613518824196], [77.83501797511414, 8.727614197681056], [77.83501524595145, 8.72725283445784], [77.83510604712139, 8.727252155636911], [77.83510331799464, 8.726890792440644], [77.83519411906575, 8.726890113619715], [77.83519275449788, 8.726709432035056], [77.83510195347168, 8.726710110838019], [77.83509922451562, 8.726348747632766], [77.83500842356128, 8.726349426390811], [77.83500637698347, 8.726078403959924], [77.83491557609202, 8.726079082673055], [77.83491421179365, 8.725898401034495], [77.83473261006463, 8.72589975836194], [77.83473192797385, 8.725809417533679], [77.8348227288114, 8.72580873888343], [77.83482000041228, 8.725447375570381], [77.83472919965558, 8.725448054193679], [77.83472783554585, 8.72526737251919], [77.83463703482508, 8.725268051106553], [77.83463567078722, 8.725087369414098], [77.83454487010238, 8.72508804796553], [77.8345441881104, 8.724997707110319], [77.83436258676767, 8.724999064123352], [77.83436190482959, 8.724908723259158], [77.8342711041717, 8.724909401729743], [77.83426837658108, 8.724548038228047], [77.83435917715812, 8.724547359784411], [77.8343612229005, 8.724818382394963], [77.83445202353144, 8.724817703906412], [77.83445134159335, 8.724727363042216], [77.83463294279235, 8.724726006029183], [77.83463430677631, 8.72490668772164], [77.83472510740725, 8.724906009170207], [77.83472578942619, 8.724996350007451], [77.83490739071502, 8.724994992814755]]], [[[77.83592666987441, 8.727697748871721], [77.83601747108027, 8.727697069790283], [77.83601883620508, 8.727877751240195], [77.8359280349543, 8.727878430330618], [77.83592940006116, 8.728059111798496], [77.8358385987565, 8.728059790879934], [77.83583655118154, 8.727788768673625], [77.83592735241436, 8.72778808960117], [77.83592666987441, 8.727697748871721]]]]}, "id": "+1196+3447", "properties": {"count": 647, "water": 1}}, {"type": "Feature", "geometry": {"geodesic": false, "type": "Polygon", "coordinates": [[[77.83473956537853, 8.71478715441285], [77.83483036355706, 8.714786476616002], [77.83482968231966, 8.714696135733842], [77.83492048047125, 8.714695457919026], [77.8349191179785, 8.714514776181653], [77.83500991607619, 8.714514098357856], [77.83500855356547, 8.714333416620484], [77.83509935161824, 8.714332738796685], [77.83509867034492, 8.714242397932491], [77.83518946837074, 8.714241720090726], [77.83518742455075, 8.713970697534075], [77.83527822249573, 8.713970019683327], [77.83527754121343, 8.713879678837099], [77.83536833913145, 8.713879000977368], [77.83536697654887, 8.713698319293895], [77.83545777442198, 8.713697641434164], [77.83545709311271, 8.71360730059692], [77.83554789095888, 8.713606622719222], [77.83554720964064, 8.71351628189096], [77.83563800745087, 8.713515603995297], [77.83563664479641, 8.713334922347755], [77.83572744255274, 8.713334244452094], [77.83572607988032, 8.713153562822518], [77.83581687759174, 8.713152884908888], [77.83581551491034, 8.712972203288297], [77.83590631256784, 8.712971525374668], [77.83590563121368, 8.712881184573355], [77.83608722646582, 8.712879828683214], [77.83608790786492, 8.712970169475543], [77.83636030074763, 8.712968135465163], [77.8363630266674, 8.713329498526683], [77.83618143124457, 8.713330854614453], [77.83618211269756, 8.713421195388817], [77.83609131495021, 8.713421873410242], [77.83609267783822, 8.713602554976935], [77.83600188004596, 8.71360323298938], [77.83600324291601, 8.713783914574039], [77.83591244506985, 8.7137845925775], [77.83591380793092, 8.713965274171143], [77.83582301003085, 8.71396595216562], [77.83582369144791, 8.714056292975917], [77.8357328935209, 8.714056970952427], [77.8357322121308, 8.713966630142131], [77.83555061629474, 8.713967986023288], [77.83555129764892, 8.71405832685155], [77.83546049970394, 8.71405900476518], [77.83546118104015, 8.714149345602426], [77.83537038306822, 8.714150023498089], [77.83537174572267, 8.714330705172578], [77.83528094769684, 8.714331383068242], [77.8352816290061, 8.714421723914471], [77.83519083095334, 8.714422401792167], [77.83519151225362, 8.71451274264738], [77.83510071417389, 8.714513420516091], [77.83510139545619, 8.714603761371304], [77.83501059734054, 8.71460443922205], [77.83501264118748, 8.714875461814636], [77.83492184299995, 8.714876139665384], [77.83492456814716, 8.715237503149112], [77.83483376986082, 8.71523818099986], [77.83483445114314, 8.71532852188202], [77.83474365282984, 8.715329199723785], [77.83473956537853, 8.71478715441285]]]}, "id": "+1210+3573", "properties": {"count": 106, "water": 1}}, {"type": "Feature", "geometry": {"geodesic": false, "type": "Polygon", "coordinates": [[[77.83617393572878, 8.712337106015607], [77.83626473320663, 8.712336428057062], [77.83626405181653, 8.712246087282699], [77.83635484925846, 8.712245409315171], [77.83635348646925, 8.712064727775427], [77.83644428385728, 8.712064049798917], [77.8364436024492, 8.711973709033536], [77.83671599453241, 8.711971674996205], [77.83671667600338, 8.712062015743617], [77.83680747337343, 8.712061337677275], [77.8368088363872, 8.712242019145155], [77.8368996337932, 8.712241341051861], [77.83690031532704, 8.71233168178131], [77.83680951790308, 8.712332359883584], [77.83681019942794, 8.712422700622016], [77.83671940197704, 8.712423378706324], [77.83672076500878, 8.712604060192168], [77.83635757494466, 8.712606772394658], [77.83635825638866, 8.712697113160038], [77.83626745882997, 8.7126977911635], [77.8362667774129, 8.712607450389136], [77.83617597987217, 8.712608128365646], [77.83617393572878, 8.712337106015607]]]}, "id": "+1217+3583", "properties": {"count": 40, "water": 1}}, {"type": "Feature", "geometry": {"geodesic": false, "type": "Polygon", "coordinates": [[[77.73648314315582, 8.726802063181017], [77.73675556925824, 8.726800097460563], [77.73675425204956, 8.726619400667426], [77.73738991240424, 8.726614813321614], [77.73739254745941, 8.726976206701275], [77.73712012137496, 8.726978172924786], [77.73711946266731, 8.726887824559658], [77.73702865397848, 8.72688847991659], [77.73702931266816, 8.7269788282907], [77.73675688649388, 8.726980794244717], [77.73675622787606, 8.726890445852641], [77.73648380170178, 8.726892411600044], [77.73648314315582, 8.726802063181017]]]}, "id": "+122+3429", "properties": {"count": 30, "water": 1}}, {"type": "Feature", "geometry": {"geodesic": false, "type": "Polygon", "coordinates": [[[77.83671190584141, 8.711429630529688], [77.83680270304977, 8.711428952517243], [77.83680202160576, 8.711338611769829], [77.83689281879616, 8.711337933748402], [77.8368914558812, 8.711157252280524], [77.8369822530177, 8.711156574250113], [77.83698157154673, 8.711066233520667], [77.83707236865628, 8.71106555547229], [77.83707168717633, 8.710975214751825], [77.83716248424994, 8.710974536685482], [77.83716043978318, 8.710703514551039], [77.8372512367939, 8.710702836484696], [77.83724987380707, 8.710522155070716], [77.83734067076391, 8.71052147699539], [77.83733998925702, 8.710431136292893], [77.8374307861869, 8.710430458208583], [77.83743010467103, 8.710340117515068], [77.83752090156497, 8.710339439412794], [77.83752022003114, 8.710249098728262], [77.83761101689814, 8.710248420617003], [77.83761033535531, 8.710158079932471], [77.83770113218637, 8.710157401803245], [77.83770045062559, 8.710067061127697], [77.83779124743869, 8.71006638298949], [77.83778988429914, 8.709885701647375], [77.83788068104936, 8.709885023500185], [77.8378799994706, 8.709794682833618], [77.83797079620285, 8.709794004668462], [77.8379694330184, 8.70961332336228], [77.83806022969675, 8.70961264518814], [77.83805954809104, 8.70952230453954], [77.83815034474244, 8.709521626356416], [77.83814966311877, 8.709431285707817], [77.83824045974323, 8.709430607506727], [77.8382390964869, 8.709249926236478], [77.83842068961903, 8.709248569798365], [77.83842000795045, 8.709158229176715], [77.83860160101071, 8.709156872666737], [77.83860500960517, 8.70960857570312], [77.83851421297173, 8.709609254003025], [77.83851489468523, 8.709699594615692], [77.83842409802484, 8.709700272906614], [77.83842477972937, 8.709790613528263], [77.83824318633673, 8.709791970047224], [77.83824454968288, 8.709972651317473], [77.83815375293267, 8.70997332956348], [77.83815511626086, 8.710154010833728], [77.83797352265263, 8.710155367289808], [77.83797420428527, 8.710245707938407], [77.83779261060518, 8.71024706432262], [77.8377946554133, 8.710518086322317], [77.8377038585014, 8.710518764496458], [77.83770454009812, 8.710609105172006], [77.83761374315027, 8.710609783337164], [77.83761442472903, 8.710700124012712], [77.83752362775422, 8.710700802168887], [77.83752635406925, 8.711062164907014], [77.83743555700462, 8.71106284306319], [77.83743692016213, 8.711243524441235], [77.8373461230436, 8.71124420259741], [77.83734816777088, 8.711515224686938], [77.8372573705805, 8.71151590283413], [77.83725668901073, 8.71142556213163], [77.8371658918383, 8.711426240251873], [77.83716657337213, 8.711516580963353], [77.83671258726746, 8.711519971268118], [77.83671190584141, 8.711429630529688]]]}, "id": "+1238+3614", "properties": {"count": 120, "water": 1}}, {"type": "Feature", "geometry": {"geodesic": false, "type": "Polygon", "coordinates": [[[77.83982627068022, 8.678881924883706], [77.83991705981272, 8.678881248640943], [77.83991773942417, 8.678971589289542], [77.8398269502737, 8.678972265541288], [77.83982627068022, 8.678881924883706]]]}, "id": "+1255+3949", "properties": {"count": 1, "water": 1}}, {"type": "Feature", "geometry": {"geodesic": false, "type": "MultiPolygon", "coordinates": [[[[77.84029945494134, 8.705530362195631], [77.84030013676265, 8.705620702691517], [77.84020934122515, 8.705621381090236], [77.8402086594308, 8.705531040585367], [77.84029945494134, 8.705530362195631]]], [[[77.84029945494134, 8.705530362195631], [77.84029740952236, 8.705259340716957], [77.84038820496104, 8.705258662327221], [77.8403854777477, 8.704897300379612], [77.84047627309654, 8.704896621989874], [77.84047286413377, 8.704444919582311], [77.84056365936584, 8.704444241210542], [77.84056093224234, 8.704082879298864], [77.84074252250883, 8.704081522555326], [77.8407418407055, 8.703991182086389], [77.84083263581181, 8.703990503687669], [77.84083127217818, 8.703809822776746], [77.8409220672216, 8.703809144369044], [77.84092479460563, 8.704170506172924], [77.84101558973887, 8.704169827711322], [77.8410183173295, 8.704531189479269], [77.84092752211541, 8.704531867958837], [77.84092820400856, 8.704622208409805], [77.84083740875853, 8.704622886880392], [77.84083809063374, 8.70471322733136], [77.84074729536574, 8.704713905792962], [77.84074797722297, 8.704804246252916], [77.84065718191904, 8.70480492469655], [77.84065922749973, 8.705075946094375], [77.84056843211495, 8.70507662453801], [77.84056911397218, 8.705166965006947], [77.84047831856044, 8.705167643432617], [77.84047968223898, 8.705348324397438], [77.84038888678234, 8.705349002814124], [77.84039025045189, 8.705529683787928], [77.84029945494134, 8.705530362195631]]]]}, "id": "+1264+3673", "properties": {"count": 57, "water": 1}}, {"type": "Feature", "geometry": {"geodesic": false, "type": "Polygon", "coordinates": [[[77.84136990521156, 8.702992688253836], [77.84146070002141, 8.702992009774269], [77.84145865436886, 8.70272098853814], [77.84154944910686, 8.702720310067555], [77.8415467215881, 8.702358948434355], [77.84163751623626, 8.702358269972754], [77.84163547060167, 8.702087248763576], [77.84172626517797, 8.70208657029299], [77.8417255832938, 8.701996229895919], [77.84181637783415, 8.701995551416351], [77.8418204693728, 8.702537593744879], [77.84172967470668, 8.702538272269361], [77.84173103856489, 8.70271895305452], [77.84164024384485, 8.702719631570021], [77.84164160768509, 8.702900312373146], [77.84155081291117, 8.702900990879662], [77.84155285868049, 8.703172012097825], [77.84146206382572, 8.703172690604342], [77.84146138192357, 8.703082350189305], [77.84137058708676, 8.703083028668873], [77.84136990521156, 8.702992688253836]]]}, "id": "+1274+3693", "properties": {"count": 25, "water": 1}}, {"type": "Feature", "geometry": {"geodesic": false, "type": "Polygon", "coordinates": [[[77.84309784349648, 8.691325214986175], [77.84300705162411, 8.691325892944722], [77.84300568896967, 8.691145212249394], [77.84309648079712, 8.691144534308815], [77.84309579945192, 8.691054193965643], [77.84318659125242, 8.691053516007099], [77.84318522855305, 8.690872835338721], [77.84327602029965, 8.690872157371192], [77.84327397623713, 8.690601136386592], [77.84336476791186, 8.690600458419064], [77.8433640865487, 8.690510118102841], [77.8434548781965, 8.690509440117347], [77.84345283408905, 8.69023841916868], [77.84354362566496, 8.690237741192169], [77.84354090021233, 8.689876379954228], [77.84363169168944, 8.689875701977716], [77.84363305445169, 8.690056382583212], [77.84372384596473, 8.690055704570769], [77.84372589022489, 8.690326725456554], [77.84381668180082, 8.690326047399195], [77.84381872618674, 8.69059706825803], [77.84390951782554, 8.690596390164739], [77.84391292539593, 8.691048091548222], [77.84382213364933, 8.69104876968643], [77.84382349669005, 8.69122945024701], [77.84373270489853, 8.691230128376235], [77.84373406792129, 8.69141080895478], [77.84364327607588, 8.69141148706604], [77.84364463908068, 8.691592167662552], [77.84355384719035, 8.69159284577381], [77.84355452867926, 8.691683186072066], [77.84346373676199, 8.691683864165359], [77.84346509972187, 8.691864544779838], [77.84337430775068, 8.69186522287313], [77.84337567070159, 8.692045903496592], [77.8432848786765, 8.6920465815809], [77.84328624161842, 8.692227262222328], [77.84319544953944, 8.692227940297656], [77.84319681246339, 8.692408620948067], [77.84310602033949, 8.69240929901441], [77.84310738325446, 8.692589979682786], [77.84301659107666, 8.692590657740146], [77.84301863542666, 8.69286167876068], [77.84292784318598, 8.69286235681804], [77.84292852463, 8.69295269716121], [77.84283773234439, 8.692953375209587], [77.84283909521444, 8.693134055913898], [77.84274830288395, 8.693134733953292], [77.842749665745, 8.693315414666586], [77.8426588733606, 8.693316092696994], [77.8426602362037, 8.693496773419271], [77.84256944377438, 8.693497451449682], [77.84256535546966, 8.69295540921997], [77.84265614777321, 8.692954731234476], [77.84265546639209, 8.692864390873337], [77.84274625865972, 8.692863712878859], [77.84274557726961, 8.69277337251772], [77.84283636951028, 8.692772694505278], [77.84283500670311, 8.692592013800967], [77.84265342229362, 8.692593369771956], [77.84264933430332, 8.692051327551226], [77.8427401263823, 8.692050649619631], [77.8427374011183, 8.691689288166094], [77.84282819309847, 8.691688610243482], [77.84282751177123, 8.691598269882345], [77.84291830372445, 8.691597591941765], [77.84291762239722, 8.691507251589611], [77.84300841431451, 8.691506573640048], [77.84300773296931, 8.691416233287894], [77.84309852485964, 8.691415555320365], [77.84309784349648, 8.691325214986175]], [[77.84309784349648, 8.691325214986175], [77.84309716214231, 8.691234874643005], [77.84327874582416, 8.691233518680999], [77.84327942722325, 8.69132385899722], [77.84309784349648, 8.691325214986175]]]}, "id": "+1295+3827", "properties": {"count": 200, "water": 1}}, {"type": "Feature", "geometry": {"geodesic": false, "type": "MultiPolygon", "coordinates": [[[[77.74115611631886, 8.757307554975858], [77.74124693205947, 8.757306896358042], [77.74124759409986, 8.757397244265027], [77.74142922559903, 8.757395926966511], [77.74142988768435, 8.757486274855532], [77.74161151920148, 8.757484957449218], [77.74161284347991, 8.757665653209294], [77.74170365927442, 8.757664994465712], [77.74170697022201, 8.758116733820982], [77.7415253384174, 8.758118051371026], [77.74152600058358, 8.758208399251064], [77.74161681651282, 8.758207740480534], [77.74161814090803, 8.758388436231625], [77.74152732493387, 8.758389095020123], [77.74152666275872, 8.758298747131102], [77.74143584680252, 8.758299405892648], [77.74143518464534, 8.758209057994645], [77.7413443687071, 8.758209716720259], [77.74134304446461, 8.758029020924253], [77.74152467625125, 8.758027703482007], [77.74152335195485, 8.757847007712948], [77.74143253610646, 8.75784766642958], [77.74143054977864, 8.757576622753536], [77.74124891819862, 8.757577940087984], [77.74124825614027, 8.757487592172014], [77.74115744036372, 8.757488250798815], [77.74115611631886, 8.757307554975858]]], [[[77.74115611631886, 8.757307554975858], [77.74106530057826, 8.757308213566725], [77.74106463859177, 8.757217865641772], [77.7411554543144, 8.757217207050905], [77.74115611631886, 8.757307554975858]]]]}, "id": "+161+3090", "properties": {"count": 30, "water": 1}}, {"type": "Feature", "geometry": {"geodesic": false, "type": "MultiPolygon", "coordinates": [[[[77.74133415463774, 8.631986745604683], [77.7415157257342, 8.631985446964176], [77.74151442078752, 8.63180475000036], [77.74169599176719, 8.631803451314937], [77.7416946867666, 8.63162275437807], [77.7416039013172, 8.631623403716288], [77.74160129148672, 8.63126200980662], [77.74151050611816, 8.631262659099926], [77.74150985369872, 8.631172310618016], [77.74169142438194, 8.631171012022426], [77.7416920768463, 8.631261360495351], [77.7417828621969, 8.63126071115713], [77.74178090475891, 8.630989665765304], [77.74159933418348, 8.630990964369879], [77.74159868176405, 8.630900615896953], [77.74123554061318, 8.630903212827626], [77.74123423596295, 8.630722515818892], [77.74114345070218, 8.63072316497745], [77.7411447553075, 8.630903862013131], [77.74105396999283, 8.630904511171689], [77.74105331770814, 8.630814162644864], [77.74096253241144, 8.630814811776471], [77.74096318466918, 8.630905160303296], [77.74087239934553, 8.63090580942592], [77.74087174710576, 8.630815460890112], [77.74050860581117, 8.630818057111115], [77.74050925796111, 8.630908405673873], [77.74041847260153, 8.630909054679716], [77.74041586411853, 8.630547660401739], [77.74032507883081, 8.630548309362666], [77.74032442675274, 8.630457960781943], [77.74023364148297, 8.630458609715921], [77.74023233738072, 8.630277912545491], [77.7401415521469, 8.630278561434555], [77.7401409001317, 8.630188212844848], [77.74005011490686, 8.630188861715943], [77.74004946291862, 8.63009851310827], [77.73995867771175, 8.630099161952417], [77.73995802575045, 8.630008813344745], [77.73968567016578, 8.630010759715487], [77.73968501827635, 8.629920411080866], [77.73950344788956, 8.62992170854458], [77.73950409973408, 8.630012057188186], [77.73868703245007, 8.630017894755312], [77.73868768410594, 8.630108243452815], [77.73859689880025, 8.630108891973569], [77.73859624716235, 8.63001854326708], [77.738142320607, 8.630021785502537], [77.73814166908586, 8.629931436751134], [77.73895873655853, 8.629925600405716], [77.73895808484875, 8.629835251717196], [77.73932122567622, 8.629832657256891], [77.7393205738856, 8.629742308604303], [77.74086392077639, 8.629731278433475], [77.74086326862644, 8.629640929888684], [77.74131719369059, 8.629637684572007], [77.74131784594834, 8.629728033080864], [77.74186255591394, 8.629724137958842], [77.74186320830643, 8.629814486422784], [77.7422263482266, 8.62981188922262], [77.74222700070892, 8.62990223765961], [77.74268092555748, 8.629898990636136], [77.74268157815659, 8.629989339037195], [77.74322628787066, 8.629985441858032], [77.74322694061348, 8.63007579022316], [77.74349929543459, 8.630073841319167], [77.7434999482403, 8.630164189657345], [77.74368151813302, 8.630162890271237], [77.74368217099263, 8.630253238600432], [77.74386374090331, 8.630251939115507], [77.74386439380784, 8.630342287417752], [77.7440459637275, 8.630340987834014], [77.74404661668594, 8.63043133613626], [77.74413740165923, 8.630430686303967], [77.74413805464462, 8.630521034588245], [77.7442288396359, 8.630520384729003], [77.74423014566953, 8.630701081288578], [77.74432093069673, 8.630700431393402], [77.74432158374499, 8.630790779668699], [77.74441236878118, 8.630790129746574], [77.74441302186538, 8.630880478012886], [77.74450380691054, 8.630879828063811], [77.74450511313283, 8.631060524578471], [77.74459589822293, 8.631059874593465], [77.74459655137, 8.63115022284181], [77.74468733646907, 8.63114957282087], [77.74468929600911, 8.631420617556929], [77.74478008117107, 8.631419967500056], [77.74478073438102, 8.631510315730436], [77.74487151956095, 8.631509665646615], [77.74487217279786, 8.631600013876994], [77.74496295798676, 8.63159936375724], [77.74496361125959, 8.631689711978638], [77.74505439646646, 8.631689061831933], [77.74505570307502, 8.631869758265744], [77.74514648831783, 8.631869108083109], [77.74514779499825, 8.63204980448997], [77.745238580268, 8.632049154280384], [77.74524054040991, 8.63232019887271], [77.74533132574254, 8.632319548618208], [77.74533328601022, 8.632590593183584], [77.74542407139676, 8.632589942884167], [77.74542603179918, 8.632860987422594], [77.7455168172486, 8.632860337087244], [77.74551943129218, 8.63322172976622], [77.74561021682244, 8.633221079376971], [77.74561087037375, 8.63331142754447], [77.745701655913, 8.63331077712827], [77.74570296307851, 8.633491473436319], [77.7457937486537, 8.633490822984188], [77.74579440226789, 8.633581171133718], [77.74588518786103, 8.633580520654638], [77.74588780247954, 8.633941913216834], [77.74597858815353, 8.633941262683853], [77.74597989555261, 8.634121958946984], [77.74607068125356, 8.634121308387057], [77.74607264246445, 8.634392352754803], [77.74616342822829, 8.634391702149959], [77.74616538957395, 8.634662746490758], [77.74625617539166, 8.634662095840996], [77.74625682921248, 8.634752443954596], [77.74634761504817, 8.634751793277886], [77.74634826888695, 8.63484214137352], [77.7464390547406, 8.63484149066986], [77.74643970861531, 8.634931838765493], [77.74653049447795, 8.6349311880259], [77.7465311483796, 8.63502153611255], [77.74662193426022, 8.635020885346009], [77.74662258818883, 8.635111233423675], [77.74671337407841, 8.635110582639168], [77.74671402804296, 8.635200930707851], [77.74816660171041, 8.63519051502061], [77.7481659474045, 8.635100167059724], [77.7482567331773, 8.635099515906909], [77.74825738750117, 8.63518986385881], [77.74852974483755, 8.635187910238663], [77.74853039923329, 8.6352782581726], [77.74925668533488, 8.635273047530726], [77.74925799449467, 8.635453743281818], [77.74934878026747, 8.63545309184154], [77.74935008949912, 8.635633787574665], [77.7492593036814, 8.63563443903291], [77.74925995829273, 8.635724786903964], [77.74935074412842, 8.635724135445718], [77.74935139875771, 8.63581448330779], [77.74944218461137, 8.635813831822597], [77.7494428392766, 8.635904179675684], [77.74962441100188, 8.63590287662445], [77.74962964890761, 8.636625659368303], [77.74972043493194, 8.636625007757345], [77.74972174452292, 8.636805703418606], [77.7494493862972, 8.636807658251477], [77.74944873156011, 8.636717310389407], [77.74935794549086, 8.63671796195545], [77.749358600201, 8.63680830981752], [77.74917702799962, 8.636809612886722], [77.7491763733344, 8.636719265006684], [77.74908558724718, 8.63671991650086], [77.7490836233503, 8.636448872851766], [77.74899283731699, 8.636449524301026], [77.74899152813026, 8.636268828522986], [77.74890074213288, 8.636269479936315], [77.74889943301801, 8.636088784140307], [77.74835471715048, 8.636092692108237], [77.7483540627278, 8.636002344165318], [77.74844484870721, 8.636001692904703], [77.74844419427555, 8.635911344961784], [77.74799026444134, 8.635914601058245], [77.74799091876521, 8.636004949028115], [77.74808170477158, 8.636004297839364], [77.74808235912239, 8.636094645809234], [77.74781000103143, 8.6360965993126], [77.74781065532835, 8.636186947291451], [77.74753829710264, 8.636188900624138], [77.74753698865253, 8.636008204612535], [77.74744620260124, 8.636008855666537], [77.74744554841212, 8.635918507660735], [77.7473547623788, 8.635919158678805], [77.74735410821663, 8.635828810664021], [77.74726332220128, 8.63582946165514], [77.74726266805708, 8.635739113631374], [77.74699031002898, 8.635741066469986], [77.74698965596562, 8.635650718428252], [77.74689886996823, 8.635651369320557], [77.74689821593184, 8.63556102126984], [77.74680742994343, 8.635561672135196], [77.74680808396187, 8.63565202020388], [77.74653572588888, 8.635653972701133], [77.74653507194229, 8.635563624614482], [77.74626271386929, 8.635565576896141], [77.74626140611987, 8.635384880695891], [77.74617062012248, 8.635385531399551], [77.74616800479431, 8.635024138954137], [77.74607721887777, 8.635024789603897], [77.74607656508391, 8.634934441481315], [77.74580420736126, 8.634936393304832], [77.74580355363926, 8.634846045164283], [77.74571276774068, 8.634846695715229], [77.74571407514875, 8.635027392014292], [77.74580486109224, 8.63502674144538], [77.7458055148322, 8.635117089585929], [77.7455331569209, 8.63511904124775], [77.74553446428405, 8.635299737573762], [77.74544367825072, 8.635300388097757], [77.74544433192781, 8.635390736265256], [77.74535354586754, 8.635391386771285], [77.74535419952666, 8.635481734947767], [77.74526341343945, 8.635482385444814], [77.74526275980728, 8.635392037268334], [77.74517197372904, 8.635392687738431], [77.7451706665276, 8.635211991358519], [77.74535223857626, 8.635210690427307], [77.74535093131193, 8.635029994083327], [77.74507857335571, 8.635031945403787], [77.74507726624408, 8.634851249014892], [77.74534962407454, 8.634849297730364], [77.74534897046932, 8.634758949553884], [77.74516739863626, 8.63476025041323], [77.74516674507595, 8.634669902227765], [77.7450759591684, 8.634670552617013], [77.74507661270175, 8.634760900811461], [77.74489504082376, 8.634762201545044], [77.74489569433017, 8.634852549757458], [77.74480490835973, 8.63485320010179], [77.74480556183919, 8.634943548314205], [77.7447147758418, 8.634944198640571], [77.74471542931227, 8.635034546870951], [77.74453385725462, 8.635035847469785], [77.74453451068915, 8.63512619570915], [77.74444372461991, 8.635126845981617], [77.74444241780473, 8.634946149493908], [77.7442608457381, 8.634947449957995], [77.7442601923844, 8.634857101700666], [77.74416940636905, 8.634857751892284], [77.74416875304232, 8.634767403625972], [77.7439871810206, 8.634768703928362], [77.74398587447492, 8.634588007368787], [77.74389508849549, 8.634588657470575], [77.74389443525858, 8.634498309186297], [77.74380364928815, 8.634498959261135], [77.7438029960782, 8.634408610967872], [77.74362142417326, 8.634409911045685], [77.74362207734728, 8.634500259356912], [77.74298657531169, 8.634504809000433], [77.74298396328034, 8.634143415566873], [77.74289317732787, 8.63414406540815], [77.7428912184436, 8.633873020303783], [77.74261886075688, 8.633874969621], [77.74261820787031, 8.633784621237906], [77.74243663609113, 8.633785920659948], [77.74243598325846, 8.633695572258889], [77.7422544114793, 8.633696871582115], [77.74225506427602, 8.633787219992158], [77.74198270649947, 8.633789168842252], [77.74198140105871, 8.633608471968266], [77.74189061516014, 8.633609121531064], [77.7418899624712, 8.63351877308509], [77.7417991765906, 8.633519422611956], [77.74179852392862, 8.633429074156997], [77.74161695218538, 8.633430373138863], [77.74161368920782, 8.632978630801185], [77.74152290343501, 8.632979280229238], [77.74152225088083, 8.632888931756312], [77.741431465117, 8.632889581148431], [77.74143081258977, 8.632799232666523], [77.7413400268529, 8.632799882031692], [77.74134067935319, 8.632890230522584], [77.74124989358037, 8.63289087987877], [77.74124858862471, 8.63271018287902], [77.74115780288784, 8.632710832199274], [77.74115715044145, 8.6326204836994], [77.74124793615137, 8.632619834388128], [77.74124663124063, 8.63243913738838], [77.74115584556664, 8.632439786681683], [77.7411551931472, 8.632349438181809], [77.74124597879424, 8.632348788888503], [77.74124532635683, 8.632258440388629], [77.74133611197692, 8.632257791086342], [77.74133415463774, 8.631986745604683]], [[77.74059352188411, 8.63000427106741], [77.74068430701911, 8.630003622079533], [77.7406849591511, 8.630093970633306], [77.74059417399812, 8.630094619621183], [77.74059352188411, 8.63000427106741]], [[77.74096057566516, 8.630543766195999], [77.74105136089896, 8.630543117082357], [77.7410520131657, 8.630633465600198], [77.74096122790493, 8.630634114722824], [77.74096057566516, 8.630543766195999]], [[77.7418782152741, 8.631892500985657], [77.74205978623581, 8.63189120211159], [77.7420604388439, 8.63198155054858], [77.74187886783727, 8.631982849440616], [77.7418782152741, 8.631892500985657]], [[77.74214274073852, 8.630806371412675], [77.74232431115225, 8.630805072565554], [77.74232496373338, 8.630895420993564], [77.74214339328373, 8.630896719849668], [77.74214274073852, 8.630806371412675]], [[77.74223874664838, 8.631528509444632], [77.74232953202593, 8.6315278599537], [77.7423288793909, 8.631437511534672], [77.74241966473251, 8.631436862034755], [77.7424209700475, 8.631617558863825], [77.74223939927444, 8.631618857863659], [77.74223874664838, 8.631528509444632]], [[77.74251045006514, 8.63143621250789], [77.74260123539777, 8.631435562963057], [77.74260188809569, 8.631525911364117], [77.7425111027451, 8.631526560917933], [77.74251045006514, 8.63143621250789]], [[77.74269332617116, 8.631615610193395], [77.74287489688133, 8.631614310968983], [77.74287554965112, 8.631704659343093], [77.74269397890501, 8.631705958585473], [77.74269332617116, 8.631615610193395]], [[77.74425888569499, 8.634676405177023], [77.74434967166543, 8.634675754985404], [77.74434901831174, 8.634585406728073], [77.74453059018074, 8.634584106281952], [77.74453124357935, 8.634674454521315], [77.74444045762688, 8.634675104757852], [77.7444411110165, 8.634765453006198], [77.7442595390397, 8.634766753443335], [77.74425888569499, 8.634676405177023]]], [[[77.74133415463774, 8.631986745604683], [77.74124336908054, 8.631987394889006], [77.74124271667007, 8.631897046380146], [77.74133350220033, 8.631896397104809], [77.74133415463774, 8.631986745604683]]]]}, "id": "+173+4502", "properties": {"count": 2551, "water": 1}}, {"type": "Feature", "geometry": {"geodesic": false, "type": "MultiPolygon", "coordinates": [[[[77.74646853689127, 8.763412949423468], [77.74655935370986, 8.763412289080886], [77.74655868992672, 8.76332194160509], [77.7468311402567, 8.763319960460562], [77.74683180410271, 8.763410307918392], [77.74674098731109, 8.763410968323855], [77.74674165114811, 8.763501315790668], [77.7469232847673, 8.763499994934824], [77.74692461254018, 8.763680689832515], [77.74701542938571, 8.763680029355186], [77.74701609330359, 8.76377037679505], [77.7471069101581, 8.76376971629077], [77.74710757411191, 8.76386006372165], [77.7471983909844, 8.763859403190422], [77.74719971894591, 8.764040098043198], [77.74692726817575, 8.764042079609933], [77.7469252764401, 8.76377103727238], [77.74683445956761, 8.763771697731741], [77.74683379568566, 8.763681350282896], [77.74656134509517, 8.763683331508272], [77.74656001749298, 8.76350263655668], [77.74646920065643, 8.763503296908246], [77.74646853689127, 8.763412949423468]]], [[[77.74646853689127, 8.763412949423468], [77.74637772007269, 8.763413609748083], [77.74637838381989, 8.763503957241845], [77.74628756696536, 8.763504617548495], [77.74628623952488, 8.763323922551988], [77.74619542271527, 8.763324582822705], [77.74619475903096, 8.76323423531996], [77.7462855758226, 8.763233575058226], [77.74628491212032, 8.763143227555481], [77.74619409534664, 8.763143887817215], [77.74619343167132, 8.763053540305487], [77.74637506516474, 8.76305221978202], [77.74637705633447, 8.763323262254321], [77.74646787313509, 8.76332260193869], [77.74646853689127, 8.763412949423468]]]]}, "id": "+218+3025", "properties": {"count": 32, "water": 1}}, {"type": "Feature", "geometry": {"geodesic": false, "type": "MultiPolygon", "coordinates": [[[[77.74618047225164, 8.724111748925482], [77.74618179361053, 8.724292444308265], [77.74609098624222, 8.724293101641491], [77.74608966492823, 8.724112406240742], [77.74618047225164, 8.724111748925482]]], [[[77.74618047225164, 8.724111748925482], [77.74617650834561, 8.723569662768153], [77.74635812271391, 8.7235683481556], [77.74636010476573, 8.723839391193842], [77.74645091199929, 8.723838733833665], [77.7464535549237, 8.724200124518381], [77.74654436223811, 8.724199467104308], [77.74654502301189, 8.724289814768749], [77.74627260096986, 8.724291786957073], [77.74627127956603, 8.724111091583273], [77.74618047225164, 8.724111748925482]]]]}, "id": "+221+3462", "properties": {"count": 22, "water": 1}}, {"type": "Feature", "geometry": {"geodesic": false, "type": "MultiPolygon", "coordinates": [[[[77.7477227144931, 8.649108008129495], [77.74772336976918, 8.649198356063431], [77.74763258058277, 8.649199008141514], [77.74763192533365, 8.649108660207578], [77.7477227144931, 8.649108008129495]]], [[[77.74863060575527, 8.64910148618087], [77.74863126124694, 8.649191834042941], [77.7487220503525, 8.649191181722314], [77.74872270588011, 8.649281529575402], [77.74835954931416, 8.649284138750112], [77.74835889387637, 8.649193790870074], [77.74817731560239, 8.64919509532268], [77.7481766602185, 8.649104747424678], [77.7477227144931, 8.649108008129495], [77.74772205922599, 8.649017660204542], [77.74763127008451, 8.649018312273641], [77.74763061484435, 8.648927964339705], [77.74753982571185, 8.648928616381854], [77.74753917050764, 8.648838268438935], [77.74735759226958, 8.648839572442384], [77.74735824743786, 8.648929920403269], [77.74744903657935, 8.648929268397053], [77.74744969177458, 8.649019616348955], [77.74754048093403, 8.649018964324773], [77.74754113615623, 8.649109312267692], [77.74681482253024, 8.649114527940132], [77.74681416747875, 8.649024179943313], [77.74672337826539, 8.649024831796815], [77.74672272324084, 8.648934483791015], [77.74663193403646, 8.648935135617567], [77.74663258904305, 8.649025483632352], [77.74645101057143, 8.64902678723156], [77.74644970066605, 8.648846091184025], [77.74599575459928, 8.64884934974187], [77.7459950997544, 8.64875900168217], [77.74545036436648, 8.648762911204184], [77.74544970966531, 8.648672563108551], [77.74499576342787, 8.648675820417738], [77.74499510884348, 8.648585472277189], [77.7449043195942, 8.648586123672551], [77.74490104687891, 8.648134382933875], [77.74481025772843, 8.648135034275338], [77.7448096032249, 8.648044686116823], [77.7447188140924, 8.648045337422353], [77.7447181596248, 8.64795498926384], [77.74480894873933, 8.647954337958307], [77.74480829425377, 8.647863989808776], [77.7450806614806, 8.647862035802353], [77.74508131602904, 8.64795238393392], [77.74544447231652, 8.647949778262639], [77.7454464362673, 8.64822082258547], [77.74571880361091, 8.64821886804006], [77.74571945833902, 8.648309216126709], [77.74599182567366, 8.648307261365701], [77.74599248048261, 8.648397609434385], [77.74626484781724, 8.648395654457781], [77.74626222839277, 8.648034262290844], [77.74617143937704, 8.648034913937735], [77.74616947494117, 8.647763869785583], [77.746260263903, 8.647763218147677], [77.74625764467615, 8.647401825962774], [77.74616685580415, 8.647402477564748], [77.74616554627606, 8.64722178145433], [77.74643791273034, 8.647219826630442], [77.74643856755728, 8.647310174663192], [77.74698330040296, 8.647306264377608], [77.74698395536463, 8.647396612374427], [77.74725632175603, 8.647394656921717], [77.74725697678957, 8.647485004891585], [77.74743855439881, 8.647483701139665], [77.74743920947726, 8.64757404910055], [77.74762078709549, 8.647572745240831], [77.74762144222784, 8.64766309318375], [77.74780301986402, 8.6476617892342], [77.7478036750413, 8.647752137159152], [77.74798525269546, 8.647750833101803], [77.74798590792662, 8.647841181017773], [77.74816748558976, 8.647839876870593], [77.74816814087482, 8.647930224768597], [77.74825892971089, 8.647929572654583], [77.74825958502291, 8.648019920543604], [77.74816879615989, 8.648020572666601], [77.74817076207798, 8.648291616360611], [77.74826155100386, 8.648290964219647], [77.74826220635182, 8.648381312108668], [77.74817141739898, 8.648381964258615], [77.74817272805895, 8.648562660054623], [77.7482635170567, 8.648562007886708], [77.74826286169977, 8.64847165999769], [77.7483536506616, 8.648471007820792], [77.74835430603649, 8.64856135570083], [77.74853588398709, 8.64856005126619], [77.7485365394159, 8.648650399137242], [77.74908127322277, 8.648646485267381], [77.74908192878631, 8.648736833093519], [77.74926350670997, 8.648735528290569], [77.7492641623274, 8.648825876098742], [77.74917337334762, 8.648826528527167], [77.7491740289471, 8.648916876344321], [77.74908323994036, 8.648917528745796], [77.74908389552186, 8.649007876571934], [77.74872073933321, 8.649010486016138], [77.74872139484285, 8.649100833869227], [77.74863060575527, 8.64910148618087]], [[77.74863060575527, 8.64910148618087], [77.74853981665869, 8.649102138474547], [77.74853916119396, 8.649011790603494], [77.74862995027257, 8.6490111383188], [77.74863060575527, 8.64910148618087]], [[77.74526420339994, 8.648131777379376], [77.7453549925055, 8.648131125939098], [77.74535564714377, 8.648221474052699], [77.74526485801127, 8.64822212550196], [77.74526420339994, 8.648131777379376]], [[77.74671224381812, 8.647488915644292], [77.74716618798045, 8.647485656736105], [77.74716684299604, 8.647576004714956], [77.74725763183208, 8.647575352870437], [77.74725828688359, 8.647665700840307], [77.74680434253261, 8.647668959919173], [77.74680368759789, 8.647578611913373], [77.74671289872589, 8.647579263659077], [77.74671224381812, 8.647488915644292]]]]}, "id": "+228+4307", "properties": {"count": 522, "water": 1}}, {"type": "Feature", "geometry": {"geodesic": false, "type": "MultiPolygon", "coordinates": [[[[77.75167235534096, 8.76707950528077], [77.75167368596149, 8.767260199414894], [77.75176450331007, 8.767259537536193], [77.75176383798184, 8.767169190473622], [77.7518546552945, 8.767168528576955], [77.7518539899483, 8.767078181523367], [77.75194480723401, 8.767077519608733], [77.75194547260716, 8.767167866653338], [77.75203628991981, 8.767167204711754], [77.75203695531991, 8.767257551756359], [77.75212777264154, 8.767256889787825], [77.75212910350463, 8.767437583850084], [77.75231073821078, 8.767436259814204], [77.75231140370072, 8.767526606831858], [77.75249303842483, 8.767525282706146], [77.75249436951249, 8.767705976705523], [77.75240355211001, 8.76770663879982], [77.75240421763587, 8.767796985808491], [77.75231340020643, 8.767797647884821], [77.75231406572331, 8.767887994902477], [77.75222324826692, 8.767888656969824], [77.75222258276801, 8.767798309943187], [77.7521317653296, 8.767798971974601], [77.75213109985762, 8.767708624947964], [77.7520402824282, 8.76770928695243], [77.75203895156511, 8.767528592872203], [77.75185731676912, 8.767529916791304], [77.75185665139598, 8.767439569737716], [77.75176583400247, 8.76744023165235], [77.75176516865628, 8.767349884598763], [77.75149271652067, 8.767351870198935], [77.75149205124634, 8.767261523118398], [77.75131041649527, 8.76726284673207], [77.75131108173368, 8.767353193830573], [77.75112944691074, 8.767354517363398], [77.75112878172624, 8.767264170255912], [77.7508563295008, 8.767266155388958], [77.75085566438817, 8.767175808254523], [77.7506740295832, 8.767177131544802], [77.75067336451548, 8.767086784401382], [77.75058254713095, 8.767087446010589], [77.75058188209019, 8.766997098858187], [77.75040024733012, 8.766998421995753], [77.75039958234325, 8.766908074825384], [77.75021794760116, 8.766909397864135], [77.75021728266819, 8.766819050684784], [77.75003564793508, 8.766820373615737], [77.750034983056, 8.766730026427402], [77.74994416569844, 8.766730687847962], [77.74994350084631, 8.766640340650644], [77.7498526835067, 8.766641002044256], [77.74985201868152, 8.766550654837955], [77.74967038402927, 8.766551977553311], [77.749669719258, 8.766461630329045], [77.74948808461471, 8.766462952945586], [77.74948741988835, 8.766372605712336], [77.74939660258468, 8.766373266980183], [77.74939527320383, 8.766192572486734], [77.74903200406999, 8.766195217288626], [77.74903133947838, 8.766104870019443], [77.74894052220165, 8.766105531152544], [77.74893985763698, 8.766015183874378], [77.74884904036925, 8.76601584498951], [77.74884837584051, 8.76592549769338], [77.74866674133199, 8.765926819842797], [77.74866541237334, 8.765746125232566], [77.74857459515052, 8.765746786257868], [77.74857393070263, 8.765656438943768], [77.74839229628392, 8.765657760913525], [77.74839163188994, 8.765567413590443], [77.74830081469408, 8.765568074534896], [77.74830015032704, 8.765477727202832], [77.74811851595325, 8.765479049010889], [77.74811718732698, 8.76529835431981], [77.74802637017602, 8.765299015174433], [77.7480243773534, 8.765027973106372], [77.74775192604426, 8.765029955499559], [77.74775126185688, 8.764939608122578], [77.74766044475982, 8.764940268860418], [77.7476597805994, 8.764849921474454], [77.74756896352031, 8.76485058219433], [77.74756763525336, 8.764669887404436], [77.7474768182102, 8.764670548088377], [77.74747615411266, 8.764580200684447], [77.74765778814508, 8.764578879316563], [77.74765845228754, 8.764669226702527], [77.74784008632895, 8.764667905235829], [77.74783942214157, 8.764577557858848], [77.74793023913982, 8.76457689710304], [77.74793156755948, 8.764757591830051], [77.74838565263155, 8.76475428763779], [77.74838631696265, 8.764844634960873], [77.74847713397887, 8.764843974052352], [77.7484777983459, 8.764934321375433], [77.74865943239628, 8.76493299946856], [77.74866009680824, 8.765023346782659], [77.74875091384241, 8.765022685784306], [77.74875157828131, 8.765113033089422], [77.74884239533345, 8.765112372073103], [77.7488430598083, 8.765202719360252], [77.74902469393055, 8.765201397246766], [77.74902535845928, 8.765291744524934], [77.74911617552938, 8.765291083427766], [77.74911684008507, 8.765381430696948], [77.74929847425224, 8.765380108421766], [77.74929913885283, 8.765470455672983], [77.7493899559499, 8.765469794494967], [77.74939128522296, 8.7656504889974], [77.74957291947996, 8.765649166551539], [77.74957424886081, 8.76582986101804], [77.74984670033166, 8.765827877142632], [77.74984736510292, 8.765918224357916], [77.74993818226287, 8.765917563009221], [77.7499388470611, 8.766007910215523], [77.75002966423901, 8.76600724884886], [77.75003032906417, 8.766097596046178], [77.75012114626006, 8.766096934643583], [77.75012181111218, 8.766187281831918], [77.7503034455219, 8.766185958954864], [77.75030411042792, 8.766276306134216], [77.7504857448556, 8.766274983149364], [77.75048640980654, 8.76636533031075], [77.75057722702937, 8.76636466878239], [77.75057789201624, 8.766455015934794], [77.75085034371166, 8.766453031197004], [77.7508510087704, 8.76654337833144], [77.75094182601119, 8.766542716695284], [77.75094249109686, 8.766633063820736], [77.75103330834665, 8.766632402166614], [77.75103397346827, 8.766722749283083], [77.75121560799475, 8.766721425885006], [77.75121627316129, 8.766811772983509], [77.75139790770575, 8.766810449486618], [77.75139923815561, 8.766991143665658], [77.75158087275396, 8.766989820051986], [77.7515815380283, 8.767080167132521], [77.75167235534096, 8.76707950528077]]], [[[77.75167235534096, 8.76707950528077], [77.75167169004865, 8.766989158209217], [77.75176250732538, 8.766988496348482], [77.75176317265361, 8.767078843411053], [77.75167235534096, 8.76707950528077]]]]}, "id": "+235+3008", "properties": {"count": 356, "water": 1}}, {"type": "Feature", "geometry": {"geodesic": false, "type": "Polygon", "coordinates": [[[77.74992029206246, 8.788144287362416], [77.75028358226179, 8.788141635131455], [77.75028291567592, 8.7880512880599], [77.75037373818982, 8.788050624950507], [77.75037307158598, 8.787960277887937], [77.7506455390109, 8.787958288460944], [77.75064620567763, 8.788048635505547], [77.75073702816458, 8.788047972315304], [77.75073769485824, 8.78813831935991], [77.75091933985011, 8.788136992898577], [77.75092000659768, 8.788227339916233], [77.7510108291026, 8.788226676645142], [77.75101216266063, 8.788407370680451], [77.75110298520147, 8.78840670737343], [77.75110565249719, 8.788768095417097], [77.75119647511889, 8.788767432056176], [77.75120047640381, 8.789309514063289], [77.75129129915126, 8.789308850639486], [77.75129663476676, 8.790031626565126], [77.7513874576849, 8.790030963069457], [77.75138879171006, 8.790211657023919], [77.75147961465514, 8.790210993492316], [77.75148094875216, 8.790391687437795], [77.75157177174216, 8.79039102387026], [77.75157310591104, 8.790571717797771], [77.75166392893698, 8.790571054194306], [77.75166526316873, 8.790751748112834], [77.75157444009788, 8.790752411725283], [77.75157977715966, 8.791475187417362], [77.75167060041018, 8.791474523751013], [77.75167260199139, 8.791745564606348], [77.75176342528682, 8.7917449008861], [77.7517660942534, 8.792106288660275], [77.75185691763866, 8.792105624895111], [77.75185758491624, 8.792195971831918], [77.75194840831946, 8.792195308039805], [77.75195107760045, 8.792556695742114], [77.75204190107556, 8.792556031905084], [77.75204457056314, 8.792917419571461], [77.7521353941191, 8.792916755680533], [77.75213606153142, 8.79300710259039], [77.75204523794852, 8.793007766490302], [77.75204724015855, 8.793278807237838], [77.75195641650379, 8.79327947113775], [77.75195841870482, 8.793550511903252], [77.75204924243145, 8.793549847985375], [77.75205458213428, 8.794272623282195], [77.75223622991092, 8.794271295266778], [77.75223823255213, 8.794542335951432], [77.75214740860093, 8.79454299998609], [77.75214874368609, 8.794723693787837], [77.75196709567588, 8.794725021830205], [77.75196642817373, 8.794634674920347], [77.75178478018148, 8.7946360028639], [77.75178211042439, 8.794274615143625], [77.75169128650013, 8.794275279052517], [77.75169195391246, 8.794365625989323], [77.75160112996126, 8.794366289880251], [77.75160046257588, 8.794275942934462], [77.75150963864264, 8.794276606807424], [77.75150897128422, 8.794186259852651], [77.75132732344468, 8.794187587508741], [77.75132532154907, 8.793916546608491], [77.75159779310626, 8.793914555151305], [77.75159645841634, 8.793733861259726], [77.75150563460888, 8.793734525087771], [77.75150496729536, 8.793644178132999], [77.75132331971635, 8.793645505699258], [77.75132265245674, 8.793555158735503], [77.75123182867621, 8.793555822473717], [77.75123116144356, 8.793465475500978], [77.751140337681, 8.793466139212242], [77.75113766890307, 8.79310475127637], [77.75104684522135, 8.79310541494272], [77.75104617806954, 8.793015067952014], [77.75095535439682, 8.793015731591414], [77.75095402015607, 8.792835037592038], [77.75077237288248, 8.792836364772022], [77.7507717058205, 8.792746017754366], [77.75022676396381, 8.792749998737364], [77.75022609703657, 8.792659651683776], [77.75004444974502, 8.792660978486467], [77.75004378286269, 8.792570631414915], [77.75040707733801, 8.792567977746648], [77.75040574342964, 8.79238728365744], [77.75049656699457, 8.792386620197705], [77.75049790093887, 8.79256731427793], [77.75067954812263, 8.792565987268626], [77.7506782140885, 8.79238529321535], [77.75058739054154, 8.792385956720002], [77.75058605657028, 8.792205262657744], [77.75049523306824, 8.792205926126464], [77.75049456611406, 8.792115579081859], [77.75058538959814, 8.792114915622122], [77.75058472263497, 8.792024568595485], [77.75094801641859, 8.79202191455891], [77.75094734936559, 8.791931567559223], [77.75103817277781, 8.79193090400067], [77.75103750571583, 8.791840557000983], [77.75112832909211, 8.79183989343345], [77.75112766201217, 8.791749546442743], [77.75121848536149, 8.791748882857243], [77.75121715118364, 8.791568188884817], [77.75130797447908, 8.791567525290333], [77.7513059732033, 8.791296484345168], [77.75121514997973, 8.791297147921684], [77.75121314882972, 8.791026106949568], [77.75130397199041, 8.7910254434], [77.7513006367883, 8.790573708482407], [77.75120981373541, 8.790574371996042], [77.75120914673631, 8.790484025005338], [77.75111832369241, 8.790484688492024], [77.75111765672025, 8.790394341492336], [77.7512084797462, 8.790393678014633], [77.75120781275608, 8.790303331023928], [77.75111698976607, 8.790303994492646], [77.7511156558577, 8.79012330049327], [77.75102483290364, 8.79012396393504], [77.75102349906713, 8.789943269917698], [77.75084185322187, 8.78994459669344], [77.75084051950215, 8.789763902649147], [77.75074969661095, 8.789764565992103], [77.75074836297208, 8.789583871929844], [77.75065754011682, 8.789584535236866], [77.75065620654084, 8.789403841165624], [77.75056538372151, 8.789404504436714], [77.75056471697394, 8.789314157392111], [77.75065553976631, 8.789313494121021], [77.75065287274909, 8.78895210596057], [77.75056205003756, 8.788952769195728], [77.75056138331693, 8.788862422142142], [77.75047056062337, 8.788863085359331], [77.75046922725399, 8.788682391243174], [77.75037840459636, 8.788683054415449], [77.7503777379476, 8.78859270735288], [77.75028691530794, 8.788593370498205], [77.75028624868614, 8.788503023426651], [77.75001378077613, 8.788505012709916], [77.75001244768522, 8.788324318521893], [77.7499216250815, 8.788324981559422], [77.74992029206246, 8.788144287362416]], [[77.7507677035654, 8.792203935657422], [77.75094935053356, 8.792202608576254], [77.75095068467549, 8.79238330257563], [77.7507690376175, 8.792384629692732], [77.7507677035654, 8.792203935657422]], [[77.75111032052968, 8.789400524468814], [77.75120114330409, 8.789399861062977], [77.75120181022234, 8.789490208062665], [77.75111098742097, 8.789490871468503], [77.75111032052968, 8.789400524468814]]]}, "id": "+263+2749", "properties": {"count": 557, "water": 1}}, {"type": "Feature", "geometry": {"geodesic": false, "type": "Polygon", "coordinates": [[[77.75171945879035, 8.624322726384687], [77.75190102464063, 8.62432142398922], [77.75190167900044, 8.624411771707562], [77.75172011311422, 8.624413074129976], [77.75171945879035, 8.624322726384687]]]}, "id": "+290+4560", "properties": {"count": 2, "water": 1}}, {"type": "Feature", "geometry": {"geodesic": false, "type": "Polygon", "coordinates": [[[77.72836750175681, 8.759658923591854], [77.72854913631025, 8.759657612132388], [77.7285484771714, 8.759567263273187], [77.7288209288848, 8.759565295944748], [77.72882026968307, 8.759474947103513], [77.72909272127968, 8.759472979604395], [77.72909206201507, 8.759382630781127], [77.72927369632598, 8.759381319016233], [77.7292743556355, 8.75947166783052], [77.72936517280442, 8.759471011907648], [77.72936781018623, 8.759832407101905], [77.72927699292747, 8.759833063051726], [77.72928688380095, 8.761188295068374], [77.72919606620982, 8.761188951099044], [77.72920134181786, 8.76191174151451], [77.72911052404706, 8.761912397581112], [77.72910986459381, 8.761822048766826], [77.72874659351064, 8.76182467277272], [77.72874527480175, 8.761643975108218], [77.72865445705791, 8.761644631040072], [77.72865313842091, 8.761463933348619], [77.72874395611984, 8.761463277434732], [77.72874000023577, 8.760921184396308], [77.72883081779996, 8.760920528500385], [77.7288281806068, 8.760559133162397], [77.72891899807216, 8.760558477266475], [77.72891636089696, 8.760197081946453], [77.72900717826352, 8.760196426059514], [77.72900454112425, 8.75983503076644], [77.72855045462386, 8.759838309850789], [77.72854979546705, 8.75974796099159], [77.72845897817237, 8.759748616734797], [77.7284596373112, 8.759838965602981], [77.72836881998059, 8.759839621337205], [77.72836750175681, 8.759658923591854]]]}, "id": "+30+3067", "properties": {"count": 142, "water": 1}}, {"type": "Feature", "geometry": {"geodesic": false, "type": "MultiPolygon", "coordinates": [[[[77.7539620984954, 8.769683011791038], [77.75387128072461, 8.769683674388391], [77.75387061469569, 8.769593327496501], [77.75396143243954, 8.769592664908131], [77.7539620984954, 8.769683011791038]]], [[[77.75679878499791, 8.772553553703537], [77.75679945196109, 8.77264390035288], [77.7567086336962, 8.772644563857533], [77.75670796675101, 8.772554217199204], [77.75679878499791, 8.772553553703537]]], [[[77.75688960323583, 8.772552890189901], [77.75698042147376, 8.772552226658298], [77.7569817554989, 8.772732919939024], [77.75689093722505, 8.772733583479608], [77.75688960323583, 8.772552890189901]]], [[[77.7539620984954, 8.769683011791038], [77.75414373401004, 8.769681686542432], [77.75414440011083, 8.769772033407373], [77.75396276455126, 8.769773358673945], [77.7539620984954, 8.769683011791038]]], [[[77.75468930661881, 8.769768057095616], [77.7545076711491, 8.7697693826227], [77.75450700495848, 8.769679035775725], [77.75414373401004, 8.769681686542432], [77.75414306790925, 8.769591339677492], [77.75423388563514, 8.769590677026239], [77.75423255342459, 8.769409983296356], [77.75432337109658, 8.769409320636122], [77.75432470335204, 8.769590014348037], [77.75450633876787, 8.769588688937734], [77.75450567259522, 8.769498342099743], [77.7545964902672, 8.76949767936764], [77.75459782267538, 8.769678373034642], [77.75468864038329, 8.769677710266608], [77.75468930661881, 8.769768057095616]]], [[[77.75468930661881, 8.769768057095616], [77.75478012435369, 8.769767394300633], [77.75478212316807, 8.770038434751726], [77.75487294094785, 8.770037771911827], [77.75487360725525, 8.77012811872287], [77.75496442506198, 8.770127455856022], [77.75496509139633, 8.77021780265808], [77.75514672701877, 8.770216476843535], [77.75514805980424, 8.770397170420704], [77.7552388776469, 8.770396507473007], [77.75523954407107, 8.770486854248116], [77.755511997626, 8.770484865243331], [77.75551266412205, 8.770575212000473], [77.75560348198267, 8.770574548944978], [77.75560481504662, 8.770755242450281], [77.75578645083077, 8.770753916249461], [77.75578711741663, 8.770844262979656], [77.7558779353132, 8.770843599843312], [77.75587860192601, 8.770933946573507], [77.75606023776406, 8.77093262021099], [77.75606090442179, 8.7710229669322], [77.75615172235429, 8.771022303706026], [77.75615305574163, 8.771202997121497], [77.75633469166051, 8.771201670588301], [77.75633602517362, 8.771382363976823], [77.756426843169, 8.771381700660816], [77.7564275099525, 8.771472047346094], [77.75651832795685, 8.771471384012123], [77.75651899477629, 8.771561730688418], [77.75688226682067, 8.771559077074052], [77.75688293372994, 8.771649423723398], [77.75706456975662, 8.771648096776975], [77.75706523671978, 8.771738443408355], [77.75715605474211, 8.77173777989472], [77.75715672173223, 8.771828126526097], [77.75733835780383, 8.77182679941798], [77.75733902484784, 8.771917146031392], [77.75742984288813, 8.77191648243691], [77.7574305099591, 8.772006829041338], [77.75752132801735, 8.772006165419905], [77.75752199512425, 8.77209651201535], [77.75770363125872, 8.772095184691636], [77.75770429841054, 8.772185531278101], [77.75779511649574, 8.772184867575819], [77.75779578367451, 8.772275214153298], [77.75788660177768, 8.772274550415085], [77.7578872689834, 8.772364896992565], [77.75806890519873, 8.772363569444272], [77.75807023972692, 8.772544262554316], [77.75825187600513, 8.772542934898226], [77.75825254331865, 8.772633281439774], [77.75834336147571, 8.772632617575795], [77.75834402881617, 8.77272296410836], [77.75807157428207, 8.77272495566436], [77.7580709070045, 8.77263460911383], [77.75798008882946, 8.772635272914926], [77.75797942157884, 8.772544926355412], [77.75779778526469, 8.772546253876756], [77.75779711805897, 8.772455907299276], [77.75761548175382, 8.772457234721806], [77.75761481460201, 8.772366888135341], [77.75752399646291, 8.772367551810675], [77.75752332933804, 8.772277205215227], [77.75734169308677, 8.77227853247606], [77.75734102601581, 8.772188185862646], [77.75725020789467, 8.77218884945713], [77.75724954085067, 8.772098502834735], [77.75706790463533, 8.772099829942853], [77.75706723764522, 8.772009483311475], [77.75670396522355, 8.772012137240251], [77.75670329832326, 8.77192179057294], [77.75652166211691, 8.771923117393596], [77.7565223289633, 8.772013464069891], [77.75661314709342, 8.772012800664054], [77.75661514775834, 8.77228384066599], [77.75679678413536, 8.772282513746516], [77.75679745108057, 8.772372860404845], [77.75688826928256, 8.772372196900193], [77.75688960323583, 8.772552890189901], [77.75679878499791, 8.772553553703537], [77.75679811803475, 8.77246320705419], [77.75661648157687, 8.772464534000612], [77.75661581466761, 8.7723741873333], [77.75652499644765, 8.772374850766088], [77.75652432956534, 8.772284504089793], [77.75643351136335, 8.77228516749563], [77.75643284450798, 8.772194820819335], [77.75634202632396, 8.77219548418924], [77.75634069268509, 8.7720147908097], [77.75624987452802, 8.772015454152656], [77.75624920774452, 8.771925107458395], [77.7561583896054, 8.771925770765417], [77.75615772284885, 8.771835424062173], [77.75597608658862, 8.771836750604354], [77.75597541988596, 8.771746403892125], [77.7558846017738, 8.7717470671183], [77.75588393508912, 8.77165672039709], [77.75579311699492, 8.771657383596315], [77.75579245034616, 8.771567036866122], [77.75570163226097, 8.771567700038396], [77.75570096563915, 8.77147735329922], [77.75561014756293, 8.771478016444545], [77.75560948097706, 8.771387669696386], [77.7555186629188, 8.771388332814762], [77.75551799635988, 8.771297986057618], [77.7554271783196, 8.771298649149045], [77.75542651178762, 8.77120830238292], [77.75533569375631, 8.771208965438413], [77.75533502725128, 8.771118618672288], [77.75524420923794, 8.771119281700832], [77.75524287629976, 8.770938588150614], [77.75533369426817, 8.77093792513105], [77.75533236131203, 8.770757231589815], [77.75524154338852, 8.77075789459141], [77.75524021050423, 8.770577201032209], [77.75514939261666, 8.770577863997872], [77.75514872620147, 8.770487517213779], [77.75505790833185, 8.770488180152492], [77.75505724195258, 8.770397833359418], [77.75496642409196, 8.770398496262198], [77.75496575773965, 8.770308149460138], [77.754874939897, 8.770308812344954], [77.75487427357163, 8.770218465533912], [77.75478345574693, 8.770219128382793], [77.75478278944853, 8.770128781571751], [77.75469197164179, 8.770129444393683], [77.75469130537033, 8.770039097564675], [77.75450966976585, 8.770040423136674], [77.7545083373487, 8.769859729460691], [77.75468997286333, 8.769858403915642], [77.75468930661881, 8.769768057095616]], [[77.75715672173223, 8.771828126526097], [77.75715738873133, 8.771918473148494], [77.75706657066408, 8.771919136680095], [77.75706590369194, 8.771828790048716], [77.75715672173223, 8.771828126526097]]]]}, "id": "+305+2954", "properties": {"count": 231, "water": 1}}, {"type": "Feature", "geometry": {"geodesic": false, "type": "Polygon", "coordinates": [[[77.75562912222752, 8.737053889207777], [77.75571993194941, 8.737053228640615], [77.7557192679956, 8.736962881730758], [77.75581007769054, 8.736962221154615], [77.75580941370978, 8.73687187425374], [77.75590022337778, 8.73687121365963], [77.75589955938804, 8.73678086676774], [77.7559903690201, 8.736780206155663], [77.75598970502136, 8.736689859272756], [77.7561713242226, 8.736688537994704], [77.75617066018795, 8.736598191120779], [77.75680632702846, 8.736593566018774], [77.75680699122482, 8.7366839128388], [77.75717022934882, 8.73668126941133], [77.75717089363499, 8.736771616204404], [77.75762494124733, 8.736768311410273], [77.75762560565029, 8.736858658167415], [77.75798884369344, 8.73685601390451], [77.75798950819522, 8.736946360634706], [77.75835274621141, 8.736943716003491], [77.75835341080304, 8.737034062706735], [77.75853502981562, 8.737032740242908], [77.75853569446113, 8.737123086928186], [77.75844488493688, 8.737123748178066], [77.75844754349198, 8.737485134946127], [77.75817511461376, 8.737487118650854], [77.75817577920537, 8.737577465363081], [77.75754011143061, 8.737582093276812], [77.7575407758785, 8.737672440042939], [77.75663267823738, 8.737679049577304], [77.75663201400509, 8.737588702748296], [77.75626877483006, 8.737591345924239], [77.7562681106966, 8.737500999068281], [77.75608649111807, 8.737502320517013], [77.75608582702951, 8.73741197364309], [77.7558133976662, 8.73741395562305], [77.75581206965079, 8.737233261839268], [77.75563045012616, 8.73723458302749], [77.75562912222752, 8.737053889207777]]]}, "id": "+335+3317", "properties": {"count": 270, "water": 1}}, {"type": "Feature", "geometry": {"geodesic": false, "type": "MultiPolygon", "coordinates": [[[[77.75762015201414, 8.773089660836032], [77.75807424348221, 8.773086341875466], [77.75807491079573, 8.773176688425997], [77.75825654737936, 8.773175360671091], [77.75825721474676, 8.773265707212639], [77.75843885134837, 8.773264379358919], [77.75843818393605, 8.773174032835337], [77.75871063871269, 8.773172040911026], [77.75870997124646, 8.77308169440541], [77.75898242588836, 8.77307970231042], [77.75898442852059, 8.773350741755399], [77.75907524678546, 8.77335007765786], [77.75907591436847, 8.773440424127543], [77.75925755092516, 8.773439095851614], [77.75925821855307, 8.773529442312313], [77.7593490368449, 8.773528778133924], [77.75934970450874, 8.77361912458564], [77.75944052280954, 8.773618460380302], [77.75944185819115, 8.773799153265768], [77.75953267653686, 8.77379848903348], [77.7595333442636, 8.77388883546723], [77.7596241626183, 8.77388817119901], [77.75962549813465, 8.774068864048543], [77.75971631652529, 8.77406819974439], [77.75971698431489, 8.774158546169158], [77.7598078027235, 8.774157881838056], [77.75980980620014, 8.774428921076423], [77.75990062467163, 8.774428256700403], [77.7599012925331, 8.77451860309822], [77.75999211101357, 8.774517938695254], [77.75999344679941, 8.774698631490889], [77.76008426531581, 8.774697967051988], [77.76008493324916, 8.774788313440823], [77.76017575178352, 8.77478764896599], [77.76017641973483, 8.774877995354823], [77.76026723828717, 8.774877330853041], [77.76026790626543, 8.77496767722391], [77.76044954338806, 8.77496634814848], [77.76045021142022, 8.775056694510365], [77.76054102999052, 8.775056029936717], [77.7605423661267, 8.77523672264252], [77.76036072889627, 8.775238051798796], [77.76036006086412, 8.775147705436913], [77.76017842365165, 8.775149034494376], [77.7601777556734, 8.775058688114525], [77.76008693707615, 8.775059352607324], [77.76008760502746, 8.775149698996158], [77.75999678640326, 8.77515036347099], [77.75999545054556, 8.774969670675356], [77.75990463194832, 8.774970335123239], [77.75990396405089, 8.774879988716439], [77.75972232689234, 8.774881317522373], [77.75972099120531, 8.774700624681824], [77.75963017266196, 8.774701289039875], [77.75962950485437, 8.774610942615109], [77.75953868632001, 8.774611606937228], [77.75953801853939, 8.774521260503478], [77.75944720002299, 8.774521924798647], [77.7594458645246, 8.774341231922165], [77.75926422755468, 8.774342560422673], [77.75926355986388, 8.774252213970955], [77.75908192291193, 8.774253542363665], [77.75908058762916, 8.774072849424302], [77.75871731381508, 8.774075505904293], [77.75871664626801, 8.773985159407662], [77.75862582782348, 8.77398582346927], [77.75862516031235, 8.773895476963654], [77.7585343418768, 8.773896140998312], [77.75853367439261, 8.773805794483714], [77.75844285597502, 8.77380645848244], [77.75844218851779, 8.773716111958858], [77.75835137010918, 8.773716775939617], [77.75835070268788, 8.773626429407052], [77.75825988429725, 8.773627093351879], [77.75825921690289, 8.773536746819316], [77.75816839852124, 8.77353741072821], [77.75816773115383, 8.773447064186662], [77.75807691279913, 8.773447728077588], [77.75807624545867, 8.773357381527058], [77.75789460875825, 8.773358709219082], [77.75789394147169, 8.773268362659568], [77.75771230478924, 8.773269690243794], [77.7577116375476, 8.773179343666314], [77.75762081921985, 8.773180007422495], [77.75762015201414, 8.773089660836032]]], [[[77.75762015201414, 8.773089660836032], [77.75752933369536, 8.773090324565262], [77.7575286665166, 8.772999977978799], [77.75761948480843, 8.772999314249567], [77.75762015201414, 8.773089660836032]]]]}, "id": "+341+2914", "properties": {"count": 187, "water": 1}}, {"type": "Feature", "geometry": {"geodesic": false, "type": "Polygon", "coordinates": [[[77.75639724306953, 8.630884846358416], [77.7564880272074, 8.630884193570665], [77.75648737125758, 8.630793846229617], [77.75694129171337, 8.63079058199442], [77.75694063565575, 8.630700234689305], [77.75684985160773, 8.630700887566887], [77.75684853956434, 8.630520192929707], [77.75703010757958, 8.630518887174542], [77.7570307636372, 8.630609234479657], [77.75712154765829, 8.630608581566143], [77.75712220375183, 8.630698928862275], [77.75721298778191, 8.630698275912827], [77.75721364389344, 8.630788623199976], [77.75739521198952, 8.6307873172382], [77.75739586815493, 8.630877664507382], [77.75757743626, 8.630876358437808], [77.75757809247033, 8.630966705698008], [77.75766887653633, 8.630966052631779], [77.7576695327826, 8.631056399882995], [77.75776031685758, 8.631055746780834], [77.757761629413, 8.631236441274284], [77.7578524135329, 8.631235788136191], [77.75785372616018, 8.631416482611675], [77.75794451030703, 8.631415829437648], [77.75794582300617, 8.631596523904149], [77.75803660718896, 8.63159587069419], [77.75803726356997, 8.631686217918457], [77.75812804777073, 8.631685564681549], [77.75812870417869, 8.631775911896833], [77.75821948839742, 8.631775258632976], [77.75822014483232, 8.631865605839277], [77.75831092906002, 8.631864952548469], [77.75831158553086, 8.631955299745787], [77.75840236977653, 8.63195464642803], [77.75840302626534, 8.632044993616365], [77.75849381052898, 8.632044340271658], [77.75849512358745, 8.632225034639344], [77.75858590787803, 8.632224381258705], [77.75858787757802, 8.632495422787777], [77.7586786619315, 8.632494769362221], [77.75867997514267, 8.632675463702958], [77.75877075953207, 8.63267481024147], [77.75877207281512, 8.63285550456424], [77.75886285724046, 8.63285485106682], [77.75886351391792, 8.632945198219224], [77.75895429835222, 8.632944544685872], [77.75895495505664, 8.633034891838273], [77.75913652395221, 8.633033584708686], [77.75913718071051, 8.633123931834138], [77.7592279651628, 8.63312327822892], [77.75922862194805, 8.633213625354374], [77.7593194064183, 8.633212971722207], [77.7593200632305, 8.633303318838676], [77.75941084771871, 8.633302665179558], [77.75941150455787, 8.633393012287046], [77.75950228906405, 8.633392358600979], [77.75950294593015, 8.633482705699482], [77.75968451496048, 8.633481398246502], [77.75968517188048, 8.633571745336022], [77.75977595639564, 8.633571091569108], [77.75977661335158, 8.633661438649645], [77.75986739788472, 8.633660784846796], [77.75986805485861, 8.63375113191835], [77.75995883941869, 8.633750478097538], [77.75995949641954, 8.633840825160108], [77.76005028098861, 8.633840171312345], [77.76005159506217, 8.634020865428502], [77.75996081044819, 8.634021519294231], [77.75996015342938, 8.63393117223166], [77.75977858423735, 8.63393247988227], [77.75977792726344, 8.633842132801734], [77.7595963580804, 8.633843440362512], [77.7595950442494, 8.63366274617449], [77.75950425968931, 8.63366339990547], [77.75950360280524, 8.633573052806968], [77.75941281826313, 8.633573706511001], [77.759412161406, 8.633483359403515], [77.75932137688186, 8.633484013071614], [77.75932072005169, 8.633393665955145], [77.75922993553652, 8.633394319605278], [77.75923059233975, 8.63348466673073], [77.75904902324653, 8.633485973977098], [77.75904968001382, 8.633576321111534], [77.75886811084875, 8.633577628286037], [77.7588674541174, 8.633487281133634], [77.75877666954833, 8.63348793467597], [77.75877535615749, 8.633307240362184], [77.75868457162436, 8.63330789387757], [77.75868391496486, 8.6332175467072], [77.75859313044072, 8.633218200186654], [77.75859247380818, 8.633127853016287], [77.758501689302, 8.63312850646879], [77.7585010326964, 8.63303815928944], [77.75841024819921, 8.633038812714993], [77.75840959162954, 8.632948465526658], [77.75831880715032, 8.632949118925264], [77.75831683753117, 8.632678077342295], [77.7581352686805, 8.632679384031706], [77.75813658166712, 8.632860078453291], [77.75804579718788, 8.632860731780031], [77.75804514070805, 8.632770384555764], [77.75795435624678, 8.632771037855555], [77.757953043359, 8.63259034340702], [77.75777147449935, 8.632591649916769], [77.75777081810935, 8.632501302674536], [77.75768003368403, 8.632501955884495], [77.7576787209759, 8.632321261391045], [77.7575879365865, 8.632321914574055], [77.75758728025939, 8.632231567313854], [77.75749649588795, 8.632232220469914], [77.75749583959677, 8.632141873200732], [77.75740505524331, 8.632142526329842], [77.75740571151651, 8.632232873599024], [77.75731492712711, 8.632233526701185], [77.7573136146256, 8.632052832144854], [77.75722283028112, 8.632053485220066], [77.75722217406181, 8.631963137932916], [77.75713138972631, 8.631963790981178], [77.75713073354292, 8.631873443685047], [77.7570399492164, 8.631874096706358], [77.75703863691253, 8.63169340210511], [77.75712942118514, 8.631692749101765], [77.75713007735953, 8.631783096397896], [77.75722086165013, 8.631782443367602], [77.75722020545776, 8.631692096080451], [77.75731098972139, 8.631691443041174], [77.75730902111735, 8.631420401197692], [77.7572182369166, 8.631421054227987], [77.75721758075117, 8.631330706940838], [77.7571267965594, 8.631331359935201], [77.75712614042094, 8.63124101263907], [77.75703535625613, 8.631241665606483], [77.75703404404207, 8.631060970996252], [77.75694325991319, 8.631061623927733], [77.7569426038376, 8.630971276622617], [77.7568518197177, 8.630971929518166], [77.75685313182395, 8.631152624155346], [77.75676234765912, 8.631153277050895], [77.75676300369878, 8.631243624373976], [77.75658143529726, 8.631244930111174], [77.75658012329882, 8.631064235438062], [77.7563985549512, 8.631065541067462], [77.75639724306953, 8.630884846358416]]]}, "id": "+346+4491", "properties": {"count": 305, "water": 1}}, {"type": "Feature", "geometry": {"geodesic": false, "type": "Polygon", "coordinates": [[[77.75916870177637, 8.736757071024684], [77.7592595111569, 8.736756409631074], [77.75925618728255, 8.736304676456212], [77.75998266118594, 8.736299384795283], [77.75998332611891, 8.736389731372764], [77.76007413534673, 8.736389069817456], [77.76007546528454, 8.736569762963432], [77.75998465601181, 8.736570424536707], [77.75998532097174, 8.736660771114186], [77.75989451167204, 8.736661432678478], [77.75989517661401, 8.73675177926494], [77.75980436727839, 8.736752440811266], [77.75980503221136, 8.736842787397729], [77.75962341348624, 8.73684411043648], [77.75962407837429, 8.73693445704091], [77.75935165016982, 8.736936441464287], [77.75935231500398, 8.737026788086684], [77.75917069612613, 8.73702811094577], [77.75916870177637, 8.736757071024684]]]}, "id": "+370+3320", "properties": {"count": 55, "water": 1}}, {"type": "Feature", "geometry": {"geodesic": false, "type": "MultiPolygon", "coordinates": [[[[77.76236408523945, 8.77594619591119], [77.76227326659729, 8.775946860996878], [77.7622725980441, 8.775856514778724], [77.76236341666831, 8.77585584970202], [77.76236408523945, 8.77594619591119]]], [[[77.76245557247073, 8.776035877016708], [77.76254639113087, 8.776035211877124], [77.76254705975592, 8.776125558077311], [77.76272869708515, 8.776124227726275], [77.7627293657641, 8.776214573908495], [77.76291100310232, 8.776213243458644], [77.76291167183517, 8.776303589622898], [77.76309330919136, 8.776302259074233], [77.76309397796912, 8.776392605229505], [77.76300315927305, 8.776393270521805], [77.76300382804183, 8.776483616677076], [77.76291300930984, 8.77648428195141], [77.76291434682045, 8.77666497427992], [77.76282352804354, 8.776665639554253], [77.7628228593107, 8.776575293381015], [77.76255040299793, 8.776577289042317], [77.76254839703296, 8.77630625045972], [77.76245757830995, 8.776306915617273], [77.76245557247073, 8.776035877016708]]], [[[77.76236408523945, 8.77594619591119], [77.76245490388162, 8.775945530807538], [77.76245557247073, 8.776035877016708], [77.7623647538106, 8.776036542129345], [77.76236408523945, 8.77594619591119]]]]}, "id": "+393+2882", "properties": {"count": 27, "water": 1}}, {"type": "Feature", "geometry": {"geodesic": false, "type": "Polygon", "coordinates": [[[77.76048297315829, 8.730242195967028], [77.76057378086796, 8.730241534744097], [77.76057311625839, 8.730151188184584], [77.76075473159686, 8.730149865693805], [77.76075406696033, 8.730059519143275], [77.76102648985577, 8.730057535258887], [77.76102516046592, 8.72987684220274], [77.76157000578966, 8.729872873939888], [77.76157067060586, 8.729963220427537], [77.76166147816281, 8.729962558971044], [77.76166081331966, 8.729872212492378], [77.76202404335882, 8.729869566468777], [77.7620247082918, 8.729959912920492], [77.76184309324078, 8.729961235986192], [77.76184375813781, 8.730051582455875], [77.76175295057189, 8.730052243966266], [77.76175361545096, 8.730142590444933], [77.76166280786705, 8.730143251937358], [77.76166413759826, 8.730323944894689], [77.76148252231367, 8.73032526785259], [77.76148318714783, 8.73041561434024], [77.76066591782373, 8.730421566613245], [77.7606652531872, 8.730331220062714], [77.7604836377499, 8.730332542535526], [77.76048297315829, 8.730242195967028]]]}, "id": "+393+3391", "properties": {"count": 64, "water": 1}}, {"type": "Feature", "geometry": {"geodesic": false, "type": "Polygon", "coordinates": [[[77.7259983988969, 8.696066860984002], [77.72608920098313, 8.696066210549839], [77.72608854728807, 8.695975861196564], [77.7262701514066, 8.695974560292301], [77.72626949766664, 8.695884210956994], [77.7264511017133, 8.695882909971884], [77.72645175548918, 8.695973259289225], [77.7263609534479, 8.695973909795255], [77.72636226098172, 8.696154608456888], [77.72645306306794, 8.696153957932893], [77.72645437067362, 8.696334656567576], [77.7263635685425, 8.696335307109537], [77.72636422233636, 8.696425656435864], [77.72609181584417, 8.696427607935986], [77.72609116212217, 8.696337258591695], [77.72600035996409, 8.696337909043827], [77.7259983988969, 8.696066860984002]]]}, "id": "+4+3770", "properties": {"count": 22, "water": 1}}, {"type": "Feature", "geometry": {"geodesic": false, "type": "MultiPolygon", "coordinates": [[[[77.76318747193793, 8.776753324486428], [77.76327829071484, 8.776752659122263], [77.76327895957346, 8.776843005259568], [77.763823872181, 8.776839012571525], [77.76382320318764, 8.776748666479135], [77.76400484062468, 8.776747335427412], [77.76400684774849, 8.777018373659665], [77.76391602897158, 8.777019039221459], [77.76391669800087, 8.777109385304867], [77.76382587919701, 8.777110050848695], [77.76382654820834, 8.777200396941083], [77.76373572937753, 8.777201062475928], [77.76373639837988, 8.777291408568319], [77.76364557951312, 8.777292074085196], [77.76364491052875, 8.777201727983824], [77.76355409167998, 8.77720239346477], [77.7635527537741, 8.777021701244056], [77.76346193496127, 8.777022366689069], [77.76346260389175, 8.777112712808409], [77.76337178504298, 8.777113378244438], [77.7633704472449, 8.776932685996776], [77.76318880961922, 8.776934016770022], [77.76318747193793, 8.776753324486428]]], [[[77.76318747193793, 8.776753324486428], [77.76309665316101, 8.776753989832626], [77.76309598435631, 8.776663643677354], [77.76318680310627, 8.77666297834014], [77.76318747193793, 8.776753324486428]]]]}, "id": "+402+2873", "properties": {"count": 29, "water": 1}}, {"type": "Feature", "geometry": {"geodesic": false, "type": "MultiPolygon", "coordinates": [[[[77.7710312435522, 8.793410609349898], [77.77112206576966, 8.793409940841629], [77.77112273782627, 8.793500286296215], [77.77103191558187, 8.793500954813467], [77.7710312435522, 8.793410609349898]]], [[[77.7710312435522, 8.793410609349898], [77.77084959909034, 8.793411946303552], [77.77084892711457, 8.793321600822017], [77.77075810489713, 8.79332226925842], [77.7707574329483, 8.793231923776885], [77.77057578853136, 8.793233260568842], [77.77057511663644, 8.793142915069339], [77.77048429443695, 8.793143583424895], [77.77048362256899, 8.793053237916409], [77.77030197819695, 8.79305457454667], [77.77030130638288, 8.792964229029202], [77.77011966202882, 8.792965565560648], [77.77011899025966, 8.792875220025214], [77.7700281680961, 8.792875888255004], [77.7700274963539, 8.792785542710586], [77.76984585204475, 8.792786879080335], [77.76984518035646, 8.792696533526936], [77.76975435821984, 8.792697201666893], [77.76975368655849, 8.792606856104511], [77.76957204229426, 8.792608192321547], [77.7695713706868, 8.792517846741196], [77.76948054856815, 8.79251851480929], [77.76947987698765, 8.792428169219956], [77.76929823276834, 8.792429505275296], [77.76929756124173, 8.79233915967698], [77.76920673914105, 8.792339827664224], [77.76920606765037, 8.792249482056924], [77.76902442346699, 8.792250817950567], [77.76902375203021, 8.7921604723253], [77.7688421078648, 8.792161808120127], [77.76884076508107, 8.79198111685163], [77.7687499430343, 8.791981784695144], [77.76874927167837, 8.791891439051913], [77.76865844964956, 8.79189210687746], [77.76865777832057, 8.791801761225246], [77.76856695630076, 8.791802429014862], [77.76856628499873, 8.791712083353664], [77.76847546299686, 8.791712751116329], [77.76847479173077, 8.791622405455131], [77.76838396973788, 8.791623073190848], [77.76838329849875, 8.791532727511683], [77.76829247652383, 8.791533395220451], [77.76829180531163, 8.791443049541286], [77.76820098335469, 8.79144371721412], [77.76819964100216, 8.791263025837825], [77.76801799714217, 8.791264361102646], [77.7680173260198, 8.791174015396532], [77.76792650410778, 8.791174682988519], [77.76792583301236, 8.791084337273421], [77.76783501110931, 8.791085004838457], [77.76783434004983, 8.790994659114377], [77.76765269627069, 8.790995994163604], [77.76765202525611, 8.79090564843054], [77.76747038148595, 8.790906983371968], [77.76746971052529, 8.790816637620937], [77.76737888865817, 8.79081730506021], [77.76737821772446, 8.790726959300198], [77.76728739586632, 8.790727626703537], [77.76728672495955, 8.790637280943525], [77.76719590311939, 8.790637948319915], [77.76719523224855, 8.79054760255092], [77.76710441041737, 8.790548269891378], [77.76710373957349, 8.790457924113397], [77.76692209593807, 8.79045925872245], [77.7669207543581, 8.790278567139541], [77.76673911078557, 8.790279901640794], [77.76673776932236, 8.790099210021953], [77.76664694757203, 8.790099877227664], [77.76664627686289, 8.790009531413752], [77.76655545513053, 8.79001019858353], [77.76655478445731, 8.789919852760635], [77.76637314100157, 8.789921187028327], [77.76637247038225, 8.789830841196448], [77.76628164866786, 8.789831508285378], [77.7662809780755, 8.789741162444516], [77.76619015637907, 8.789741829506497], [77.76618948581365, 8.789651483656652], [77.7660986641262, 8.789652150691683], [77.76609732306724, 8.789471458974027], [77.76600650141573, 8.789472125973127], [77.76600583092218, 8.789381780105316], [77.76591500928863, 8.789382447077465], [77.76591433882204, 8.78929210120067], [77.76582351719746, 8.78929276814587], [77.76582284675783, 8.789202422269076], [77.7657320251602, 8.789203089178342], [77.7657313547475, 8.789112743292565], [77.76554971156125, 8.789114077039233], [77.76554904120245, 8.78902373113549], [77.7654582196228, 8.789024397963908], [77.76545754929096, 8.788934052060165], [77.76536672772028, 8.788934718861634], [77.76536605742437, 8.788844372939923], [77.76527523587167, 8.788845039723427], [77.76527456559371, 8.788754693792734], [77.76518374405897, 8.788755360540303], [77.76518240358392, 8.788574668678917], [77.76500076057734, 8.788576002075244], [77.76499942021009, 8.788395310186909], [77.76472695577655, 8.788397310079276], [77.76472628566928, 8.78830696411265], [77.7646354642064, 8.78830763068954], [77.7646347941261, 8.78821728471393], [77.7645439726722, 8.788217951263873], [77.76454330262781, 8.78812760527928], [77.764361659738, 8.788128938307295], [77.76436031974804, 8.787948246311164], [77.76417867692112, 8.787949579222397], [77.76417599721967, 8.787588195167249], [77.76435763987593, 8.787586862309913], [77.76435830983047, 8.787677208312472], [77.76444913116758, 8.787676541843378], [77.76444980115808, 8.787766887836954], [77.76454062251315, 8.787766221340911], [77.76454129253058, 8.787856567325504], [77.7647229352587, 8.787855234252572], [77.76472360533003, 8.78794558022818], [77.76481442670308, 8.78794491365129], [77.76481509680136, 8.788035259617915], [77.76490591819237, 8.788034593014077], [77.7649065883176, 8.788124938971718], [77.76517905250859, 8.788122939007486], [77.76517972271468, 8.788213284938179], [77.76536136551465, 8.78821195150592], [77.76536203576565, 8.78830229742763], [77.7654528571836, 8.788301630671077], [77.76545352746156, 8.788391976583805], [77.7655443488885, 8.788391309800302], [77.7655450191934, 8.788481655704045], [77.76563584063831, 8.788480988893593], [77.76563718131996, 8.788661680692098], [77.7657280028008, 8.788661013836728], [77.76572867317756, 8.788751359731489], [77.76581949467638, 8.788750692849172], [77.76582016508009, 8.78884103873495], [77.76600180808668, 8.788839704898448], [77.7660024785443, 8.78893005076626], [77.76618412156886, 8.788928716830945], [77.76618479207137, 8.789019062689773], [77.76627561359713, 8.789018395681692], [77.76627628413559, 8.789108741522552], [77.76636710567033, 8.789108074487523], [77.76636777623574, 8.789198420328383], [77.76654941934115, 8.789197086177474], [77.76655008995147, 8.789287432000368], [77.76673173306587, 8.78928609774166], [77.76673307440329, 8.789466789369484], [77.76682389600091, 8.789466122190722], [77.76682456670108, 8.789556467995652], [77.76691538830768, 8.789555800789941], [77.76691605903478, 8.789646146585886], [77.76709770227494, 8.7896448121026], [77.76709837305594, 8.789735157880578], [77.76718919468051, 8.789734490603003], [77.76718986549744, 8.789824836371999], [77.76728068713999, 8.789824169067472], [77.76728135797488, 8.789914514827487], [77.76737217963539, 8.789913847487028], [77.76737352138605, 8.790094539007054], [77.7674643430735, 8.790093871630663], [77.76746702674549, 8.790455254634784], [77.76755784852277, 8.790454587204493], [77.76755851947446, 8.79054493294654], [77.767740163047, 8.790543598014096], [77.76774083406156, 8.79063394374716], [77.76819494297492, 8.790630606002823], [77.76819561409728, 8.790720951699955], [77.76837725766083, 8.790719616435132], [77.76837860002234, 8.79090030778448], [77.76846942183556, 8.790899640111643], [77.76847009304775, 8.790989985781826], [77.76865173669215, 8.790988650337342], [77.76865240795824, 8.79107899599854], [77.76883405162062, 8.79107766045524], [77.76883472293163, 8.791168006098472], [77.76901636661195, 8.79116667045636], [77.76901703797687, 8.791257016090608], [77.76928950351532, 8.791255012443282], [77.7692901749521, 8.791345358050583], [77.76938099680125, 8.791344690117235], [77.76938166826497, 8.791435035715551], [77.76956331199021, 8.79143369976801], [77.76956465503444, 8.791614390937694], [77.76965547693749, 8.791613722923499], [77.76965614849105, 8.791704068494866], [77.76974697040308, 8.791703400444739], [77.76974831357307, 8.791884091587473], [77.76983913552104, 8.791883423501414], [77.76983980713747, 8.791973769063796], [77.7699306291034, 8.791973100950788], [77.76993197240814, 8.792153792057588], [77.7701136164029, 8.79215245574174], [77.77011495982441, 8.792333146812608], [77.77020578185322, 8.792332478609767], [77.77020645359542, 8.792422824136217], [77.77029727563323, 8.792422155906428], [77.77029794741135, 8.792512501423895], [77.77038876946712, 8.792511833167156], [77.7703894412722, 8.79260217867564], [77.77048026334593, 8.792601510382967], [77.77048093517796, 8.792691855891453], [77.77057175726067, 8.792691187571831], [77.77057242911965, 8.792781533071333], [77.770754073321, 8.79278019635124], [77.77075676100847, 8.793141578295348], [77.77084758318101, 8.79314090986793], [77.7708482551478, 8.793231255349465], [77.77102989951983, 8.793229918431743], [77.7710312435522, 8.793410609349898]]]]}, "id": "+414+2752", "properties": {"count": 531, "water": 1}}, {"type": "Feature", "geometry": {"geodesic": false, "type": "Polygon", "coordinates": [[[77.76373900211078, 8.703745565898197], [77.76382980316394, 8.703744905887993], [77.76382913982997, 8.703654559454243], [77.76391994085617, 8.70365389942607], [77.76391861416127, 8.703473206558572], [77.76410021610587, 8.70347188648426], [77.76410087949374, 8.703562232900044], [77.76428248144732, 8.70356091272692], [77.76428181802352, 8.703470566320119], [77.76482662359682, 8.70346660529769], [77.76482728715537, 8.703556951668556], [77.764736486219, 8.703557611894357], [77.76473714976856, 8.703647958265226], [77.76464634880524, 8.703648618482044], [77.76464568528263, 8.703558272102192], [77.76446408338295, 8.703559592454981], [77.76446474686064, 8.703649938852799], [77.76428314488909, 8.70365125913372], [77.76428380833087, 8.703741605531537], [77.76410220628745, 8.703742925740595], [77.76410154288162, 8.703652579324812], [77.76401074187338, 8.703653239388915], [77.76401206864014, 8.70383393223845], [77.7637396654268, 8.703835912340931], [77.76373900211078, 8.703745565898197]]]}, "id": "+426+3683", "properties": {"count": 22, "water": 1}}, {"type": "Feature", "geometry": {"geodesic": false, "type": "Polygon", "coordinates": [[[77.76544318897554, 8.79923415032534], [77.76562483710252, 8.799232815105434], [77.76562550827879, 8.799323160955279], [77.76580715642375, 8.799321825636559], [77.76580782764492, 8.799412171468438], [77.76598947580784, 8.799410836041918], [77.76599014707394, 8.799501181864814], [77.76617179525483, 8.799499846339481], [77.76617246658381, 8.79959019214441], [77.76635411477368, 8.799588856520263], [77.76635478614757, 8.79967920231621], [77.7664456102515, 8.79967853446371], [77.76644628166132, 8.79976888024169], [77.7665371057832, 8.799768212362242], [77.766537777211, 8.799858558140222], [77.76662860135085, 8.799857890233826], [77.76662927281457, 8.799948236002821], [77.76681092111224, 8.799946900100196], [77.76681159262088, 8.80003724586021], [77.76699324093651, 8.800035909858769], [77.76699391249906, 8.800126255600816], [77.76635814311585, 8.800130931260005], [77.76635881453467, 8.800221277046967], [77.76617716603039, 8.80022261276993], [77.76617649465649, 8.800132266965], [77.76581319765691, 8.800134938123465], [77.76581252638184, 8.800044592291586], [77.7659033506205, 8.800043924537903], [77.76590267932745, 8.799953578715007], [77.76599350353916, 8.79995291095234], [77.76599283223715, 8.79986256513843], [77.76590200804338, 8.799863232892113], [77.76590133676831, 8.799772887069217], [77.76581051259252, 8.799773554795951], [77.76580917010526, 8.799592863132194], [77.7657183459654, 8.799593530822996], [77.7657176747532, 8.799503184982134], [77.76562685063132, 8.799503852645985], [77.76562617945505, 8.79941350679614], [77.76553535534215, 8.799414174433043], [77.76553468419283, 8.799323828583198], [77.7654438600979, 8.799324496184168], [77.76544318897554, 8.79923415032534]]]}, "id": "+427+2623", "properties": {"count": 66, "water": 1}}, {"type": "Feature", "geometry": {"geodesic": false, "type": "MultiPolygon", "coordinates": [[[[77.7684752670204, 8.70569883066298], [77.76856606818134, 8.70569816938615], [77.76856673280889, 8.70578851545159], [77.76865753397882, 8.705787854138828], [77.76866085734113, 8.706239584430097], [77.76875165861885, 8.706238923063434], [77.76875298805362, 8.706419615167366], [77.76866218673996, 8.706420276551995], [77.76866152204055, 8.706329930486554], [77.7684799194222, 8.706331253174962], [77.76848124874019, 8.706511945314826], [77.7683904473816, 8.706512606645555], [77.7683864596253, 8.705970530172063], [77.76847726085812, 8.705969868886251], [77.7684752670204, 8.70569883066298]]], [[[77.7684752670204, 8.70569883066298], [77.76838446585047, 8.705699491930828], [77.76838380126785, 8.70560914584742], [77.7684746024198, 8.705608484588556], [77.7684752670204, 8.70569883066298]]]]}, "id": "+466+3659", "properties": {"count": 22, "water": 1}}, {"type": "Feature", "geometry": {"geodesic": false, "type": "Polygon", "coordinates": [[[77.76862157614276, 8.638928357684414], [77.76816765045878, 8.638931638798956], [77.76816699110434, 8.638841292383173], [77.76807620596934, 8.638841948530622], [77.76807554664185, 8.638751602114839], [77.76816633175889, 8.63875094596739], [77.76816567242241, 8.638660599551606], [77.7682564575125, 8.638659943395172], [77.76825579815807, 8.638569596988372], [77.76816501309493, 8.638570253144806], [77.76816303513942, 8.638299213897456], [77.76825382014866, 8.638298557758988], [77.76825316082117, 8.638208211352188], [77.76879787054422, 8.638204274153079], [77.76879852999747, 8.638294620523947], [77.76888931495282, 8.63829396424175], [77.76888997443301, 8.638384310603634], [77.76916232930802, 8.638382341604329], [77.76916298886007, 8.638472687948248], [77.76934455877974, 8.638471375159273], [77.7693452183857, 8.638561721485226], [77.76952678832333, 8.638560408606422], [77.76952744797421, 8.638650754914407], [77.76961823295649, 8.63865009843458], [77.76961889264331, 8.638740444733584], [77.76970967763458, 8.638739788226808], [77.76971033734834, 8.63883013452581], [77.76989190735783, 8.638828821422425], [77.76989256711651, 8.638919167703461], [77.77007413714396, 8.638917854510247], [77.7700754567781, 8.63909854704537], [77.7701662418143, 8.639097890394863], [77.7701669016628, 8.639188236657933], [77.76980376135636, 8.639190863134194], [77.76980310159767, 8.639100516844175], [77.76971231652556, 8.63910117340485], [77.76971165679383, 8.63901082711483], [77.7696208717307, 8.639011483639573], [77.76962021202591, 8.63892113734057], [77.76952942698074, 8.638921793838364], [77.7695287673119, 8.638831447530379], [77.7694379822757, 8.638832104010204], [77.76943864193558, 8.638922450327174], [77.76934785687244, 8.63892310678005], [77.76934719723953, 8.638832760463082], [77.76889327195079, 8.63883604239509], [77.7688952505441, 8.63910708147176], [77.76880446540012, 8.63910773781684], [77.76880512492524, 8.639198084178723], [77.7686235545654, 8.639199396814982], [77.76862157614276, 8.638928357684414]], [[77.76862157614276, 8.638928357684414], [77.76862091668951, 8.638838011304562], [77.7687117017796, 8.638837355022366], [77.7687123612598, 8.638927701393234], [77.76862157614276, 8.638928357684414]]]}, "id": "+475+4405", "properties": {"count": 119, "water": 1}}, {"type": "Feature", "geometry": {"geodesic": false, "type": "Polygon", "coordinates": [[[77.76983733964505, 8.779415064437702], [77.7701097963351, 8.779413062874468], [77.77010912562596, 8.779322717276152], [77.7701999444927, 8.779322050052475], [77.7701992737656, 8.779231704463141], [77.77029009259641, 8.779231037221498], [77.77029076334148, 8.779321382810831], [77.77065403869166, 8.779318713610694], [77.77065470953555, 8.779409059164095], [77.77092716603696, 8.779407057016956], [77.77092783695271, 8.77949740255239], [77.77120029345411, 8.779495400189656], [77.77119962247549, 8.779405054672187], [77.77138126006524, 8.779403719667878], [77.77138193108878, 8.77949406516738], [77.77147274989265, 8.779493397629292], [77.77147207884215, 8.77940305212979], [77.77210781012779, 8.779398378779272], [77.77210848133102, 8.779488724224874], [77.772653393714, 8.779484717594977], [77.77265406505195, 8.779575062995665], [77.77338061466536, 8.77956971954686], [77.77338128619196, 8.779660064893648], [77.77356292356612, 8.779658728802376], [77.77356359513765, 8.779749074131198], [77.7736544138337, 8.779748406045139], [77.77365508544115, 8.77983875137396], [77.77374590415518, 8.779838083251967], [77.773747247424, 8.780018773891646], [77.77365642866505, 8.78001944202262], [77.77365710029048, 8.78010978734246], [77.77374791906738, 8.780109119202502], [77.7737492623811, 8.780289809842179], [77.7736584435503, 8.78029047799112], [77.77365911520268, 8.780380823310958], [77.77374993404246, 8.780380155153034], [77.77375060572179, 8.78047050046389], [77.77411388111688, 8.780467827589643], [77.77411320935671, 8.780377482305738], [77.77420402816057, 8.780376814040014], [77.77420335639142, 8.780286468756108], [77.77438499394523, 8.780285132170762], [77.77438566575931, 8.780375477436703], [77.7744764845452, 8.780374809108098], [77.77447715639519, 8.780465154365055], [77.77502206911055, 8.780461143872401], [77.7750227410953, 8.780551489093424], [77.77511355987221, 8.78055082059414], [77.77511423189289, 8.78064116580618], [77.77565914456333, 8.780637154316398], [77.77565981671876, 8.780727499483524], [77.77620472926343, 8.780723487158307], [77.77620607385276, 8.780904177411708], [77.77647853016552, 8.780902170916724], [77.77647920253655, 8.780992516011983], [77.77684247759927, 8.78098984035296], [77.77684315006911, 8.781080185430254], [77.77747888130087, 8.781075502135385], [77.77748022657292, 8.781256192182175], [77.77757104533185, 8.781255523036103], [77.77757239067577, 8.781436213073908], [77.77729993422827, 8.781438220476192], [77.77729926162368, 8.781347875443814], [77.77720844281983, 8.781348544527004], [77.77720777024219, 8.781258199485643], [77.77711695144731, 8.781258868541883], [77.77711627889663, 8.781168523482556], [77.77684382254793, 8.781170530498564], [77.77684449502675, 8.781260875575857], [77.77675367620493, 8.781261544542266], [77.77675300374408, 8.781171199464973], [77.77648054730555, 8.781173206220469], [77.77647987491656, 8.781082861116227], [77.77620741847804, 8.781084867656126], [77.77620809080415, 8.781175212778336], [77.77611727195537, 8.781175881583048], [77.7761165996562, 8.78108553646084], [77.77593496197663, 8.7810868739984], [77.77593294524983, 8.780815838559905], [77.77575130767805, 8.7808171759717], [77.77575265206976, 8.780997866287985], [77.77538937666567, 8.781000540904962], [77.77538870455516, 8.78091019571987], [77.77529788570638, 8.780910864308986], [77.77529721362282, 8.780820519114911], [77.77502475710344, 8.78082252473853], [77.77502341308903, 8.780641834305467], [77.77438768126439, 8.780646513234522], [77.77438835311439, 8.780736858500463], [77.77393425862797, 8.780740199972808], [77.77393358688578, 8.780649854670935], [77.77366113017776, 8.780651859270474], [77.77366045850741, 8.780561513950635], [77.77338800179939, 8.78056351833458], [77.7733873302099, 8.780473172996775], [77.77302405458124, 8.780475845170335], [77.7730233830816, 8.780385499796598], [77.77275092634662, 8.780387503686468], [77.77275025492781, 8.780297158294765], [77.77265943602514, 8.780297826201162], [77.7726587646243, 8.780207480800474], [77.77256794573958, 8.780208148688905], [77.77256727437468, 8.780117803279234], [77.77274891209917, 8.780116467511357], [77.77274756929748, 8.779935776718965], [77.77265675048464, 8.779936444607396], [77.77265607911075, 8.779846099197727], [77.77247444150304, 8.779847434884756], [77.77247511283201, 8.779937780303408], [77.77238429399222, 8.779938448119974], [77.77238563661425, 8.780119138966263], [77.77220399883585, 8.780120474563462], [77.77220332756076, 8.780030129126843], [77.77165841418066, 8.780034135352498], [77.77165774304032, 8.779943789870963], [77.77156692414664, 8.779944457489899], [77.77156558193784, 8.779763766526829], [77.77129312532863, 8.779765769212956], [77.77129245430508, 8.779675423704472], [77.7708383599085, 8.77967876105355], [77.77083768900172, 8.779588415509131], [77.77047441345391, 8.779591084960796], [77.77047374263698, 8.779500739398413], [77.76983801029131, 8.779505410053986], [77.76983733964505, 8.779415064437702]]]}, "id": "+480+2844", "properties": {"count": 341, "water": 1}}, {"type": "Feature", "geometry": {"geodesic": false, "type": "Polygon", "coordinates": [[[77.77016822138677, 8.63936892917509], [77.7705313617471, 8.639366302294587], [77.77053202170342, 8.639456648521723], [77.77071359188359, 8.639455334942232], [77.77071425189379, 8.639545681160387], [77.77089582209193, 8.639544367482081], [77.77089714221115, 8.639725059882457], [77.7710787124632, 8.639723746087371], [77.7710793725812, 8.639814092269592], [77.7711701577162, 8.639813435331625], [77.77117081786115, 8.639903781513846], [77.77089846235734, 8.63990575227385], [77.7708991224394, 8.639996098474036], [77.77080833724152, 8.639996755358105], [77.77080635707615, 8.639725716739576], [77.77053400161725, 8.639727687212117], [77.77053334163399, 8.639637340984981], [77.77044255649001, 8.639637997752269], [77.77044321644632, 8.639728343988388], [77.77035243127538, 8.639729000746692], [77.77035177133705, 8.639638654501589], [77.77026098618407, 8.639639311232944], [77.77026032627268, 8.63954896498784], [77.7701695411287, 8.639549621683262], [77.77016822138677, 8.63936892917509]]]}, "id": "+494+4392", "properties": {"count": 30, "water": 1}}, {"type": "Feature", "geometry": {"geodesic": false, "type": "Polygon", "coordinates": [[[77.77021349130278, 8.633134380067343], [77.77030427491066, 8.633133723839045], [77.77030229669464, 8.632862685013903], [77.77057464728468, 8.632860716266126], [77.77057332837818, 8.63268002374897], [77.77102724566292, 8.632676742140355], [77.77102856478501, 8.632857434585645], [77.77121013173125, 8.632856121769724], [77.77121079134619, 8.63294646796991], [77.7713015748283, 8.632945811526017], [77.77130289412108, 8.633126503926393], [77.77121211059405, 8.633127160388252], [77.77121342986887, 8.63330785279761], [77.77112264628795, 8.633308509259471], [77.77112330591187, 8.633398855468641], [77.77103252230401, 8.633399511912536], [77.77103318191895, 8.633489858130691], [77.7706700473258, 8.633492483708636], [77.77066938780068, 8.633402137463532], [77.77057860415688, 8.633402793790646], [77.77057794465873, 8.633312447536559], [77.77039637739807, 8.633313760127903], [77.77039571794482, 8.633223413864833], [77.77021415069316, 8.633224726348379], [77.77021349130278, 8.633134380067343]]]}, "id": "+500+4466", "properties": {"count": 72, "water": 1}}, {"type": "Feature", "geometry": {"geodesic": false, "type": "Polygon", "coordinates": [[[77.77176207231742, 8.70811434790155], [77.77194367529508, 8.70811302338058], [77.7719430096704, 8.708022677584633], [77.77212461256721, 8.708021352991798], [77.77212727526354, 8.708382736121681], [77.77230887831307, 8.708381411385115], [77.77230754686609, 8.708200719847124], [77.77221674539074, 8.708201382210914], [77.7722160796942, 8.708111036432935], [77.772397682591, 8.708109711696368], [77.77239834833247, 8.708200057456382], [77.77276155412609, 8.708197407695788], [77.77276221995739, 8.708287753428852], [77.77303462430261, 8.708285765852388], [77.77303529020577, 8.708376111567485], [77.77294448873938, 8.708376774119923], [77.77294582051874, 8.7085574655591], [77.7726734159669, 8.708559453126583], [77.77267275013563, 8.708469107384536], [77.77258194862434, 8.708469769856125], [77.77258261442867, 8.708560115607154], [77.77212860665664, 8.70856342767764], [77.77212794096009, 8.708473081899662], [77.77203713940388, 8.708473744245486], [77.77203580807368, 8.708293052662578], [77.7717634034949, 8.708295039520392], [77.77176207231742, 8.70811434790155]]]}, "id": "+506+3632", "properties": {"count": 44, "water": 1}}, {"type": "Feature", "geometry": {"geodesic": false, "type": "Polygon", "coordinates": [[[77.77172959505782, 8.78961075321522], [77.7718204163051, 8.789610084832717], [77.77181907247933, 8.789429393986426], [77.77200071484812, 8.789428057176503], [77.77200004289931, 8.789337711766832], [77.77218168520521, 8.78933637487606], [77.77218235718996, 8.789426720267764], [77.77245482065331, 8.789424714751943], [77.7724541485967, 8.789334369378205], [77.7727266119253, 8.789332363691704], [77.77272593981479, 8.789242018335933], [77.77408825516423, 8.789231987028819], [77.7740889276161, 8.789322332276791], [77.77436139055843, 8.789320325404514], [77.77436206307318, 8.789410670625537], [77.77481616794412, 8.789407325362303], [77.77481684057567, 8.789497670556377], [77.77536176631659, 8.789493655482316], [77.77536243909185, 8.789584000631475], [77.77572572285925, 8.789581323445315], [77.77572639572435, 8.789671668567525], [77.77590803760805, 8.789670329835205], [77.77590871052705, 8.78976067493945], [77.7763628152273, 8.789757327681953], [77.77636348826309, 8.789847672750264], [77.77699923469433, 8.789842985628573], [77.7769999078918, 8.789933330651966], [77.77727237060955, 8.789931321533901], [77.77727304387889, 8.790021666530347], [77.77818125266856, 8.790014967990903], [77.77818192617146, 8.790105312915482], [77.77827274703246, 8.790104642933978], [77.77827342055333, 8.790194987858557], [77.77818259967437, 8.790195657849045], [77.77818327318624, 8.790286002773625], [77.77791081042358, 8.79028801262831], [77.77791013697458, 8.79019766767678], [77.77781931605968, 8.790198337577436], [77.77781998948173, 8.79028868253795], [77.7774567056784, 8.790291361942947], [77.77745737901961, 8.79038170693041], [77.77663998982432, 8.790387734392404], [77.77663931668074, 8.790297389351043], [77.77636685354976, 8.790299398091816], [77.77636618047805, 8.790209053023505], [77.77609371735606, 8.790211061548684], [77.77609237136537, 8.790030371367147], [77.77600155035165, 8.790031040818645], [77.77600087738773, 8.789940695723386], [77.77545595128748, 8.789944711920342], [77.7754552784673, 8.789854366780165], [77.77491035224128, 8.789858382159654], [77.7749110249357, 8.789948727335762], [77.77463856166099, 8.789950734747029], [77.77463788903844, 8.789860389543971], [77.77436542576373, 8.789862396739641], [77.77436609832341, 8.789952741960665], [77.77427527719291, 8.789953410989957], [77.77427460466019, 8.789863065759949], [77.77409296242615, 8.789864403737683], [77.77409363491395, 8.789954748985657], [77.77400281376549, 8.789955417943082], [77.77400214129565, 8.78986507269511], [77.77372967787723, 8.78986707943264], [77.7737303502752, 8.789957424707563], [77.77336706552863, 8.789960100070141], [77.77336773785474, 8.790050445372014], [77.77318609538715, 8.790051782936523], [77.77318542310594, 8.789961437625667], [77.77273131693245, 8.789964781128205], [77.77273198909685, 8.790055126474993], [77.7722778826359, 8.790058469474474], [77.77227653852268, 8.789877778709032], [77.77200407468203, 8.789879784197904], [77.7720060906722, 8.790150820408948], [77.77182444795308, 8.790152157335653], [77.77182377599527, 8.790061811917], [77.7717329546402, 8.79006248034442], [77.77172959505782, 8.78961075321522]]]}, "id": "+521+2733", "properties": {"count": 393, "water": 1}}, {"type": "Feature", "geometry": {"geodesic": false, "type": "MultiPolygon", "coordinates": [[[[77.77412251255234, 8.695719104766972], [77.77375931920038, 8.695721752066182], [77.77375599380787, 8.695270023481712], [77.77393759028173, 8.695268699939906], [77.77393958562863, 8.695539737049264], [77.77403038391496, 8.695539075233444], [77.77403104906354, 8.695629420930576], [77.77412184737682, 8.695628759078824], [77.77412251255234, 8.695719104766972]]], [[[77.77448703634516, 8.6958971484488], [77.77457783467642, 8.695896486462301], [77.77457849998669, 8.695986832114516], [77.77448770162849, 8.695987494101015], [77.77448703634516, 8.6958971484488]]], [[[77.77412251255234, 8.695719104766972], [77.77421331087461, 8.695718442888271], [77.77421397607708, 8.695808788567437], [77.77448637106185, 8.695806802787601], [77.77448703634516, 8.6958971484488], [77.77439623800494, 8.695897810399366], [77.77439756854461, 8.696078501730748], [77.77421597174737, 8.696079825613914], [77.77421530651795, 8.695989479934749], [77.7741245081328, 8.695990141831416], [77.77412251255234, 8.695719104766972]]]]}, "id": "+527+3773", "properties": {"count": 24, "water": 1}}, {"type": "Feature", "geometry": {"geodesic": false, "type": "Polygon", "coordinates": [[[77.77512311495545, 8.769618379084324], [77.77539556328217, 8.769616375931072], [77.775394892061, 8.76952603069208], [77.77548570813398, 8.7695253629384], [77.77548637938212, 8.769615708168406], [77.77557719546408, 8.769615040387773], [77.77557853803219, 8.769795730838803], [77.77566935415908, 8.769795063013255], [77.77567002547009, 8.769885408234279], [77.77557920932524, 8.769886076059828], [77.77557988062728, 8.769976421280852], [77.77548906445548, 8.769977089097416], [77.77548973573954, 8.770067434327425], [77.77521728710738, 8.770069437651356], [77.77521460226757, 8.769708056641496], [77.7751237861317, 8.769708724350263], [77.77512311495545, 8.769618379084324]]]}, "id": "+538+2951", "properties": {"count": 22, "water": 1}}, {"type": "Feature", "geometry": {"geodesic": false, "type": "Polygon", "coordinates": [[[77.77468061007468, 8.697522046000083], [77.77477140878322, 8.69752138386087], [77.7747700778393, 8.697340692592372], [77.77486087650293, 8.697340030444176], [77.77485821461508, 8.696978647943112], [77.77494901317989, 8.696977985794916], [77.77494967866085, 8.697068331411199], [77.77522207438224, 8.697066344813898], [77.77522273993505, 8.697156690412214], [77.77531353851784, 8.697156028165203], [77.77531486969532, 8.69733671934387], [77.77522407106763, 8.697337381608847], [77.77522606781588, 8.697608418394813], [77.7751352691253, 8.697609080650807], [77.77513593469608, 8.697699426258106], [77.77486353849858, 8.697701412936256], [77.77486287299068, 8.69761106731099], [77.77468127552868, 8.697612391643315], [77.77468061007468, 8.697522046000083]]]}, "id": "+538+3754", "properties": {"count": 34, "water": 1}}, {"type": "Feature", "geometry": {"geodesic": false, "type": "MultiPolygon", "coordinates": [[[[77.77396048446658, 8.64891865773048], [77.77396114597698, 8.64900900365219], [77.77405193309725, 8.6490083453398], [77.7740525946346, 8.649098691252526], [77.77414338176386, 8.649098032913187], [77.77414404333713, 8.64918837881693], [77.77423483048436, 8.649187720450643], [77.774236815303, 8.649458758143908], [77.7739644536547, 8.649460733251756], [77.77396313056205, 8.649280041417319], [77.77387234336992, 8.649280699729708], [77.77387168185952, 8.649190353799016], [77.77378089468534, 8.649191012084456], [77.7737802332019, 8.649100666153762], [77.7736894460457, 8.64910132440327], [77.7736887845892, 8.649010978463593], [77.77359799744197, 8.649011636695136], [77.77359733601243, 8.648921290746475], [77.77350654888316, 8.648921948942085], [77.77350522609593, 8.6487412570268], [77.77341443899363, 8.648741915195458], [77.77341311627826, 8.648561223262208], [77.77359469037509, 8.648559906942856], [77.77359535177769, 8.648650252891514], [77.77368613883509, 8.648649594695906], [77.77368680025565, 8.648739940635583], [77.77377758733101, 8.648739282413024], [77.77377824878751, 8.648829628343718], [77.77386903587185, 8.648828970085226], [77.77386969736428, 8.64891931601592], [77.77396048446658, 8.64891865773048]]], [[[77.77386506711493, 8.64828689451005], [77.77386572856244, 8.648377240440745], [77.77395651553, 8.64837658220022], [77.77395717700446, 8.64846692812193], [77.77404796398999, 8.648466269845473], [77.7740492869928, 8.648646961679908], [77.77414007401427, 8.648646303376502], [77.77414073555161, 8.648736649280247], [77.77423152259104, 8.64873599094989], [77.77423218415534, 8.648826336853634], [77.77432297120374, 8.648825678487345], [77.77432363279499, 8.648916024382107], [77.77441441986137, 8.648915365988868], [77.77441508148854, 8.649005711874645], [77.7745058685639, 8.649005053454458], [77.77450719187215, 8.649185745208046], [77.77441640475188, 8.6491864036462], [77.774417066397, 8.649276749531976], [77.7743262792408, 8.649277407952164], [77.77432561762261, 8.649187062057404], [77.77423483048436, 8.649187720450643], [77.77423416889313, 8.6490973745469], [77.77414338176386, 8.649098032913187], [77.77414272019958, 8.649007687009444], [77.77405193309725, 8.6490083453398], [77.77405127155991, 8.648917999427074], [77.77396048446658, 8.64891865773048], [77.77395916145478, 8.64873796588706], [77.7738683743974, 8.648738624163517], [77.77386771293192, 8.648648278232823], [77.7737769258835, 8.648648936473348], [77.77377626444498, 8.648558590533671], [77.77368547741453, 8.648559248747247], [77.77368349319777, 8.648288210919235], [77.77386506711493, 8.64828689451005]]], [[[77.77422755335802, 8.648193915536412], [77.77422821487738, 8.648284261440155], [77.77431900180004, 8.648283603118783], [77.77431966334636, 8.648373949013543], [77.77441045028698, 8.648373290665221], [77.77441111186025, 8.648463636550998], [77.77450189881883, 8.648462978166743], [77.77450322203724, 8.648643669929315], [77.77459400902278, 8.64864301151811], [77.77459467066792, 8.648733357394905], [77.77468545767141, 8.648732698947768], [77.7746861193435, 8.648823044815579], [77.77477690635598, 8.648822386341493], [77.77477822976304, 8.649003078059147], [77.7745058685639, 8.649005053454458], [77.77450520691876, 8.648914707577664], [77.77441441986137, 8.648915365988868], [77.77441375825217, 8.648825020103091], [77.77432297120374, 8.648825678487345], [77.77432164803923, 8.648644986697825], [77.77423086103573, 8.648645645046146], [77.77423019948043, 8.648555299142403], [77.77413941248591, 8.648555957463776], [77.77413875096654, 8.648465611560033], [77.77404796398999, 8.648466269845473], [77.77404730249756, 8.648375923932745], [77.77395651553, 8.64837658220022], [77.77395585406452, 8.648286236269527], [77.77386506711493, 8.64828689451005], [77.77386440568539, 8.648196548579358], [77.77395519260803, 8.648195890347816], [77.77395453116053, 8.648105544426107], [77.77413610495192, 8.648104227918108], [77.77413676644434, 8.648194573821852], [77.77422755335802, 8.648193915536412]]], [[[77.7748643848553, 8.648369998591233], [77.77486504654536, 8.648460344441077], [77.77495583345903, 8.648459685958008], [77.77495649517603, 8.64855003179887], [77.77504728210766, 8.64854937328885], [77.77504860560455, 8.64873006496159], [77.77477624466593, 8.648732040482665], [77.77477558297588, 8.648641694623837], [77.77468479599932, 8.648642353079957], [77.77468413434521, 8.648552007221129], [77.77459334738663, 8.648552665641317], [77.77459268575944, 8.648462319773506], [77.77450189881883, 8.648462978166743], [77.77450123721862, 8.648372632289949], [77.77441045028698, 8.648373290665221], [77.77440912714941, 8.648192598884682], [77.77422755335802, 8.648193915536412], [77.77422623033723, 8.648013223719941], [77.77413544346848, 8.648013882005381], [77.77413478199402, 8.647923536092655], [77.77422556883582, 8.647922877816198], [77.7742249073434, 8.647832531912455], [77.77431569415825, 8.647831873627014], [77.77431635566863, 8.647922219521774], [77.77440714250146, 8.647921561209385], [77.7744078040388, 8.648011907104145], [77.77449859088958, 8.648011248755823], [77.77449925245386, 8.6481015946416], [77.77459003931364, 8.648100936266328], [77.77459070091386, 8.648191282143122], [77.77468148778262, 8.648190623740902], [77.77468214941877, 8.648280969608713], [77.77477293630548, 8.648280311179542], [77.77477359795961, 8.648370657047353], [77.7748643848553, 8.648369998591233]]], [[[77.77504728210766, 8.64854937328885], [77.77504662037269, 8.64845902744799], [77.77495583345903, 8.648459685958008], [77.774955171751, 8.648369340108163], [77.7748643848553, 8.648369998591233], [77.77486306151113, 8.648189306873578], [77.77477227465137, 8.648189965320714], [77.77477161300622, 8.648099619461886], [77.77468082616443, 8.648100277873091], [77.77468016454623, 8.64800993200528], [77.77458937772239, 8.648010590389534], [77.77458871614014, 8.64792024451274], [77.77449792932529, 8.647920902870046], [77.77449726776099, 8.647830556984268], [77.77440648096412, 8.647831215314625], [77.77440515791638, 8.647650523534086], [77.7746775181633, 8.647648548516068], [77.77467817974556, 8.647738894392862], [77.77476896650651, 8.647738236008609], [77.7747696281247, 8.647828581867437], [77.77486041489463, 8.647827923456232], [77.7748610765308, 8.647918269306077], [77.77495186331869, 8.647917610867923], [77.77495252499078, 8.648007956717768], [77.77504331179665, 8.64800729824368], [77.77504463520371, 8.648187989925404], [77.77513542203653, 8.648187331415386], [77.7751360837715, 8.648277677256246], [77.77522687062229, 8.648277018719279], [77.77522753239319, 8.648367364542173], [77.77531831925296, 8.648366705978255], [77.77531898105082, 8.648457051792168], [77.7752281941641, 8.648457710365069], [77.77522885594398, 8.648548056196947], [77.77504728210766, 8.64854937328885]]]]}, "id": "+539+4300", "properties": {"count": 171, "water": 1}}, {"type": "Feature", "geometry": {"geodesic": false, "type": "MultiPolygon", "coordinates": [[[[77.775057706275, 8.797446705839365], [77.77505837958925, 8.797537050970558], [77.77478591080788, 8.797539060205404], [77.77478523755651, 8.797448715047262], [77.775057706275, 8.797446705839365]]], [[[77.775057706275, 8.797446705839365], [77.77505703296973, 8.79735636069919], [77.77514785583398, 8.797355690924297], [77.77514583588223, 8.797084655548685], [77.77505501308086, 8.797085325296628], [77.77505433980254, 8.796994980165437], [77.77496351701016, 8.796995649895413], [77.77496284375879, 8.796905304746254], [77.77505366652422, 8.796904635034243], [77.77505299325489, 8.796814289894067], [77.77523463873185, 8.796812950407165], [77.77523396542657, 8.796722605284955], [77.77532478812911, 8.796721935510062], [77.77532411480588, 8.796631590396837], [77.77632316381525, 8.796624221561476], [77.77632249026743, 8.796533876520115], [77.77641331283523, 8.796533206502678], [77.77641398640999, 8.796623551535056], [77.77695892182577, 8.79661953091839], [77.77695959554427, 8.79670987590585], [77.7771412406619, 8.796708535520633], [77.7771425881977, 8.796889225468608], [77.77723341079246, 8.796888555226591], [77.77723408460079, 8.796978900196086], [77.77714326197909, 8.796979570447085], [77.77715269564602, 8.798244400037992], [77.77706187270992, 8.798245070360858], [77.7770652421109, 8.798696795235285], [77.77697441905799, 8.798697465567134], [77.77697576682736, 8.798878155524092], [77.77670329749802, 8.798880166456755], [77.77670531900385, 8.799151201455073], [77.77661449581622, 8.799151871742005], [77.77661516964251, 8.79924221673845], [77.77652434642792, 8.7992428870164], [77.77653378045419, 8.80050771712833], [77.77662460398318, 8.800507046751566], [77.77662527791728, 8.800597391756995], [77.77653445437032, 8.800598062133759], [77.77653647615463, 8.80086909714106], [77.77608235797963, 8.8008724488003], [77.7760830318149, 8.800962793832678], [77.77562891335246, 8.800966144988863], [77.77562958707993, 8.801056490057173], [77.77544793960872, 8.80105783037951], [77.7754465922436, 8.800877140206957], [77.77590071066113, 8.800873789311284], [77.77589936310736, 8.800693099210596], [77.77580853947954, 8.800693769416679], [77.77580786574308, 8.800603424357352], [77.7760803365277, 8.8006014136852], [77.77607898892902, 8.800420723602478], [77.77616981246699, 8.800420053351479], [77.77616846485033, 8.800239363286723], [77.7762592883434, 8.80023869302674], [77.77625861452609, 8.800148347994362], [77.77616779105998, 8.800149018254345], [77.77616711726961, 8.800058673212984], [77.77625794070877, 8.800058002970967], [77.77625726690943, 8.799967657938591], [77.77634809032165, 8.799966987678607], [77.77634741650434, 8.799876642655212], [77.77625659311009, 8.799877312915196], [77.77625591931972, 8.799786967882818], [77.776346742696, 8.799786297631819], [77.77634472129797, 8.799515262570617], [77.77625389799356, 8.799515932794668], [77.77625187673925, 8.799244897697534], [77.7763426999718, 8.79924422749145], [77.77634135246294, 8.799063537444662], [77.77643217564159, 8.799062867229594], [77.77643150187818, 8.7989725222062], [77.77652232503887, 8.798971851982149], [77.77651962994031, 8.798610471924503], [77.77661045301116, 8.798609801700453], [77.77660910545738, 8.798429111680612], [77.77669992847434, 8.798428441456561], [77.7766979071392, 8.79815740644926], [77.77642543828594, 8.798159417013613], [77.77642476458541, 8.798069071990218], [77.77651558752153, 8.79806840182905], [77.77651356641096, 8.797797366776832], [77.77642274353772, 8.797798036911052], [77.77642206987312, 8.797707691887657], [77.77633124700888, 8.797708361994927], [77.77632989974256, 8.79752767193017], [77.77614825409493, 8.797529012054877], [77.77614758051118, 8.797438667004533], [77.77596593488151, 8.797440007030426], [77.77596526135166, 8.797349661962116], [77.77578361573097, 8.797351001889194], [77.77578294224604, 8.7972606568119], [77.77532882818532, 8.797264006198404], [77.77533084831674, 8.797535041529098], [77.77514920250741, 8.797536381177698], [77.7751485291662, 8.79744603605549], [77.775057706275, 8.797446705839365]]]]}, "id": "+546+2652", "properties": {"count": 390, "water": 1}}, {"type": "Feature", "geometry": {"geodesic": false, "type": "Polygon", "coordinates": [[[77.77495833058687, 8.698242824404907], [77.77523072716167, 8.698240837538112], [77.77523139280432, 8.698331183127445], [77.77541299052683, 8.698329858426812], [77.77541365622336, 8.698420204007162], [77.77550445509361, 8.69841954161642], [77.77550312366459, 8.698238850473688], [77.77568472129728, 8.698237525656273], [77.77568538704773, 8.698327871218655], [77.77577618588204, 8.698327208765033], [77.77577685166841, 8.698417554318434], [77.77595844933703, 8.698416229339323], [77.7759591151773, 8.698506574874756], [77.7763223105325, 8.698503924638056], [77.77632297646261, 8.698594270146542], [77.7764137753059, 8.698593607522238], [77.77641510722898, 8.698774298521242], [77.77632430834078, 8.698774961154527], [77.77632564025488, 8.698955652162514], [77.77587164549944, 8.698958965077416], [77.77587097965018, 8.698868619541983], [77.77559858277894, 8.69887060701065], [77.77559791700155, 8.698780261448265], [77.77541631909038, 8.698781586301614], [77.77541565336689, 8.698691240730247], [77.77514325651362, 8.698693227830605], [77.77514192521036, 8.698512536642955], [77.77505112628623, 8.698513198952847], [77.77505046067053, 8.698422853345548], [77.77495966176436, 8.698423515628491], [77.77495833058687, 8.698242824404907]]]}, "id": "+546+3740", "properties": {"count": 74, "water": 1}}, {"type": "Feature", "geometry": {"geodesic": false, "type": "MultiPolygon", "coordinates": [[[[77.77302294208064, 8.768097857881848], [77.7730236126281, 8.768188203309485], [77.77293279668986, 8.768188870371466], [77.77293212616937, 8.768098524934846], [77.77302294208064, 8.768097857881848]]], [[[77.77302294208064, 8.768097857881848], [77.77302227154219, 8.768007512454211], [77.7731130874355, 8.768006845383248], [77.77311241687907, 8.76791649995561], [77.77329404859384, 8.767915165768768], [77.77329270741811, 8.767734474949428], [77.7734743390161, 8.767733140699702], [77.77347366839679, 8.767642795299015], [77.77356448416434, 8.767642128147203], [77.77356314289878, 8.767461437363796], [77.7737447743171, 8.76746010302424], [77.77374410366185, 8.767369757650501], [77.77401655066808, 8.767367755997435], [77.77401587994994, 8.767277410641665], [77.77410669558276, 8.767276743382054], [77.77410602484666, 8.767186398035266], [77.7742876560494, 8.767185063480113], [77.77428698527737, 8.767094718142308], [77.77446861639925, 8.767093383506309], [77.77446727479233, 8.766912692857648], [77.77473972130447, 8.766910690791358], [77.77473905044262, 8.766820345489485], [77.77492068136686, 8.76681901067382], [77.77492001046907, 8.766728665389914], [77.77510164132147, 8.766727330502386], [77.77510097038774, 8.766636985227462], [77.77519178578699, 8.76663631776124], [77.77519111483531, 8.766545972495301], [77.77537274556192, 8.766544637508957], [77.7753720745743, 8.766454292252], [77.77555370522906, 8.766452957193792], [77.77555169218536, 8.766181921467837], [77.7756425074319, 8.766181253920767], [77.77564317846442, 8.766271599159756], [77.77573399371994, 8.76627093159472], [77.77573265162792, 8.766090241134705], [77.7758234668475, 8.766089573551701], [77.77582212473752, 8.765908883109654], [77.77573130957184, 8.765909550665707], [77.77573063854828, 8.765819205435701], [77.77609389908525, 8.76581653508572], [77.77609322798983, 8.765726189882663], [77.77618404308365, 8.765725522245761], [77.77618337197026, 8.765635177042702], [77.77627418703713, 8.765634509396817], [77.7762755293178, 8.765815199775984], [77.7763663444206, 8.765814532085182], [77.77636902916159, 8.766175912816564], [77.77645984434524, 8.766175245080847], [77.77646387179809, 8.766717316110547], [77.77637305648867, 8.76671798389118], [77.7763737277368, 8.766808329067288], [77.77619209703712, 8.766809664574655], [77.77619276824932, 8.76690000976873], [77.77592032208753, 8.76690201288605], [77.77592099323684, 8.76699235809809], [77.77564854694029, 8.766994361035746], [77.77564921803571, 8.767084706265754], [77.7753767716134, 8.76708670903273], [77.77537744264593, 8.767177054289688], [77.77519581162286, 8.767178389374845], [77.77519648261946, 8.767268734640785], [77.77501485151555, 8.767270069645095], [77.77501552247622, 8.767360414929001], [77.77474307570357, 8.767362417300719], [77.77474374661034, 8.767452762593608], [77.77456211534472, 8.767454097418256], [77.77456278621557, 8.767544442729111], [77.77429033920036, 8.767546444813368], [77.77429101000833, 8.767636790151172], [77.77410937859, 8.76763812477819], [77.77411004936202, 8.767728470124979], [77.77383760211326, 8.767730471930758], [77.7738382728224, 8.767820817295512], [77.77365664124238, 8.767822151742866], [77.77365731192457, 8.767912497116605], [77.77347568027268, 8.76791383148311], [77.77347635090996, 8.768004176883798], [77.77320390331086, 8.768006178294318], [77.77320457389423, 8.768096523703989], [77.77302294208064, 8.768097857881848]]]]}, "id": "+547+2994", "properties": {"count": 249, "water": 1}}, {"type": "Feature", "geometry": {"geodesic": false, "type": "MultiPolygon", "coordinates": [[[[77.7791592217935, 8.639755540914805], [77.7791598838339, 8.63984588647719], [77.77906909930077, 8.639846545310602], [77.77906843728732, 8.639756199739235], [77.7791592217935, 8.639755540914805]]], [[[77.7791592217935, 8.639755540914805], [77.77915855976208, 8.639665195352423], [77.77906777527387, 8.639665854167868], [77.77906512730092, 8.6393044718824], [77.7791559116993, 8.639303813093903], [77.77915458771733, 8.639123121960154], [77.77924537206181, 8.639122463162673], [77.7792400762327, 8.638399698663603], [77.77878615528283, 8.638402992147945], [77.77878681712559, 8.638493337746262], [77.77860524865223, 8.638494655008845], [77.77860326326766, 8.63822361816898], [77.77878483161525, 8.638222300951313], [77.77878350797464, 8.63804160975468], [77.77860193970788, 8.638042926936414], [77.77860061618404, 8.637862235712833], [77.77832826386924, 8.637864211287805], [77.77832760218816, 8.637773865653555], [77.77814603398429, 8.637775182583763], [77.77814471072095, 8.637594491288315], [77.77805392664597, 8.637595149708503], [77.77805326504574, 8.637504804047303], [77.77796248098872, 8.637505462440542], [77.77796181941544, 8.637415116770361], [77.77787103537639, 8.637415775136649], [77.77787037383905, 8.637325429457483], [77.7776888057789, 8.637326746109213], [77.77768682131959, 8.63705570904477], [77.77750525335826, 8.63705702556175], [77.77750591479678, 8.637147371267865], [77.7772335627425, 8.63714934590859], [77.77723290137583, 8.63705900018451], [77.77714211736372, 8.637059658344185], [77.77714277871242, 8.637150004077249], [77.77696121062532, 8.637151320360669], [77.77696054932154, 8.63706097460964], [77.77686976528248, 8.637061632715415], [77.77686844273781, 8.636880941204373], [77.77668687473155, 8.636882257317112], [77.77668555230366, 8.63670156577912], [77.77659476833647, 8.63670222378608], [77.77659410714946, 8.636611878008102], [77.77650332319126, 8.636612535988116], [77.77650398436029, 8.636702881766094], [77.77641320037513, 8.636703539737125], [77.77641253923305, 8.636613193941178], [77.77614018731352, 8.636615167692572], [77.77613820412083, 8.636344130250835], [77.77604742019855, 8.636344788105085], [77.77604675917324, 8.636254442282189], [77.77595597525995, 8.636255100109489], [77.77595663626728, 8.636345445932383], [77.77586585232704, 8.636346103741717], [77.77586519134665, 8.636255757909838], [77.7757744074154, 8.636256415683238], [77.77577374646197, 8.636166069842377], [77.77559217863538, 8.636167385326296], [77.77559151772685, 8.636077039467468], [77.77550073383154, 8.636077697169004], [77.7755013947131, 8.636168043036815], [77.77541061078185, 8.636168700720383], [77.77540928906362, 8.63598800898476], [77.77522772126397, 8.635989324262068], [77.77522706046325, 8.635898978376291], [77.7750454926726, 8.635900293563765], [77.77504483192578, 8.635809947660022], [77.77531718352192, 8.635807974878809], [77.77531784434062, 8.635898320755604], [77.77549941208635, 8.635897005442365], [77.77550007294995, 8.635987351310176], [77.77577242457306, 8.635985378160655], [77.77577308551751, 8.636075724001515], [77.77595465327224, 8.636074408454714], [77.7759553142616, 8.63616475427761], [77.77622766590267, 8.636162780768762], [77.77622832697288, 8.636253126573692], [77.77631911085922, 8.63625246868351], [77.77631977194741, 8.636342814488438], [77.77650133974704, 8.636341498636211], [77.77650200088912, 8.63643184441419], [77.77704670424312, 8.636427896309533], [77.77704736551995, 8.63651824205158], [77.77713814941528, 8.636517583945803], [77.77713881071907, 8.636607929678867], [77.7773203785187, 8.63660661340443], [77.77732103987637, 8.636696959119528], [77.777502607685, 8.636695642737294], [77.77750326909657, 8.636785988443407], [77.77759405300986, 8.63678533022085], [77.7775947144484, 8.636875675917981], [77.77777628231091, 8.636874359383032], [77.77777694379435, 8.636964705062198], [77.77795851166586, 8.636963388428436], [77.7779591732032, 8.637053734098616], [77.77823152501495, 8.63705175896382], [77.77823218662415, 8.637142104607051], [77.77832297057337, 8.63714144617788], [77.77832363220953, 8.637231791821112], [77.77859598407517, 8.637229816389869], [77.7785966457832, 8.637320162006153], [77.77877821369063, 8.637318844923232], [77.77877887545255, 8.637409190530532], [77.77905122733615, 8.637407214730981], [77.77905188916995, 8.637497560311331], [77.77923345709534, 8.637496242994848], [77.77923411897405, 8.637586588566215], [77.77941568691742, 8.637585271141935], [77.77941634885, 8.637675616695336], [77.77950713283518, 8.637674957951756], [77.77950779479472, 8.637765303496172], [77.779689362783, 8.637763985919179], [77.77969002479645, 8.63785433144563], [77.77987159279373, 8.637853013769822], [77.77987225485208, 8.63794335928729], [77.7799630388642, 8.637942700408962], [77.77996370095849, 8.63803304592643], [77.78005448497957, 8.638032387021152], [77.78005514710082, 8.638122732520655], [77.78014593113988, 8.638122073588427], [77.78014659328808, 8.638212419078945], [77.78023737733612, 8.638211760119768], [77.7802387016954, 8.638392451091823], [77.78032948578834, 8.638391792096714], [77.78033081021948, 8.638572483050801], [77.78042159434838, 8.63857182401976], [77.78042225659539, 8.638662169492312], [77.78051304073325, 8.63866151043432], [77.780515689883, 8.639022892288597], [77.78060647410172, 8.639022233176707], [77.78061177292221, 8.639744996804412], [77.78070255730263, 8.639744337620655], [77.78070454454672, 8.640015373948481], [77.78079532899002, 8.64001471471981], [77.78079797883146, 8.640376096466289], [77.78088876334662, 8.64037543718372], [77.78089075086919, 8.640646473466628], [77.78098153544724, 8.640645814139143], [77.78098484823639, 8.64109754123241], [77.78107563291324, 8.641096881851025], [77.78107762073225, 8.641367918080036], [77.78098683599251, 8.641368577479387], [77.78098617339515, 8.641278232069716], [77.78089538867337, 8.641278891442118], [77.78089406355053, 8.641098200595827], [77.78080327885571, 8.641098859932297], [77.78080195380473, 8.64091816906804], [77.78062038447796, 8.640919487651148], [77.78061839709014, 8.640648451305356], [77.78052761248514, 8.640649110543011], [77.78052695005847, 8.640558765088425], [77.78043616546246, 8.640559424299129], [77.78043550306273, 8.64046907883556], [77.78007236470563, 8.640471715426852], [77.78006971552894, 8.640110333464778], [77.7801605000441, 8.640109674379836], [77.7801598377432, 8.640019328889318], [77.78006905325499, 8.640019987974258], [77.78006839098103, 8.63992964248374], [77.77997760650179, 8.639930301532749], [77.77997694426377, 8.639839956033246], [77.7798861598025, 8.639840615055306], [77.77988549758244, 8.63975026954682], [77.7791592217935, 8.639755540914805]], [[77.7794269407418, 8.63912114550483], [77.77960850938585, 8.639119827757158], [77.77961049569569, 8.639390864354478], [77.77970128007611, 8.639390205431233], [77.77970194221533, 8.639480550948702], [77.7794295890022, 8.639482527682501], [77.7794269407418, 8.63912114550483]]]]}, "id": "+547+4431", "properties": {"count": 612, "water": 1}}, {"type": "Feature", "geometry": {"geodesic": false, "type": "Polygon", "coordinates": [[[77.77455098240664, 8.679904637763443], [77.77573131011981, 8.67989604586284], [77.77572599563268, 8.679173280734949], [77.77581678984966, 8.679172619727613], [77.77581612555448, 8.679082274084381], [77.77599771391657, 8.679080952015811], [77.77599837826563, 8.679171297641076], [77.77608917245566, 8.679170636561876], [77.77608983683167, 8.679260982178159], [77.77618063103965, 8.67926032107201], [77.77618129544263, 8.679350666679309], [77.77627208965959, 8.679350005546208], [77.7762727540895, 8.679440351153508], [77.77618195984559, 8.679441012286608], [77.77618461754729, 8.679802394706822], [77.77627541188104, 8.679801733546775], [77.77627474742417, 8.679711387948458], [77.77636554172199, 8.67971072676146], [77.77636952871471, 8.680252800306443], [77.77627873428214, 8.680253461529373], [77.77627939878393, 8.680343807118707], [77.77564383739666, 8.680348435131252], [77.77564250870749, 8.680167743844788], [77.77546091976151, 8.680169065913358], [77.77546158406567, 8.680259411565574], [77.77518920052543, 8.680261394524697], [77.77518853629314, 8.680171048845533], [77.77464376915877, 8.680175014143945], [77.77464310506123, 8.680084668419864], [77.77455231053882, 8.680085329220587], [77.77455098240664, 8.679904637763443]]]}, "id": "+551+3952", "properties": {"count": 122, "water": 1}}, {"type": "Feature", "geometry": {"geodesic": false, "type": "Polygon", "coordinates": [[[77.7301466883897, 8.62917526758974], [77.7305098312743, 8.62917268166343], [77.73050918163067, 8.629082332337106], [77.7304183959387, 8.62908297883665], [77.73041709672327, 8.628902280166034], [77.73050788237032, 8.628901633675474], [77.73050658312793, 8.62872093501384], [77.73041579752581, 8.628721581495418], [77.73041449836428, 8.628540882815818], [77.73050528392149, 8.628540236352208], [77.73050268558944, 8.628178839019958], [77.73032111463672, 8.628180131875315], [77.73031981559197, 8.62799943317775], [77.7304106010324, 8.627998786768037], [77.73040995150554, 8.62790843743273], [77.73068230771004, 8.627906498113761], [77.73068360689852, 8.628087196757429], [77.73077439232996, 8.628086550257885], [77.73078023925754, 8.628899694069045], [77.73087102487763, 8.628899047488652], [77.7308736237846, 8.629260444695136], [77.73096440947656, 8.62925979806983], [77.73096700858115, 8.62962119524038], [77.73105779435396, 8.629620548561174], [77.73105909399159, 8.629801247132976], [77.73114987980033, 8.629800600417836], [77.73115182937806, 8.63007164825308], [77.73124261524968, 8.630071001502008], [77.73124391504003, 8.630251700037878], [77.73133470094758, 8.630251053250873], [77.7313360008098, 8.630431751768775], [77.73142678675329, 8.630431104945838], [77.73142808668736, 8.630611803454757], [77.73151887266678, 8.630611156595888], [77.73152017267273, 8.63079185508684], [77.73161095868808, 8.630791208192038], [77.73161225876589, 8.630971906665025], [77.73170304481718, 8.63097125973429], [77.73170434496686, 8.63115195818931], [77.73179513104509, 8.631151311231626], [77.73179578115585, 8.631241660450153], [77.73188656725206, 8.631241013456536], [77.73188786753649, 8.631421711884608], [77.73197865366862, 8.631421064855058], [77.73198060420754, 8.631692112474706], [77.73207139040255, 8.631691465409224], [77.73207334106725, 8.631962513001922], [77.73216412731615, 8.631961865891524], [77.73216542783415, 8.632142564265695], [77.73207464154031, 8.63214321139406], [77.73207529179481, 8.63223356059462], [77.73189371913529, 8.632234854797451], [77.73189436935387, 8.632325204006996], [77.7315312238821, 8.632327792179092], [77.73153057375336, 8.6322374429426], [77.73162136011008, 8.632236795931016], [77.7316194097059, 8.631965748239502], [77.73152862341207, 8.631966395224136], [77.73152732321748, 8.63178569675115], [77.73143653695958, 8.63178634369985], [77.73143328672013, 8.631334597454503], [77.73152407286125, 8.631333950541734], [77.73152147270562, 8.63097255356881], [77.73133990057612, 8.630973847322483], [77.73133925060009, 8.630883498068023], [77.73124846453982, 8.630884144899943], [77.73124781459074, 8.630793795636501], [77.73115702854845, 8.630794442450455], [77.73115637862632, 8.630704093178029], [77.731065592602, 8.63070473995605], [77.73106494270681, 8.63061439067464], [77.73079258465178, 8.630616330864974], [77.73079193482846, 8.630525981565599], [77.73051957677343, 8.630527921540338], [77.73051892702199, 8.630437572222997], [77.73060971302836, 8.630436925588706], [77.7306084135075, 8.630256226963004], [77.73051762754605, 8.630256873579329], [77.73051567838154, 8.629985825600354], [77.73033410656643, 8.629987118734189], [77.73033150795591, 8.62962572137499], [77.73024072212023, 8.629626367883517], [77.7302394229048, 8.629445669185952], [77.73014863710505, 8.629446315658546], [77.7301466883897, 8.62917526758974]]]}, "id": "+56+4522", "properties": {"count": 274, "water": 1}}, {"type": "Feature", "geometry": {"geodesic": false, "type": "MultiPolygon", "coordinates": [[[[77.77632506094034, 8.637065580864988], [77.77632638326044, 8.637246272447896], [77.77641716738034, 8.637245614467883], [77.77641782856735, 8.637335960254847], [77.77659939682512, 8.637334644204989], [77.77660005806602, 8.637424989973985], [77.77669084221287, 8.637424331913124], [77.77669018094502, 8.637333986144128], [77.77687174916687, 8.637332669968506], [77.77687108786309, 8.637242324217477], [77.77696187193808, 8.637241666102716], [77.77696253325983, 8.637332011844762], [77.77714410143676, 8.637330695543376], [77.77714476280342, 8.63742104127644], [77.7775986832143, 8.637417750100768], [77.77759934470673, 8.637508095788915], [77.7776901287907, 8.637507437485509], [77.7776921133578, 8.637778474549952], [77.77760132921095, 8.637779132871325], [77.77760331377806, 8.638050169953736], [77.77751252955036, 8.638050828275109], [77.77751319106973, 8.638141173981223], [77.77742240682406, 8.638141832293613], [77.77742306832548, 8.638232177999727], [77.77733228404387, 8.63823283629415], [77.7773329455363, 8.638323182009248], [77.77724216122775, 8.638323840285704], [77.7772428227022, 8.638414186009785], [77.77715203836671, 8.638414844277259], [77.77715269982319, 8.63850519000134], [77.77706191546075, 8.63850584825983], [77.77706257689927, 8.638596193983911], [77.77697179250987, 8.638596852224435], [77.77697245393942, 8.638687197966483], [77.77688166952306, 8.63868785618904], [77.77687902393066, 8.638326473211869], [77.77678823959515, 8.63832713138053], [77.77678757823747, 8.638236785629498], [77.77669679391096, 8.638237443780191], [77.77669613258023, 8.638147098020179], [77.77651456394516, 8.638148414231733], [77.77651588652577, 8.638329105787692], [77.77633431777392, 8.638330421945348], [77.77633299528314, 8.638149730371422], [77.77624221094764, 8.638150388396351], [77.77624088851974, 8.63796969680446], [77.77615010422018, 8.63797035480244], [77.77614878187313, 8.637789663192581], [77.7760579976005, 8.637790321154627], [77.77605733645842, 8.6376999753497], [77.7757849836765, 8.637701949083125], [77.77578432260628, 8.637611603251246], [77.775602754088, 8.637612918959745], [77.77560209306269, 8.6375225731099], [77.77551130881702, 8.637523230919232], [77.77551064782766, 8.637432885060404], [77.77541986359097, 8.637433542851772], [77.7754172197862, 8.637072159398494], [77.77578035633769, 8.63706952824201], [77.77577903430505, 8.636888836560287], [77.77614217056009, 8.636886205116342], [77.77614481500267, 8.637247588354024], [77.77623559913155, 8.637246930409944], [77.77623427685637, 8.63706623880907], [77.77632506094034, 8.637065580864988]]], [[[77.77632506094034, 8.637065580864988], [77.77632373864719, 8.636884889273096], [77.77650530670734, 8.636883573331037], [77.77650596789434, 8.636973919117999], [77.7764151838463, 8.636974577098012], [77.77641584501534, 8.637064922893959], [77.77632506094034, 8.637065580864988]]]]}, "id": "+560+4419", "properties": {"count": 233, "water": 1}}, {"type": "Feature", "geometry": {"geodesic": false, "type": "Polygon", "coordinates": [[[77.77759737499775, 8.796976218976491], [77.77768819757453, 8.796975548617693], [77.7776875236674, 8.79688520368413], [77.77786916875807, 8.796883862912637], [77.77786984271911, 8.796974207828233], [77.77823313290946, 8.796971525997785], [77.77823380696034, 8.79706187088643], [77.77859709713273, 8.79705918867869], [77.77859777127343, 8.797149533540388], [77.77877941636412, 8.797148192292786], [77.7787807647623, 8.797328881989232], [77.7781450065272, 8.797333576072868], [77.77814433247632, 8.797243231175237], [77.77787186462021, 8.797245242584006], [77.77787119065019, 8.79715489766841], [77.77759872279407, 8.797156908852601], [77.77759737499775, 8.796976218976491]]]}, "id": "+562+2648", "properties": {"count": 37, "water": 1}}, {"type": "Feature", "geometry": {"geodesic": false, "type": "MultiPolygon", "coordinates": [[[[77.77920982030918, 8.781785544064581], [77.77939145781808, 8.781784204847172], [77.77939213096165, 8.781874549717854], [77.77957376848852, 8.781873210392646], [77.779574441686, 8.781963555254345], [77.7801193542127, 8.78195953672177], [77.7801200275539, 8.782049881538551], [77.78048330251782, 8.782047202052706], [77.78048397594885, 8.782137546842538], [77.78102888830487, 8.782133526917574], [77.78102956187965, 8.782223871662492], [77.78121119931669, 8.782222531501851], [77.78121187294535, 8.782312876228803], [77.78103023545441, 8.782314216407409], [77.78103090904715, 8.782404561152326], [77.78048599628687, 8.782408581203054], [77.78048532283788, 8.782318236413222], [77.780394504043, 8.782318906340826], [77.78039383061196, 8.782228561550994], [77.78030301183506, 8.782229231442669], [77.78030368523915, 8.782319576250467], [77.78003122878265, 8.782321585826674], [77.78003055545042, 8.782231241000908], [77.77975809899394, 8.782233250361518], [77.77975742573358, 8.782142905517787], [77.77957578810789, 8.782144244968757], [77.77957511489245, 8.782053900116043], [77.77939347728474, 8.7820552394682], [77.77939280412319, 8.781964894588535], [77.77930198532832, 8.78196556422868], [77.77930131219372, 8.781875219349017], [77.77921049340783, 8.781875888953229], [77.77920982030918, 8.781785544064581]]], [[[77.77920982030918, 8.781785544064581], [77.77911900154125, 8.781786213641844], [77.77911967462194, 8.781876558539475], [77.77902885582706, 8.781877228098772], [77.77902818277333, 8.781786883201141], [77.77802917580512, 8.781794246880171], [77.77802850299392, 8.781703901901693], [77.77784686531433, 8.781705240454349], [77.77784619254805, 8.781614895457903], [77.77766455488644, 8.781616233911745], [77.77766388217405, 8.781525888897333], [77.77793633859461, 8.781523881216572], [77.77793701136987, 8.78161422619505], [77.77802783018272, 8.781613556923213], [77.77802715738949, 8.781523211935752], [77.77811797617538, 8.78152254264595], [77.77811864899556, 8.781612887615445], [77.7783002865853, 8.781611548946008], [77.77829961372022, 8.781521203985497], [77.77875370747002, 8.781517856970545], [77.7787543804429, 8.781608201895125], [77.77911765539783, 8.781605523855566], [77.77911832846954, 8.781695868753197], [77.77920914721052, 8.781695199175934], [77.77920982030918, 8.781785544064581]]]]}, "id": "+573+2818", "properties": {"count": 92, "water": 1}}, {"type": "Feature", "geometry": {"geodesic": false, "type": "Polygon", "coordinates": [[[77.77836356788448, 8.790103972934505], [77.77899931366893, 8.790099282300401], [77.77899998736947, 8.790189627171081], [77.77936327060686, 8.79018694630183], [77.77936394439722, 8.79027729113658], [77.7794547652133, 8.790276620858629], [77.77945409139599, 8.790186276023881], [77.77999901598707, 8.790182253933978], [77.78000036389119, 8.790362943513642], [77.77872887216058, 8.790372327360016], [77.77872819851395, 8.790281982471368], [77.77863737764396, 8.790282652578638], [77.77863670402428, 8.79019230768999], [77.7783642414323, 8.790194317850101], [77.77836356788448, 8.790103972934505]]]}, "id": "+575+2723", "properties": {"count": 35, "water": 1}}, {"type": "Feature", "geometry": {"geodesic": false, "type": "MultiPolygon", "coordinates": [[[[77.77969371135661, 8.797954587716987], [77.77978453401424, 8.797953916774285], [77.77978520851428, 8.798044261537168], [77.77987603118987, 8.7980435905765], [77.77987805480674, 8.798314624847182], [77.77996887753625, 8.798313953841598], [77.77997225048556, 8.798765677584148], [77.78006307331387, 8.798765006515682], [77.78006779590105, 8.799397419694168], [77.78015861888207, 8.799396748553836], [77.78016199247817, 8.799848472197572], [77.780252815567, 8.799847801003342], [77.78025483987557, 8.800118835166227], [77.7798915472418, 8.800121519898234], [77.77989222193048, 8.80021186464315], [77.77961975231366, 8.800213877992281], [77.77961907767889, 8.800123533220415], [77.77970990087552, 8.800122862133982], [77.77970922623174, 8.800032517371099], [77.77980004939243, 8.800031846275683], [77.77979937473071, 8.799941501521783], [77.77970855158799, 8.799942172608215], [77.77970787696219, 8.799851827845332], [77.77943540756098, 8.799853840978868], [77.77943473299807, 8.799763496189035], [77.7793439098733, 8.799764167185636], [77.77934256081934, 8.799583477596988], [77.77925173773053, 8.799584148548673], [77.77925106323949, 8.799493803749858], [77.77916024016862, 8.799494474683577], [77.77915956570453, 8.799404129875779], [77.77906874264265, 8.799404800773564], [77.7790680682055, 8.799314455956782], [77.77924971427535, 8.799313114152225], [77.77924903980227, 8.79922276935341], [77.77933986281025, 8.79922209841969], [77.77933851383713, 8.799041408831043], [77.7795201597363, 8.799040066936653], [77.77951881070929, 8.798859377374955], [77.77960963360047, 8.798858706414286], [77.7796089590735, 8.798768361633437], [77.77969978193774, 8.7987676906548], [77.77969910740178, 8.798677345882934], [77.7798807530584, 8.798676003871766], [77.7798800784865, 8.798585659117865], [77.77978925568515, 8.798586330132434], [77.77978790659525, 8.798405640597684], [77.77969708382982, 8.798406311576318], [77.77969371135661, 8.797954587716987]]], [[[77.77969371135661, 8.797954587716987], [77.77960288869, 8.79795525863274], [77.77960221423488, 8.79786491385189], [77.77951139158624, 8.797865584740695], [77.77951004274787, 8.797684895161028], [77.77941922013515, 8.7976855660139], [77.77941854575191, 8.797595221215085], [77.77932772315715, 8.797595892041006], [77.77932704880085, 8.79750554724219], [77.77923622621509, 8.79750621803218], [77.77923555188573, 8.797415873224379], [77.77905390674115, 8.797417214732492], [77.7790532324657, 8.797326869906726], [77.77887158733908, 8.797328211316024], [77.77887091310855, 8.797237866472294], [77.77923420325399, 8.797235183599799], [77.77923487756537, 8.797325528407598], [77.77950734516097, 8.797323516001699], [77.77950869394544, 8.797504205581363], [77.77959951650425, 8.797503534719509], [77.77960153979774, 8.797774569071041], [77.77969236241944, 8.797773898164271], [77.77969371135661, 8.797954587716987]]]]}, "id": "+577+2644", "properties": {"count": 159, "water": 1}}, {"type": "Feature", "geometry": {"geodesic": false, "type": "Polygon", "coordinates": [[[77.7297630061729, 8.689263342942347], [77.72976235211853, 8.689172993831617], [77.72985315226438, 8.68917234302016], [77.72985249819203, 8.689081993927397], [77.72994329831093, 8.689081343088992], [77.72994264422063, 8.688990994005211], [77.73003344431258, 8.68899034315782], [77.73003409842086, 8.689080692241602], [77.7301248985218, 8.689080041367262], [77.73012424438656, 8.688989692292466], [77.73021504446055, 8.688989041400161], [77.73021439031635, 8.688898692334346], [77.73030519036338, 8.688898041424075], [77.7303045362012, 8.688807692367245], [77.73039533622129, 8.68880704144799], [77.73039599040143, 8.68889739050482], [77.73057759045957, 8.688896088585462], [77.73057824468462, 8.688986437633309], [77.73066904472267, 8.688985786633205], [77.73066839047067, 8.688895437603325], [77.73094079047704, 8.6888934845042], [77.73094013617113, 8.688803135483303], [77.73103093613732, 8.688802484420318], [77.73103028181345, 8.688712135408403], [77.73139348151649, 8.688709530940866], [77.73139544477557, 8.68898057788678], [77.73148624475074, 8.688979926698028], [77.73148689920936, 8.689070275665028], [77.73166849917766, 8.68906897320668], [77.73166915369018, 8.689159322164697], [77.73157835367907, 8.689159973416327], [77.73157966267716, 8.689340671341341], [77.7316704627242, 8.689340020080728], [77.7316711172457, 8.689430369038742], [77.73176191731069, 8.689429717751178], [77.73176388100096, 8.689700764598276], [77.73167308087307, 8.68970141591279], [77.73167438998793, 8.689882113819838], [77.7314019894336, 8.689884067664563], [77.73140395297115, 8.690155114592509], [77.7314947532248, 8.69015446331393], [77.73149540777325, 8.690244812280927], [77.73122300692248, 8.690246766071754], [77.7312243159026, 8.690427464050668], [77.73113351555911, 8.690428115284332], [77.73113286109151, 8.690337766290385], [77.73086046007903, 8.69033971984765], [77.7308598056833, 8.690249370835735], [77.73058740467083, 8.690251324177405], [77.73058675034696, 8.690160975138541], [77.73040514967796, 8.690162277246545], [77.73040449539901, 8.690071928198698], [77.73031369508249, 8.690072579207785], [77.73031304083048, 8.689982230150955], [77.73022224052293, 8.689982881142074], [77.73022158630685, 8.68989253207626], [77.73013078600829, 8.68989318303145], [77.73012947763004, 8.689712484890839], [77.72985707685113, 8.689714437585721], [77.72985642273389, 8.689624088492959], [77.72976562248023, 8.68962473934933], [77.72976496838993, 8.689534390247585], [77.72967416815425, 8.689535041068025], [77.7296722060001, 8.689263993735837], [77.7297630061729, 8.689263342942347]], [[77.7297630061729, 8.689263342942347], [77.7298538063457, 8.689262692112923], [77.72985511452632, 8.689443390307432], [77.72976431431758, 8.689444041145839], [77.7297630061729, 8.689263342942347]], [[77.73122300692248, 8.690246766071754], [77.73113220662391, 8.690247417296437], [77.73113155215631, 8.690157068302488], [77.7312223524369, 8.69015641708679], [77.73122300692248, 8.690246766071754]], [[77.73103813418497, 8.689796323488496], [77.73121973457549, 8.689795021128964], [77.73122169796032, 8.690066068101824], [77.73104009744404, 8.690067370488306], [77.73103813418497, 8.689796323488496]], [[77.73112304481413, 8.688982531327262], [77.73121384480726, 8.688981880201395], [77.73121449920299, 8.689072229195343], [77.73130529920512, 8.689071578042526], [77.7313059536278, 8.689161927027492], [77.73112435356067, 8.689163229333126], [77.73112304481413, 8.688982531327262]]]}, "id": "+59+3849", "properties": {"count": 260, "water": 1}}, {"type": "Feature", "geometry": {"geodesic": false, "type": "Polygon", "coordinates": [[[77.78027215219875, 8.790270587359956], [77.7804537936782, 8.790269246345916], [77.78045446773805, 8.790359591099817], [77.78054528849125, 8.790358920552373], [77.78054596258706, 8.79044926529729], [77.78090924559088, 8.790446582855987], [77.78090991978549, 8.790536927573953], [77.78100074053869, 8.790536256900745], [77.78100141476024, 8.79062660160973], [77.7810922355314, 8.790625930909572], [77.7810935840374, 8.790806620309574], [77.78127522564262, 8.790805278810446], [77.781275899954, 8.790895623501463], [77.7813667207611, 8.790894952711474], [77.78136806944676, 8.791075642066561], [77.78145889029877, 8.791074971249623], [77.78145956467304, 8.791165315913691], [77.78282187690533, 8.791155250856871], [77.78282255162095, 8.791245595422126], [77.78291337240111, 8.791244924236878], [77.7829140471347, 8.791335268793148], [77.78409471690837, 8.791326541300837], [77.78409539193841, 8.791416885767276], [77.78427703338193, 8.791415542732027], [77.78427770846586, 8.791505887189484], [77.78500427410522, 8.791500514123223], [77.78500494936881, 8.791590858517798], [77.78518659075844, 8.791589515024409], [77.78518726606696, 8.791679859401016], [77.78536890746557, 8.791678515799829], [77.78537025820836, 8.791859204535077], [77.7854610789436, 8.791858532685076], [77.78546513146841, 8.792400598827943], [77.78555595232942, 8.792399926915058], [77.78555797874904, 8.79267095995505], [77.78546715783413, 8.7926716318859], [77.78546648237291, 8.792581287536242], [77.785375661458, 8.792581959440142], [77.7853749860327, 8.792491615072517], [77.78528416513578, 8.792492286949468], [77.78528213894973, 8.79222125383761], [77.78519131811568, 8.792221925669645], [77.78519064275326, 8.792131581293038], [77.78509982193718, 8.792132253098123], [77.78509914661069, 8.792041908712532], [77.78500832580359, 8.792042580481684], [77.78500765050406, 8.791952236096094], [77.78491682971493, 8.791952907838297], [77.78491615444234, 8.79186256343474], [77.78473451288204, 8.791863906847281], [77.78473383766335, 8.791773562434742], [77.78437055455173, 8.791776248954395], [77.78436987942288, 8.791685904514907], [77.7842790586517, 8.791686576086429], [77.7842797337536, 8.791776920534902], [77.7841889129465, 8.79177759208846], [77.78418958803942, 8.791867936545914], [77.78400794636234, 8.791869279608113], [77.78400727131434, 8.79177893513269], [77.78364398796914, 8.791781620960643], [77.78364466292732, 8.791871965463015], [77.78346302116938, 8.791873308255719], [77.78346234625613, 8.791782963744364], [77.78255413724189, 8.791789676351424], [77.78255346255321, 8.791699331768205], [77.78228099978156, 8.79170134509937], [77.78228032516475, 8.791611000498182], [77.78200786238412, 8.791613013613752], [77.78200718784815, 8.791522668985616], [77.78182554600039, 8.791524010942886], [77.78182487151832, 8.791433666305766], [77.78173405060342, 8.791434337239487], [77.78173337614831, 8.791343992593383], [77.78146091343955, 8.791346005250812], [77.7814602390473, 8.791255660586742], [77.78136941815038, 8.791256331421648], [77.78136874379408, 8.791165986748595], [77.78127792291511, 8.791166657556552], [77.78127657426539, 8.790985968183499], [77.78118575342235, 8.790986638955522], [77.78118507912893, 8.790896294264503], [77.78100343746083, 8.790897635727699], [77.78100208899077, 8.790716946318714], [77.78082044737657, 8.79071828766513], [77.78081977319994, 8.79062794293818], [77.78054731079659, 8.79062995477814], [77.78054663669182, 8.790539610033223], [77.78036499509558, 8.790540951137094], [77.78036364698485, 8.790360261620311], [77.78027282622267, 8.790360932131822], [77.78027215219875, 8.790270587359956]]]}, "id": "+591+2721", "properties": {"count": 246, "water": 1}}, {"type": "Feature", "geometry": {"geodesic": false, "type": "MultiPolygon", "coordinates": [[[[77.77993580211546, 8.75729538372004], [77.7799378162551, 8.757566418556662], [77.78030106748552, 8.75756374666158], [77.78030241045789, 8.757744436492773], [77.78021159761884, 8.757745104515951], [77.78021226909155, 8.757835449440531], [77.78012145621658, 8.757836117445743], [77.7801221276803, 8.757926462379306], [77.78003131478735, 8.757927130375535], [77.78003400060632, 8.758288510127754], [77.77985237461382, 8.758289846102244], [77.77985304604161, 8.758380191053773], [77.77967141997725, 8.758381526956398], [77.77967209137809, 8.75847187191691], [77.77958127830549, 8.758472539841273], [77.77958194968836, 8.75856288481077], [77.77949113659778, 8.75856355272615], [77.77948979388593, 8.758382862769192], [77.77939898083129, 8.75838353064864], [77.7793983095113, 8.758293185661177], [77.77957993557567, 8.758291849902282], [77.77957926421075, 8.758201504932787], [77.77976089020325, 8.758200169102027], [77.77976021881139, 8.758109824141513], [77.7798510317762, 8.758109156199184], [77.77984968896553, 8.757928466296125], [77.77975887604563, 8.75792913422049], [77.7797568619509, 8.75765809933895], [77.77984767479893, 8.757657431432554], [77.7798456607042, 8.757386396568982], [77.77975484791905, 8.757387064457413], [77.77975417659007, 8.757296719496901], [77.77993580211546, 8.75729538372004]]], [[[77.77993580211546, 8.75729538372004], [77.77993378803869, 8.757024348865452], [77.78011541340237, 8.757023013043675], [77.78011474201949, 8.756932668110112], [77.78020555466989, 8.756932000167781], [77.78020354047635, 8.756660965376076], [77.78038516562442, 8.756659629482433], [77.78038650849798, 8.756840319313627], [77.78047732110346, 8.7568396513174], [77.78047799257617, 8.756929996224013], [77.78038717994374, 8.756930664229223], [77.78039053728932, 8.757382388798225], [77.78002728626551, 8.757385060738223], [77.78002661486467, 8.757294715795677], [77.77993580211546, 8.75729538372004]]]]}, "id": "+593+3093", "properties": {"count": 73, "water": 1}}, {"type": "Feature", "geometry": {"geodesic": false, "type": "Polygon", "coordinates": [[[77.78130201803071, 8.7822218613856], [77.78248266058543, 8.782213147907006], [77.78248198666031, 8.78212280327887], [77.78275444239816, 8.782120791968916], [77.78275376841916, 8.782030447358746], [77.78293540549686, 8.782029106398605], [77.78293473148192, 8.781938761797418], [77.78320718697722, 8.781936750208986], [77.7832065128994, 8.781846405625766], [77.7832973313619, 8.781845735060356], [77.78329867957143, 8.782026424199847], [77.78384359045423, 8.782022400259414], [77.78384493895123, 8.782203089318056], [77.78366330192742, 8.782204430754303], [77.78366397614897, 8.782294775292609], [77.78330070193067, 8.782297457913575], [77.7833013760624, 8.782387802487811], [77.78302892026167, 8.782389814246924], [77.78302824619283, 8.78229946965472], [77.78293742759558, 8.782300140193183], [77.78293810163747, 8.782390484785385], [77.78248400845361, 8.782393837181244], [77.78248333451953, 8.782303492544125], [77.7823016972352, 8.782304833333585], [77.78230237112437, 8.782395177979689], [77.78202991509009, 8.782397189020148], [77.78203058892537, 8.782487533684217], [77.78193977020236, 8.7824882039981], [77.78193909639403, 8.782397859325046], [77.78130336532398, 8.782402550830517], [77.78130201803071, 8.7822218613856]]]}, "id": "+623+2814", "properties": {"count": 78, "water": 1}}, {"type": "Feature", "geometry": {"geodesic": false, "type": "Polygon", "coordinates": [[[77.78274298569825, 8.78058493347925], [77.78283380389125, 8.780584263120453], [77.78283313001106, 8.780493918510283], [77.78292394817711, 8.780493248133519], [77.78292327427896, 8.78040290352335], [77.7832865467725, 8.780400221836631], [77.78328587279348, 8.780309877262395], [77.78346750895491, 8.780308536302254], [77.78346683493997, 8.780218191728016], [77.78392092509651, 8.780214838981815], [77.78392362163238, 8.780576217108083], [77.78383280352921, 8.780576887727392], [77.78383347765195, 8.780667232265696], [77.78365184138272, 8.7806685734594], [77.78365251546953, 8.780758918006686], [77.78338006093543, 8.780760929649018], [77.78337871288758, 8.780580240509527], [77.7832878947395, 8.78058091100307], [77.7832872207515, 8.780490566419852], [77.78310558448227, 8.78049190731711], [77.78310625842535, 8.780582251909314], [77.78301544025031, 8.780582922339976], [77.78301678812748, 8.780763611533366], [77.7828351516786, 8.780764952349775], [77.78283447778043, 8.780674607739606], [77.78274365956946, 8.780675278098403], [77.78274298569825, 8.78058493347925]]]}, "id": "+630+2832", "properties": {"count": 46, "water": 1}}, {"type": "Feature", "geometry": {"geodesic": false, "type": "MultiPolygon", "coordinates": [[[[77.78182465293126, 8.767039257665838], [77.78182532551789, 8.76712960242872], [77.78173451052288, 8.767130271520893], [77.78173383795422, 8.76703992675801], [77.78182465293126, 8.767039257665838]]], [[[77.78182465293126, 8.767039257665838], [77.781823307776, 8.766858568158037], [77.78191412269912, 8.76685789905688], [77.78191345011251, 8.76676755430298], [77.7820042650087, 8.76676688519284], [77.78200359241309, 8.766676540447925], [77.78209440728233, 8.76667587131982], [77.78209373465978, 8.766585526583885], [77.78227536433538, 8.766584188273775], [77.78227469167689, 8.766493843546824], [77.78245632128062, 8.766492505164848], [77.78245497590076, 8.76631181574688], [77.78254579064424, 8.766311146537925], [77.7825444452554, 8.76613045712894], [77.78263525995396, 8.766129787911003], [77.78263458725056, 8.766039443211001], [77.78272540191318, 8.7660387739751], [77.78272472919181, 8.76594842928408], [77.78290635845418, 8.765947090767357], [77.78290501294858, 8.765766401412272], [77.78299582753034, 8.765765732131452], [77.78299515476407, 8.765675387467383], [77.78335841291151, 8.765672710164443], [77.78335774007336, 8.765582365527324], [77.78353936905725, 8.765581026759072], [77.78353869617419, 8.765490682130936], [77.78362951063919, 8.76549001271537], [77.78362816485509, 8.765309323468081], [77.78371897926618, 8.765308654052514], [77.78371830635618, 8.765218309433362], [77.78380912074032, 8.765217640008812], [77.78380777491131, 8.765036950779491], [77.78389858924156, 8.765036281336974], [77.78389791631358, 8.764945936735787], [77.7840795449112, 8.76494459780584], [77.78407887194729, 8.764854253213636], [77.78416968621465, 8.764853583726204], [77.78416901324175, 8.764763239142985], [77.78425982747319, 8.764762569637586], [77.78426319254427, 8.765214292526737], [77.78417237819606, 8.765214962068068], [77.78417305121387, 8.765305306651289], [77.78399142245456, 8.76530664568005], [77.78399209542745, 8.765396990272254], [77.78390128101636, 8.765397659759687], [77.78390195398028, 8.765488004369855], [77.78372032509519, 8.76548934329082], [77.78372099802317, 8.765579687909973], [77.78363018354021, 8.765580357343506], [77.78363152936922, 8.765761046590795], [77.78354071484134, 8.765761716024327], [77.78354138774237, 8.765852060652463], [77.78345057318755, 8.76585273006803], [77.7834512460796, 8.765943074705149], [77.78336043148883, 8.76594374410275], [77.78336110436291, 8.766034088739868], [77.78327028975419, 8.766034758128486], [77.7832709626103, 8.766125102774588], [77.783089333312, 8.766126441497924], [77.78309000614117, 8.766216786161992], [77.78299919146058, 8.766217455487727], [77.78299986426279, 8.766307800160778], [77.78290904955524, 8.766308469477531], [77.78290972234848, 8.766398814159565], [77.78281890761399, 8.76639948345835], [77.78281958038926, 8.766489828140386], [77.78263795084841, 8.766491166702025], [77.78263862358774, 8.766581511393042], [77.78254780879037, 8.766582180646912], [77.78254848151174, 8.766672525346914], [77.78227603699385, 8.766674532991741], [77.78227670966132, 8.766764877718693], [77.78209507990488, 8.766766216055752], [77.78209575253642, 8.766856560791686], [77.78200493762226, 8.766857229937758], [77.78200628286737, 8.767037919418609], [77.78182465293126, 8.767039257665838]]]]}, "id": "+635+3003", "properties": {"count": 107, "water": 1}}, {"type": "Feature", "geometry": {"geodesic": false, "type": "Polygon", "coordinates": [[[77.78454499715707, 8.68073527164742], [77.78463579106862, 8.680734608412262], [77.78463512453665, 8.680644263469716], [77.78490750615448, 8.680642273674412], [77.78490817274934, 8.680732618607976], [77.78499896663394, 8.68073195529197], [77.78499963325575, 8.680822300207566], [77.78518122103391, 8.680820973503689], [77.78518188770961, 8.680911318410303], [77.78536347550575, 8.680909991607612], [77.78536414222637, 8.68100033649626], [77.78554573004047, 8.680999009594753], [77.785546396815, 8.681089354465435], [77.78563719072653, 8.681088690978749], [77.78563785753698, 8.68117903584943], [77.7857286514665, 8.68117837232681], [77.78572931829491, 8.681268717188509], [77.78582011224239, 8.681268053638941], [77.78582077910674, 8.681358398491657], [77.7857299851413, 8.681359062050207], [77.78573065198769, 8.681449406911906], [77.78545826998356, 8.681451397470777], [77.78545760320006, 8.681361052591113], [77.78518522118695, 8.681363042934388], [77.7851845544843, 8.681272698027774], [77.78509376048292, 8.681273361433613], [77.78509309380722, 8.681183016518016], [77.78482071183903, 8.681185006564847], [77.78482004522621, 8.681094661631285], [77.78472925125179, 8.681095324929323], [77.78472858466591, 8.681004979986778], [77.78463779070047, 8.681005643257867], [77.78463645760958, 8.680824953363793], [77.78454566368006, 8.680825616598948], [77.78454499715707, 8.68073527164742]]]}, "id": "+649+3934", "properties": {"count": 57, "water": 1}}, {"type": "Feature", "geometry": {"geodesic": false, "type": "MultiPolygon", "coordinates": [[[[77.78537266347448, 8.780023417687591], [77.78537333793858, 8.780113762109114], [77.785282520051, 8.780114433042833], [77.78528319449713, 8.78020477747334], [77.78519237659158, 8.780205448389093], [77.78519170216342, 8.780115103958586], [77.78482843054125, 8.78011778739702], [77.78482775622088, 8.780027442930582], [77.78500939199604, 8.780026101269755], [77.78500871763974, 8.779935756821281], [77.78528117118569, 8.779933744190803], [77.78528184562283, 8.78002408862131], [77.78537266347448, 8.780023417687591]]], [[[77.78537266347448, 8.780023417687591], [77.78537198902835, 8.779933073266067], [77.78546280685305, 8.779932402323364], [77.78546213238894, 8.779842057910825], [77.78637031006996, 8.779835347351922], [77.78637098474965, 8.77992569170158], [77.78646180250247, 8.779925020516332], [77.78646247721811, 8.780015364857007], [77.78655329497992, 8.78001469364481], [77.78655396972249, 8.78010503796752], [77.78646315193373, 8.7801057091887], [77.78646382666733, 8.780196053529375], [77.78637300885161, 8.780196724732589], [77.78637368356723, 8.780287069073264], [77.7861012300123, 8.780289082575107], [77.7860998807158, 8.780108393848842], [77.78600906290009, 8.78010906495324], [77.78600838828328, 8.780018720585616], [77.78564511701144, 8.780021404778635], [77.78564579152945, 8.780111749173209], [77.78546415580819, 8.780113091157428], [77.78546348132612, 8.780022746735906], [77.78537266347448, 8.780023417687591]]]]}, "id": "+657+2836", "properties": {"count": 47, "water": 1}}, {"type": "Feature", "geometry": {"geodesic": false, "type": "MultiPolygon", "coordinates": [[[[77.73167599724466, 8.639826129613551], [77.73167860025693, 8.640187526379862], [77.73149702374363, 8.640188821570838], [77.73149767446526, 8.640279170771398], [77.73140688617717, 8.64027981834892], [77.7314062354735, 8.640189469139377], [77.7313154471944, 8.640190116680966], [77.7313160978801, 8.640280465899494], [77.73122530957404, 8.6402811134321], [77.73122596025075, 8.640371462650627], [77.73131674857477, 8.64037081511802], [77.73131739926944, 8.640461164327563], [77.73149897594443, 8.640459869181504], [77.73150027745056, 8.640640567582624], [77.73159106581952, 8.640639919960186], [77.73159236739751, 8.640820618343342], [77.73168315580237, 8.640819970684971], [77.73168445744325, 8.641000669059144], [77.73150288054369, 8.641001964375885], [77.73150353133718, 8.641092313576445], [77.73123116586206, 8.641094256416809], [77.73123051513144, 8.641003907198282], [77.73104893816001, 8.641005202299427], [77.7310482874833, 8.640914853071918], [77.73095749900656, 8.640915500586557], [77.73095684835681, 8.64082515134108], [77.73068448295355, 8.640827093732286], [77.73068513353145, 8.640917442995729], [77.73059434502777, 8.640918090420538], [77.73059369446784, 8.640827741157095], [77.73050290598212, 8.640828388554954], [77.73050160492514, 8.640647690001119], [77.73059239336594, 8.640647042621227], [77.730590441767, 8.640375994812931], [77.73068123014492, 8.640375347424056], [77.73067862802199, 8.640013950370285], [77.73076941631008, 8.640013302981409], [77.7307687657771, 8.639922953726948], [77.73113191874081, 8.639920364018732], [77.7311338706272, 8.640191411710246], [77.7312246589153, 8.64019076420459], [77.73122270696602, 8.639919716540025], [77.73131349519122, 8.639919069034368], [77.73131284453248, 8.63982871981584], [77.73140363272175, 8.639828072301201], [77.73140298205402, 8.639737723082675], [77.73158455836071, 8.639736427999495], [77.73158520907334, 8.639826777200057], [77.73167599724466, 8.639826129613551]]], [[[77.73167599724466, 8.639826129613551], [77.73167534651405, 8.639735780430957], [77.73176613464942, 8.639735132826486], [77.73176678540698, 8.639825482018063], [77.73167599724466, 8.639826129613551]]]]}, "id": "+67+4391", "properties": {"count": 121, "water": 1}}, {"type": "Feature", "geometry": {"geodesic": false, "type": "Polygon", "coordinates": [[[77.78775255276531, 8.79464239885974], [77.78775120044148, 8.794461710519748], [77.78766037924811, 8.794462383115352], [77.78765902699614, 8.794281694766378], [77.7875682058387, 8.794282367326048], [77.78756617757753, 8.794011334771147], [77.7878386408163, 8.794009317092137], [77.78783931696026, 8.79409966125315], [77.78811178019903, 8.794097643358542], [77.78811245641484, 8.794187987501589], [77.788294098586, 8.794186642112754], [77.78829477485571, 8.794276986237833], [77.78874888024768, 8.794273622343537], [77.78874955664315, 8.794363966441669], [77.78884037771975, 8.794363293585555], [77.78884105413319, 8.794453637674701], [77.78902269632232, 8.794452291890607], [77.78902337278966, 8.794542635961788], [77.78920501498777, 8.794541290078879], [77.78920569150901, 8.794631634132093], [77.78929651261255, 8.794630961150215], [77.78929718916075, 8.79472130520343], [77.78947883140377, 8.794719959158824], [77.78947950800585, 8.794810303194073], [77.78975197137937, 8.794808283943011], [77.78975264805332, 8.794898627960292], [77.79002511142684, 8.794896608493634], [77.79002578817267, 8.794986952483967], [77.79011660930317, 8.79498627927751], [77.79011728608491, 8.795076623258858], [77.79020810723338, 8.795075950025453], [77.7902087840331, 8.795166293997818], [77.79039042634798, 8.795164947450155], [77.79039110321058, 8.79525529141354], [77.79075438784037, 8.795252598021772], [77.79075506479279, 8.795342941958205], [77.79084588595023, 8.795342268545136], [77.79084520897985, 8.795251924626669], [77.79120849347487, 8.79524923080371], [77.7912091705351, 8.795339574695229], [77.79148163389065, 8.795337554078726], [77.79148231102275, 8.795427897952278], [77.79157313215325, 8.795427224359544], [77.79157380931228, 8.795517568233096], [77.79166463045176, 8.795516894613414], [77.79166598484173, 8.795697582333567], [77.79175680602611, 8.795696908677952], [77.79175816048793, 8.795877596380139], [77.79193980291062, 8.795876248979077], [77.79194048019544, 8.795966592816695], [77.79212212263609, 8.795965245307837], [77.79212347732248, 8.796145932956124], [77.791941834792, 8.796147280491933], [77.79194251210376, 8.796237624320568], [77.7917608695014, 8.796238971784511], [77.79176154677722, 8.796329315631112], [77.79157990410302, 8.796330663023191], [77.79158058134291, 8.796421006887758], [77.79139893859683, 8.796422354198988], [77.79139961580078, 8.79651269807254], [77.79121797298284, 8.796514045311904], [77.79121865014189, 8.796604389203422], [77.79103700725207, 8.79660573637092], [77.79103768437518, 8.79669608027142], [77.7908560414135, 8.796697427367054], [77.79085671850967, 8.796787771285521], [77.79067507546715, 8.796789118300307], [77.79067575252738, 8.79687946223674], [77.79058493097467, 8.796880135721674], [77.79058560800796, 8.796970479658107], [77.79040396483967, 8.796971826574078], [77.790404641846, 8.797062170528477], [77.79022299860584, 8.7970635173636], [77.79022232164442, 8.796973173400218], [77.79004067842224, 8.796974520145508], [77.7900400015237, 8.79688417616416], [77.7899491799171, 8.796884849496381], [77.78994850304552, 8.796794505506048], [77.78985768145688, 8.79679517881132], [77.78985700461224, 8.796704834820988], [77.78994782617393, 8.7967041615247], [77.78994647245771, 8.796523473544035], [77.78976482940621, 8.796524820082714], [77.7897641526065, 8.796434476083398], [77.78967333108972, 8.796435149316805], [77.7896746846622, 8.796615837333402], [77.78949304152985, 8.796617183755298], [77.78949236478404, 8.796526839729035], [77.78940154323134, 8.796527512908542], [77.78940086651247, 8.796437168873295], [77.78931004496874, 8.79643784201687], [77.7893093682858, 8.796347497981621], [77.78921854676005, 8.796348171089264], [77.78921787010405, 8.796257827045032], [77.78912704858729, 8.796258500134709], [77.78912772522531, 8.796348844187923], [77.78894608212889, 8.796350190304393], [77.78894472896064, 8.796169502171015], [77.78912637195825, 8.796168156081494], [77.7891256953382, 8.79607781202828], [77.78876240939688, 8.79608050409054], [77.78876173286665, 8.795990160010376], [77.78867091138582, 8.795990832965305], [77.78867023489153, 8.795900488876159], [77.7888518777993, 8.79589914295732], [77.78885120126908, 8.795808798877156], [77.78894202269602, 8.795808125895277], [77.78894066960862, 8.795627437752916], [77.78903149098166, 8.795626764762055], [77.78902675524314, 8.794994356299723], [77.78893593402282, 8.79499502924567], [77.78893525753752, 8.794904685174489], [77.78884443633515, 8.794905358084502], [77.78884511279351, 8.794995702164666], [77.7887542915642, 8.794996375065695], [77.7887549680046, 8.795086719154842], [77.78866414674833, 8.795087392037905], [77.78866347031692, 8.794997047948758], [77.78857264906965, 8.794997720804872], [77.78857197267418, 8.79490737669776], [77.78839033020657, 8.79490872232914], [77.788389653856, 8.794818378213044], [77.7881171901591, 8.79482039647596], [77.78811786643779, 8.794910740619004], [77.78757293871159, 8.794914776596862], [77.78757226256764, 8.794824432417885], [77.78766308385084, 8.794823759813298], [77.787661731536, 8.794643071464325], [77.78775255276531, 8.79464239885974]], [[77.78775255276531, 8.79464239885974], [77.78793419521494, 8.79464105356972], [77.78793554765556, 8.794821741873777], [77.78775390512507, 8.794823087190746], [77.78775255276531, 8.79464239885974]], [[77.78893390459385, 8.794723997023144], [77.78911554689077, 8.794722651158203], [77.78911622340303, 8.794812995211418], [77.78893458106118, 8.794814341094325], [77.78893390459385, 8.794723997023144]], [[77.78939883640975, 8.796166136776534], [77.78967130078938, 8.796164117282927], [77.78967197755317, 8.796254461291225], [77.78976279902503, 8.796253788075784], [77.78976347580678, 8.7963441320751], [77.78949101131934, 8.796346151685489], [77.78949033459149, 8.796255807659223], [77.78939951310167, 8.796256480811781], [77.78939883640975, 8.796166136776534]]]}, "id": "+672+2679", "properties": {"count": 645, "water": 1}}, {"type": "Feature", "geometry": {"geodesic": false, "type": "Polygon", "coordinates": [[[77.78443876382887, 8.76439985229391], [77.78452957795251, 8.764399182752578], [77.78452890492572, 8.764308838196309], [77.78480134719781, 8.764306829455535], [77.78480067410814, 8.764216484917231], [77.7848914881689, 8.764215815304034], [77.7848861035503, 8.76349305902455], [77.7849769174314, 8.763492389438301], [77.7849775905031, 8.763582733967624], [77.78506840438419, 8.76358206436341], [77.78506975059948, 8.763762753404087], [77.78516056452548, 8.763762083763941], [77.78516123766008, 8.763852428275296], [77.78525205159507, 8.763851758599218], [77.7852493590028, 8.763490380571765], [77.78543098668413, 8.763489041210626], [77.78543031350462, 8.763398696717237], [77.78552112731384, 8.76339802701421], [77.78552180051132, 8.763488371507599], [77.78579424195696, 8.763486362236819], [77.78579356868762, 8.763396017770381], [77.7858843824699, 8.763395347986505], [77.78588370919158, 8.763305003520065], [77.78597452293792, 8.763304333718223], [77.78597384965062, 8.763213989260766], [77.78624629079084, 8.76321197973846], [77.78624561744064, 8.763121635298969], [77.78642724478063, 8.763120295524606], [77.7864265713945, 8.763029951103082], [77.78669901229217, 8.763027941293315], [77.78669833885215, 8.762937596889756], [77.78697077961507, 8.76293558690931], [77.78697010611218, 8.762845242523717], [77.7871517332096, 8.762843902443926], [77.78715105967078, 8.762753558076302], [77.78751431369494, 8.762750877674174], [77.78751364007526, 8.762660533333499], [77.78787689390181, 8.762657852607978], [77.78787622020128, 8.762567508303235], [77.78823947381224, 8.76256482725432], [77.7882401476026, 8.762655171541097], [77.78851258780857, 8.762653160509618], [77.78851326167079, 8.762743504769446], [77.78869488848076, 8.762742163953035], [77.78869556239688, 8.762832508203878], [77.78878637581086, 8.76283183775525], [77.78878704975394, 8.76292218199711], [77.78905949002278, 8.762920170507492], [77.78906016403772, 8.763010514731386], [77.78960504451254, 8.76300649112333], [77.78960571866223, 8.763096835302308], [77.78987815887717, 8.76309482318387], [77.78987883309873, 8.763185167335898], [77.79051452681684, 8.763180471581398], [77.7905152012001, 8.76327081568851], [77.7906060145871, 8.763270144772758], [77.7906066889973, 8.763360488870887], [77.7906975023933, 8.763359817919202], [77.79069885129455, 8.763540506097495], [77.79015397054125, 8.763544531520148], [77.7901532962209, 8.76345418739507], [77.78988085581729, 8.763456199791985], [77.78988153007478, 8.763546543944013], [77.78979071657098, 8.763547214707053], [77.78979004234044, 8.763456870546042], [77.78951760184701, 8.763458882682446], [77.78951692768834, 8.763368538503467], [77.78933530069871, 8.76336987980497], [77.78933462659394, 8.763279535608024], [77.78915299962227, 8.76328087681071], [77.78915232556241, 8.763190532604781], [77.78897069859974, 8.76319187369967], [77.78897002459378, 8.763101529475776], [77.78869758417221, 8.763103540938443], [77.78869691023812, 8.763013196696583], [77.78851528330239, 8.763014537548926], [77.78851460941321, 8.762924193289098], [77.78796972855211, 8.762928215280189], [77.78797040229756, 8.76301855958493], [77.78751633460789, 8.763021910687216], [77.78751700825453, 8.763112255018907], [77.78733538107625, 8.763113595323277], [77.78733605469593, 8.763203939672936], [77.78724524107535, 8.763204609798171], [77.78724591467707, 8.763294954156812], [77.78651940528124, 8.76330031442208], [77.78652007871227, 8.76339065883462], [77.7864292649839, 8.763391328780193], [77.78642993840594, 8.763481673201715], [77.78615749711302, 8.763483682921652], [77.78615817047219, 8.763574027361143], [77.78606735667195, 8.763574697225867], [77.78606803001315, 8.76366504167434], [77.78588640234081, 8.763666381358872], [77.78588707565505, 8.763756725825312], [77.78579626178295, 8.763757395636137], [77.78579693507923, 8.763847740102577], [77.78561530728112, 8.763849079688294], [77.7856159805325, 8.7639394241727], [77.78552516660649, 8.76394009393861], [77.78552583983989, 8.764030438423015], [77.78534421191601, 8.764031777909917], [77.78534488512247, 8.764122122403306], [77.78516325711774, 8.764123461818345], [77.78516393028828, 8.7642138063297], [77.78507311625447, 8.764214476014761], [77.78507378940702, 8.764304820526116], [77.78498297534627, 8.76430549019321], [77.78498364848086, 8.764395834722531], [77.78489283439316, 8.76439650437166], [77.78489350751877, 8.764486848900981], [77.78480269339514, 8.764487518541127], [77.78480336650277, 8.764577863079431], [77.7844401098645, 8.7645805414334], [77.78443876382887, 8.76439985229391]]]}, "id": "+679+3027", "properties": {"count": 274, "water": 1}}, {"type": "Feature", "geometry": {"geodesic": false, "type": "Polygon", "coordinates": [[[77.73714699724349, 8.75552954791178], [77.73723781285833, 8.755528890389908], [77.73723847378481, 8.755619238620287], [77.73742010503246, 8.755617923504678], [77.73742076602183, 8.755708271708109], [77.73760239728745, 8.755706956493684], [77.73760305832172, 8.755797304688132], [77.73778468959632, 8.755795989374894], [77.7377853506845, 8.755886337551374], [77.73787616633528, 8.75588567984984], [77.7378768274504, 8.755976028026321], [77.73796764311915, 8.755975370297836], [77.73796896541229, 8.756156066623848], [77.73787814969864, 8.756156724361317], [77.73787748857453, 8.756066376193818], [77.73778667287884, 8.756067033904337], [77.73778733398498, 8.756157382080819], [77.73769651826235, 8.756158039782354], [77.73769585717417, 8.75606769159689], [77.7376050414695, 8.756068349262492], [77.73760438040826, 8.755978001068044], [77.73742274901689, 8.755979316327384], [77.73742208800955, 8.755888968123953], [77.73733127232285, 8.755889625708708], [77.73732995038004, 8.75570892928388], [77.73714831906952, 8.75571024437254], [77.73714897999601, 8.755800592593937], [77.7370581643093, 8.755801250115809], [77.73705750340976, 8.755710901876446], [77.73696668774102, 8.755711559362386], [77.73696602685945, 8.755621211123023], [77.73678439554892, 8.755622526023037], [77.73678505637659, 8.755712874280366], [77.7366942406809, 8.755713531703424], [77.7366935798712, 8.75562318343711], [77.73651194851575, 8.755624498202378], [77.73651128775097, 8.755534149927081], [77.73623884072678, 8.755536121890827], [77.73623751935891, 8.755355425295319], [77.73614670370813, 8.755356082565664], [77.73614736436512, 8.75544643086791], [77.73605654869638, 8.755447088120286], [77.73605588805736, 8.755356739800074], [77.7359650723976, 8.755357397025502], [77.73596441179451, 8.75526704870529], [77.73578278049297, 8.755268363066316], [77.73578211993478, 8.75517801473712], [77.735691304293, 8.755178671881701], [77.73569064377075, 8.75508832353454], [77.73532738123055, 8.75509095186133], [77.73532672079813, 8.75500060348722], [77.73523590516533, 8.755001260515018], [77.73523524476884, 8.754910912131924], [77.735144429154, 8.754911569123792], [77.73514376877549, 8.754821220740697], [77.73496213756378, 8.754822534643582], [77.73496147724815, 8.75473218624252], [77.73487066165127, 8.754732843162522], [77.73487000135361, 8.754642494752478], [77.7347791857747, 8.754643151636547], [77.73477852551297, 8.754552803226504], [77.73459689438211, 8.754554116913791], [77.73459623416528, 8.754463768485783], [77.73432378747349, 8.754465738832561], [77.73432312732852, 8.754375390386585], [77.73405068064571, 8.754377360517767], [77.73405002057262, 8.754287012044841], [77.7337775738898, 8.754288981960428], [77.73377691389756, 8.754198633469537], [77.73368609833662, 8.75419929005716], [77.73368543837132, 8.754108941557286], [77.73350380728537, 8.754110254660668], [77.733503147374, 8.754019906142828], [77.73341233184, 8.754020562658587], [77.73341167194657, 8.753930214131763], [77.7335024874626, 8.75392955763397], [77.73350050777334, 8.75365851208943], [77.73331887687604, 8.753659825031116], [77.73331821703651, 8.753569476504293], [77.73313658615717, 8.753570789347163], [77.73313526659491, 8.753390092257582], [77.73304445118669, 8.753390748638594], [77.73304379143698, 8.753300400084822], [77.7328621606385, 8.753301712757013], [77.73285886221342, 8.752849969925263], [77.732768046913, 8.752850626189494], [77.73276870656387, 8.752940974770217], [77.73267789123649, 8.752941631016482], [77.7326759123737, 8.752670585274311], [77.7325850971092, 8.752671241484643], [77.7325844375212, 8.752580892894937], [77.73276606800528, 8.75257958046529], [77.7327673872711, 8.752760277617753], [77.73294901781806, 8.752758965080309], [77.73295033719168, 8.75293966219684], [77.73304115250109, 8.752939005878709], [77.73304181222383, 8.753029354432483], [77.73322344285164, 8.753028041715375], [77.73322410262828, 8.753118390251183], [77.73331491795567, 8.753117733861188], [77.73331689738441, 8.753388779450644], [77.73340771276568, 8.753388123006749], [77.73340837261419, 8.753478471533574], [77.73349918801344, 8.75347781506273], [77.7334998478889, 8.753568163580573], [77.7335906633061, 8.75356750708278], [77.73359132320851, 8.753657855591637], [77.73368213864369, 8.753657199066895], [77.73368279857306, 8.75374754756677], [77.73377361401721, 8.753746891015078], [77.73377493394779, 8.753927587996861], [77.73395656489899, 8.753926274794663], [77.73395722491819, 8.754016623276572], [77.73432048683854, 8.754013996584714], [77.73432180706557, 8.75419469348565], [77.73441262257262, 8.75419403674531], [77.73441328272655, 8.754284385191287], [77.73468572925665, 8.75428241481756], [77.73468638948246, 8.754372763236587], [77.73486802051451, 8.754371449531332], [77.73486868078523, 8.754461797941374], [77.73505031183524, 8.754460484137306], [77.7350496515196, 8.754370135745228], [77.73514046700868, 8.754369478816244], [77.73514112735127, 8.754459827199339], [77.73532275835636, 8.754458513269505], [77.73532341874386, 8.754548861634632], [77.73541423425989, 8.754548204633783], [77.73541489467434, 8.75463855299891], [77.73550571020833, 8.754637895962128], [77.73550504976693, 8.754547547605984], [77.73559586526498, 8.754546890551236], [77.73559652572435, 8.754637238898397], [77.73577815674741, 8.754635924726019], [77.73577881726068, 8.754726273055214], [77.7358696327857, 8.7547256159286], [77.7358702933259, 8.754815964257794], [77.73623355543491, 8.754813335499813], [77.73623421607394, 8.754903683793074], [77.73650666263998, 8.75490171197306], [77.73650732335088, 8.75499206025734], [77.73668895440987, 8.754990745581905], [77.73668961516567, 8.755081093848217], [77.73678043070865, 8.755080436479059], [77.73678109149141, 8.755170784736388], [77.73687190704337, 8.755170127331297], [77.73687256786205, 8.755260475579643], [77.73696338343198, 8.755259818147604], [77.73696404427761, 8.75535016639595], [77.73705485986551, 8.755349508936959], [77.7370555207381, 8.755439857167339], [77.73714633633497, 8.7554391996814], [77.73714699724349, 8.75552954791178]], [[77.73714699724349, 8.75552954791178], [77.73714765815201, 8.75561989614216], [77.73705684251023, 8.755620553646066], [77.73705618161966, 8.755530205406703], [77.73714699724349, 8.75552954791178]]]}, "id": "+69+3142", "properties": {"count": 253, "water": 1}}, {"type": "Feature", "geometry": {"geodesic": false, "type": "Polygon", "coordinates": [[[77.78520114473267, 8.781379925994662], [77.78529196292567, 8.781379254980093], [77.78529263747062, 8.781469599401618], [77.78538345568158, 8.7814689283601], [77.78538278110969, 8.78137858394756], [77.78583687193996, 8.781375228452513], [77.78583619726925, 8.781284884075905], [77.78656274204074, 8.781279514207649], [77.78656341689111, 8.781369858530358], [77.78665423497633, 8.781369187192396], [77.78665356010798, 8.78127884287867], [77.78674437816623, 8.781278171522743], [77.78674505305254, 8.781368515836467], [77.78701750724528, 8.781366501624955], [77.78701683229609, 8.781276157338178], [77.78837910195722, 8.781266083441936], [77.78837842668463, 8.781175739253975], [77.78865088035636, 8.781173723910584], [77.7886515557008, 8.781264068071597], [77.78874237359736, 8.781263396239561], [77.78874169823494, 8.78117305207855], [77.78946824098522, 8.781167676685653], [77.78946756545213, 8.781077332587524], [77.78964920102067, 8.781075988537179], [77.78964987659867, 8.781166332617342], [77.78992232996497, 8.781164316357671], [77.78992165432408, 8.781073972295474], [77.79019410756459, 8.781071955856138], [77.79019478326836, 8.78116229990037], [77.79010396551554, 8.781162972073764], [77.79010464120134, 8.781253316126978], [77.78974137000138, 8.78125600463191], [77.78974204561533, 8.781346348712074], [77.78965122777267, 8.781347020786653], [77.78965190336864, 8.7814373648758], [77.78974272122926, 8.781436692783254], [77.78974339686117, 8.781527036863418], [77.78992503260937, 8.78152569260646], [77.7899257082862, 8.781616036668657], [77.79037979763426, 8.781612675622021], [77.79038047342786, 8.781703019648287], [77.78947229432751, 8.781709741274433], [77.7894716187495, 8.781619397176303], [77.7889267110737, 8.781623429066826], [77.78892603563942, 8.781533084923781], [77.78883521768896, 8.781533756818698], [77.78883589309629, 8.781624100970726], [77.78783689494055, 8.781631490485305], [77.78783621976679, 8.78154114626141], [77.78710967527378, 8.781546518734782], [77.78711035026788, 8.781636863012574], [77.7869287140256, 8.781638205931042], [77.78692803907641, 8.781547861635284], [77.78683722096426, 8.781548533054092], [77.78683789589549, 8.781638877358835], [77.78656544146918, 8.781640891498483], [77.78656409174148, 8.781460202853065], [77.78647327362035, 8.781460874182043], [77.78647394846173, 8.781551218504752], [77.78629231216556, 8.78155256110881], [77.78629298696204, 8.781642905449484], [77.785929714199, 8.781645590406072], [77.78592903948338, 8.781555246038447], [77.78583822129936, 8.78155591721471], [77.78583889598804, 8.78164626159132], [77.78538480483437, 8.781649617185181], [77.78538413025349, 8.78155927277264], [77.78520249377765, 8.781560614846692], [77.78520114473267, 8.781379925994662]]]}, "id": "+699+2822", "properties": {"count": 205, "water": 1}}, {"type": "Feature", "geometry": {"geodesic": false, "type": "MultiPolygon", "coordinates": [[[[77.7888277886036, 8.780539971182312], [77.78882846393905, 8.780630315334342], [77.7880111040468, 8.780636360807557], [77.78801177918464, 8.780726705013485], [77.78764850784992, 8.780729391353479], [77.78764783279294, 8.780639047111617], [77.78755701495926, 8.780639718629242], [77.78755633992922, 8.78054937438738], [77.78764715773596, 8.780548702869757], [77.78764648269694, 8.780458358627897], [77.78810057152397, 8.780455000752314], [77.78809989638613, 8.780364656546386], [77.78819071410302, 8.78036398491198], [77.78819138926781, 8.780454329117909], [77.78828220701166, 8.780453657456555], [77.78828288220339, 8.780544001653498], [77.7886461531698, 8.780541314756551], [77.78864547788824, 8.780450970595538], [77.78873629558716, 8.780450298826386], [77.78873697089568, 8.780540642987399], [77.7888277886036, 8.780539971182312]]], [[[77.7888277886036, 8.780539971182312], [77.78882711327711, 8.780449627030285], [77.78909956632, 8.780447611525197], [77.78909889093065, 8.780357267400118], [77.7893713438388, 8.780355251715367], [77.78937066839552, 8.780264907599271], [77.78964312116892, 8.780262891743842], [77.78964244567176, 8.780172547654693], [77.78973326322696, 8.780171875669947], [77.78973258770286, 8.7800815315808], [77.79000504026065, 8.780079515509774], [77.79000436469163, 8.779989171447577], [77.79045845202747, 8.779985810912981], [77.79045980340805, 8.780166498974493], [77.79027816840545, 8.780167843276367], [77.79027884406432, 8.780258187320596], [77.79018802652708, 8.780258859449075], [77.79018735089517, 8.78016851539586], [77.7900965333759, 8.78016918749739], [77.79009720898985, 8.780259531550605], [77.78991557387944, 8.780260875690782], [77.78991624945745, 8.780351219761963], [77.78955297907495, 8.780353907817736], [77.78955365457212, 8.780444251915865], [77.78937201929104, 8.780445595822481], [77.78937269475226, 8.780535939938577], [77.7888277886036, 8.780539971182312]]]]}, "id": "+702+2834", "properties": {"count": 63, "water": 1}}, {"type": "Feature", "geometry": {"geodesic": false, "type": "MultiPolygon", "coordinates": [[[[77.79113358163383, 8.663068960312488], [77.79122437079327, 8.663068296861736], [77.79122503752288, 8.663158641382074], [77.79131582669132, 8.66315797790437], [77.79131649345686, 8.663248322415726], [77.79140728264326, 8.66324765890209], [77.79140794942676, 8.663338003413445], [77.79149873863113, 8.66333733987286], [77.79149940545057, 8.663427684375232], [77.79159019466393, 8.663427020807699], [77.7915908615103, 8.663517365301088], [77.7919540183727, 8.663514710788405], [77.7919546853179, 8.663605055245862], [77.79186389608658, 8.663605718921193], [77.79186589689523, 8.663876752329495], [77.79204747546567, 8.663875424933915], [77.79204814245578, 8.663965769382388], [77.79241129961463, 8.663963114303767], [77.79241263379248, 8.664143803155797], [77.7922310551412, 8.664145130766974], [77.79223172220318, 8.664235475206462], [77.7921409328461, 8.664236138989592], [77.79214026581106, 8.66414579454112], [77.79195868711486, 8.664147122026531], [77.79195802013373, 8.664056777560091], [77.7917764414555, 8.664058104946688], [77.79177577451928, 8.663967760471266], [77.79168498518915, 8.663968424128631], [77.79168431828886, 8.663878079644226], [77.79159352897669, 8.66387874326566], [77.791594195859, 8.663969087759048], [77.79132182781471, 8.663971078524531], [77.79132116099527, 8.663880734013176], [77.79123037164717, 8.663881397544777], [77.79122970485469, 8.66379105302444], [77.79132049417584, 8.663790389492839], [77.7913191605729, 8.66360970047013], [77.79122837129667, 8.663610363992747], [77.7912270377656, 8.66342967495207], [77.79113624852529, 8.663430338429773], [77.79113358163383, 8.663068960312488]]], [[[77.79113358163383, 8.663068960312488], [77.79095200330593, 8.663070287151113], [77.79095467002672, 8.663431665331279], [77.79077309149221, 8.663432992142955], [77.79077109157289, 8.663161958465158], [77.7905895131372, 8.66316328515107], [77.79059017973206, 8.663253629725306], [77.79040860122451, 8.663254956339351], [77.79040793468356, 8.663164611747149], [77.79031714543426, 8.663165275018239], [77.79031647892026, 8.663074930426035], [77.79013490045762, 8.663076256878384], [77.7901342339975, 8.662985912277197], [77.78995265554386, 8.66298723863073], [77.78995332196803, 8.663077583249883], [77.78986253271874, 8.663078246404194], [77.78985986715678, 8.662716867882667], [77.78995065632522, 8.662716204764289], [77.78994998992799, 8.662625860136153], [77.79004077906949, 8.66262519699981], [77.79003944625705, 8.662444507761505], [77.79013023534465, 8.66244384461618], [77.79012956892946, 8.66235350000601], [77.7902203579901, 8.662352836842718], [77.79021969156592, 8.662262492241531], [77.79031048059063, 8.662261829069255], [77.79031114705073, 8.662352173661459], [77.7904019360934, 8.662351510462234], [77.79040326905854, 8.662532199637658], [77.79058484721575, 8.662530873140394], [77.79058551375671, 8.66262121771463], [77.79094867007113, 8.662618564432641], [77.79094933671091, 8.662708908970945], [77.79104012578952, 8.662708245592057], [77.79104145911397, 8.662888934668667], [77.7911322482375, 8.662888271253847], [77.79113358163383, 8.663068960312488]]]]}, "id": "+710+4137", "properties": {"count": 153, "water": 1}}, {"type": "Feature", "geometry": {"geodesic": false, "type": "Polygon", "coordinates": [[[77.79027977448538, 8.71945320140335], [77.79037057727228, 8.719452533865264], [77.79036990634755, 8.719362189542554], [77.79064231460941, 8.71936018683846], [77.79064097265216, 8.719179498237958], [77.79109498606562, 8.719176160026498], [77.79109632823848, 8.719356848564118], [77.7912779336416, 8.719355513101666], [77.79127927594023, 8.719536201603354], [77.79146088139724, 8.719534866033104], [77.79146423748517, 8.719986587215457], [77.79128263180358, 8.719987922857571], [77.79128330299781, 8.720078267108414], [77.79101089436763, 8.72008027044133], [77.79101022323627, 8.71998992617252], [77.79091942036852, 8.719990593899254], [77.79092009147293, 8.720080938177047], [77.79073848566557, 8.720082273576615], [77.79073915674303, 8.720172617863392], [77.7905575508638, 8.720173953191095], [77.79055687983127, 8.720083608886352], [77.79046607690064, 8.720084276514271], [77.79046540590404, 8.719993932200547], [77.79037460299138, 8.719994599792532], [77.79037393202172, 8.719904255478808], [77.79028312911805, 8.719904923043844], [77.79028245817534, 8.719814578712151], [77.79037326105207, 8.719813911156098], [77.79037259010039, 8.71972356683339], [77.79028178724163, 8.719724234389444], [77.79027977448538, 8.71945320140335]], [[77.79046205101984, 8.719542210631918], [77.79064365660263, 8.719540875438963], [77.79064499862278, 8.719721564048447], [77.79055419579096, 8.7197222316584], [77.79055352479436, 8.719631887353657], [77.79046272198052, 8.719632554945644], [77.79046205101984, 8.719542210631918]]]}, "id": "+714+3507", "properties": {"count": 101, "water": 1}}, {"type": "Feature", "geometry": {"geodesic": false, "type": "Polygon", "coordinates": [[[77.79347491876304, 8.758279750314058], [77.79374735455828, 8.758277736506786], [77.79374802934578, 8.758368080389321], [77.79402046514102, 8.758366066357471], [77.79402181485973, 8.75854675406864], [77.79411262681842, 8.758546082667797], [77.79411532643552, 8.758907458054203], [77.79402451438699, 8.758908129481997], [77.79402721402205, 8.759269504895352], [77.79384558972737, 8.75927084773297], [77.7938442399817, 8.759090160003835], [77.79375342787029, 8.75909083137773], [77.79375207819649, 8.75891014363961], [77.79366126611203, 8.758910814977572], [77.79366059130658, 8.758820471095037], [77.79356977924905, 8.758821142406049], [77.79356842970103, 8.758640454631998], [77.79347761767944, 8.758641125907078], [77.79347491876304, 8.758279750314058]]]}, "id": "+740+3074", "properties": {"count": 49, "water": 1}}, {"type": "Feature", "geometry": {"geodesic": false, "type": "Polygon", "coordinates": [[[77.79343292784154, 8.691602492036045], [77.7935237236665, 8.691601825863396], [77.79352439318087, 8.691692170069324], [77.7938875765256, 8.691689505154152], [77.79388690692139, 8.691599160975173], [77.79415929428845, 8.691597162079935], [77.79416130329872, 8.691868194562971], [77.7940705074558, 8.691868860897317], [77.79407117712289, 8.691959205067311], [77.79398038124404, 8.691959871392674], [77.7939797116039, 8.691869527222678], [77.79388891574301, 8.69187019352109], [77.79388958536519, 8.69196053770007], [77.79370799358054, 8.691961870242995], [77.79370732400326, 8.691871526046052], [77.7935257322276, 8.691872858490163], [77.79352506270423, 8.691782514284235], [77.79343426682539, 8.691783180465867], [77.79343292784154, 8.691602492036045]]]}, "id": "+750+3812", "properties": {"count": 22, "water": 1}}, {"type": "Feature", "geometry": {"geodesic": false, "type": "MultiPolygon", "coordinates": [[[[77.79963911292266, 8.781001931290408], [77.79972992990294, 8.781001256835294], [77.79972925189948, 8.78091091352768], [77.80000170272353, 8.780908890045554], [77.80000238079886, 8.780999233326217], [77.80009319774321, 8.78099855878127], [77.80009387584549, 8.781088902061933], [77.80018469280779, 8.781088227490036], [77.80018537092803, 8.781178570752733], [77.80027618790831, 8.781177896153888], [77.8002768660645, 8.781268239416585], [77.80036768306273, 8.781267564781807], [77.80036903943797, 8.781448251289234], [77.80055067348836, 8.781446901929845], [77.80055135173436, 8.781537245174576], [77.80073298580271, 8.781535895716372], [77.8007323075118, 8.781445552489608], [77.80118639244913, 8.78144217849825], [77.80118707084785, 8.781532521680099], [77.80136870481738, 8.781531171916468], [77.80136802637375, 8.781440828743602], [77.80154966027142, 8.781439478908107], [77.80154898179185, 8.781349135744225], [77.80182143251709, 8.78134711084276], [77.80182075398362, 8.781256767705827], [77.80200238771062, 8.781255417681686], [77.80200170914122, 8.781165074553737], [77.80227415962392, 8.78116304936481], [77.80227483826518, 8.781253392474794], [77.80272892235809, 8.781250016695788], [77.80273027987418, 8.781430702834905], [77.80300273038382, 8.781428677071057], [77.80300205155392, 8.781338334014974], [77.80327450192881, 8.781336308071463], [77.803273823045, 8.781245965042327], [77.80354627328515, 8.781243938928137], [77.80354695223184, 8.781334281930322], [77.80391021920973, 8.781331580103375], [77.80391089825524, 8.78142192307861], [77.80445579863672, 8.781417869646488], [77.80445511945646, 8.781327526707184], [77.80645308478505, 8.781312657541072], [77.8064537644504, 8.78140300031868], [77.80654458099049, 8.781402324192698], [77.80654594037507, 8.781583009738927], [77.8066367569601, 8.781582333577013], [77.80663811641655, 8.781763019105275], [77.80636566652674, 8.781765047573053], [77.80636634620107, 8.781855390359642], [77.80618471285138, 8.781856742584656], [77.8061867517935, 8.782127770980358], [77.8060959350378, 8.78212844707939], [77.80609661467619, 8.782218789883945], [77.80573334751865, 8.782221494082446], [77.80573266797009, 8.78213115125094], [77.80527858397599, 8.782134530982534], [77.80527790454421, 8.782044188106113], [77.805096270934, 8.782045539837053], [77.80509559155611, 8.78195519695165], [77.80500477476448, 8.781955872772203], [77.8050054541244, 8.782046215666591], [77.80482382046927, 8.782047567262785], [77.80482449979326, 8.782137910166155], [77.80464286607524, 8.7821392616815], [77.80464354535431, 8.782229604602836], [77.80455272846386, 8.78223028033356], [77.80455204920275, 8.782139937412223], [77.8044612323213, 8.782140613115997], [77.80446191156443, 8.782230956046316], [77.80437109465602, 8.782231631741107], [77.80437381161059, 8.782593003489337], [77.80428299461235, 8.782593679184128], [77.8042823153782, 8.782503336244824], [77.80400986439244, 8.782505363185464], [77.80401054355474, 8.782595706151717], [77.80382890947739, 8.782597057343668], [77.80382823036003, 8.782506714368433], [77.80364659630065, 8.78250806546157], [77.80364727538209, 8.782598408454772], [77.80355645832097, 8.782599083978882], [77.80355713737545, 8.782689426981067], [77.80337550319031, 8.78269077797539], [77.80337821932743, 8.783052150029047], [77.80365067086115, 8.783050123420782], [77.80364863355395, 8.782779094441176], [77.80401190189727, 8.78277639207524], [77.80401258108651, 8.782866735041493], [77.80410339817459, 8.782866059391617], [77.80410475661594, 8.783046745297174], [77.80401393947396, 8.783047420965014], [77.80401461868117, 8.783137763931267], [77.80392380152122, 8.783138439581142], [77.803923122332, 8.78304809661489], [77.80374148803007, 8.78304944783379], [77.80374284631871, 8.783230133802228], [77.80356121189104, 8.78323148496723], [77.80356053279164, 8.783141141974028], [77.80346971558677, 8.783141817516105], [77.80347039466821, 8.78323216051829], [77.8033795774364, 8.783232836051383], [77.80337889838192, 8.783142493040215], [77.80328808116808, 8.783143168537377], [77.8032887602046, 8.783233511557528], [77.80319794295482, 8.783234187036722], [77.80319658493568, 8.783053500987435], [77.80328740213155, 8.783052825517224], [77.80328672311299, 8.782962482497073], [77.80319590593508, 8.782963157967284], [77.80319454795188, 8.782782471909016], [77.8031037308099, 8.78278314733431], [77.80310305185422, 8.782692804305176], [77.80283060044626, 8.782694830437332], [77.80282924268762, 8.782514144325164], [77.80228433994357, 8.782518195915742], [77.80228637620873, 8.78278922520976], [77.80246801060946, 8.782787874727477], [77.8024673318065, 8.78269753163546], [77.80273978329531, 8.782695505772798], [77.80274114104496, 8.78287619189395], [77.80265032384908, 8.78287686722043], [77.8026523604556, 8.783147896424616], [77.80256154317887, 8.783148571751097], [77.80256290091954, 8.783329257899197], [77.80247208358892, 8.783329933216695], [77.80247276244577, 8.78342027629973], [77.80238194508821, 8.783420951599261], [77.80238262393608, 8.783511294691278], [77.80229180655157, 8.783511969972842], [77.80229112773064, 8.783421626880827], [77.80220031036409, 8.783422302144425], [77.8021996315701, 8.783331959034442], [77.8022904489187, 8.78333128378881], [77.80228977011573, 8.78324094068781], [77.80238058743737, 8.78324026542421], [77.8023792298045, 8.78305957924916], [77.80210677796535, 8.783061604941143], [77.80210745670543, 8.783151948051126], [77.80201663939278, 8.78315262324286], [77.80201596067066, 8.783062280123893], [77.80192514336699, 8.783062955288678], [77.80192582207114, 8.783153298416627], [77.80165337005232, 8.783155323803182], [77.80165269142003, 8.783064980657267], [77.80156187408043, 8.78306565573222], [77.80156051687875, 8.782884969431406], [77.80146969958406, 8.782885644470426], [77.80146902101467, 8.782795301315526], [77.80128738644325, 8.782796651312719], [77.80128670792776, 8.782706308139852], [77.8011050733743, 8.782707658047213], [77.80110439490372, 8.782617314856383], [77.80101357764497, 8.782617989769639], [77.80101289920133, 8.782527646569823], [77.8008312646928, 8.782528996315488], [77.80083058630306, 8.782438653097707], [77.80037650001826, 8.78244202704415], [77.8003758217453, 8.782351683799419], [77.80001255267435, 8.782354382536163], [77.80001187450021, 8.7822640392555], [77.79992105723247, 8.782264713881295], [77.79991902281785, 8.781993684021339], [77.799828205613, 8.781994358602219], [77.79982752751071, 8.781904015312572], [77.79973671031485, 8.78190468985752], [77.79973535417318, 8.78172400326026], [77.79946290269335, 8.781726026733404], [77.79946154671337, 8.78154534009123], [77.79927991243841, 8.781546688938578], [77.79927923450681, 8.781456345604017], [77.79900678310784, 8.781458368690885], [77.79900746097655, 8.781548712052397], [77.79891664380763, 8.781549386372765], [77.79891596595688, 8.781459043011253], [77.79873433164597, 8.781460391580124], [77.79873365384913, 8.781370048200646], [77.79837038521835, 8.78137274505991], [77.79837106292537, 8.781463088466337], [77.79818942852464, 8.781464436774696], [77.79818875086254, 8.781374093350303], [77.79809793366665, 8.781374767464058], [77.79809861131079, 8.781465110897434], [77.797553707893, 8.781469155175726], [77.79755303037463, 8.781378811706418], [77.79746221313384, 8.78137948566746], [77.79746289062525, 8.78146982914575], [77.79700880420572, 8.7814731986635], [77.79700812682209, 8.781382855149275], [77.79691730954536, 8.781383528984552], [77.79691460018155, 8.78102215489172], [77.7968237829767, 8.781022828682083], [77.79682310567392, 8.780932485149892], [77.79673228848704, 8.78093315890432], [77.7967316112202, 8.780842815363146], [77.7964591596685, 8.78084483647372], [77.79645983688144, 8.780935180032861], [77.79600575071342, 8.780938548140256], [77.79600642781857, 8.781028891735328], [77.79582479325614, 8.781030238839945], [77.79582547032535, 8.781120582444002], [77.7957346530127, 8.781121255973853], [77.79573533006395, 8.781211599586891], [77.79564451272434, 8.781212273098776], [77.79564518975762, 8.781302616720799], [77.79555437239107, 8.7813032902237], [77.79555504941537, 8.781393633845722], [77.79546423201288, 8.781394307330658], [77.7954649090192, 8.781484650961664], [77.79537409158978, 8.781485324428632], [77.79537476857814, 8.781575668068621], [77.79528395112175, 8.781576341526607], [77.79528462810113, 8.78166668517558], [77.7951938106178, 8.781667358606615], [77.79519448757921, 8.78175770226457], [77.79510367005994, 8.781758375686623], [77.79510434701237, 8.781848719344579], [77.79483189434677, 8.781850739511922], [77.79483257124531, 8.781941083187844], [77.79474175365418, 8.781941756538032], [77.79474243052576, 8.78203210023192], [77.79446997765355, 8.7820341201657], [77.79446930083586, 8.78194377646283], [77.79437848321777, 8.781944449723186], [77.79437780644501, 8.78185410601133], [77.79392371835459, 8.781857471962768], [77.79392439501957, 8.781947815719539], [77.79337948894276, 8.78195185418573], [77.79337881240356, 8.781861510393027], [77.79228899972892, 8.781869584890975], [77.79228967600761, 8.781959928764525], [77.79210804041213, 8.781961274225226], [77.79210736417835, 8.781870930333708], [77.79119918601225, 8.78187765624482], [77.79119851000304, 8.781787312281438], [77.7910168743267, 8.781788657185182], [77.79101552242508, 8.781607969231468], [77.79137879357116, 8.781605279388046], [77.79137811754399, 8.78151493544263], [77.79165057076655, 8.781512917853451], [77.7916498946765, 8.781422573917018], [77.79174071238441, 8.781421901357348], [77.79174003628538, 8.781331557429898], [77.7921941245824, 8.781328194308154], [77.79219344837557, 8.781237850416636], [77.79228426599366, 8.781237177731201], [77.79228494221844, 8.781327521613736], [77.79246657747258, 8.781326176171003], [77.79246590120287, 8.781235832297451], [77.79255671880298, 8.781235159549135], [77.7925560425153, 8.78114481569355], [77.79273767764367, 8.781143470143018], [77.79273700132006, 8.781053126296417], [77.79300945388685, 8.781051107826888], [77.79301013027334, 8.781141451655525], [77.79346421785172, 8.781138087069527], [77.79346489435498, 8.78122843086223], [77.7941006168102, 8.781223719477042], [77.79409994015421, 8.78113337573824], [77.79437239246049, 8.781131356271581], [77.79437171574162, 8.781041012550743], [77.79464416791315, 8.781038992904422], [77.79464281437659, 8.780858305507664], [77.79555098738636, 8.780851572077653], [77.79555031040698, 8.780761228446648], [77.79573194487958, 8.78075988151271], [77.79573126786427, 8.780669537899671], [77.7961853538077, 8.78066617022347], [77.79618467668459, 8.780575826637378], [77.79663876234056, 8.780572458449136], [77.7966394395625, 8.780662801999293], [77.7968210738195, 8.780661454553318], [77.79682175109532, 8.78075179808551], [77.7969125682373, 8.780751124322096], [77.79691392286081, 8.780931811368513], [77.79709555719866, 8.78093046376084], [77.79709623456432, 8.78102080726608], [77.79718705175121, 8.78102013342182], [77.79718772914381, 8.781110476918078], [77.79736936352658, 8.781109129148708], [77.79737004097309, 8.781199472635983], [77.7976424925697, 8.78119745078879], [77.79764317008807, 8.781287794249117], [77.79791562167568, 8.781285772186328], [77.79791494409443, 8.781195428743969], [77.79800576125437, 8.781194754684112], [77.79800643886259, 8.781285098126471], [77.79873297606126, 8.781279704821168], [77.79873229827339, 8.78118936144169], [77.79927720073897, 8.781185315591348], [77.79927652283433, 8.781094972247802], [77.79936733985953, 8.781094297873535], [77.79936598403226, 8.780913611204411], [77.79945680100356, 8.780912936821162], [77.79945612308094, 8.780822593495582], [77.79963775696964, 8.780821244666202], [77.79963911292266, 8.781001931290408]], [[77.79963911292266, 8.781001931290408], [77.79963979090816, 8.781092274607005], [77.7999122418939, 8.781090251142844], [77.79991291995127, 8.78118059443249], [77.80000373694952, 8.781179919896527], [77.8000044150428, 8.78127026317719], [77.80009523205902, 8.781269588614276], [77.80009591017927, 8.781359931885955], [77.8000050931361, 8.781360606457852], [77.80000577123838, 8.781450949747498], [77.79991495417725, 8.781451624301429], [77.79991427609293, 8.781361281011781], [77.79973264197967, 8.781362630047777], [77.79973196394926, 8.781272286749148], [77.79945951279282, 8.781274310123477], [77.79945815688473, 8.78109362347232], [77.79954897390093, 8.781092949053136], [77.7995482959334, 8.781002605727558], [77.79963911292266, 8.781001931290408]], [[77.8064537644504, 8.78140300031868], [77.80645444411573, 8.781493343105268], [77.8063636275397, 8.781494019213284], [77.8063629479013, 8.781403676426695], [77.8064537644504, 8.78140300031868]], [[77.80146291420448, 8.781982212840589], [77.80155373128358, 8.78198153786445], [77.80155305275909, 8.781891194709551], [77.80164386980225, 8.78189051972443], [77.8016445483447, 8.781980862870345], [77.80173536540583, 8.781980187858274], [77.80173604397523, 8.78207053100419], [77.80182686105432, 8.782069855956188], [77.80182618245797, 8.781979512819253], [77.80200781654429, 8.781978162678332], [77.80200849518556, 8.782068505806281], [77.8020993122377, 8.782067830695397], [77.80209999090592, 8.782158173814363], [77.80200917382682, 8.782158848925247], [77.80200985247707, 8.782249192053197], [77.80182821826499, 8.782250542230052], [77.8018295755026, 8.782431228503917], [77.80173875833367, 8.78243190357887], [77.80173807973732, 8.782341560432954], [77.80164726258637, 8.782342235471974], [77.80164658401696, 8.782251892326059], [77.80155576688398, 8.78225256733813], [77.80155508834153, 8.782162224183232], [77.8014642712265, 8.782162899168352], [77.80146291420448, 8.781982212840589]], [[77.80246258038339, 8.782065130036258], [77.80264421440684, 8.782063779580925], [77.80264353561286, 8.781973436506874], [77.80273435259313, 8.78197276125226], [77.80273367379017, 8.781882418178208], [77.80291530768785, 8.781881067615078], [77.80291598653572, 8.781971410671161], [77.80318843739572, 8.781969384646802], [77.80318775847597, 8.781879041608684], [77.80327857539336, 8.781878366237288], [77.80327925433107, 8.78196870925744], [77.80337007125746, 8.78196803385011], [77.80337210817838, 8.782239062901581], [77.80328129118014, 8.782239738326878], [77.8032819701448, 8.782330081356012], [77.80300951905124, 8.782332107533085], [77.80300884014947, 8.782241764485983], [77.80282720609908, 8.78224311514793], [77.80282788494695, 8.782333458204013], [77.80273706788583, 8.782334133512528], [77.80273638905592, 8.782243790447462], [77.80264557201275, 8.782244465720042], [77.80264625082471, 8.782334808794094], [77.80246461666651, 8.782336159294342], [77.80246258038339, 8.782065130036258]]], [[[77.80210745670543, 8.783151948051126], [77.80219827401808, 8.783151272832443], [77.8021996315701, 8.783331959034442], [77.80210881422151, 8.783332634271092], [77.80210745670543, 8.783151948051126]]]]}, "id": "+770+2827", "properties": {"count": 1470, "water": 1}}, {"type": "Feature", "geometry": {"geodesic": false, "type": "Polygon", "coordinates": [[[77.79580872154231, 8.766755270371476], [77.79589953536052, 8.766754597919604], [77.79589885940521, 8.766664254252666], [77.79598967318749, 8.766663581782828], [77.79598832124994, 8.766482894457933], [77.79607913497831, 8.76648222197911], [77.79607981096954, 8.766572565637066], [77.79626143846224, 8.766571220607558], [77.7962600864079, 8.766390533318596], [77.79635090010035, 8.766389860785877], [77.79635022405522, 8.76629951715487], [77.79644103772071, 8.766298844604183], [77.7964403616666, 8.766208500973176], [77.79653117529615, 8.766207828413506], [77.79653049923306, 8.766117484782502], [77.79698456717426, 8.766114121678724], [77.79698524335414, 8.766204465273796], [77.79716687053242, 8.766203119866995], [77.79716754675721, 8.76629346343512], [77.79743998752912, 8.766291445136272], [77.79744066382578, 8.766381788695412], [77.7975314774284, 8.766381115875232], [77.79753215376098, 8.76647145942539], [77.7977137809752, 8.76647011371316], [77.79771445735271, 8.766560457236368], [77.79844096611073, 8.766555073462191], [77.79844231924304, 8.766735760409793], [77.79853313284566, 8.7667350873291], [77.79853380944775, 8.76682543079841], [77.79880625029152, 8.766823411394633], [77.79880692696547, 8.766913754836994], [77.79889774058606, 8.766913081648502], [77.79889841728695, 8.767003425090863], [77.79853516267887, 8.767006117728045], [77.79853448605881, 8.766915774258734], [77.79844367241128, 8.766916447357394], [77.79844502560648, 8.767097134296012], [77.79835421190505, 8.767097807394672], [77.79835488848917, 8.767188150863982], [77.79753756467328, 8.767194207763767], [77.79753688827779, 8.767103864222593], [77.79671956406663, 8.767109919289815], [77.79671888788674, 8.76701957568576], [77.79644644641415, 8.767021593625282], [77.79644712253115, 8.767111937256287], [77.7962654948049, 8.767113282456476], [77.79626481873282, 8.767022938816487], [77.79599237715243, 8.767024956432614], [77.79599170115222, 8.766934612765676], [77.79581007344393, 8.76693595772332], [77.79580872154231, 8.766755270371476]]]}, "id": "+775+2987", "properties": {"count": 235, "water": 1}}, {"type": "Feature", "geometry": {"geodesic": false, "type": "MultiPolygon", "coordinates": [[[[77.79858857206798, 8.725535737095662], [77.79858924545411, 8.725626080753617], [77.7984984418138, 8.72562675072614], [77.79849776844566, 8.7255364070592], [77.79858857206798, 8.725535737095662]]], [[[77.79858857206798, 8.725535737095662], [77.79858722532269, 8.725355049779752], [77.79849642174528, 8.725355719734306], [77.7984937284164, 8.724994345066554], [77.79840292491983, 8.724995014958226], [77.7984009050669, 8.724723983939445], [77.79885492215448, 8.724720634346328], [77.79885559554059, 8.724810977986317], [77.7989463989563, 8.72481030799583], [77.79894774579144, 8.724990995257842], [77.79903854925206, 8.72499032523142], [77.79903922270107, 8.725080668862427], [77.79913002617069, 8.725079998800073], [77.79913204662549, 8.725351029657158], [77.79922285015799, 8.725350359558872], [77.79922487074754, 8.725621390380025], [77.79931567433394, 8.725620720236822], [77.79931634789972, 8.72571106384088], [77.79922554429535, 8.725711733984081], [77.79922689139997, 8.725892421201177], [77.7991360877507, 8.72589309134438], [77.79913676128953, 8.725983434957419], [77.79904595760432, 8.725984105082654], [77.79904461056258, 8.725803417838609], [77.7989538069133, 8.725804087927912], [77.79895313342837, 8.725713744296906], [77.79886232979705, 8.72571441435926], [77.79886165633907, 8.725624070728253], [77.79877085271673, 8.725624740754675], [77.7987701792857, 8.725534397114686], [77.79858857206798, 8.725535737095662]]]]}, "id": "+799+3445", "properties": {"count": 75, "water": 1}}, {"type": "Feature", "geometry": {"geodesic": false, "type": "Polygon", "coordinates": [[[77.79859667658764, 8.702225721190013], [77.79868747456854, 8.70222505297819], [77.79868545987193, 8.701954021698896], [77.79877625778099, 8.70195335348707], [77.7987769293615, 8.702043697243841], [77.79886772729749, 8.702043029005068], [77.79886705569002, 8.70195268525728], [77.7989578535901, 8.701952017000542], [77.79895852521551, 8.702042360748328], [77.79904932313354, 8.702041692464638], [77.79904999478592, 8.70213203619446], [77.79895919684992, 8.702132704487132], [77.79896121178906, 8.702403735703543], [77.7988704137812, 8.702404403987233], [77.79887175706799, 8.702585091473823], [77.7987809590152, 8.702585759757513], [77.79878163064063, 8.702676103505299], [77.79860003446322, 8.702677440018778], [77.79859869128424, 8.702496752487273], [77.79868948933701, 8.702496084257483], [77.79868881774752, 8.702405740500712], [77.79859801971271, 8.702406408721519], [77.79859667658764, 8.702225721190013]]]}, "id": "+802+3697", "properties": {"count": 24, "water": 1}}, {"type": "Feature", "geometry": {"geodesic": false, "type": "Polygon", "coordinates": [[[77.80059741887825, 8.775573916118097], [77.80086986560599, 8.775571893228857], [77.80086918775524, 8.775481549984127], [77.80105081883221, 8.775480201298475], [77.80105353045079, 8.775841574205531], [77.80096271483595, 8.775842248588782], [77.80096339273162, 8.775932591824528], [77.80069094576133, 8.77593461486648], [77.80069026792854, 8.775844271612767], [77.80059945227778, 8.775844945906186], [77.80059741887825, 8.775573916118097]]]}, "id": "+819+2883", "properties": {"count": 20, "water": 1}}, {"type": "Feature", "geometry": {"geodesic": false, "type": "Polygon", "coordinates": [[[77.80014225720225, 8.702485389643345], [77.80023305512927, 8.702484721045245], [77.80023171120469, 8.70230403377425], [77.8003225090778, 8.702303365167168], [77.80032183711101, 8.702213021536162], [77.80041263495718, 8.702212352911113], [77.80041196297243, 8.70212200928909], [77.80086595200562, 8.702118665903333], [77.80086662409816, 8.702209009498405], [77.8009574219084, 8.702208340747593], [77.8009567497889, 8.702117997161503], [77.8010475475632, 8.702117328401705], [77.80104821970964, 8.702207671978814], [77.80113901749293, 8.702207003183084], [77.80113968966631, 8.702297346751207], [77.80123048747654, 8.702296677937513], [77.8012311596679, 8.702387021496653], [77.80114036183971, 8.702387690319332], [77.80114170621346, 8.702568377464562], [77.80105090834034, 8.702569046278258], [77.80105292488747, 8.702840077000596], [77.80096212693351, 8.702840745823275], [77.8009627991159, 8.702931089400382], [77.80078120314509, 8.70293242699184], [77.80078187528255, 8.703022770586912], [77.80060027923987, 8.703024108097523], [77.80059960714733, 8.702933764493466], [77.8003272130968, 8.70293577058421], [77.80032654107612, 8.702845426953203], [77.80023574306826, 8.702846095605201], [77.80023372710504, 8.702575064685234], [77.80014292915108, 8.702575733292317], [77.80014225720225, 8.702485389643345]]]}, "id": "+825+3695", "properties": {"count": 83, "water": 1}}, {"type": "Feature", "geometry": {"geodesic": false, "type": "Polygon", "coordinates": [[[77.8002981947553, 8.747748840150473], [77.8005706212979, 8.747746823836902], [77.80057129690285, 8.747837167234346], [77.80075291461289, 8.74783582289654], [77.80075359026276, 8.747926166285001], [77.80093520798178, 8.74792482184838], [77.800934532278, 8.747834478477886], [77.80120695873974, 8.747832461688208], [77.80120628298208, 8.74774211833568], [77.80147870930907, 8.74774010137532], [77.80148073679769, 8.748011131352058], [77.80138992796512, 8.748011803714098], [77.80139195545374, 8.748282833717784], [77.8016643821221, 8.74828081648793], [77.8016637062207, 8.748190473180319], [77.8017545150802, 8.74818980073743], [77.80175383916084, 8.748099457429818], [77.80184464798441, 8.748098784968962], [77.80184397205605, 8.748008441679316], [77.80202558964032, 8.748007096703706], [77.80202626561359, 8.748097439993353], [77.8021170744192, 8.748096767469615], [77.80211639842797, 8.748006424188953], [77.80229801596732, 8.748005079087578], [77.80229936805759, 8.748185765612972], [77.8023901768632, 8.74818509301737], [77.80239085293528, 8.748275436271083], [77.80248166175886, 8.74827476364853], [77.80248030956977, 8.748094077150087], [77.80266192710015, 8.748092731869049], [77.80266125096519, 8.748002388633303], [77.80275205969893, 8.748001715965835], [77.80275138355498, 8.747911372730087], [77.80293300095958, 8.747910027341252], [77.80293367713946, 8.748000370559033], [77.80284286842368, 8.748001043271417], [77.80284422077446, 8.748181729706978], [77.80275341200479, 8.748182402419362], [77.80275476434659, 8.748363088863908], [77.802663955523, 8.748363761567308], [77.80266463168492, 8.748454104794073], [77.80257382283439, 8.748454777479507], [77.80257449897834, 8.748545120715253], [77.80239288121442, 8.748546466032224], [77.80239355732243, 8.748636809285937], [77.80230274840902, 8.748637481917472], [77.80230342449907, 8.748727825180168], [77.80221261554973, 8.748728497793739], [77.80221396771186, 8.748909184319132], [77.8021231587176, 8.7489098569327], [77.80212451087075, 8.74909054347606], [77.8020337018226, 8.749091216080645], [77.8020350539488, 8.749271902632989], [77.80194424485573, 8.749272575228591], [77.80194559697294, 8.749453261789917], [77.80185478782597, 8.749453934376536], [77.80185613992522, 8.74963462095583], [77.80176533073335, 8.749635293542449], [77.80176668282361, 8.749815980130723], [77.80167587356884, 8.749816652699376], [77.80167722564114, 8.749997339305619], [77.80158641634145, 8.749998011865289], [77.80158776840477, 8.750178698480514], [77.80149695905119, 8.750179371040185], [77.80149763506938, 8.75026971435678], [77.80140682568884, 8.750270386898483], [77.80140750169805, 8.750360730215078], [77.80131669228159, 8.750361402738816], [77.80131804427303, 8.750542089398957], [77.80122723481165, 8.750542761913712], [77.80122858678514, 8.750723448582836], [77.80113777726986, 8.75072412109759], [77.80113912922538, 8.750904807775697], [77.80095751009601, 8.75090615276029], [77.80095683415867, 8.750815809407761], [77.80086602460746, 8.750816481859633], [77.80086534869707, 8.750726138498122], [77.80077453915484, 8.750726810923044], [77.80077115983647, 8.750275094079555], [77.80068035039307, 8.750275766441597], [77.80067764715577, 8.749914392932668], [77.8005868377932, 8.749915065249793], [77.80058413475352, 8.74955369169595], [77.80067494402626, 8.749553019405775], [77.8006742682596, 8.749462676026297], [77.80058345901382, 8.74946334830749], [77.80058075611788, 8.749101974753646], [77.80067156528281, 8.749101302499403], [77.8006708895521, 8.749010959110942], [77.80076169869008, 8.749010286838732], [77.80075967147994, 8.748739256709284], [77.80085048053708, 8.748738584437074], [77.80084912906665, 8.748557897696084], [77.80093993806989, 8.748557225414892], [77.8009385865815, 8.748376538682887], [77.80084777761418, 8.748377210946112], [77.80084710190143, 8.748286867575619], [77.80075629295209, 8.748287539811894], [77.80075561727527, 8.748197196432416], [77.80057399939454, 8.748198540815139], [77.80057264813972, 8.748017854029234], [77.80048183922631, 8.748018526175679], [77.80048048804335, 8.747837839362825], [77.80029887029738, 8.747839183565883], [77.8002981947553, 8.747748840150473]]]}, "id": "+826+3190", "properties": {"count": 435, "water": 1}}, {"type": "Feature", "geometry": {"geodesic": false, "type": "Polygon", "coordinates": [[[77.80195965187913, 8.77556379970459], [77.80205046735922, 8.775563125096763], [77.80204978922102, 8.775472781950846], [77.80232223553553, 8.775470758028545], [77.80232291373662, 8.775561101156494], [77.80241372918078, 8.775560426467818], [77.8024144074178, 8.775650769595767], [77.80250522287993, 8.775650094871157], [77.80250590113492, 8.775740437990123], [77.80259671661501, 8.775739763247547], [77.80259739490593, 8.775830106348547], [77.80250657940788, 8.775830781100106], [77.80250725768083, 8.775921124219073], [77.80232562662182, 8.775922473677275], [77.80232630485885, 8.776012816805226], [77.80205385814908, 8.776014840844308], [77.80205250180978, 8.775834154543492], [77.80196168626681, 8.775834829169288], [77.80195965187913, 8.77556379970459]]]}, "id": "+833+2883", "properties": {"count": 29, "water": 1}}, {"type": "Feature", "geometry": {"geodesic": false, "type": "Polygon", "coordinates": [[[77.8019936159134, 8.755867633683929], [77.80235685862779, 8.755864941118611], [77.80235753530174, 8.755955284336393], [77.80244834598483, 8.755954611129935], [77.80244969939562, 8.756135297556513], [77.80254051011464, 8.756134624323108], [77.8025432171069, 8.756495997140332], [77.80263402790678, 8.756495323853027], [77.80263808874102, 8.757037383015982], [77.8025472778064, 8.757038056348204], [77.8025479546151, 8.757128399548018], [77.80236633269196, 8.757129746158562], [77.80236565592818, 8.75703940294078], [77.8022748449756, 8.757040076210119], [77.80227349150192, 8.756859389765575], [77.80218268058528, 8.756860062998982], [77.80218200388437, 8.756769719763234], [77.80209119298569, 8.75677039296969], [77.80208780970575, 8.756318676772988], [77.80199699890588, 8.756319349916563], [77.8019936159134, 8.755867633683929]]]}, "id": "+835+3100", "properties": {"count": 69, "water": 1}}, {"type": "Feature", "geometry": {"geodesic": false, "type": "MultiPolygon", "coordinates": [[[[77.8025017086885, 8.714484345463942], [77.80259250932842, 8.714483675392607], [77.80259183585247, 8.714393331995163], [77.80286423766445, 8.71439132166437], [77.80286289060474, 8.714210634905417], [77.80268128949558, 8.714211975119955], [77.80268061601963, 8.714121631722511], [77.80258981547851, 8.714122301793848], [77.80258914202952, 8.714031958396404], [77.80267994255266, 8.71403128833405], [77.80267926909467, 8.713940944936606], [77.80277006959086, 8.71394027486527], [77.80276872264794, 8.713759588088347], [77.80295032353253, 8.713758247900758], [77.80294965002963, 8.71366790452128], [77.803040450436, 8.713667234405028], [77.80303910340324, 8.713486547664038], [77.8029483030418, 8.71348721777131], [77.80294762956585, 8.713396874391831], [77.80285682921338, 8.71339754447215], [77.80285615576437, 8.713307201092674], [77.8029469560899, 8.713306531021336], [77.80294628262293, 8.713216187641859], [77.80321868350065, 8.71321417732005], [77.8032193570305, 8.713304520681561], [77.80331015732907, 8.713303850520393], [77.80331083088586, 8.713394193872922], [77.80340163120239, 8.713393523684804], [77.80340836741718, 8.714296957075339], [77.80331756689404, 8.714297627326339], [77.80332295621082, 8.715020374065716], [77.80341375692261, 8.715019703751835], [77.80341510436858, 8.715200390411976], [77.80350590510733, 8.715199720062161], [77.80351129535836, 8.715922466648825], [77.80360209626778, 8.715921796218161], [77.80360344394731, 8.71610248284237], [77.80369424489267, 8.716101812384757], [77.80369559264408, 8.716282498991], [77.80378639361636, 8.716281828497454], [77.80378774144862, 8.716462515094713], [77.80387854245686, 8.716461844556253], [77.80387921640892, 8.716552187845899], [77.80360681326744, 8.716554199407382], [77.80360816105477, 8.716734886022607], [77.80351735994772, 8.716735556516152], [77.80351803382791, 8.716825899823764], [77.80333643155993, 8.716827240756954], [77.80333575771566, 8.716736897422393], [77.80342655884067, 8.716736226982746], [77.80342588498743, 8.716645883657169], [77.8035166860765, 8.716645213199556], [77.80351601221429, 8.71655486988296], [77.80342521114316, 8.716555540331589], [77.80342453730789, 8.716465197006011], [77.80324293519261, 8.716466537831403], [77.80324360899196, 8.716556881174949], [77.80297120569776, 8.716558892278291], [77.80297187943422, 8.71664923563082], [77.80279027716624, 8.71665057627655], [77.80279095085778, 8.716740919647044], [77.80260934851792, 8.716742260211925], [77.80261002218252, 8.716832603600386], [77.80242841976181, 8.716833944093402], [77.80242774614213, 8.716743600695958], [77.80251854733002, 8.716742930462924], [77.8025172000727, 8.71656224367702], [77.80242639892971, 8.716562913892087], [77.80242572532799, 8.71647257048566], [77.80233492420298, 8.716473240673778], [77.80233290351461, 8.716202210445514], [77.80242370458573, 8.716201540284345], [77.80242235745416, 8.716020853471491], [77.80233155643695, 8.716021523623676], [77.8023308829071, 8.715931180208266], [77.80242168390635, 8.715930510065064], [77.8024203368197, 8.71574982325221], [77.80251113777403, 8.715749153100024], [77.80251046421724, 8.71565880970258], [77.80241966328985, 8.715659479845783], [77.80241360183561, 8.714846389169972], [77.80250440256536, 8.714845719089652], [77.8025050760503, 8.714936062487096], [77.80259587679801, 8.714935392379827], [77.8025938562983, 8.714664362187495], [77.80250305561346, 8.714665032276798], [77.8025017086885, 8.714484345463942]], [[77.80313125083337, 8.713666564261827], [77.80331285161016, 8.71366522391254], [77.8033135252029, 8.713755567265068], [77.80313192438119, 8.713756907623338], [77.80313125083337, 8.713666564261827]]], [[[77.8025017086885, 8.714484345463942], [77.80241090803959, 8.714485015517313], [77.80241023460856, 8.714394672110886], [77.80250103523052, 8.714394002066499], [77.8025017086885, 8.714484345463942]]]]}, "id": "+848+3572", "properties": {"count": 370, "water": 1}}, {"type": "Feature", "geometry": {"geodesic": false, "type": "Polygon", "coordinates": [[[77.80352066687985, 8.789917541476257], [77.80406557984672, 8.789913484711384], [77.8040662596019, 8.790003827641703], [77.8038846219313, 8.790005179992482], [77.80388530165055, 8.790095522931786], [77.80370366390808, 8.790096875219682], [77.80370434359139, 8.790187218167969], [77.80352270577706, 8.790188570375015], [77.80352066687985, 8.789917541476257]]]}, "id": "+851+2723", "properties": {"count": 12, "water": 1}}, {"type": "Feature", "geometry": {"geodesic": false, "type": "MultiPolygon", "coordinates": [[[[77.80544203878405, 8.731267387586096], [77.80553284325079, 8.73126671552948], [77.80553351875693, 8.731357058621498], [77.80544271427222, 8.731357730687096], [77.80544203878405, 8.731267387586096]]], [[[77.80544203878405, 8.731267387586096], [77.8053512343173, 8.731268059624743], [77.80535258524874, 8.731448745835726], [77.8052617807191, 8.73144941786539], [77.80526245618034, 8.731539760975373], [77.80517165162377, 8.731540432987071], [77.80517232706703, 8.731630776106037], [77.80526313164157, 8.731630104085356], [77.80526515807017, 8.731901133415304], [77.80517435343275, 8.731901805453953], [77.80517367797151, 8.73181146234397], [77.80508287334307, 8.731812134355668], [77.80508219790879, 8.731721791227717], [77.80490058868783, 8.731723135179248], [77.80489991330745, 8.731632792042316], [77.80408267162451, 8.731638838674357], [77.80408132127698, 8.731458152274728], [77.80399051665752, 8.731458823998965], [77.80398444064159, 8.730645735092835], [77.80389363620179, 8.730646406736223], [77.8038922860968, 8.73046572029168], [77.80380148170191, 8.730466391890152], [77.8037994566657, 8.730195362200876], [77.80370865232472, 8.730196033763416], [77.80370730239041, 8.730015347291921], [77.80361649808536, 8.73001601881853], [77.80361514821394, 8.729835332320086], [77.80352434394482, 8.72983600381076], [77.80352366904054, 8.729745660557047], [77.80343286478939, 8.729746332020772], [77.80343084019336, 8.729475302232682], [77.8033400359961, 8.729475973651493], [77.80333868634027, 8.729295287117115], [77.8034294904926, 8.729294615707289], [77.80342746600436, 8.7290235859192], [77.80360907415633, 8.72902224308158], [77.80360974902466, 8.729112586335294], [77.80370055310513, 8.729111914880551], [77.80370122800042, 8.729202258125282], [77.80379203210785, 8.729201586634606], [77.80379270703008, 8.729291929870353], [77.8038835111465, 8.729291258361712], [77.80388418609567, 8.729381601588477], [77.80397499023005, 8.729380930043902], [77.80397566520618, 8.729471273270667], [77.80406646934954, 8.729470601699143], [77.80406714436161, 8.729560944907941], [77.80415794852293, 8.729560273309469], [77.80415862356195, 8.729650616518267], [77.80434023190256, 8.729649273240472], [77.80434090699548, 8.729739616431305], [77.80443171117476, 8.729738944751983], [77.80443238629462, 8.729829287933832], [77.80452319049188, 8.729828616227561], [77.8045238656387, 8.729918959400425], [77.80461466984494, 8.729918287667205], [77.80461534502768, 8.730008630840072], [77.8047969534671, 8.730007287283799], [77.80479762869477, 8.7300976304387], [77.80488843292795, 8.73009695862463], [77.80488978344617, 8.73027764491646], [77.80498058771529, 8.730276973066461], [77.80498126301482, 8.730367316203393], [77.80507206729293, 8.730366644326443], [77.80507341794588, 8.730547330582342], [77.8051642222689, 8.730546658669459], [77.80516557299373, 8.730727344916374], [77.80525637735268, 8.730726672958575], [77.80525907898199, 8.731088045416474], [77.8053498834128, 8.731087373413759], [77.80535055885606, 8.731177716523742], [77.80544136330485, 8.731177044494078], [77.80544203878405, 8.731267387586096]], [[77.80398039029068, 8.730103675795133], [77.80407119458675, 8.730103004178694], [77.80407186964374, 8.730193347387493], [77.80416267395776, 8.73019267573512], [77.80416469925449, 8.730463705343547], [77.80407389487758, 8.730464377013885], [77.80407321979364, 8.730374033805088], [77.80398241542571, 8.730374705448476], [77.80398039029068, 8.730103675795133]]]]}, "id": "+851+3397", "properties": {"count": 326, "water": 1}}, {"type": "Feature", "geometry": {"geodesic": false, "type": "Polygon", "coordinates": [[[77.8032534598455, 8.778535673970657], [77.80334427594542, 8.778534998832821], [77.80334223991383, 8.778263969718468], [77.8034330559419, 8.778263294580633], [77.80343237725572, 8.778172951551499], [77.80370482522314, 8.778170926021213], [77.80370414648306, 8.778080583010045], [77.80379496243027, 8.77807990779136], [77.80379428367222, 8.777989564789175], [77.80388509960147, 8.77798888956151], [77.80388442082545, 8.777898546568307], [77.8040660526031, 8.777897196059076], [77.8040646949972, 8.777716510090636], [77.80415551083661, 8.777715834818055], [77.80415483201568, 8.77762549184282], [77.80424564782815, 8.77762481655227], [77.80424496899823, 8.777534473586018], [77.80433578477478, 8.777533798277503], [77.80433442708801, 8.77735311235398], [77.80451605853328, 8.777351761710001], [77.80451673741709, 8.777442104658288], [77.80460755314871, 8.777441429295875], [77.80460891097023, 8.777622115183464], [77.80451809519369, 8.777622790554862], [77.80451877409547, 8.77771313351213], [77.80442795829198, 8.777713808865562], [77.80442863718477, 8.77780415182283], [77.80433782134536, 8.777804827167278], [77.80433850022018, 8.777895170133531], [77.80415686848744, 8.777896520768527], [77.80415822616523, 8.778077206718999], [77.80397659431571, 8.778078557300095], [77.80397795193062, 8.778259243277516], [77.80415958386997, 8.778257892669469], [77.80416026273582, 8.778348235644705], [77.80388781475044, 8.7783502615433], [77.80388849356238, 8.778440604536502], [77.80361604544225, 8.778442630264419], [77.80361672419131, 8.778532973275587], [77.80352590811833, 8.778533648485286], [77.80352658684943, 8.778623991505437], [77.8034357707495, 8.778624666697173], [77.80343644946264, 8.778715009726307], [77.80334563332677, 8.778715684900074], [77.80334631203091, 8.778806027938192], [77.8032554958681, 8.778806703093993], [77.8032534598455, 8.778535673970657]]]}, "id": "+857+2862", "properties": {"count": 60, "water": 1}}, {"type": "Feature", "geometry": {"geodesic": false, "type": "Polygon", "coordinates": [[[77.80380781863353, 8.706975796511342], [77.80389861736003, 8.706975126700517], [77.80389727097408, 8.706794440031393], [77.80416966697395, 8.706792430500101], [77.804171686764, 8.707063460440905], [77.80444408289861, 8.707061450649103], [77.80444610294919, 8.707332480518042], [77.80453690170265, 8.707331810527554], [77.80453824848387, 8.70751249708888], [77.8044474496765, 8.707513167097334], [77.80444677630835, 8.707422823807688], [77.80426517872058, 8.707424163743749], [77.80426383208308, 8.707243477137506], [77.80417303332064, 8.70724414705613], [77.80417236004232, 8.707153803748518], [77.80389996377295, 8.707155813360657], [77.80389929056649, 8.707065470035078], [77.80380849181303, 8.707066139854886], [77.80380781863353, 8.706975796511342]]]}, "id": "+859+3643", "properties": {"count": 25, "water": 1}}, {"type": "Feature", "geometry": {"geodesic": false, "type": "Polygon", "coordinates": [[[77.80373404788645, 8.745735736268996], [77.80382485598238, 8.74573506352068], [77.8038241797576, 8.74564472036578], [77.80391498782659, 8.745644047590515], [77.8039143115928, 8.7455537044446], [77.80454996772539, 8.745548994505699], [77.80455132050737, 8.745729680707699], [77.80464212854042, 8.745729007761753], [77.80464348140325, 8.745909693936804], [77.80428024905541, 8.745912385657704], [77.80428092540598, 8.74600272877667], [77.80409930914223, 8.746004074524832], [77.80409998545686, 8.746094417652781], [77.80391836912125, 8.746095763329077], [77.80391904540892, 8.746186106474992], [77.80382823720518, 8.746186779286191], [77.80382756094446, 8.74609643613129], [77.80373675275868, 8.74609710891554], [77.80373404788645, 8.745735736268996]]]}, "id": "+860+3214", "properties": {"count": 46, "water": 1}}, {"type": "Feature", "geometry": {"geodesic": false, "type": "Polygon", "coordinates": [[[77.80092049059502, 8.721633540706652], [77.80101129308547, 8.721632870464635], [77.80101061942986, 8.721542526977359], [77.80110142189336, 8.721541856717376], [77.80110074821978, 8.721451513239085], [77.80119155064735, 8.721450842961135], [77.8011902032912, 8.721270156013533], [77.80128100567386, 8.721269485735585], [77.80128033198231, 8.721179142266275], [77.80137113432903, 8.72117847197036], [77.8013704606285, 8.721088128510033], [77.80146126294828, 8.721087458205135], [77.80145991551129, 8.720906771293466], [77.80155071778614, 8.720906100979583], [77.80155004405866, 8.720815757528241], [77.80164084629759, 8.720815087196392], [77.80164017256112, 8.720724743754033], [77.8017309747731, 8.720724073404218], [77.80173030101867, 8.720633729970842], [77.8018211032037, 8.720633059612044], [77.80181975566788, 8.720452372754274], [77.801910557799, 8.720451702386493], [77.80190988401763, 8.7203613589621], [77.80209148822598, 8.72036001817264], [77.80209081440867, 8.720269674766213], [77.80227241853618, 8.720268333904887], [77.80227174468294, 8.720177990516426], [77.80245334873858, 8.720176649583236], [77.80245267485839, 8.720086306203758], [77.80272508082058, 8.720084294660241], [77.8027244068775, 8.71999395129873], [77.80299681270495, 8.719991939593516], [77.80299613870797, 8.71990159624997], [77.80317774251208, 8.719900255020335], [77.80317706847917, 8.719809911685774], [77.80335867221142, 8.719808570384274], [77.8033579981336, 8.719718227067677], [77.80353960180297, 8.71971688568533], [77.8035389276892, 8.7196265423867], [77.80372053127773, 8.719625200932485], [77.80371985713703, 8.719534857651823], [77.80390146065368, 8.719533516125743], [77.80390078646805, 8.719443172854064], [77.80399158819493, 8.719442502064075], [77.80399091400034, 8.719352158801378], [77.80408171569128, 8.719351487993423], [77.80408104147872, 8.719261144730726], [77.8041718431517, 8.719260473922771], [77.80417049469962, 8.719079787406361], [77.8043520979288, 8.719078445736551], [77.80435344647073, 8.71925913221703], [77.80444424811677, 8.719258461337208], [77.80444559672156, 8.71943914779972], [77.80453639840354, 8.719438476883967], [77.80453572407419, 8.719348133657203], [77.8046265257292, 8.719347462732467], [77.80462585138189, 8.719257119514685], [77.80471665300996, 8.719256448563], [77.80471732737524, 8.719346791771798], [77.8048081290123, 8.719346120802145], [77.80480947781473, 8.719526807201776], [77.80490027948771, 8.71952613619619], [77.80490297725427, 8.7198875089685], [77.80499377900811, 8.719886837909016], [77.80499580248126, 8.720157867472528], [77.80508660428899, 8.720157196368127], [77.80508997698678, 8.72060891225042], [77.80490837313775, 8.720610254504134], [77.80490904765574, 8.720700597694966], [77.80472744373485, 8.720701939876815], [77.80472811820793, 8.720792283085613], [77.80436491018648, 8.720794967215749], [77.8043655845877, 8.720885310451497], [77.80409317842788, 8.720887323342486], [77.8040938527752, 8.7209776665962], [77.8036398422543, 8.720981021031236], [77.80364051649383, 8.721071364311898], [77.80336811002857, 8.721073376735763], [77.8033687842142, 8.721163720034394], [77.80291477318127, 8.721167073669928], [77.80291544726808, 8.721257417013472], [77.80246143594769, 8.721260770136967], [77.8024621099267, 8.721351113516445], [77.80228050530512, 8.721352454629299], [77.8022811792482, 8.72144279801776], [77.80209957455475, 8.721444139058748], [77.80210024847088, 8.721534482465175], [77.80182784130494, 8.721536493882928], [77.80182851515819, 8.721626837307321], [77.80155610786649, 8.721628848554394], [77.80155678165686, 8.721719191996755], [77.8012843742304, 8.721721203073146], [77.80128504796687, 8.721811546533473], [77.80101264041467, 8.721813557439186], [77.80101196675007, 8.721723213951911], [77.80092116423266, 8.721723884193928], [77.80092049059502, 8.721633540706652]], [[77.8021822903122, 8.72035934775096], [77.80227309239841, 8.72035867730233], [77.80227376626064, 8.720449020699775], [77.80218296415646, 8.720449691157388], [77.8021822903122, 8.72035934775096]], [[77.80245604435817, 8.720538023110128], [77.80254684646235, 8.720537352580651], [77.80254819436647, 8.720718039330624], [77.80245739221738, 8.720718709869084], [77.80245604435817, 8.720538023110128]]]}, "id": "+860+3507", "properties": {"count": 583, "water": 1}}, {"type": "Feature", "geometry": {"geodesic": false, "type": "Polygon", "coordinates": [[[77.80460493624848, 8.740760137009126], [77.80451412941918, 8.740760809568796], [77.80451480541939, 8.740851152696745], [77.80442399856312, 8.74085182523845], [77.80442535054559, 8.741032511503331], [77.80433454363543, 8.741033184036052], [77.80433589560892, 8.741213870309917], [77.80424508864485, 8.741214542842638], [77.8042457646271, 8.741304885988553], [77.8041549576271, 8.741305558503308], [77.8041542816718, 8.741215215357393], [77.80406347469875, 8.741215887845197], [77.80406212285104, 8.741035201526417], [77.80397131591393, 8.741035873978289], [77.8039706400215, 8.740945530814406], [77.80387983309338, 8.740946203230346], [77.80387915723688, 8.740855860057481], [77.80378835031773, 8.740856532455455], [77.8037876744882, 8.740766189273605], [77.80369686758702, 8.740766861635647], [77.80369348865493, 8.740315145690472], [77.80378429543933, 8.740314473364364], [77.80378294387008, 8.740133786991684], [77.8036921371306, 8.740134459308809], [77.80369146137292, 8.740044116117978], [77.80378226810343, 8.740043443809837], [77.80378159233678, 8.739953100619005], [77.80405401240252, 8.739951083586782], [77.80405671576558, 8.74031245624231], [77.80414752252302, 8.74031178382637], [77.80414819840647, 8.74040212698127], [77.8049654591247, 8.740396074186783], [77.80496478304364, 8.740305731094766], [77.80505558972922, 8.740305058454249], [77.8050468010886, 8.73913059831193], [77.80495599468148, 8.739131270853633], [77.80495464273496, 8.738950584660616], [77.80486383637276, 8.738951257166386], [77.80486045673997, 8.738499541625455], [77.80495126299436, 8.738498869155617], [77.804950587075, 8.738408526054616], [77.80504139330245, 8.73840785356681], [77.80504071736512, 8.738317510474795], [77.8051315235656, 8.738316837969023], [77.80513017165501, 8.738136151793972], [77.80522097781058, 8.738135479288202], [77.80522435773082, 8.738587194694386], [77.80531516398521, 8.738586522125733], [77.8053198963281, 8.73921892362612], [77.80522908992099, 8.739219596239689], [77.80523044204719, 8.739400282396774], [77.80532124849023, 8.739399609765238], [77.80533815300521, 8.74165818632904], [77.80524734600522, 8.741658859131254], [77.80524802225696, 8.741749202196322], [77.805157215239, 8.741749874989555], [77.80515789147279, 8.741840218054621], [77.80506708442788, 8.741840890829888], [77.80506573199624, 8.741660204681786], [77.80497492498726, 8.74166087742112], [77.80497424880738, 8.741570534329103], [77.80470182778045, 8.741572552403372], [77.80470250389745, 8.741662895504371], [77.80461169685253, 8.741663568162856], [77.80461102076248, 8.74157322504389], [77.80452021372656, 8.741573897675426], [77.80451953766345, 8.741483554547477], [77.80442873065448, 8.74148422714308], [77.80442737859116, 8.74130354088718], [77.80451818555522, 8.741302868309544], [77.80451615745575, 8.741031838943663], [77.80460696435694, 8.741031166357041], [77.80460493624848, 8.740760137009126]], [[77.80460493624848, 8.740760137009126], [77.8046042602303, 8.74066979389016], [77.80451345341895, 8.740670466440847], [77.80451210144547, 8.740489780193931], [77.80469371496935, 8.740488435092558], [77.8046957430778, 8.740759464422506], [77.80460493624848, 8.740760137009126]]]}, "id": "+868+3296", "properties": {"count": 279, "water": 1}}, {"type": "Feature", "geometry": {"geodesic": false, "type": "Polygon", "coordinates": [[[77.80475388392047, 8.663240232314042], [77.80484467205585, 8.66323956562037], [77.80484400206535, 8.66314922215106], [77.80493479017379, 8.66314855543044], [77.80493546018224, 8.663238898890766], [77.80502624829964, 8.663238232152178], [77.80502691834403, 8.663328575603522], [77.80529928272321, 8.66332657521708], [77.80530062295571, 8.663507262074852], [77.80539141110906, 8.663506595219483], [77.80539208126123, 8.663596938643876], [77.80530129308094, 8.663597605508228], [77.80530196321517, 8.66368794893262], [77.80539275141342, 8.66368728206827], [77.80539476193286, 8.663958312332467], [77.80530397366275, 8.663958979214785], [77.80530531400304, 8.664139666063571], [77.80503294903097, 8.664141666638658], [77.80503227893269, 8.664051323196299], [77.80494149061765, 8.664051990006751], [77.80494082053734, 8.663961646546426], [77.80485003224027, 8.663962313329927], [77.8048486921515, 8.663781626400292], [77.80475790388137, 8.663782293147863], [77.80475388392047, 8.663240232314042]]]}, "id": "+871+4126", "properties": {"count": 55, "water": 1}}, {"type": "Feature", "geometry": {"geodesic": false, "type": "Polygon", "coordinates": [[[77.80491387611836, 8.745636645706135], [77.80500468409753, 8.745635972679342], [77.80500400760323, 8.745545629614274], [77.80554885520868, 8.745541591031301], [77.80554953184671, 8.745631934051453], [77.80573114769723, 8.745630587665488], [77.80573047102328, 8.745540244663303], [77.80582127892158, 8.745539571447864], [77.80582060222967, 8.745449228445677], [77.80591141010103, 8.745448555212272], [77.80591208681092, 8.745538898205474], [77.80618451043398, 8.745536878361523], [77.80618586400648, 8.745717564303012], [77.8063674798031, 8.745716217602636], [77.80636815664774, 8.745806560559906], [77.80536926915545, 8.74581396641484], [77.80536859255336, 8.745723623385704], [77.8052777845742, 8.74572429650233], [77.80527846115832, 8.745814639549431], [77.80500603712204, 8.745816658809476], [77.80500536060978, 8.74572631574441], [77.80491455260366, 8.745726988780186], [77.80491387611836, 8.745636645706135]]]}, "id": "+875+3215", "properties": {"count": 40, "water": 1}}, {"type": "Feature", "geometry": {"geodesic": false, "type": "Polygon", "coordinates": [[[77.80703225218458, 8.749596248044046], [77.80721386973292, 8.74959490034654], [77.8072131923942, 8.749504557479103], [77.80766723601802, 8.749501187880506], [77.80767604346937, 8.750675644734992], [77.80740361645965, 8.750677666833713], [77.8074029389862, 8.750587323975257], [77.80731212999194, 8.75058799796325], [77.80731009767938, 8.7503169693789], [77.80721928873902, 8.750317643312993], [77.80721861133743, 8.750227300445555], [77.80712780241504, 8.750227974352699], [77.80712712504938, 8.750137631476278], [77.80703631613598, 8.750138305365454], [77.80703225218458, 8.749596248044046]]]}, "id": "+894+3170", "properties": {"count": 73, "water": 1}}, {"type": "Feature", "geometry": {"geodesic": false, "type": "Polygon", "coordinates": [[[77.80791473435639, 8.770369694980616], [77.80800554810273, 8.770369019339723], [77.80800351062486, 8.770097991204533], [77.80818513796483, 8.770096639904784], [77.80818445877559, 8.770006297208026], [77.80827527241414, 8.770005621531203], [77.8082766308465, 8.770186306915734], [77.80836744452098, 8.770185631202978], [77.80837084083548, 8.770637344623887], [77.80828002704422, 8.770638020372576], [77.8082793477921, 8.770547677684801], [77.80809772024551, 8.770549029092349], [77.80809704103831, 8.770458686386608], [77.80791541350969, 8.770460037704323], [77.80791473435639, 8.770369694980616]]]}, "id": "+899+2943", "properties": {"count": 21, "water": 1}}, {"type": "Feature", "geometry": {"geodesic": false, "type": "Polygon", "coordinates": [[[77.80814847211259, 8.765218133417465], [77.8084209095248, 8.765216107447005], [77.80842294615826, 8.765487135564229], [77.80851375868289, 8.765486460174866], [77.80851443759366, 8.765576802871625], [77.80842362505106, 8.765577478260987], [77.80842430395283, 8.765667820966728], [77.8085151165134, 8.765667145568381], [77.80851579544212, 8.765757488256156], [77.8084249828546, 8.765758163663486], [77.80842566177435, 8.765848506369228], [77.8083348491509, 8.765849181758592], [77.8083334913743, 8.765668496347109], [77.80824267879576, 8.765669171700539], [77.80824335766161, 8.765759514415263], [77.80815254504714, 8.76576018975971], [77.80814847211259, 8.765218133417465]]]}, "id": "+901+2996", "properties": {"count": 20, "water": 1}}, {"type": "Feature", "geometry": {"geodesic": false, "type": "Polygon", "coordinates": [[[77.80868995230236, 8.764762367866991], [77.80878076462938, 8.764761692468644], [77.80877669125465, 8.76421963638691], [77.80886750343792, 8.76421896100653], [77.80887089800969, 8.764670674373539], [77.80896171030075, 8.764669998948245], [77.80896782118928, 8.76548308291364], [77.80905863366003, 8.765482407389529], [77.80905931270553, 8.765572750050355], [77.80896850020785, 8.765573425574464], [77.80897053731742, 8.765844453547958], [77.80887972474787, 8.76584512907207], [77.80888108282092, 8.766025814402703], [77.80869945755605, 8.766027165414991], [77.80869674162555, 8.765665794699824], [77.80878755416815, 8.765665119229613], [77.80878415930893, 8.76521340585362], [77.80869334687412, 8.7652140812879], [77.80869266794541, 8.765123738600124], [77.80878348036224, 8.765123063174828], [77.80878144354911, 8.764852035147436], [77.80869063120414, 8.764852710545782], [77.80868995230236, 8.764762367866991]]]}, "id": "+906+3007", "properties": {"count": 40, "water": 1}}, {"type": "Feature", "geometry": {"geodesic": false, "type": "Polygon", "coordinates": [[[77.80857876995763, 8.737839552763877], [77.80866957576288, 8.737838879449622], [77.80866822223531, 8.737658193822543], [77.80875902799562, 8.737657520499306], [77.80875970477737, 8.737747863312846], [77.80885051054668, 8.737747189962658], [77.80884983373798, 8.737656847158101], [77.80894063948034, 8.737656173798932], [77.80893996266265, 8.737565831003359], [77.80903076837805, 8.737565157626221], [77.80903144522269, 8.737655500412812], [77.80912225094708, 8.737654827008726], [77.80912292781866, 8.737745169786331], [77.80903212206732, 8.7377458431994], [77.80903347579252, 8.73792652877258], [77.8091242815798, 8.737925855350527], [77.80912631228438, 8.738196883683347], [77.80903550642525, 8.738197557132349], [77.8090368602223, 8.738378242705528], [77.80876444246523, 8.738380262962703], [77.80876376562959, 8.738289920149164], [77.80867295972554, 8.738290593517318], [77.80867160611712, 8.738109907899222], [77.80858080024001, 8.738110581231444], [77.80857876995763, 8.737839552763877]]]}, "id": "+910+3302", "properties": {"count": 38, "water": 1}}, {"type": "Feature", "geometry": {"geodesic": false, "type": "Polygon", "coordinates": [[[77.8089264277822, 8.73575897499309], [77.80901723305743, 8.7357583017507], [77.80901384968766, 8.735306587754868], [77.80910465484611, 8.735305914530446], [77.80910397817215, 8.735215571743856], [77.80919478330365, 8.735214898501466], [77.80919275325483, 8.734943870141697], [77.80928355831448, 8.734943196899307], [77.80928152826566, 8.734672168557506], [77.80937233325344, 8.734671495315116], [77.80937097988756, 8.734490809768886], [77.80946178482142, 8.734490136517513], [77.80946110812053, 8.73439979374889], [77.80955191302745, 8.734399120488535], [77.80955529669366, 8.734850834304702], [77.80946449167894, 8.734851507592007], [77.80946516841578, 8.734941850360629], [77.80955597344847, 8.734941177064341], [77.80955935733925, 8.735392890853559], [77.80946855218978, 8.735393564194762], [77.80947125934375, 8.73575493525129], [77.80938045409546, 8.735755608592495], [77.80938248446768, 8.736026636898364], [77.80929167915652, 8.736027310248552], [77.809293032729, 8.736207995794782], [77.80920222737292, 8.736208669135985], [77.80920358092744, 8.736389354691198], [77.80911277551746, 8.73639002802342], [77.80911412906299, 8.736570713596599], [77.80902332359014, 8.736571386919836], [77.80902400035393, 8.73666172971541], [77.8089331948631, 8.73666240302068], [77.80893116466157, 8.736391374615996], [77.80902197008952, 8.736390701328691], [77.80901858645923, 8.735938987350828], [77.80892778113909, 8.7359396606022], [77.8089264277822, 8.73575897499309]]]}, "id": "+916+3337", "properties": {"count": 85, "water": 1}}, {"type": "Feature", "geometry": {"geodesic": false, "type": "MultiPolygon", "coordinates": [[[[77.80951310452258, 8.69274904549304], [77.80987628388777, 8.692746365010064], [77.80987695739967, 8.692836707949366], [77.80996775224546, 8.69283603776125], [77.80996842579327, 8.692926380691569], [77.8101500155118, 8.692925040252453], [77.81015068910453, 8.693015383164806], [77.81005989423178, 8.69301605339784], [77.81006056781554, 8.693106396319177], [77.80969738816289, 8.693109077089613], [77.80969806166578, 8.6931994200379], [77.80978885661938, 8.693198749867747], [77.80978953014923, 8.693289092807051], [77.80960794020612, 8.69329043313837], [77.80960861370004, 8.693380776086657], [77.80951781870154, 8.693381446220876], [77.80951849218647, 8.693471789187129], [77.80942769715203, 8.693472459312364], [77.809428370619, 8.693562802278617], [77.8093375755576, 8.693563472385886], [77.8093382490156, 8.693653815352139], [77.80924745391827, 8.693654485450425], [77.8092481273583, 8.693744828425661], [77.80915733224302, 8.693745498505981], [77.80915800566507, 8.693835841499183], [77.80906721051385, 8.693836511561537], [77.80906788392691, 8.69392685455474], [77.80897708874875, 8.693927524599125], [77.80897776214385, 8.69401786760131], [77.80888696693874, 8.694018537636715], [77.80888831371098, 8.694199223650068], [77.80879751845197, 8.69419989367649], [77.80879886521522, 8.694380579698826], [77.80870806990231, 8.694381249725248], [77.80870874327046, 8.694471592736416], [77.80861794793958, 8.69447226274487], [77.80861929464893, 8.694652948794158], [77.80852849926416, 8.694653618793629], [77.80852917261434, 8.694743961822763], [77.80843837719364, 8.694744631813252], [77.80843972386707, 8.694925317880504], [77.80834892840143, 8.69492598786201], [77.80834960172467, 8.69501633090911], [77.80825880622311, 8.695017000863666], [77.80826015285162, 8.695197686966852], [77.80816935730515, 8.695198356921408], [77.80817070392467, 8.695379043033576], [77.8080799083243, 8.695379712979149], [77.80808058162059, 8.695470056044217], [77.80798978599326, 8.695470725980805], [77.80799113256788, 8.69565141211094], [77.80790033688665, 8.695652082038546], [77.80790101016497, 8.695742425112597], [77.8078102144568, 8.695743095022237], [77.80781088771715, 8.69583343810527], [77.80772009198203, 8.695834108005927], [77.80772076522442, 8.695924451088962], [77.80762996946235, 8.695925120971651], [77.80763064269576, 8.696015464072651], [77.80753984689775, 8.696016133937375], [77.80754119333761, 8.696196820139376], [77.80745039749469, 8.696197489995116], [77.80745241715, 8.696468519316083], [77.80736162122624, 8.696469189180807], [77.80736296765711, 8.696649875400773], [77.80727217168842, 8.696650545256514], [77.80727419131678, 8.696921574613413], [77.80718339527623, 8.69692224446017], [77.80718474168914, 8.697102930716069], [77.80709394560368, 8.697103600553845], [77.80709663842951, 8.697464973074625], [77.80700584224523, 8.697465642930366], [77.80700718865815, 8.697646329195248], [77.80691639241996, 8.697646999042005], [77.80691706561744, 8.697737342187922], [77.80682626935231, 8.697738012016714], [77.80682694253181, 8.69782835516263], [77.80673614623974, 8.697829024973455], [77.80673681941026, 8.697919368128353], [77.80664602309123, 8.697920037930196], [77.80664871573741, 8.69828141057674], [77.80655791932854, 8.698282080378583], [77.80655926565163, 8.69846276671533], [77.80646846917989, 8.698463436517171], [77.80646981549398, 8.698644122862902], [77.80637901897732, 8.698644792655761], [77.8063796921209, 8.698735135828626], [77.8062888955773, 8.698735805612502], [77.80628956871189, 8.69882614879435], [77.80619877213235, 8.69882681856026], [77.80620011837459, 8.699007504941923], [77.80610932175013, 8.69900817469885], [77.8061106679744, 8.699188861089496], [77.80601987129604, 8.699189530837439], [77.8060205444037, 8.699279874046237], [77.80592974769839, 8.699280543776213], [77.80593109387775, 8.699461230202791], [77.80584029711854, 8.699461899923786], [77.80584097019923, 8.699552243141566], [77.80575017341307, 8.699552912853578], [77.80575084648478, 8.699643256071358], [77.80566004967169, 8.699643925774385], [77.80566139577918, 8.699824612227914], [77.80557059891218, 8.699825281921958], [77.80557127195694, 8.699915625157706], [77.80548047506299, 8.699916294833784], [77.80548182112555, 8.700096981314262], [77.80539102418669, 8.700097650981355], [77.8053916972045, 8.700187994235069], [77.80530090023869, 8.700188663884198], [77.80530224625635, 8.700369350400608], [77.80521144923664, 8.700370020040754], [77.80521279524531, 8.700550706566148], [77.8051219981717, 8.700551376206294], [77.80512401717122, 8.700822406003367], [77.80485162570784, 8.700824414851937], [77.80485027983393, 8.700643728272645], [77.805031874062, 8.700642389091168], [77.80502918221534, 8.700281015986484], [77.80511997923504, 8.700280346391253], [77.80511863330722, 8.700099659856876], [77.80520943027304, 8.700098990252664], [77.8052074113813, 8.699827960464575], [77.80529820827525, 8.69982729086036], [77.80529753530234, 8.699736947597664], [77.80538833216934, 8.699736277984469], [77.80538698620559, 8.699555591477042], [77.80547778301869, 8.699554921854862], [77.80547711001886, 8.699464578610131], [77.805567906805, 8.699463908969987], [77.80556588780547, 8.699192879253761], [77.8054750910822, 8.699193548866957], [77.80547374516335, 8.699012862377497], [77.80538294847602, 8.69901353195476], [77.80538025680902, 8.698652158930923], [77.80556184999504, 8.698650819803346], [77.80555983119314, 8.698379790069154], [77.8056506277098, 8.698379120500874], [77.80564995476385, 8.698288777256144], [77.80574075125357, 8.698288107669898], [77.80573873240674, 8.698017077971638], [77.80582952882457, 8.698016408385392], [77.80582549118483, 8.697474349024807], [77.80591628746794, 8.697473679456527], [77.80591561453097, 8.697383336229763], [77.80618800326347, 8.697381327417125], [77.80618733026363, 8.697290984217311], [77.80627812647487, 8.697290314568182], [77.80627745346604, 8.69719997137735], [77.80636824964132, 8.69719930171924], [77.80636757662351, 8.69710895853739], [77.80645837277187, 8.697108288861312], [77.80645769973609, 8.697017945679464], [77.8063669036057, 8.69701861534656], [77.80636623059688, 8.696928272155727], [77.80645702670031, 8.696927602497615], [77.80645635368249, 8.696837259315767], [77.80663794582648, 8.696835919954628], [77.806636599719, 8.69665523361788], [77.80654580369641, 8.696655903293959], [77.80654513066962, 8.696565560121094], [77.80645433465601, 8.696566229770221], [77.80645298868328, 8.696385543406526], [77.80654378465196, 8.69638487376638], [77.80654243865227, 8.696204187411666], [77.80672403048185, 8.696202848104427], [77.80672335745504, 8.696112504940544], [77.80717733678642, 8.69610915631761], [77.80717666365183, 8.69601881318966], [77.80726745947679, 8.696018143405784], [77.80726544006403, 8.695747114039902], [77.80735623581712, 8.695746444256025], [77.80735556266457, 8.69565610113706], [77.80762794980704, 8.695654091686619], [77.8076266034121, 8.695473405493601], [77.80771739906638, 8.695472735646844], [77.80771672585992, 8.695382392554826], [77.80780752148723, 8.695381722690103], [77.80780684826281, 8.695291379607069], [77.80789764386319, 8.695290709733362], [77.8078969706208, 8.69520036665931], [77.80798776619423, 8.695199696767636], [77.80798709293387, 8.695109353693587], [77.80816868400886, 8.695108013865323], [77.8081666641649, 8.694836984688088], [77.80825745963054, 8.694836314769464], [77.80825678633424, 8.694745971713381], [77.80834758177292, 8.694745301776791], [77.80834623517136, 8.694564615682589], [77.80843703054715, 8.694563945737016], [77.80843568393662, 8.694383259651797], [77.8085264792675, 8.694382589697241], [77.80852513263899, 8.694201903629988], [77.80861592791597, 8.69420123366645], [77.80861458127848, 8.694020547617164], [77.80870537650156, 8.694019877644642], [77.80870470316934, 8.69392953462449], [77.80879549837445, 8.693928864642984], [77.80879415169204, 8.693748178611665], [77.80888494683428, 8.693747508621177], [77.8088836001339, 8.69356682259884], [77.80906519032854, 8.69356548258193], [77.80906451694241, 8.693475139588728], [77.80915531200381, 8.693474469544341], [77.8091546386087, 8.693384126560122], [77.80924543364314, 8.693383456506751], [77.80924476023007, 8.693293113522532], [77.80933555523755, 8.693292443460178], [77.8093348818155, 8.693202100484942], [77.80942567678706, 8.693201430404624], [77.80942500334703, 8.693111087438371], [77.80960659323625, 8.693109747223833], [77.80960524628435, 8.692929061318276], [77.80951445139364, 8.692929731416562], [77.80951310452258, 8.69274904549304]]], [[[77.80951310452258, 8.69274904549304], [77.80942230965883, 8.692749715564377], [77.80942163625474, 8.69265937258914], [77.80951243109155, 8.692658702526787], [77.80951310452258, 8.69274904549304]]]]}, "id": "+919+3799", "properties": {"count": 525, "water": 1}}, {"type": "Feature", "geometry": {"geodesic": false, "type": "Polygon", "coordinates": [[[77.80837404792884, 8.710465655450074], [77.80846484714044, 8.710464984282792], [77.80846417257753, 8.71037464131654], [77.80873657009556, 8.710372627697915], [77.80873589546977, 8.71028228475861], [77.80891749374025, 8.710280942253368], [77.80891614442578, 8.710100256392728], [77.80918854163838, 8.710098242513592], [77.80918786693174, 8.710007899610222], [77.80927866596367, 8.710007228281244], [77.80927799123907, 8.709916885377872], [77.80973198620113, 8.709913528436537], [77.80973266104252, 8.710003871303975], [77.80982346002955, 8.71000319984025], [77.80982548464355, 8.710274228415615], [77.80973468559364, 8.710274899897307], [77.809735360453, 8.710365242755762], [77.80982615952986, 8.710364571265087], [77.8098281842337, 8.710635599831468], [77.80964658593625, 8.710636942830783], [77.80964726081358, 8.710727285698223], [77.80955646162892, 8.710727957170931], [77.80955578677855, 8.710637614294509], [77.80946498761186, 8.710638285740268], [77.80946566244427, 8.710728628625672], [77.80919326483641, 8.710730642846169], [77.80919393960593, 8.710820985749539], [77.80901234111985, 8.710822328470378], [77.80901031695501, 8.710551299724333], [77.80864712016249, 8.710553984824651], [77.80864779478829, 8.710644327763953], [77.8084661963022, 8.710645670206315], [77.80846552171234, 8.710555327240062], [77.80837472248277, 8.710555998416327], [77.80837404792884, 8.710465655450074]]]}, "id": "+920+3608", "properties": {"count": 93, "water": 1}}, {"type": "Feature", "geometry": {"geodesic": false, "type": "Polygon", "coordinates": [[[77.81108301328479, 8.768990897557932], [77.81117382644722, 8.768990221261271], [77.81117246680212, 8.768809536316914], [77.81126327991964, 8.768808860020252], [77.81126192026557, 8.768628175084876], [77.81135273332919, 8.768627498770249], [77.8113506938301, 8.768356471389643], [77.81144150682186, 8.768355795083998], [77.81144014714981, 8.768175110175573], [77.81162177301655, 8.768173757519367], [77.81162041328162, 8.767993072628908], [77.81171122616558, 8.76799239628733], [77.81170918655869, 8.76772136897859], [77.81179999936181, 8.76772069262803], [77.81179795975491, 8.767449665337256], [77.81188877249515, 8.767448988986695], [77.81189421176724, 8.76817172836887], [77.81180339885634, 8.76817240477333], [77.81180679853053, 8.768624116900664], [77.81171598550283, 8.76862479332309], [77.8117173453815, 8.768805478177617], [77.81162653229991, 8.76880615459106], [77.81162721222576, 8.768896497027306], [77.81153639912621, 8.768897173422783], [77.8115370790341, 8.768987515868012], [77.81144626589861, 8.768988192254506], [77.81144694579751, 8.769078534699736], [77.81135613263507, 8.769079211068263], [77.81135681251601, 8.769169553522476], [77.81126599932662, 8.769170229882018], [77.8112666791896, 8.769260572345216], [77.81108505273896, 8.769261924992437], [77.81108301328479, 8.768990897557932]]]}, "id": "+939+2971", "properties": {"count": 66, "water": 1}}, {"type": "Feature", "geometry": {"geodesic": false, "type": "Polygon", "coordinates": [[[77.81143933308752, 8.719658451866115], [77.81153013427542, 8.71965777926153], [77.81153148634772, 8.719838464619112], [77.81162228757154, 8.719837791969612], [77.81162296364363, 8.719928134648404], [77.81171376488543, 8.719927461971952], [77.81171444098445, 8.720017804632777], [77.81180524223522, 8.720017131938361], [77.81180456611823, 8.719926789277535], [77.8119861685569, 8.719925443834802], [77.81198954945631, 8.720377157040113], [77.81208035077896, 8.720376484246882], [77.81208102700374, 8.720466826871775], [77.81199022565416, 8.72046749967399], [77.81199090186998, 8.720557842316849], [77.81190010049343, 8.720558515101098], [77.81190077669127, 8.720648857743956], [77.81180997528779, 8.720649530519223], [77.81180929911689, 8.72055918786738], [77.81171849773136, 8.720559860606713], [77.81171579320048, 8.720198489963412], [77.81162499189581, 8.720199162648846], [77.81162431580576, 8.72010881998802], [77.81153351451904, 8.720109492646506], [77.81153216240183, 8.719928807288921], [77.81144136114207, 8.719929479920458], [77.81143933308752, 8.719658451866115]]]}, "id": "+939+3500", "properties": {"count": 31, "water": 1}}, {"type": "Feature", "geometry": {"geodesic": false, "type": "MultiPolygon", "coordinates": [[[[77.81144838784508, 8.708726311597346], [77.81153918639193, 8.708725639828193], [77.81153986156569, 8.7088159825519], [77.8116306601305, 8.7088153107558], [77.81163268576859, 8.709086338917938], [77.81172348439628, 8.709085667076922], [77.81172415964191, 8.709176009791646], [77.81181495827859, 8.709175337914695], [77.81181630884173, 8.709356023326178], [77.81163471146955, 8.709357367080077], [77.8116340362329, 8.70926702435637], [77.81154323756029, 8.709267696197388], [77.81154121194017, 8.708996668017283], [77.81145041333043, 8.708997339804402], [77.81144973815667, 8.708906997071711], [77.81135893955593, 8.70890766883188], [77.81135826441809, 8.708817326090207], [77.81144906300086, 8.708816654330038], [77.81144838784508, 8.708726311597346]]], [[[77.81144838784508, 8.708726311597346], [77.81135758928924, 8.708726983348532], [77.81135691416038, 8.708636640606858], [77.81126611562252, 8.708637312322113], [77.81126409035275, 8.708366284070141], [77.81144568730271, 8.708364940648618], [77.81144501218284, 8.708274597906943], [77.81153581062189, 8.708273926173723], [77.81153446036419, 8.708093240708342], [77.81162525875833, 8.708092568957156], [77.81162660906095, 8.708273254413553], [77.81171740749102, 8.708272582635418], [77.81171808266478, 8.708362925350142], [77.81180888111281, 8.708362253545058], [77.81181158200552, 8.708723624377006], [77.81162998493876, 8.708724968032092], [77.81162930974703, 8.708634625308385], [77.81153851122714, 8.708635297095503], [77.81153783606236, 8.708544954362813], [77.81144703756041, 8.708545626122982], [77.81144838784508, 8.708726311597346]]]]}, "id": "+941+3628", "properties": {"count": 39, "water": 1}}, {"type": "Feature", "geometry": {"geodesic": false, "type": "Polygon", "coordinates": [[[77.8116947054019, 8.753717610257713], [77.81178551480939, 8.75371693498513], [77.81178483604235, 8.753626592486], [77.81187564542289, 8.753625917195453], [77.81187496663789, 8.753535574705307], [77.81196577599147, 8.753534899405775], [77.8119650971885, 8.753444556924613], [77.8121467158328, 8.753443206262668], [77.81215486242952, 8.75452731587492], [77.81206405285137, 8.754527991300215], [77.81206473175314, 8.754618333772395], [77.81197392214803, 8.754619009179724], [77.81197460104082, 8.754709351660887], [77.81170217210871, 8.754711377775077], [77.81169742047001, 8.754078980272194], [77.81178822996733, 8.754078304972662], [77.81178755116437, 8.753987962473532], [77.811696741694, 8.753988637764081], [77.8116947054019, 8.753717610257713]]]}, "id": "+943+3126", "properties": {"count": 60, "water": 1}}, {"type": "Feature", "geometry": {"geodesic": false, "type": "MultiPolygon", "coordinates": [[[[77.81202222282711, 8.712607016062679], [77.81193142338195, 8.712607688245056], [77.81193074781292, 8.712517345566265], [77.81202154724012, 8.71251667339287], [77.81202222282711, 8.712607016062679]]], [[[77.8134925899554, 8.714945164594846], [77.81340179006108, 8.71494583730723], [77.81340111395306, 8.714855494754204], [77.81349191382941, 8.71485482204182], [77.8134925899554, 8.714945164594846]]], [[[77.8134925899554, 8.714945164594846], [77.81367418973505, 8.714943819098215], [77.81367283739326, 8.714763134028091], [77.81349123771241, 8.714764479497775], [77.81348988549638, 8.71458379439172], [77.81312668620656, 8.714586485007692], [77.81312601019735, 8.714496142427715], [77.81321681001083, 8.714495469814146], [77.81321545796548, 8.714314784672158], [77.81312465819693, 8.714315457276744], [77.81312263025016, 8.71404442952783], [77.81303183054449, 8.7140451020875], [77.81303115459818, 8.71395475949854], [77.81294035490149, 8.71395543203126], [77.8129396789821, 8.713865089433316], [77.81284887930339, 8.713865761930105], [77.8128475275365, 8.713685076725234], [77.81257512858119, 8.71368709404492], [77.81257377697601, 8.713506408795133], [77.81248297735118, 8.713507081184124], [77.8124789228321, 8.712965025371885], [77.81202492526491, 8.71296838675988], [77.81202222282711, 8.712607016062679], [77.81211302227227, 8.712606343862335], [77.81211167105337, 8.712425658522717], [77.81202087166211, 8.712426330714079], [77.81202019608409, 8.71233598804427], [77.81165699850106, 8.712338676558185], [77.81165632302188, 8.712248333861426], [77.81138392483011, 8.712250350004318], [77.81138460024643, 8.712340692728025], [77.81120300136509, 8.712342036724472], [77.81120435213482, 8.712522722207819], [77.81084115412061, 8.712525410003082], [77.81084047882108, 8.712435067234459], [77.81074967932202, 8.712435739129376], [77.81074900404943, 8.712345396351768], [77.81065820456833, 8.712346068210753], [77.81065685408605, 8.712165382646557], [77.81056605464089, 8.71216605446961], [77.81056537943118, 8.712075711683019], [77.81047458000398, 8.71207638347912], [77.81047390482124, 8.711986040683549], [77.8106555036397, 8.711984697082361], [77.81065617885838, 8.71207503986895], [77.81074697828558, 8.712074368027933], [77.81074630303995, 8.711984025250326], [77.81083710243121, 8.711983353400326], [77.81083575192199, 8.711802667854096], [77.81101735059671, 8.711801324118161], [77.81101667531514, 8.71171098135852], [77.81174306954695, 8.711705605579349], [77.8117437449992, 8.711795948276107], [77.81201614278672, 8.711793931980502], [77.81201546726261, 8.711703589301711], [77.8121062664832, 8.71170291716425], [77.8121022133565, 8.71116086112743], [77.81201141426168, 8.711161533219977], [77.81201073879147, 8.711071190541185], [77.81182914062877, 8.711072534645428], [77.81182711437984, 8.710801506555155], [77.8117363153479, 8.710802178548887], [77.8117356399765, 8.710711835852129], [77.81164484096253, 8.71071250781891], [77.8116441656091, 8.710622165104185], [77.81173496460511, 8.710621493146387], [77.81173428923371, 8.710531150440646], [77.81182508820277, 8.710530478455897], [77.81182373745098, 8.710349793062381], [77.8116421396027, 8.710351136968995], [77.8116414642852, 8.710260794254271], [77.81182306208858, 8.71025945035664], [77.81182171138171, 8.71007876495414], [77.81173091252045, 8.710079436902957], [77.81172888658593, 8.709808408767767], [77.81181968537531, 8.7098077368459], [77.81181901004884, 8.709717394149141], [77.81200060756474, 8.70971605025151], [77.81200128292716, 8.709806392939285], [77.81209208169858, 8.709805720954538], [77.8120934324863, 8.709986406321104], [77.81218423129366, 8.709985734300423], [77.81218490671895, 8.710076076970232], [77.81227570554428, 8.710075404922602], [77.81227638099652, 8.710165747583426], [77.81236717983083, 8.710165075508847], [77.81236853081617, 8.710345760821514], [77.81245932968642, 8.710345088702018], [77.81246068073463, 8.710525774005704], [77.8125514796408, 8.71052510185926], [77.81255283076987, 8.710705787135995], [77.81264362971199, 8.710705114953617], [77.81264498091292, 8.710885800221368], [77.81273577989096, 8.710885127994075], [77.81273780681363, 8.711156155877736], [77.81282860584558, 8.711155483605527], [77.81283063289402, 8.71142651146224], [77.81292143198884, 8.711425839154098], [77.81292345917203, 8.711696866974878], [77.81301425832073, 8.711696194630804], [77.81301628563868, 8.711967222424633], [77.81310708484129, 8.711966550035644], [77.81310843646443, 8.712147235213564], [77.81319923571198, 8.712146562788641], [77.81320058740698, 8.712327247957578], [77.81329138669045, 8.71232657548774], [77.81329341434974, 8.712597603218688], [77.8133842136871, 8.712596930703933], [77.81338691742747, 8.712958300969943], [77.81347771684568, 8.712957628419256], [77.81347974479243, 8.713228656087322], [77.81357054426455, 8.71322798349172], [77.8135718963099, 8.71340866858879], [77.81366269582693, 8.713407995948273], [77.81366404793516, 8.713588681036361], [77.81375484748813, 8.713588008359912], [77.8137561996772, 8.713768693430033], [77.81384699925712, 8.71376802071765], [77.81384767539208, 8.713858363243729], [77.81393847498995, 8.713857690504396], [77.8139405034757, 8.714128718064662], [77.81403130313646, 8.714128045280415], [77.81403400797277, 8.714489415321845], [77.81394320823115, 8.71449008812406], [77.81394388443799, 8.714580430641155], [77.81385308466045, 8.714581103434387], [77.8138537608583, 8.714671445960466], [77.8137629610538, 8.71467211873573], [77.81376431341357, 8.714852803796871], [77.81385511326297, 8.714852130994656], [77.81385443705614, 8.71476178847756], [77.81394523686961, 8.714761115666361], [77.8139459131034, 8.714851458183457], [77.81403671293484, 8.714850785345309], [77.81403738919556, 8.714941127853422], [77.81394658933718, 8.714941800700553], [77.81394794183169, 8.715122485716776], [77.81403874172601, 8.715121812860662], [77.81404009429238, 8.715302497867903], [77.81394929435314, 8.715303170741983], [77.81394861809241, 8.71521282823387], [77.8137670182319, 8.715214173901183], [77.8137663420161, 8.715123831375106], [77.81367554209481, 8.715124504168337], [77.81367486590595, 8.715034161633275], [77.81349326609036, 8.715035507138891], [77.8134925899554, 8.714945164594846]], [[77.81348988549638, 8.71458379439172], [77.81348920939735, 8.714493451847675], [77.8135800091749, 8.714492779144274], [77.81358068530088, 8.71458312168832], [77.81348988549638, 8.71458379439172]]]]}, "id": "+945+3610", "properties": {"count": 669, "water": 1}}, {"type": "Feature", "geometry": {"geodesic": false, "type": "Polygon", "coordinates": [[[77.81159254522385, 8.764289032096007], [77.8116833572095, 8.764288356041892], [77.811682677625, 8.764198013587679], [77.81186430152442, 8.764196661416564], [77.81186090353009, 8.76374494920838], [77.81177009168817, 8.763745625262498], [77.81176737351188, 8.763384255454628], [77.81185818526397, 8.763383579427462], [77.81185750571541, 8.763293236982232], [77.8120391291477, 8.763291884873999], [77.8120377699877, 8.763111200010488], [77.81212858164994, 8.763110523929422], [77.81212586332094, 8.762749154229352], [77.81221667488438, 8.762748478157269], [77.8122159952999, 8.762658135738988], [77.81230680683638, 8.762657459657923], [77.81230476806493, 8.762386432412065], [77.81248639098519, 8.762385080222984], [77.8124925079104, 8.763198161816826], [77.81240169625714, 8.763198837987725], [77.81240441499038, 8.763560207597964], [77.8123136032383, 8.76356088376886], [77.81231564230619, 8.763831910996752], [77.81222483048224, 8.76383258716765], [77.8122309478656, 8.764645668887256], [77.81214013583504, 8.76464634510307], [77.81214285477489, 8.765007714767208], [77.8122336668863, 8.765007038524447], [77.81224114481306, 8.766000804990782], [77.81233195715804, 8.766000128649205], [77.81233603652453, 8.766542183015156], [77.8122452240448, 8.76654285940165], [77.8122459039437, 8.766633201801964], [77.81215509143703, 8.76663387817049], [77.81215713110682, 8.7669049053894], [77.81206631852828, 8.76690558176691], [77.81206563865632, 8.76681523934863], [77.81197482608677, 8.766815915690206], [77.81197278656971, 8.766544888426381], [77.8120635990674, 8.766544212111754], [77.8120588402871, 8.765911815192775], [77.81196802794213, 8.765912491462487], [77.81196598864067, 8.76564146418968], [77.81187517634959, 8.765642140414476], [77.81187177777134, 8.765190428242226], [77.81159934118558, 8.765192456692036], [77.81159662271286, 8.764831086857217], [77.81168743482426, 8.764830410758186], [77.81168607559239, 8.764649725858744], [77.81159526351692, 8.764650401939809], [77.81159254522385, 8.764289032096007]], [[77.81168403679399, 8.764378698496104], [77.81177484878862, 8.764378022406055], [77.81177416917717, 8.764287679960825], [77.81186498115383, 8.764287003861794], [77.81186634041266, 8.76446768874327], [77.81168471638748, 8.764469040950317], [77.81168403679399, 8.764378698496104]]]}, "id": "+946+3027", "properties": {"count": 211, "water": 1}}, {"type": "Feature", "geometry": {"geodesic": false, "type": "Polygon", "coordinates": [[[77.81207291280924, 8.719382715256279], [77.81216371388037, 8.719382042516946], [77.81216303771845, 8.719291699892054], [77.81225383876262, 8.719291027134753], [77.8122545149425, 8.719381369759647], [77.81234531600462, 8.71938069698438], [77.81234599221146, 8.719471039600291], [77.81243679328257, 8.719470366789093], [77.81243746951635, 8.719560709396019], [77.81252827060543, 8.719560036566854], [77.81253097572021, 8.719921406967611], [77.8124401745413, 8.719922079832708], [77.81244085082, 8.720012422439634], [77.81225924839929, 8.72001376811593], [77.81225721973388, 8.719742740250235], [77.81234802087687, 8.71974206744802], [77.81234734465207, 8.71965172483211], [77.81225654352706, 8.719652397634325], [77.81225586732022, 8.719562055009433], [77.81216506621317, 8.719562727784698], [77.81216439004228, 8.719472385150823], [77.81207358894422, 8.719473057890156], [77.81207291280924, 8.719382715256279]]]}, "id": "+947+3504", "properties": {"count": 20, "water": 1}}, {"type": "Feature", "geometry": {"geodesic": false, "type": "Polygon", "coordinates": [[[77.81136813856494, 8.722279062344308], [77.81145894039065, 8.722278389551077], [77.81145961661544, 8.722368732229869], [77.8116412202938, 8.72236738657154], [77.81164054402407, 8.722277043910713], [77.81154974221634, 8.722277716739878], [77.81154906597358, 8.722187374079052], [77.81163986777233, 8.722186701249887], [77.81163919152058, 8.722096358598046], [77.81182079503724, 8.722095012894801], [77.8118214713339, 8.72218535553766], [77.81200307485953, 8.7221840097356], [77.8120037512101, 8.722274352360493], [77.8120945529819, 8.72227367942353], [77.8120952293594, 8.722364022048424], [77.81227683293893, 8.722362676084666], [77.81227750936137, 8.722453018691594], [77.81245911294988, 8.722451672629022], [77.81246046591151, 8.722632357815925], [77.81264206956291, 8.722631011636574], [77.81264071651145, 8.72245032647662], [77.81254991473965, 8.722450999566295], [77.81254856176005, 8.722270314388375], [77.81263936349592, 8.722269641316664], [77.81263598106938, 8.72181792841678], [77.81272678268847, 8.721817255354054], [77.81272745918277, 8.721907597934031], [77.8129090624389, 8.721906251736712], [77.8129097389781, 8.721996594298723], [77.81300054061516, 8.721995921164131], [77.81300189376545, 8.722176606270185], [77.81318349711141, 8.722175259902187], [77.81318891035033, 8.72289800019166], [77.81309810850667, 8.722898673443034], [77.81310352204203, 8.723621413759458], [77.81319432405637, 8.723620740445202], [77.81319567755699, 8.723801425506341], [77.81328647960727, 8.723800752165138], [77.81328783317976, 8.72398143720831], [77.81337863526598, 8.723980763831173], [77.81337931208365, 8.72407110634827], [77.81347011418784, 8.7240704329352], [77.81347146789507, 8.724251117951423], [77.81356227003518, 8.72425044450242], [77.81356294691575, 8.72434078700155], [77.81365374907382, 8.72434011353458], [77.81365510290682, 8.724520798514872], [77.81374590509185, 8.724520125002988], [77.8137486129375, 8.724881494936621], [77.81383941520338, 8.72488082137982], [77.81384076921604, 8.72506150632418], [77.81393157151786, 8.725060832731447], [77.81393360265362, 8.725331860130018], [77.81402440501832, 8.725331186492369], [77.8140250820965, 8.725421528946583], [77.81411588447916, 8.725420855281985], [77.81411723869844, 8.725601540181428], [77.81402643627985, 8.725602213863992], [77.814027113385, 8.725692556318204], [77.81393631093047, 8.725693229982802], [77.81393834221896, 8.725964257363408], [77.81402914473637, 8.725963583680844], [77.81402982186846, 8.726053926135057], [77.81412062439485, 8.726053252416559], [77.81412130155388, 8.726143594861789], [77.81421210409825, 8.726142921125327], [77.81421616734895, 8.72668497575179], [77.81430697001906, 8.726684301943461], [77.81430832453478, 8.726864986797988], [77.81421752181976, 8.7268656606153], [77.81421684457986, 8.726775318179053], [77.81412604188279, 8.726775991978398], [77.81412671910472, 8.726866334414645], [77.81403591637172, 8.726867008196024], [77.81403794801055, 8.727138035540696], [77.81394714520569, 8.727138709322075], [77.81394917684452, 8.727409736684713], [77.81367676820535, 8.727411757956984], [77.81367473676414, 8.72714073052248], [77.81358393394132, 8.727141404214029], [77.81358461105545, 8.727231746704174], [77.81313059668977, 8.727235114865467], [77.81312991968343, 8.727144772348371], [77.8130391168067, 8.727145445914154], [77.81303776285694, 8.726964760861998], [77.81312856568874, 8.726964087314181], [77.81312788870038, 8.726873744788103], [77.81321869150524, 8.726873071231303], [77.81321801449891, 8.726782728714207], [77.81330881727682, 8.726782055139441], [77.8133074632462, 8.726601370123218], [77.8133982659702, 8.72660069653947], [77.81339623492427, 8.726329669042082], [77.81330543227212, 8.726330342598882], [77.81330407831337, 8.726149657582658], [77.81339488092958, 8.726148984034841], [77.81339352696183, 8.7259682990276], [77.81330272439952, 8.725968972566434], [77.81330204744708, 8.72587863004934], [77.81321124489375, 8.725879303561225], [77.81321056796827, 8.725788961035146], [77.81293816033521, 8.725790981409101], [77.81293545298362, 8.725429611241907], [77.81320786036515, 8.725427590957782], [77.8132071834756, 8.725337248440688], [77.81311638104803, 8.725337921880707], [77.81311570419442, 8.725247579354628], [77.81284329692068, 8.725249599521971], [77.81284262013892, 8.725159256977928], [77.81266101530176, 8.725160603633388], [77.8126603385739, 8.725070261071377], [77.81256953616429, 8.725070934358682], [77.8125688594634, 8.724980591787688], [77.81220564984294, 8.724983284703347], [77.81220497323187, 8.724892942105404], [77.81211417083125, 8.724893615275928], [77.81211281768097, 8.724712930053093], [77.81202201531627, 8.724713603187684], [77.81202133877707, 8.724623260571775], [77.81211214111481, 8.724622587446166], [77.81211078800945, 8.72444190222333], [77.81201998570764, 8.724442575330972], [77.8120193091864, 8.724352232715063], [77.81192850690256, 8.724352905795755], [77.81192715392297, 8.72417222054597], [77.81183635167505, 8.72417289359073], [77.81183364589552, 8.723811523055225], [77.81174284372845, 8.723812196046087], [77.81173946177803, 8.723360482831792], [77.81164865970979, 8.723361155768753], [77.81164730702663, 8.723180470465069], [77.81173810904995, 8.72317979753709], [77.81173675634884, 8.722999112251372], [77.81182755831827, 8.72299843931441], [77.81182620560816, 8.722817754037674], [77.81173540367466, 8.72281842695667], [77.81173472735105, 8.722728084304828], [77.81164392543552, 8.722728757196874], [77.81164324913885, 8.72263841453605], [77.81173405103642, 8.722637741652985], [77.8117333747218, 8.722547399010127], [77.81182417658343, 8.722546726109096], [77.81182282394519, 8.722366040823378], [77.81173202211949, 8.722366713706442], [77.81173269841615, 8.722457056358284], [77.81146029284922, 8.722459074899676], [77.81146232158649, 8.722730102909102], [77.81137151964401, 8.722730775729284], [77.81136813856494, 8.722279062344308]], [[77.8120172796676, 8.72408120485835], [77.81228968628555, 8.724079185544406], [77.812291716002, 8.724350213338235], [77.81211011147025, 8.72435155960742], [77.81210943493103, 8.724261217000493], [77.81201863267414, 8.724261890099152], [77.8120172796676, 8.72408120485835]], [[77.8123791353203, 8.723897827213927], [77.8124699374604, 8.723897154061369], [77.81247061405352, 8.723987496641346], [77.8125614162116, 8.72398682346184], [77.81256209283166, 8.724077166041816], [77.81238048847058, 8.724078512400832], [77.8123791353203, 8.723897827213927]], [[77.81339894299451, 8.726691039038597], [77.81348974573649, 8.726690365427899], [77.81349042279672, 8.726780707918044], [77.8135812255387, 8.726780034280395], [77.81358190262588, 8.726870376761559], [77.81367270539481, 8.72686970309696], [77.81367405963205, 8.727050388050301], [77.81358325682719, 8.727051061732865], [77.81358257972204, 8.726960719251704], [77.81349177693515, 8.726961392907318], [77.81349109985695, 8.726871050417172], [77.81340029707904, 8.726871724036855], [77.81339894299451, 8.726691039038597]], [[77.81376418528686, 8.726959371877593], [77.81385498805578, 8.726958698150112], [77.81385566522381, 8.727049040613307], [77.81376486243691, 8.727049714340788], [77.81376418528686, 8.726959371877593]]]}, "id": "+952+3476", "properties": {"count": 757, "water": 1}}, {"type": "Feature", "geometry": {"geodesic": false, "type": "MultiPolygon", "coordinates": [[[[77.73475753644821, 8.776508770484195], [77.73484835733618, 8.776508111983158], [77.7348476953856, 8.776417763671931], [77.73493851623762, 8.776417105152928], [77.73493719230954, 8.77623640855742], [77.73511883391475, 8.776235091483484], [77.7351194959282, 8.776325439767763], [77.73521031674429, 8.77632478118588], [77.73520766866355, 8.775963388075711], [77.73529848938082, 8.77596272950281], [77.73529782735838, 8.775872381227515], [77.7353886480577, 8.77587172264563], [77.73538931009809, 8.775962070911943], [77.73548013080638, 8.775961412294127], [77.73548079288271, 8.776051760551455], [77.73538997215645, 8.776052419169273], [77.73539129628216, 8.7762331157019], [77.73548211705334, 8.776232457066115], [77.73548145496802, 8.776142108808786], [77.73557227571224, 8.776141450155036], [77.73557359993677, 8.77632214665173], [77.73548277914763, 8.776322805323446], [77.7354834412509, 8.776413153580775], [77.73521097878469, 8.776415129461174], [77.73521230287447, 8.776595826011766], [77.7351214819955, 8.776596484611616], [77.73512214402692, 8.776686832895896], [77.735031323121, 8.77668749147778], [77.73503066110756, 8.776597143193502], [77.7348490193047, 8.776598460285404], [77.73484968127323, 8.77668880858765], [77.73475886034036, 8.776689467106653], [77.73475753644821, 8.776508770484195]]], [[[77.73475753644821, 8.776508770484195], [77.73466671555128, 8.776509428967264], [77.73466605363666, 8.776419080647052], [77.73475687451563, 8.776418422172966], [77.73475753644821, 8.776508770484195]]]]}, "id": "+96+2884", "properties": {"count": 33, "water": 1}}, {"type": "Feature", "geometry": {"geodesic": false, "type": "MultiPolygon", "coordinates": [[[[77.81272001816777, 8.720913829581232], [77.8127206945902, 8.721004172161209], [77.81262989316873, 8.72100484515207], [77.81262921677326, 8.72091450256311], [77.81272001816777, 8.720913829581232]]], [[[77.81272001816777, 8.720913829581232], [77.81271934176331, 8.720823487001255], [77.81262854037779, 8.720824159983133], [77.81262651125424, 8.720553132216253], [77.8127173125679, 8.72055245925234], [77.8127146070848, 8.720191088923448], [77.81289620951449, 8.720189742995625], [77.81289553311004, 8.720099400424631], [77.81307713546786, 8.720098054433926], [77.81307645903645, 8.720007711871915], [77.81325806132241, 8.72000636580036], [77.81325738484608, 8.719916023265299], [77.81334818596211, 8.719915350202571], [77.81334615653314, 8.719644322588405], [77.81343695756833, 8.719643649534662], [77.81344169315413, 8.720276047235174], [77.81353249434203, 8.720275374100583], [77.81353317089919, 8.720365716617678], [77.81344236970232, 8.720366389761253], [77.81344439936485, 8.720637417339487], [77.8132627968094, 8.720638763590705], [77.81326414986985, 8.720819448669811], [77.81299174584802, 8.720821467929856], [77.81299242232434, 8.720911810491867], [77.81272001816777, 8.720913829581232]]]]}, "id": "+960+3500", "properties": {"count": 75, "water": 1}}, {"type": "Feature", "geometry": {"geodesic": false, "type": "Polygon", "coordinates": [[[77.81581417773089, 8.746007438275395], [77.81590498495547, 8.746006762607555], [77.81590430579318, 8.745916420386903], [77.81608592017047, 8.745915068997324], [77.81608456179198, 8.745734384600937], [77.81617536892674, 8.74573370888818], [77.81617468972851, 8.745643366694479], [77.81626549682733, 8.745642690963756], [77.81626481761114, 8.745552348779038], [77.816355624683, 8.745551673030349], [77.81635630392613, 8.745642015215067], [77.81644711100698, 8.745641339439427], [77.81644982811427, 8.746002708124403], [77.81635902093461, 8.74600338392699], [77.81635970021368, 8.746093726102725], [77.81626889300706, 8.746094401887348], [77.81627093079936, 8.746365428441502], [77.81618012352088, 8.746366104226125], [77.81618148204309, 8.746546788604544], [77.8160906747197, 8.746547464380184], [77.81609135397181, 8.746637806573885], [77.8160005466125, 8.74663848234054], [77.81600190508978, 8.74681916674591], [77.81591109768554, 8.746819842494599], [77.81591041846038, 8.746729500291915], [77.81581961106512, 8.746730176013655], [77.81581825268665, 8.746549491581336], [77.81590906003699, 8.746548815868579], [77.81590838083876, 8.746458473656912], [77.81581757351537, 8.746459149369668], [77.81581689434411, 8.746368807149016], [77.81590770164954, 8.746368131454226], [77.81590634328903, 8.746187447030891], [77.81581553601953, 8.746188122716697], [77.81581417773089, 8.746007438275395]]]}, "id": "+990+3213", "properties": {"count": 50, "water": 1}}, {"type": "Feature", "geometry": {"geodesic": false, "type": "Polygon", "coordinates": [[[77.81622673606792, 8.716280108079955], [77.81631753607003, 8.71627943459502], [77.81631212098956, 8.715556696003363], [77.81640292080304, 8.715556022545377], [77.81640630528672, 8.716007734133722], [77.816497105208, 8.716007060621838], [77.81649845909489, 8.71618774523382], [77.81658925904311, 8.716187071686003], [77.81659602913336, 8.717090494665063], [77.81650522896057, 8.717091168293729], [77.81650590598487, 8.717181510595228], [77.81641510578511, 8.717182184196943], [77.81641442877878, 8.717091841886461], [77.816323628597, 8.717092515461228], [77.81632295161762, 8.717002173150746], [77.81623215144482, 8.717002846698563], [77.81623147450138, 8.716912504370113], [77.81632227464722, 8.716911830831279], [77.81632024378993, 8.716640803872883], [77.81622944369798, 8.71664147739375], [77.81622876678148, 8.716551135065302], [77.81631956684649, 8.716550461553418], [77.81631888991201, 8.716460119233952], [77.81622808987396, 8.716460792736852], [77.81622673606792, 8.716280108079955]]]}, "id": "+993+3545", "properties": {"count": 44, "water": 1}}, {"type": "Feature", "geometry": {"geodesic": false, "type": "Polygon", "coordinates": [[[77.81679264934645, 8.767412433851822], [77.81688346168244, 8.767411756306501], [77.81688278059777, 8.767321414274496], [77.81715521748895, 8.76731938153074], [77.81715589863651, 8.767409723544779], [77.81733752323662, 8.76740836825651], [77.81733888563954, 8.767589052248653], [77.81724807329458, 8.767589729919738], [77.81724943568852, 8.767770413929847], [77.81734024806943, 8.76776973624978], [77.81734161052624, 8.767950420241926], [77.81743242295207, 8.767949742516942], [77.81743514804538, 8.768311110474281], [77.8173443355387, 8.76831178821723], [77.81734297301901, 8.768131104234069], [77.81725216054826, 8.768131781941086], [77.81725011688998, 8.767860755934903], [77.81715930447314, 8.767861433597004], [77.81715794211513, 8.76768074957791], [77.81706712974321, 8.767681427213061], [77.81706644859565, 8.76759108519004], [77.81697563623271, 8.767591762798242], [77.8169749551121, 8.767501420766237], [77.81688414276712, 8.76750209834749], [77.81688482386079, 8.767592440379495], [77.81679401147989, 8.767593117933798], [77.81679264934645, 8.767412433851822]]]}, "id": "+997+2972", "properties": {"count": 26, "water": 1}}]}