{"type": "FeatureCollection", "columns": {"count": "Long<0, 4294967295>", "system:index": "String", "water": "Byte<0, 1>"}, "features": [{"type": "Feature", "geometry": {"geodesic": false, "type": "Polygon", "coordinates": [[[77.39194674376441, 10.010814165899303], [77.3920379113841, 10.010813509697954], [77.39203658733923, 10.010632776945256], [77.39212775490502, 10.010632120734925], [77.39212709286461, 10.010541754367559], [77.39276526547476, 10.0105371602215], [77.39276592769482, 10.010627526552932], [77.3930394302215, 10.010625557239218], [77.39304141713322, 10.010896656161652], [77.39313258470798, 10.010895999654876], [77.39313589648202, 10.011347831159327], [77.39268005792546, 10.011351113585409], [77.39267674678024, 10.010899281937228], [77.39240324394814, 10.010901250999414], [77.39240390608735, 10.010991617348813], [77.39194806778232, 10.010994898660984], [77.39194674376441, 10.010814165899303]]]}, "id": "+6233+9246", "properties": {"count": 71, "water": 1}}, {"type": "Feature", "geometry": {"geodesic": false, "type": "Polygon", "coordinates": [[[77.393502554654, 10.011616303587534], [77.39359372239944, 10.011615646910078], [77.39359239738441, 10.011434914372977], [77.39368356506697, 10.011434257686536], [77.39368290254149, 10.011343891417987], [77.39413874075669, 10.011340607617482], [77.39413940340793, 10.0114309738501], [77.39441290632986, 10.011429003251795], [77.39441356906197, 10.011519369466447], [77.3947782396485, 10.011516741633729], [77.3947789024884, 10.011607107821431], [77.39487007014401, 10.011606450793632], [77.39486940727717, 10.011516084614913], [77.39514291012723, 10.01151411339677], [77.39514423601365, 10.01169484572726], [77.39505306835802, 10.011695502835906], [77.39505373127878, 10.011785869005642], [77.3948713958867, 10.011787183160056], [77.39487205877151, 10.011877549338775], [77.39432505229883, 10.011881491236073], [77.39432438956672, 10.011791125021421], [77.39405088631241, 10.011793095619726], [77.39405154897266, 10.011883461852346], [77.39359570997591, 10.011886745706748], [77.39359504744145, 10.011796379447182], [77.39350387965108, 10.01179703613362], [77.393502554654, 10.011616303587534]]]}, "id": "+6248+9237", "properties": {"count": 76, "water": 1}}, {"type": "Feature", "geometry": {"geodesic": false, "type": "MultiPolygon", "coordinates": [[[[77.40088785855848, 9.961949515026065], [77.4008885197365, 9.962039881070037], [77.40079736628324, 9.962040536525784], [77.40079670513218, 9.961950170463846], [77.40088785855848, 9.961949515026065]]], [[[77.40097835079779, 9.961858493508378], [77.40097768961078, 9.961768127464406], [77.40106884297421, 9.961767471972728], [77.40106685938626, 9.961496373858777], [77.40115801266883, 9.961495718367097], [77.40115735145488, 9.961405352332108], [77.40124850471051, 9.961404696822461], [77.40124718226464, 9.961223964761466], [77.40133833545738, 9.961223309233855], [77.40133767421649, 9.961132943207849], [77.40142882738228, 9.961132287671253], [77.40142750487354, 9.960951555628224], [77.40151865797644, 9.960950900082645], [77.40151733544074, 9.9607701680486], [77.40160848849874, 9.960769512485054], [77.40160782721293, 9.960679146477014], [77.40169898023498, 9.96067849088652], [77.40169831893121, 9.960588124887463], [77.40178947191734, 9.960587469279004], [77.40178881059559, 9.960497103279947], [77.40187996355476, 9.960496447662504], [77.40187930221505, 9.96040608167243], [77.40206160806154, 9.960404770365678], [77.40206028530127, 9.960224038394513], [77.40196913243193, 9.96022469404789], [77.40196780974352, 9.960043962076726], [77.40205896256795, 9.960043306432333], [77.4020583012013, 9.959952940451242], [77.40214945399877, 9.959952284788884], [77.40215143817062, 9.96022338272317], [77.40224259103098, 9.960222727015895], [77.40224722115457, 9.960855288793695], [77.40215606812353, 9.960855944536902], [77.40215672957103, 9.96094631050901], [77.40206557650406, 9.960946966243235], [77.40206623793361, 9.961037332215342], [77.40197508483968, 9.961037987922618], [77.40197574625125, 9.961128353912692], [77.4018845931214, 9.961129009602], [77.40188525451501, 9.96121937558309], [77.40179410134922, 9.961220031254433], [77.40179476272486, 9.96131039725349], [77.40161245633938, 9.961311708533293], [77.40161311766113, 9.96140207453235], [77.40152196443246, 9.96140273014081], [77.40152262574522, 9.961493096157833], [77.40143147248959, 9.961493751748327], [77.40143213377542, 9.96158411776535], [77.40134098048385, 9.961584773328894], [77.40134164176068, 9.9616751393549], [77.40125048843319, 9.961675794909462], [77.40125114969206, 9.961766160935468], [77.40115999633763, 9.961766816472064], [77.40116065756953, 9.96185718249807], [77.40097835079779, 9.961858493508378]], [[77.40161047238313, 9.961040610509174], [77.40179277862488, 9.961039299265304], [77.40179343998255, 9.961129665264359], [77.4016111336959, 9.961130976517213], [77.40161047238313, 9.961040610509174]], [[77.40197243926524, 9.960676523989273], [77.40197310064987, 9.960766889970364], [77.40188194761882, 9.960767545641707], [77.40188260898547, 9.96085791163178], [77.4017914559275, 9.960858567276173], [77.4017921172672, 9.96094893327523], [77.40170096418225, 9.960949588901656], [77.40169964153877, 9.96076885689456], [77.40179079457879, 9.960768201277116], [77.40179013324806, 9.96067783527806], [77.40197243926524, 9.960676523989273]], [[77.40206293085775, 9.960585502327858], [77.40206226945516, 9.960495136346767], [77.40215342239637, 9.960494480648475], [77.40215408381692, 9.960584846620582], [77.40206293085775, 9.960585502327858]], [[77.40197243926524, 9.960676523989273], [77.4019717778806, 9.9605861579992], [77.40206293085775, 9.960585502327858], [77.40206359226035, 9.960675868299964], [77.40197243926524, 9.960676523989273]]], [[[77.40097835079779, 9.961858493508378], [77.40097901198479, 9.96194885955235], [77.40088785855848, 9.961949515026065], [77.40088719739843, 9.96185914897311], [77.40097835079779, 9.961858493508378]]]]}, "id": "+6340+9805", "properties": {"count": 83, "water": 1}}, {"type": "Feature", "geometry": {"geodesic": false, "type": "Polygon", "coordinates": [[[77.40171161497658, 10.012099296948508], [77.40180278229981, 10.01209863798933], [77.40180211748363, 10.012008272268751], [77.40244028842291, 10.012003658889762], [77.40243962343604, 10.011913293205115], [77.40298662670173, 10.011909337940885], [77.40298596157113, 10.011818972301155], [77.40344179732494, 10.01181567559186], [77.40344246258131, 10.011906041204641], [77.40362479689541, 10.011904722334073], [77.40362546220568, 10.011995087928888], [77.40380779653775, 10.011993768950523], [77.4038084619109, 10.012084134536355], [77.4038996290904, 10.012083475002257], [77.4039002944905, 10.012173840579104], [77.40399146168798, 10.012173181018056], [77.40399345800505, 10.012444277730635], [77.4040846252744, 10.012443618124673], [77.40408529075533, 10.012533983683554], [77.40399412345904, 10.012534643298501], [77.40399611984799, 10.01280574001108], [77.40390495247084, 10.012806399617043], [77.40390561792485, 10.012896765193892], [77.40381445052076, 10.012897424781888], [77.40381578138383, 10.01307815594457], [77.40372461392585, 10.013078815523583], [77.4037252793439, 10.013169181109415], [77.4035429443381, 10.013170500195578], [77.40354161360978, 10.012989769005948], [77.40345044615178, 10.012990428495131], [77.40344978081457, 10.012900062891333], [77.40326744593453, 10.012901381797834], [77.40326611538586, 10.012720650563288], [77.40317494798178, 10.01272130996264], [77.40317428274338, 10.012630944340875], [77.40308311536624, 10.012631603713277], [77.40308245015478, 10.01254123808253], [77.40290011541848, 10.012542556737502], [77.40289945026991, 10.012452191088787], [77.40253478082424, 10.012454828084321], [77.402535445874, 10.012545193751], [77.4024442784699, 10.012545852934757], [77.4024436134471, 10.012455487268078], [77.40207894387567, 10.01245812375157], [77.40207827896066, 10.012367758057941], [77.40180477678432, 10.012369735142084], [77.40180411195017, 10.012279369421504], [77.40171294457302, 10.012280028398648], [77.40171161497658, 10.012099296948508]]]}, "id": "+6350+9231", "properties": {"count": 191, "water": 1}}, {"type": "Feature", "geometry": {"geodesic": false, "type": "Polygon", "coordinates": [[[77.40520135008255, 9.990746650362887], [77.40538367235024, 9.990745333288949], [77.40538300799219, 9.990654967694136], [77.40529184688529, 9.990655626240086], [77.40529118256318, 9.99056526063629], [77.40556466579403, 9.990563284944535], [77.40556400140005, 9.990472919358703], [77.40565516243508, 9.99047226074987], [77.40565582685602, 9.9905626263357], [77.405746987918, 9.990561967690935], [77.40574765236587, 9.990652333267784], [77.40583881344583, 9.990651674596068], [77.405838148971, 9.990561309028202], [77.40602047105004, 9.990559991630871], [77.40602113557877, 9.990650357189754], [77.40611229664076, 9.990649698446173], [77.40611429033476, 9.990920795086886], [77.40620545145961, 9.99092013629839], [77.4062061160602, 9.991010501839305], [77.40611495490839, 9.991011160627803], [77.40611827788443, 9.991462988350348], [77.406209439171, 9.991462329525918], [77.40621010380752, 9.991552695066833], [77.40630126510307, 9.991552036215454], [77.40630325913841, 9.991823132802269], [77.40639442050582, 9.991822473905975], [77.40639574994059, 9.992003204951873], [77.40621342710695, 9.992004522744462], [77.4062140917794, 9.992094888276396], [77.40612293033115, 9.992095547145741], [77.40612425964913, 9.992276278218588], [77.40603309813798, 9.992276937069967], [77.40603243350145, 9.992186571529052], [77.40594127200828, 9.992187230353482], [77.4059406073987, 9.992096864794599], [77.40603176886493, 9.992096205979154], [77.40602977500025, 9.991825109347422], [77.40593861361488, 9.991825768144903], [77.40593794902327, 9.99173540258602], [77.40602911039068, 9.991734743797524], [77.40602445830328, 9.99110218494823], [77.40593329711554, 9.991102843700796], [77.4059326325868, 9.991012478141913], [77.40584147141702, 9.991013136858545], [77.40584080691524, 9.99092277129068], [77.40565848460263, 9.990924088643094], [77.40565782015474, 9.990833723066245], [77.40520201439568, 9.990837015975668], [77.40520135008255, 9.990746650362887]]]}, "id": "+6376+9467", "properties": {"count": 66, "water": 1}}, {"type": "Feature", "geometry": {"geodesic": false, "type": "MultiPolygon", "coordinates": [[[[77.40866488007404, 9.978250523134069], [77.40866554449497, 9.97834088857617], [77.40857438703523, 9.978341547211953], [77.40857372264125, 9.978251181760868], [77.40866488007404, 9.978250523134069]]], [[[77.41449294885496, 9.977395033423134], [77.41449494678001, 9.977666128599594], [77.41431263301936, 9.977667448943398], [77.41431130115916, 9.977486718804798], [77.41440245799906, 9.977486058650863], [77.41440179205098, 9.977395693586054], [77.41449294885496, 9.977395033423134]]], [[[77.40884653046479, 9.97815884035752], [77.40884719492165, 9.978249205790636], [77.40866488007404, 9.978250523134069], [77.40866421566209, 9.978160157682984], [77.40884653046479, 9.97815884035752]]], [[[77.40893702336884, 9.978067816234718], [77.40893768785266, 9.978158181658854], [77.40884653046479, 9.97815884035752], [77.40884586600791, 9.9780684749244], [77.40893702336884, 9.978067816234718]]], [[[77.40911867356195, 9.97797613335037], [77.4091193380817, 9.978066498765523], [77.40893702336884, 9.978067816234718], [77.40893635889401, 9.977977450801601], [77.40911867356195, 9.97797613335037]]], [[[77.40920916633127, 9.977885109173673], [77.40920983087796, 9.977975474588824], [77.40911867356195, 9.97797613335037], [77.40911800903322, 9.97788576793522], [77.40920916633127, 9.977885109173673]]], [[[77.40929965906464, 9.977794084987991], [77.4093003236293, 9.977884450394159], [77.40920916633127, 9.977885109173673], [77.40920850179354, 9.977794743767504], [77.40929965906464, 9.977794084987991]]], [[[77.41449294885496, 9.977395033423134], [77.4144922828979, 9.977304668358327], [77.4144011261119, 9.977305328521245], [77.4144004601818, 9.977214963456436], [77.41412698988668, 9.977216943774515], [77.41412632403743, 9.97712657869174], [77.41394401051932, 9.97712789876605], [77.41394334472396, 9.977037533674292], [77.41385218798288, 9.97703819366653], [77.41385152222345, 9.97694782856579], [77.41376036549136, 9.976948488531079], [77.41376103123281, 9.977038853640803], [77.4135787177147, 9.9770401735085], [77.41357805202715, 9.97694980838081], [77.41348689528606, 9.976950468274234], [77.41348622963443, 9.976860103146544], [77.41339507290233, 9.976860763004035], [77.41339440728665, 9.976770397867362], [77.41293862368902, 9.976773696759563], [77.41293795819908, 9.976683331586957], [77.41275564477081, 9.97668465096058], [77.41275631021583, 9.97677501614217], [77.41239168317064, 9.976777654601957], [77.41239301387202, 9.976958385010052], [77.41202838653936, 9.97696102312848], [77.41202905179573, 9.977051388354985], [77.4119378949199, 9.977052047826202], [77.41193722969048, 9.976961682599697], [77.41166375909891, 9.976963660851649], [77.41166442425647, 9.97705402609612], [77.4114821104509, 9.977055344822958], [77.41148277556354, 9.977145710085395], [77.41139161862482, 9.977146369412882], [77.41139028845345, 9.976965638879022], [77.41129913155964, 9.976966298170575], [77.41129846650091, 9.976875932890172], [77.41120730962508, 9.976876592154776], [77.41120863968865, 9.977057322715584], [77.41102632582022, 9.977058641190892], [77.41102699080709, 9.977149006489263], [77.41066236289052, 9.977151643161402], [77.41066302778756, 9.97724200847774], [77.41038955670193, 9.977243985741545], [77.41039022152711, 9.977334351075848], [77.41020790739815, 9.977335669137933], [77.41020724261789, 9.977245303794646], [77.40993377144241, 9.97724728068116], [77.40993443614182, 9.977337646042413], [77.40984327905039, 9.977338304965656], [77.40984394373184, 9.977428670335891], [77.40975278660449, 9.97742932924117], [77.40975411594043, 9.977610059990624], [77.40966295875018, 9.977610718877937], [77.40966428805918, 9.977791449636374], [77.40929965906464, 9.977794084987991], [77.40929832995327, 9.977613354184637], [77.40938948716149, 9.97761269539614], [77.40938882258784, 9.977522329989972], [77.4094799797691, 9.977521671183508], [77.40947865059485, 9.977340940398122], [77.40966096483162, 9.977339622731296], [77.4096596355855, 9.977158891963875], [77.40975079264997, 9.977158233103513], [77.40975012800446, 9.977067867724294], [77.40984128503301, 9.977067208845966], [77.40983995572402, 9.976886478105493], [77.40993111269867, 9.976885819218182], [77.4099304480262, 9.976795453847947], [77.41002160496492, 9.976794794942668], [77.41002094027449, 9.976704429581416], [77.41011209718626, 9.97670377064919], [77.41011143247786, 9.97661340529692], [77.4102025893537, 9.976612746346726], [77.41020192462733, 9.976522380994457], [77.41056655196897, 9.976519744987069], [77.41056588715279, 9.97642937966175], [77.41111282782387, 9.976425424945493], [77.41111216286394, 9.976335059656105], [77.41165910315775, 9.976331104077465], [77.41165843804511, 9.97624073882401], [77.41266116105619, 9.97623348466758], [77.41266049568304, 9.97614311948599], [77.41293396538528, 9.976141140569284], [77.41293463083927, 9.976231505741891], [77.4132992571209, 9.976228866823963], [77.41329992268268, 9.976319231969619], [77.41357339240288, 9.976317252504941], [77.41357405804553, 9.976407617632631], [77.41375637121328, 9.976406297854766], [77.41375703690983, 9.976496662964491], [77.41393935009556, 9.976495343069844], [77.41394001585498, 9.976585708170585], [77.41403117246132, 9.976585048187328], [77.4140318382477, 9.976675413279088], [77.41421415150528, 9.97667409321376], [77.41421481734555, 9.976764458296534], [77.41439713062111, 9.976763138114427], [77.41439779652427, 9.976853503188218], [77.41467126646904, 9.976851522717428], [77.41467193245305, 9.976941887764271], [77.4149454024158, 9.976939907050934], [77.41494606847166, 9.97703027207981], [77.41512838180111, 9.977028951466512], [77.41512904791986, 9.977119316486403], [77.41531136127627, 9.977117995765306], [77.41531202744892, 9.977208360767234], [77.41549434082329, 9.977207039929356], [77.41549500705882, 9.977297404931281], [77.41567732046015, 9.977296083976622], [77.41567798674957, 9.977386448960583], [77.4157691434637, 9.977385788447322], [77.41576980978009, 9.977476153413315], [77.4159521232443, 9.97747483229696], [77.41595345600281, 9.977655562219963], [77.41604461277983, 9.977654901607886], [77.41604527919503, 9.977745266564899], [77.41622759276703, 9.977743945250912], [77.41622825923612, 9.97783431019894], [77.4163194160401, 9.977833649497033], [77.41632008254511, 9.977924014436077], [77.41650239618, 9.977922692951411], [77.41650306273893, 9.97801305787249], [77.41668537640975, 9.978011736280028], [77.41668604302257, 9.978102101192123], [77.41677719987145, 9.978101440355466], [77.41677786651123, 9.978191805258579], [77.41686902337807, 9.97819114438599], [77.41686969006275, 9.97828150928012], [77.41696084694757, 9.978280848380582], [77.41696151365022, 9.978371213265726], [77.417052670553, 9.97837055233924], [77.41705400404815, 9.978551282100547], [77.41714516099584, 9.978550621129145], [77.41714649455388, 9.97873135088147], [77.41723765154649, 9.978730689874133], [77.41723831836592, 9.978821054741314], [77.4173294753765, 9.978820393707029], [77.41733014222288, 9.978910758565224], [77.41742129925143, 9.97891009750399], [77.41742263301606, 9.9790908272114], [77.41751379008953, 9.97909016610525], [77.41751645778947, 9.979451625493118], [77.41760761496175, 9.979450964342051], [77.41761094985843, 9.979902788534218], [77.41770210714749, 9.979902127320269], [77.41770744351757, 9.980625045952277], [77.41779860100425, 9.980624384675448], [77.41779993520906, 9.980805114310991], [77.41770877767746, 9.980805775605788], [77.41771011186431, 9.980986505259297], [77.41761895426983, 9.98098716654511], [77.41762028842972, 9.981167896207603], [77.41771144606912, 9.981167234903824], [77.41771211318499, 9.981257599735072], [77.41762095551864, 9.981258261029868], [77.41762295682136, 9.981529355514624], [77.41753179908315, 9.98153001680942], [77.41753380035892, 9.981801111312144], [77.41744264253987, 9.981801772597958], [77.41744330961981, 9.981892137438187], [77.41735215176482, 9.981892798706035], [77.41735348589776, 9.982073528395476], [77.41726232798887, 9.982074189654341], [77.41726366209485, 9.982254919352767], [77.41717250412307, 9.982255580593664], [77.41717383821111, 9.982436310301074], [77.41708268018543, 9.982436971532987], [77.41708334721147, 9.982527336391184], [77.41699218914987, 9.982527997605132], [77.41699285615795, 9.98261836247231], [77.41681053997185, 9.982619684837324], [77.41681120693502, 9.982710049713488], [77.41672004881053, 9.982710710864554], [77.41672071575573, 9.982801075740715], [77.41653839943488, 9.982802397979965], [77.41653906633516, 9.982892762874094], [77.4164479081388, 9.982893423962278], [77.41644724126547, 9.98280305906815], [77.41635608308708, 9.982803720120401], [77.41635541624069, 9.982713355217289], [77.41662889067705, 9.98271137198867], [77.41662755685851, 9.982530642209396], [77.4167187149381, 9.982529981094261], [77.41671604727408, 9.982168521562663], [77.41680720525484, 9.982167860447529], [77.41680587140935, 9.981987130686221], [77.41689702932723, 9.981986469562106], [77.4168956954548, 9.981805739809781], [77.41698685331878, 9.98180507867668], [77.41698218479222, 9.981172524579476], [77.4168910271079, 9.981173185676644], [77.4168870259128, 9.98063099639272], [77.4169781834534, 9.980630335331485], [77.41697618286932, 9.980359240702997], [77.41688502540958, 9.980359901746265], [77.41688302495128, 9.980088807090828], [77.4167918675634, 9.980089468089181], [77.41679053400539, 9.979908738309907], [77.41669937666242, 9.979909399263343], [77.41669870991485, 9.979819034369214], [77.41678986723984, 9.979818373415778], [77.41678786697918, 9.979547278733392], [77.41669670972604, 9.979547939668862], [77.41669404289746, 9.979186480065398], [77.41660288574315, 9.97918714094697], [77.4166015524187, 9.979006411131762], [77.41641923819091, 9.979007732805073], [77.41641857158707, 9.978917367883994], [77.4165097286785, 9.978916707065306], [77.4165090620567, 9.97882634215321], [77.41632674791876, 9.978827663754657], [77.41632608135085, 9.978737298824596], [77.41623492429535, 9.978737959580403], [77.4162335912314, 9.978557229711297], [77.41614243422083, 9.978557890431171], [77.41614176772478, 9.978467525483143], [77.41605061073217, 9.97846818617607], [77.41604994427206, 9.97837782122804], [77.41595878729741, 9.978378481885034], [77.41595812086426, 9.978288116928022], [77.41586696390758, 9.978288777558065], [77.41586629751035, 9.978198412592072], [77.41577514057164, 9.978199073186182], [77.41577380784005, 9.978018343254195], [77.41568265094627, 9.978019003812372], [77.41568198461192, 9.977928638837396], [77.41549967086026, 9.97792995986392], [77.4154990045798, 9.97783959487996], [77.4153166908551, 9.977840915798685], [77.41531602463752, 9.97775055079676], [77.41522486778864, 9.977751211211206], [77.41522420159802, 9.977660846200296], [77.4151330447671, 9.977661506587795], [77.41513237861243, 9.977571141576885], [77.41495006498653, 9.97757246226205], [77.41494939888574, 9.977482097233173], [77.41485824208178, 9.97748275753084], [77.41485757601693, 9.97739239249298], [77.41449294885496, 9.977395033423134]]]]}, "id": "+6457+9625", "properties": {"count": 935, "water": 1}}, {"type": "Feature", "geometry": {"geodesic": false, "type": "MultiPolygon", "coordinates": [[[[77.41325078104575, 9.957251515949055], [77.41315962975744, 9.957252174459073], [77.41315896553414, 9.957161809205619], [77.41306781425482, 9.957162467688688], [77.41306715005845, 9.957072102417268], [77.41297599880608, 9.957072760873388], [77.41297533464565, 9.956982395601967], [77.41288418341124, 9.956983054022153], [77.41288285515328, 9.956802323461345], [77.41279170396378, 9.9568029818456], [77.41278904762753, 9.956441520706017], [77.41288019872718, 9.956440862339727], [77.41288086282472, 9.956531227620133], [77.41297201393337, 9.956530569235877], [77.41297267806685, 9.9566209345073], [77.41306382919346, 9.956620276087111], [77.41306515752329, 9.956801006620971], [77.41315630869482, 9.95680034816485], [77.41315763709652, 9.956981078689726], [77.41324878832194, 9.956980420197674], [77.41325078104575, 9.957251515949055]]], [[[77.41489815059167, 9.95814330988642], [77.41498930201473, 9.958142650846394], [77.41498996680397, 9.958233015974086], [77.41489881535396, 9.958233675023093], [77.41489815059167, 9.95814330988642]]], [[[77.41325078104575, 9.957251515949055], [77.41334193233406, 9.957250857412086], [77.41334326089745, 9.957431587901029], [77.41343441223069, 9.957430929328128], [77.41343574087492, 9.957611659808089], [77.41361804361324, 9.957610342563472], [77.41361870799824, 9.957700707780994], [77.41389216214165, 9.957698731711949], [77.41389282659851, 9.957789096920488], [77.41398397799463, 9.957788438167922], [77.41398331351081, 9.957698072968366], [77.41407446487099, 9.95769741420682], [77.41407512938176, 9.957787779397393], [77.41453088621857, 9.957784485167448], [77.41453155086408, 9.957874850331072], [77.41471385360241, 9.95787353244865], [77.41471451830182, 9.95796389760329], [77.41480566968895, 9.957963238617165], [77.41480633442428, 9.95805360376282], [77.41489748582939, 9.958052944749745], [77.41489815059167, 9.95814330988642], [77.41471584772759, 9.958144627903588], [77.41471518301022, 9.958054262748947], [77.41435057730001, 9.95805689845989], [77.41434991269941, 9.957966533287284], [77.41407645842125, 9.957968509787522], [77.4140757939015, 9.957878144587966], [77.41362003677723, 9.957881438234006], [77.41361937238324, 9.957791073007499], [77.4134370695461, 9.957792390279065], [77.41343640520603, 9.957702025043577], [77.41334525380093, 9.957702683634444], [77.41334458949677, 9.957612318389973], [77.41325343810965, 9.957612976953891], [77.41325078104575, 9.957251515949055]]]]}, "id": "+6458+9843", "properties": {"count": 61, "water": 1}}, {"type": "Feature", "geometry": {"geodesic": false, "type": "Polygon", "coordinates": [[[77.41020721556063, 9.989626011163848], [77.41029837604769, 9.989625351342289], [77.41029771040505, 9.989534986070867], [77.41038887086516, 9.989534326231341], [77.41038820521354, 9.989443960959921], [77.41047936563771, 9.989443301102428], [77.41047869996812, 9.98935293583999], [77.4106610207536, 9.989351616053142], [77.4106603550301, 9.989261250799686], [77.41084267574371, 9.989259930931988], [77.41084067847443, 9.988988835207557], [77.4109318387459, 9.988988175260234], [77.41093250452327, 9.989078540495722], [77.4112059853736, 9.989076560465104], [77.41120531952436, 9.988986195247582], [77.41129647976886, 9.988985535192462], [77.41129581389266, 9.988895169983923], [77.41138697411023, 9.988894509910835], [77.41138630822503, 9.988804144702296], [77.41129514803443, 9.988804804775384], [77.41129448217619, 9.988714439557862], [77.41120332200353, 9.988715099595016], [77.41120199035892, 9.988534369159972], [77.41156663080697, 9.988531728912537], [77.41156529898271, 9.988350998522408], [77.41165645902959, 9.988350338413388], [77.41165512717836, 9.988169608032242], [77.41174628717135, 9.98816894791424], [77.41174562123227, 9.988078582723666], [77.41183678118932, 9.988077922578713], [77.41183611523226, 9.987987557406107], [77.41192727515339, 9.987986897243188], [77.4119252772463, 9.987715801716385], [77.41228991658043, 9.987713160903011], [77.4122905826453, 9.987803526048669], [77.41219942279604, 9.98780418630142], [77.41220142094568, 9.98807528176534], [77.4123837407969, 9.98807396120594], [77.41238440690667, 9.988164326351598], [77.41256672677585, 9.988163005684399], [77.41256606061219, 9.988072640556709], [77.41283954029471, 9.988070659385231], [77.41283754160608, 9.987799564038092], [77.41274638180174, 9.987800224434572], [77.41274571561112, 9.987709859315865], [77.41320151448012, 9.987706557108881], [77.4131995155759, 9.987435461842589], [77.41329067525447, 9.98743480133831], [77.41329000893809, 9.987344436255535], [77.41356348786603, 9.9873424546349], [77.41356282147778, 9.987252089561109], [77.4136539810845, 9.987251428975982], [77.41364998276401, 9.986709238596113], [77.41374114220902, 9.986708578019968], [77.41374180860625, 9.986798943084777], [77.41383296806923, 9.986798282472702], [77.41383430093555, 9.986979012584351], [77.41374314141868, 9.986979673196428], [77.41374380783387, 9.987070038252254], [77.41383496736871, 9.987069377631194], [77.41383630027096, 9.987250107733862], [77.4139274598597, 9.98724944707687], [77.41393212537692, 9.987882002377816], [77.4138409656175, 9.987882663079725], [77.41384163212251, 9.987973028117583], [77.41375047232717, 9.987973688801526], [77.41375113881422, 9.988064053857352], [77.41365997899192, 9.988064714523327], [77.41366064545203, 9.988155079579153], [77.41356948560276, 9.988155740227162], [77.41357015204491, 9.98824610529197], [77.41347899215972, 9.988246765913031], [77.4134796585839, 9.988337130986823], [77.41338849867176, 9.988337791589917], [77.41338916507797, 9.988428156663709], [77.4132980051299, 9.988428817257818], [77.41329867151813, 9.98851918233161], [77.41311635155013, 9.988520503447965], [77.41311701790245, 9.988610868539723], [77.41302585788252, 9.988611529070953], [77.41302652420787, 9.98870189416271], [77.41293536416099, 9.988702554675973], [77.41293603046839, 9.988792919776714], [77.41275371029376, 9.988794240731373], [77.41275437656522, 9.988884605841097], [77.41266321644648, 9.988885266291478], [77.41266388269099, 9.988975631410185], [77.41239040221795, 9.988977612617594], [77.41239106839959, 9.989067977754269], [77.41229990819998, 9.989068638105834], [77.41230057436366, 9.98915900325149], [77.41175361290554, 9.989162964911726], [77.41175427892549, 9.989253330093314], [77.41138963773183, 9.989255970727026], [77.41139030364396, 9.989346335935565], [77.41111682261398, 9.98934831616381], [77.41111748846323, 9.989438681381332], [77.41084400728951, 9.98944066141195], [77.41084467307589, 9.989531026647438], [77.41066235220956, 9.98953234656005], [77.41066301795101, 9.989622711804522], [77.41038953653475, 9.989624691493779], [77.41039020220434, 9.9897150567652], [77.41020788117632, 9.989716376444251], [77.41020721556063, 9.989626011163848]]]}, "id": "+6465+9508", "properties": {"count": 359, "water": 1}}, {"type": "Feature", "geometry": {"geodesic": false, "type": "Polygon", "coordinates": [[[77.41840918942427, 10.013875948266175], [77.41850035612767, 10.01387528460881], [77.41849968656837, 10.013784920020107], [77.41859085323584, 10.013784256344776], [77.4185895140903, 10.013603527167373], [77.41877184730846, 10.01360219976281], [77.41877117769526, 10.013511835183092], [77.41895351083257, 10.013510507697681], [77.41895418049069, 10.013600872259433], [77.4190453470773, 10.013600208476303], [77.41905003507036, 10.014232760372636], [77.41895886831306, 10.014233424209664], [77.41895953802506, 10.014323788771415], [77.41886837123184, 10.014324452581494], [77.41886904092588, 10.014414817143248], [77.41859554043839, 10.01441680844772], [77.41859487081621, 10.01432644385902], [77.4187772044386, 10.014325116364624], [77.4187758651134, 10.014144387214172], [77.4185023648325, 10.01414637839288], [77.41850169525524, 10.014056013795196], [77.41841052850693, 10.014056677461545], [77.41840918942427, 10.013875948266175]]]}, "id": "+6520+9211", "properties": {"count": 46, "water": 1}}, {"type": "Feature", "geometry": {"geodesic": false, "type": "MultiPolygon", "coordinates": [[[[77.42890778990898, 9.966626784229236], [77.42881663706659, 9.96662744762609], [77.42881596789356, 9.966537083468578], [77.42872481507811, 9.966537746838483], [77.42872414593204, 9.96644738267199], [77.42890645151802, 9.966446055923198], [77.42890778990898, 9.966626784229236]]], [[[77.43009344572774, 9.966708521847105], [77.4300927761954, 9.966618157779427], [77.43027508168255, 9.966616830258083], [77.43027441211427, 9.966526466199388], [77.43054787021926, 9.966524474751184], [77.43054720057911, 9.966434110719439], [77.43063835324185, 9.96643344685546], [77.43063902290893, 9.966523810887205], [77.43073017558964, 9.966523147005262], [77.43073084529267, 9.966613511028024], [77.43036623441715, 9.96661616646597], [77.43036690402137, 9.966706530515683], [77.43009344572774, 9.966708521847105]]], [[[77.42890778990898, 9.966626784229236], [77.42909009555784, 9.966625457354679], [77.4290907648117, 9.966715821494223], [77.42890845910895, 9.966717148377763], [77.42890778990898, 9.966626784229236]]], [[[77.4290907648117, 9.966715821494223], [77.42936422332093, 9.966713830980266], [77.42936489265566, 9.96680419509286], [77.42972950400727, 9.966801540705944], [77.42973017345878, 9.96689190480057], [77.42918325623371, 9.966895886268658], [77.42918258694391, 9.966805522138097], [77.42909143407456, 9.966806185624783], [77.4290907648117, 9.966715821494223]]], [[[77.43009344572774, 9.966708521847105], [77.43009411526008, 9.966798885914784], [77.42972950400727, 9.966801540705944], [77.42972883457374, 9.966711176611316], [77.43009344572774, 9.966708521847105]]]]}, "id": "+6652+9731", "properties": {"count": 27, "water": 1}}, {"type": "Feature", "geometry": {"geodesic": false, "type": "MultiPolygon", "coordinates": [[[[77.43295012378773, 9.983134816837943], [77.43285896664241, 9.983135482426686], [77.4328576238048, 9.9829547548393], [77.4327664666954, 9.982955420392111], [77.43276512393862, 9.98277469278676], [77.43285628100311, 9.982774027242932], [77.43285695240395, 9.982864391041117], [77.43294810947741, 9.98286372547034], [77.43295012378773, 9.983134816837943]]], [[[77.43304195240577, 9.983224515002467], [77.43313310956907, 9.983223849359824], [77.43313512411297, 9.983494940682512], [77.43322628134811, 9.983494274994953], [77.4332269528927, 9.983584638757204], [77.43331811014582, 9.983583973033713], [77.43332012491429, 9.983855064320469], [77.4334112822303, 9.983854398552062], [77.4334126254991, 9.984035126058599], [77.43350378286003, 9.984034460263242], [77.43350512619172, 9.984215187751813], [77.43359628360653, 9.984214521911541], [77.43359762701908, 9.98439524939113], [77.43368878446984, 9.984394583514923], [77.43368945620306, 9.984484947241244], [77.43378061368075, 9.984484281338089], [77.43378330080229, 9.984845736234382], [77.43387445836983, 9.984845070277329], [77.43387513019287, 9.984935433994664], [77.4339662877694, 9.984934768010662], [77.43396763148736, 9.985115495427367], [77.43405878911777, 9.98511482939845], [77.43406013290762, 9.985295556806172], [77.43415129057396, 9.98529489074132], [77.43415330638447, 9.985565981830446], [77.43424446412268, 9.985565315729662], [77.4342478240644, 9.986017134163628], [77.4343389819194, 9.986016467999963], [77.43433965394905, 9.986106831681365], [77.43424849606711, 9.986107497845031], [77.4342498400995, 9.986288225216821], [77.43434099803534, 9.986287559035189], [77.43434368627976, 9.986649013742834], [77.43443484430543, 9.986648347516288], [77.43443551640696, 9.986738711179724], [77.43434435835434, 9.986739377415255], [77.43434570252147, 9.986920104769078], [77.43443686062798, 9.986919438515582], [77.43444156560818, 9.987551984186588], [77.43435040733098, 9.987552650476017], [77.43435376809016, 9.98800446882015], [77.4342626096782, 9.988005135118565], [77.43426664265569, 9.988547317153083], [77.43417548409103, 9.98854798346048], [77.43417750059324, 9.988819074486722], [77.43408634193875, 9.988819740785134], [77.43408768625858, 9.98900046814794], [77.43399652755019, 9.98900113443737], [77.43399787184308, 9.98918186180916], [77.43390671308079, 9.989182528089605], [77.43390805734673, 9.989363255470378], [77.43381689853054, 9.989363921732858], [77.43381824276952, 9.989544649122614], [77.43363592501137, 9.989545981602658], [77.43363659708595, 9.98963634531101], [77.43354543817992, 9.989637011519592], [77.43354611023653, 9.989727375227945], [77.43281683849426, 9.989732704052177], [77.43281751036223, 9.989823067814427], [77.43254403328483, 9.989825065721519], [77.43254336148873, 9.9897347019413], [77.4324522024749, 9.989735367862421], [77.43245153071473, 9.98964500407322], [77.43208689468639, 9.989647667461256], [77.43208756634775, 9.989738031268423], [77.43172293012178, 9.98974069428815], [77.43172024392551, 9.989379238933717], [77.43162908495661, 9.98937990460331], [77.43162707044864, 9.98910881307401], [77.43153591154262, 9.989109478689702], [77.4315352400789, 9.98901911483762], [77.43162639895797, 9.989018449221927], [77.43162438453086, 9.988747357683645], [77.43180670211834, 9.988746026407343], [77.43180737363596, 9.98883639024146], [77.43189853244317, 9.988835724562884], [77.4318978608986, 9.98874536073775], [77.43217133721244, 9.988743363567279], [77.43217066559599, 9.988652999760111], [77.43226182433133, 9.988652333991704], [77.43226048107151, 9.98847160637737], [77.43235163974397, 9.98847094059998], [77.43234895320636, 9.988109485389277], [77.43207547745845, 9.9881114825867], [77.43207480591389, 9.988021118761566], [77.43216596447854, 9.988020453065024], [77.43216529291601, 9.987930089248874], [77.43225645144474, 9.987929423525383], [77.4322530935961, 9.98747760447158], [77.43234425199907, 9.987476938766056], [77.4323402226418, 9.986934755914069], [77.43243138089206, 9.98693409021753], [77.43242735161563, 9.986391907383508], [77.4325185097042, 9.98639124169595], [77.43251716660606, 9.986210514099582], [77.43260832464073, 9.986209848394058], [77.43260496689989, 9.98575802941212], [77.43269612479979, 9.985757363724561], [77.43269545323726, 9.985666999926378], [77.43260429537328, 9.985667665613935], [77.4326022808204, 9.985396574219383], [77.4326934386215, 9.985395908549792], [77.43269276708591, 9.985305544751608], [77.43278392485108, 9.98530487906405], [77.4327832533065, 9.985214515274848], [77.43296556877395, 9.98521318383685], [77.43296086776431, 9.984580637393291], [77.43286971021473, 9.98458130308085], [77.4328670241622, 9.98421984793303], [77.43295818162194, 9.984219182263438], [77.43295683858669, 9.98403845469402], [77.43304799597456, 9.984037789024427], [77.43304732444795, 9.983947425244208], [77.43313848180888, 9.983946759547667], [77.43313646717516, 9.983675668224981], [77.4330453098861, 9.983676333903556], [77.43304195240577, 9.983224515002467]]], [[[77.43295012378773, 9.983134816837943], [77.43304128093307, 9.983134151222249], [77.43304195240577, 9.983224515002467], [77.43295079524248, 9.983225180627143], [77.43295012378773, 9.983134816837943]]]]}, "id": "+6675+9550", "properties": {"count": 1220, "water": 1}}, {"type": "Feature", "geometry": {"geodesic": false, "type": "Polygon", "coordinates": [[[77.43164103213665, 9.966426142770665], [77.43200564244624, 9.966423485994229], [77.43200631249063, 9.966513849936144], [77.43337360064399, 9.96650388339756], [77.4333729302223, 9.966413519545478], [77.43364638760863, 9.966411525581991], [77.4336457171151, 9.966321161756857], [77.43410147917112, 9.966317838017256], [77.4341048323036, 9.966769657026143], [77.43383137471065, 9.966771651429804], [77.43383070414525, 9.966681287613653], [77.4333749415053, 9.966684611092743], [77.43337561193597, 9.966774974944828], [77.4331021541993, 9.9667769687556], [77.4331014838405, 9.96668660488555], [77.4330103312676, 9.96668726943225], [77.43301100160843, 9.966777633311281], [77.4326463911731, 9.966780291273492], [77.43264572093108, 9.966689927376494], [77.43218995786893, 9.9666932492476], [77.43218928776166, 9.96660288531467], [77.43173352466358, 9.966606206538987], [77.43173285469106, 9.966515842579108], [77.43164170208223, 9.966516506739529], [77.43164103213665, 9.966426142770665]]]}, "id": "+6690+9732", "properties": {"count": 74, "water": 1}}, {"type": "Feature", "geometry": {"geodesic": false, "type": "Polygon", "coordinates": [[[77.44628220989794, 10.034817912206067], [77.44637338055394, 10.03481723951165], [77.44637202313666, 10.034636514313785], [77.44646319372977, 10.034635841610385], [77.44646115757241, 10.034364753818076], [77.44655232809365, 10.034364081114676], [77.44655164935357, 10.034273718520234], [77.44664281983889, 10.034273045789885], [77.44664214108981, 10.034182683204426], [77.44682448198857, 10.034181337689827], [77.44682516079153, 10.034271700266302], [77.4469163312499, 10.034271027464087], [77.44691768892768, 10.03445175259907], [77.44682651840644, 10.034452425410269], [77.44682923372608, 10.034813875698203], [77.44673806310603, 10.034814548509402], [77.44673874192695, 10.034904911085878], [77.44637405927604, 10.034907602115075], [77.44637473799816, 10.0349979647185], [77.44628356729726, 10.034998637412917], [77.44628220989794, 10.034817912206067]]]}, "id": "+6824+8980", "properties": {"count": 35, "water": 1}}, {"type": "Feature", "geometry": {"geodesic": false, "type": "MultiPolygon", "coordinates": [[[[77.44630628502604, 9.977163115743526], [77.44630291151078, 9.976711301154351], [77.44639406596117, 9.976710632304723], [77.4463967648596, 9.977072083958097], [77.44648791939981, 9.977071415072537], [77.44648926893888, 9.977252140881257], [77.44639811435374, 9.977252809784783], [77.44639743960218, 9.977162446875932], [77.44630628502604, 9.977163115743526]]], [[[77.44566887739424, 9.977258160114683], [77.44566752830434, 9.977077434189182], [77.44603214663587, 9.97707475927576], [77.4460314720011, 9.976984396339958], [77.44621378107253, 9.976983058739517], [77.44621513044989, 9.977163784593154], [77.44630628502604, 9.977163115743526], [77.44630695975064, 9.97725347866136], [77.44603349592339, 9.977255485147364], [77.44603417057614, 9.977345848083164], [77.44594301592812, 9.977346516869911], [77.44594234130233, 9.977256153925126], [77.44585118667229, 9.977256822684922], [77.44585253587897, 9.97743754857449], [77.44539676238738, 9.977440892032114], [77.44539473895915, 9.977169803098946], [77.4454858935892, 9.977169134473897], [77.44548656808922, 9.97725949744563], [77.44566887739424, 9.977258160114683]], [[77.44566887739424, 9.977258160114683], [77.44576003203326, 9.977257491408785], [77.44576070661414, 9.977347854362554], [77.44566955194816, 9.977348523077435], [77.44566887739424, 9.977258160114683]]]]}, "id": "+6824+9616", "properties": {"count": 33, "water": 1}}, {"type": "Feature", "geometry": {"geodesic": false, "type": "Polygon", "coordinates": [[[77.44785933726125, 9.98980320023343], [77.44795049524201, 9.98980253009921], [77.44794981919688, 9.989712167361038], [77.4480409771507, 9.989711497208853], [77.44804030108759, 9.989621134470681], [77.44813145901446, 9.98962046430053], [77.44813078293339, 9.989530101571342], [77.44822194082433, 9.989529431383223], [77.44822126472529, 9.989439068663017], [77.44831242258029, 9.98943839844795], [77.44831107035527, 9.989257673016523], [77.44821991254518, 9.989258343213622], [77.44821653221172, 9.988806529594628], [77.44812537452741, 9.98880719973783], [77.44812334648184, 9.98853611154128], [77.4482145040943, 9.988535441416044], [77.44821382806713, 9.988445078695838], [77.44848730078769, 9.988443068194368], [77.44848865300372, 9.988623793607829], [77.44876212581413, 9.988621782845847], [77.44876144963425, 9.988531420161573], [77.44885260720179, 9.988530749856675], [77.44885328340861, 9.98862111254095], [77.44903559857063, 9.988619771859286], [77.44903492231889, 9.98852940919298], [77.44912607985948, 9.988528738816216], [77.44912472731107, 9.988348013483602], [77.4490335698154, 9.988348683842398], [77.44903221733885, 9.988167958500801], [77.44930568966417, 9.988165947379493], [77.44930636596982, 9.988256310036817], [77.4495798383131, 9.988254298681946], [77.44958051469959, 9.98834466131232], [77.44967167215933, 9.988343990800809], [77.44967234858176, 9.988434353431185], [77.44976350605945, 9.988433682892722], [77.44976418251781, 9.988524045514113], [77.44985534001349, 9.988523374948704], [77.44985601649879, 9.988613737561112], [77.44994717401242, 9.988613066959768], [77.44994785053368, 9.988703429563193], [77.45003900806527, 9.988702758934902], [77.45003968461346, 9.988793121538327], [77.45013084217202, 9.9887924508741], [77.45013151874716, 9.988882813468543], [77.4502226763147, 9.988882142768386], [77.45022335293474, 9.988972505353845], [77.45031451052024, 9.98897183463572], [77.45031586381425, 9.989152559797654], [77.45040702144468, 9.989151889034614], [77.4504076981276, 9.989242251602107], [77.45049885578497, 9.989241580812118], [77.45049953249486, 9.98933194337961], [77.45040837481953, 9.989332614178583], [77.45040905151144, 9.989422976755058], [77.45031789380019, 9.989423647536064], [77.45031857047414, 9.989514010112538], [77.45022741273593, 9.989514680875578], [77.45022876605688, 9.989695406046495], [77.45013760826477, 9.989696076800552], [77.45013828490279, 9.98978643938601], [77.45004712707474, 9.9897871101221], [77.45004780370378, 9.989877472716541], [77.4499566458398, 9.989878143425683], [77.44995799906195, 9.990058868632532], [77.44986684114407, 9.99005953933269], [77.44986751774616, 9.990149901936114], [77.44977635979234, 9.990150572618305], [77.44977703636748, 9.990240935230712], [77.44968587838672, 9.990241605894937], [77.4496865549439, 9.99033196851633], [77.44959539693619, 9.990332639162588], [77.44959675002359, 9.99051336440537], [77.44950559195298, 9.990514035042645], [77.44950626848322, 9.990604397664036], [77.44932395227016, 9.990605738866721], [77.44932462875548, 9.990696101515063], [77.449233470622, 9.990696772080472], [77.44923414708036, 9.990787134728812], [77.44914298891095, 9.990787805276257], [77.44914366536032, 9.99087816793358], [77.44905250715499, 9.990878838463058], [77.4490531835864, 9.990969201120382], [77.4489620253541, 9.990969871631894], [77.44896270175856, 9.9910602342982], [77.44887154349932, 9.991060904791745], [77.44887221988581, 9.99115126745805], [77.44878106159065, 9.991151937942613], [77.44878173795918, 9.99124230060892], [77.44859942130596, 9.991243641506179], [77.44860009762957, 9.99133400419045], [77.4484177808955, 9.991335344997879], [77.4484171046168, 9.991244982295639], [77.44832594626773, 9.991245652654436], [77.4483245937822, 9.991064927240974], [77.44823343546906, 9.99106559756384], [77.44823073067768, 9.990704146709966], [77.44813957246335, 9.990704816987915], [77.44813822015749, 9.99052409153852], [77.44804706198809, 9.990524761780536], [77.44804503365505, 9.99025367359297], [77.44795387554854, 9.990254343781087], [77.44795184734127, 9.989983255575554], [77.44786068931559, 9.989983925718757], [77.44785933726125, 9.98980320023343]]]}, "id": "+6855+9489", "properties": {"count": 575, "water": 1}}, {"type": "Feature", "geometry": {"geodesic": false, "type": "Polygon", "coordinates": [[[77.45714357787028, 10.012145854015586], [77.45705241429303, 10.01214652815629], [77.4570517341875, 10.012056166154737], [77.45696057062821, 10.01205684025951], [77.45696125070678, 10.012147202270047], [77.45677892350733, 10.01214855041671], [77.45677824348266, 10.012058188406172], [77.45650475272392, 10.012060210424044], [77.45650407277111, 10.011969848386558], [77.45641290920284, 10.011970522338617], [77.45641222928596, 10.011880160292149], [77.45677688345128, 10.011877464367132], [77.45677620344459, 10.011787102347613], [77.45695853043742, 10.011785754245865], [77.45695989055862, 10.011966478257955], [77.45714221762331, 10.011965130030445], [77.45714153750882, 10.011874768037874], [77.45723270100524, 10.011874093888187], [77.4572333811467, 10.011964455880756], [77.45732454467006, 10.01196378170412], [77.45732658520221, 10.012234867645898], [77.45714425801174, 10.012236216008155], [77.45714357787028, 10.012145854015586]], [[77.45714357787028, 10.012145854015586], [77.4571428977468, 10.012055492023014], [77.45723406129711, 10.012054817864344], [77.45723474144755, 10.01214517984793], [77.45714357787028, 10.012145854015586]]]}, "id": "+6937+9227", "properties": {"count": 24, "water": 1}}, {"type": "Feature", "geometry": {"geodesic": false, "type": "Polygon", "coordinates": [[[77.45932979328742, 9.975531060002835], [77.45942094650711, 9.975530387676727], [77.45942162473516, 9.975620749714214], [77.45960393121047, 9.975619404981149], [77.4596046094924, 9.975709767000668], [77.45978691600365, 9.975708422159805], [77.45978759433949, 9.975798784170342], [77.4599699008687, 9.975797439212698], [77.45997193607384, 9.976068525199393], [77.46015424271982, 9.976067180107002], [77.46015492119041, 9.97615754209059], [77.46051953451833, 9.976154851591398], [77.46052157025348, 9.976425937452328], [77.46061272364385, 9.976425264748928], [77.46061340225816, 9.976515626696582], [77.4608868624652, 9.976513608406718], [77.46088754116936, 9.976603970336406], [77.46097869458667, 9.976603297516224], [77.46098073078895, 9.976874383287322], [77.46107188426915, 9.976873710422225], [77.46107459940013, 9.977235158078097], [77.46116575297916, 9.977234485168085], [77.46116643180008, 9.977324847070824], [77.46125758539706, 9.97732417413386], [77.46125826425393, 9.977414536027617], [77.46134941786887, 9.977413863054721], [77.46135145454726, 9.977684948735988], [77.46144260823407, 9.977684275718177], [77.4614432871628, 9.97777463760295], [77.46153444086757, 9.977773964549206], [77.46153579879689, 9.977954688309769], [77.46162695254658, 9.977954015220092], [77.46162763154717, 9.978044377095882], [77.46171878531483, 9.978043703979257], [77.46171946434237, 9.978134065837079], [77.461810618128, 9.978133392693504], [77.46181333442681, 9.978494840115813], [77.46190448830227, 9.97849416691834], [77.46190516741964, 9.978584528767179], [77.46199632131307, 9.978583855542755], [77.46199700045739, 9.978674217382613], [77.46217930828915, 9.978672870834952], [77.46218066669458, 9.978853594496698], [77.46236297459821, 9.978852247823273], [77.46236365385931, 9.978942609645163], [77.4624548078246, 9.978941936268026], [77.46245548712163, 9.979032298071951], [77.46236433313838, 9.979032971458071], [77.46236501241745, 9.979123333270978], [77.46181808818552, 9.979127373093625], [77.46181740905917, 9.979037011244786], [77.46163510098486, 9.979038357639734], [77.46163442191241, 9.978947995772927], [77.46154326788422, 9.978948668934468], [77.4615425888477, 9.97885830705868], [77.4614514348375, 9.978858980184288], [77.4614507558369, 9.978768618299515], [77.46135960184466, 9.978769291398175], [77.46135824389738, 9.978588567619646], [77.46126708995905, 9.978589240682373], [77.46126573208363, 9.978408516894861], [77.4611745781902, 9.978409189912671], [77.46117389928843, 9.978318828009934], [77.46108274540398, 9.978319501000795], [77.46108070881543, 9.978048415274612], [77.46098955500285, 9.978049088220558], [77.460988197361, 9.977868364388131], [77.46089704359333, 9.977869037298143], [77.46089364972227, 9.977417227676652], [77.46071134242051, 9.977418573352947], [77.4607099850212, 9.977237849475603], [77.46061883140625, 9.977238522268836], [77.46061815273804, 9.977148160321182], [77.46052699915003, 9.97714883307848], [77.46052632051776, 9.977058471130826], [77.46043516693874, 9.977059143852193], [77.4604344883334, 9.976968781895556], [77.46034333478134, 9.976969454589973], [77.46034265621194, 9.976879092624351], [77.46025150266885, 9.97687976529182], [77.46025014560192, 9.976699041342611], [77.46015899210376, 9.976699713974147], [77.46015831360621, 9.97660935199056], [77.45997600664582, 9.9766106971638], [77.45997532820218, 9.976520335171228], [77.45988417473995, 9.97652100770395], [77.45988349632326, 9.976430645711378], [77.459792342879, 9.97643131821715], [77.45979166449824, 9.976340956215596], [77.45970051107194, 9.976341628685434], [77.45969915437331, 9.976160904664361], [77.45960800099193, 9.97616157710725], [77.45960732268304, 9.97607121508773], [77.45951616931963, 9.976071887494687], [77.45951549103768, 9.975981525466183], [77.45942433769223, 9.975982197846191], [77.45942298120022, 9.975801473780201], [77.45933182789967, 9.975802146124277], [77.45932979328742, 9.975531060002835]]]}, "id": "+6967+9628", "properties": {"count": 270, "water": 1}}, {"type": "Feature", "geometry": {"geodesic": false, "type": "MultiPolygon", "coordinates": [[[[77.4652595028944, 9.988228967682138], [77.46535065924921, 9.988228292894645], [77.46535270148816, 9.988499377578783], [77.46544385790585, 9.988498702737392], [77.46544726190093, 9.988950510508355], [77.46535610535749, 9.988951185367712], [77.46535338224945, 9.988589739131179], [77.4652622258048, 9.988590413954604], [77.4652595028944, 9.988228967682138]]], [[[77.4652595028944, 9.988228967682138], [77.46516834653958, 9.988229642451664], [77.46516562384478, 9.987868196152249], [77.4650744675798, 9.987868870867874], [77.46507378694427, 9.987778509279547], [77.46498263070625, 9.987779183968224], [77.46498058891645, 9.987508099194255], [77.46507174508261, 9.987507424532527], [77.46507310631773, 9.9876881477002], [77.46516426252882, 9.987687472993558], [77.4651649431823, 9.987777834572903], [77.46525609941135, 9.98777715983931], [77.4652574607902, 9.987957882980034], [77.46534861706415, 9.987957208201525], [77.46534929778053, 9.988047569771888], [77.4652581414886, 9.988048244550397], [77.4652595028944, 9.988228967682138]]]]}, "id": "+7028+9495", "properties": {"count": 20, "water": 1}}, {"type": "Feature", "geometry": {"geodesic": false, "type": "Polygon", "coordinates": [[[77.46536019021268, 9.989493354700054], [77.46545134690885, 9.989492679804764], [77.46544862354928, 9.989131233604164], [77.46553978013765, 9.989130558699891], [77.46554999365904, 9.990485981797182], [77.46564115061572, 9.990485306776128], [77.46564387456817, 9.99084675289588], [77.46573503162367, 9.990846077820928], [77.46573775578274, 9.991207523904746], [77.46582891292806, 9.991206848784879], [77.46583095619108, 9.991477933325285], [77.4659221133993, 9.9914772581605], [77.4659234756585, 9.991657981166478], [77.4660146329206, 9.991657305965761], [77.46601531407715, 9.991747667464258], [77.46610647135722, 9.991746992227608], [77.46610783375117, 9.991927715206636], [77.46619899107615, 9.991927039943036], [77.46619967230457, 9.992017401423567], [77.46629082964753, 9.992016726124035], [77.46629219218521, 9.992197449076114], [77.4663833495641, 9.99219677374065], [77.46638539349188, 9.99246785814631], [77.46647655094263, 9.992467182765928], [77.466477913642, 9.992647905682075], [77.46656907113767, 9.992647230265762], [77.46656975252777, 9.992737591719344], [77.46666091004141, 9.992736916267098], [77.46666159145848, 9.992827277720679], [77.46675274899007, 9.992826602232501], [77.46675343044306, 9.992916963677098], [77.46666227288452, 9.992917639165277], [77.46666295431056, 9.993008000609874], [77.46648063912158, 9.993009351523348], [77.46647995774944, 9.992918990069768], [77.46638880016394, 9.992919665477096], [77.46638811881876, 9.992829304014533], [77.4662969612602, 9.992829979394912], [77.4662955986327, 9.992649256451818], [77.46638675614633, 9.99264858108042], [77.4663860748191, 9.992558219608874], [77.46629491733242, 9.99255889498027], [77.46629355474084, 9.992378172028191], [77.46620239730805, 9.992378847354674], [77.46620103479734, 9.992198124393612], [77.46610987740047, 9.992198799675178], [77.46610919617206, 9.992108438185664], [77.46601803880216, 9.992109113449262], [77.46601735760967, 9.992018751950765], [77.46592620024875, 9.992019427178432], [77.46592483794464, 9.991838704172455], [77.46583368062863, 9.991839379364189], [77.4658323183964, 9.991658656340245], [77.4657411611253, 9.991659331496047], [77.4657391178982, 9.991388246946658], [77.46564796069897, 9.991388922048559], [77.46564659862842, 9.991208198997667], [77.46555544147411, 9.991208874072619], [77.46555203654478, 9.990757066409454], [77.46546087949827, 9.990757741421525], [77.46545202776895, 9.989583041348176], [77.46536087104583, 9.989583716261432], [77.46536019021268, 9.989493354700054]]]}, "id": "+7033+9477", "properties": {"count": 76, "water": 1}}, {"type": "Feature", "geometry": {"geodesic": false, "type": "Polygon", "coordinates": [[[77.46416622375583, 9.927600929025965], [77.46425736335706, 9.92760025858632], [77.46425668713226, 9.927509896620698], [77.46434782670654, 9.927509226163087], [77.46434241698005, 9.926786330483035], [77.46443355633872, 9.926785660052373], [77.4644328801319, 9.926695298095733], [77.46452401946362, 9.926694627638122], [77.46452334322986, 9.926604265690466], [77.46461448253464, 9.926603595223872], [77.46461313004012, 9.926422871328562], [77.46452199078924, 9.926423541786175], [77.46452063837557, 9.926242817881882], [77.46506747348565, 9.926238794839765], [77.4650681498362, 9.926329156751487], [77.46534156738225, 9.926327144875593], [77.46534089095084, 9.926236782972854], [77.46543203009394, 9.92623611230863], [77.46543270654331, 9.926326474193402], [77.46552384570437, 9.926325803493244], [77.46552790471502, 9.926867974792897], [77.46543676540125, 9.926868645528987], [77.4654381184078, 9.927049369298532], [77.46534697904013, 9.92705004002564], [77.465349008523, 9.927321125697922], [77.46525786907449, 9.927321796416047], [77.46525854555081, 9.927412158309801], [77.46516740607535, 9.92741282900996], [77.46516875901003, 9.927593552815438], [77.46507761947169, 9.927594223506611], [77.46507897237942, 9.92777494731209], [77.46498783278717, 9.92777561799428], [77.46498850922757, 9.927865979906002], [77.4648062299712, 9.927867321189536], [77.46480690636669, 9.927957683119224], [77.46471576670257, 9.92795835372955], [77.46471644308008, 9.928048715659239], [77.46453416368898, 9.928050056825992], [77.46453484002157, 9.928140418773646], [77.4644437002856, 9.92814108932109], [77.46444234768329, 9.92796036542578], [77.46435120799222, 9.927961035937292], [77.4643498554528, 9.927780312032999], [77.4641675761605, 9.92778165296619], [77.46416622375583, 9.927600929025965]]]}, "id": "+7037+10173", "properties": {"count": 196, "water": 1}}, {"type": "Feature", "geometry": {"geodesic": false, "type": "Polygon", "coordinates": [[[77.47464029188794, 10.047168310345718], [77.4747314640531, 10.047167629036457], [77.47473077660834, 10.047077268436276], [77.47482194873757, 10.047076587109048], [77.47482263620029, 10.047166947700246], [77.47491380834748, 10.047166266337086], [77.4749131208578, 10.047075905754872], [77.47500429297806, 10.047075224373746], [77.47500360547042, 10.046984863791529], [77.47509477755473, 10.046984182392437], [77.47509752772002, 10.04734562469435], [77.47500635553689, 10.04734630612039], [77.47500773061505, 10.047527027275839], [77.47509890285207, 10.047526345840813], [77.47509959042259, 10.047616706414045], [77.47519076267758, 10.047616024943089], [77.47519145027505, 10.047706385516321], [77.47528262254801, 10.047705704018414], [77.4752853731355, 10.04806714624846], [77.47501185599324, 10.048069190742181], [77.47501254358173, 10.048159551315415], [77.47492137116504, 10.048160232768405], [77.47492274630608, 10.048340953932836], [77.4748315738265, 10.048341635376845], [77.47483088627396, 10.048251274785645], [77.47473971382134, 10.048251956193722], [77.47473833879708, 10.048071235011324], [77.4746471663804, 10.048071916383467], [77.47464647889971, 10.047981555783286], [77.47473765128944, 10.047980874411143], [77.47473558882044, 10.047709792628563], [77.47464441650257, 10.047710473973757], [77.47464166673252, 10.047349031555065], [77.4747328389426, 10.04734835023682], [77.47473215149785, 10.04725798963664], [77.47464097930575, 10.047258670954882], [77.47464029188794, 10.047168310345718]]]}, "id": "+7133+8836", "properties": {"count": 63, "water": 1}}, {"type": "Feature", "geometry": {"geodesic": false, "type": "Polygon", "coordinates": [[[77.47379900460453, 9.935933997650244], [77.47389014584968, 9.935933324030561], [77.47389218421688, 9.9362044078074], [77.47398332552491, 9.936203734142802], [77.47398400501957, 9.936294095389771], [77.47407514634557, 9.936293421698224], [77.47407446683295, 9.936203060460238], [77.47425674942205, 9.936201713005278], [77.47425606985553, 9.936111351776276], [77.47443835237277, 9.936110004240467], [77.47443767276133, 9.936019643020447], [77.4745288139885, 9.936018969221102], [77.47452677512722, 9.935747885570029], [77.47470905740191, 9.935746537935405], [77.47470769809817, 9.9355658155313], [77.47479883918163, 9.93556514168704], [77.47479815951628, 9.935474780484986], [77.47488930055482, 9.935474106631741], [77.47488794119718, 9.935293384245602], [77.47497908218182, 9.935292710365408], [77.47497840248953, 9.935202349181322], [77.4750695434472, 9.935201675292145], [77.47506886372797, 9.935111314108058], [77.4751600046587, 9.935110640200916], [77.47515932492149, 9.935020279025812], [77.47525046581629, 9.93501960509172], [77.47524978606111, 9.9349292439256], [77.47534092692898, 9.93492856997354], [77.47534024715583, 9.93483820880742], [77.47552252881069, 9.934836860858386], [77.47552116919255, 9.934656138553096], [77.47561230996158, 9.934655464547138], [77.47561434947863, 9.9349265479916], [77.47552320863774, 9.934927222006541], [77.47552524813682, 9.935198305459986], [77.47543410721507, 9.935198979474928], [77.47543546686016, 9.935379701789202], [77.4753443258845, 9.935380375795159], [77.47534772499277, 9.935832181598812], [77.47525658388237, 9.935832855604769], [77.47525794351849, 9.93601357793701], [77.47516680235418, 9.936014251933983], [77.47516748215428, 9.936104613109087], [77.47507634095405, 9.936105287088095], [77.47507702074515, 9.9361956482632], [77.47498587950899, 9.93619632222424], [77.47498655928213, 9.936286683399345], [77.47480427674692, 9.936288031258547], [77.47480495647515, 9.936378392451616], [77.47462267385909, 9.936379740229969], [77.47462403322571, 9.936560462634075], [77.47471517458764, 9.936559788753883], [77.47471721376333, 9.936830872351058], [77.474443789444, 9.936832893982654], [77.47444446910933, 9.936923255202673], [77.47435332763062, 9.936923929037953], [77.47435196836283, 9.93674320658893], [77.47426082692903, 9.936743880388276], [77.47426150653149, 9.936834241617278], [77.4739880821223, 9.93683626288955], [77.47398740258274, 9.936745901642581], [77.473896261122, 9.936746575343111], [77.47389558162732, 9.93665621408716], [77.47380444018455, 9.936656887751758], [77.47380376071683, 9.936566526495804], [77.4739860435395, 9.93656517913966], [77.47398468452323, 9.936384456645722], [77.4738935431613, 9.936385130319303], [77.4738928636846, 9.936294769063352], [77.47380172234064, 9.936295442709984], [77.47379900460453, 9.935933997650244]]]}, "id": "+7148+10079", "properties": {"count": 161, "water": 1}}, {"type": "Feature", "geometry": {"geodesic": false, "type": "Polygon", "coordinates": [[[77.47513081679612, 9.955443242010992], [77.4754042564497, 9.95544121606748], [77.47540357523027, 9.95535085501814], [77.47576816124042, 9.95534815343374], [77.47576747992218, 9.955257792402366], [77.47613206572571, 9.955255090449654], [77.47613138431764, 9.955164729445231], [77.47631367713856, 9.955163378334127], [77.47631435859155, 9.955253739320584], [77.47622321216312, 9.955254414898594], [77.47622389359815, 9.955344775894034], [77.47595045420508, 9.955346802484332], [77.47595113557722, 9.95543716349774], [77.47558654951317, 9.95543986530672], [77.47558723079548, 9.955530226347076], [77.47540493767812, 9.955531577116819], [77.47540561890654, 9.955621938166159], [77.47513217910921, 9.955623964145602], [77.47513081679612, 9.955443242010992]]]}, "id": "+7154+9852", "properties": {"count": 21, "water": 1}}, {"type": "Feature", "geometry": {"geodesic": false, "type": "Polygon", "coordinates": [[[77.47522468810226, 9.955804010962716], [77.47540698139031, 9.955802660264837], [77.47540630014393, 9.955712299215499], [77.47567973996819, 9.955710272984527], [77.47567905864994, 9.955619911953153], [77.47595249833049, 9.955617885524552], [77.47595181694936, 9.955527524511146], [77.47631640300442, 9.955524822279957], [77.47631572152449, 9.9554344612935], [77.47640686799782, 9.955433785679556], [77.4764082310116, 9.955614507643489], [77.4761347914209, 9.955616534449382], [77.47613547286491, 9.955706895444822], [77.47595317972059, 9.95570824653796], [77.47595386111969, 9.955798607551365], [77.47558927466038, 9.955801309459162], [77.47558995596066, 9.955891670490535], [77.47540766264567, 9.955893021305194], [77.47540834391, 9.955983382354534], [77.47531719721209, 9.955984057734913], [77.4753165159747, 9.95589369667659], [77.47522536930373, 9.955894372030022], [77.47522468810226, 9.955804010962716]]]}, "id": "+7155+9849", "properties": {"count": 22, "water": 1}}, {"type": "Feature", "geometry": {"geodesic": false, "type": "Polygon", "coordinates": [[[77.47531787844949, 9.956074418784253], [77.47559131858816, 9.956072392562264], [77.47559063726992, 9.955982031521907], [77.47595522393584, 9.955979329569196], [77.47595454251878, 9.95588896855579], [77.47631912897809, 9.955886266225786], [77.4763184474712, 9.955795905239329], [77.47650074060653, 9.95579455393958], [77.47650142216732, 9.955884914917053], [77.4764102755772, 9.955885590584893], [77.47641095711103, 9.955975951562369], [77.47613751722388, 9.955977978440126], [77.47613819868586, 9.956068339435568], [77.47586475866396, 9.956070366106713], [77.47586544006305, 9.956160727129102], [77.4755919999154, 9.956162753593636], [77.47559268124262, 9.95625311462501], [77.47531924095122, 9.956255140891914], [77.47531787844949, 9.956074418784253]]]}, "id": "+7156+9845", "properties": {"count": 22, "water": 1}}, {"type": "Feature", "geometry": {"geodesic": false, "type": "Polygon", "coordinates": [[[77.47550221579108, 9.956344151108627], [77.4757756561184, 9.956342124680027], [77.4757749747283, 9.956251763657637], [77.47613956163676, 9.956249061426448], [77.47613888015681, 9.956158700431008], [77.47650346685866, 9.956155997831509], [77.47650278528889, 9.956065636863018], [77.47668507854999, 9.956064285419538], [77.47668576017365, 9.956154646379046], [77.47659461352065, 9.956155322118752], [77.47659529512636, 9.95624568307826], [77.47632185505056, 9.956247710162632], [77.4763225365844, 9.956338071149089], [77.47604909638284, 9.956340098026848], [77.47604977784482, 9.956430459022288], [77.4757763375085, 9.956432485702416], [77.4757770189076, 9.956522846715824], [77.47550357843654, 9.956524873189341], [77.47550221579108, 9.956344151108627]]]}, "id": "+7158+9842", "properties": {"count": 22, "water": 1}}, {"type": "Feature", "geometry": {"geodesic": false, "type": "Polygon", "coordinates": [[[77.47559608797756, 9.956704919781876], [77.47568723485516, 9.956704244284714], [77.47568655346504, 9.956613883262325], [77.4761422876194, 9.956610505408209], [77.4761416061125, 9.95652014441277], [77.4765061932186, 9.956517441705472], [77.47650551162188, 9.956427080736981], [77.47677895180547, 9.956425053472948], [77.47677963347407, 9.956515414423473], [77.4765973399794, 9.956516765974749], [77.47659802160308, 9.956607126934257], [77.47632458123084, 9.956609154090494], [77.47632526279162, 9.956699515076952], [77.47596067544299, 9.956702217631534], [77.47596135690496, 9.956792578635957], [77.4757790631408, 9.95679392977401], [77.47577974456685, 9.956884290787418], [77.47568859764435, 9.956884966329493], [77.47568791624526, 9.956794605307104], [77.4755967693497, 9.956795280813248], [77.47559608797756, 9.956704919781876]]]}, "id": "+7159+9838", "properties": {"count": 20, "water": 1}}, {"type": "Feature", "geometry": {"geodesic": false, "type": "Polygon", "coordinates": [[[77.47568927905243, 9.956975327351884], [77.47605386678734, 9.95697262502188], [77.47605318528045, 9.95688226402644], [77.47632662594015, 9.9568802370319], [77.47632594436139, 9.956789876054426], [77.47669053171003, 9.956787173077634], [77.47668985004145, 9.956696812118127], [77.47687214363492, 9.956695460494984], [77.4768735070709, 9.956876182378068], [77.47650891967736, 9.956878885579437], [77.47650960131001, 9.956969246547928], [77.47623616061438, 9.956971273704164], [77.47623684217517, 9.957061634690621], [77.47596340135377, 9.957063661640245], [77.4759640828427, 9.95715402264467], [77.47569064188654, 9.957156049396664], [77.47568927905243, 9.956975327351884]]]}, "id": "+7160+9835", "properties": {"count": 22, "water": 1}}, {"type": "Feature", "geometry": {"geodesic": false, "type": "Polygon", "coordinates": [[[77.48649542999175, 10.035512788534092], [77.48686010224914, 10.035510053235917], [77.48685941226216, 10.035419693408286], [77.48713291631597, 10.035417641692112], [77.48713222625712, 10.035327281882447], [77.48731456220615, 10.035325913954882], [77.48731387211137, 10.035235554163183], [77.48749620797956, 10.035234186145788], [77.48749758829489, 10.035414905720199], [77.48731525231891, 10.035416273755562], [77.48731594243165, 10.035506633556244], [77.48704243834192, 10.0355086854431], [77.4870431283828, 10.035599045252765], [77.4867696241673, 10.035601096933007], [77.48677031413631, 10.035691456769621], [77.48649680978606, 10.035693508243252], [77.48649542999175, 10.035512788534092]]]}, "id": "+7270+8965", "properties": {"count": 20, "water": 1}}, {"type": "Feature", "geometry": {"geodesic": false, "type": "Polygon", "coordinates": [[[77.4868642423148, 10.036052212201701], [77.48704657870401, 10.036050844328035], [77.4870458886272, 10.03596048451837], [77.48741056123492, 10.03595774849256], [77.48740987106828, 10.035867388709846], [77.48759220727783, 10.035866020557702], [77.48759151706626, 10.035775660783969], [77.4876826851351, 10.035774976671965], [77.4876847558776, 10.036046055984176], [77.48741125141954, 10.036048108284259], [77.48741194160417, 10.036138468075956], [77.48722960520597, 10.036139836156234], [77.48723029535465, 10.036230195956916], [77.48686562238758, 10.036232931856961], [77.4868642423148, 10.036052212201701]]]}, "id": "+7272+8959", "properties": {"count": 21, "water": 1}}, {"type": "Feature", "geometry": {"geodesic": false, "type": "MultiPolygon", "coordinates": [[[[77.49902733801665, 10.064606181523235], [77.49902803342945, 10.064696540353737], [77.49911920881058, 10.064695851148285], [77.49911990425933, 10.064786209969801], [77.49893755345215, 10.064787588371724], [77.49893685804832, 10.064697229541222], [77.49857215644298, 10.064699986021672], [77.49857146114694, 10.064609627155239], [77.49866263653705, 10.064608938084534], [77.49865985532598, 10.064247502654734], [77.49856868004368, 10.064248191707472], [77.49856728953246, 10.064067473974605], [77.49847611428608, 10.064068162991411], [77.49847541906192, 10.063977804115995], [77.49838424384248, 10.063978493096869], [77.49838285347501, 10.063797775337052], [77.49820050310801, 10.063799153199986], [77.49819841774992, 10.063528076519837], [77.49801606750869, 10.063529454248021], [77.49801467741071, 10.063348736434307], [77.49828820260187, 10.063346669851013], [77.49828889772722, 10.063437028735413], [77.49838007280292, 10.063436339817422], [77.49838146312548, 10.063617057577238], [77.4984726382461, 10.063616368623313], [77.49847333344331, 10.06370672749873], [77.49856450858191, 10.063706038508872], [77.49856520380607, 10.063796397375306], [77.49874755411916, 10.063795019314744], [77.49874824939722, 10.063885378163212], [77.4986570742227, 10.06388606721595], [77.49865776949179, 10.0639764260734], [77.49874894469326, 10.06397573702066], [77.49874963998928, 10.064066095878111], [77.49884081520872, 10.06406540678944], [77.49884290122257, 10.064336483325858], [77.49893407651386, 10.06433579419227], [77.49893616265348, 10.064606870701738], [77.49902733801665, 10.064606181523235]]], [[[77.49902733801665, 10.064606181523235], [77.49902664260384, 10.064515822692735], [77.49911781793107, 10.06451513350525], [77.49911851336184, 10.064605492326766], [77.49902733801665, 10.064606181523235]]]]}, "id": "+7386+8653", "properties": {"count": 51, "water": 1}}, {"type": "Feature", "geometry": {"geodesic": false, "type": "Polygon", "coordinates": [[[77.50846793431754, 9.95230294792135], [77.50855907767372, 9.952302263755445], [77.50855838756097, 9.952211904978844], [77.50864953089021, 9.952211220794975], [77.50864884075949, 9.952120862027357], [77.50883112734611, 9.952119493596735], [77.50882698638215, 9.951577341026956], [77.50891812951375, 9.951576656816137], [77.50891950986501, 9.951757374324425], [77.50901065304154, 9.95175669006869], [77.5090113432531, 9.951847048818342], [77.5091024864476, 9.951846364535657], [77.50910524744657, 9.952207799498334], [77.50901410415327, 9.952208483807967], [77.50901617489576, 9.952479560038958], [77.50892503151262, 9.95248024434859], [77.50892641199863, 9.952660961847895], [77.5088352685616, 9.952661646139564], [77.50883595878214, 9.952752004889216], [77.50856252835426, 9.952754057638455], [77.50856183820558, 9.952663698861853], [77.50847069474159, 9.952664383054707], [77.50846793431754, 9.95230294792135]]]}, "id": "+7512+9889", "properties": {"count": 48, "water": 1}}, {"type": "Feature", "geometry": {"geodesic": false, "type": "Polygon", "coordinates": [[[77.50916984213659, 10.055583378347956], [77.5094433584524, 10.055581304119999], [77.50944266077583, 10.055490945963236], [77.5097161769569, 10.055488871528665], [77.50971547921745, 10.05539851339885], [77.51008016726723, 10.055395747162697], [77.51008156295273, 10.055576463386394], [77.51017273500112, 10.05557577175549], [77.5101734328843, 10.055666129858356], [77.50999108873364, 10.05566751311118], [77.50999178656292, 10.05575787123201], [77.50971827022016, 10.05575994594506], [77.50971896798656, 10.055850304083856], [77.50935427932592, 10.055853070041533], [77.50935497700249, 10.055943428198296], [77.50926380479241, 10.05594411963157], [77.50926310714279, 10.055853761465823], [77.50917193495967, 10.055854452872149], [77.50916984213659, 10.055583378347956]]]}, "id": "+7516+8740", "properties": {"count": 38, "water": 1}}, {"type": "Feature", "geometry": {"geodesic": false, "type": "Polygon", "coordinates": [[[77.51374732335185, 9.951359641082163], [77.51411189423438, 9.951356898768147], [77.51411258582036, 9.951447257167455], [77.51420372854773, 9.951446571519332], [77.51420511178259, 9.951627288299983], [77.51429625455486, 9.951626602615928], [77.51430247967318, 9.952439828021065], [77.51439362266106, 9.95243914225616], [77.51439500613846, 9.952619858991897], [77.51448614917125, 9.952619173191058], [77.5144875327295, 9.952799889917813], [77.51439638964281, 9.952800575736616], [77.51439708140846, 9.952890934099992], [77.51412365204058, 9.952892991421656], [77.51412296035578, 9.95280263303133], [77.51403181724214, 9.95280331875132], [77.51403250890897, 9.952893677141645], [77.5139413657594, 9.952894362843669], [77.51394067412849, 9.952804004444358], [77.5138495309969, 9.95280469011045], [77.51384607303102, 9.95235289807797], [77.51375493002517, 9.952353583681179], [77.51375216386987, 9.95199215002106], [77.51384330677689, 9.951991464435817], [77.51384261522684, 9.951901106027524], [77.51393375810692, 9.951900420415333], [77.5139316834298, 9.95162934519944], [77.51384054063057, 9.951630030784681], [77.51383915759335, 9.951449313959113], [77.51374801483902, 9.951449999508423], [77.51374732335185, 9.951359641082163]]]}, "id": "+7569+9891", "properties": {"count": 88, "water": 1}}, {"type": "Feature", "geometry": {"geodesic": false, "type": "MultiPolygon", "coordinates": [[[[77.51795373866747, 9.988738367757506], [77.51786258584305, 9.98873905697194], [77.51786119532285, 9.98855834110757], [77.51795234810237, 9.988557651911101], [77.51795373866747, 9.988738367757506]]], [[[77.51952977773081, 9.992160244001148], [77.51952768985744, 9.991889170608836], [77.51970999702445, 9.991887790814525], [77.51971138903585, 9.992068506382452], [77.51989369627474, 9.992067126462377], [77.5198950884119, 9.992247842003355], [77.51980393474305, 9.992248531990342], [77.51980323870141, 9.99215817421087], [77.51952977773081, 9.992160244001148]]], [[[77.51795373866747, 9.988738367757506], [77.5184095026998, 9.988734921317018], [77.51840880728699, 9.988644563420767], [77.51849996004854, 9.9886438740626], [77.5185006554883, 9.98873423194987], [77.51859180826781, 9.988733542564754], [77.51859389469489, 9.989004616208597], [77.51868504754627, 9.989003926769582], [77.51868643857851, 9.989184642517172], [77.5187775914748, 9.989183953051208], [77.51877828703134, 9.98927431091153], [77.51868713410809, 9.989275000386476], [77.51868782964668, 9.989365358264761], [77.51859667669648, 9.989366047721742], [77.51859945879688, 9.989727479225905], [77.51841715267192, 9.9897288581219], [77.51841784816557, 9.989819216009169], [77.5185090012595, 9.989818526570154], [77.51851108784827, 9.990089600213997], [77.51878454730073, 9.99008753168136], [77.5187838516813, 9.989997173821038], [77.51896615790508, 9.989995794691483], [77.51896685356942, 9.990086152542819], [77.5190580066903, 9.990085462933125], [77.51905939808186, 9.990266178617832], [77.51915055124765, 9.990265488972206], [77.51915124698385, 9.990355846805576], [77.51924240016761, 9.990355157124016], [77.51924309593076, 9.990445514948403], [77.51915194272006, 9.990446204638946], [77.51915263846524, 9.990536562472318], [77.5190614852276, 9.99053725213591], [77.51906357242723, 9.990808325645006], [77.51897241909974, 9.990809015308598], [77.51897381055417, 9.990989730993306], [77.51915611729899, 9.990988351621205], [77.5191568130801, 9.991078709454575], [77.51906565968973, 9.991079399154101], [77.51906705122502, 9.991260114829824], [77.5191582046693, 9.991259425112332], [77.51915890047736, 9.99134978293672], [77.51934120739286, 9.991348403420888], [77.51934259912576, 9.991529119051696], [77.51943375262394, 9.99152842923539], [77.51943444852184, 9.991618787050793], [77.51925214147161, 9.991620166656459], [77.51925562081738, 9.992071955751445], [77.51943792812813, 9.992070576073917], [77.51943862406196, 9.992160933880339], [77.51952977773081, 9.992160244001148], [77.51953047370057, 9.992250601798586], [77.51943932001376, 9.99225129168676], [77.51944001596556, 9.992341649484198], [77.51971347709787, 9.992339579738832], [77.51971486918113, 9.992520295297776], [77.51944140788713, 9.992522365088057], [77.51944210386587, 9.992612722894478], [77.5191686424461, 9.992614792478145], [77.51916933834401, 9.992705150293549], [77.51907818450448, 9.99270584011884], [77.51908096808711, 9.993067271416388], [77.51917212202545, 9.993066581573132], [77.51917281796827, 9.993156939388538], [77.51908166399399, 9.993157629240777], [77.51908375176853, 9.993428702704955], [77.51917490581468, 9.99342801283475], [77.51917768971171, 9.993789444096366], [77.51926884385666, 9.993788754172263], [77.51926953987135, 9.993879111978684], [77.51945184817922, 9.993877732058609], [77.51945532861195, 9.99432952101885], [77.51954648288267, 9.994328830986948], [77.5195478751456, 9.994509546554873], [77.51963902946123, 9.99450885648704], [77.51963972562864, 9.994599214266511], [77.51973087996224, 9.994598524162743], [77.51973157616557, 9.994688881933232], [77.51982273051713, 9.994688191802515], [77.51982342674741, 9.99477854956402], [77.51973227236888, 9.994779239703721], [77.5197336648025, 9.994959955235714], [77.51991597364936, 9.994958574911399], [77.51991318861147, 9.994597143883343], [77.5204601143885, 9.994593002461237], [77.52046081079844, 9.994683360177827], [77.52082542795317, 9.994680598702745], [77.52082473144442, 9.99459024100412], [77.52091588569716, 9.994589550585943], [77.5209179752953, 9.99486062364588], [77.52082682097068, 9.994861314091008], [77.52082751749741, 9.994951671780647], [77.52073636314584, 9.994952362207808], [77.52073705964561, 9.995042719906433], [77.5206459052581, 9.995043410306645], [77.52064660173991, 9.99513376801425], [77.52046429290203, 9.995135148760774], [77.52046498933893, 9.995225506477365], [77.52037383488855, 9.995226196823676], [77.52037453130747, 9.99531655454925], [77.52019222232586, 9.995317935170009], [77.52019291870884, 9.995408292904566], [77.52010176417762, 9.995408983187996], [77.52010246054265, 9.995499340931536], [77.51982899684116, 9.99550141164708], [77.51982969313431, 9.995591769408586], [77.51946507468601, 9.995594530039252], [77.51946437849166, 9.99550417225978], [77.51937322388856, 9.99550486234558], [77.5193711354313, 9.995233788971234], [77.51927998089108, 9.995234479021102], [77.51927789256855, 9.994963405619805], [77.5191867381002, 9.994964095624757], [77.51918325782019, 9.994512306583669], [77.51909210346862, 9.99451299652574], [77.51908792750629, 9.993970849624331], [77.51899677329845, 9.993971539512502], [77.51899468547899, 9.993700466030356], [77.51890353134301, 9.993701155873612], [77.51890074777836, 9.993339724531147], [77.51880959373221, 9.993340414320505], [77.51880820204421, 9.993159698635797], [77.51871704804299, 9.993160388389223], [77.51871635223492, 9.993070030537885], [77.5188075062092, 9.993069340793443], [77.51880611454814, 9.992888625108735], [77.51871496062776, 9.992889314844193], [77.51871287327542, 9.992618241290183], [77.51862171941794, 9.992618930971743], [77.51861963220033, 9.992347857399766], [77.51852847841471, 9.992348547036409], [77.51852639132288, 9.992077473437483], [77.51843523760911, 9.992078163038194], [77.51843175939521, 9.991626373655745], [77.51834060579823, 9.991627063202557], [77.51833712786281, 9.991175273775193], [77.51824597439159, 9.991175963259122], [77.51824180124099, 9.990633815899573], [77.51815064790452, 9.990634505320621], [77.51814717059791, 9.990182715803424], [77.51805601737823, 9.990183405170574], [77.51805462655261, 9.990002689342136], [77.51796347337783, 9.990003378673352], [77.51795582456455, 9.989009441536096], [77.51804697746084, 9.989008752276744], [77.51804558680591, 9.988828036439322], [77.51795443396351, 9.988828725689691], [77.51795373866747, 9.988738367757506]]]]}, "id": "+7608+9479", "properties": {"count": 616, "water": 1}}, {"type": "Feature", "geometry": {"geodesic": false, "type": "Polygon", "coordinates": [[[77.51953604171922, 9.992973464160125], [77.51990065723004, 9.99297070415828], [77.51989996110755, 9.992880346396774], [77.52026457641176, 9.99287758602662], [77.52026945012253, 9.993510090204444], [77.52036060411477, 9.993509400010845], [77.5203626930212, 9.993780473205529], [77.52018038489298, 9.993781853610693], [77.52018177743439, 9.993962569097771], [77.5202729315524, 9.99396187889519], [77.52027362785454, 9.994052236629745], [77.52009131956463, 9.994053617025926], [77.52009340837225, 9.99432469027451], [77.52000225413745, 9.994325380450144], [77.52000155788922, 9.994235022697621], [77.5199104036724, 9.994235712846304], [77.51990970746007, 9.994145355093782], [77.52000086164097, 9.994144664945098], [77.51999877295911, 9.993873591678549], [77.51990761884112, 9.993874281809266], [77.51990553028503, 9.993603208515767], [77.52008783835934, 9.993601828281282], [77.52008644591675, 9.993421112776238], [77.51990413795023, 9.993422492992757], [77.51990344179183, 9.993332135222268], [77.51972113385226, 9.993333515322005], [77.51972043774774, 9.993243157542533], [77.51953812982615, 9.993244537534473], [77.51953604171922, 9.992973464160125]]]}, "id": "+7633+9431", "properties": {"count": 65, "water": 1}}, {"type": "Feature", "geometry": {"geodesic": false, "type": "MultiPolygon", "coordinates": [[[[77.52413418160786, 9.998179668184866], [77.52404302658256, 9.99818035973492], [77.52404372423217, 9.998270717190998], [77.52395256917991, 9.998271408723088], [77.52395326680258, 9.998361766170182], [77.524135576952, 9.998360383070072], [77.52413627463756, 9.998450740517168], [77.52431858481393, 9.998449357300276], [77.52431788707447, 9.998358999871147], [77.52422673202223, 9.998359691484085], [77.52422603431872, 9.998269334045972], [77.52504642936678, 9.998263108685121], [77.52504503352856, 9.998082393925678], [77.52513618845504, 9.998081702106129], [77.52513688639212, 9.998172059481359], [77.52541035119853, 9.998169983852028], [77.52541104922544, 9.998260341209292], [77.52568451404085, 9.998258265337418], [77.5256852121486, 9.998348622676716], [77.52577636710204, 9.998347930659536], [77.52577706523674, 9.99843828798985], [77.52586822020815, 9.998437595945722], [77.52586891837879, 9.998527953267052], [77.52596007335917, 9.998527261186991], [77.52596146977231, 9.998707975811687], [77.5260526248066, 9.998707283704677], [77.52605332304012, 9.998797641008041], [77.52614447809238, 9.998796948865097], [77.52614587464026, 9.998977663462844], [77.52596356442797, 9.99897904774873], [77.52596426266149, 9.999069405061078], [77.52569079722625, 9.999071481328212], [77.5256914953879, 9.999161838649542], [77.52459763273966, 9.999170141544152], [77.52459693487445, 9.999079784141971], [77.52368538218698, 9.999086700415075], [77.52368468458228, 9.998996342950013], [77.52341121872485, 9.998998417321701], [77.52341052120099, 9.99890805982969], [77.52322821064733, 9.99890944261539], [77.52322751317737, 9.998819085114397], [77.52304520265066, 9.998820467783315], [77.52304450523461, 9.998730110264354], [77.52277103946699, 9.99873218406112], [77.52277034214077, 9.998641826524194], [77.522588031641, 9.99864320892362], [77.52258733436868, 9.998552851368727], [77.52231386864598, 9.998554924752266], [77.5223131714635, 9.99846456718839], [77.52213086099967, 9.998465949309338], [77.52213016386209, 9.998375591727495], [77.52185669819329, 9.998377664697811], [77.52185600114554, 9.998287307098003], [77.5217648459316, 9.99828799802822], [77.5217641489108, 9.998197640419429], [77.52139952809992, 9.99820040388877], [77.52139883119591, 9.99811004625303], [77.52112536558998, 9.998112118567576], [77.52112466875784, 9.998021760913868], [77.52103351357084, 9.99802245162849], [77.52103281677462, 9.997932093974782], [77.52085050642758, 9.997933475314195], [77.52084980968526, 9.997843117642521], [77.52057634419612, 9.99784518945401], [77.52057495088216, 9.997664474065747], [77.52075726112142, 9.997663092905997], [77.52075795781882, 9.997753450586654], [77.52103142320016, 9.9977513786494], [77.52103211998738, 9.997841736312091], [77.5213055853777, 9.99783966412331], [77.52130488851861, 9.997749306478585], [77.52139604361578, 9.997748615710064], [77.52139674050183, 9.997838973345806], [77.52148789560798, 9.997838282541352], [77.52148859252996, 9.99792864016811], [77.52157974766305, 9.997927949336708], [77.521580444603, 9.998018306963466], [77.52176275489616, 9.998016925201846], [77.52176345189899, 9.998107282810636], [77.52194576221909, 9.99810590094122], [77.5219464592848, 9.998196258541027], [77.52221992478292, 9.998194185525795], [77.52221853051675, 9.998013470371093], [77.52230968561392, 9.998012779333079], [77.52231038276946, 9.998103136905938], [77.52249269300872, 9.998101754740075], [77.52249339021816, 9.998192112294968], [77.52258454535125, 9.998191421167121], [77.52258524259663, 9.998281778722014], [77.52276755288977, 9.998280396376488], [77.52276825019804, 9.998370753913415], [77.52285940535809, 9.998370062695736], [77.52285870803186, 9.998279705167793], [77.52294986316497, 9.998279013932148], [77.52294916582078, 9.998188656413188], [77.52304032091794, 9.998187965159577], [77.52304101828908, 9.998278322678537], [77.52313217340422, 9.998277631388993], [77.52313287081128, 9.998367988907953], [77.52367980153802, 9.998363840640685], [77.52367910397824, 9.99827348316664], [77.52377025905744, 9.998272791706416], [77.5237695614797, 9.998182434241356], [77.52395187155726, 9.998181051267009], [77.52395117394357, 9.998090693810932], [77.52413348394028, 9.998089310746753], [77.52413418160786, 9.998179668184866]]], [[[77.52413418160786, 9.998179668184866], [77.52422533661519, 9.99817897660786], [77.52422603431872, 9.998269334045972], [77.52413487927544, 9.99827002563196], [77.52413418160786, 9.998179668184866]]]]}, "id": "+7638+9378", "properties": {"count": 372, "water": 1}}, {"type": "Feature", "geometry": {"geodesic": false, "type": "MultiPolygon", "coordinates": [[[[77.52632399495737, 9.998434135347786], [77.52650630481034, 9.998432750936136], [77.52650770151095, 9.998613465488965], [77.52659885647337, 9.998612773238225], [77.5265995548596, 9.998703130505657], [77.52669070984, 9.998702438218983], [77.52669140826217, 9.998792795477431], [77.52687371825887, 9.998791410814253], [77.52687301979178, 9.998701053564787], [77.5269641747632, 9.998700361206248], [77.52696487324823, 9.998790718446731], [77.52705602823761, 9.99879002605226], [77.52705672675859, 9.998880383292741], [77.52669210667534, 9.99888315273588], [77.52669280510649, 9.998973509994329], [77.52651049497504, 9.998974894585643], [77.5265097965978, 9.998884537309229], [77.52641864155451, 9.998885229559969], [77.52641794320422, 9.998794872283554], [77.52632678816992, 9.998795564498362], [77.52632608985556, 9.998705207212964], [77.52623493484822, 9.998705899400823], [77.52623353829135, 9.99852518481206], [77.52632469325377, 9.998524492642169], [77.52632399495737, 9.998434135347786]]], [[[77.52632399495737, 9.998434135347786], [77.52614168507745, 9.998435519660623], [77.52614098683495, 9.998345162357257], [77.52632329666994, 9.998343778062388], [77.52632399495737, 9.998434135347786]]]]}, "id": "+7699+9370", "properties": {"count": 25, "water": 1}}, {"type": "Feature", "geometry": {"geodesic": false, "type": "Polygon", "coordinates": [[[77.53164129722656, 9.966947632615671], [77.53191473458944, 9.966945558073304], [77.53191543218516, 9.967035915143107], [77.53200657798476, 9.967035223566102], [77.53200867087072, 9.96730629474856], [77.53209981673322, 9.967305603135623], [77.53210470054104, 9.967938102480511], [77.53201355449889, 9.967938794138364], [77.53201494987897, 9.96811950825102], [77.53183265767788, 9.968120891512827], [77.53182986713333, 9.9677594632426], [77.53173872111812, 9.967760154819604], [77.53173523322039, 9.967308369434658], [77.53164408733095, 9.967309060948782], [77.53164129722656, 9.966947632615671]]]}, "id": "+7763+9717", "properties": {"count": 45, "water": 1}}, {"type": "Feature", "geometry": {"geodesic": false, "type": "Polygon", "coordinates": [[[77.5440508325573, 10.003811101355577], [77.54423314289538, 10.00380970649652], [77.54423243927197, 10.003719350495713], [77.54450590465329, 10.003717258040938], [77.54450660834857, 10.00380761402378], [77.54468891862376, 10.003806218913192], [77.54468962237294, 10.003896574878068], [77.54487193266608, 10.003895179659684], [77.54487263647815, 10.003985535615577], [77.54478148130912, 10.003986233238242], [77.5447821851032, 10.004076589203118], [77.54469102989825, 10.0040772868168], [77.54469173367437, 10.004167642781676], [77.54460057844246, 10.004168340377392], [77.54459987469328, 10.004077984403535], [77.54450871947932, 10.00407868196332], [77.54450942320155, 10.004169037946161], [77.54441826795167, 10.004169735487979], [77.54441756425639, 10.004079379496154], [77.54423525379256, 10.004080774498942], [77.54423455015119, 10.003990418498134], [77.54414339493724, 10.003991115950122], [77.54414269133179, 10.003900759949314], [77.5440515361358, 10.00390145737435], [77.5440508325573, 10.003811101355577]]]}, "id": "+7898+9309", "properties": {"count": 26, "water": 1}}, {"type": "Feature", "geometry": {"geodesic": false, "type": "MultiPolygon", "coordinates": [[[[77.54508896803723, 10.043381381102726], [77.54518013419266, 10.043380680668333], [77.54518225440538, 10.043651747826338], [77.545364586851, 10.043650346849754], [77.54536388005653, 10.04355999114539], [77.5454550462389, 10.043559290621166], [77.54545433942647, 10.043468934925786], [77.54563667172835, 10.043467533823437], [77.5456373785857, 10.043557889509835], [77.54554621241229, 10.043558590078975], [77.54554691926066, 10.043648945774356], [77.54545575306031, 10.043649646325528], [77.5454571667211, 10.04383035771629], [77.54536600045789, 10.043831058258482], [77.54536741409173, 10.044011769667208], [77.54527624777461, 10.044012470191433], [77.54527695457806, 10.04410282590478], [77.545185788225, 10.044103526411037], [77.54518649501048, 10.044193882124384], [77.54509532863047, 10.044194582612677], [77.5450967421655, 10.044375294057335], [77.54500557572261, 10.044375994536646], [77.54500628248114, 10.044466350258975], [77.54482394953249, 10.044467751154711], [77.54482324282785, 10.044377395414415], [77.54473207636698, 10.044378095812876], [77.54473066302958, 10.0441973843233], [77.54463949661364, 10.044198084685828], [77.54463808335709, 10.044017373178287], [77.54454691698606, 10.044018073504882], [77.54454550381035, 10.043837361988357], [77.54445433748425, 10.043838062270037], [77.54445151130352, 10.043476639201057], [77.54481617616779, 10.043473837993488], [77.54481829609304, 10.04374490522336], [77.54500062863745, 10.04374350443542], [77.54499992194181, 10.043653148704108], [77.54490875569655, 10.043653849102569], [77.54490734236813, 10.04347313763096], [77.54508967474187, 10.043471736825056], [77.54508896803723, 10.043381381102726]]], [[[77.54508896803723, 10.043381381102726], [77.5449978018818, 10.04338208151017], [77.5449956818757, 10.043111014307248], [77.5448133496906, 10.043112415014338], [77.54481264308478, 10.04302205926506], [77.54472147700122, 10.043022759573688], [77.54471935730953, 10.042751692307885], [77.54499285530869, 10.042749591373013], [77.54499214868491, 10.042659235632717], [77.54508331464271, 10.042658535279173], [77.54508402129345, 10.042748891010486], [77.54517518726921, 10.042748190621008], [77.54517660064255, 10.042928902065668], [77.54535893268391, 10.042927501187897], [77.54535963942448, 10.043017856901244], [77.5451773073382, 10.043019257787996], [77.54517801404283, 10.043109613510326], [77.54508684796825, 10.04311031391777], [77.54508896803723, 10.043381381102726]]]]}, "id": "+7901+8878", "properties": {"count": 105, "water": 1}}, {"type": "Feature", "geometry": {"geodesic": false, "type": "MultiPolygon", "coordinates": [[[[77.54252272506429, 9.959635969651712], [77.54252412504374, 9.95981668237198], [77.54261526808553, 9.959815988405456], [77.54261596811567, 9.959906344756607], [77.54270711117542, 9.959905650763133], [77.54270781123252, 9.959996007105302], [77.54252552505015, 9.959997395092246], [77.54252482504694, 9.959907038732114], [77.54234253889153, 9.959908426602277], [77.54234183894222, 9.959818070233162], [77.54243298199299, 9.959817376320537], [77.54243158206742, 9.959636663582303], [77.54252272506429, 9.959635969651712]]], [[[77.5427947539227, 9.959453175031875], [77.54270361098872, 9.959453869025348], [77.5427043110099, 9.959544225376499], [77.54261316804897, 9.959544919343022], [77.54261386806115, 9.959635275703155], [77.54252272506429, 9.959635969651712], [77.54252202508803, 9.95954561329158], [77.54243088210914, 9.959546307222169], [77.54242878228818, 9.95927523811482], [77.54251992518623, 9.959274544211178], [77.54251852528762, 9.959093831481928], [77.5424273824345, 9.959094525376587], [77.54242598261673, 9.958913812638352], [77.54251712541597, 9.95891311876166], [77.54251572556228, 9.95873240603241], [77.54260686830762, 9.958731712137753], [77.54260616836729, 9.958641355777619], [77.5426973110767, 9.958640661873979], [77.54269801104395, 9.958731018225128], [77.5428802964987, 9.95872963031903], [77.54287959648651, 9.958639273976864], [77.54297073916896, 9.958638579992375], [77.54297143920809, 9.958728936325558], [77.5430625819175, 9.95872824231412], [77.54306328199256, 9.95881859863832], [77.54315442471993, 9.958817904599933], [77.54315372462689, 9.95872754827573], [77.54324486731834, 9.958726854210393], [77.54324696769625, 9.958997923156046], [77.54333811045954, 9.958997229045792], [77.54333741030364, 9.958906872739558], [77.54342855303997, 9.958906178611338], [77.54342925322284, 9.95899653490859], [77.5436115387135, 9.9589951465713], [77.54361083848573, 9.958904790283032], [77.54370198119513, 9.958904096082948], [77.54370058069465, 9.958723383524378], [77.54360943803916, 9.958724077706496], [77.54360873782035, 9.958633721418227], [77.54351759517384, 9.958634415573398], [77.54351619481709, 9.958453702987878], [77.54360733741869, 9.95845300884169], [77.54360803761054, 9.958543365129959], [77.54379032283171, 9.958541976756738], [77.54378962258596, 9.958451620477453], [77.54397190772629, 9.958450232023385], [77.54397120742664, 9.958359875753082], [77.54451806254218, 9.958355709815951], [77.5445173621078, 9.958265353590566], [77.54460850457464, 9.958264659183868], [77.54460990550632, 9.958445371625658], [77.54470104801808, 9.958444677183026], [77.54470174852435, 9.95853503339943], [77.54515746111913, 9.958531560782037], [77.54515676048712, 9.958441204601565], [77.54533904542981, 9.958439815401894], [77.54533974610675, 9.958530171564398], [77.54524860361293, 9.958530866186692], [77.5452493042719, 9.958621222358179], [77.54515816175116, 9.958621916962507], [77.54515886238318, 9.958712273142977], [77.54506771983547, 9.958712967729337], [77.54506842044954, 9.958803323909809], [77.5449772778659, 9.958804018478203], [77.54497797847097, 9.958894374667656], [77.5448868358514, 9.958895069218084], [77.54488753642953, 9.958985425416522], [77.54470525112751, 9.958986814454496], [77.54470595166072, 9.959077170661915], [77.54461480897827, 9.959077865149462], [77.5446155094935, 9.959168221356881], [77.54443322404775, 9.959169610269091], [77.54443392452706, 9.959259966503462], [77.54425163900046, 9.95926135532584], [77.54425233943485, 9.959351711569193], [77.54416119664461, 9.959352405948941], [77.54416189706103, 9.959442762192294], [77.54407075422587, 9.959443456554075], [77.54407145462433, 9.959533812806411], [77.5439803117712, 9.959534507150227], [77.54398101215169, 9.959624863411547], [77.54388986925365, 9.959625557737395], [77.54389056961617, 9.959715913998714], [77.54379942669118, 9.959716608306596], [77.54380012703574, 9.959806964576899], [77.54361784111389, 9.959808353129784], [77.54361854141352, 9.95989870940907], [77.54352739842565, 9.959899403663053], [77.54352809870733, 9.959989759951322], [77.54334581265073, 9.95999114837844], [77.54334651288748, 9.960081504675692], [77.54316422675004, 9.960082893021964], [77.54316492694188, 9.960173249337181], [77.54298264073256, 9.960174637593623], [77.54298194058563, 9.96008428126942], [77.54279965439427, 9.960085669418064], [77.54279895431023, 9.959995313075895], [77.54289009737896, 9.959994619019541], [77.54288799708189, 9.959723550019989], [77.54279685408503, 9.959724244058377], [77.5427947539227, 9.959453175031875]], [[77.5427947539227, 9.959453175031875], [77.54279335384443, 9.959272462347542], [77.54288449671553, 9.959271768345085], [77.54288589683873, 9.959452481020437], [77.5427947539227, 9.959453175031875]]]]}, "id": "+7903+9812", "properties": {"count": 316, "water": 1}}, {"type": "Feature", "geometry": {"geodesic": false, "type": "MultiPolygon", "coordinates": [[[[77.54617520886657, 10.030722478300008], [77.54617238454534, 10.030361055419673], [77.54608122209996, 10.030361755225247], [77.54608051606007, 10.030271399502917], [77.54617167847852, 10.030270699706326], [77.54616885429205, 10.029909276817008], [77.54607769197241, 10.029909976586648], [77.54607698596847, 10.029819620855335], [77.54616814826115, 10.029818921094678], [77.54616320623352, 10.029186431011421], [77.54625436834652, 10.029185731268731], [77.54626637140179, 10.030721778440537], [77.54617520886657, 10.030722478300008]]], [[[77.54636530192079, 10.031714991284147], [77.54645646471653, 10.031714291307894], [77.54645858347396, 10.031985358385052], [77.54654974635055, 10.031984658363884], [77.54655186524275, 10.032255725414092], [77.54636953934586, 10.032257125474395], [77.54636530192079, 10.031714991284147]]], [[[77.54617520886657, 10.030722478300008], [77.54617591496034, 10.030812834013355], [77.54608475239817, 10.030813533854861], [77.54608404632236, 10.030723178132531], [77.54617520886657, 10.030722478300008]]], [[[77.54617591496034, 10.030812834013355], [77.54626707752251, 10.030812134153884], [77.5462713143996, 10.031354268407014], [77.54618015168472, 10.031354968311401], [77.54617591496034, 10.030812834013355]]], [[[77.5462713143996, 10.031354268407014], [77.5463624771055, 10.03135356848466], [77.54636530192079, 10.031714991284147], [77.54627413911608, 10.031715691233451], [77.5462713143996, 10.031354268407014]]]]}, "id": "+7915+9027", "properties": {"count": 39, "water": 1}}, {"type": "Feature", "geometry": {"geodesic": false, "type": "MultiPolygon", "coordinates": [[[[77.5464126335243, 10.037768821922409], [77.54650379800886, 10.037768121514965], [77.5465045047045, 10.037858477174412], [77.546413340193, 10.037859177581856], [77.5464126335243, 10.037768821922409]]], [[[77.54667411333158, 10.036230674597265], [77.54667199347818, 10.035959607636888], [77.54676315744173, 10.035958907283344], [77.54676527736699, 10.036229974225755], [77.54667411333158, 10.036230674597265]]], [[[77.54667411333158, 10.036230674597265], [77.54667693989859, 10.036592097208107], [77.54658577574641, 10.036592797579617], [77.54659072231951, 10.037225287168802], [77.54649955798766, 10.037225987567263], [77.5465023846445, 10.03758741019607], [77.54641122020486, 10.03758811059453], [77.5464126335243, 10.037768821922409], [77.54632146902176, 10.037769522302904], [77.546317229306, 10.037227388283336], [77.54640839364683, 10.037226687938773], [77.54640486059976, 10.03677490959662], [77.54649602481484, 10.036774209261042], [77.5464939049884, 10.036503142264731], [77.54658506912261, 10.036502441929153], [77.5465829492872, 10.03623137495081], [77.54667411333158, 10.036230674597265]]]]}, "id": "+7920+8952", "properties": {"count": 31, "water": 1}}, {"type": "Feature", "geometry": {"geodesic": false, "type": "Polygon", "coordinates": [[[77.54674410226114, 10.045175881594746], [77.54683526880285, 10.045175180585431], [77.54683385418984, 10.0449944693923], [77.54710735361732, 10.044992366247573], [77.54710947577938, 10.045263432974389], [77.5472006423121, 10.045262731857276], [77.54720347205915, 10.045624154117773], [77.54711230541864, 10.045624855261837], [77.54711089058104, 10.045444144122603], [77.54683739077626, 10.045446247357162], [77.54683668345179, 10.04535589176958], [77.54674551685619, 10.04535659279686], [77.54674410226114, 10.045175881594746]]]}, "id": "+7923+8852", "properties": {"count": 21, "water": 1}}, {"type": "Feature", "geometry": {"geodesic": false, "type": "MultiPolygon", "coordinates": [[[[77.54783739270052, 10.045077112287398], [77.54783810029448, 10.0451674678121], [77.54774693382464, 10.045168169099892], [77.54774764140065, 10.045258524624591], [77.54765647490385, 10.04525922589442], [77.54765930515396, 10.045620648029152], [77.54756813854937, 10.04562134929898], [77.54756955366543, 10.04580206037533], [77.54766072031494, 10.045801359087536], [77.5476614279089, 10.04589171462122], [77.54747909453803, 10.045893117169856], [77.54747555690058, 10.045441339447539], [77.54738439033193, 10.045442040654484], [77.54738368284575, 10.045351685102835], [77.54747484938746, 10.04535098389589], [77.54747343438817, 10.045170272801574], [77.5476557673548, 10.045168870360735], [77.54765505981473, 10.045078514818067], [77.54783739270052, 10.045077112287398]]], [[[77.54783739270052, 10.045077112287398], [77.54783668512451, 10.044986756762698], [77.54801901792945, 10.044985354142197], [77.54801972556832, 10.04507570964893], [77.54783739270052, 10.045077112287398]]]]}, "id": "+7933+8852", "properties": {"count": 20, "water": 1}}, {"type": "Feature", "geometry": {"geodesic": false, "type": "Polygon", "coordinates": [[[77.54820559691801, 10.045526084391419], [77.54884376251232, 10.045521173804818], [77.5488451783201, 10.045701884710487], [77.54875401177839, 10.045702586303708], [77.5487554275592, 10.045883297218362], [77.54893776074142, 10.045881893960056], [77.54893988461927, 10.046152960282628], [77.54903105127777, 10.046152258599577], [77.54903529936583, 10.046694391190824], [77.54912646616803, 10.04669368944489], [77.5491292984663, 10.047055111130467], [77.54903813156527, 10.04705581290335], [77.54903742350417, 10.046965457468481], [77.54894625662111, 10.046966159214413], [77.5489448405708, 10.046785448344677], [77.54885367373265, 10.046786150045694], [77.54885225776319, 10.046605439157991], [77.54876109096995, 10.046606140823076], [77.54875967508133, 10.046425429926389], [77.54866850832403, 10.046426131555542], [77.54866780041566, 10.046335776093724], [77.5485766336853, 10.046336477695926], [77.54857451006797, 10.04606541130149], [77.5484833434005, 10.046066112849793], [77.54848121991792, 10.045795046428406], [77.54829888671773, 10.045796449417216], [77.54829817896206, 10.045706093937431], [77.54820701237544, 10.045706795386922], [77.54820559691801, 10.045526084391419]]]}, "id": "+7942+8846", "properties": {"count": 66, "water": 1}}, {"type": "Feature", "geometry": {"geodesic": false, "type": "Polygon", "coordinates": [[[77.5483546886618, 10.017964835430107], [77.54862816509242, 10.017962736633226], [77.54862887094365, 10.018053092247758], [77.54881118858502, 10.01805169291509], [77.54881330635432, 10.01832275971377], [77.54872214746626, 10.018323459411546], [77.5487228533714, 10.018413815017094], [77.54835821764848, 10.018416613592597], [77.5483546886618, 10.017964835430107]]]}, "id": "+7942+9151", "properties": {"count": 22, "water": 1}}, {"type": "Feature", "geometry": {"geodesic": false, "type": "Polygon", "coordinates": [[[77.5486896827741, 10.014167100990365], [77.54896315594384, 10.014165002696542], [77.54896386162439, 10.014255358311074], [77.5490550193626, 10.014254658828895], [77.54905713651206, 10.014525725636558], [77.54896597870199, 10.014526425136703], [77.54896668440949, 10.014616780751235], [77.54924015790262, 10.014614682143002], [77.54924227528564, 10.014885748905748], [77.54933343317657, 10.014885049297805], [77.54933484485208, 10.015065760463987], [77.54951716071479, 10.015064361149285], [77.54951857251608, 10.015245072279534], [77.54960973048784, 10.015244372572777], [77.54961114236998, 10.015425083694042], [77.5495199843443, 10.015425783409784], [77.5495206902674, 10.015516138979399], [77.54942953221479, 10.015516838677174], [77.54942882630965, 10.015426483107557], [77.54933766827499, 10.015427182778383], [77.54933696240579, 10.015336827199784], [77.54924580438909, 10.015337526834676], [77.54924439273154, 10.015156815668496], [77.54915323475078, 10.015157515267456], [77.54915182316509, 10.014976804074324], [77.54906066523823, 10.014977503637352], [77.54905995947682, 10.014887148040787], [77.54896880156794, 10.01488784756788], [77.54896739011699, 10.014707136356783], [77.54887623225301, 10.014707835847947], [77.54887482088292, 10.014527124618882], [77.54878366305488, 10.014527824074111], [77.54878225176563, 10.014347112827082], [77.5486910939825, 10.01434781224638], [77.5486896827741, 10.014167100990365]]]}, "id": "+7946+9193", "properties": {"count": 44, "water": 1}}, {"type": "Feature", "geometry": {"geodesic": false, "type": "MultiPolygon", "coordinates": [[[[77.54911584601525, 10.04533835803864], [77.5492070124312, 10.04533765636457], [77.54920630445096, 10.045247300938685], [77.54929747083995, 10.04524659924665], [77.54929888685433, 10.045427310080456], [77.54920772042043, 10.045428011781473], [77.54920842841862, 10.04551836720736], [77.54929959487949, 10.045517665497357], [77.54930030290464, 10.04560802091426], [77.54957380232315, 10.045605915604593], [77.54957451042915, 10.04569627100353], [77.5497568433868, 10.045694867323016], [77.54975755155569, 10.04578522271297], [77.54966638504992, 10.045785924566701], [77.54966709320084, 10.045876279956655], [77.54957592666811, 10.04587698179242], [77.54957663480107, 10.045967337191355], [77.54948546823242, 10.045968039009155], [77.54948759258636, 10.046239105214946], [77.54930525927837, 10.046240508814611], [77.54930455120831, 10.046150153406693], [77.54921338456778, 10.046150855161608], [77.5492105524402, 10.045789433476033], [77.54911938589849, 10.045790135186033], [77.54911584601525, 10.04533835803864]], [[77.54930101093879, 10.045698376331163], [77.54939217744456, 10.045697674576246], [77.54939288550565, 10.045788029984164], [77.54930171898191, 10.045788731748065], [77.54930101093879, 10.045698376331163]]], [[[77.54911584601525, 10.04533835803864], [77.54902467959931, 10.045339059685757], [77.54902397166398, 10.04524870425089], [77.54911513806196, 10.04524800260377], [77.54911584601525, 10.04533835803864]]]]}, "id": "+7947+8849", "properties": {"count": 35, "water": 1}}, {"type": "Feature", "geometry": {"geodesic": false, "type": "Polygon", "coordinates": [[[77.55278093291147, 10.047659505846257], [77.5529632665159, 10.047658100135552], [77.55296255732294, 10.047567744988143], [77.55323605760383, 10.047565636255896], [77.55323676686865, 10.047655991385337], [77.55332793363495, 10.047655288408713], [77.5533300615552, 10.047926353770087], [77.5527830603736, 10.047930571324414], [77.55278093291147, 10.047659505846257]]]}, "id": "+7990+8823", "properties": {"count": 21, "water": 1}}, {"type": "Feature", "geometry": {"geodesic": false, "type": "Polygon", "coordinates": [[[77.55546311065835, 10.052518280937175], [77.55591895046358, 10.052514761095347], [77.5559182401028, 10.052424406181501], [77.55628291172239, 10.05242158989122], [77.5562822012628, 10.052331235004324], [77.55646453697827, 10.052329826715452], [77.55646382648274, 10.052239471846523], [77.55655499430904, 10.052238767666154], [77.55655428378657, 10.052148412797225], [77.55646311598723, 10.052149116968609], [77.55646240550068, 10.052058762090695], [77.5563712377193, 10.052059466226147], [77.5563705272687, 10.051969111348235], [77.55664403051402, 10.051966998887979], [77.55664331998256, 10.051876644019048], [77.55691682309313, 10.05187453135218], [77.55691753369646, 10.051964886194162], [77.55682636597797, 10.051965590446395], [77.55682778714868, 10.052146300148323], [77.5567366193673, 10.052147004391571], [77.55673804051106, 10.052327714102484], [77.55664687267578, 10.052328418327766], [77.55664758323418, 10.052418773187714], [77.55655641536298, 10.052419477404014], [77.55655712590341, 10.052509832263961], [77.55646595800525, 10.052510536462297], [77.55646666852773, 10.052600891331226], [77.55610199675542, 10.05260370788202], [77.55610270717908, 10.052694062777897], [77.55555569917027, 10.052698286889926], [77.55555498889933, 10.052607931958114], [77.55546382090235, 10.05260863587797], [77.55546311065835, 10.052518280937175]]]}, "id": "+8030+8775", "properties": {"count": 45, "water": 1}}, {"type": "Feature", "geometry": {"geodesic": false, "type": "Polygon", "coordinates": [[[77.55658791978304, 10.044828963065703], [77.55695258270694, 10.04482614814086], [77.55695400291646, 10.045006857896686], [77.5568628371473, 10.045007561681796], [77.55686496743014, 10.045278626333502], [77.55695613328014, 10.045277922530428], [77.55695684341634, 10.04536827740834], [77.5566833457765, 10.045370388754685], [77.55668476591416, 10.045551098546444], [77.55677593185399, 10.045550394770318], [77.55677664195424, 10.045640749657215], [77.55659431002967, 10.045642157191502], [77.55658791978304, 10.044828963065703]]]}, "id": "+8031+8853", "properties": {"count": 25, "water": 1}}, {"type": "Feature", "geometry": {"geodesic": false, "type": "Polygon", "coordinates": [[[77.55683880320697, 10.01871286350144], [77.55711227844283, 10.018710757571936], [77.55711298670154, 10.018801112575614], [77.55720414513146, 10.01880041054222], [77.55720485341713, 10.018890765545898], [77.55729601186502, 10.01889006347657], [77.55729672018661, 10.018980418471264], [77.55738787865246, 10.018979716374988], [77.55738929536754, 10.019160426355393], [77.55729813685677, 10.019161128460652], [77.55729884520532, 10.019251483455347], [77.55720768665863, 10.019252185551624], [77.557206978346, 10.019161830547947], [77.55711581981727, 10.019162532608291], [77.5571151115316, 10.019072177604613], [77.55693279451008, 10.01907358163547], [77.5569320862783, 10.018983226613825], [77.5568409277855, 10.018983928593322], [77.55683880320697, 10.01871286350144]]]}, "id": "+8035+9142", "properties": {"count": 21, "water": 1}}, {"type": "Feature", "geometry": {"geodesic": false, "type": "Polygon", "coordinates": [[[77.55753794015456, 10.049701085594606], [77.55762910719034, 10.049700381297457], [77.55762839655108, 10.049610026491408], [77.55771956355991, 10.049609322185276], [77.55772027421713, 10.04969967698234], [77.55817610927026, 10.049696155011505], [77.5581775308542, 10.049876864542753], [77.55808636380944, 10.0498775690016], [77.55808707459242, 10.049967923771716], [77.55799590751172, 10.049968628212595], [77.55799732904177, 10.050149337761809], [77.55781499476359, 10.050150746589669], [77.55781286263023, 10.04987968221644], [77.55753936138815, 10.049881795215684], [77.55753794015456, 10.049701085594606]]]}, "id": "+8039+8800", "properties": {"count": 22, "water": 1}}, {"type": "Feature", "geometry": {"geodesic": false, "type": "Polygon", "coordinates": [[[77.55781570549269, 10.05024110137775], [77.55790687266321, 10.050240396972804], [77.55790758341924, 10.050330751751902], [77.55781641622177, 10.050331456165832], [77.55781570549269, 10.05024110137775]]]}, "id": "+8041+8793", "properties": {"count": 1, "water": 1}}, {"type": "Feature", "geometry": {"geodesic": false, "type": "MultiPolygon", "coordinates": [[[[77.55807996708596, 10.049064376034627], [77.55798880026578, 10.049065080412625], [77.55798808957262, 10.048974725624543], [77.55807925637484, 10.048974021255528], [77.55807996708596, 10.049064376034627]]], [[[77.55880574694199, 10.048606966513283], [77.55880503606018, 10.048516611788084], [77.55889620267375, 10.04851590722144], [77.5588969135825, 10.04860626194664], [77.55880574694199, 10.048606966513283]]], [[[77.55807996708596, 10.049064376034627], [77.55817113390614, 10.049063671638663], [77.55817042316808, 10.048973316868548], [77.55826158995232, 10.048972612445635], [77.55826087919628, 10.048882257684502], [77.55835204595358, 10.048881553243623], [77.55835133517958, 10.048791198491474], [77.55826016844924, 10.048791902914386], [77.55825874696411, 10.04861119338314], [77.55834991364955, 10.048610488969208], [77.55834920289351, 10.048520134208077], [77.55853153617456, 10.048518725317335], [77.55853224698448, 10.048609080060501], [77.55880574694199, 10.048606966513283], [77.55880716872355, 10.048787675963682], [77.55871600202913, 10.048788380521342], [77.55871742379273, 10.048969089980726], [77.55862625703543, 10.048969794529404], [77.55862696789926, 10.049060149263585], [77.55853580111501, 10.049060853785313], [77.55853722281573, 10.04924156328063], [77.55844605597758, 10.049242267784392], [77.55844747765134, 10.049422977288689], [77.55835631075031, 10.049423681783468], [77.55835702156924, 10.0495140365446], [77.55826585464125, 10.049514741021412], [77.55826443304834, 10.049334031499148], [77.55817326616527, 10.049334735940027], [77.55817255540025, 10.049244381169911], [77.55808138853514, 10.049245085583841], [77.55807996708596, 10.049064376034627]]]]}, "id": "+8052+8812", "properties": {"count": 46, "water": 1}}, {"type": "Feature", "geometry": {"geodesic": false, "type": "Polygon", "coordinates": [[[77.55847115056775, 10.017615965526703], [77.55856230856648, 10.017615263196864], [77.55856159998437, 10.017524908283018], [77.55874391590996, 10.017523503569443], [77.55874462453698, 10.017613858474306], [77.55892694048053, 10.017612453643947], [77.55892835785137, 10.01779316341774], [77.55901951586807, 10.017792460953155], [77.55902022458493, 10.017882815831069], [77.55892906655028, 10.017883518304638], [77.55892977525815, 10.017973873191533], [77.55883861718756, 10.017974575638153], [77.55883932587747, 10.018064930534033], [77.55893048396602, 10.01806422807843], [77.55893190140873, 10.01824493784324], [77.55884074326627, 10.01824564031681], [77.55884216068202, 10.018426350090602], [77.55856868605703, 10.018428457394528], [77.5585658515489, 10.018067037757111], [77.55847469342442, 10.0180677401139], [77.55847115056775, 10.017615965526703]]]}, "id": "+8053+9155", "properties": {"count": 41, "water": 1}}, {"type": "Feature", "geometry": {"geodesic": false, "type": "MultiPolygon", "coordinates": [[[[77.55925589219186, 10.047880605851518], [77.55925660315451, 10.047970960549769], [77.5591654367206, 10.04797166517031], [77.55916472578491, 10.047881310463078], [77.55925589219186, 10.047880605851518]]], [[[77.55925589219186, 10.047880605851518], [77.5592551812382, 10.047790251153268], [77.5593463476182, 10.047789546514759], [77.55934705859882, 10.047879901213008], [77.55925589219186, 10.047880605851518]]]]}, "id": "+8057+8820", "properties": {"count": 2, "water": 1}}, {"type": "Feature", "geometry": {"geodesic": false, "type": "Polygon", "coordinates": [[[77.55934421472128, 10.047518482428991], [77.55943538101145, 10.047517777790482], [77.55943680299065, 10.047698487169017], [77.55934563664657, 10.047699191825492], [77.55934421472128, 10.047518482428991]]]}, "id": "+8058+8823", "properties": {"count": 2, "water": 1}}, {"type": "Feature", "geometry": {"geodesic": false, "type": "Polygon", "coordinates": [[[77.55851580288304, 10.023308324371362], [77.55860696247179, 10.023307621637281], [77.55860625346746, 10.023217266759367], [77.55869741302027, 10.02321656400732], [77.55869670399798, 10.023126209129408], [77.55878786351487, 10.023125506359394], [77.5587871544836, 10.023035151499448], [77.55896947344549, 10.023033745896539], [77.5589687643693, 10.022943391036593], [77.55905992381432, 10.022942688203697], [77.55905921472016, 10.022852333361717], [77.55924153353833, 10.022850927633044], [77.5592401152602, 10.022670217958066], [77.55942243396157, 10.022668812157528], [77.55942314314555, 10.022759166981542], [77.55933198377241, 10.022759869904268], [77.5593334021224, 10.022940579561281], [77.55924224269536, 10.022941282466041], [77.55924295184342, 10.023031637308023], [77.55915179238941, 10.023032340194817], [77.55915250152849, 10.023122695036797], [77.55906134203855, 10.023123397905625], [77.55906205115068, 10.023213752747605], [77.55897089163379, 10.023214455598467], [77.55897160072794, 10.023304810458415], [77.55888044117513, 10.023305513291309], [77.5588811502603, 10.023395868151256], [77.55878999067156, 10.023396570957201], [77.55879069973876, 10.023486925826132], [77.55851722085575, 10.02348903413617], [77.55851580288304, 10.023308324371362]]]}, "id": "+8060+9098", "properties": {"count": 28, "water": 1}}, {"type": "Feature", "geometry": {"geodesic": false, "type": "Polygon", "coordinates": [[[77.5592423852041, 10.046163866458999], [77.55942471704783, 10.04616245740656], [77.55942400616603, 10.04607210270831], [77.55951517205197, 10.046071398141665], [77.55951588295173, 10.046161752830933], [77.55960704885564, 10.046161048246322], [77.55960633792893, 10.046070693557056], [77.55978866966485, 10.046069284306988], [77.55978938064547, 10.046159638978288], [77.5598805465314, 10.04615893431283], [77.55988125753898, 10.046249288975147], [77.55997242344287, 10.04624858428274], [77.55997171240836, 10.046158229620422], [77.56006287827633, 10.046157524901066], [77.56006430040824, 10.046338234207735], [77.56015546632112, 10.046337529452444], [77.5601568885249, 10.046518238741147], [77.56006572255811, 10.04651894350542], [77.56006643364653, 10.046609298158755], [77.55997526765279, 10.04661000290506], [77.55997668979369, 10.04679071221173], [77.55988552374605, 10.046791416949054], [77.55988623479854, 10.046881771611371], [77.55979506871496, 10.046882476330728], [77.55979435768046, 10.04679212166841], [77.55970319161486, 10.046792826351835], [77.55970674671556, 10.047244599717322], [77.55961558051521, 10.047245304409731], [77.55961700255729, 10.047426013761315], [77.55952583629407, 10.04742671844474], [77.55952085946569, 10.046794235655803], [77.55961202554028, 10.046793531017293], [77.55961131456864, 10.04670317633701], [77.55952014851204, 10.046703880966536], [77.55951801570494, 10.046432816907718], [77.55942684972018, 10.046433521492327], [77.55942542792964, 10.046252812095826], [77.55924309604099, 10.046254221175214], [77.5592423852041, 10.046163866458999]]]}, "id": "+8062+8839", "properties": {"count": 61, "water": 1}}, {"type": "Feature", "geometry": {"geodesic": false, "type": "MultiPolygon", "coordinates": [[[[77.56154891302928, 10.026447534194455], [77.56164007326481, 10.026446830409345], [77.56163936320048, 10.026356475764993], [77.56173052340907, 10.026355771961919], [77.56173123350034, 10.026446126597287], [77.56182239373588, 10.026445422767262], [77.5618252342717, 10.02680684129975], [77.56173407393734, 10.026807545156727], [77.56173336381912, 10.026717190521358], [77.56164220351171, 10.026717894342399], [77.56164078333813, 10.026537185053696], [77.56154962307565, 10.02653788884779], [77.56154891302928, 10.026447534194455]]], [[[77.56154891302928, 10.026447534194455], [77.56145775277578, 10.026448237952614], [77.56146059290735, 10.02680965658392], [77.56136943255504, 10.026810360342079], [77.56137014258344, 10.026900715004397], [77.56118782179797, 10.026902122457834], [77.56118427198834, 10.02645034907438], [77.5612754322598, 10.026449645388086], [77.56127472229429, 10.026359290716785], [77.56100124154277, 10.026361401676855], [77.56099982177344, 10.026180692289337], [77.56136446256285, 10.026177877678906], [77.56136517254633, 10.026268232350207], [77.56154749294554, 10.026266824887786], [77.56154891302928, 10.026447534194455]]]]}, "id": "+8081+9059", "properties": {"count": 36, "water": 1}}, {"type": "Feature", "geometry": {"geodesic": false, "type": "MultiPolygon", "coordinates": [[[[77.56150445813675, 10.043977736705209], [77.56150588075374, 10.04415844582323], [77.56141471555053, 10.0441591508031], [77.56141329298744, 10.043978441667111], [77.56150445813675, 10.043977736705209]]], [[[77.56168180914563, 10.04334384485485], [77.56168109784161, 10.043253490300328], [77.56177226277534, 10.04325278532046], [77.5617729741063, 10.043343139865996], [77.56168180914563, 10.04334384485485]]], [[[77.56168180914563, 10.04334384485485], [77.56168465440658, 10.043705263054962], [77.56159348934709, 10.043705968052796], [77.56159562328607, 10.043977031716356], [77.56150445813675, 10.043977736705209], [77.5615009017245, 10.043525963896677], [77.56159206674806, 10.043525258934773], [77.56159064417598, 10.043344549825735], [77.56168180914563, 10.04334384485485]]]]}, "id": "+8084+8870", "properties": {"count": 12, "water": 1}}, {"type": "Feature", "geometry": {"geodesic": false, "type": "MultiPolygon", "coordinates": [[[[77.56325661300747, 10.034928186318108], [77.56334777549777, 10.03492748148197], [77.5633506201838, 10.035288899394622], [77.56325945759468, 10.03528960425771], [77.56325661300747, 10.034928186318108]]], [[[77.56325661300747, 10.034928186318108], [77.5630742880089, 10.034929595927503], [77.56307144373609, 10.034568177934002], [77.56298028132665, 10.034568882671326], [77.56297885927559, 10.034388173652118], [77.56307002164012, 10.034387468923777], [77.56306788854556, 10.034116405421914], [77.56325021309497, 10.0341149959293], [77.56325092417441, 10.034205350420939], [77.56334208645809, 10.034204645629716], [77.56334421980418, 10.03447570907768], [77.56325305743066, 10.03447641388687], [77.56325447964342, 10.03465712286116], [77.56334564206186, 10.034656418042989], [77.56334706434649, 10.034837126999316], [77.56325590188312, 10.034837831835453], [77.56325661300747, 10.034928186318108]]]]}, "id": "+8101+8971", "properties": {"count": 29, "water": 1}}]}