{"type": "FeatureCollection", "columns": {"count": "Long<0, 4294967295>", "system:index": "String", "water": "Byte<0, 1>"}, "features": [{"type": "Feature", "geometry": {"geodesic": false, "type": "Polygon", "coordinates": [[[78.9883676291871, 11.148182367790596], [78.98836825076737, 11.1480919846966], [78.98845977833301, 11.148092598488486], [78.98846412903562, 11.147459916785595], [78.98910482078234, 11.147464212277754], [78.98910419947156, 11.147554595416667], [78.98919572691143, 11.14755520894804], [78.98919199908266, 11.148097507799479], [78.98910047147211, 11.148096894232173], [78.98909985011642, 11.148187277362103], [78.9883676291871, 11.148182367790596]]]}, "id": "+8040+6698", "properties": {"count": 63, "water": 1}}, {"type": "Feature", "geometry": {"geodesic": false, "type": "Polygon", "coordinates": [[[78.99150190938829, 11.1449494231963], [78.99150377065264, 11.14467827333939], [78.99159529732894, 11.14467888598143], [78.99159839918467, 11.144226969505334], [78.99168992572622, 11.14422758210246], [78.99169054604886, 11.14413719880185], [78.99178207257245, 11.144137811363043], [78.99178145226777, 11.144228194672635], [78.9918729788273, 11.144228807206877], [78.99186987739378, 11.144680723763821], [78.99196140409703, 11.144681336298063], [78.99196078381931, 11.144771719607656], [78.99186925709809, 11.14477110706443], [78.9918667758345, 11.145132640293815], [78.99159219533847, 11.145130802448541], [78.99159343615442, 11.14495003586529], [78.99150190938829, 11.1449494231963]]]}, "id": "+8069+6735", "properties": {"count": 35, "water": 1}}, {"type": "Feature", "geometry": {"geodesic": false, "type": "MultiPolygon", "coordinates": [[[[78.99701765123748, 11.141461173113292], [78.99710917722209, 11.141461783904804], [78.99710979571216, 11.141371400289785], [78.99729284764543, 11.141372621773993], [78.99729222920027, 11.141463005406978], [78.99738375520283, 11.14146361611764], [78.99738251836642, 11.141644383383612], [78.99729099230996, 11.141643772663965], [78.9972903738558, 11.141734156296952], [78.99710732169797, 11.141732934758844], [78.99710670318095, 11.141823318382848], [78.99692365099615, 11.14182209672796], [78.99692303241625, 11.141912480333996], [78.99683150630588, 11.141911869461635], [78.99683088769004, 11.142002253058688], [78.9966478354244, 11.142001031224138], [78.99664721675467, 11.142091414812208], [78.9964641644441, 11.142090192851894], [78.99646540190035, 11.141909425684737], [78.99664845409413, 11.141910647627085], [78.99664969141564, 11.141729880441963], [78.99674121746312, 11.141730491368222], [78.99674245470378, 11.141549724165133], [78.99692550669992, 11.141550945900867], [78.996924888138, 11.141641329506903], [78.99701641417649, 11.14164194034333], [78.99701765123748, 11.141461173113292]]], [[[78.99701765123748, 11.141461173113292], [78.99683459928625, 11.141459951449422], [78.99683521786615, 11.141369567843386], [78.99701826976349, 11.141370789498273], [78.99701765123748, 11.141461173113292]]]]}, "id": "+8129+6766", "properties": {"count": 34, "water": 1}}, {"type": "Feature", "geometry": {"geodesic": false, "type": "MultiPolygon", "coordinates": [[[[78.99793414778514, 11.141286512450892], [78.99793538424427, 11.141105745122038], [78.99802691016599, 11.141106355608123], [78.99802752835961, 11.141015971939204], [78.99811905426337, 11.14101658239834], [78.99812152685823, 11.14065504767775], [78.99803000107126, 11.140654437245566], [78.99803061923794, 11.140564053567665], [78.99793909348689, 11.140563443099547], [78.99793971167155, 11.14047305943063], [78.99775666023235, 11.14047183843151], [78.99775727847988, 11.140381454771576], [78.99794032985619, 11.14038267576171], [78.99794094803185, 11.140292292083808], [78.99803247370204, 11.140292902533961], [78.99803309185076, 11.140202518856059], [78.99821614314622, 11.140203739657547], [78.99821490696557, 11.140384507031316], [78.99830643268068, 11.14038511740062], [78.9983058146128, 11.140475501096487], [78.99821428887076, 11.1404748907182], [78.9982124345414, 11.140746041778854], [78.9983039603643, 11.140746652166124], [78.99830457845013, 11.140656268479239], [78.99857915588291, 11.140658099461383], [78.99857853787793, 11.140748483175217], [78.99848701203706, 11.140747872868797], [78.99848639400513, 11.140838256564665], [78.99839486813731, 11.14083764622231], [78.9983936319926, 11.141018413614047], [78.99830210607986, 11.14101780323576], [78.99830148796708, 11.141108186922644], [78.99820996202739, 11.14110757651741], [78.99820934388767, 11.14119796019531], [78.99802629197237, 11.141196739286025], [78.99802567376975, 11.141287122954942], [78.99793414778514, 11.141286512450892]]], [[[78.99793414778514, 11.141286512450892], [78.9979335295466, 11.14137689611981], [78.99775047755045, 11.141375675021878], [78.9977510958429, 11.141285291361944], [78.99793414778514, 11.141286512450892]]]]}, "id": "+8139+6779", "properties": {"count": 39, "water": 1}}, {"type": "Feature", "geometry": {"geodesic": false, "type": "Polygon", "coordinates": [[[78.99790564155522, 11.158821544358512], [78.9979068800176, 11.158640777245255], [78.99799841142801, 11.158641388692535], [78.99799964981851, 11.158460621561312], [78.99809118117504, 11.15846123297266], [78.99809365778536, 11.158099698683262], [78.99818518903409, 11.158100310040712], [78.99818704634586, 11.157829159303454], [78.99827857751373, 11.15782977062497], [78.99827981564373, 11.15764900344883], [78.99846287788067, 11.157650225984067], [78.99846225887856, 11.15774060958112], [78.99882838354108, 11.157743054346165], [78.99882405115511, 11.1583757396513], [78.9989155825296, 11.158376350811121], [78.99891372580174, 11.158647501656178], [78.99882219433742, 11.158646890487375], [78.99882033747481, 11.15891804132345], [78.99872880592964, 11.15891743010973], [78.99872942492277, 11.158827046503694], [78.99790564155522, 11.158821544358512]]]}, "id": "+8143+6586", "properties": {"count": 103, "water": 1}}, {"type": "Feature", "geometry": {"geodesic": false, "type": "Polygon", "coordinates": [[[78.99785608526494, 11.166052227271846], [78.99785732458969, 11.16587146024842], [78.99794885825489, 11.165872072099944], [78.99794947787683, 11.165781688583738], [78.99849867984106, 11.16578535909999], [78.99849744092054, 11.165966126204264], [78.99858897465761, 11.16596673786714], [78.9985883552243, 11.166057121419279], [78.99840528769629, 11.166055898048608], [78.9984046682001, 11.166146281591763], [78.99849620198208, 11.166146893299555], [78.99849558250385, 11.16623727684271], [78.99840404869494, 11.166236665134917], [78.99840342918078, 11.16632704867807], [78.9983118953449, 11.166326436934344], [78.99831251488601, 11.166236053400175], [78.99822098107708, 11.166235441638483], [78.99822036150903, 11.166325825163671], [78.99812882768214, 11.166325213366047], [78.99812820808714, 11.166415596900217], [78.99803667423329, 11.16641498506666], [78.99803729386423, 11.166324601541472], [78.99794576004632, 11.16632398968995], [78.99794761898403, 11.166052839141335], [78.99785608526494, 11.166052227271846]]]}, "id": "+8144+6496", "properties": {"count": 37, "water": 1}}, {"type": "Feature", "geometry": {"geodesic": false, "type": "Polygon", "coordinates": [[[78.99846405806932, 11.130714668808654], [78.99846467553532, 11.130624285049905], [78.99855619821412, 11.130624894817336], [78.99855681564418, 11.130534511049603], [78.99873986096584, 11.130535730485652], [78.99873924358968, 11.130626114262368], [78.99883076627746, 11.130626723939969], [78.99883138362668, 11.130536340163253], [78.99892290629649, 11.130536949813903], [78.99892228898321, 11.130627333599604], [78.99901381168895, 11.130627943223304], [78.999009490496, 11.131260629741165], [78.99891796759262, 11.13126002008153], [78.99891735023442, 11.131350403858246], [78.9988258273041, 11.13134979416268], [78.99882520990997, 11.131440177939396], [78.99855064108306, 11.131438348673033], [78.99855125855802, 11.131347964914283], [78.99818516697147, 11.131345525521164], [78.99818454937972, 11.131435909261947], [78.99827607230105, 11.131436519155143], [78.99827545472726, 11.131526902904909], [78.99809240883965, 11.131525683073601], [78.99809549692421, 11.131073764396634], [78.99800397412864, 11.131073154467506], [78.99800335650094, 11.131163538199306], [78.99782031087385, 11.131162318242234], [78.997821546246, 11.130981550805583], [78.99809611452496, 11.13098338065585], [78.99809673211671, 11.13089299692405], [78.99818825485839, 11.130893606817246], [78.9981888724232, 11.13080322306748], [78.99837191786165, 11.13080444276404], [78.99837253536357, 11.13071405900529], [78.99846405806932, 11.130714668808654]], [[78.99846405806932, 11.130714668808654], [78.9986471034898, 11.130715888316569], [78.99864648606872, 11.130806272093285], [78.99846344059435, 11.130805052567405], [78.99846405806932, 11.130714668808654]], [[78.998369447818, 11.13116597777209], [78.99837068284882, 11.130985210272556], [78.99855372843099, 11.130986429870301], [78.99855249350799, 11.131167197387802], [78.998369447818, 11.13116597777209]]]}, "id": "+8146+6886", "properties": {"count": 79, "water": 1}}, {"type": "Feature", "geometry": {"geodesic": false, "type": "Polygon", "coordinates": [[[78.99858815752307, 11.179434493453485], [78.9985906382926, 11.179072959550362], [78.99868217614394, 11.179073571895959], [78.99868465670686, 11.178712037965887], [78.99886773219394, 11.1787132625403], [78.99886525185562, 11.179074796506304], [78.99877371399529, 11.179074184214606], [78.99877309387028, 11.179164567703861], [78.99886463175756, 11.17916517999556], [78.99886277142745, 11.179436330463325], [78.99877123345934, 11.17943571815366], [78.99877061330737, 11.179526101633932], [78.9986790753123, 11.179525489297319], [78.9986796954912, 11.179435105817047], [78.99858815752307, 11.179434493453485]]]}, "id": "+8149+6353", "properties": {"count": 20, "water": 1}}, {"type": "Feature", "geometry": {"geodesic": false, "type": "Polygon", "coordinates": [[[78.9991888325668, 11.131804151747678], [78.99919068447072, 11.131533000372613], [78.99946525349526, 11.131534829064055], [78.99946463628977, 11.131625212876703], [78.9997392054401, 11.131627041334582], [78.99973858831545, 11.131717425165197], [78.99983011140748, 11.131718034600253], [78.99982949430081, 11.131808418430866], [78.99992101742876, 11.131809027838973], [78.99992040034006, 11.131899411678571], [79.00010344665887, 11.1319006304319], [79.00010282963304, 11.131991014271497], [79.00019435282388, 11.131991623607739], [79.00019311879919, 11.1321723913049], [79.00010159554547, 11.132171781950694], [79.00010221258925, 11.132081398111096], [78.99964459654522, 11.132078350971753], [78.99964521372377, 11.131987967150122], [78.99937064424108, 11.131986138548513], [78.99937126150046, 11.131895754744846], [78.99927973838149, 11.131895145157078], [78.99928035565883, 11.131804761362396], [78.9991888325668, 11.131804151747678]]]}, "id": "+8152+6875", "properties": {"count": 38, "water": 1}}, {"type": "Feature", "geometry": {"geodesic": false, "type": "Polygon", "coordinates": [[[78.99832304623133, 11.164699533175538], [78.99832490454024, 11.164428382537093], [78.99841643778322, 11.16442899417302], [78.99841705718059, 11.164338610611901], [78.99942392290735, 11.164345336702675], [78.9994233038154, 11.164435720317694], [78.99924023722164, 11.164434497629744], [78.99923961806681, 11.16452488123578], [78.99896501812225, 11.164523046983767], [78.99896439888657, 11.164613430562854], [78.99878133222992, 11.164612207578461], [78.99878071292238, 11.164702591157546], [78.99832304623133, 11.164699533175538]]]}, "id": "+8154+6512", "properties": {"count": 33, "water": 1}}, {"type": "Feature", "geometry": {"geodesic": false, "type": "Polygon", "coordinates": [[[78.99904172772575, 11.139938080680945], [78.99904419894618, 11.139576545735778], [78.99913572445467, 11.139577155808636], [78.99913634221711, 11.139486772067853], [78.99922786769865, 11.139487382104779], [78.99922848542515, 11.139396998355013], [78.9994115363613, 11.139398218339034], [78.99941215402491, 11.139307834580285], [78.99950367947052, 11.13930844452738], [78.9995042971072, 11.139218060759646], [78.99968734795351, 11.139219280564005], [78.99968673037971, 11.139309664331737], [78.99977825583431, 11.139310274197983], [78.99977578558406, 11.13967180931383], [78.99986731116442, 11.139672419171093], [78.99986298821975, 11.140305105644039], [78.99967993667275, 11.140303885830697], [78.9996793190271, 11.140394269598431], [78.99949626744417, 11.140393049668308], [78.99949564974462, 11.140483433427057], [78.99931259812575, 11.140482213371172], [78.99931198036332, 11.140572597120938], [78.99922045453143, 11.14057198704808], [78.99922107232082, 11.140481603307297], [78.99912954653385, 11.140480993216471], [78.9991301643412, 11.140390609475688], [78.9992216901102, 11.140391219566512], [78.99922292567102, 11.140210452075962], [78.9991313999649, 11.140209841994121], [78.99913325334204, 11.139938690780754], [78.99904172772575, 11.139938080680945]]]}, "id": "+8155+6790", "properties": {"count": 95, "water": 1}}, {"type": "Feature", "geometry": {"geodesic": false, "type": "Polygon", "coordinates": [[[79.00105714417619, 11.139680344755318], [79.00105961284541, 11.139318809352009], [79.00115113838983, 11.139319418796047], [79.00115175551447, 11.139229034938483], [79.00124328103195, 11.139229644346589], [79.00124204682758, 11.139410412070701], [79.00133357240794, 11.139411021469822], [79.00133295532824, 11.13950140533637], [79.00142448094452, 11.139502014708544], [79.00142386388276, 11.139592398575092], [79.001515389526, 11.139593007920315], [79.00151353841262, 11.139864159546907], [79.00133048695545, 11.139862940793577], [79.00132986984879, 11.139953324651142], [79.00123834409776, 11.13995271522507], [79.00123896123137, 11.139862331367507], [79.00114743551626, 11.139861721923468], [79.00114866982841, 11.139680954217322], [79.00105714417619, 11.139680344755318]]]}, "id": "+8172+6790", "properties": {"count": 24, "water": 1}}, {"type": "Feature", "geometry": {"geodesic": false, "type": "Polygon", "coordinates": [[[79.00189074535724, 11.138239686539428], [79.00189444629945, 11.13769738310658], [79.00198597137674, 11.137697992209258], [79.00198658815103, 11.137607608297795], [79.00253573857891, 11.137611262303011], [79.0025345053627, 11.13779203018882], [79.00262603051186, 11.137792639093869], [79.0026223308902, 11.138334942769262], [79.00253080557036, 11.13833433382828], [79.00253018892182, 11.138424717766693], [79.00234713825519, 11.138423499785915], [79.00234652154377, 11.138513883715344], [79.00216347083222, 11.138512665617785], [79.00216408760652, 11.13842228169734], [79.00207256228667, 11.138421672612626], [79.0020737958622, 11.138240904780718], [79.00189074535724, 11.138239686539428]]]}, "id": "+8186+6808", "properties": {"count": 66, "water": 1}}, {"type": "Feature", "geometry": {"geodesic": false, "type": "Polygon", "coordinates": [[[79.00335990443114, 11.097213221439247], [79.00336358868263, 11.096670916039091], [79.0035466134239, 11.09667212889947], [79.00354599945236, 11.096762513143311], [79.0036375118634, 11.096763119533078], [79.00363628395624, 11.096943888038723], [79.0037277964212, 11.096944494410524], [79.00372472670719, 11.097396415665656], [79.00345018889911, 11.09739459638856], [79.00345141696796, 11.097213827909863], [79.00335990443114, 11.097213221439247]]]}, "id": "+8194+7261", "properties": {"count": 26, "water": 1}}, {"type": "Feature", "geometry": {"geodesic": false, "type": "Polygon", "coordinates": [[[79.00376400903744, 11.091611822478864], [79.00376707704464, 11.091159901035084], [79.00385858772195, 11.091160507056541], [79.00385797416362, 11.09125089135428], [79.0040409955901, 11.09125210332533], [79.0040403820767, 11.091342487632051], [79.00413189281689, 11.091343093581644], [79.00413127933044, 11.091433477888366], [79.00422279011553, 11.09143408381999], [79.0042209496921, 11.09170523674914], [79.00412943882615, 11.09170463080853], [79.00412759827695, 11.091975783728698], [79.00394457639233, 11.091974571730699], [79.00394518996862, 11.09188418743296], [79.00385367906672, 11.09188358140252], [79.0038555198495, 11.09161242852727], [79.00376400903744, 11.091611822478864]]]}, "id": "+8197+7322", "properties": {"count": 30, "water": 1}}, {"type": "Feature", "geometry": {"geodesic": false, "type": "Polygon", "coordinates": [[[79.00269863660216, 11.153972575995887], [79.00269925407714, 11.153882192147307], [79.00279078426585, 11.153882801878806], [79.00279140171388, 11.153792418012259], [79.0029744620464, 11.153793637385425], [79.00297507943154, 11.153703253509894], [79.00334120005165, 11.153705691887918], [79.00334181732002, 11.153615308003404], [79.00379946806596, 11.15361835532241], [79.00379885094134, 11.153708739233874], [79.00389038113903, 11.153709348624012], [79.0038891469257, 11.153890116464906], [79.00398067718628, 11.153890725837078], [79.00397944300887, 11.154071493686954], [79.00407097332335, 11.154072103032178], [79.00407035626161, 11.154162486961608], [79.00416188661201, 11.154163096288865], [79.00416126956823, 11.154253480227277], [79.00406973919087, 11.154252870891037], [79.00406788793374, 11.154524022670342], [79.00415941840095, 11.15452463202455], [79.00415818426845, 11.15470539988341], [79.00424971478955, 11.154706009210667], [79.00424909774576, 11.154796393149079], [79.00397450609265, 11.15479456505951], [79.00397697459118, 11.154433029377724], [79.00388544416892, 11.154432419978601], [79.0038860613115, 11.154342036058155], [79.00379453091618, 11.154341426641066], [79.00379514807675, 11.154251042729603], [79.00370361771735, 11.154250433285565], [79.00370423490487, 11.1541600493741], [79.00361270458141, 11.154159439912096], [79.00361332178689, 11.154069056000633], [79.00352179149937, 11.15406844651168], [79.0035224087318, 11.153978062618183], [79.00324781796802, 11.153976233998607], [79.00324720065474, 11.154066617883121], [79.0030641401246, 11.1540653986447], [79.00306352273945, 11.154155782520231], [79.00278893189483, 11.154153953451498], [79.00279016681783, 11.15397318573637], [79.00269863660216, 11.153972575995887]]]}, "id": "+8201+6631", "properties": {"count": 77, "water": 1}}, {"type": "Feature", "geometry": {"geodesic": false, "type": "Polygon", "coordinates": [[[79.00457840553129, 11.092973040841615], [79.0045796324054, 11.092792272192238], [79.00467114363067, 11.092792878051998], [79.00467237043291, 11.09261210939364], [79.00476388161327, 11.092612715217467], [79.00476510833465, 11.09243194654114], [79.00485661946112, 11.09243255233802], [79.00485784610166, 11.092251783643727], [79.00522389044582, 11.092254206489878], [79.00522327723785, 11.0923445908505], [79.00558932177066, 11.092347013265462], [79.00558870867945, 11.09243739764405], [79.00568021985083, 11.092438003189399], [79.0056796067776, 11.09252838757697], [79.00577111798492, 11.092528993086386], [79.0057717310312, 11.092438608698815], [79.0059547534099, 11.092439819636802], [79.00595536640228, 11.092349435231265], [79.00604687756467, 11.092350040659834], [79.00604810346859, 11.092169271839778], [79.00623112571255, 11.092170482580133], [79.0062298999254, 11.092351251418156], [79.00613838874504, 11.09235064605247], [79.00613716287705, 11.09253141488151], [79.0060456516428, 11.092530809470908], [79.00604503867736, 11.092621193885428], [79.00595352741614, 11.092620588438892], [79.00595291441478, 11.09271097284443], [79.00586140314458, 11.092710367370945], [79.00586079010728, 11.092800751767498], [79.00576927880115, 11.092800146267063], [79.00576805266367, 11.092980915042205], [79.00567654131262, 11.092980309505839], [79.00567592820346, 11.093070693884425], [79.00549290546545, 11.093069482712878], [79.0054922922934, 11.09315986708248], [79.00540078089743, 11.0931592614473], [79.00540016769844, 11.093249645816904], [79.00530865628451, 11.093249040145789], [79.00530804304958, 11.093339424515394], [79.00521653160871, 11.093338818808347], [79.00521591833785, 11.093429203168968], [79.005124406879, 11.093428597434972], [79.00512379358119, 11.09351898178661], [79.00503228209541, 11.09351837601668], [79.00503044206722, 11.093789529053629], [79.00493893050957, 11.093788923247766], [79.00493831713091, 11.093879307581439], [79.00475529397069, 11.0938780958709], [79.00475590740324, 11.093787711546213], [79.00466439586356, 11.09378710565052], [79.00466562277359, 11.093606337001143], [79.00475713426836, 11.093606942887853], [79.00475836110652, 11.093426174220511], [79.00484987253841, 11.093426780071287], [79.00485048592606, 11.093336395728633], [79.00494199733998, 11.093337001543476], [79.0049426106827, 11.093246617200823], [79.00503412207867, 11.093247222979734], [79.00503534870124, 11.093066454285442], [79.00494383736816, 11.093065848515513], [79.00494322403442, 11.093156232858167], [79.0048517126744, 11.093155627052306], [79.00485232604407, 11.093065242718636], [79.00476081471099, 11.093064636894807], [79.00476142810761, 11.092974252561136], [79.00457840553129, 11.092973040841615]]]}, "id": "+8223+7311", "properties": {"count": 144, "water": 1}}, {"type": "Feature", "geometry": {"geodesic": false, "type": "Polygon", "coordinates": [[[79.00852044234689, 11.145876356963825], [79.0085216727873, 11.145695588512078], [79.0086132007392, 11.145696196024739], [79.00861381592348, 11.145605811798864], [79.00879687178238, 11.14560702672537], [79.00879748690377, 11.14551664248153], [79.0090720706607, 11.145518464660185], [79.00907268569225, 11.145428080407363], [79.00934726940424, 11.145429902316524], [79.00934542454314, 11.14570105512889], [79.00925389654631, 11.14570044784081], [79.00925328155967, 11.145790832102616], [79.00934480958344, 11.14579143939968], [79.0093435796371, 11.14597220794126], [79.00925205155943, 11.145971600635212], [79.00925082154123, 11.146152369158823], [79.00915929340965, 11.146151761816844], [79.00916113851332, 11.145880609040407], [79.00879502638227, 11.145878179447907], [79.00879564152164, 11.145787795213051], [79.00861258554595, 11.145786580259594], [79.00861197035269, 11.145876964485469], [79.00852044234689, 11.145876356963825]]]}, "id": "+8261+6722", "properties": {"count": 36, "water": 1}}, {"type": "Feature", "geometry": {"geodesic": false, "type": "Polygon", "coordinates": [[[79.00833061791587, 11.146869368162603], [79.00833123326184, 11.146778983945714], [79.00842276153715, 11.146779591575154], [79.00842337683821, 11.146689207367247], [79.00860643336186, 11.146690422527316], [79.00860704860004, 11.146600038310424], [79.00869857683941, 11.146600645841051], [79.00869919205063, 11.146510261615177], [79.00879072027203, 11.146510869118854], [79.00879010508775, 11.146601253353712], [79.00888163333612, 11.146601860830438], [79.0088810181788, 11.146692245074279], [79.00897254646308, 11.146692852524058], [79.00897316159345, 11.146602468280218], [79.00906468985079, 11.14660307571203], [79.00906530495422, 11.146512691459206], [79.0091568331846, 11.146513298846102], [79.00915806331061, 11.146332530331474], [79.00943264788499, 11.146334352312499], [79.00943080295201, 11.146605505124867], [79.00933927466772, 11.146604897809835], [79.00933804463155, 11.146785666342431], [79.00924651629336, 11.146785058991467], [79.00924590124383, 11.146875443253274], [79.00906284453153, 11.146874228452532], [79.00906345964394, 11.146783844208693], [79.00878887471023, 11.146782021823425], [79.00878825951698, 11.1468724060493], [79.00869673118777, 11.146871798527656], [79.00869734640798, 11.146781414301781], [79.0086058181147, 11.146780806753188], [79.00860520285858, 11.146871190979063], [79.00833061791587, 11.146869368162603]]]}, "id": "+8262+6712", "properties": {"count": 34, "water": 1}}, {"type": "Feature", "geometry": {"geodesic": false, "type": "Polygon", "coordinates": [[[79.00944788254864, 11.157542605540291], [79.00945096048223, 11.157090684500755], [79.00954249205435, 11.157091292345791], [79.00954372313257, 11.15691052391201], [79.00981831769622, 11.156912347249493], [79.00981893314997, 11.156821963014636], [79.01000199615947, 11.156823178417248], [79.01000138076859, 11.156913562661089], [79.01009291231375, 11.156914170326463], [79.0100935276777, 11.156823786082622], [79.01036812225931, 11.156825608890099], [79.0103675069852, 11.156915993151905], [79.01055057012046, 11.156917208231125], [79.01054933966209, 11.157097976772704], [79.01045780803607, 11.157097369233094], [79.01045719277094, 11.157187753494899], [79.01027412947398, 11.157186538334832], [79.01027289881799, 11.157367306840477], [79.0099983037423, 11.15736548385334], [79.00999707289765, 11.157546252323053], [79.01008860464044, 11.15754686002436], [79.01008675840491, 11.157818012746896], [79.01017829023753, 11.157818620439219], [79.01017767484664, 11.15790900468306], [79.01008614298706, 11.157908396990736], [79.01008552756025, 11.157998781225594], [79.01017705945577, 11.1579993889269], [79.01017459781137, 11.158360925893277], [79.01008306580806, 11.158360318174003], [79.01008368125285, 11.158269933939147], [79.00999214928547, 11.158269326192924], [79.00999338021995, 11.158088557732194], [79.00990184831545, 11.158087949976988], [79.00990246380516, 11.157997565742132], [79.0098109319276, 11.15799695796896], [79.00981154743528, 11.157906573743086], [79.00972001560264, 11.157905965933981], [79.00972063112827, 11.157815581717092], [79.0096290993226, 11.157814973890021], [79.00962971488416, 11.15772458967313], [79.00953818310542, 11.157723981828093], [79.00953941426448, 11.157543213403295], [79.00944788254864, 11.157542605540291]]]}, "id": "+8273+6596", "properties": {"count": 101, "water": 1}}, {"type": "Feature", "geometry": {"geodesic": false, "type": "Polygon", "coordinates": [[[79.01071978924702, 11.199220032484472], [79.01072102436764, 11.199039264436967], [79.01090411396727, 11.1990404838281], [79.01090473146022, 11.198950099790872], [79.0110878210239, 11.19895131905624], [79.01108720359385, 11.199041703102452], [79.01117874840713, 11.199042312699204], [79.01117936581923, 11.198951928644009], [79.01145400022317, 11.198953757245619], [79.0114533829009, 11.19904414131878], [79.01154492774114, 11.19904475079875], [79.01154431043685, 11.19913513487191], [79.01145276556966, 11.199134525382956], [79.0114521482384, 11.199224909447132], [79.01136060334427, 11.199224299922246], [79.01135751645448, 11.199676220216181], [79.01099133637487, 11.199673781748325], [79.0109919538768, 11.199583397711098], [79.01090040889284, 11.199582788033497], [79.01090164394161, 11.199402019968026], [79.01081009902052, 11.199401410263476], [79.01081133410521, 11.199220642206988], [79.01071978924702, 11.199220032484472]]]}, "id": "+8288+6130", "properties": {"count": 48, "water": 1}}, {"type": "Feature", "geometry": {"geodesic": false, "type": "Polygon", "coordinates": [[[79.01283508353485, 11.170942569386426], [79.01283631413696, 11.170761800755017], [79.01292785018269, 11.17076240830361], [79.01292846544781, 11.170672023978922], [79.01302000146659, 11.17067263149158], [79.01302061669578, 11.170582247166893], [79.01320368869742, 11.170583462093399], [79.01320307351314, 11.17067384642707], [79.01329460954989, 11.1706744538499], [79.01329399439257, 11.170764838192554], [79.01347706653793, 11.170766052966346], [79.01347522120969, 11.171037206012276], [79.0135667573722, 11.171037813372223], [79.01356614227775, 11.171128197723862], [79.01365767847619, 11.171128805065841], [79.01365583325575, 11.171399958129738], [79.01374736954403, 11.171400565453752], [79.01374675448552, 11.171490949814373], [79.01383829080973, 11.17149155712042], [79.01383583064757, 11.171853094571889], [79.01374429421556, 11.171852487247873], [79.01374552435952, 11.171671718535615], [79.0136539879904, 11.171671111193634], [79.01365460308485, 11.171580726841997], [79.01356306675164, 11.171580119473067], [79.01356491207989, 11.171308966427137], [79.01347337583653, 11.171308359049224], [79.0134746060883, 11.171127590354931], [79.01319999754686, 11.171125768086444], [79.0132006127491, 11.171035383761756], [79.0129260043424, 11.171033561250725], [79.0129266196255, 11.170943176935019], [79.01283508353485, 11.170942569386426]]]}, "id": "+8305+6444", "properties": {"count": 44, "water": 1}}, {"type": "Feature", "geometry": {"geodesic": false, "type": "Polygon", "coordinates": [[[79.0122681823251, 11.146624318002873], [79.0122694105287, 11.146443549146884], [79.01236093892977, 11.146444155554617], [79.01236155300013, 11.146353771122131], [79.01245308136527, 11.146354377502913], [79.01245369540868, 11.146263993061444], [79.01254522375585, 11.146264599406294], [79.01254645175284, 11.146083830514373], [79.01263798004611, 11.14608443682329], [79.01263859401766, 11.145994052372838], [79.01273012229296, 11.145994658645824], [79.0127307362196, 11.145904274186387], [79.01291379272529, 11.145905486642526], [79.01291440659801, 11.145815102174108], [79.01337204782182, 11.145818132802416], [79.01337143409282, 11.1459085172888], [79.01346296238609, 11.145909123337207], [79.01346112125299, 11.146180276823312], [79.0131865361486, 11.146178458561312], [79.01318592234773, 11.146268843038714], [79.01309439396462, 11.146268236891492], [79.01309316628205, 11.146449005837313], [79.01291010940804, 11.146447793435073], [79.01291072330773, 11.146357408975637], [79.01281919490665, 11.146356802729601], [79.01281980883329, 11.146266418270166], [79.012636752112, 11.146265205724195], [79.01263613813147, 11.146355590174648], [79.01254460974837, 11.146354983847765], [79.0125439957319, 11.146445368298217], [79.01245246733083, 11.146444761935399], [79.01245185327845, 11.146535146376868], [79.01236032485042, 11.146534539987103], [79.01235971077108, 11.146624924419589], [79.0122681823251, 11.146624318002873]]]}, "id": "+8305+6718", "properties": {"count": 51, "water": 1}}, {"type": "Feature", "geometry": {"geodesic": false, "type": "Polygon", "coordinates": [[[79.01364479167633, 11.146091104361874], [79.01364663262079, 11.145819950839837], [79.01419580236244, 11.145823586169078], [79.01419641583094, 11.145733201628794], [79.01437947239951, 11.145734413168652], [79.01438008580512, 11.145644028619385], [79.01447161406244, 11.145644634344398], [79.01447222743212, 11.145554249786148], [79.01465528391985, 11.145555461146342], [79.01465467060407, 11.145645845713576], [79.01474619887938, 11.145646451348757], [79.01474558559055, 11.14573683591599], [79.0146540572883, 11.145736230271826], [79.01465344395456, 11.14582661483906], [79.01456191562535, 11.145826009158961], [79.01456130226465, 11.145916393717211], [79.01446977391748, 11.145915788001181], [79.01446916052086, 11.146006172559433], [79.01419457540749, 11.146004355240663], [79.01419396193002, 11.146094739771964], [79.01364479167633, 11.146091104361874]]]}, "id": "+8319+6721", "properties": {"count": 36, "water": 1}}, {"type": "Feature", "geometry": {"geodesic": false, "type": "Polygon", "coordinates": [[[79.0135761803402, 11.196527395023915], [79.01357802989052, 11.196256242427143], [79.01366957397617, 11.196256851107613], [79.01367080692289, 11.196076082691798], [79.01376235095464, 11.19607669134532], [79.01376296739656, 11.195986307128429], [79.01385451140136, 11.195986915746017], [79.01385512780735, 11.195896531520143], [79.01394667179417, 11.195897140101799], [79.01394728816423, 11.195806755875925], [79.01440500803554, 11.195809798335045], [79.01440562425287, 11.195719414082223], [79.01458871218163, 11.195720630859258], [79.0145880960182, 11.195811015112081], [79.01477118401883, 11.195812231790303], [79.0147705679003, 11.195902616052107], [79.01486211194104, 11.195903224355286], [79.01486087974891, 11.196083992896865], [79.01476933565428, 11.196083384593686], [79.01476625494489, 11.196535305920685], [79.01485779918326, 11.196535914250811], [79.01485656691028, 11.19671668279239], [79.01458193405145, 11.196714857676245], [79.01458131782513, 11.196805241929068], [79.0144897735149, 11.196804633491142], [79.0144885409904, 11.196985401987806], [79.0139392749224, 11.196981750731435], [79.01393989136432, 11.196891366514544], [79.01384834706306, 11.196890757887973], [79.01384896352295, 11.196800373671083], [79.01375741925763, 11.19679976501756], [79.01375865221333, 11.196618996601746], [79.01366710801089, 11.196618387921276], [79.0136677245067, 11.196528003722353], [79.0135761803402, 11.196527395023915]]]}, "id": "+8322+6166", "properties": {"count": 144, "water": 1}}, {"type": "Feature", "geometry": {"geodesic": false, "type": "Polygon", "coordinates": [[[79.01513438300321, 11.142395028040756], [79.01513560897003, 11.14221425882544], [79.01531866343653, 11.142215469413083], [79.01531927635706, 11.142125084791951], [79.01577691247843, 11.142128110758003], [79.01577752525522, 11.14203772610992], [79.0159605796858, 11.142038936293321], [79.01596119239072, 11.141948551636258], [79.01614424678537, 11.141949761693894], [79.01614240881433, 11.142220915701023], [79.01605088152718, 11.142220310667712], [79.01605026883124, 11.14231069533376], [79.01595874152612, 11.142310090264518], [79.01595812879424, 11.142400474921581], [79.01586660146218, 11.14239986982539], [79.01586782697083, 11.142219100520244], [79.01559324518122, 11.142217285096919], [79.01559201950188, 11.142398054366133], [79.01550049218778, 11.14239744915316], [79.01549987931217, 11.142487833783276], [79.01531682465702, 11.142486623276481], [79.01531743758652, 11.142396238655348], [79.01513438300321, 11.142395028040756]]]}, "id": "+8335+6761", "properties": {"count": 30, "water": 1}}, {"type": "Feature", "geometry": {"geodesic": false, "type": "Polygon", "coordinates": [[[79.01695941777074, 11.14322059151886], [79.0169600302421, 11.143130206816878], [79.01705155786163, 11.143130811616627], [79.01705400755843, 11.142769272772771], [79.01723706259088, 11.142770482255486], [79.01723767494546, 11.142680097526556], [79.01742072994199, 11.14268130689249], [79.01741766839366, 11.143133230555108], [79.01723461311866, 11.143132021144257], [79.01723400073713, 11.143222405864204], [79.01695941777074, 11.14322059151886]]]}, "id": "+8349+6753", "properties": {"count": 21, "water": 1}}, {"type": "Feature", "geometry": {"geodesic": false, "type": "Polygon", "coordinates": [[[79.01647564646873, 11.174039922810728], [79.0164781038551, 11.173678384838238], [79.01656964101474, 11.173678991425634], [79.01657025531867, 11.173588606921282], [79.01666179245136, 11.173589213472745], [79.01666240672833, 11.173498828968393], [79.01675394383408, 11.173499435483924], [79.01675455807512, 11.173409050970589], [79.0168460951629, 11.173409657459171], [79.01684793776026, 11.1731385039012], [79.0170310117831, 11.17313971676158], [79.0170322400406, 11.172958947707963], [79.01694070308757, 11.17295834130023], [79.01694131722981, 11.172867956768929], [79.01684978031271, 11.17286735034323], [79.01685100865106, 11.172686581298596], [79.01694254551425, 11.172687187715312], [79.0169431596475, 11.172596803192993], [79.01721777020116, 11.172598622263477], [79.01721838424457, 11.172508237723193], [79.01730992107184, 11.172508844023127], [79.01730930705537, 11.172599228563412], [79.01740084392756, 11.17259983484538], [79.01739961593955, 11.172780603943915], [79.01749115286563, 11.172781210198934], [79.01748931092403, 11.173052363873685], [79.01758084793994, 11.173052970110737], [79.01757839206275, 11.173414508352721], [79.01766992920442, 11.173415114589774], [79.01766931525084, 11.173505499148025], [79.01757777808221, 11.173504892910971], [79.01757655010319, 11.173685662018489], [79.01748501288066, 11.173685055745503], [79.01748194269953, 11.17413697849184], [79.0175734800568, 11.174137584791774], [79.01757163796249, 11.174408738457542], [79.0176631754096, 11.174409344748494], [79.01766256140212, 11.17449972929776], [79.01775409887617, 11.174500335570746], [79.01775287089714, 11.174681104687247], [79.01784440843407, 11.174681710942266], [79.01784379446254, 11.174772095500517], [79.01802686962623, 11.174773307929705], [79.01802625570858, 11.174863692505923], [79.01729395497293, 11.174858842088478], [79.01729456911517, 11.174768457557178], [79.01711149404129, 11.174767244678831], [79.01711272243354, 11.174586475634195], [79.01702118495949, 11.17458586916358], [79.01702179917359, 11.174495484641263], [79.01693026173547, 11.174494878152682], [79.01693087597651, 11.174404493639347], [79.01683933857431, 11.174403887123816], [79.01683995283332, 11.174313502610483], [79.0167484154581, 11.174312896076986], [79.01674902974405, 11.17422251156365], [79.01656595507443, 11.174221298415809], [79.01656718374515, 11.174040529425072], [79.01647564646873, 11.174039922810728]]]}, "id": "+8350+6423", "properties": {"count": 212, "water": 1}}, {"type": "Feature", "geometry": {"geodesic": false, "type": "Polygon", "coordinates": [[[79.01768146618676, 11.158229894463865], [79.01768330544239, 11.15795874049267], [79.01823249932177, 11.157962372336447], [79.01823188641023, 11.158052757020462], [79.01841495113551, 11.158053967419459], [79.01841372541126, 11.158234736805454], [79.01832219299473, 11.158234131610447], [79.01832158009218, 11.158324516303445], [79.01813851521418, 11.158323305814617], [79.01813912816165, 11.158232921139586], [79.01768146618676, 11.158229894463865]]]}, "id": "+8359+6584", "properties": {"count": 24, "water": 1}}, {"type": "Feature", "geometry": {"geodesic": false, "type": "Polygon", "coordinates": [[[79.01825149691138, 11.15516044676369], [79.01825210965222, 11.155070062061709], [79.01880129829443, 11.155073691929195], [79.01880068572426, 11.155164076658124], [79.01898374869782, 11.15516528640135], [79.01898313618155, 11.155255671148247], [79.01907466770875, 11.155256275983929], [79.01907405521044, 11.155346660730824], [79.01916558676459, 11.155347265548539], [79.01916436181288, 11.155528035051315], [79.01925589343891, 11.15552863984208], [79.01925466851415, 11.155709409362823], [79.01916313684322, 11.155708804554092], [79.01916374933255, 11.155618419807196], [79.01879762278355, 11.155616000329724], [79.01879823538067, 11.155525615600794], [79.01852364061041, 11.155523800716459], [79.01852486596636, 11.155343031276566], [79.01843333443915, 11.155342426270204], [79.0184339471351, 11.15525204155924], [79.01834241564382, 11.155251436525932], [79.01834302836671, 11.155161051814966], [79.01825149691138, 11.15516044676369]]]}, "id": "+8365+6616", "properties": {"count": 40, "water": 1}}, {"type": "Feature", "geometry": {"geodesic": false, "type": "Polygon", "coordinates": [[[79.0191132443854, 11.14956203562689], [79.01911569299523, 11.149200496477608], [79.01920722263597, 11.149201100953961], [79.01920783473902, 11.14911071616215], [79.0192993643618, 11.149111320593589], [79.01929997643789, 11.149020935792793], [79.01975762445296, 11.149023957536762], [79.01975823637635, 11.148933572718], [79.02003282517282, 11.148935385410446], [79.0200322133213, 11.149025770256157], [79.02030680224352, 11.149027582715041], [79.02030619048183, 11.149117967569735], [79.02039772015851, 11.149118571668797], [79.02039710841478, 11.149208956532476], [79.02048863812739, 11.149209560604588], [79.02048741468485, 11.149390330331943], [79.02057894446034, 11.149390934395074], [79.02057710933697, 11.149662088995088], [79.02066863920228, 11.149662693040252], [79.02066741581365, 11.149843462785574], [79.02057588589443, 11.149842858722444], [79.0205752741597, 11.149933243586121], [79.0204837442225, 11.149932639496042], [79.02048313246081, 11.150023024350736], [79.02011701262224, 11.150020607684993], [79.02011640074376, 11.150110992521721], [79.01965875092307, 11.150107971038263], [79.01965997496748, 11.149927201409723], [79.01956844507521, 11.149926597041166], [79.01957028117775, 11.149655442611829], [79.01947875137532, 11.149654838225306], [79.01947936342447, 11.14956445342451], [79.0191132443854, 11.14956203562689]]]}, "id": "+8378+6684", "properties": {"count": 150, "water": 1}}, {"type": "Feature", "geometry": {"geodesic": false, "type": "MultiPolygon", "coordinates": [[[[79.0235854286314, 11.137931346501619], [79.02358603875815, 11.137840961395396], [79.02331145978029, 11.137839153733516], [79.02331084957268, 11.137929538821773], [79.02303627055886, 11.137927730881415], [79.02303566026143, 11.138018115951706], [79.02294413390851, 11.138017513245032], [79.02294352357515, 11.138107898315322], [79.02285199719529, 11.138107295572716], [79.02285321791592, 11.137926525450101], [79.0229447442329, 11.137927128183724], [79.0229453545573, 11.137836743113436], [79.02285382825828, 11.137836140397779], [79.02285443860961, 11.137745755327488], [79.02294596487269, 11.137746358052128], [79.0229465751881, 11.137655972981838], [79.02340420644958, 11.13765898612893], [79.02340359627792, 11.13774937122617], [79.02367817518393, 11.137751178789236], [79.02367756509311, 11.137841563904441], [79.02404367048678, 11.137843973626207], [79.02404245051173, 11.138024743874585], [79.02376787129131, 11.138022936589998], [79.02376848136417, 11.137932551483775], [79.0235854286314, 11.137931346501619]]], [[[79.0235854286314, 11.137931346501619], [79.02358481850464, 11.138021731598858], [79.0234932921158, 11.138021129062865], [79.02349390226951, 11.137930743965626], [79.0235854286314, 11.137931346501619]]]]}, "id": "+8414+6809", "properties": {"count": 30, "water": 1}}, {"type": "Feature", "geometry": {"geodesic": false, "type": "Polygon", "coordinates": [[[79.02334553009423, 11.119219212156088], [79.02334613924182, 11.11912882695105], [79.02352918020667, 11.119130030073693], [79.02352857112194, 11.119220415287714], [79.0236200916358, 11.119221016808611], [79.02361948256906, 11.119311402022632], [79.02380252367763, 11.119312605001545], [79.02380313269047, 11.119222219769558], [79.0238946532223, 11.119222821218589], [79.0238940442454, 11.119313206441593], [79.02444316773278, 11.119316814533915], [79.02444255890859, 11.119407199792851], [79.02453407953924, 11.119407801053237], [79.02453286193574, 11.119588571571109], [79.02462438262927, 11.119589172813528], [79.02462316506171, 11.119769943349368], [79.0245316443143, 11.119769342097966], [79.02453042667487, 11.11995011262482], [79.02443890587355, 11.119949511337484], [79.0244382970224, 11.120039896587437], [79.02434677620312, 11.120039295273154], [79.0243473850902, 11.1199489100232], [79.02425586429786, 11.119948308681966], [79.02425647321189, 11.119857923432013], [79.0241649524555, 11.119857322072813], [79.02416556138749, 11.119766936831843], [79.02398251995552, 11.11976573402361], [79.02398312893244, 11.119675348791622], [79.02380008758132, 11.119674145893558], [79.02380069661214, 11.119583760670555], [79.0236176553329, 11.119582557664693], [79.0236182644176, 11.119492172450672], [79.02352674381392, 11.119491570911809], [79.02352796201927, 11.11931080049275], [79.02343644147847, 11.11931019893592], [79.0234370506081, 11.119219813730883], [79.02334553009423, 11.119219212156088]]]}, "id": "+8414+7014", "properties": {"count": 60, "water": 1}}, {"type": "Feature", "geometry": {"geodesic": false, "type": "Polygon", "coordinates": [[[79.02368183562108, 11.137208868142917], [79.02368732591748, 11.13639540212403], [79.02423648133102, 11.136399016064384], [79.02423465178617, 11.136670171499834], [79.02414312578361, 11.13666956922435], [79.02414251589938, 11.136759954366507], [79.02405098987886, 11.136759352064075], [79.02404794022424, 11.137211277720953], [79.02395641405997, 11.137210675373606], [79.02395580408593, 11.137301060497794], [79.02377275173045, 11.137299855695302], [79.0237733617584, 11.137209470580094], [79.02368183562108, 11.137208868142917]]]}, "id": "+8423+6823", "properties": {"count": 45, "water": 1}}, {"type": "Feature", "geometry": {"geodesic": false, "type": "Polygon", "coordinates": [[[79.023516332223, 11.188729497954732], [79.02351755821674, 11.188548728371106], [79.02360910042492, 11.188549333593063], [79.0236103263468, 11.188368564000456], [79.02397649503577, 11.188370984591836], [79.0239746564898, 11.188642139039139], [79.02434082560097, 11.188644559244244], [79.02433776182484, 11.189096483427885], [79.02397159214773, 11.189094063123964], [79.02397097926314, 11.189184447933743], [79.02369635197387, 11.189182632402622], [79.02369819087016, 11.188911478000234], [79.02360664853623, 11.188910872778278], [79.02360787449405, 11.188730103185671], [79.023516332223, 11.188729497954732]]]}, "id": "+8424+6248", "properties": {"count": 55, "water": 1}}, {"type": "Feature", "geometry": {"geodesic": false, "type": "Polygon", "coordinates": [[[79.02452677362187, 11.120492424169456], [79.02452860017533, 11.120221268401629], [79.0246201210575, 11.120221869671], [79.02462133867894, 11.120041099144142], [79.0247128595162, 11.120041700377579], [79.02471346828649, 11.11995131510966], [79.02489650991609, 11.119952517486702], [79.02489590119968, 11.120042902763604], [79.02498742204592, 11.120043503916191], [79.02498681335646, 11.120133889202078], [79.02507833423864, 11.1201344903367], [79.02507711689566, 11.120315260908471], [79.02516863784072, 11.120315862025127], [79.02516742053368, 11.120496632605882], [79.02525894154161, 11.12049723370457], [79.02525833290605, 11.120587618999439], [79.02516681187117, 11.12058701790075], [79.02516620319969, 11.120677403186635], [79.024983161085, 11.120676200899426], [79.02498255235962, 11.120766586176329], [79.02461646808534, 11.120764181242583], [79.02461829459388, 11.120493025465773], [79.02452677362187, 11.120492424169456]]]}, "id": "+8429+7005", "properties": {"count": 48, "water": 1}}, {"type": "Feature", "geometry": {"geodesic": false, "type": "Polygon", "coordinates": [[[79.02484657353962, 11.195065512824847], [79.02484779942557, 11.194884743169359], [79.02493934369988, 11.194885348328432], [79.02493995661142, 11.194794963491704], [79.02512304512408, 11.194796173720022], [79.02512365796375, 11.19470578887431], [79.02530674644946, 11.194706998976864], [79.02530735922625, 11.194616614122168], [79.02549044767603, 11.194617824098957], [79.02549106038994, 11.19452743923528], [79.0257656930152, 11.194529253975885], [79.0257644677401, 11.194710023730188], [79.02585601201442, 11.194710628601802], [79.02585539939932, 11.194801013483445], [79.02594694370956, 11.19480161832811], [79.0259463311214, 11.194892003218737], [79.02585478678422, 11.19489139836509], [79.02585233624302, 11.195252937891665], [79.02566924736205, 11.195251728067591], [79.02566986005797, 11.195161343194929], [79.02557831565791, 11.19516073825145], [79.02557892837183, 11.195070353387774], [79.02502966222298, 11.195066723134014], [79.02502843642685, 11.195247492798487], [79.02493689203577, 11.195246887648395], [79.0249381178768, 11.195066117992905], [79.02484657353962, 11.195065512824847]]]}, "id": "+8444+6180", "properties": {"count": 56, "water": 1}}, {"type": "Feature", "geometry": {"geodesic": false, "type": "Polygon", "coordinates": [[[79.02505784955098, 11.190909020051635], [79.02505968746812, 11.190637865460602], [79.02515123042188, 11.190638470332216], [79.02515184301902, 11.190548085459556], [79.02524338595482, 11.190548690295236], [79.025243998525, 11.190458305422576], [79.02533554143386, 11.190458910222324], [79.02533676649335, 11.190278140459036], [79.02551985221227, 11.190279349959717], [79.02552046468362, 11.190188965060107], [79.02561200752062, 11.190189569770023], [79.0256132323825, 11.190008799970803], [79.02579631796665, 11.190010009273855], [79.02579386844951, 11.190371548899247], [79.02570232554065, 11.190370944243229], [79.02569926339945, 11.190822868741279], [79.02551617731224, 11.190821659294496], [79.02551556480493, 11.190912044185124], [79.02505784955098, 11.190909020051635]]]}, "id": "+8444+6230", "properties": {"count": 46, "water": 1}}, {"type": "Feature", "geometry": {"geodesic": false, "type": "Polygon", "coordinates": [[[79.02571715514496, 11.12040985342704], [79.0257177636278, 11.120319468105222], [79.02580928461776, 11.120320069024249], [79.02580989306468, 11.120229683693447], [79.02617597693471, 11.120232087064124], [79.0261753685956, 11.120322472412893], [79.02626688960353, 11.120323073188187], [79.0262674979157, 11.12023268783942], [79.02663358189353, 11.120235090644158], [79.02663297369816, 11.120325476019875], [79.02699905787361, 11.12032787841139], [79.02699844978603, 11.120418263805073], [79.02708997086583, 11.12041886432884], [79.0270893628052, 11.120509249731507], [79.02718088392093, 11.120509850237308], [79.02717905977497, 11.12078100644531], [79.02727058098053, 11.120781606942126], [79.02726754077618, 11.12123353395546], [79.02717601942689, 11.121232933440675], [79.0271754113393, 11.12132331883436], [79.02708388996307, 11.121322718283642], [79.02708328184853, 11.121413103668342], [79.02644263219686, 11.121408898977892], [79.02644324050902, 11.12131851362014], [79.02626019785535, 11.1213173120426], [79.02626080622142, 11.121226926693831], [79.02616928493501, 11.121226325864637], [79.02616989331904, 11.121135940524853], [79.02626141458748, 11.121136541345065], [79.02626202294455, 11.121046155996297], [79.02662810793748, 11.121048558989681], [79.02662871617778, 11.120958173622947], [79.02681175864281, 11.120959374939977], [79.02681236682021, 11.120868989555277], [79.02690388803477, 11.120869590168875], [79.02690510431772, 11.120688819399474], [79.02635597744367, 11.120685215367537], [79.02635536914049, 11.120775600725288], [79.02589776340913, 11.120772596570331], [79.02589837186503, 11.120682211239531], [79.02580685075827, 11.120681610329488], [79.02580867616187, 11.120410454346066], [79.02571715514496, 11.12040985342704]]]}, "id": "+8448+7002", "properties": {"count": 130, "water": 1}}, {"type": "Feature", "geometry": {"geodesic": false, "type": "Polygon", "coordinates": [[[79.02725638885667, 11.163626032837472], [79.02725699928887, 11.163535647686334], [79.02762313763273, 11.163538058522011], [79.02762252730835, 11.163628443691115], [79.02780559657012, 11.16362964895175], [79.02780498629963, 11.163720034120853], [79.02789652097094, 11.163720636719729], [79.02789591071841, 11.163811021897818], [79.02807898012392, 11.16381222701472], [79.02807775973565, 11.163992997388863], [79.02816929449679, 11.163993599915873], [79.02816685376519, 11.164355140691107], [79.02825838865209, 11.164355743209134], [79.02825777848041, 11.164446128405189], [79.02816624356656, 11.16444552588716], [79.02816563336793, 11.164535911074232], [79.02807409842714, 11.164535308520271], [79.02807470866169, 11.164444923333201], [79.02789163886094, 11.164443718153416], [79.02789224914041, 11.164353332975328], [79.0277091794205, 11.164352127687746], [79.02770978975387, 11.164261742527623], [79.02761825492985, 11.1642611398479], [79.02761947563252, 11.164080369518674], [79.02752794087138, 11.164079766820983], [79.02752916160998, 11.16389899650074], [79.02762069631723, 11.163899599189447], [79.02762130665059, 11.163809214020342], [79.02743823730798, 11.163808008633945], [79.02743945807353, 11.163627238313701], [79.02725638885667, 11.163626032837472]]]}, "id": "+8462+6523", "properties": {"count": 53, "water": 1}}, {"type": "Feature", "geometry": {"geodesic": false, "type": "Polygon", "coordinates": [[[79.0284028583212, 11.115727223769957], [79.0284083246775, 11.11491375427459], [79.02895744143652, 11.114917352710023], [79.02895258382357, 11.115640436955436], [79.02876954443077, 11.115639237506903], [79.02876893715168, 11.11572962302635], [79.0284028583212, 11.115727223769957]]]}, "id": "+8473+7061", "properties": {"count": 52, "water": 1}}, {"type": "Feature", "geometry": {"geodesic": false, "type": "Polygon", "coordinates": [[[79.02915421883681, 11.167254094465513], [79.02915726902144, 11.166802168314561], [79.02924880473479, 11.166802770652925], [79.02925002470982, 11.166622000179968], [79.02961616736562, 11.166624409236983], [79.02961677723187, 11.166534023978045], [79.02989138419227, 11.166535830463133], [79.02988833521137, 11.166987756820696], [79.02979679941717, 11.166987154661994], [79.02979618957788, 11.167077539929913], [79.02970465374774, 11.167076937744262], [79.0297040438815, 11.1671673230032], [79.02952097219428, 11.1671661185241], [79.02952036225616, 11.167256503774054], [79.02942882639009, 11.167255901489588], [79.02942943635516, 11.167165516239635], [79.02933790052502, 11.167164913937203], [79.02933729053301, 11.167255299178173], [79.02915421883681, 11.167254094465513]], [[79.02933912049107, 11.166984143455263], [79.0293397304741, 11.166893758214293], [79.0294312662144, 11.166894360507742], [79.0294318761615, 11.166803975257789], [79.02952341188384, 11.166804577524287], [79.0295215821234, 11.167075733274148], [79.02943004631123, 11.167075130998665], [79.02943065626731, 11.166984745748712], [79.02933912049107, 11.166984143455263]]]}, "id": "+8487+6490", "properties": {"count": 45, "water": 1}}, {"type": "Feature", "geometry": {"geodesic": false, "type": "Polygon", "coordinates": [[[79.03087267433492, 11.170338635380613], [79.0308793806358, 11.169344397002307], [79.03115399044385, 11.169346202777726], [79.0311545999867, 11.169255817446924], [79.03124613657143, 11.169256419309182], [79.03124674608733, 11.16916603397838], [79.03179596554176, 11.169169644550053], [79.03179535619654, 11.169260029907802], [79.03188689282617, 11.169260631581414], [79.0318814087461, 11.170074099855071], [79.03169833500175, 11.17007289640005], [79.03169772557567, 11.170163281748819], [79.03142311490524, 11.17016147634171], [79.03142250538933, 11.170251861681495], [79.03123943158208, 11.170250657921049], [79.0312388220033, 11.170341043251849], [79.03087267433492, 11.170338635380613]]]}, "id": "+8508+6461", "properties": {"count": 121, "water": 1}}, {"type": "Feature", "geometry": {"geodesic": false, "type": "Polygon", "coordinates": [[[79.03853237673674, 11.188376454730045], [79.0383492907663, 11.188375253404033], [79.03835172426648, 11.188013710984883], [79.03844326713043, 11.188014311643398], [79.03844265879131, 11.18810469726166], [79.03853420169119, 11.188105297893225], [79.03853541830654, 11.187924526665684], [79.03835233262356, 11.187923325384586], [79.0383559826762, 11.187381011737894], [79.03872215338636, 11.187383414066526], [79.0387233697951, 11.187202642803053], [79.03854028455228, 11.187201441719585], [79.03853967628504, 11.187291827337846], [79.03817350573657, 11.187289424802604], [79.03817472247768, 11.18710865360201], [79.03863243539602, 11.18711165665204], [79.03863304361835, 11.187021271024793], [79.03872458619483, 11.187021871539578], [79.03872945156024, 11.186298786467715], [79.03882099391214, 11.186299386919618], [79.03881552060288, 11.187112857672625], [79.0389070632153, 11.18711345813351], [79.03890584692336, 11.18729422941495], [79.03899738958967, 11.187294829866852], [79.03898948355278, 11.188469843200707], [79.03889794050917, 11.188469242685922], [79.03889733228685, 11.188559628322151], [79.0386227031201, 11.188557826589152], [79.03862331142328, 11.188467440970891], [79.03853176840661, 11.188466840348308], [79.03853237673674, 11.188376454730045]], [[79.03853237673674, 11.188376454730045], [79.03853359337903, 11.188195683511488], [79.03862513631483, 11.188196284116103], [79.03862391972645, 11.188377055352628], [79.03853237673674, 11.188376454730045]]]}, "id": "+8586+6272", "properties": {"count": 107, "water": 1}}, {"type": "Feature", "geometry": {"geodesic": false, "type": "Polygon", "coordinates": [[[79.04041648315427, 11.194083360973265], [79.04041769926656, 11.193902589610975], [79.0405092440978, 11.19390318995508], [79.04050985211353, 11.193812804264953], [79.04060139691784, 11.19381340456414], [79.0406020049066, 11.193723018874014], [79.04124281850979, 11.1937272201868], [79.04124221071865, 11.193817605912859], [79.04133375556786, 11.193818205996452], [79.04133193225734, 11.1940893631926], [79.04105729746713, 11.19408756282504], [79.04105668960412, 11.194177948533133], [79.04087359971705, 11.194176748141368], [79.04087299179115, 11.194267133840478], [79.04068990186813, 11.19426593332295], [79.04069050984792, 11.194175547632822], [79.04050742000574, 11.194174347007495], [79.04050802803943, 11.194083961326351], [79.04041648315427, 11.194083360973265]]]}, "id": "+8613+6190", "properties": {"count": 44, "water": 1}}, {"type": "Feature", "geometry": {"geodesic": false, "type": "Polygon", "coordinates": [[[79.04121057253045, 11.130273313555861], [79.04121178104299, 11.130092541340172], [79.04139483082928, 11.130093734752027], [79.04139543501817, 11.130003348630709], [79.04203610922977, 11.13000752465592], [79.04203490122927, 11.130188296961439], [79.0421264261898, 11.130188893433804], [79.04212521823422, 11.130369665748308], [79.04203369321081, 11.130369069266958], [79.04203248517439, 11.130549841572478], [79.04148333482736, 11.130546262028616], [79.04148454320514, 11.130365489785978], [79.04139301821768, 11.130364893107], [79.04139362242454, 11.130274506985682], [79.04121057253045, 11.130273313555861]]]}, "id": "+8617+6895", "properties": {"count": 46, "water": 1}}, {"type": "Feature", "geometry": {"geodesic": false, "type": "Polygon", "coordinates": [[[79.04124889609777, 11.192823362881281], [79.04124950382602, 11.192732977146237], [79.04134104833389, 11.19273357716695], [79.04134347908521, 11.192372034199826], [79.04143502348528, 11.192372634175621], [79.0414362387801, 11.192191862678586], [79.04171087183656, 11.192193662408341], [79.04171147939414, 11.192103276637365], [79.04226074548909, 11.192106875297377], [79.04225953071528, 11.192287646884244], [79.0423510751423, 11.192288246572579], [79.04235046778236, 11.192378632370504], [79.04244201223632, 11.192379232031888], [79.04243836811257, 11.192921546828424], [79.04234682348793, 11.192920947131107], [79.04234439385051, 11.193282490304842], [79.04225284911807, 11.19328189056261], [79.0422522416683, 11.193372276342568], [79.04216069690891, 11.193371676564402], [79.04216008942319, 11.193462062344361], [79.04206854464584, 11.193461462539245], [79.0420679371242, 11.193551848310221], [79.0419763923199, 11.193551248469173], [79.0419757847713, 11.19364163424015], [79.04188423994005, 11.19364103436317], [79.04188363235552, 11.193731420125163], [79.0417920875063, 11.193730820221232], [79.04179147988584, 11.193821205983225], [79.04151684528428, 11.193819406073807], [79.04151745298559, 11.19372902032978], [79.04142590815432, 11.19372842030907], [79.04142712360186, 11.19354764883], [79.0413355788245, 11.193547048800305], [79.04134044063258, 11.192823962901992], [79.04124889609777, 11.192823362881281]]]}, "id": "+8624+6208", "properties": {"count": 183, "water": 1}}, {"type": "Feature", "geometry": {"geodesic": false, "type": "Polygon", "coordinates": [[[79.04205715000155, 11.181529936096437], [79.04205957736623, 11.181168392707105], [79.04242574108751, 11.181170789187705], [79.04242513436536, 11.181261175048512], [79.04251667534285, 11.181261774108027], [79.04251606863868, 11.181352159977816], [79.0426076096431, 11.18135275901038], [79.04260882297959, 11.181171987252833], [79.04279190489862, 11.181173185219146], [79.04278887179994, 11.181625114648948], [79.04288041290319, 11.181625713609646], [79.04287919969246, 11.181806485385161], [79.04297074085859, 11.181807084336876], [79.04296467473311, 11.182710943241396], [79.04287313328851, 11.182710344244764], [79.04287191994304, 11.182891116011294], [79.04278037844453, 11.18289051697873], [79.04277977173138, 11.182980902857505], [79.04268823020591, 11.182980303789007], [79.04268762346581, 11.183070689658798], [79.04277916501822, 11.183071288736278], [79.04277795157392, 11.183252060484843], [79.04268640996763, 11.18325146139838], [79.04268701671671, 11.18316107552859], [79.04259547514634, 11.183160476433143], [79.0426033628037, 11.181985460134849], [79.04251182160164, 11.18198486106635], [79.04251364179501, 11.181713703465963], [79.04223901846731, 11.181711906143692], [79.04223962527928, 11.181621520282883], [79.04214808420299, 11.181620921124555], [79.04214869103293, 11.181530535272731], [79.04205715000155, 11.181529936096437]]]}, "id": "+8629+6329", "properties": {"count": 101, "water": 1}}, {"type": "Feature", "geometry": {"geodesic": false, "type": "Polygon", "coordinates": [[[79.04148918519549, 11.211535601440369], [79.04149161995329, 11.211174058895455], [79.041949371607, 11.211177063230075], [79.04194998013476, 11.211086677566897], [79.04231618144155, 11.211089080506383], [79.04231678985252, 11.210998694825237], [79.04259144080342, 11.211000496719935], [79.04259204912456, 11.210910111020823], [79.04295825034153, 11.21091251313386], [79.04295764213717, 11.211002898850936], [79.0430491924751, 11.211003499311822], [79.04304736789794, 11.211274656481018], [79.04295581747017, 11.211274056002168], [79.04295520922987, 11.211364441710261], [79.04249745701024, 11.211361438875828], [79.0424968486352, 11.211451824565955], [79.04222219728005, 11.211450022518546], [79.0422215888062, 11.211540408190707], [79.04213003833353, 11.211539807442362], [79.04212942983271, 11.211630193114523], [79.04194632885144, 11.211628991527999], [79.04194693741512, 11.21153860586482], [79.04185538696042, 11.211538005035626], [79.04185477836978, 11.211628390689821], [79.04167167741545, 11.2116271889416], [79.04167228606896, 11.211536803296388], [79.04148918519549, 11.211535601440369]]]}, "id": "+8633+6000", "properties": {"count": 80, "water": 1}}, {"type": "Feature", "geometry": {"geodesic": false, "type": "Polygon", "coordinates": [[[79.04320111661595, 11.174758179905062], [79.04320172273623, 11.174667793954423], [79.04329326168352, 11.174668392421049], [79.04329386776786, 11.17457800647041], [79.04366002349413, 11.174580400040467], [79.04366062946168, 11.174490014071862], [79.04375216837305, 11.174490612385775], [79.04375277431365, 11.174400226408185], [79.04384431319806, 11.174400824695148], [79.0438431013887, 11.174581596659309], [79.04393464033599, 11.174582194928304], [79.0439352462227, 11.174491808941733], [79.04402678515203, 11.174492407174796], [79.04402314994856, 11.175034723139142], [79.04374853265753, 11.175032928260288], [79.04374913862509, 11.1749425422827], [79.0435660605149, 11.174941345565044], [79.04356666653636, 11.174850959596439], [79.04329204949687, 11.17484916433131], [79.0432926555902, 11.17475877838067], [79.04320111661595, 11.174758179905062]]]}, "id": "+8640+6404", "properties": {"count": 37, "water": 1}}, {"type": "Feature", "geometry": {"geodesic": false, "type": "Polygon", "coordinates": [[[79.04534914493782, 11.113578063139638], [79.04534974698872, 11.11348767670391], [79.04544126692767, 11.11348827128083], [79.04544186895161, 11.113397884845101], [79.0456249087756, 11.113399073918092], [79.04562551073667, 11.11330868747338], [79.04580855053369, 11.113309876420608], [79.04580915243189, 11.11321948995793], [79.04590067230794, 11.11322008439112], [79.0459000704367, 11.113310470853797], [79.04599159034869, 11.113311065260039], [79.04599038664215, 11.11349183819438], [79.046081906617, 11.113492432582653], [79.0460807029464, 11.113673205525977], [79.04617222298415, 11.113673799896285], [79.0461716211668, 11.11376418637693], [79.04608010111109, 11.113763591997639], [79.04607949925781, 11.113853978469301], [79.0457134189541, 11.113851600673659], [79.04571402091516, 11.113761214219963], [79.04562250087741, 11.113760619705925], [79.04562310286543, 11.113670233261212], [79.04544006286179, 11.113669044161272], [79.04544066489473, 11.113578657725542], [79.04534914493782, 11.113578063139638]]]}, "id": "+8658+7081", "properties": {"count": 36, "water": 1}}, {"type": "Feature", "geometry": {"geodesic": false, "type": "Polygon", "coordinates": [[[79.04692723289662, 11.1377225376593], [79.04692843870522, 11.137541764913607], [79.04701996623493, 11.137542360281044], [79.0470205691033, 11.137451973899214], [79.04720362412677, 11.137453164553241], [79.04720482973774, 11.137272391771614], [79.047570939614, 11.137274772693393], [79.04756913152093, 11.137545931928715], [79.04738607640763, 11.137544741490284], [79.04738547363807, 11.13763512789008], [79.04711089092321, 11.137633342012347], [79.0471102880728, 11.137723728394176], [79.04692723289662, 11.1377225376593]]]}, "id": "+8678+6815", "properties": {"count": 21, "water": 1}}, {"type": "Feature", "geometry": {"geodesic": false, "type": "Polygon", "coordinates": [[[79.046912875887, 11.167280044871676], [79.0469134804442, 11.167189658669509], [79.0470050172535, 11.167190255608997], [79.04700562177477, 11.167099869415813], [79.04728023213978, 11.167101660045635], [79.04728325424308, 11.166649728962934], [79.04737479089967, 11.166650325758694], [79.04737599964577, 11.166469553309442], [79.04755907286012, 11.166470746802146], [79.04755846854546, 11.166561133040245], [79.04746693190684, 11.166560536298386], [79.04746330574042, 11.167102853664103], [79.04737176893111, 11.167102256868343], [79.04737116452662, 11.167192643088477], [79.0474627013539, 11.16719323989322], [79.04746149258085, 11.16737401234247], [79.04709534505619, 11.167371624934855], [79.04709594955949, 11.167281238732688], [79.046912875887, 11.167280044871676]]]}, "id": "+8680+6492", "properties": {"count": 27, "water": 1}}, {"type": "Feature", "geometry": {"geodesic": false, "type": "Polygon", "coordinates": [[[79.0456374100455, 11.166367823433395], [79.04563801494406, 11.166277437294111], [79.04572955139403, 11.16627803457496], [79.04573015625667, 11.166187648444657], [79.0458216926797, 11.166188245689574], [79.04582290234207, 11.16600747340202], [79.04591443872017, 11.166008070611005], [79.04591504351094, 11.165917684462736], [79.04609811622224, 11.165918878790873], [79.04609872095013, 11.165828492633622], [79.04655640267896, 11.165831477941923], [79.04655579808583, 11.165921864126124], [79.04664733447292, 11.165922461101546], [79.0466485435963, 11.165741688724161], [79.04747237081962, 11.165747060218369], [79.0474729751163, 11.16565667398027], [79.04756451146746, 11.16565727066823], [79.04756390719773, 11.16574765690633], [79.0476554435938, 11.165748253576325], [79.04765242230796, 11.16620018478479], [79.04746934925531, 11.166198991381918], [79.04746874492268, 11.166289377611035], [79.04728567183409, 11.166288184082399], [79.04728446305207, 11.166468956522667], [79.04719292644937, 11.166468359708942], [79.04719232202692, 11.166558745920092], [79.04710078540627, 11.166558149070434], [79.04710018094788, 11.166648535281585], [79.04700864430028, 11.166647938404976], [79.04700803980596, 11.166738324607143], [79.04691650314038, 11.166737727685621], [79.04691710767064, 11.166647341492437], [79.04673403441137, 11.166646147586508], [79.04673463898654, 11.166555761402307], [79.04664310239284, 11.16655516440892], [79.04664370699496, 11.166464778224718], [79.0464606338794, 11.166463584175059], [79.04646123853543, 11.166373197999842], [79.04618662898788, 11.166371406723233], [79.04618602425101, 11.166461792889468], [79.0460944877202, 11.166461195734382], [79.04609388295638, 11.166551581891634], [79.04581927330103, 11.166549790255699], [79.04581987815467, 11.166459404116413], [79.04572834164182, 11.16645880685353], [79.04572894652242, 11.166368420714244], [79.0456374100455, 11.166367823433395]], [[79.04682859371923, 11.166194813578043], [79.04682919824049, 11.166104427375876], [79.04692073469944, 11.166105024288417], [79.0469201302141, 11.166195410490584], [79.04682859371923, 11.166194813578043]]]}, "id": "+8680+6501", "properties": {"count": 151, "water": 1}}, {"type": "Feature", "geometry": {"geodesic": false, "type": "Polygon", "coordinates": [[[79.04754387311398, 11.12760282880174], [79.04754567957212, 11.12733166940472], [79.04800330150012, 11.12733464234322], [79.04800209747916, 11.127515415331459], [79.04809362193662, 11.127516009845497], [79.04809121394861, 11.12787755583096], [79.04799968937436, 11.127876961298956], [79.04800029140729, 11.127786574809328], [79.04781724234864, 11.12778538566447], [79.04781664025282, 11.127875772145115], [79.04790816481808, 11.127876366731018], [79.04790696068034, 11.12805713970129], [79.04763238684981, 11.128055355817818], [79.04763539757145, 11.127603423468491], [79.04754387311398, 11.12760282880174]]]}, "id": "+8682+6925", "properties": {"count": 35, "water": 1}}, {"type": "Feature", "geometry": {"geodesic": false, "type": "Polygon", "coordinates": [[[79.04785565332205, 11.108261298844525], [79.04785925917756, 11.107718979233018], [79.04804229573166, 11.107720166239886], [79.0480428966417, 11.107629779624494], [79.04813441489182, 11.10763037307852], [79.04813501576592, 11.107539986463127], [79.04831805223918, 11.107541173281348], [79.04831685060775, 11.107721946539082], [79.04849988721575, 11.107723133258489], [79.04849688333029, 11.108175066443248], [79.04840536488256, 11.10817447307007], [79.04840476406234, 11.108264859703429], [79.04822172713094, 11.108263672858259], [79.04822112624785, 11.108354059482634], [79.04812960776418, 11.10835346601064], [79.04812900684516, 11.108443852626033], [79.04803748833454, 11.10844325912709], [79.04803808928051, 11.108352872520681], [79.04794657080583, 11.108352278994792], [79.04794717176978, 11.108261892388382], [79.04785565332205, 11.108261298844525]]]}, "id": "+8684+7144", "properties": {"count": 50, "water": 1}}, {"type": "Feature", "geometry": {"geodesic": false, "type": "MultiPolygon", "coordinates": [[[[79.04834060575594, 11.17280315426266], [79.04834121017839, 11.17271276802456], [79.0485242874172, 11.172713961589128], [79.04852549612735, 11.17253318908598], [79.04861703469736, 11.172533785818857], [79.04861884763235, 11.172262627050658], [79.0487103861215, 11.172263223729637], [79.04871219893971, 11.17199206494347], [79.04862066053141, 11.171991468273477], [79.04862126481912, 11.17190108201741], [79.04889587996317, 11.17190287192858], [79.04889527575631, 11.171993258202612], [79.04898681418257, 11.17199385479176], [79.04898318902227, 11.17253617245392], [79.0488916504343, 11.172535575837824], [79.04888923344517, 11.172897120907004], [79.04879769474041, 11.172896524245994], [79.04879709045271, 11.172986910511042], [79.04861401301628, 11.172985717081222], [79.04861461736687, 11.172895330834137], [79.04852307868008, 11.172894734083295], [79.04852368304864, 11.172804347836212], [79.04834060575594, 11.17280315426266]]], [[[79.04834060575594, 11.17280315426266], [79.04833758358077, 11.17325508545316], [79.04852066115195, 11.173256279071627], [79.04852005676544, 11.17334666531871], [79.04815390151526, 11.173344277947027], [79.04815329700298, 11.173434664167162], [79.04806175818145, 11.173434067254622], [79.04806236272069, 11.173343681034488], [79.04778774636391, 11.173341890126189], [79.04778835098399, 11.173251503924021], [79.04769681223434, 11.173250906903682], [79.04769741688138, 11.173160520701515], [79.0477889555951, 11.173161117712871], [79.04779137401256, 11.172799572877253], [79.04834060575594, 11.17280315426266]]]]}, "id": "+8695+6432", "properties": {"count": 84, "water": 1}}, {"type": "Feature", "geometry": {"geodesic": false, "type": "Polygon", "coordinates": [[[79.04940546217196, 11.10917525214484], [79.04940846493453, 11.108723318744484], [79.04949998360684, 11.108723911848168], [79.04950058411264, 11.108633525160911], [79.05004969609263, 11.108637083136223], [79.05004909574852, 11.10872746985043], [79.05014061445677, 11.1087280627475], [79.05013701248197, 11.109270383068676], [79.0497709370022, 11.109268011165982], [79.0497715374541, 11.10917762446974], [79.04940546217196, 11.10917525214484]], [[79.0494981820535, 11.108995071900958], [79.04949878257727, 11.1089046852137], [79.04959030131246, 11.108905278299417], [79.04958970081564, 11.108995664986674], [79.0494981820535, 11.108995071900958]]]}, "id": "+8703+7132", "properties": {"count": 49, "water": 1}}, {"type": "Feature", "geometry": {"geodesic": false, "type": "Polygon", "coordinates": [[[79.05034419176239, 11.174352845217683], [79.05034479564586, 11.174262458880769], [79.05043633486265, 11.17426305514652], [79.05043875023482, 11.17390150976293], [79.05080490667974, 11.173903894457633], [79.05080430295797, 11.17399428083048], [79.05126199876341, 11.17399726109025], [79.05126018798438, 11.174268420253707], [79.05135172725507, 11.174269016240983], [79.05135112367702, 11.174359402631795], [79.05144266297465, 11.174359998592122], [79.05144085230341, 11.174631157782528], [79.05134931292494, 11.174630561804236], [79.05134870932893, 11.17472094819505], [79.05116563052705, 11.174719756148633], [79.05116623417696, 11.174629369775786], [79.05107469480747, 11.174628773716647], [79.05107529848432, 11.174538387334815], [79.05089221982617, 11.17453719514467], [79.05089282355692, 11.174446808780806], [79.0508012842593, 11.174446212640817], [79.05080068051058, 11.17453659900468], [79.05052606257276, 11.174534810423017], [79.05052545872523, 11.174625196768915], [79.05043391940065, 11.174624600512145], [79.05043573100613, 11.174353441483435], [79.05034419176239, 11.174352845217683]]]}, "id": "+8716+6410", "properties": {"count": 70, "water": 1}}, {"type": "Feature", "geometry": {"geodesic": false, "type": "Polygon", "coordinates": [[[79.05305960945651, 11.178980431144721], [79.05306141934621, 11.17870927177465], [79.05333604162288, 11.178711058685447], [79.05333543841316, 11.17880144515711], [79.05361006082458, 11.178803231843327], [79.0536094576957, 11.178893618323972], [79.05388408024187, 11.178895404767646], [79.0538828741458, 11.179076177773851], [79.05369979233457, 11.179074986814397], [79.05369918921467, 11.179165373304025], [79.0535161073675, 11.179164182236773], [79.05351550419371, 11.179254568708435], [79.05342396325216, 11.179253973125402], [79.0534245664529, 11.17916358665374], [79.05333302553831, 11.179162991043757], [79.053333628766, 11.179072604572095], [79.05315054701765, 11.179071413289247], [79.05315115029924, 11.178981026826568], [79.05305960945651, 11.178980431144721]]]}, "id": "+8744+6357", "properties": {"count": 31, "water": 1}}, {"type": "Feature", "geometry": {"geodesic": false, "type": "Polygon", "coordinates": [[[79.05461643890987, 11.16516081201929], [79.05461704096976, 11.165070425394914], [79.05480011410326, 11.165071614315192], [79.05480131807931, 11.164890841048475], [79.05489285459217, 11.164891435454715], [79.05489345655323, 11.164801048812373], [79.05516806604689, 11.164802831860415], [79.05516746417564, 11.16489321851174], [79.05507592764482, 11.164892624186347], [79.05507472383945, 11.165073397488998], [79.05516626042417, 11.165073991823373], [79.05516505664576, 11.165254765126022], [79.05498198335954, 11.165253576412356], [79.05498077945536, 11.16543434969704], [79.05479770607931, 11.165433160848627], [79.05479830809429, 11.165342774215269], [79.0547067714377, 11.165342179755129], [79.05470797550358, 11.165161406497395], [79.05461643890987, 11.16516081201929]]]}, "id": "+8763+6511", "properties": {"count": 25, "water": 1}}, {"type": "Feature", "geometry": {"geodesic": false, "type": "Polygon", "coordinates": [[[79.05434706151885, 11.191824244944184], [79.0543488723428, 11.191553085601065], [79.05444041720101, 11.191553681543423], [79.05444102077006, 11.19146329508973], [79.05489874498022, 11.1914662743883], [79.05489934840556, 11.191375887907656], [79.0549908932368, 11.191376483670352], [79.0549914966262, 11.191286097189707], [79.0550830414305, 11.191286692925454], [79.05508183470562, 11.19146746590471], [79.05499028983843, 11.19146687015998], [79.05498847963432, 11.1917380296109], [79.05480538974723, 11.191736838004658], [79.05480478627699, 11.19182722447632], [79.05453015140594, 11.19182543684687], [79.05452954784586, 11.191915823300565], [79.05443800287088, 11.191915227358207], [79.05443860646689, 11.191824840904511], [79.05434706151885, 11.191824244944184]]]}, "id": "+8764+6218", "properties": {"count": 29, "water": 1}}, {"type": "Feature", "geometry": {"geodesic": false, "type": "Polygon", "coordinates": [[[79.05499632354372, 11.190563005272681], [79.05499753022369, 11.190382232293425], [79.05508907474054, 11.190382827984257], [79.05509028134864, 11.190202054987035], [79.0554564592633, 11.190204437417982], [79.05545585608053, 11.19029482393456], [79.05554740059736, 11.190295419472678], [79.05554559110293, 11.190566579040377], [79.05545404649625, 11.190565983484293], [79.05545344328652, 11.19065637000087], [79.05508726480592, 11.190653987471107], [79.05508786812345, 11.190563600972496], [79.05499632354372, 11.190563005272681]]]}, "id": "+8768+6230", "properties": {"count": 25, "water": 1}}, {"type": "Feature", "geometry": {"geodesic": false, "type": "Polygon", "coordinates": [[[79.05165207654485, 11.184123515423314], [79.05165328458129, 11.183942742722536], [79.0518363692312, 11.183943935442688], [79.05183697318652, 11.183853549078824], [79.05211160009851, 11.183855337929982], [79.05211220396401, 11.183764951557135], [79.05229528855104, 11.18376614397186], [79.05229589235365, 11.183675757590029], [79.05247897689577, 11.183676949887973], [79.0524795806355, 11.183586563488177], [79.05266266515066, 11.183587755660357], [79.05266326882752, 11.183497369251578], [79.05293789554187, 11.183499157294252], [79.05293849913788, 11.183408770867505], [79.05303004135503, 11.183409366818848], [79.05303064491511, 11.183318980392102], [79.05312218710532, 11.183319576307511], [79.05312279062946, 11.183229189871783], [79.05330587498293, 11.183230381621755], [79.05330647844418, 11.183139995177042], [79.0534895627707, 11.183141186792266], [79.05349016616907, 11.18305080033857], [79.05385633475024, 11.18305318322766], [79.05385693803184, 11.182962796755998], [79.05431464874033, 11.182965774707098], [79.0543152518782, 11.182875388208485], [79.05495604689523, 11.182879556130892], [79.0549566498175, 11.182789169596349], [79.05568898706967, 11.18279393122431], [79.055688384363, 11.18288431780377], [79.0554137577744, 11.182882532384177], [79.0554131549779, 11.18297291894567], [79.05486390176479, 11.182969347333932], [79.05486329879761, 11.183059733859492], [79.05477175658943, 11.183059138492055], [79.05477235958357, 11.182968751966493], [79.0545892752301, 11.182967561141787], [79.05458867218206, 11.183057947658364], [79.05440558779267, 11.183056756716876], [79.05440498468175, 11.18314714322447], [79.05394727365885, 11.183144165363203], [79.05394667039522, 11.183234551834865], [79.05385512817807, 11.183233956179967], [79.05385452488748, 11.183324342651629], [79.05376298264338, 11.183323746951814], [79.05376117264588, 11.183594906357817], [79.05339500339097, 11.18359252324415], [79.0533931930072, 11.183863682578286], [79.05348473539505, 11.183864278412848], [79.05348413195175, 11.183954664866542], [79.05357567437552, 11.183955260674155], [79.05357507095019, 11.184045647127851], [79.0537581558696, 11.184046838680192], [79.05375574235694, 11.184408384530908], [79.0538472849424, 11.184408980284621], [79.0538448714567, 11.18477052614432], [79.05375332876343, 11.184769930372639], [79.05375453556917, 11.184589157456266], [79.05366299293878, 11.184588561666619], [79.05366359636412, 11.18449817520394], [79.05357205376966, 11.184497579396329], [79.05357265721295, 11.184407192942633], [79.05338957208694, 11.184406001237576], [79.05339017559311, 11.184315614792865], [79.05329863306154, 11.184315018904403], [79.053300443616, 11.184043859597216], [79.05320890118325, 11.18404326369079], [79.05320950471638, 11.18395287725506], [79.05311796231057, 11.183952281330667], [79.0531173587505, 11.184042667757414], [79.05293427390296, 11.184041475818795], [79.05293367028, 11.184131862236558], [79.05265904296378, 11.18413007409507], [79.05265964667656, 11.184039687695273], [79.05211039235853, 11.18403611068466], [79.05210978847506, 11.184126497057507], [79.05183516130256, 11.184124708161432], [79.05183455732927, 11.184215094525298], [79.05174301492346, 11.18421449816073], [79.05174361892371, 11.184124111805849], [79.05165207654485, 11.184123515423314]]]}, "id": "+8770+6312", "properties": {"count": 192, "water": 1}}, {"type": "Feature", "geometry": {"geodesic": false, "type": "Polygon", "coordinates": [[[79.05778092166567, 11.102088527642435], [79.05778390958807, 11.101636591771712], [79.05787542650867, 11.101637181946888], [79.05787602405003, 11.10154679477454], [79.05796754095266, 11.101547384913783], [79.0579681384581, 11.101456997732452], [79.05824268910311, 11.101458767988483], [79.05824209167852, 11.101549155196764], [79.05833360859913, 11.101549745228208], [79.0583300241235, 11.102092068450942], [79.05778092166567, 11.102088527642435]]]}, "id": "+8792+7212", "properties": {"count": 38, "water": 1}}, {"type": "Feature", "geometry": {"geodesic": false, "type": "Polygon", "coordinates": [[[79.05577992657118, 11.182884912883747], [79.05578052924191, 11.182794526304287], [79.05742828934837, 11.182805232919916], [79.05742768718966, 11.182895619589207], [79.05761077180364, 11.1828968086622], [79.05761137390844, 11.182806421983924], [79.05788600079347, 11.182808205364344], [79.05788660280845, 11.182717818677085], [79.0579781450795, 11.182718413074342], [79.05797874706752, 11.182628026378103], [79.05807028932061, 11.182628620739427], [79.05807089126372, 11.182538234034203], [79.05816243349884, 11.182538828377561], [79.05816303541499, 11.182448441663354], [79.05825457761419, 11.182449035961797], [79.05825517950339, 11.18235864924759], [79.05834672168461, 11.182359243519082], [79.05834852721749, 11.182088083349512], [79.05844006931787, 11.18208867757609], [79.0584412729256, 11.181907904120726], [79.05853281498106, 11.18190849831137], [79.05853401850794, 11.181727724847024], [79.05862556050951, 11.181728318992754], [79.05862616223702, 11.181637932251597], [79.05880924619522, 11.181639120462206], [79.05880864452162, 11.181729507212346], [79.05890018653216, 11.181730101277227], [79.05889657656236, 11.18227242179603], [79.05880503438114, 11.1822718277042], [79.05880322924352, 11.182542987936653], [79.05871168697246, 11.182542393799906], [79.05870988170909, 11.182813554014393], [79.05852679702325, 11.182812365624121], [79.05852619519692, 11.18290275234731], [79.05843465283603, 11.182902158102767], [79.05843405097377, 11.182992544825957], [79.05834250859492, 11.182991950554465], [79.05834010099318, 11.183353497420276], [79.05824855849754, 11.183352903094884], [79.05824735462032, 11.183533676514314], [79.05815581207078, 11.183533082152989], [79.05815521009174, 11.18362346884923], [79.05806366752424, 11.183622874460957], [79.05806306550927, 11.183713261157196], [79.05797152291483, 11.18371266673299], [79.0579709208729, 11.183803053420247], [79.05769629304464, 11.183801269958982], [79.05769809942193, 11.183530109924158], [79.05751501439472, 11.1835289208332], [79.05751441221805, 11.183619307502491], [79.05733132716391, 11.183618118294753], [79.05733012267582, 11.183798891615368], [79.05723858009934, 11.1837982969576], [79.05723797782386, 11.183888683608924], [79.05714643522043, 11.183888088915223], [79.05714583290901, 11.183978475566548], [79.05668811983796, 11.183975501675834], [79.05668691490969, 11.184156274915601], [79.05650382960401, 11.184155085150907], [79.05650322708598, 11.184245471757317], [79.05641168441069, 11.184244876830052], [79.05641108184774, 11.184335263427478], [79.05631953915449, 11.184334668464283], [79.05632074432529, 11.184153895260447], [79.05641228696464, 11.184154490223642], [79.0564140945906, 11.183883330395433], [79.05632255203209, 11.183882735459186], [79.05632315459502, 11.183792348852776], [79.05641469712658, 11.183792943789024], [79.05641590217162, 11.183612170576206], [79.05623281724324, 11.183610980694729], [79.05623341981517, 11.183520594097303], [79.05614187738242, 11.183519999116141], [79.05614428774199, 11.183158452726436], [79.05605274542602, 11.183157857745275], [79.05605455322264, 11.18288669796198], [79.05577992657118, 11.182884912883747]]]}, "id": "+8804+6325", "properties": {"count": 345, "water": 1}}, {"type": "Feature", "geometry": {"geodesic": false, "type": "Polygon", "coordinates": [[[79.0587554137086, 11.162204769733657], [79.0587566149268, 11.162023995999816], [79.05884815076593, 11.162024589049599], [79.05884935190329, 11.161843815306776], [79.05894088768851, 11.161844408320627], [79.05894148822127, 11.161754021444724], [79.05903302397954, 11.161754614422643], [79.05903422497317, 11.161573840661852], [79.05930883211323, 11.161575619406962], [79.05930943252022, 11.16148523250411], [79.05958403962435, 11.161487010979725], [79.05958343930719, 11.161577397891563], [79.0594919035669, 11.161576805093306], [79.05949070285173, 11.161757578907995], [79.05958223864593, 11.161758171715235], [79.05958103796671, 11.161938945538907], [79.05967257382379, 11.161939538337164], [79.05966957218412, 11.162391472905329], [79.05976110818493, 11.1623920656946], [79.05976050786778, 11.162482452615421], [79.05966897184001, 11.162481859817165], [79.05966837148694, 11.162572246729], [79.05911915526644, 11.162568689337593], [79.05911855474267, 11.16265907622248], [79.05902701868796, 11.162658483217612], [79.05902761924766, 11.162568096341708], [79.05893608322887, 11.162567503318874], [79.05893668380655, 11.16247711644297], [79.0588451478237, 11.16247652340217], [79.05884694960162, 11.162205362792424], [79.0587554137086, 11.162204769733657]]]}, "id": "+8811+6548", "properties": {"count": 94, "water": 1}}, {"type": "Feature", "geometry": {"geodesic": false, "type": "Polygon", "coordinates": [[[79.05956982039832, 11.218613808314881], [79.05957042386856, 11.218523421753387], [79.05966197749433, 11.218524017516083], [79.05966258092865, 11.218433630936625], [79.05975413452745, 11.218434226663389], [79.05975473793481, 11.218343840083929], [79.05993784508752, 11.218345031447624], [79.05993844843199, 11.218254644859181], [79.06039621627335, 11.218257622756383], [79.06039440666211, 11.218528782593577], [79.06048596032382, 11.218529378104744], [79.06048475394927, 11.218710151344512], [79.06021009278452, 11.21870836470321], [79.06020948950292, 11.218798751300636], [79.05993482830225, 11.218796964389838], [79.05993543167368, 11.218706577801395], [79.05966077059877, 11.218704790657037], [79.05966137405105, 11.21861440408656], [79.05956982039832, 11.218613808314881]]]}, "id": "+8824+5920", "properties": {"count": 42, "water": 1}}, {"type": "Feature", "geometry": {"geodesic": false, "type": "Polygon", "coordinates": [[[79.0612466217084, 11.18680720172902], [79.06124842528295, 11.186536041173174], [79.06143151260086, 11.18653722828784], [79.06143211371752, 11.186446841429902], [79.061523657363, 11.186447434937827], [79.0615230562643, 11.186537821804746], [79.06170614360916, 11.186539008757714], [79.06170554256437, 11.186629395633618], [79.06179708628171, 11.18662998906968], [79.06179588422808, 11.186810762830468], [79.06188742800829, 11.186811356248564], [79.06188502396388, 11.187172903788111], [79.0619765678519, 11.187173497197222], [79.06197536585215, 11.187354270966996], [79.06188382191023, 11.1873536775489], [79.06188322087442, 11.187444064424804], [79.06179167690556, 11.187443470979762], [79.06179047476208, 11.187624244722587], [79.06169893073931, 11.187623651232627], [79.06169953183799, 11.187533264365706], [79.06160798785116, 11.187532670848798], [79.06160919009345, 11.187351897114958], [79.06151764616949, 11.187351303589066], [79.06151884844772, 11.187170529864208], [79.06142730458664, 11.187169936311367], [79.06142790573924, 11.18707954945343], [79.06133636191409, 11.18707895587364], [79.06133816544373, 11.186807795317794], [79.0612466217084, 11.18680720172902]]]}, "id": "+8834+6272", "properties": {"count": 57, "water": 1}}, {"type": "Feature", "geometry": {"geodesic": false, "type": "Polygon", "coordinates": [[[79.06237319093817, 11.057916728436746], [79.06237378468865, 11.057826340752358], [79.06246528825129, 11.057826927244442], [79.06246588196584, 11.057736539560054], [79.06264888904622, 11.057737712445403], [79.06264948269786, 11.057647324752034], [79.0627409862156, 11.0576479111453], [79.06274217345603, 11.057467135740595], [79.06292518039268, 11.057468308437299], [79.06292399326904, 11.057649083868956], [79.06301549679576, 11.057649670181375], [79.0630149032519, 11.057740057901695], [79.06292339969824, 11.057739471580293], [79.06292221253865, 11.05792024701195], [79.0630137161552, 11.057920833342335], [79.06301312259338, 11.058011221053672], [79.0625556044208, 11.058008289096316], [79.06255619811736, 11.057917901402945], [79.06237319093817, 11.057916728436746]]]}, "id": "+8840+7699", "properties": {"count": 24, "water": 1}}, {"type": "Feature", "geometry": {"geodesic": false, "type": "Polygon", "coordinates": [[[79.06211184091947, 11.15300662109227], [79.06211423714855, 11.152645072681356], [79.06220577022984, 11.152645664221971], [79.06220876526689, 11.152193728674643], [79.06230029821343, 11.152194320152375], [79.06230089717414, 11.152103933042909], [79.06294162773706, 11.15210807259652], [79.06294102897398, 11.1521984597509], [79.06312409494792, 11.152199642239243], [79.06312349623875, 11.152290029393624], [79.06303196322034, 11.152289438158435], [79.06303076571217, 11.152470212467199], [79.06293923264884, 11.15246962119608], [79.06293863385882, 11.152560008341478], [79.06284710076855, 11.152559417034425], [79.0628465019426, 11.152649804179823], [79.06266343571714, 11.152648621466904], [79.0626610401618, 11.153010169994598], [79.06256950693678, 11.153009578579747], [79.06256890801201, 11.15309996570718], [79.06238584152604, 11.153098782778663], [79.06238644051369, 11.153008395669199], [79.06211184091947, 11.15300662109227]]]}, "id": "+8847+6652", "properties": {"count": 76, "water": 1}}, {"type": "Feature", "geometry": {"geodesic": false, "type": "Polygon", "coordinates": [[[79.06256809272801, 11.194589375918163], [79.06256929514997, 11.194408602166355], [79.06275238756132, 11.194409789298987], [79.06275298870493, 11.1943194024141], [79.06284453489263, 11.194319995939992], [79.06284333264136, 11.194500769718749], [79.06293487889195, 11.194501363217691], [79.06293307556894, 11.194772523899301], [79.06302462190038, 11.194773117389259], [79.06302341972096, 11.194953891176999], [79.06274878055596, 11.194952110608309], [79.06274998291504, 11.194771336838535], [79.06265843659259, 11.194770743267728], [79.06265963898758, 11.194589969506938], [79.06256809272801, 11.194589375918163]]]}, "id": "+8849+6185", "properties": {"count": 20, "water": 1}}, {"type": "Feature", "geometry": {"geodesic": false, "type": "Polygon", "coordinates": [[[79.06511547860788, 11.224525243907252], [79.0651172848055, 11.224254083414289], [79.0653919520159, 11.22425586640843], [79.06539074805782, 11.224436640097355], [79.06548230385751, 11.224437234386816], [79.06548170189645, 11.224527621235769], [79.06557325773205, 11.22452821549828], [79.06557145191172, 11.224799376054126], [79.06566300783717, 11.224799970307652], [79.06565999817555, 11.225251904588356], [79.06584311032289, 11.225253093050494], [79.06584250843368, 11.225343479917415], [79.06593406454778, 11.22534407410806], [79.06593225892507, 11.22561523470882], [79.06565759034922, 11.22561345200214], [79.06565819231928, 11.225523065153185], [79.06556663616027, 11.225522470863726], [79.06556964604647, 11.225070536618954], [79.06547809004017, 11.225069942320513], [79.06547929401623, 11.224889168631586], [79.0653877380728, 11.224888574324162], [79.0653883400788, 11.224798187475207], [79.06529678416233, 11.224797593149814], [79.06529738619527, 11.224707206309844], [79.06520583032372, 11.22470661194852], [79.06520703442553, 11.224525838286542], [79.06511547860788, 11.224525243907252]]]}, "id": "+8879+5854", "properties": {"count": 44, "water": 1}}, {"type": "Feature", "geometry": {"geodesic": false, "type": "Polygon", "coordinates": [[[79.06725125709829, 11.13713092909614], [79.06725901256854, 11.135955891929981], [79.0673505407091, 11.135956481018194], [79.06735352321466, 11.135504543593388], [79.06744505122047, 11.135505132636686], [79.06744564767487, 11.135414745140944], [79.06753717566271, 11.135415334148309], [79.06753777208118, 11.135324946652569], [79.06762930004207, 11.135325535632985], [79.06762989643359, 11.13523514812826], [79.06817906413606, 11.135238681363969], [79.06817846791523, 11.135329068895643], [79.06845305191469, 11.135330835154171], [79.0684524557747, 11.135421222703812], [79.06863551185819, 11.135422400080738], [79.06863610794427, 11.135332012522115], [79.069734444544, 11.135339074376194], [79.06973384879926, 11.135429461988716], [79.06991690502647, 11.13543063858411], [79.06991333078267, 11.135972964322125], [79.06982180249838, 11.135972376006462], [79.06982001521928, 11.136243538853012], [79.06972848685415, 11.136242950492433], [79.0697249119905, 11.136785276140618], [79.06954185493684, 11.136784099284712], [79.06954125904838, 11.13687448687927], [79.06926667342297, 11.136872721375326], [79.06926607744468, 11.136963108960899], [79.06899149178334, 11.13696134318746], [79.0689908957152, 11.137051730755067], [79.06862478145517, 11.137049375983246], [79.06862418527027, 11.137139763523903], [79.0684411281088, 11.137138585967312], [79.06844053187, 11.137228973498987], [79.0682574746726, 11.137227795816633], [79.06825687837092, 11.137318183339323], [79.0677077067428, 11.137314649591575], [79.06770830322415, 11.137224262095833], [79.067342189018, 11.137221905733995], [79.06734278560715, 11.13713151825622], [79.06725125709829, 11.13713092909614]]]}, "id": "+8903+6839", "properties": {"count": 540, "water": 1}}, {"type": "Feature", "geometry": {"geodesic": false, "type": "MultiPolygon", "coordinates": [[[[79.06930872087545, 11.144375477523852], [79.0693081245019, 11.144465865055524], [79.06939965540927, 11.14446645397306], [79.06939905906268, 11.144556841513717], [79.06949059000597, 11.144557430404301], [79.0694911863346, 11.14446704285466], [79.06967424818528, 11.144468220545997], [79.06967365191952, 11.144558608095638], [79.06958212095826, 11.144558019267937], [79.06958092835488, 11.144738794367216], [79.0694893973487, 11.144738205494598], [79.0694870119623, 11.145099755675192], [79.06957854308526, 11.145100344565778], [79.06957735041901, 11.145281119656074], [79.06893663228877, 11.145276996766214], [79.06893722882401, 11.145186609252505], [79.06884569771003, 11.14518602016429], [79.06884510114784, 11.145276407669016], [79.068570507752, 11.145274640215728], [79.06857110439505, 11.145184252719986], [79.06847957330801, 11.145183663514992], [79.068480169978, 11.145093276028234], [79.06838863891792, 11.145092686805272], [79.06839042897283, 11.144821524344998], [79.06848195995207, 11.144822113558975], [79.06848315324713, 11.144641338576477], [79.06857468416348, 11.144641927745539], [79.06857528077958, 11.144551540249797], [79.06866681167797, 11.14455212939191], [79.06866740824914, 11.144461741887186], [79.06875893912957, 11.14446233100235], [79.06875953567379, 11.144371943488641], [79.06866800482032, 11.144371354391444], [79.06866860139151, 11.14428096688672], [79.06885166303556, 11.144282145054165], [79.06885285604318, 11.14410137002675], [79.0689443868158, 11.144101959052081], [79.06894379034343, 11.144192346574773], [79.06921838277808, 11.14419411351602], [79.06921718999504, 11.14437488858835], [79.06930872087545, 11.144375477523852]], [[79.06903412825217, 11.14437371062752], [79.06903472470657, 11.144283323104828], [79.06912625554207, 11.144283912094227], [79.0691256591236, 11.144374299625902], [79.06903412825217, 11.14437371062752]], [[79.06903412825217, 11.14437371062752], [79.06903353178879, 11.144464098150209], [79.06885047000998, 11.14446292008158], [79.06885106652726, 11.144372532567873], [79.06903412825217, 11.14437371062752]]], [[[79.06949237896492, 11.144286267764363], [79.06949297526661, 11.144195880214722], [79.0696760369466, 11.144197057870128], [79.06967544069882, 11.144287445428752], [79.06949237896492, 11.144286267764363]]], [[[79.06949237896492, 11.144286267764363], [79.06949178264527, 11.14437665530502], [79.06930872087545, 11.144375477523852], [79.06930931724003, 11.144285089983194], [79.06949237896492, 11.144286267764363]]]]}, "id": "+8912+6741", "properties": {"count": 120, "water": 1}}, {"type": "Feature", "geometry": {"geodesic": false, "type": "Polygon", "coordinates": [[[79.07025108705277, 11.112473337568908], [79.0702540586438, 11.11202139866188], [79.07062014201078, 11.112023746229212], [79.07061598254153, 11.11265646082841], [79.07043294045378, 11.112655287035759], [79.07043412901474, 11.112474511460372], [79.07025108705277, 11.112473337568908]], [[79.07043472328624, 11.112384123668187], [79.07043591181126, 11.112203348083817], [79.07052743271139, 11.112203934971157], [79.07052624424027, 11.11238471056451], [79.07043472328624, 11.112384123668187]]]}, "id": "+8928+7096", "properties": {"count": 22, "water": 1}}, {"type": "Feature", "geometry": {"geodesic": false, "type": "MultiPolygon", "coordinates": [[[[79.07517188259447, 11.115758962704216], [79.0750803603289, 11.115758377038583], [79.07508095335173, 11.11566798902182], [79.07517247558138, 11.115668574678468], [79.07517188259447, 11.115758962704216]]], [[[79.0748973158247, 11.115757205635452], [79.07498883807231, 11.115757791354984], [79.07498824502252, 11.115848179362764], [79.0751712895896, 11.11584935072098], [79.07517188259447, 11.115758962704216], [79.07526340486005, 11.115759548333916], [79.07526459077995, 11.11557877228242], [79.07489850196919, 11.11557642961989], [79.07489909503694, 11.11548604161211], [79.07480757287917, 11.115485455883595], [79.07480816596488, 11.115395067875815], [79.07462512172118, 11.11539389634692], [79.07462452857258, 11.115484284336734], [79.07444148428398, 11.115483112691058], [79.07444029786103, 11.115663888661704], [79.07425725348259, 11.115662716872299], [79.07425666020822, 11.11575310485313], [79.07434818242888, 11.115753690761307], [79.07434699591609, 11.115934466713988], [79.07425547364153, 11.115933880796828], [79.07425191383366, 11.116476208618934], [79.07434343626991, 11.116476794572028], [79.07434106307365, 11.11683834645942], [79.07424954052061, 11.116837760497345], [79.07424894717438, 11.11692814846021], [79.07406590203237, 11.116926976428259], [79.07406708882365, 11.11674620051151], [79.07397556630654, 11.116745614468586], [79.07397615972464, 11.116655226514704], [79.07379311478027, 11.116654054348006], [79.0737919278273, 11.11683483022882], [79.07370040531019, 11.116834244096063], [79.07369921828536, 11.117015019967896], [79.07360769570538, 11.117014433799206], [79.07360710216152, 11.117104821726139], [79.07333253438563, 11.117103063022443], [79.07333194075194, 11.117193450940391], [79.07324041813602, 11.117192864645938], [79.07324279276959, 11.11683131300109], [79.07333431526874, 11.116831899277576], [79.07333372164403, 11.116922287195527], [79.07351676671416, 11.116923459667651], [79.07351795383781, 11.116742683813786], [79.07324338642125, 11.11674092508314], [79.07324576094703, 11.116379373429309], [79.07333728330244, 11.116379959678847], [79.07333787690018, 11.116289571751913], [79.07342939922864, 11.116290157974502], [79.07342999279047, 11.116199770047569], [79.07352151510096, 11.116200356234224], [79.07352210862685, 11.116109968298309], [79.07361363091039, 11.116110554449032], [79.07361422440034, 11.116020166513115], [79.07370574666592, 11.116020752636889], [79.07370634011995, 11.115930364691991], [79.07379786236756, 11.11593095077983], [79.07379845579463, 11.115840562825948], [79.0738899780063, 11.11584114888684], [79.07389057139746, 11.115750760932958], [79.07398209359117, 11.115751346948933], [79.07398328031057, 11.115570571032187], [79.07407480245038, 11.11557115701223], [79.07407539576965, 11.115480769049364], [79.07425844001335, 11.115481940928602], [79.07425903327872, 11.11539155294777], [79.07435055538261, 11.115392138837981], [79.07435114860307, 11.11530175085715], [79.07425962652614, 11.115301164975921], [79.0742614062594, 11.11503000104241], [79.0743529282465, 11.115030586914655], [79.07435352145798, 11.11494019892484], [79.07453656539624, 11.1149413705795], [79.07453715853586, 11.114850982580702], [79.07462868048702, 11.114851568363115], [79.07462927359968, 11.114761180364317], [79.0747207955239, 11.1147617661108], [79.07472138860064, 11.114671378103017], [79.07481291050688, 11.114671963813565], [79.07481350354769, 11.114581575805785], [79.07499654731527, 11.11458274713705], [79.07499714029318, 11.114492359120286], [79.07508866215451, 11.114492944732019], [79.07508925510548, 11.114402556706272], [79.07518077694886, 11.11440314230004], [79.07518136986388, 11.11431275426531], [79.0752728916803, 11.114313339823145], [79.0752734845594, 11.11422295177943], [79.07545652814733, 11.114224122796285], [79.07545712097253, 11.114133734752572], [79.07554864274404, 11.114134320211592], [79.0755492355333, 11.114043932158895], [79.0758238008029, 11.114045688365275], [79.07582320810346, 11.114136076426956], [79.07591472990191, 11.114136661778177], [79.07591413722042, 11.114227049848841], [79.07600565904583, 11.114227635173114], [79.0760050663913, 11.11431802325276], [79.07618811012296, 11.11431919382944], [79.07618751751335, 11.11440958191807], [79.07637056131685, 11.114410752395935], [79.07636996876114, 11.114501140493548], [79.0765530126455, 11.114502310872599], [79.0765524201437, 11.114592698970212], [79.07673546409993, 11.114593869250449], [79.07673487165201, 11.114684257366028], [79.0770094377121, 11.11468601258426], [79.07700884533607, 11.114776400708822], [79.07746645568477, 11.11477932554254], [79.07746586345246, 11.11486971369405], [79.07728281923572, 11.114868543836023], [79.07728222694053, 11.114958931978551], [79.0771907048097, 11.114958346995637], [79.07719011247856, 11.115048735129182], [79.07709859032977, 11.115048150119321], [79.0770979979627, 11.115138538252866], [79.07700647579594, 11.115137953207071], [79.07700588339294, 11.115228341331633], [79.07691436119923, 11.115227756258887], [79.07691376876929, 11.115318144374466], [79.07682224654863, 11.115317559274773], [79.07682165408275, 11.11540794738137], [79.07673013184413, 11.115407362245742], [79.07672953934231, 11.115497750352338], [79.07663801707673, 11.115497165180779], [79.07663742454798, 11.115587553278392], [79.07654590226444, 11.115586968079882], [79.07654412455238, 11.115858132363737], [79.076452602188, 11.115857547120312], [79.07645200957839, 11.115947935208942], [79.07636048718705, 11.115947349929584], [79.07635989454151, 11.116037738009231], [79.0762683721322, 11.116037152693941], [79.07626777945971, 11.116127540773586], [79.07599321216891, 11.116125784657038], [79.07599261939761, 11.116216172718719], [79.07580957450713, 11.116215001818645], [79.07581076014856, 11.116034225713252], [79.07599380492225, 11.116035396586375], [79.0759943976756, 11.115945008524696], [79.07608592004897, 11.115945593920832], [79.07608651276638, 11.11585520585017], [79.07599499042894, 11.115854620463015], [79.0759955831733, 11.115764232392353], [79.0758125385613, 11.115763061546177], [79.07581313135955, 11.115672673484497], [79.0756300868284, 11.115671502539508], [79.07562949397625, 11.11576189058322], [79.07544644940917, 11.115760719512467], [79.07544585649413, 11.115851107556182], [79.07535433418364, 11.115850521971398], [79.07535374124166, 11.115940910006127], [79.07517069659372, 11.115939738746727], [79.07516951056601, 11.11612051478924], [79.07526103294838, 11.116121100436905], [79.07526043996147, 11.116211488462652], [79.07507739515185, 11.116210317122404], [79.07507798819265, 11.11611992910564], [79.07498646582826, 11.116119343404074], [79.07498527967479, 11.116300119419636], [79.0748937572565, 11.116299533673155], [79.07489435036018, 11.116209145674357], [79.07480282797783, 11.116208559900928], [79.07480342110846, 11.11611817190213], [79.07489494346387, 11.116118757666577], [79.0748973158247, 11.115757205635452]], [[79.07489909503694, 11.11548604161211], [79.07490028115447, 11.115305265587564], [79.07499180326734, 11.115305851280146], [79.07499121023551, 11.11539623929691], [79.0750827323843, 11.115396824962543], [79.07508213937943, 11.11548721298829], [79.07489909503694, 11.11548604161211]]], [[[79.07480757287917, 11.115485455883595], [79.07480638668078, 11.115666231890174], [79.07489790890143, 11.115666817627671], [79.0748973158247, 11.115757205635452], [79.07471427133846, 11.115756034124525], [79.07471367819885, 11.115846422123322], [79.07462215593328, 11.115845836313959], [79.074623935415, 11.115574672335532], [79.07471545759974, 11.11557525812693], [79.07471605072138, 11.11548487012813], [79.07480757287917, 11.115485455883595]]]]}, "id": "+8985+7074", "properties": {"count": 558, "water": 1}}, {"type": "Feature", "geometry": {"geodesic": false, "type": "Polygon", "coordinates": [[[79.07132493935976, 11.130106584352665], [79.07132612928615, 11.12992580889406], [79.07141765576482, 11.129926396428187], [79.07141825069208, 11.129836008698884], [79.0715097771438, 11.129836596206063], [79.07151096692647, 11.129655820711525], [79.07160249333327, 11.12965640818277], [79.07160308817969, 11.129566020435501], [79.07169461456853, 11.129566607870816], [79.071695209388, 11.129476220114562], [79.0717867357409, 11.129476807522927], [79.07178733053343, 11.129386419766673], [79.07187885686837, 11.129387007130122], [79.07188004637254, 11.12920623159965], [79.0719715726536, 11.129206818936149], [79.07197216736526, 11.12911643116193], [79.07206369362834, 11.129117018462496], [79.07206428831306, 11.129026630688278], [79.07215581454918, 11.129027217952911], [79.07215700383777, 11.12884644239549], [79.07224853002899, 11.128847029624191], [79.0722497192457, 11.128666254048804], [79.07234124538302, 11.128666841241573], [79.0723436236368, 11.128305290054865], [79.07243514966632, 11.128305877202719], [79.07243633870337, 11.12812510160038], [79.07252786467899, 11.128125688703317], [79.07253737581664, 11.126679483713943], [79.07244585029018, 11.12667889668287], [79.07245298311116, 11.125594242898169], [79.07254450830526, 11.125594829875341], [79.07254569698298, 11.12541405422809], [79.07263722211418, 11.125414641160345], [79.0726378164216, 11.125324253332227], [79.07272934153484, 11.125324840228553], [79.07272993579735, 11.125234452391451], [79.07282146089263, 11.125235039260827], [79.07282205512819, 11.125144651423726], [79.0729135801965, 11.125145238257169], [79.07291417439613, 11.125054850411084], [79.0730056994375, 11.125055437217577], [79.07300629361018, 11.12496504936251], [79.07309781863357, 11.12496563613307], [79.07309841277032, 11.124875248278002], [79.07318993776677, 11.12487583501263], [79.07319053186758, 11.12478544714858], [79.07328205684607, 11.124786033856259], [79.07328265091095, 11.124695645983225], [79.07346570082301, 11.124696819299766], [79.07346629482501, 11.124606431426733], [79.07355781975858, 11.124607018035597], [79.07355841373364, 11.124516630153579], [79.07374146356484, 11.124517803281476], [79.073742057477, 11.124427415390475], [79.07383358237465, 11.124428001909507], [79.07383417625088, 11.124337614009525], [79.07401722599226, 11.124338786948774], [79.0740178198146, 11.124248399039807], [79.07410934466732, 11.124248985469007], [79.07410993845372, 11.124158597551059], [79.0742014632795, 11.124159183944327], [79.07420205702996, 11.124068796017394], [79.07429358183776, 11.124069382383713], [79.07429417555231, 11.12397899445678], [79.07438570034215, 11.123979580778183], [79.07438688769936, 11.123798804915335], [79.0744784124353, 11.123799391209788], [79.07447900607796, 11.123709003264889], [79.07457053078696, 11.12370958952341], [79.07457231161617, 11.123438425697696], [79.07466383624431, 11.123439011911302], [79.07466502337694, 11.123258236003537], [79.07475654796016, 11.123258822181208], [79.07475773501196, 11.123078046273445], [79.07484925954128, 11.123078632415185], [79.07484985303124, 11.12298824445232], [79.07521595107669, 11.122990588704868], [79.07521535770351, 11.1230809766857], [79.07567298051185, 11.12308390640625], [79.07567357375028, 11.12299351839847], [79.07585662286284, 11.122994690089062], [79.07585306368378, 11.12353701817168], [79.0757615389658, 11.123536432317401], [79.07576035247098, 11.123717208323981], [79.07585187725184, 11.123717794196226], [79.07585128403137, 11.123808182204007], [79.07575975922357, 11.123807596331762], [79.07575857270179, 11.123988372347323], [79.07557552298736, 11.123987200495035], [79.07557611630665, 11.12389681250522], [79.07548459148087, 11.123896226543144], [79.07548399813464, 11.123986614532958], [79.07520942362139, 11.123984856467066], [79.07520883018533, 11.124075244447898], [79.07493425562717, 11.124073486121492], [79.07493366210127, 11.124163874075375], [79.07520823674028, 11.124165632419745], [79.07520764329524, 11.124256020391593], [79.07511611837964, 11.124255434303754], [79.07511552489866, 11.124345822275602], [79.0750239999651, 11.124345236151829], [79.0750216258795, 11.124706787994306], [79.07483857579676, 11.124705615629978], [79.07483798220798, 11.124796003574877], [79.07474645714865, 11.124795417343305], [79.07474467625656, 11.125066581178002], [79.0745616259762, 11.125065408607062], [79.07455806373389, 11.125607736204591], [79.074466538432, 11.125607149838272], [79.07445703775075, 11.127053356588346], [79.07473161502183, 11.127055115813066], [79.07473102127136, 11.12714550374898], [79.07528017611894, 11.127149021479768], [79.07527958253017, 11.127239409442634], [79.07546263424784, 11.127240581806962], [79.07546204071296, 11.127330969769828], [79.07555356659876, 11.12733155592055], [79.07555059898726, 11.127783495779791], [79.07545907294876, 11.127782909611103], [79.07545729223634, 11.128054073508682], [79.07536576612598, 11.128053487295077], [79.07536517251026, 11.12814387524896], [79.07527364637293, 11.128143289008404], [79.07527305273027, 11.128233676962287], [79.075181526575, 11.1282330906858], [79.07518093289639, 11.128323478630698], [79.07508940671416, 11.128322892318279], [79.07508821928508, 11.128503668208076], [79.07499669304896, 11.128503081859725], [79.07499609930747, 11.12859346979564], [79.07490457304439, 11.128592883411356], [79.07490397926696, 11.12868327134727], [79.07481245298592, 11.128682684927053], [79.07481126535023, 11.128863460780918], [79.0747197390153, 11.128862874324769], [79.07471914516601, 11.1289532622517], [79.0746276188131, 11.128952675768602], [79.07462702492788, 11.129043063677567], [79.07453549854803, 11.129042477158535], [79.07453431069673, 11.129223252976468], [79.0743512578472, 11.12922207983959], [79.07435303978133, 11.128950916148623], [79.07426151344637, 11.128950329548742], [79.07426270143242, 11.12876955375776], [79.07417117516034, 11.128768967148895], [79.07417176917133, 11.128678579257896], [79.07398871669908, 11.128677405950336], [79.07398931076395, 11.12858701806832], [79.07371473218133, 11.128585257927318], [79.07371413803561, 11.128675645791368], [79.07362261181744, 11.128675059020809], [79.07362201763578, 11.12876544688486], [79.07353049139965, 11.128764860069383], [79.07352989718206, 11.128855247933434], [79.07334684467388, 11.128854074221632], [79.0733462503934, 11.128944462067716], [79.07325472412134, 11.12894387516241], [79.0732535354975, 11.129124650845595], [79.07316200916256, 11.129124063904355], [79.07316022610553, 11.129395227406675], [79.07325175252133, 11.129395814365882], [79.07325115817797, 11.129486202202981], [79.0733426846297, 11.129486789135239], [79.07334209031328, 11.12957717697234], [79.07352514327961, 11.129578350764989], [79.07352454901711, 11.129668738611073], [79.0736160755317, 11.129669325471466], [79.07361548129614, 11.129759713326534], [79.07398158753423, 11.129762060498607], [79.07398099339748, 11.12985244837164], [79.07407252000192, 11.129853035097286], [79.07406954940802, 11.130304974489404], [79.07388649592966, 11.130303800957265], [79.07388768430197, 11.13012302522018], [79.07379615762567, 11.13012243842267], [79.07379437498186, 11.130393602014824], [79.0737028482337, 11.130393015172396], [79.07370225398017, 11.130483403027464], [79.07361072720505, 11.13048281615809], [79.07360953862613, 11.130663591859241], [79.07351801179712, 11.13066300494495], [79.0735174174807, 11.130753392791034], [79.07342589062475, 11.130752805849793], [79.07342648497708, 11.130662418003709], [79.07241969027113, 11.130655959844452], [79.07242028491991, 11.13056557206125], [79.07223723145951, 11.13056439749605], [79.07223782617118, 11.130474009712847], [79.07205477278264, 11.130472835048833], [79.0720553675482, 11.130382447283598], [79.07178078759117, 11.130380685094437], [79.0717813824286, 11.130290297338185], [79.07168985581518, 11.130289709884904], [79.07169045067955, 11.130199322137635], [79.07141587095607, 11.130197559643047], [79.07141646590131, 11.130107171904761], [79.07132493935976, 11.130106584352665]], [[79.07474823798684, 11.124524253508609], [79.07474942518235, 11.124343477609829], [79.07484095010693, 11.12434406381445], [79.07483976296533, 11.124524839722215], [79.07474823798684, 11.124524253508609]]]}, "id": "+8986+6975", "properties": {"count": 1783, "water": 1}}, {"type": "Feature", "geometry": {"geodesic": false, "type": "Polygon", "coordinates": [[[79.075356861423, 11.129409306621275], [79.07535864245882, 11.129138142759627], [79.07545016891055, 11.129138729036114], [79.07545194981162, 11.128867565156503], [79.07554347618249, 11.128868151388074], [79.07554525694881, 11.128596987490495], [79.07563678323883, 11.12859757367715], [79.07563915742325, 11.128236021789757], [79.07573068360549, 11.128236607931496], [79.07573127710442, 11.128146219950665], [79.07591432943295, 11.128147392135329], [79.07591373598791, 11.128237780125144], [79.07627984081564, 11.128240124180063], [79.0762792474784, 11.128330512187844], [79.07637077373249, 11.128331098131955], [79.07636958709394, 11.1285118741565], [79.07627806078594, 11.128511288194423], [79.07627153360912, 11.129505556217133], [79.0758139006049, 11.129502625741996], [79.07581449415774, 11.129412237770147], [79.075356861423, 11.129409306621275]]]}, "id": "+8987+6918", "properties": {"count": 118, "water": 1}}, {"type": "Feature", "geometry": {"geodesic": false, "type": "Polygon", "coordinates": [[[79.07659565946294, 11.107994365904135], [79.07659743583649, 11.107723201467568], [79.07668895567662, 11.107723786252851], [79.07669073191542, 11.107452621789333], [79.0767822516747, 11.107453206529701], [79.07678402779673, 11.107182042048217], [79.07687554747515, 11.107182626752653], [79.07687791544323, 11.106821074083726], [79.07696943501386, 11.106821658734262], [79.07697002695872, 11.106731270564785], [79.07706154651137, 11.106731855179387], [79.07706450604701, 11.106279914287082], [79.07715602546493, 11.106280498847788], [79.07715720918397, 11.1060997224729], [79.07724872854799, 11.106100307006654], [79.07724932037605, 11.106009918810228], [79.07734083971312, 11.10601050330805], [79.07733669702439, 11.106643220665076], [79.0772451774897, 11.106642636140302], [79.07724458562569, 11.106733024327747], [79.07733610519631, 11.106733608861502], [79.07733373781215, 11.107095161629244], [79.07724221813372, 11.10709457706854], [79.0772362990355, 11.107998458898065], [79.07705325913068, 11.107997289605976], [79.07705266713192, 11.108087677775453], [79.07668658727735, 11.108085338849914], [79.07668717938391, 11.107994950698403], [79.07659565946294, 11.107994365904135]]]}, "id": "+9001+7163", "properties": {"count": 100, "water": 1}}, {"type": "Feature", "geometry": {"geodesic": false, "type": "Polygon", "coordinates": [[[79.07830372494765, 11.056662534728122], [79.07830549134093, 11.056391369096795], [79.07858000327754, 11.05639311380474], [79.07858059197947, 11.056302725248987], [79.07885510388913, 11.056304469696421], [79.07885569250124, 11.0562140811227], [79.07894719645016, 11.056214662548285], [79.078946607865, 11.056305051122004], [79.07912961583472, 11.056306213892325], [79.07912902730347, 11.056396602484012], [79.07967805150906, 11.056400090166154], [79.07967863987862, 11.056309701547518], [79.07977014389941, 11.056310282721574], [79.079767790511, 11.05667183721408], [79.07967628638241, 11.056671256013075], [79.07967452120185, 11.056942421859999], [79.07921700018163, 11.056939515378863], [79.0792164116324, 11.05702990397055], [79.07857588222024, 11.05702583371298], [79.07857529347338, 11.05711622225975], [79.07839228506349, 11.057115059076205], [79.07839522900437, 11.056663116342353], [79.07830372494765, 11.056662534728122]]]}, "id": "+9015+7714", "properties": {"count": 109, "water": 1}}, {"type": "Feature", "geometry": {"geodesic": false, "type": "Polygon", "coordinates": [[[79.07802176120728, 11.0858574210669], [79.07802235168788, 11.085767032717758], [79.0781138647637, 11.085767615922007], [79.07811445521735, 11.085677227563883], [79.07820596827519, 11.085677810741181], [79.07820655869291, 11.085587422374076], [79.07848109781254, 11.08558917172631], [79.07848168814043, 11.085498783341237], [79.07839017511851, 11.085498200262752], [79.07839076547336, 11.085407811886661], [79.07829925248738, 11.085407228781227], [79.07829984286018, 11.085316840405136], [79.07857438174625, 11.085318589631608], [79.07857320116234, 11.085499366401754], [79.078847740264, 11.085501115394663], [79.07884833046613, 11.085410727000607], [79.07903135650096, 11.085411892852148], [79.07903371706692, 11.085050339204058], [79.07912522998103, 11.085050922066946], [79.07912463987772, 11.085141310487952], [79.07930766576882, 11.085142476141865], [79.07930707571941, 11.085232864571854], [79.07939858870539, 11.085233447362878], [79.07939740863353, 11.085414224222855], [79.07930589559365, 11.08541364142285], [79.07930235510852, 11.085955971957869], [79.07939386831909, 11.085956554784826], [79.07939327824272, 11.086046943214814], [79.07930176500521, 11.086046360378875], [79.07930058478962, 11.086227137220886], [79.0792090715072, 11.086226554349015], [79.07920848135896, 11.086316942761037], [79.07911696804959, 11.086316359853233], [79.07911637787443, 11.086406748265256], [79.07875032456508, 11.086404416346577], [79.07875091485703, 11.08631402795252], [79.07865940157461, 11.086313444909967], [79.07865999188454, 11.086223056524894], [79.07838545214506, 11.086221307244525], [79.07838604253584, 11.086130918877418], [79.07829452932528, 11.086130335727068], [79.07829511973401, 11.08603994735996], [79.07838663291763, 11.086040530501327], [79.07838781367221, 11.085859753758129], [79.07802176120728, 11.0858574210669]]]}, "id": "+9019+7395", "properties": {"count": 122, "water": 1}}, {"type": "Feature", "geometry": {"geodesic": false, "type": "Polygon", "coordinates": [[[79.07830959267122, 11.181493860769724], [79.07831137951015, 11.181222697375201], [79.07840292241902, 11.181223285457301], [79.07840351799307, 11.18113289764715], [79.07849506088395, 11.181133485693318], [79.07849565642208, 11.181043097883165], [79.078587199295, 11.181043685893401], [79.07858660378383, 11.181134073703554], [79.07913586125495, 11.181137601199028], [79.07913526591447, 11.181227989045112], [79.07922680886824, 11.181228576866701], [79.07922621354572, 11.181318964712785], [79.07931775654441, 11.181319552507425], [79.07931716123986, 11.181409940362492], [79.0794087042655, 11.181410528139166], [79.07940572783255, 11.181862467396538], [79.07931418466318, 11.181861879601897], [79.07931358933168, 11.181952267447981], [79.079130502957, 11.181951091750904], [79.07912990756262, 11.182041479588005], [79.0788552779467, 11.18203971581781], [79.07885825528695, 11.18158777670417], [79.07876671223435, 11.181587188747834], [79.07876730771858, 11.181496800928699], [79.07830959267122, 11.181493860769724]]]}, "id": "+9020+6333", "properties": {"count": 75, "water": 1}}, {"type": "Feature", "geometry": {"geodesic": false, "type": "Polygon", "coordinates": [[[79.07786707507032, 11.081517613396585], [79.07786943621119, 11.08115605991019], [79.07796094784969, 11.081156642925793], [79.07796153808775, 11.081066254549704], [79.07805304970829, 11.081066837529374], [79.0780536399194, 11.0809764491443], [79.07814515151298, 11.080977032097021], [79.07814456132883, 11.081067420482093], [79.07823607295835, 11.081068003416847], [79.07823725326378, 11.080887226628734], [79.07832876483941, 11.080887809518574], [79.078329945064, 11.080707032712494], [79.07851296811643, 11.080708198393356], [79.07851237806702, 11.080798586805379], [79.07896993593614, 11.080801500535918], [79.0789705258508, 11.080711112096946], [79.07906203740846, 11.080711694762206], [79.0790626272872, 11.080621306323232], [79.07869658119131, 11.080618975536431], [79.07869717117785, 11.080528587115424], [79.07860565969206, 11.080528004360334], [79.07860624970553, 11.080437615939328], [79.07869776116438, 11.080438198694418], [79.07869953108803, 11.080167033431401], [79.07879104246602, 11.080167616141576], [79.0787934021696, 11.07980606242162], [79.0788849134398, 11.07980664508688], [79.0788855033275, 11.079716256647906], [79.07897701457973, 11.079716839286217], [79.07897819427431, 11.079536062399288], [79.07925272787828, 11.079537810107606], [79.07924977900565, 11.079989752383316], [79.07943280171672, 11.079990917426375], [79.07943398116876, 11.079810140494532], [79.07952549247489, 11.079810722971144], [79.07952667185506, 11.079629946030318], [79.0798927168999, 11.079632275595412], [79.0798915377533, 11.079813052581153], [79.08034909445462, 11.079815963967091], [79.08034850501606, 11.079906352477929], [79.08044001640303, 11.079906934676064], [79.08044060581464, 11.079816546156243], [79.08062362854368, 11.079817710462683], [79.08062303918598, 11.079908098991487], [79.08080606198688, 11.079909263199113], [79.08080547268307, 11.079999651727917], [79.08062244981929, 11.07999848752029], [79.0806218604526, 11.080088876049095], [79.08053034900273, 11.080088293895875], [79.08052740193571, 11.08054023649498], [79.08043589035111, 11.08053965428786], [79.08043530089458, 11.080630042798697], [79.08034378928303, 11.080629460564628], [79.0803443787665, 11.080539072053792], [79.08025286719088, 11.080538489792774], [79.08025227768046, 11.080628878294629], [79.08016076608686, 11.080628296006662], [79.08015899742983, 11.080899461494258], [79.0800674857554, 11.080898879161374], [79.08006689616413, 11.080989267654246], [79.07997538446274, 11.080988685285432], [79.07997184665462, 11.081531016197742], [79.07988033479153, 11.081530433766044], [79.07987974511042, 11.081620822249933], [79.07969672133935, 11.081619657305689], [79.07969731108332, 11.081529268830785], [79.0795142873841, 11.081528103787726], [79.0795136975952, 11.081618492244665], [79.07942218572315, 11.08161790967822], [79.07942159589831, 11.081708298135158], [79.07850647723154, 11.081702470871708], [79.07850706733485, 11.081612082468668], [79.0779579965516, 11.081608584815228], [79.07795858681662, 11.081518196439138], [79.07786707507032, 11.081517613396585]], [[79.07878160279834, 11.081613830922588], [79.0787821928208, 11.081523442501583], [79.07896521643019, 11.081524607993797], [79.07896462647061, 11.081614996423788], [79.07878160279834, 11.081613830922588]], [[79.07878337283877, 11.08134266565957], [79.07878455283878, 11.081161888817558], [79.0788760645222, 11.081162471554682], [79.07887547455364, 11.081252859984673], [79.07896698628197, 11.081253442703831], [79.07896580638078, 11.081434219563809], [79.07887429460753, 11.081433636835667], [79.07887488458508, 11.081343248414662], [79.07878337283877, 11.08134266565957]]]}, "id": "+9020+7456", "properties": {"count": 417, "water": 1}}, {"type": "Feature", "geometry": {"geodesic": false, "type": "Polygon", "coordinates": [[[79.07818041648744, 11.061542933300991], [79.07818218378802, 11.061271767777463], [79.07845670025215, 11.061273513365757], [79.07845787826687, 11.061092736317132], [79.078549383707, 11.061093318111025], [79.07854997266945, 11.061002929582221], [79.07864147809161, 11.061003511349165], [79.07864206702712, 11.060913122811378], [79.0785505616319, 11.060912541053417], [79.07855115059435, 11.060822152524613], [79.07882566669915, 11.060823897699683], [79.07882625557176, 11.060733509152913], [79.07891776092205, 11.060734090821041], [79.07891834974976, 11.060643702265288], [79.07928437109705, 11.06064602863238], [79.07928495981696, 11.060555640058661], [79.07983399181094, 11.060559128755898], [79.07983458035119, 11.060468740155228], [79.0801090963392, 11.060470484108588], [79.0801085078798, 11.060560872727224], [79.08020001323908, 11.060561453991111], [79.08019883635623, 11.060742231228383], [79.08010733093407, 11.060741649955512], [79.08010438850235, 11.06119359302174], [79.08001288294544, 11.061193011685987], [79.0800111173337, 11.06146417750596], [79.07991961170492, 11.061463596134274], [79.07991902312875, 11.061553984734944], [79.07982751747303, 11.061553403327325], [79.07982692886092, 11.06164379191901], [79.07964391750455, 11.061642629022927], [79.07964274016356, 11.061823406188331], [79.07955123443597, 11.061822824681899], [79.07955064573403, 11.061913213264601], [79.07945913997949, 11.06191263173122], [79.07945796249477, 11.062093408869675], [79.07927495089587, 11.062092245704097], [79.0792743620951, 11.06218263425985], [79.07909135046026, 11.062181470968506], [79.07909076159663, 11.062271859524259], [79.07899925575225, 11.062271277829181], [79.07899866685268, 11.062361666375951], [79.07872414929263, 11.062359921111051], [79.07872532725345, 11.062179144053443], [79.07863382147197, 11.062178562250566], [79.07863441047036, 11.062088173721762], [79.07854290471582, 11.06208759190092], [79.07854467177384, 11.061816426332474], [79.07845316610913, 11.061815844493664], [79.07845375514344, 11.061725455973843], [79.07836224951467, 11.061724874117067], [79.07836283857594, 11.061634485597246], [79.07827133297411, 11.061633903722505], [79.07827192205335, 11.061543515211667], [79.07818041648744, 11.061542933300991]]]}, "id": "+9028+7667", "properties": {"count": 274, "water": 1}}, {"type": "Feature", "geometry": {"geodesic": false, "type": "Polygon", "coordinates": [[[79.07936821377307, 11.18755690088238], [79.07936880939202, 11.187466513063244], [79.0794603543221, 11.187467101145344], [79.07946094991411, 11.187376713317226], [79.07955249481724, 11.187377301363394], [79.07955189926115, 11.187467689191513], [79.07991807905329, 11.187470041097708], [79.079917483605, 11.187560428943792], [79.08010057358192, 11.187561604739685], [79.08009997818753, 11.187651992585769], [79.08019152321641, 11.187652580452273], [79.08019033246357, 11.187833356162407], [79.08009878737181, 11.187832768295904], [79.08009819195946, 11.18792315615097], [79.08000664684972, 11.187922568248533], [79.08000724229801, 11.187832180393466], [79.07964106202976, 11.187829828523203], [79.07964225312396, 11.187649052866966], [79.07955070813101, 11.187648464838766], [79.07955130369608, 11.187558077010648], [79.07936821377307, 11.18755690088238]]]}, "id": "+9031+6263", "properties": {"count": 26, "water": 1}}, {"type": "Feature", "geometry": {"geodesic": false, "type": "Polygon", "coordinates": [[[79.08193098108332, 11.103870369874972], [79.08202250001615, 11.103870952836676], [79.08201836822398, 11.104503672026263], [79.08192684910252, 11.10450308903761], [79.08192743940344, 11.104412700589654], [79.08174440122339, 11.104411534522516], [79.08174499157823, 11.104321146083544], [79.08165347252863, 11.104320563014042], [79.08165288214684, 11.104410951453016], [79.08128680588553, 11.104408618878566], [79.08128798685571, 11.104227842045537], [79.08110494886431, 11.10422667561009], [79.0811043583298, 11.104317064022112], [79.08101283930715, 11.104316480754981], [79.0810110675689, 11.1045876459641], [79.0811025866724, 11.104588229240214], [79.08110081497009, 11.104859394449333], [79.08100929578573, 11.104858811164236], [79.08100575207565, 11.105401141546542], [79.08091423272063, 11.10540055818958], [79.08091127934743, 11.105852500141896], [79.08063672091403, 11.105850749855414], [79.0806373116821, 11.105760361479323], [79.08027123395654, 11.105758027395703], [79.08027064307169, 11.105848415744845], [79.08008760418195, 11.105847248527864], [79.0800881951207, 11.105756860187705], [79.07999667571177, 11.105756276543282], [79.07999785763417, 11.105575499862967], [79.07990633827914, 11.105574916191594], [79.07990752023747, 11.105394139520262], [79.07981600095431, 11.105393555839907], [79.07981659194695, 11.105303167508731], [79.07935899572874, 11.105300248702711], [79.07935840459237, 11.105390637006936], [79.07917536608892, 11.105389469286898], [79.07917477488965, 11.10547985758214], [79.07899173635028, 11.105478689736339], [79.07899232760343, 11.105388301450079], [79.0788092891359, 11.10538713349648], [79.07880988044296, 11.105296745219205], [79.07853532287193, 11.10529499310914], [79.07853709700869, 11.105023828304263], [79.07844557791417, 11.105023244228649], [79.07844676070793, 11.104842467701047], [79.07835524166731, 11.104841883607467], [79.07835760729976, 11.10448033057023], [79.0784491262236, 11.104480914645844], [79.07844971759354, 11.104390526386535], [79.07835819869665, 11.10438994231092], [79.07835879009353, 11.104299554051611], [79.07826727123258, 11.10429896995803], [79.07826845405329, 11.104118193439412], [79.07817693524623, 11.104117609327865], [79.07817811811186, 11.10393683281823], [79.07826963685604, 11.103937416920793], [79.07827081963184, 11.103756640402175], [79.07845385702139, 11.103757808508488], [79.07845444835539, 11.103667420240196], [79.07882052308057, 11.103669756102478], [79.07882111428881, 11.103579367807237], [79.08065148861543, 11.103591040345359], [79.08065089797313, 11.103681428730432], [79.08193216160436, 11.103689592961095], [79.08193098108332, 11.103870369874972]], [[79.08193098108332, 11.103870369874972], [79.08192921027033, 11.104141535227821], [79.08183769126565, 11.104140952230185], [79.08183710094674, 11.10423134067814], [79.08174558192408, 11.10423075763559], [79.08174735292572, 11.103959592309689], [79.0816558339839, 11.103959009258153], [79.08165642433875, 11.103868620819181], [79.0817479432536, 11.103869203870715], [79.08174853357251, 11.10377881542276], [79.08184005246042, 11.103779398438363], [79.08183946216846, 11.10386978688632], [79.08193098108332, 11.103870369874972]], [[79.07845149166741, 11.104119361581658], [79.07845326569637, 11.10384819677678], [79.07854478442258, 11.103848780798495], [79.07854419311552, 11.103939169066788], [79.0787272306488, 11.103940337029371], [79.07872663939564, 11.10403072531563], [79.07881815819373, 11.104031309256497], [79.07881756695853, 11.104121697542755], [79.07890908580153, 11.104122281465656], [79.07890790336708, 11.104303058047158], [79.07909094116985, 11.104304225821094], [79.07909035000652, 11.104394614116336], [79.0789988310737, 11.104394030238351], [79.07899823987445, 11.104484418533593], [79.07908975883423, 11.104485002420562], [79.07908916765294, 11.104575390715803], [79.07927220564434, 11.104576558408892], [79.07927102338957, 11.104757335026324], [79.07917950433996, 11.104756751184272], [79.07917832200434, 11.10493752778374], [79.07899528380631, 11.104936360000819], [79.07899587502354, 11.104845971705577], [79.07890435596495, 11.104845387773693], [79.07890612968848, 11.104574222914916], [79.07881461071074, 11.104573638965066], [79.07881579322603, 11.104392862401532], [79.0786327553963, 11.104391694447932], [79.07863393801041, 11.104210917893381], [79.07872545686239, 11.104211501879165], [79.0787260481335, 11.104121113592905], [79.07845149166741, 11.104119361581658]]]}, "id": "+9037+7190", "properties": {"count": 647, "water": 1}}, {"type": "Feature", "geometry": {"geodesic": false, "type": "Polygon", "coordinates": [[[79.08088994509606, 11.052972873105768], [79.08089053290867, 11.052882484406284], [79.08125654504822, 11.052884806775873], [79.0812553696476, 11.053065584219757], [79.0815298789701, 11.053067325729698], [79.08152929134614, 11.053157714465115], [79.081712297645, 11.053158875348974], [79.08170994732882, 11.053520430326571], [79.08143543755715, 11.053518688906461], [79.08143602522603, 11.053428300171044], [79.08125301879242, 11.05342713909854], [79.08125419422899, 11.053246361654656], [79.08116269107057, 11.053245781091455], [79.08116151558012, 11.053426558517371], [79.08088700597912, 11.053424816612171], [79.08088759380969, 11.053334427912686], [79.08061308434345, 11.053332685773924], [79.08061543596219, 11.052971131020904], [79.08088994509606, 11.052972873105768]], [[79.08088994509606, 11.052972873105768], [79.08107295121525, 11.052974034357936], [79.08107177568884, 11.05315481177487], [79.08088876946186, 11.053153650504736], [79.08088994509606, 11.052972873105768]]]}, "id": "+9040+7751", "properties": {"count": 51, "water": 1}}, {"type": "Feature", "geometry": {"geodesic": false, "type": "Polygon", "coordinates": [[[79.08114388069887, 11.056138219681548], [79.08114623228168, 11.055776664892596], [79.08123773622162, 11.05577724559953], [79.08123832407914, 11.055686856891061], [79.08142133191411, 11.055688018215095], [79.08142191970875, 11.055597629497644], [79.08151342360378, 11.055598210114745], [79.08151459912119, 11.055417432670861], [79.08142309528006, 11.055416852071728], [79.08142427083341, 11.055236074636827], [79.08151577461166, 11.05523665522698], [79.08152106408969, 11.054423156707045], [79.08142956056297, 11.054422576152827], [79.08143073599953, 11.054241798708944], [79.08152223948133, 11.054242379254179], [79.08152165178551, 11.054332767980613], [79.08216217647252, 11.05433683102471], [79.08216158897433, 11.054427219787076], [79.08225309254597, 11.054427800116715], [79.08224545496162, 11.055602854027471], [79.08233695891055, 11.055603434393044], [79.08233225865548, 11.056326544482987], [79.08214925032644, 11.056325383653029], [79.08214983793243, 11.056234994899645], [79.08160081323277, 11.056231511762979], [79.08160140100046, 11.056141123036547], [79.08114388069887, 11.056138219681548]]]}, "id": "+9043+7736", "properties": {"count": 199, "water": 1}}, {"type": "Feature", "geometry": {"geodesic": false, "type": "Polygon", "coordinates": [[[79.0808699187019, 11.11217968588431], [79.08087169181458, 11.111908520836888], [79.08096321318183, 11.11190910453521], [79.08096498616874, 11.111637939469821], [79.08105650746414, 11.111638523123228], [79.0810612349651, 11.110915416222303], [79.08115275603592, 11.110915999812828], [79.08115452868147, 11.11064483469354], [79.08124604968042, 11.110645418248133], [79.08124664052035, 11.110555029872042], [79.08133816149234, 11.110555613381718], [79.08133875230533, 11.110465224996645], [79.08143027325038, 11.11046580847937], [79.08143086402742, 11.110375420094297], [79.08207151061583, 11.110379503655915], [79.08206796705848, 11.110921834181951], [79.08215948819218, 11.11092241746705], [79.08215771642698, 11.11119358273905], [79.08206619521243, 11.111192999435987], [79.08206501395478, 11.111373776269016], [79.08197349268633, 11.11137319293002], [79.08197290202607, 11.111463581342043], [79.08206442332146, 11.111464164690021], [79.08206028872655, 11.112096883583165], [79.08169420279039, 11.11209454991277], [79.08169361200436, 11.112184938306827], [79.08132752604125, 11.112182604169309], [79.08132693512945, 11.1122729925454], [79.0809608491394, 11.11227065794974], [79.08096144015899, 11.112180269591615], [79.0808699187019, 11.11217968588431]]]}, "id": "+9053+7115", "properties": {"count": 219, "water": 1}}, {"type": "Feature", "geometry": {"geodesic": false, "type": "Polygon", "coordinates": [[[79.08167457923675, 11.198780282161763], [79.08167636577923, 11.198509118551646], [79.0819510113582, 11.198510882285909], [79.08194982051553, 11.198691658058927], [79.08204136911073, 11.19869224592543], [79.08203958288264, 11.198963409589448], [79.08213113156768, 11.19896399744697], [79.08213053617328, 11.19905438533797], [79.08222208489424, 11.199054973168542], [79.08222029878296, 11.199326136859508], [79.08194565237753, 11.199324373242026], [79.08194624784377, 11.19923398536001], [79.08185469908689, 11.199233397439606], [79.08185589004634, 11.199052621684556], [79.08176434135233, 11.199052033737201], [79.0817661278499, 11.198780870118101], [79.08167457923675, 11.198780282161763]]]}, "id": "+9058+6140", "properties": {"count": 31, "water": 1}}, {"type": "Feature", "geometry": {"geodesic": false, "type": "Polygon", "coordinates": [[[79.0813904031165, 11.200224723740272], [79.08139099879835, 11.200134335894187], [79.08157409684215, 11.20013551209432], [79.08157469246112, 11.20004512423027], [79.08166624146055, 11.200045712285421], [79.08166683705257, 11.19995532442137], [79.08175838603404, 11.19995591244059], [79.08175898158113, 11.19986552457654], [79.08185053053566, 11.199866112559825], [79.08185112606479, 11.199775724686791], [79.08230887076553, 11.199778664172031], [79.08230827538911, 11.19986905206303], [79.08239982437058, 11.19986963988462], [79.08239922901213, 11.199960027784604], [79.08249077802954, 11.199960615579243], [79.08249018269802, 11.200051003488209], [79.08239863365368, 11.200050415684586], [79.08239625215698, 11.200411967284518], [79.08230470299584, 11.20041137943598], [79.08230351216216, 11.200592155226964], [79.0819373153649, 11.200589803518398], [79.08193552873259, 11.2008609671375], [79.08184397946366, 11.200860379127263], [79.0818445750377, 11.20076999125423], [79.0817530258047, 11.200769403226028], [79.0817536214057, 11.200679015361978], [79.08166207219965, 11.200678427306826], [79.08166326344657, 11.200497651587709], [79.0815717143034, 11.200497063514591], [79.08157290557726, 11.200316287804455], [79.08148135649698, 11.200315699704388], [79.08148195216086, 11.200225311858304], [79.0813904031165, 11.200224723740272]]]}, "id": "+9062+6126", "properties": {"count": 81, "water": 1}}, {"type": "Feature", "geometry": {"geodesic": false, "type": "Polygon", "coordinates": [[[79.0821553540105, 11.111555136423075], [79.08215594461686, 11.111464748002069], [79.08261355119264, 11.111467664149076], [79.08261414165527, 11.111377275710105], [79.08288870557739, 11.111379025053356], [79.08288575361455, 11.111830967338049], [79.08270271071834, 11.111829801091249], [79.08270212024672, 11.111920189539203], [79.08251907731457, 11.111919023166639], [79.08251848678906, 11.11200941160561], [79.08242696529602, 11.112008828374414], [79.08242637474356, 11.112099216804403], [79.08233485323257, 11.112098633537272], [79.08233544381198, 11.112008245116266], [79.08224392233693, 11.112007661831168], [79.08224687534181, 11.111555719708171], [79.0821553540105, 11.111555136423075]]]}, "id": "+9062+7104", "properties": {"count": 41, "water": 1}}, {"type": "Feature", "geometry": {"geodesic": false, "type": "Polygon", "coordinates": [[[79.08223339590538, 11.197337603014963], [79.08223458642466, 11.19715682719703], [79.08250923082684, 11.197158590212641], [79.08250982599665, 11.197068202285708], [79.08287601849096, 11.19707055255697], [79.08287542343794, 11.197160940501869], [79.08296697160195, 11.197161528009048], [79.08296280625771, 11.197794243632323], [79.08287125789607, 11.197793656098193], [79.08287066279813, 11.19788404403411], [79.08277911441853, 11.19788345646405], [79.08277851928466, 11.197973844399964], [79.08250387407399, 11.197972081501135], [79.08250565970019, 11.197700917747287], [79.0825972080169, 11.197701505389213], [79.08259839835652, 11.197520729535348], [79.08250685010269, 11.197520141902405], [79.08250744529047, 11.197429753984455], [79.08241589706358, 11.197429166324563], [79.08241649227831, 11.197338778406614], [79.08223339590538, 11.197337603014963]]]}, "id": "+9068+6156", "properties": {"count": 51, "water": 1}}, {"type": "Feature", "geometry": {"geodesic": false, "type": "Polygon", "coordinates": [[[79.0822504187734, 11.111013389155186], [79.08225455254187, 11.110380670145261], [79.08280367845471, 11.110384168921597], [79.08280426880057, 11.110293780464659], [79.08335339472241, 11.110297278216914], [79.08335398489758, 11.110206889724042], [79.08381158982945, 11.110209803724077], [79.083810999798, 11.110300192243898], [79.0839025208239, 11.110300774963056], [79.08390193081043, 11.110391163482877], [79.08371888870472, 11.110389997999643], [79.08371829862837, 11.110480386510481], [79.08362677755755, 11.110479803719457], [79.08362559733297, 11.11066058073215], [79.08390016075202, 11.11066232904234], [79.08389839063972, 11.110933494592818], [79.08380686940721, 11.110932911837727], [79.08380568925449, 11.111113688859401], [79.08325656166178, 11.111110191673085], [79.08325597140576, 11.111200580156973], [79.08316445012834, 11.11119999719527], [79.08316326954443, 11.11138077414508], [79.08307174822208, 11.11138019113846], [79.08307233854099, 11.111289802672538], [79.08261473211792, 11.111286887262148], [79.08261532258055, 11.111196498814193], [79.08252380133905, 11.11119591565486], [79.08252321084947, 11.111286304093833], [79.08234016833055, 11.111285137685336], [79.08234193994303, 11.111013972386385], [79.0822504187734, 11.111013389155186]]]}, "id": "+9072+7117", "properties": {"count": 169, "water": 1}}, {"type": "Feature", "geometry": {"geodesic": false, "type": "Polygon", "coordinates": [[[79.08332001040692, 11.05922536881016], [79.0833205978063, 11.059134980020845], [79.08341210290507, 11.059135560242687], [79.0834126902775, 11.059045171444389], [79.08350419534932, 11.059045751630297], [79.0835047826948, 11.058955362823015], [79.08414531815264, 11.058959423351832], [79.0841459052915, 11.058869034508616], [79.08423741034535, 11.058869614469947], [79.08423682324242, 11.058960003313162], [79.0843283283322, 11.058960583247542], [79.08432774124724, 11.05905097209974], [79.08405322589702, 11.059049232188798], [79.08405205154742, 11.059230009857261], [79.08414355670907, 11.059230589863507], [79.08414238238642, 11.059411367540953], [79.08405087717087, 11.059410787525723], [79.08405028996911, 11.059501176359953], [79.08359276380153, 11.059498275834649], [79.08359335113803, 11.059407887027367], [79.08350184594943, 11.05940730685044], [79.08350243330389, 11.059316918043159], [79.08341092815122, 11.059316337839284], [79.08341151553265, 11.059225949040986], [79.08332001040692, 11.05922536881016]]]}, "id": "+9073+7685", "properties": {"count": 45, "water": 1}}, {"type": "Feature", "geometry": {"geodesic": false, "type": "MultiPolygon", "coordinates": [[[[79.08557536821723, 11.120435362401073], [79.0857584167908, 11.120436527794475], [79.08575605679977, 11.120798082017489], [79.0856645323962, 11.120797499316296], [79.08566394235577, 11.12088788787205], [79.08548089350373, 11.12088672237085], [79.08548207369238, 11.120705945286293], [79.08557359806001, 11.120706528041383], [79.08557536821723, 11.120435362401073]]], [[[79.08658685335966, 11.119718661844582], [79.08704447399407, 11.119721573392214], [79.08704152616349, 11.12017351653929], [79.08713305044128, 11.120174098791326], [79.08713069219299, 11.120535653319765], [79.08703916779841, 11.120535071049765], [79.08703857819815, 11.1206254596684], [79.08694705377663, 11.12062487737145], [79.08694764341281, 11.120534488752813], [79.0868561190272, 11.120533906419931], [79.08685847760789, 11.120172351954373], [79.08676695333907, 11.12017176962149], [79.08676754300221, 11.120081381011838], [79.08667601876932, 11.120080798652005], [79.08667778781262, 11.11980963282305], [79.08658626366957, 11.119809050454233], [79.08658685335966, 11.119718661844582]]], [[[79.08713658766551, 11.11963176698968], [79.08722811178163, 11.119632349178833], [79.08722693278773, 11.11981312646102], [79.08713540860875, 11.119812544253902], [79.08713658766551, 11.11963176698968]]], [[[79.08704565309577, 11.119540796136977], [79.08667955680203, 11.119538466994092], [79.08668014645619, 11.119448078375456], [79.08649709840364, 11.119446913646808], [79.08649591896958, 11.11962769085713], [79.08658744305872, 11.119628273243912], [79.08658685335966, 11.119718661844582], [79.08649532925253, 11.1197180794578], [79.08649120106261, 11.1203507996535], [79.0863081524621, 11.120349634709257], [79.08630933208481, 11.120168857534868], [79.08621780784294, 11.120168275040287], [79.0862189875016, 11.119987497865898], [79.08603593916159, 11.119986332804874], [79.08603534927387, 11.120076721378593], [79.0859438250859, 11.120076138794182], [79.08594323517124, 11.120166527367902], [79.0857601867414, 11.12016536211823], [79.08575959676385, 11.120255750673985], [79.08557654829808, 11.12025458529855], [79.08557536821723, 11.120435362401073], [79.08548384393943, 11.120434779663949], [79.08548325386306, 11.120525168201736], [79.08539172955831, 11.12052458543766], [79.08539349985926, 11.120253419815317], [79.08548502407419, 11.120254002570409], [79.08548679424038, 11.11998283693908], [79.08557831838344, 11.119983419649255], [79.08558067842837, 11.11962186544421], [79.08567220245465, 11.11962244810947], [79.0856727924232, 11.119532059553716], [79.0858558404488, 11.119533224794402], [79.08585643035448, 11.119442836220683], [79.08594795434482, 11.119443418796111], [79.08594854422356, 11.119353030222392], [79.08613159215932, 11.119354195274433], [79.08613041251863, 11.119534972439839], [79.08622193655388, 11.11953555493442], [79.086221346756, 11.119625943526104], [79.08640439489838, 11.119627108434415], [79.08640616411236, 11.119355942641391], [79.08631464012203, 11.119355360218677], [79.08631522988398, 11.119264971618009], [79.08658980177415, 11.119266718814286], [79.08659039144626, 11.119176330204633], [79.0866819153917, 11.119176912537517], [79.0866813257555, 11.119267301147168], [79.08695589770856, 11.11926904801107], [79.08695530815322, 11.119359436638689], [79.08704683217051, 11.119360018872758], [79.08704565309577, 11.119540796136977]]], [[[79.08704565309577, 11.119540796136977], [79.08713717717593, 11.119541378353079], [79.08713658766551, 11.11963176698968], [79.08704506354941, 11.119631184764597], [79.08704565309577, 11.119540796136977]]]]}, "id": "+9104+7018", "properties": {"count": 149, "water": 1}}, {"type": "Feature", "geometry": {"geodesic": false, "type": "Polygon", "coordinates": [[[79.08637152174227, 11.208482344480803], [79.08637865644971, 11.207397687713694], [79.08665331118252, 11.207399448501484], [79.08665271673136, 11.207489836590112], [79.0867442683449, 11.207490423468471], [79.0867436739207, 11.2075808115571], [79.08683522557016, 11.207581398408509], [79.0868346311729, 11.207671786497139], [79.08692618285829, 11.207672373330581], [79.086925588479, 11.207762761428194], [79.08701714019136, 11.207763348234685], [79.08701595148668, 11.207944124438894], [79.0871075032619, 11.207944711227421], [79.08710631458418, 11.20812548743163], [79.08701476275505, 11.20812490063412], [79.08701416837575, 11.208215288731733], [79.08692261651967, 11.208214701889306], [79.08692083328299, 11.208485866164178], [79.08682928134606, 11.208485279285819], [79.0868286868949, 11.208575667374449], [79.08673713494001, 11.208575080460157], [79.0867377294181, 11.208484692380512], [79.08637152174227, 11.208482344480803]], [[79.08664736649129, 11.208303329297944], [79.08664796097838, 11.2082129412183], [79.08683106467258, 11.208214115028914], [79.0868304702304, 11.208304503117544], [79.08664736649129, 11.208303329297944]]]}, "id": "+9110+6042", "properties": {"count": 72, "water": 1}}, {"type": "Feature", "geometry": {"geodesic": false, "type": "Polygon", "coordinates": [[[79.08827991324213, 11.098667978291314], [79.08828108929853, 11.098487200649801], [79.08855564208154, 11.098488942824497], [79.08855623001992, 11.098398553990267], [79.08864774759628, 11.098399134652283], [79.08864833548974, 11.098308745809069], [79.08919744090304, 11.098312229188279], [79.08919567768979, 11.098583395807754], [79.08864657178242, 11.09857991233871], [79.08864598386202, 11.098670301181926], [79.08827991324213, 11.098667978291314]]]}, "id": "+9130+7249", "properties": {"count": 27, "water": 1}}, {"type": "Feature", "geometry": {"geodesic": false, "type": "Polygon", "coordinates": [[[79.08959112361472, 11.094066272333539], [79.08959171099615, 11.093975883409476], [79.08968322725198, 11.093976463532503], [79.08968498926149, 11.093705296760316], [79.08977650543649, 11.093705876838426], [79.08977768002863, 11.093525098972336], [79.08986919614973, 11.093525679014514], [79.08987037067001, 11.093344901148422], [79.0899618867462, 11.093345481145686], [79.08996364839636, 11.0930743143196], [79.0900551643917, 11.09307489428093], [79.09005692590712, 11.092803727427894], [79.09014844182161, 11.09280430735329], [79.09014902896048, 11.092713918393295], [79.090240544857, 11.092714498282762], [79.09023995774508, 11.092804887242757], [79.09051450554243, 11.092806626758438], [79.09051391852034, 11.092897015736401], [79.0906969504661, 11.09289817528177], [79.09069636348893, 11.092988564268714], [79.09078787949325, 11.092989143996483], [79.09078553164743, 11.093350699953245], [79.09069401552634, 11.093350120198526], [79.09069225450499, 11.093621287141394], [79.09060073831202, 11.09362070734176], [79.0905978030309, 11.094072652204618], [79.09050628669421, 11.094072072360069], [79.09050511249731, 11.094252850289042], [79.09013904697986, 11.094250530578467], [79.09013963419059, 11.094160141627455], [79.08968205255204, 11.094157241380628], [79.08968263990651, 11.094066852456566], [79.08959112361472, 11.094066272333539]]]}, "id": "+9141+7311", "properties": {"count": 139, "water": 1}}, {"type": "Feature", "geometry": {"geodesic": false, "type": "Polygon", "coordinates": [[[79.08990431435744, 11.102203594805506], [79.089905489794, 11.102022817029244], [79.08999700857412, 11.102023397475666], [79.08999759625198, 11.101933008578552], [79.09018063376729, 11.10193416937258], [79.09018122139125, 11.101843780466483], [79.09036425887062, 11.10184494114373], [79.09036367130955, 11.101935330049825], [79.09045519008068, 11.101935910352516], [79.09045283989026, 11.102297466012834], [79.09036132100235, 11.10229688570116], [79.0903589706143, 11.102658441334528], [79.0902674516186, 11.102657860968955], [79.09026803925154, 11.10256747206286], [79.090085001332, 11.10256631125985], [79.09008735203444, 11.102204755680381], [79.08990431435744, 11.102203594805506]]]}, "id": "+9143+7210", "properties": {"count": 33, "water": 1}}, {"type": "Feature", "geometry": {"geodesic": false, "type": "MultiPolygon", "coordinates": [[[[79.09011496673136, 11.097956476914192], [79.0901155541577, 11.097866087990129], [79.09020707165323, 11.097866668158073], [79.09020765904361, 11.097776279225027], [79.09048221147629, 11.09777801954021], [79.09048279877685, 11.097687630589197], [79.09075735117358, 11.097689370643868], [79.09075793838431, 11.097598981683873], [79.0910324907451, 11.097600721469052], [79.09103307786602, 11.097510332491089], [79.0913991476325, 11.097512651797423], [79.0913985606194, 11.097603040784367], [79.09213070062847, 11.09760767810346], [79.09212894023594, 11.097878845190058], [79.09222045784824, 11.097879424747147], [79.09221811070312, 11.09824098088357], [79.09212659298302, 11.098240401308516], [79.09212776662295, 11.098059623253778], [79.09203624896574, 11.098059043660758], [79.09203683579918, 11.09796865463788], [79.09194531817789, 11.097968075026891], [79.09194590503829, 11.097877686004015], [79.0917628698586, 11.09787652670119], [79.0917634567729, 11.097786137687297], [79.09158042166507, 11.09778497828566], [79.09158100863326, 11.097694589280747], [79.09130645610178, 11.097692849989643], [79.09130586905275, 11.09778323897659], [79.09075676395386, 11.097779759603863], [79.09075617673415, 11.097870148554875], [79.09048162416673, 11.097868408482238], [79.09048103685718, 11.097958797424267], [79.09011496673136, 11.097956476914192]]], [[[79.09011496673136, 11.097956476914192], [79.09011437930504, 11.098046865838255], [79.08993134421519, 11.098045705403553], [79.0899319317044, 11.097955316488473], [79.09011496673136, 11.097956476914192]]]]}, "id": "+9154+7258", "properties": {"count": 57, "water": 1}}, {"type": "Feature", "geometry": {"geodesic": false, "type": "Polygon", "coordinates": [[[79.09183372208712, 11.11514197853091], [79.0918343099087, 11.11505158961583], [79.091925832857, 11.115052170143098], [79.09192642065165, 11.11496178122802], [79.09183489773928, 11.11496120070075], [79.09183724898072, 11.114599645049415], [79.09202029458086, 11.114600806032088], [79.0920208823216, 11.114510417108026], [79.0922039278948, 11.114511577964935], [79.09220334020796, 11.11460196689798], [79.09229486303049, 11.114602547290502], [79.09229427537059, 11.114692936232531], [79.09192818399963, 11.114690614473798], [79.09192759622296, 11.114781003388877], [79.0922021648253, 11.114782744764073], [79.09220040171087, 11.11505391156321], [79.09210887875359, 11.115053331116789], [79.09210829101285, 11.115143720040852], [79.09183372208712, 11.11514197853091]]]}, "id": "+9164+7070", "properties": {"count": 22, "water": 1}}, {"type": "Feature", "geometry": {"geodesic": false, "type": "MultiPolygon", "coordinates": [[[[79.09374140771779, 11.075019652178426], [79.09373906739987, 11.075381209177234], [79.09328151398637, 11.075378319234082], [79.09328092875194, 11.075468708454588], [79.09309790736138, 11.075467552277903], [79.09309907793806, 11.075286773845873], [79.09300756730568, 11.075286195717105], [79.09300873791828, 11.075105417294058], [79.09319175906629, 11.075106573497694], [79.09319234430971, 11.075016184268204], [79.0934668759913, 11.07501791834908], [79.09346746114488, 11.074927529110607], [79.09365048223, 11.074928685017797], [79.0936498971393, 11.075019074265255], [79.09374140771779, 11.075019652178426]]], [[[79.0944758318911, 11.074662717326165], [79.09447641671233, 11.074572328033794], [79.09456792720098, 11.07457290567747], [79.09456851198627, 11.074482516376115], [79.09466002244798, 11.07448309398386], [79.09465943768964, 11.074573483285215], [79.09475094818728, 11.074574060874994], [79.09474977869758, 11.074754839486687], [79.09465826814602, 11.074754261896908], [79.09465768336973, 11.074844651198264], [79.09456617280021, 11.074844073572553], [79.09456734239774, 11.074663294978826], [79.0944758318911, 11.074662717326165]]], [[[79.0944758318911, 11.074662717326165], [79.09447290769519, 11.075114663788025], [79.09428988640346, 11.075113508365924], [79.09428930149241, 11.075203897640328], [79.09410628016475, 11.075202742101446], [79.09410569519082, 11.075293131366868], [79.0938311631589, 11.075291397833965], [79.09383291830527, 11.075020230064649], [79.09374140771779, 11.075019652178426], [79.0937425778453, 11.07483887367453], [79.09392559891246, 11.074840029393076], [79.09392618391334, 11.074749640136636], [79.09420071546018, 11.07475137349886], [79.0942013003802, 11.074660984224455], [79.0944758318911, 11.074662717326165]]]]}, "id": "+9188+7513", "properties": {"count": 80, "water": 1}}, {"type": "Feature", "geometry": {"geodesic": false, "type": "Polygon", "coordinates": [[[79.09697707238382, 11.055786326174662], [79.09697882147555, 11.055515157560928], [79.09707032617905, 11.055515733461874], [79.09707149215636, 11.055334954374073], [79.09716299681494, 11.055335530239086], [79.09716474565515, 11.055064361580436], [79.09734775481962, 11.055065513202663], [79.09734658903096, 11.055246292326396], [79.09743809368058, 11.055246868101579], [79.09743692793683, 11.055427647234294], [79.09752843264035, 11.055428222991509], [79.09752784978643, 11.05551861256236], [79.09771085926532, 11.055519764004924], [79.09770911084733, 11.055790932744422], [79.0978006156766, 11.055791508438755], [79.09779886729456, 11.056062677178254], [79.09761585747431, 11.056061525726705], [79.09761644032821, 11.055971136155856], [79.09706741114596, 11.05596768117239], [79.09706857716817, 11.055786902093574], [79.09697707238382, 11.055786326174662]]]}, "id": "+9216+7728", "properties": {"count": 58, "water": 1}}, {"type": "Feature", "geometry": {"geodesic": false, "type": "Polygon", "coordinates": [[[79.09660580472256, 11.05659752786411], [79.0966075542814, 11.056326359322242], [79.09688206911058, 11.056328087411353], [79.0968809029087, 11.056508866472203], [79.09715541795347, 11.05651059434572], [79.09715774999792, 11.05614903617012], [79.09734075982715, 11.056150187900146], [79.09734017688342, 11.056240577453028], [79.09770619671255, 11.056242880616637], [79.09770677954849, 11.056152491045786], [79.09779828449454, 11.056153066758085], [79.09779478756874, 11.056695404219116], [79.097703282452, 11.056694828479868], [79.09770269958912, 11.056785218041734], [79.09761119445442, 11.056784642266553], [79.0976106115556, 11.056875031837402], [79.09733609609759, 11.056873304323211], [79.09733667908624, 11.056782914770329], [79.09687915356544, 11.056780035058988], [79.09687973668885, 11.056689645524072], [79.09669672657216, 11.05668849346167], [79.09669730974048, 11.056598103935736], [79.09660580472256, 11.05659752786411]]]}, "id": "+9221+7716", "properties": {"count": 67, "water": 1}}, {"type": "Feature", "geometry": {"geodesic": false, "type": "Polygon", "coordinates": [[[79.0950815240167, 11.094191420076315], [79.09508328108548, 11.093920252441746], [79.0951747976198, 11.093920830893907], [79.09517538326746, 11.093830441682384], [79.09544993281654, 11.093832176859204], [79.09544934724971, 11.093922566088693], [79.0959984466443, 11.09392603572368], [79.09599903204942, 11.093835646467241], [79.09673116463841, 11.093840271048222], [79.096731749801, 11.09374988175585], [79.09700629952972, 11.093751615504349], [79.09700688460246, 11.093661226185027], [79.09728143428629, 11.093662959673015], [79.09728084929439, 11.093753349001318], [79.0973723658916, 11.093753926779742], [79.09737295085654, 11.093663537442456], [79.09764750060324, 11.093665270598066], [79.09764808547835, 11.093574881251795], [79.09783111860989, 11.093576036530166], [79.09783053378867, 11.093666425894403], [79.09874570003021, 11.093672200696242], [79.09874511548747, 11.093762590105394], [79.10075848361738, 11.093775285025124], [79.10075322805076, 11.094588790587848], [79.10066171100439, 11.09458821379757], [79.10066229500815, 11.094497824298585], [79.10029622701134, 11.094495516867982], [79.10029681112289, 11.094405127386963], [79.10011377720983, 11.094403973509964], [79.10011436136628, 11.094313584037929], [79.09993132753408, 11.094312430062114], [79.09993191174443, 11.094222040599064], [79.09691185733523, 11.094202984142868], [79.09691244247087, 11.094112594841512], [79.09682092578383, 11.094112016901391], [79.09682151093742, 11.094021627609019], [79.09618089447851, 11.094017581318502], [79.09618030912728, 11.094107970583925], [79.09572272594363, 11.09410507951788], [79.09572331143858, 11.094014690279407], [79.09544876167392, 11.094012955318183], [79.09544817609812, 11.094103344547673], [79.09535665949193, 11.094102766167376], [79.09535607388918, 11.094193155387883], [79.09526455725604, 11.094192576980639], [79.09526397161736, 11.094282966201146], [79.09517245496625, 11.094282387748983], [79.09517304063188, 11.094191998537461], [79.0950815240167, 11.094191420076315]]]}, "id": "+9224+7302", "properties": {"count": 301, "water": 1}}, {"type": "Feature", "geometry": {"geodesic": false, "type": "Polygon", "coordinates": [[[79.09876790898016, 11.090237402905887], [79.09876849332528, 11.090147013478768], [79.09886000888044, 11.090147590619388], [79.09886234610816, 11.089786032883962], [79.09895386155553, 11.089786609979667], [79.09895444581979, 11.089696220534583], [79.09913747667858, 11.08969737463616], [79.09913806088893, 11.089606985182092], [79.09922957629138, 11.089607562178982], [79.09923016046581, 11.089517172724912], [79.09941319124376, 11.089518326637846], [79.09941377534632, 11.089427937174793], [79.09950529072181, 11.089428514081852], [79.09950412254364, 11.089609293016938], [79.09941260712323, 11.089608716100896], [79.09941143888216, 11.089789495027], [79.09950295435647, 11.089790071952025], [79.0995023702539, 11.08988046142406], [79.09941085475265, 11.089879884490053], [79.09940851817171, 11.090241442333276], [79.0992254869536, 11.090240288348479], [79.09922490274323, 11.090330677802548], [79.09885884023514, 11.090328369482611], [79.09885942456228, 11.090237980046508], [79.09876790898016, 11.090237402905887]], [[79.09913630825785, 11.089878153526332], [79.09913689246821, 11.089787764081246], [79.09922840793354, 11.089788341087118], [79.09922782375013, 11.089878730541187], [79.09913630825785, 11.089878153526332]]]}, "id": "+9242+7348", "properties": {"count": 47, "water": 1}}, {"type": "Feature", "geometry": {"geodesic": false, "type": "MultiPolygon", "coordinates": [[[[79.1015437114726, 11.071362697047755], [79.10154429394922, 11.071272307360125], [79.10163580379108, 11.071272882695132], [79.10163522134143, 11.071363272382763], [79.1015437114726, 11.071362697047755]]], [[[79.1015437114726, 11.071362697047755], [79.10154312899598, 11.071453086735387], [79.1014516191092, 11.071452511364447], [79.10145103658766, 11.071542901043095], [79.10126801676917, 11.071541750220367], [79.10126743419374, 11.071632139890031], [79.10090139450286, 11.07162983788525], [79.10090081181065, 11.071720227527965], [79.10071779193825, 11.071719076354896], [79.10071720918316, 11.071809465988627], [79.10062569923349, 11.071808890357175], [79.10062511644246, 11.071899279990907], [79.10035058652159, 11.071897552898925], [79.10035000364073, 11.071987942523673], [79.09989245373966, 11.07198506345912], [79.09989303675526, 11.071894673861323], [79.09998454669595, 11.071895249726335], [79.09998512967562, 11.071804860128536], [79.10025965945276, 11.071806587534928], [79.10026024235158, 11.071716197919162], [79.1005347720928, 11.071717925065045], [79.10053535489281, 11.071627535431313], [79.10080988459809, 11.071629262307699], [79.10081046730828, 11.071538872664984], [79.10108499696864, 11.071540599280858], [79.10108557959796, 11.071450209620178], [79.10136010922241, 11.071451935966557], [79.1013606917619, 11.071361546296894], [79.1015437114726, 11.071362697047755]]]]}, "id": "+9264+7549", "properties": {"count": 33, "water": 1}}, {"type": "Feature", "geometry": {"geodesic": false, "type": "Polygon", "coordinates": [[[79.10191735168334, 11.084381685705289], [79.10192026695, 11.08392973756358], [79.10219480834238, 11.083931465068787], [79.10219539129508, 11.083841075426072], [79.10228690507158, 11.083841651201254], [79.102281658551, 11.084655158030603], [79.10219014452298, 11.084654582210506], [79.10219131050927, 11.084473802925077], [79.10209979653514, 11.084473227087013], [79.10210037955075, 11.084382837453282], [79.10191735168334, 11.084381685705289]]]}, "id": "+9272+7410", "properties": {"count": 25, "water": 1}}, {"type": "Feature", "geometry": {"geodesic": false, "type": "MultiPolygon", "coordinates": [[[[79.10202513250334, 11.067659594877036], [79.1020233860886, 11.067930764074676], [79.10211489491537, 11.06793133908629], [79.10211547703267, 11.067840949353743], [79.1022069858325, 11.067841524329422], [79.10220756791385, 11.067751134587894], [79.10239058548656, 11.067752284458406], [79.1023900034591, 11.067842674208919], [79.1024815122769, 11.067843249112736], [79.10248267626892, 11.067662469593744], [79.10257418503282, 11.067663044461627], [79.10257360306825, 11.067753434221121], [79.10266511186808, 11.067754009053072], [79.10266336602825, 11.068025178349526], [79.10275487491792, 11.068025753181477], [79.10275312910504, 11.06829692247793], [79.10284463808453, 11.068297497291914], [79.10284347424522, 11.068478276837855], [79.10266045618742, 11.068477127164972], [79.1026598741959, 11.068567516924467], [79.1023853470598, 11.068565792204037], [79.10238476498742, 11.068656181945567], [79.10201872874606, 11.068653881908096], [79.10201989311538, 11.068473102451987], [79.10192838412691, 11.06847252737749], [79.10192954852319, 11.068291747930365], [79.1018380395976, 11.068291172846887], [79.10183920402979, 11.068110393408743], [79.10174769516708, 11.068109818298316], [79.10174827740116, 11.068019428583735], [79.10165676856539, 11.06801885345534], [79.10165793308742, 11.06783807402618], [79.10174944186929, 11.067838649145592], [79.10175002408539, 11.067748259431012], [79.1018415328403, 11.067748834514491], [79.10184211503844, 11.06765844479991], [79.10202513250334, 11.067659594877036]], [[79.1024774381386, 11.06847597738429], [79.10247802017504, 11.068385587633777], [79.10256952916352, 11.068386162537593], [79.10256894715403, 11.068476552288105], [79.1024774381386, 11.06847597738429]]], [[[79.10248267626892, 11.067662469593744], [79.10202513250334, 11.067659594877036], [79.10202629675588, 11.067478815411944], [79.102392331533, 11.067481115206869], [79.1023917495235, 11.067571504957382], [79.10248325825147, 11.06757207984323], [79.10248267626892, 11.067662469593744]]]]}, "id": "+9272+7591", "properties": {"count": 101, "water": 1}}, {"type": "Feature", "geometry": {"geodesic": false, "type": "Polygon", "coordinates": [[[79.10250827900911, 11.063685319744737], [79.10250769723318, 11.063775709522199], [79.10269071236247, 11.063776858799823], [79.10268954891842, 11.063957638381696], [79.10259804129538, 11.063957063747376], [79.10259745953742, 11.06404745353382], [79.10250595188744, 11.064046878863568], [79.10250653367234, 11.063956489086106], [79.1024150260583, 11.063955914388902], [79.10241560787016, 11.063865524620423], [79.10223259271392, 11.063864375163135], [79.10223375643645, 11.063683595626177], [79.10214224892121, 11.063683020866092], [79.10214283079596, 11.063592631106596], [79.10232584577253, 11.06359378058185], [79.10232642759337, 11.063503390813372], [79.1024179350637, 11.063503965510575], [79.1024185168486, 11.063413575733113], [79.10223550197084, 11.06341242632074], [79.10223492013203, 11.063502816089219], [79.1018688903226, 11.063500516923115], [79.1018694722782, 11.063410127172602], [79.10177796487076, 11.063409552313702], [79.10177854684432, 11.063319162572173], [79.10196156161427, 11.063320312245057], [79.10196097969462, 11.063410702004553], [79.10214399453645, 11.063411851578621], [79.10214515825899, 11.063231072041663], [79.10241968040046, 11.063232796169206], [79.1024202621674, 11.063142406391744], [79.10251176952993, 11.063142981035048], [79.10251060604095, 11.063323760607938], [79.10260211346636, 11.063324335242259], [79.10260153174433, 11.063414725028705], [79.10269303919668, 11.063415299636077], [79.10269187578857, 11.06359607921795], [79.10260036828231, 11.063595504601595], [79.10259978654231, 11.06368589438804], [79.10250827900911, 11.063685319744737]], [[79.10250827900911, 11.063685319744737], [79.1024167714759, 11.0636847450655], [79.1024173532698, 11.063594355288037], [79.10250886077606, 11.06359492995829], [79.10250827900911, 11.063685319744737]]]}, "id": "+9273+7639", "properties": {"count": 39, "water": 1}}, {"type": "Feature", "geometry": {"geodesic": false, "type": "Polygon", "coordinates": [[[79.10287081914213, 11.064229956964759], [79.10287198250533, 11.064049177373903], [79.1029634901733, 11.064049751927374], [79.10296407182345, 11.063959362122963], [79.10314708711444, 11.06396051114906], [79.10314883185832, 11.063689341699893], [79.10305732428918, 11.063688767218284], [79.1030584874817, 11.06350798760048], [79.10314999498796, 11.063508562073103], [79.10315057655728, 11.063418172250726], [79.10333359153385, 11.063419321106142], [79.10333301002743, 11.063509710937502], [79.10351602507586, 11.063510859685122], [79.1035142807003, 11.06378202919717], [79.10342277308624, 11.063781454814379], [79.10342161009135, 11.063962234477101], [79.10333010242339, 11.063961660058375], [79.10332893934765, 11.064142439703131], [79.10323743163478, 11.064141865257456], [79.10323685006546, 11.064232255070852], [79.10287081914213, 11.064229956964759]]]}, "id": "+9282+7636", "properties": {"count": 35, "water": 1}}, {"type": "Feature", "geometry": {"geodesic": false, "type": "Polygon", "coordinates": [[[79.10293905644671, 11.067846123182655], [79.10294080200806, 11.067574953841286], [79.10321532831772, 11.067576677914928], [79.10321591007568, 11.0674862881195], [79.1033989275855, 11.06748743735221], [79.10339834588144, 11.06757782715662], [79.10367287226296, 11.067579550808055], [79.10367229063975, 11.067669940630433], [79.1037637994755, 11.067670515130006], [79.10376263626502, 11.067851294774762], [79.10385414516365, 11.06785186925637], [79.10385298198909, 11.068032648919091], [79.10376147303656, 11.068032074419518], [79.10375972815793, 11.068303243886652], [79.10366821912453, 11.068302669351146], [79.10366647412015, 11.06857383879133], [79.1035749650059, 11.068573264219891], [79.10357438330185, 11.068663654024302], [79.10348287416964, 11.06866307941693], [79.10348345590066, 11.06857268961252], [79.10330043770811, 11.06857154032591], [79.103301019502, 11.068481150530483], [79.10311800138132, 11.068480001136077], [79.10311858322014, 11.068389611349632], [79.10321009225352, 11.068390186055817], [79.1032106740564, 11.068299796260389], [79.10330218306284, 11.068300370939626], [79.10330334659673, 11.068119591339785], [79.10321183765316, 11.068119016678516], [79.10321241943808, 11.068028626883088], [79.10312091052147, 11.06802805220385], [79.10312149234231, 11.067937662408422], [79.10302998345266, 11.067937087702235], [79.10303056529146, 11.06784669791579], [79.10293905644671, 11.067846123182655]]]}, "id": "+9283+7591", "properties": {"count": 77, "water": 1}}, {"type": "Feature", "geometry": {"geodesic": false, "type": "Polygon", "coordinates": [[[79.10376226893491, 11.181113937589167], [79.10376285663972, 11.181023548440526], [79.10385440086011, 11.181024128716267], [79.10385498853798, 11.180933739567626], [79.10394653272245, 11.180934319816417], [79.1039477080063, 11.180753541501169], [79.10403925214585, 11.180754121714026], [79.10403983975185, 11.18066373254742], [79.10449756038672, 11.18066663314459], [79.10449814784, 11.180576243960015], [79.10486432432634, 11.180578563913135], [79.10486373698086, 11.180668953124659], [79.10504682531386, 11.180670112939522], [79.10504623801329, 11.180760502151045], [79.10513778221572, 11.180761082022546], [79.1051371949511, 11.180851471243052], [79.1050456507217, 11.180850891371552], [79.1050444761026, 11.1810316697946], [79.10495293182831, 11.181031089878184], [79.10495234448283, 11.181121479080725], [79.10513543310329, 11.181122638895589], [79.10513484582069, 11.181213028107111], [79.10495175713734, 11.181211868292248], [79.10495116978288, 11.181302257494789], [79.10485962542774, 11.181301677542441], [79.10485903803733, 11.181392066735999], [79.10467594927314, 11.181390906732489], [79.10467536182884, 11.181481295926046], [79.10458381742879, 11.181480715874883], [79.10458322994856, 11.181571105059458], [79.10440014110351, 11.18156994485832], [79.1043995535604, 11.18166033403391], [79.10430800911541, 11.181659753892916], [79.10430742154536, 11.181750143059524], [79.10403278815653, 11.181748402447896], [79.10403396347631, 11.181567624132647], [79.10421705227644, 11.181568784558365], [79.10421763987344, 11.181478395391759], [79.10412609549135, 11.181477815196866], [79.10412668311531, 11.18138742603924], [79.10403513876915, 11.181386845826381], [79.10403631404401, 11.181206067511132], [79.10394476976073, 11.181205487280307], [79.10394535742063, 11.181115098122683], [79.10376226893491, 11.181113937589167]], [[79.1043132970753, 11.180846251339547], [79.10431388460043, 11.18075586217294], [79.10440542875796, 11.180756442269018], [79.10440484125976, 11.180846831444608], [79.1043132970753, 11.180846251339547]]]}, "id": "+9307+6340", "properties": {"count": 114, "water": 1}}, {"type": "Feature", "geometry": {"geodesic": false, "type": "Polygon", "coordinates": [[[79.10527570257352, 11.173620911443827], [79.10527804988932, 11.173259354364172], [79.10536959175614, 11.17325993377753], [79.10537017854467, 11.173169544503123], [79.1057363459221, 11.173171861878078], [79.1057345858799, 11.173443029755195], [79.10564304394123, 11.173442450440652], [79.10564245721558, 11.173532839733022], [79.10573399918121, 11.17353341905655], [79.10573282578382, 11.173714197641294], [79.10545819973422, 11.173712459562916], [79.10545878652275, 11.17362207028851], [79.10527570257352, 11.173620911443827]]]}, "id": "+9316+6422", "properties": {"count": 26, "water": 1}}, {"type": "Feature", "geometry": {"geodesic": false, "type": "Polygon", "coordinates": [[[79.10433028119897, 11.150022352374972], [79.10433145291651, 11.149841573646498], [79.1044229873902, 11.14984215216154], [79.10442357320854, 11.14975176278832], [79.10488124552303, 11.149754654887428], [79.10488183119766, 11.149664265496241], [79.10524796902051, 11.149666578658097], [79.10524855457834, 11.149576189248945], [79.10543162346282, 11.14957734565021], [79.10543279444374, 11.149396566804954], [79.10552432883657, 11.149397144951688], [79.10552549974562, 11.14921636609745], [79.10561703409354, 11.149216944208252], [79.10562054652426, 11.14867460760062], [79.10552901234703, 11.14867402951677], [79.10552959777011, 11.148583640080666], [79.10589573438024, 11.148585952227426], [79.10589690496592, 11.148405173328273], [79.10617150730897, 11.148406907112705], [79.10616624025289, 11.149220412298137], [79.10625777463675, 11.149220990211308], [79.10625426320314, 11.149763327007586], [79.10634579775767, 11.149763904920757], [79.10634521253222, 11.14985429439279], [79.10643674711369, 11.149854872287996], [79.10643616191518, 11.149945261760031], [79.1065276965326, 11.149945839628288], [79.10652711135205, 11.150036229100323], [79.1066186460054, 11.150036806950613], [79.10661806084282, 11.15012719643163], [79.10680113022137, 11.150128352060344], [79.10679937488635, 11.150399520521365], [79.10597556209, 11.150394319212987], [79.10597614745917, 11.150303929767903], [79.10588461276092, 11.150303351711], [79.1058840273558, 11.150393741147102], [79.1057924926306, 11.150393163063251], [79.10579190719852, 11.15048355249037], [79.1052426987844, 11.15048008333149], [79.10524211318165, 11.150570472740643], [79.10515057842949, 11.150569894441196], [79.10515116406818, 11.150479505041027], [79.10505962935194, 11.150478926723613], [79.10506080066524, 11.150298147932256], [79.1049692660119, 11.150297569596876], [79.10497043736113, 11.15011679080552], [79.10506197196058, 11.150117369131916], [79.10506372885867, 11.149846200931407], [79.10488065983944, 11.149845044278614], [79.10488007415584, 11.1499354336698], [79.10478853962826, 11.149934855298488], [79.10478736818919, 11.150115634071877], [79.10469583360772, 11.15011505565565], [79.1046964193542, 11.150024666273445], [79.10433028119897, 11.150022352374972]]]}, "id": "+9319+6696", "properties": {"count": 257, "water": 1}}, {"type": "Feature", "geometry": {"geodesic": false, "type": "Polygon", "coordinates": [[[79.10598574352356, 11.177060339411666], [79.10589420044401, 11.177059759980342], [79.10589654774185, 11.17669820285577], [79.10607963368534, 11.17669936163757], [79.10608022043793, 11.176608972345198], [79.10617176339171, 11.176609551686692], [79.10617117666607, 11.176699940988046], [79.10626271965577, 11.176700520311574], [79.10625567888515, 11.177785191891902], [79.10616413555408, 11.177784612514476], [79.10616472234261, 11.177694223222103], [79.10607317904747, 11.177693643817728], [79.10607376586296, 11.17760325453434], [79.10616530912216, 11.177603833929732], [79.10616648267226, 11.177423055344988], [79.10607493946695, 11.17742247595858], [79.10607435266945, 11.177512865241967], [79.1059828094372, 11.177512285828609], [79.10598339626165, 11.177421896545221], [79.10589185306533, 11.177421317104914], [79.10589302675916, 11.17724053854712], [79.1059845699016, 11.177241117978443], [79.10598574352356, 11.177060339411666]], [[79.10598574352356, 11.177060339411666], [79.10598691712757, 11.176879560835905], [79.10607846016218, 11.176880140222314], [79.10607728661208, 11.177060918807058], [79.10598574352356, 11.177060339411666]]]}, "id": "+9321+6384", "properties": {"count": 35, "water": 1}}, {"type": "Feature", "geometry": {"geodesic": false, "type": "Polygon", "coordinates": [[[79.10758908494857, 11.098970683907014], [79.10759024915619, 11.098789904226326], [79.10777328659066, 11.09879105401599], [79.10777386862709, 11.098700664166664], [79.10804842474285, 11.098702388617598], [79.10804900668946, 11.098611998750304], [79.10823204406103, 11.098613148234541], [79.10823262595373, 11.098522758358266], [79.10832414461707, 11.098523333055468], [79.10832356276029, 11.098613722940728], [79.10841508145955, 11.098614297610983], [79.10841449962075, 11.098704687496243], [79.10832298089453, 11.098704112817005], [79.10832239901978, 11.098794502693282], [79.10813936152245, 11.098793353244977], [79.1081387795938, 11.098883743112271], [79.10795574206054, 11.098882593538201], [79.10795516006003, 11.098972983396513], [79.10777212249083, 11.098971833705662], [79.10777154043642, 11.09906222355499], [79.10768002163834, 11.09906164866914], [79.1076806037197, 11.098971258819812], [79.10758908494857, 11.098970683907014]]]}, "id": "+9339+7248", "properties": {"count": 22, "water": 1}}, {"type": "Feature", "geometry": {"geodesic": false, "type": "Polygon", "coordinates": [[[79.10772447681833, 11.177161732518297], [79.10772740811993, 11.176709785634229], [79.10781895119048, 11.176710364481648], [79.10782012361769, 11.176529585708257], [79.10791166664333, 11.176530164519745], [79.107912252821, 11.176439775128559], [79.1080037958197, 11.176440353904113], [79.10800438196144, 11.176349964503943], [79.10837055388433, 11.176352279309716], [79.10836938181644, 11.176533058137005], [79.10827783877284, 11.17653247946925], [79.10827725270296, 11.176622868878402], [79.10818570963241, 11.176622290174713], [79.1081851235266, 11.176712679574882], [79.10809358043808, 11.176712100844243], [79.10809299430532, 11.176802490244414], [79.10800145118985, 11.176801911477842], [79.10800027884349, 11.176982690260216], [79.10790873567412, 11.176982111457711], [79.10790756325589, 11.177162890231102], [79.10772447681833, 11.177161732518297]]]}, "id": "+9345+6387", "properties": {"count": 32, "water": 1}}, {"type": "Feature", "geometry": {"geodesic": false, "type": "Polygon", "coordinates": [[[79.10985983213936, 11.172565174895245], [79.10986100285977, 11.172384395861343], [79.10995254469066, 11.172384973837397], [79.10995313001493, 11.172294584311464], [79.11004467181887, 11.172295162251585], [79.1100452571072, 11.172204772725651], [79.11041142426903, 11.172207084180709], [79.11041083909747, 11.172297473724608], [79.11050238092835, 11.172298051529982], [79.11049886992595, 11.172840388820333], [79.11040732792439, 11.172839810996992], [79.11040674271689, 11.17293020053191], [79.10994903264621, 11.172927310948085], [79.10995137403313, 11.172565752871298], [79.10985983213936, 11.172565174895245]]]}, "id": "+9367+6433", "properties": {"count": 47, "water": 1}}, {"type": "Feature", "geometry": {"geodesic": false, "type": "Polygon", "coordinates": [[[79.11002391696287, 11.161357447945461], [79.11002567107619, 11.16108627917003], [79.11020874767719, 11.161087433828564], [79.11020933231875, 11.160997044230765], [79.11048394716634, 11.160998775993987], [79.11048160893252, 11.16136033446603], [79.11057314733183, 11.161360911678516], [79.11057022456424, 11.16181285977531], [79.1104786860122, 11.161812282535875], [79.11047751681893, 11.161993061758421], [79.11056905542486, 11.161993639006841], [79.11056671707425, 11.162355197469902], [79.11047517835154, 11.162354620194535], [79.11047400909537, 11.16253539941708], [79.11056554787199, 11.162535976701433], [79.11056437864278, 11.16271675592398], [79.11047283981227, 11.162716178630646], [79.11047225516174, 11.162806568237428], [79.11038071631326, 11.162805990908161], [79.11038247031877, 11.162534822105782], [79.11029093156013, 11.162534244767532], [79.11029677822718, 11.161630348753608], [79.11020523974702, 11.161629771433324], [79.11020582441552, 11.161539381835524], [79.11011428597129, 11.161538804497276], [79.11011545535321, 11.161358025301677], [79.11002391696287, 11.161357447945461]]]}, "id": "+9367+6557", "properties": {"count": 63, "water": 1}}, {"type": "Feature", "geometry": {"geodesic": false, "type": "MultiPolygon", "coordinates": [[[[79.11064773274308, 11.163982787757181], [79.11073927197782, 11.163983365059499], [79.11073634876107, 11.164435313120359], [79.11082788814853, 11.164435890422677], [79.11082730351596, 11.16452628003844], [79.11073576410155, 11.164525702727142], [79.11073401009604, 11.16479687155647], [79.11064247060078, 11.164796294209237], [79.11064130118292, 11.16497707341382], [79.11054976164274, 11.164976496030654], [79.11055385471752, 11.164343768837076], [79.11064539406007, 11.16434434618431], [79.11064773274308, 11.163982787757181]]], [[[79.11064773274308, 11.163982787757181], [79.11055619350832, 11.163982210427914], [79.11055677819479, 11.163891820821132], [79.11046523899597, 11.163891243473898], [79.11046757779575, 11.163529685064736], [79.11065065597779, 11.163530839714287], [79.11064773274308, 11.163982787757181]]]]}, "id": "+9369+6529", "properties": {"count": 26, "water": 1}}, {"type": "Feature", "geometry": {"geodesic": false, "type": "Polygon", "coordinates": [[[79.11036141916247, 11.165788847446883], [79.11036258884083, 11.165608068278235], [79.11045412857864, 11.165608645751233], [79.11045588297043, 11.165337476984785], [79.11073050194129, 11.165339209197164], [79.11072991723687, 11.165429598794963], [79.11082145692976, 11.16543017615118], [79.11081970286136, 11.165701344971525], [79.11091124264408, 11.165701922309776], [79.11091007328912, 11.165882701532324], [79.1110016131437, 11.165883278852608], [79.11100102848418, 11.165973668468373], [79.11090948861163, 11.16597309114809], [79.11090890392516, 11.166063480754872], [79.11081736402565, 11.166062903398656], [79.11081794873907, 11.165972513791873], [79.11072640887551, 11.165971936408708], [79.11072699361587, 11.165881546810908], [79.11063545377925, 11.165880969409775], [79.11063603854657, 11.165790579811977], [79.11036141916247, 11.165788847446883]]]}, "id": "+9370+6509", "properties": {"count": 29, "water": 1}}, {"type": "Feature", "geometry": {"geodesic": false, "type": "Polygon", "coordinates": [[[79.11069098375837, 11.157293955166464], [79.11069273659608, 11.157022786211371], [79.1107842736569, 11.15702336314538], [79.11078485789422, 11.156932973484698], [79.11087639492808, 11.156933550391756], [79.11087697913845, 11.156843160722092], [79.11106005317028, 11.156844314437395], [79.11105946902279, 11.156934704107059], [79.11115100607464, 11.156935280924285], [79.11115042194513, 11.157025670602934], [79.1112419590329, 11.157026247393212], [79.11124137493034, 11.157116637080842], [79.11114983781562, 11.15711606028158], [79.11114925367711, 11.157206449951245], [79.11105771653544, 11.157205873125035], [79.11105654818658, 11.157386652464364], [79.11078193663579, 11.157384921770136], [79.11078252090005, 11.157294532118438], [79.11069098375837, 11.157293955166464]]]}, "id": "+9373+6603", "properties": {"count": 24, "water": 1}}, {"type": "Feature", "geometry": {"geodesic": false, "type": "Polygon", "coordinates": [[[79.11113941919986, 11.215238822413285], [79.11114411711931, 11.214515707795833], [79.11123567225424, 11.214516287523603], [79.111236259447, 11.214425898186315], [79.11141936966297, 11.21442705755202], [79.1114158468028, 11.214969393611678], [79.11150740209044, 11.214969973276565], [79.11150505352597, 11.215331530652666], [79.11141349812155, 11.215330950969813], [79.11141173656121, 11.215602118981675], [79.11132018107594, 11.215601539253907], [79.11132194272611, 11.215330371251026], [79.11123038733066, 11.215329791505292], [79.11123097455938, 11.215239402176987], [79.11113941919986, 11.215238822413285]]]}, "id": "+9381+5966", "properties": {"count": 35, "water": 1}}, {"type": "Feature", "geometry": {"geodesic": false, "type": "Polygon", "coordinates": [[[79.11256716729561, 11.192739960074334], [79.11257009528242, 11.192288012390767], [79.11266164350032, 11.192288590546484], [79.11266281459802, 11.192107811458683], [79.11284591093501, 11.192108967671302], [79.11284473995408, 11.192289746786052], [79.11293628818098, 11.192290324851937], [79.11293511723599, 11.192471103966687], [79.11302666552575, 11.192471682023589], [79.11302549461669, 11.192652461147322], [79.11293394626405, 11.192651883081437], [79.11293336076909, 11.19274227263432], [79.11284181239849, 11.192741694541485], [79.11284122686759, 11.192832084085385], [79.11265813007246, 11.192830927800902], [79.11265871565725, 11.192740538257], [79.11256716729561, 11.192739960074334]]]}, "id": "+9395+6213", "properties": {"count": 28, "water": 1}}, {"type": "Feature", "geometry": {"geodesic": false, "type": "Polygon", "coordinates": [[[79.1127590612025, 11.148900391772116], [79.11276256030222, 11.148358052909714], [79.11285409475794, 11.148358628765743], [79.11285584415508, 11.148087459316576], [79.11276430978022, 11.14808688346953], [79.11276547607193, 11.147906103833757], [79.1128570103929, 11.14790667967182], [79.11285817660377, 11.147725900027064], [79.11294971087084, 11.147726475829195], [79.11295029394033, 11.147636086006818], [79.11304182818944, 11.147636661773015], [79.11304299426556, 11.14745588210131], [79.11313452845178, 11.147456457831575], [79.11313744341301, 11.147004508638839], [79.11322897746447, 11.147005084315206], [79.11323014335196, 11.146824304625532], [79.11332167735851, 11.146824880265967], [79.11332284317412, 11.14664410055833], [79.11350591107943, 11.1466452517314], [79.11350532823451, 11.146735641598694], [79.11359686222309, 11.146736217149297], [79.11359627939613, 11.146826607016589], [79.11377934745417, 11.14682775804593], [79.11377876468111, 11.146918147922205], [79.11387029874156, 11.14691872339196], [79.11386971598647, 11.147009113277221], [79.11396125008287, 11.147009688729009], [79.11396066735472, 11.147100078614269], [79.11414373561935, 11.147101229445978], [79.11414315294512, 11.147191619340221], [79.11423468711337, 11.147192194720144], [79.1142323564703, 11.1475537543061], [79.11432389075533, 11.147554329677039], [79.11432330810803, 11.147644719571282], [79.114414842429, 11.147645294924256], [79.11441425980865, 11.147735684827483], [79.11459732851347, 11.147736835443597], [79.11459674594703, 11.147827225355806], [79.11468828033985, 11.147827800636914], [79.11468769779138, 11.147918190549124], [79.11477923221116, 11.147918765803283], [79.1147774846286, 11.148189935557877], [79.114685950119, 11.148189360294735], [79.11468361982627, 11.148550919952555], [79.11459208520886, 11.148550344635515], [79.11459150259749, 11.148640734547724], [79.11449996795314, 11.148640159203735], [79.11449938530583, 11.148730549097978], [79.11440785064352, 11.148729973727038], [79.11440726796927, 11.148820363621281], [79.11431573328, 11.148819788205426], [79.11431515056982, 11.148910178099669], [79.11422361585359, 11.148909602656865], [79.1142224503524, 11.149090382427385], [79.11413091560024, 11.149089806948647], [79.11413033280921, 11.149180196824924], [79.113947263251, 11.149179045777618], [79.11394668039709, 11.14926943564491], [79.11385514560003, 11.149268860067359], [79.11385397982933, 11.149449639801947], [79.11376244497836, 11.149449064188461], [79.11376186206157, 11.149539454046772], [79.11385339693949, 11.149540029660256], [79.11385281404965, 11.14963041952755], [79.11366974423093, 11.149629268255666], [79.11366916127821, 11.149719658104994], [79.1133945565097, 11.149717930977078], [79.11339339040663, 11.149898710657768], [79.11348492538336, 11.149899286397016], [79.11348317628266, 11.15017045592703], [79.11339164122508, 11.150169880160833], [79.11339105814659, 11.150260269992193], [79.11329952306205, 11.150259694199047], [79.11330068926394, 11.150078914545308], [79.11320915424228, 11.150078338734193], [79.11321032047113, 11.149897559080454], [79.11311878551236, 11.14989698324239], [79.11312170114732, 11.149445034130501], [79.11303016634126, 11.149444458292438], [79.11303133261502, 11.149263678647683], [79.11293979786286, 11.149263102800637], [79.11294096417254, 11.149082323164864], [79.11284942948326, 11.149081747290868], [79.11285059583787, 11.148900967664078], [79.1127590612025, 11.148900391772116]], [[79.11312461665652, 11.148993084991663], [79.11312519974399, 11.148902695169285], [79.11321673439734, 11.148903270944466], [79.11321731744887, 11.148812881113106], [79.1135834559814, 11.14881518392637], [79.11358229009392, 11.148995963625024], [79.11349075539566, 11.14899538795764], [79.11348958943633, 11.149176167647312], [79.11330651994099, 11.149175016204747], [79.11330710298354, 11.149084626364404], [79.1132155682763, 11.149084050607188], [79.11321615133681, 11.148993660775828], [79.11312461665652, 11.148993084991663]], [[79.11339513955225, 11.149627541145717], [79.11339688864398, 11.149356371624684], [79.11357995825608, 11.149357523031316], [79.1135793752854, 11.149447912880644], [79.11367091013638, 11.149448488548028], [79.11367032718366, 11.149538878397355], [79.11357879231471, 11.149538302729972], [79.11357820933505, 11.149628692579299], [79.11339513955225, 11.149627541145717]]]}, "id": "+9399+6716", "properties": {"count": 464, "water": 1}}, {"type": "Feature", "geometry": {"geodesic": false, "type": "Polygon", "coordinates": [[[79.1140860263543, 11.156049826020588], [79.11408719269093, 11.155869046348883], [79.1141787295721, 11.155869622186946], [79.1141845606444, 11.15496572373859], [79.1142760972381, 11.154966299504787], [79.11427551418657, 11.155056689354115], [79.11491627073775, 11.15506071894495], [79.11491452213112, 11.155331888600731], [79.11482298537572, 11.155331313014196], [79.11482240246792, 11.155421702890472], [79.11491393925027, 11.155422278485991], [79.11491219058075, 11.155693448132787], [79.11482065371756, 11.155692872528286], [79.11482007079178, 11.155783262404563], [79.11472853391062, 11.155782686764129], [79.11472736798721, 11.1559634665077], [79.11463583104316, 11.155962890831333], [79.11463524804553, 11.156053280689642], [79.11454371108351, 11.156052704986326], [79.11454312805893, 11.156143094844637], [79.11445159106997, 11.156142519105389], [79.11445042493995, 11.156323298813026], [79.11435888789708, 11.156322723028861], [79.11435830480063, 11.15641311287819], [79.1142667677398, 11.156412537067075], [79.11426618459845, 11.15650292690742], [79.11417464751965, 11.156502351060373], [79.11417756329834, 11.156050401867635], [79.1140860263543, 11.156049826020588]]]}, "id": "+9408+6624", "properties": {"count": 95, "water": 1}}, {"type": "Feature", "geometry": {"geodesic": false, "type": "MultiPolygon", "coordinates": [[[[79.11457810107194, 11.150719702250063], [79.11457926652822, 11.150538922461577], [79.11485387224894, 11.150540648628294], [79.11485328961064, 11.150631038540503], [79.1149448248928, 11.150631613875511], [79.11494424227246, 11.150722003796703], [79.11503577759055, 11.15072257910476], [79.11503519498818, 11.150812969025953], [79.11512673034221, 11.150813544316044], [79.11512614776677, 11.150903934237236], [79.11503461239478, 11.150903358938162], [79.11503344718105, 11.151084138771564], [79.11485037632926, 11.1510829880746], [79.11484979366399, 11.151173377986812], [79.11475825822014, 11.151172802588922], [79.11476000629676, 11.150901632879243], [79.11466847094273, 11.150901057472371], [79.11466963636309, 11.150720277674901], [79.11457810107194, 11.150719702250063]]], [[[79.11457810107194, 11.150719702250063], [79.11457693558872, 11.15090048203855], [79.11448540025265, 11.150899906577779], [79.1144865657808, 11.150719126798275], [79.11457810107194, 11.150719702250063]]]]}, "id": "+9414+6673", "properties": {"count": 25, "water": 1}}, {"type": "Feature", "geometry": {"geodesic": false, "type": "Polygon", "coordinates": [[[79.11363298755003, 11.141132044335045], [79.11363357006259, 11.141041654431818], [79.1138166345004, 11.141042804841321], [79.11381721695007, 11.14095241492911], [79.11409181356187, 11.14095414033226], [79.11409239591272, 11.140863750411068], [79.11445852468954, 11.140866050529386], [79.1144591069236, 11.140775660590228], [79.11464217128956, 11.140776810469724], [79.11464275346972, 11.1406864205126], [79.11473428562576, 11.140686995416415], [79.11473486776998, 11.140596605450305], [79.11482639990805, 11.140597180309205], [79.11482756412465, 11.140416400376989], [79.11491909620882, 11.140416975199956], [79.11491793204611, 11.14059775515014], [79.11510099634019, 11.140598904742175], [79.11510041431274, 11.140689294717266], [79.11537501087963, 11.14069101890769], [79.11537442892404, 11.140781408900747], [79.1155574933888, 11.14078255823227], [79.11555574767475, 11.141053728238393], [79.11528115073057, 11.141052004164752], [79.11528173273106, 11.140961614171694], [79.11482407141195, 11.140958740182622], [79.1148234892767, 11.141049130139747], [79.1146404247221, 11.1410479803411], [79.11463984252397, 11.141138370298224], [79.11363298755003, 11.141132044335045]]]}, "id": "+9414+6785", "properties": {"count": 67, "water": 1}}, {"type": "Feature", "geometry": {"geodesic": false, "type": "Polygon", "coordinates": [[[79.11409360714715, 11.154874758105096], [79.11409535644549, 11.154603588566099], [79.1141868929314, 11.15460416434128], [79.11418922513754, 11.154242604934987], [79.11428076150666, 11.154243180665253], [79.11428251052652, 11.153972011090321], [79.11437404682377, 11.153972586775671], [79.11437521275617, 11.153791807041085], [79.11428367651281, 11.1537912313737], [79.11428484248113, 11.153610451648095], [79.1143763786616, 11.15361102731548], [79.11438220791932, 11.152707128624577], [79.11447374382132, 11.152707704211112], [79.11447490955608, 11.15252692445856], [79.11456644540418, 11.15252750000916], [79.11456702824012, 11.152437110132885], [79.11465856407025, 11.152437685647554], [79.11465914687027, 11.152347295762294], [79.11475068267345, 11.152347871241032], [79.11475126543752, 11.152257481346789], [79.11484280122274, 11.15225805680756], [79.11484338395088, 11.152167666904333], [79.11502645547641, 11.152168817718078], [79.11502703815064, 11.152078427805868], [79.11530164538952, 11.152080153801906], [79.11530222797394, 11.151989763880714], [79.11566837091719, 11.15199206478955], [79.11566778844956, 11.152082454737691], [79.11575932422579, 11.152083029902018], [79.11575874178511, 11.15217341985016], [79.11585027759727, 11.152173994987537], [79.11584794787947, 11.15253555478909], [79.11593948380842, 11.152536129917483], [79.11593890140368, 11.152626519874609], [79.11603043735957, 11.152627094985036], [79.11602810777651, 11.152988654813537], [79.11593657170384, 11.152988079685143], [79.11593482437281, 11.153259249538552], [79.11584328821928, 11.153258674365242], [79.11584270574266, 11.1533490643044], [79.11575116956219, 11.153348489104141], [79.11575058704965, 11.1534388790433], [79.11565905085119, 11.153438303807107], [79.11565380774421, 11.154251813187672], [79.11556227129424, 11.154251237888598], [79.11555994077693, 11.154612797573368], [79.11537686767038, 11.154611646840472], [79.1153780330458, 11.154430867016053], [79.11519496006501, 11.154429716184342], [79.1151943773279, 11.154520106087569], [79.11510284081504, 11.154519530626798], [79.11510167525994, 11.154700310424268], [79.11491860213542, 11.154699159403911], [79.11491743644557, 11.154879939174432], [79.11409360714715, 11.154874758105096]]]}, "id": "+9423+6657", "properties": {"count": 446, "water": 1}}, {"type": "Feature", "geometry": {"geodesic": false, "type": "Polygon", "coordinates": [[[79.11645478348858, 11.143590394548918], [79.11645711053838, 11.143228834406008], [79.11700630890934, 11.143232280828528], [79.11700572732207, 11.14332267089345], [79.11728032666475, 11.143324393736401], [79.11727858213646, 11.143595563976087], [79.11746164855955, 11.14359671242726], [79.11746106709805, 11.14368710251015], [79.11736953385505, 11.143686528298037], [79.11736895235761, 11.143776918380928], [79.11727741909665, 11.143776344123898], [79.11727683756327, 11.143866734206787], [79.11718530427537, 11.14386615992281], [79.11718472271504, 11.143956549987733], [79.11709318940018, 11.143955975676805], [79.11709260780393, 11.144046365741728], [79.1170010744711, 11.144045791394868], [79.1170004928389, 11.144136181450808], [79.11709202620766, 11.14413675580665], [79.11709144459343, 11.144227145871575], [79.11718297798913, 11.144227720200469], [79.11718239641083, 11.144318110265392], [79.11699932956553, 11.14431696157167], [79.1169999112067, 11.14422657151573], [79.11690837781998, 11.144225997123955], [79.11690895947913, 11.144135607068016], [79.11681742612835, 11.144135032658273], [79.11681858950054, 11.14395425256436], [79.11691012279744, 11.143954826956136], [79.11691128608877, 11.143774046844255], [79.11700281933176, 11.143774621209083], [79.11700340093701, 11.14368423114416], [79.11718646738704, 11.143685379774997], [79.11718704893839, 11.143594989701091], [79.11709551574033, 11.14359441540813], [79.11709609730964, 11.143504025343207], [79.11691303098536, 11.143502876667453], [79.11691244935317, 11.143593266732376], [79.11682091617305, 11.143592692349584], [79.11682033451392, 11.143683082405524], [79.11672880130686, 11.143682507986798], [79.11672821961179, 11.143772898042737], [79.11663668637777, 11.143772323597064], [79.11663610465575, 11.143862713635038], [79.11654457140378, 11.143862139153429], [79.11654631665071, 11.14359096903951], [79.11645478348858, 11.143590394548918]]]}, "id": "+9437+6754", "properties": {"count": 60, "water": 1}}, {"type": "Feature", "geometry": {"geodesic": false, "type": "Polygon", "coordinates": [[[79.1170158075694, 11.184361430588137], [79.11701639134857, 11.18427104076576], [79.11710793728474, 11.184271617151795], [79.11711027223075, 11.1839100578533], [79.11720181805913, 11.18391063419442], [79.11720240175745, 11.183820244363059], [79.11729394755889, 11.18382082067723], [79.11729336388753, 11.18391121050859], [79.11738490973387, 11.18391178679581], [79.11738666063121, 11.18364061727478], [79.11729511488367, 11.183640040996542], [79.11729569853708, 11.18354965116518], [79.11766188146434, 11.183551956062535], [79.11766129792771, 11.183642345920846], [79.11775284369321, 11.183642922082303], [79.11775226018354, 11.183733311940614], [79.11784380598498, 11.183733888075121], [79.11784205549188, 11.184005057668019], [79.11775050960061, 11.184004481515545], [79.11774875898175, 11.184275651090477], [79.11756566703752, 11.184274498677732], [79.11756508342903, 11.184364888527059], [79.11729044547675, 11.184363159683363], [79.11728986177843, 11.184453549514723], [79.11719831577938, 11.184452973173602], [79.11719889950464, 11.184362583342242], [79.1170158075694, 11.184361430588137]]]}, "id": "+9447+6308", "properties": {"count": 55, "water": 1}}, {"type": "Feature", "geometry": {"geodesic": false, "type": "Polygon", "coordinates": [[[79.11794953654407, 11.138899296527551], [79.11795069864964, 11.13871851624499], [79.11868295253815, 11.13872310577371], [79.11868237171443, 11.138813495955414], [79.11914003070692, 11.138816363521531], [79.11913945000897, 11.138906753730184], [79.11950557740238, 11.138909047299785], [79.1195049968212, 11.138999437526405], [79.11977959250775, 11.139001157422882], [79.11977901200743, 11.139091547658484], [79.11987054393887, 11.1390921209094], [79.11986996345652, 11.139182511153987], [79.11996149542391, 11.139183084377953], [79.11995743212827, 11.139815816072089], [79.12004896429329, 11.139816389305038], [79.12004780336451, 11.13999716979421], [79.12013933559241, 11.139997743000208], [79.12013701378875, 11.140359303996519], [79.12022854613343, 11.140359877202519], [79.12022680481213, 11.140631047945261], [79.12031833724663, 11.140631621142276], [79.12031659596127, 11.140902791894002], [79.12040812849459, 11.140903365073052], [79.12040696766464, 11.141084145589174], [79.12049850025184, 11.141084718750257], [79.12049733946681, 11.141265499266378], [79.1205888721169, 11.141266072409497], [79.12058713098425, 11.141537243197153], [79.12067866372418, 11.141537816331288], [79.1206763422529, 11.14189937739048], [79.12058480939619, 11.141898804247363], [79.12058422899469, 11.141989194500932], [79.12040116324533, 11.141988048115882], [79.12040174370972, 11.141897657871295], [79.12031021087098, 11.141897084638346], [79.12031079136231, 11.141806694393761], [79.1202192585595, 11.141806121133863], [79.12021983906881, 11.141715730898259], [79.12012830630192, 11.141715157620395], [79.12012888682919, 11.141624767384792], [79.11994582135831, 11.141623620757198], [79.11994640194847, 11.141533230521594], [79.11985486925346, 11.141532657171863], [79.11985544986157, 11.141442266954227], [79.11976391719351, 11.141441693577548], [79.11976449782857, 11.141351303359912], [79.11967296518746, 11.141350729956281], [79.11967354584947, 11.141260339738645], [79.11949048065708, 11.141259192877488], [79.119491061364, 11.141168802668835], [79.11939952880374, 11.14116822919334], [79.11940010952864, 11.14107783899367], [79.1193085770043, 11.14107726550021], [79.11930915775615, 11.14098687530054], [79.11912609277036, 11.140985728241754], [79.1191266735761, 11.140895338051067], [79.11903514111465, 11.140894764476757], [79.11903572194736, 11.140804374295053], [79.11894418952183, 11.140803800702779], [79.1189447703725, 11.140713410521075], [79.1188532379829, 11.140712836910833], [79.11885381886052, 11.140622446729129], [79.11876228649788, 11.140621873091938], [79.11876344828903, 11.140441092746496], [79.11867191599826, 11.140440519091339], [79.11867307782535, 11.14025973875488], [79.11858154558848, 11.140259165072774], [79.11858212652, 11.140168774909036], [79.11849059431904, 11.140168201217946], [79.11849117527751, 11.140077811054208], [79.1183996431125, 11.140077237327185], [79.11840138604178, 11.13980606685394], [79.11830985395763, 11.139805493126916], [79.1183110159464, 11.139624712817408], [79.11821948392513, 11.139624139063436], [79.11822064594985, 11.13944335876291], [79.11812911399144, 11.13944278499097], [79.11813027604312, 11.139262004690446], [79.11803874415659, 11.139261430909524], [79.11804106831383, 11.138899870326439], [79.11794953654407, 11.138899296527551]]]}, "id": "+9455+6804", "properties": {"count": 512, "water": 1}}, {"type": "Feature", "geometry": {"geodesic": false, "type": "Polygon", "coordinates": [[[79.12088520036782, 11.20897283188432], [79.1208875359157, 11.20861127239718], [79.12107064349959, 11.208612425241116], [79.12106947585143, 11.208793205011636], [79.12116102971075, 11.208793781406655], [79.12115986209851, 11.208974561177174], [79.12125141601173, 11.208975137554226], [79.1212502484444, 11.20915591733373], [79.1213418024205, 11.209156493683833], [79.1213412186593, 11.209246883578077], [79.12143277267134, 11.209247459910213], [79.12143102142366, 11.209518629610908], [79.12152257552553, 11.20951920592508], [79.12152199180025, 11.209609595828306], [79.12133888354262, 11.209608443155048], [79.12133829974549, 11.209698833040308], [79.12106363730513, 11.209697103810337], [79.12106422118312, 11.20960671393406], [79.12097266708125, 11.209606137467174], [79.12097675427206, 11.20897340834222], [79.12088520036782, 11.20897283188432]]]}, "id": "+9486+6031", "properties": {"count": 44, "water": 1}}, {"type": "Feature", "geometry": {"geodesic": false, "type": "Polygon", "coordinates": [[[79.12185201439323, 11.215216074788572], [79.12185259831612, 11.215125684903311], [79.12221882191012, 11.215127990627117], [79.12221823809502, 11.215218380530343], [79.12240134998186, 11.215219533239534], [79.12240193374305, 11.215129143327324], [79.12258504558497, 11.215130295910749], [79.1225856292833, 11.215039905980573], [79.1231349647731, 11.215043363030164], [79.12313438124545, 11.215133752978305], [79.1233174931772, 11.215134905112572], [79.12331690970346, 11.215225295078682], [79.12340846570076, 11.21522587110539], [79.12340613187766, 11.215587430960841], [79.12331457576357, 11.215586854916165], [79.12331399227186, 11.21567724487329], [79.12313087999875, 11.215676092685124], [79.12313029644416, 11.215766482633265], [79.12303874028515, 11.215765906489775], [79.12303815669462, 11.215856296428933], [79.12294660051765, 11.215855720258494], [79.12294601689119, 11.21594611018867], [79.12285446068726, 11.215945533982296], [79.12285387702488, 11.216035923912473], [79.12276232080299, 11.216035347679151], [79.12276115341533, 11.216216127530519], [79.12257804086374, 11.216214974947093], [79.12257687334133, 11.216395754771511], [79.12248531701164, 11.216395178430393], [79.1224847332145, 11.216485568342602], [79.12239317686685, 11.21648499196555], [79.12239259304276, 11.216575381868775], [79.12230103666816, 11.21657480545579], [79.12230045280813, 11.216665195359017], [79.122117340023, 11.216664042443215], [79.12211675609112, 11.216754432337458], [79.12202519968058, 11.216753855834641], [79.12202461572174, 11.216844245719901], [79.12193305928425, 11.216843669181152], [79.12193189129472, 11.217024448933705], [79.12184033480334, 11.217023872359023], [79.12183975077264, 11.2171142622353], [79.12165663775393, 11.217113108996104], [79.12165605366035, 11.217203498854415], [79.12147294060571, 11.217202345489456], [79.12147235644925, 11.217292735347765], [79.12138079990396, 11.21729215862037], [79.12138021571157, 11.217382548460714], [79.12110554601283, 11.217380818098865], [79.1211049617306, 11.217471207930226], [79.12101340514938, 11.217470631077067], [79.1210128208402, 11.217561020908427], [79.12092126423204, 11.217560444019334], [79.12092067987794, 11.217650833841713], [79.12064600999953, 11.21764910301274], [79.1206454255646, 11.21773949281715], [79.1205538689205, 11.217738915811278], [79.12055328444963, 11.21782930561569], [79.1203701711165, 11.21782815151411], [79.12036958658275, 11.217918541300556], [79.1201864732137, 11.217917387082197], [79.12018588862605, 11.21800777685966], [79.11991121852307, 11.218006045294066], [79.1199106338366, 11.218096435062545], [79.11981907712064, 11.218095857814127], [79.11981966183406, 11.218005468054631], [79.11972810514503, 11.218004890779264], [79.11972752040467, 11.21809528053876], [79.11936129359471, 11.218092971149828], [79.11936070873756, 11.218183360891356], [79.11926915202159, 11.218182783472258], [79.1192685671285, 11.218273173195822], [79.11908545365166, 11.21827201825881], [79.1190848686957, 11.218362407982374], [79.11862708495417, 11.218359520123313], [79.11862649984549, 11.218449909819928], [79.11771093245228, 11.218444131954834], [79.11771034705613, 11.218534521606532], [79.11743567685434, 11.218532787687355], [79.11743509136838, 11.218623177321087], [79.11679419419491, 11.218619130482596], [79.11679360851132, 11.218709520080395], [79.11651893828257, 11.218707785289851], [79.11651835250915, 11.218798174878668], [79.11624368224446, 11.218796439818629], [79.116244853962, 11.21861566067693], [79.11633641065102, 11.218616239048242], [79.1163375822967, 11.218435459888576], [79.11697847889523, 11.218439507643348], [79.11697906450696, 11.218349118027582], [79.11725373446622, 11.21835085234202], [79.1172543199971, 11.218260462717272], [79.11734587663221, 11.21826104076519], [79.11734646211819, 11.218170651131459], [79.11743801873534, 11.218171229143444], [79.11743918963542, 11.217990449866997], [79.11762230276192, 11.217991605783173], [79.11762288815805, 11.217901216140458], [79.11780600123964, 11.217902371930869], [79.11780892783406, 11.217450423636446], [79.11817515350316, 11.217452734804043], [79.11817573869268, 11.217362345125396], [79.1183588514958, 11.217363500529531], [79.11835943662244, 11.217273110832917], [79.1185425493986, 11.217274266120272], [79.11854313446236, 11.217183876414675], [79.1187262471936, 11.217185031576264], [79.11872683219448, 11.217094641870668], [79.11890994489879, 11.217095796906493], [79.11891052983678, 11.217005407182931], [79.1192767551735, 11.21700771690424], [79.11927558551311, 11.217188496378316], [79.11936714192365, 11.217189073752499], [79.11937065067129, 11.216646735285355], [79.1192790944404, 11.216646157938122], [79.11927967924366, 11.216555768196592], [79.1195543478734, 11.21655750012151], [79.119553763151, 11.216647889881006], [79.1198284319155, 11.216649621563379], [79.11982784728292, 11.216740011331858], [79.11991940356769, 11.216740588508411], [79.11992115738455, 11.216469419185009], [79.12001271359746, 11.216469996316645], [79.12001212902777, 11.216560386103092], [79.12019524152547, 11.216561540294501], [79.12019582603227, 11.216471150499073], [79.12028738226314, 11.216471727549862], [79.12028855121387, 11.216290947959004], [79.12038010739084, 11.216291524973862], [79.12038069183477, 11.216201135169449], [79.1204722479848, 11.216201712148374], [79.12047166357681, 11.216292101961768], [79.12074633214367, 11.216293832745826], [79.12074574780755, 11.216384222568204], [79.12083730403842, 11.21638479943933], [79.1208378883476, 11.216294409616951], [79.12092944455152, 11.21629498646113], [79.1209311973443, 11.216023816967045], [79.1208396412302, 11.216023240140835], [79.12084022551244, 11.215932850309475], [79.12093178160856, 11.215933427135685], [79.12093236585486, 11.215843037304323], [79.12084080979466, 11.215842460487096], [79.12084139406791, 11.215752070655736], [79.12074983803465, 11.21575149381156], [79.12074925373447, 11.215841883633937], [79.12056614163204, 11.215840729855753], [79.12056672599512, 11.215750340042357], [79.1206582820104, 11.215750916940433], [79.12065886633754, 11.215660527118056], [79.12075042233485, 11.21566110398918], [79.12075100662607, 11.21557071415782], [79.12084256259642, 11.215571290993013], [79.12084489960856, 11.215209731676552], [79.12075334374599, 11.215209154859325], [79.12075509653877, 11.214937985374226], [79.12084665231151, 11.214938562173487], [79.12084723653983, 11.214848172342124], [79.12130501534062, 11.214851055898254], [79.12130443125604, 11.214941445756565], [79.1213959870647, 11.21494202239413], [79.12139540299806, 11.21503241225244], [79.12148695884267, 11.215032988863054], [79.12148754287337, 11.21494259899576], [79.12157909868203, 11.214943175570442], [79.12157968268578, 11.21485278570315], [79.12167123847648, 11.214853362241898], [79.12167065449968, 11.214943752118176], [79.12176221032631, 11.214944328638959], [79.12176162638545, 11.215034718524217], [79.12167007053186, 11.215034141994451], [79.12166890256928, 11.215214921747005], [79.12185201439323, 11.215216074788572]], [[79.12185201439323, 11.215216074788572], [79.12203512623515, 11.215217227713357], [79.12203454235716, 11.2153076176076], [79.12212609831853, 11.21530819403855], [79.12212493060748, 11.21548897383602], [79.1220333745922, 11.215488397396086], [79.12203279070523, 11.21557878729033], [79.12184967863874, 11.215577634320628], [79.12185026257961, 11.215487244435367], [79.1217587065823, 11.215486667914584], [79.12175929055012, 11.215396278038309], [79.12185084652047, 11.215396854559092], [79.12185201439323, 11.215216074788572]], [[79.1184457269381, 11.21808719571917], [79.11844631207373, 11.217996806031538], [79.11853786869088, 11.21799738369318], [79.11853845379956, 11.217906993996568], [79.11863001038977, 11.217907571631262], [79.11862884022631, 11.218088351033472], [79.1184457269381, 11.21808719571917]], [[79.1204675725412, 11.216924830583666], [79.12046874142905, 11.216744050983825], [79.12065185408844, 11.216745204914725], [79.12065068531737, 11.216925984541513], [79.1204675725412, 11.216924830583666]], [[79.12047049473388, 11.216472881570592], [79.12047107915085, 11.21638249176618], [79.12056263537274, 11.216383068727138], [79.12056205097373, 11.21647345853155], [79.12047049473388, 11.216472881570592]], [[79.1214811182572, 11.215936887500058], [79.1214817023418, 11.215846497641747], [79.12157325843792, 11.215847074261346], [79.12157267438926, 11.215937464128638], [79.1214811182572, 11.215936887500058]], [[79.1214811182572, 11.215936887500058], [79.1214805341726, 11.216027277358368], [79.12138897802258, 11.216026700693854], [79.12138956213413, 11.215936310844528], [79.1214811182572, 11.215936887500058]]]}, "id": "+9493+5962", "properties": {"count": 1034, "water": 1}}, {"type": "Feature", "geometry": {"geodesic": false, "type": "Polygon", "coordinates": [[[79.12521303067469, 11.148164942513262], [79.12521534787896, 11.147803380654567], [79.12539841776955, 11.147804524695015], [79.12539783853586, 11.147894915173163], [79.1254893735126, 11.147895487157454], [79.12548995271933, 11.147805096679305], [79.1255814876781, 11.147805668627663], [79.1255809084983, 11.147896059114794], [79.12567244349302, 11.147896631036204], [79.12567186433118, 11.147987021523335], [79.12576339936182, 11.147987593426777], [79.12576282022694, 11.148077983922892], [79.12567128516936, 11.148077412010466], [79.12567070600753, 11.148167802506581], [79.12557917093197, 11.148167230558222], [79.12557395794549, 11.148980744879522], [79.12548242261842, 11.14898017286828], [79.12548416040934, 11.14870900144282], [79.12539262518108, 11.148708429422596], [79.12539436300793, 11.148437258006119], [79.12530282786051, 11.148436685967928], [79.12530456573228, 11.148165514569417], [79.12521303067469, 11.148164942513262]]]}, "id": "+9531+6704", "properties": {"count": 37, "water": 1}}, {"type": "Feature", "geometry": {"geodesic": false, "type": "Polygon", "coordinates": [[[79.12543785060355, 11.212888394638819], [79.12544018132746, 11.212526834289296], [79.12553173658816, 11.212527409534472], [79.12553464974377, 11.212075459066126], [79.12571775999567, 11.212076609412746], [79.12571834255313, 11.21198621931189], [79.12617611813795, 11.211989094675385], [79.1261767005427, 11.211898704547579], [79.12626825565069, 11.211899279532243], [79.1262676732639, 11.211989669660047], [79.12635922839883, 11.211990244626746], [79.12635748131035, 11.21226141503711], [79.1264490365351, 11.212261989985842], [79.1264455423851, 11.212804330815555], [79.12635398698966, 11.212803755839873], [79.1263534045849, 11.212894145976662], [79.12543785060355, 11.212888394638819]]]}, "id": "+9543+5995", "properties": {"count": 99, "water": 1}}, {"type": "Feature", "geometry": {"geodesic": false, "type": "MultiPolygon", "coordinates": [[[[79.12770539754614, 11.159208597934601], [79.12761385890428, 11.159208026058108], [79.12761327974245, 11.15929841657219], [79.12770481841126, 11.159298988457666], [79.1277025018358, 11.159660550558904], [79.12751942428258, 11.15965940672507], [79.12752000348934, 11.15956901621099], [79.12742846474866, 11.159568444253647], [79.12742962320706, 11.159387663234469], [79.12733808452927, 11.159387091268144], [79.12733866377195, 11.159296700754064], [79.12724712513008, 11.15929612876079], [79.12724770439971, 11.159205738255691], [79.12715616579378, 11.159205166244451], [79.12715732437795, 11.15902438524324], [79.12770655578895, 11.15902781687949], [79.12770539754614, 11.159208597934601]]], [[[79.12770539754614, 11.159208597934601], [79.127796936188, 11.159209169784145], [79.12779635708007, 11.159299560316192], [79.12770481841126, 11.159298988457666], [79.12770539754614, 11.159208597934601]]]]}, "id": "+9555+6580", "properties": {"count": 29, "water": 1}}, {"type": "Feature", "geometry": {"geodesic": false, "type": "Polygon", "coordinates": [[[79.12847069578271, 11.18262545454636], [79.12847301630177, 11.18226389284038], [79.128564562211, 11.182264465615187], [79.1285651422981, 11.18217407519094], [79.12902287178137, 11.182176938651756], [79.12902229183801, 11.182267329111937], [79.12920538371937, 11.182268474311211], [79.1292048038299, 11.182358864771393], [79.129296349802, 11.182359437339588], [79.12929576993949, 11.182449827808753], [79.12920422393145, 11.182449255240558], [79.12920364402402, 11.18253964570074], [79.129112097998, 11.182539073105595], [79.12911151805464, 11.182629463556792], [79.1289284259577, 11.182628318267687], [79.12892900594598, 11.182537927816488], [79.12883745992895, 11.182537355131512], [79.12883803995315, 11.182446964689296], [79.12874649397206, 11.18244639197737], [79.1287459139209, 11.182536782419586], [79.12865436791284, 11.18253620968071], [79.12865378783474, 11.182626600113942], [79.12847069578271, 11.18262545454636]]]}, "id": "+9571+6324", "properties": {"count": 33, "water": 1}}, {"type": "Feature", "geometry": {"geodesic": false, "type": "Polygon", "coordinates": [[[79.1295979529962, 11.206677321590668], [79.1296008582736, 11.20622536989163], [79.1296924117736, 11.206225943537804], [79.12969357378934, 11.206045162851003], [79.12978512723544, 11.206045736461245], [79.12978570821186, 11.205955346108862], [79.12996881505914, 11.205956493230529], [79.12996532948804, 11.206498835389748], [79.1297822222994, 11.206497688205198], [79.1297804792713, 11.206768859253367], [79.12968892560063, 11.206768285607193], [79.12968950663993, 11.206677895263791], [79.1295979529962, 11.206677321590668]]]}, "id": "+9583+6061", "properties": {"count": 25, "water": 1}}, {"type": "Feature", "geometry": {"geodesic": false, "type": "Polygon", "coordinates": [[[79.13224148697128, 11.194219483272171], [79.13224322570544, 11.193948311613148], [79.1323347754864, 11.193948883831002], [79.13233535502553, 11.193858493272005], [79.13242690477955, 11.193859065462908], [79.13242748428274, 11.19376867489493], [79.1325190340188, 11.1937692470499], [79.13251961348605, 11.19367885648192], [79.13279426262235, 11.193680572758186], [79.13279368323595, 11.19377096333515], [79.13288523298996, 11.193771535373338], [79.13288465362153, 11.193861925959284], [79.13279310384056, 11.193861353921095], [79.13279136563641, 11.194132525660965], [79.1325167160779, 11.194130809312835], [79.13251613657471, 11.194221199880815], [79.13224148697128, 11.194219483272171]]]}, "id": "+9613+6197", "properties": {"count": 28, "water": 1}}, {"type": "Feature", "geometry": {"geodesic": false, "type": "Polygon", "coordinates": [[[79.131974286836, 11.207324961132372], [79.13197602790576, 11.207053789751827], [79.13206758178306, 11.207054362715281], [79.1320681621037, 11.2069639722551], [79.13197660825337, 11.206963399291645], [79.13197776893062, 11.206782618371282], [79.13216087653248, 11.206783764235308], [79.13216145680822, 11.206693373766143], [79.1322530105867, 11.20669394664875], [79.13225417106632, 11.206513165701436], [79.1323457247909, 11.20651373854811], [79.13234630499477, 11.206423348069961], [79.13225475129714, 11.206422775223288], [79.13225765237941, 11.205970822823565], [79.1323492059333, 11.205971395643289], [79.13234978611023, 11.205881005165141], [79.1322582325743, 11.205880432345417], [79.13225881277818, 11.20579004186727], [79.13289968738594, 11.205794050949567], [79.13289910738868, 11.205884441463649], [79.13299066095156, 11.20588501407676], [79.13299008097226, 11.205975404599824], [79.13253231306804, 11.20597254120189], [79.132531152813, 11.206153322194117], [79.13280581371724, 11.20615504033888], [79.13280523367506, 11.206245430843977], [79.13289678734573, 11.206246003510987], [79.1328956272973, 11.206426784539149], [79.13262096612358, 11.20642506643032], [79.13262038600055, 11.206515456926434], [79.132528832258, 11.206514884160608], [79.13252825210803, 11.20660527464774], [79.13243669833854, 11.206604701854966], [79.13243611816162, 11.206695092342096], [79.13234456436517, 11.20669451951339], [79.13234282369964, 11.206965690947833], [79.13243437757694, 11.206966263794508], [79.13243495777184, 11.206875873307375], [79.13252651162217, 11.206876446118116], [79.13252709179011, 11.206786055630985], [79.13271019945486, 11.206787201162635], [79.13270903922677, 11.206967982154865], [79.13280059312203, 11.206968554884757], [79.13279885283379, 11.207239726391066], [79.13289040681889, 11.207240299111977], [79.13288982674077, 11.207330689617073], [79.13298138076179, 11.207331262311033], [79.13298022065048, 11.207512043330212], [79.13243089627284, 11.207508606681362], [79.13243031603302, 11.207598997168493], [79.13206409976928, 11.207596705485354], [79.13206468011688, 11.207506315025173], [79.13224778818588, 11.20750746091615], [79.13224894875533, 11.207326679968837], [79.131974286836, 11.207324961132372]]]}, "id": "+9615+6063", "properties": {"count": 119, "water": 1}}, {"type": "Feature", "geometry": {"geodesic": false, "type": "MultiPolygon", "coordinates": [[[[79.13333718936923, 11.194678301226118], [79.1333383478995, 11.194497520018292], [79.13324679789395, 11.194496948078918], [79.13324737718155, 11.194406557483989], [79.13315582721192, 11.194405985517664], [79.13315640651749, 11.194315594922735], [79.13343105635448, 11.194317310704927], [79.1334316355702, 11.194226920092031], [79.13352318550389, 11.194227491959541], [79.13352260631511, 11.194317882581421], [79.13361415627574, 11.19431845442198], [79.13361357710494, 11.19440884504386], [79.13379667709806, 11.194409988662098], [79.13379841441288, 11.194138816769513], [79.13361531459041, 11.194137673178224], [79.13361647288713, 11.193956891934468], [79.13453197163109, 11.193962608651239], [79.13453023502595, 11.194233780660603], [79.13462178501354, 11.194234352186754], [79.13461946958793, 11.19459591488088], [79.13452791948356, 11.194595343327782], [79.1345284983759, 11.194504952660987], [79.13379609798115, 11.19450037929296], [79.13379551886423, 11.194590769914837], [79.13361241875432, 11.194589626287616], [79.13361183957453, 11.194680016900511], [79.13333718936923, 11.194678301226118]]], [[[79.13333718936923, 11.194678301226118], [79.13333661009062, 11.19476869183003], [79.13324506000421, 11.19476811988167], [79.13324448069866, 11.194858510485583], [79.13315293059429, 11.194857938492309], [79.1331523512528, 11.194948329087238], [79.13306080112149, 11.194947757075997], [79.13306311855932, 11.194586194714248], [79.13324621860636, 11.19458733868283], [79.13324563930978, 11.194677729286742], [79.13333718936923, 11.194678301226118]]]]}, "id": "+9632+6194", "properties": {"count": 84, "water": 1}}]}