{"type": "FeatureCollection", "columns": {"count": "Long<0, 4294967295>", "system:index": "String", "water": "Byte<0, 1>"}, "features": [{"type": "Feature", "geometry": {"geodesic": false, "type": "Polygon", "coordinates": [[[76.60216834887157, 11.396642426158662], [76.6022599758897, 11.396641926497734], [76.60226048234188, 11.396732328582116], [76.60244373641406, 11.396731329161447], [76.6024447494442, 11.396912133312243], [76.60226149525525, 11.396913132750878], [76.60226098879407, 11.396822730666498], [76.60216936172205, 11.396823230345392], [76.60216834887157, 11.396642426158662]]]}, "id": "+7481+3969", "properties": {"count": 6, "water": 1}}, {"type": "Feature", "geometry": {"geodesic": false, "type": "MultiPolygon", "coordinates": [[[[76.61021929560707, 11.394428704686852], [76.61040254747837, 11.394427700505112], [76.61040305640093, 11.39451810223915], [76.61058630831715, 11.394517097931645], [76.61058885328926, 11.394969106565906], [76.61068047938211, 11.394968604353764], [76.61068098842145, 11.395059006069836], [76.61058936229267, 11.395059508290961], [76.61059088933882, 11.395330713466128], [76.6104992631202, 11.395331215669287], [76.61049722718742, 11.394969608760082], [76.61040560108559, 11.394970110918326], [76.61040407426401, 11.394698905707227], [76.61031244824302, 11.394699407829538], [76.61031143043384, 11.394518604352479], [76.61021980446675, 11.394519106429874], [76.61021929560707, 11.394428704686852]]], [[[76.61514871771536, 11.391147096350371], [76.61514769718428, 11.390966293259586], [76.61523932179492, 11.390965789789803], [76.61524034237989, 11.391146592880586], [76.61514871771536, 11.391147096350371]]], [[[76.62141710248812, 11.397802487384956], [76.62150872900318, 11.397801981669383], [76.62150924159087, 11.397892382891381], [76.62141761504886, 11.397892888606954], [76.62141710248812, 11.397802487384956]]], [[[76.61514871771536, 11.391147096350371], [76.6151497382644, 11.391327899441157], [76.61505811353699, 11.391328402892974], [76.61505862378905, 11.391418804438366], [76.61496699902571, 11.391419307863234], [76.61496750925082, 11.39150970941761], [76.61487588446053, 11.391510212824512], [76.6148763946587, 11.391600614378888], [76.61478476983247, 11.39160111775884], [76.61478579019285, 11.391781920867592], [76.61506066483325, 11.391780410628918], [76.61506117511226, 11.39187081217431], [76.61524442490845, 11.391869805189828], [76.61524493524136, 11.391960206726235], [76.61533656016641, 11.391959703193569], [76.61533707053526, 11.392050104720996], [76.61552032042128, 11.392049097556848], [76.615520830853, 11.392139499075292], [76.61561245582297, 11.39213899544381], [76.61561296628165, 11.392229396962254], [76.61570459127856, 11.392228893303823], [76.61570510177316, 11.392319294813284], [76.61579672678805, 11.392318791118921], [76.61579774785811, 11.39249959413784], [76.61588937292689, 11.39249909039856], [76.61588988349337, 11.392589491908021], [76.61598150858909, 11.392588988141792], [76.61598201918251, 11.39267938964227], [76.61607364430519, 11.392678885840109], [76.61607415494352, 11.392769287331602], [76.6162574052248, 11.392768279646432], [76.61625791591705, 11.392858681128942], [76.61644116624325, 11.392857673318009], [76.61644065548812, 11.392767271835497], [76.61662390573348, 11.392766263916766], [76.61662339493343, 11.392675862452222], [76.61671502002018, 11.392675358452431], [76.6167145091842, 11.392584956987887], [76.6168977592948, 11.39258394890746], [76.61689673752406, 11.392403145996337], [76.61698836251198, 11.392402641924681], [76.6169888734288, 11.392493043380243], [76.61708049843469, 11.392492539272654], [76.61708356416916, 11.393034947970087], [76.61717518934573, 11.3930344438086], [76.6171757003434, 11.393124845255178], [76.61726732555591, 11.393124341066741], [76.61726885866568, 11.393395545379525], [76.61736048395007, 11.393395041146173], [76.61736099502858, 11.393485442574784], [76.61745262033989, 11.393484938314483], [76.61745415367426, 11.393756142591334], [76.6175457790754, 11.393755638295099], [76.61754986838623, 11.394478849652124], [76.617641494003, 11.394478345284025], [76.61764200521625, 11.39456874669467], [76.61773363086893, 11.394568242299622], [76.61773414211812, 11.394658643710267], [76.61782576778877, 11.394658139279285], [76.61782627906491, 11.394748540680947], [76.61810115614873, 11.394747027199356], [76.6181016675147, 11.394837428592036], [76.61846817034102, 11.39483541021234], [76.61846868183275, 11.39492581158705], [76.6185603075573, 11.394925306913525], [76.61856081908498, 11.395015708279255], [76.61874407057898, 11.395014698842369], [76.6187450937511, 11.395195501564844], [76.6188367195565, 11.395194996792503], [76.618837231174, 11.39528539814925], [76.61892885699737, 11.39528489334996], [76.61892936865978, 11.395375294697722], [76.61902099450111, 11.395374789862498], [76.61902150619048, 11.395465191210262], [76.61911313206774, 11.395464686339105], [76.61911364379304, 11.395555087686867], [76.61920526968827, 11.395554582779779], [76.61920578144051, 11.39564498411856], [76.61948065919806, 11.395643469235598], [76.61948117104913, 11.39573387055641], [76.61966442292042, 11.395732860481722], [76.6196649348254, 11.395823261802535], [76.6197565607835, 11.395822756715784], [76.6197570727244, 11.395913158027614], [76.61984869870945, 11.395912652913912], [76.61984921068628, 11.39600305421676], [76.62012408869535, 11.396001538678027], [76.62012357662869, 11.395911137393147], [76.62039845452098, 11.39590962161187], [76.62039794237347, 11.395819220326988], [76.62048956829565, 11.395818715015658], [76.62048905613017, 11.39572831373976], [76.62067230790265, 11.395727303036251], [76.6206712834639, 11.395546500502421], [76.62076290928727, 11.395545995110242], [76.62076239704093, 11.395455593843328], [76.62085402282837, 11.395455088433183], [76.62085351056407, 11.39536468717525], [76.62094513632455, 11.395364181738156], [76.62094462402433, 11.395273780480226], [76.62103624974888, 11.395273275025165], [76.62103573743967, 11.395182873767233], [76.62121898881689, 11.395181862767279], [76.62121847644481, 11.395091461518332], [76.6213101020975, 11.395090955982422], [76.62130958969846, 11.395000554742456], [76.6215844665487, 11.394999037973031], [76.62158395406881, 11.39490863674205], [76.62176720522146, 11.394907625427686], [76.62176669268767, 11.394817224205687], [76.62194994376846, 11.394816212783526], [76.62194943118077, 11.394725811561527], [76.62204105668074, 11.394725305819005], [76.62204054407509, 11.39463490460599], [76.62222379501213, 11.394633893031115], [76.62222328234361, 11.394543491818098], [76.62231490778069, 11.394542985994729], [76.6223143950942, 11.394452584790695], [76.62258927127968, 11.394451067158888], [76.62258875850335, 11.39436066596384], [76.62313851057789, 11.394357629954623], [76.62313799763986, 11.394267228786523], [76.6232296229422, 11.394266722684675], [76.62322910997722, 11.394176321525558], [76.6233207352526, 11.39417581539676], [76.62331970927774, 11.393995013078527], [76.62341133448126, 11.393994506931763], [76.62341030847047, 11.393813704622513], [76.62350193361111, 11.393813198457783], [76.62350142058324, 11.393722797298667], [76.62368467080164, 11.393721784897341], [76.62368364464712, 11.393540982606057], [76.62377526968893, 11.393540476369463], [76.62377424348949, 11.393359674078178], [76.62386586846843, 11.393359167823617], [76.62386843414671, 11.393811173520385], [76.62377680902404, 11.393811679792913], [76.62377834839508, 11.394082883216365], [76.62386997360758, 11.394082376925871], [76.62387099993279, 11.39426317919919], [76.6239626251992, 11.394262672872761], [76.62396365160527, 11.394443475137097], [76.62405527692557, 11.394442968765754], [76.62405630340349, 11.394623771021106], [76.6241479287777, 11.394623264622814], [76.62414895533647, 11.394804066860198], [76.62424058076458, 11.39480356041699], [76.62424109407091, 11.394893961540175], [76.62442434497203, 11.394892948563928], [76.62442537172844, 11.395073750783347], [76.62460862272836, 11.395072737681335], [76.62460913616945, 11.395163138777571], [76.62497563822322, 11.395161112223205], [76.62497666535691, 11.395341914379742], [76.62506829091976, 11.395341407658057], [76.62506931811633, 11.39552220980561], [76.62497769249958, 11.395522716536279], [76.62497717892376, 11.395432315458011], [76.62488555332497, 11.395432822152747], [76.62488503978508, 11.395342421065495], [76.62451853747979, 11.395344447547995], [76.62451802405667, 11.395254046442776], [76.62433477293096, 11.395255059499872], [76.62433425957971, 11.395164658394654], [76.62415100848995, 11.395165671325985], [76.6241504951926, 11.395075270211786], [76.62396724415673, 11.395076283026334], [76.62396673092226, 11.394985881903152], [76.62360022890442, 11.394987907163943], [76.62360074202212, 11.395078308305093], [76.62314261425279, 11.395080839272474], [76.62314312722674, 11.39517124043159], [76.6228682504304, 11.395172758683234], [76.62286876332351, 11.395263159851334], [76.6227771376888, 11.395263665881318], [76.62277765055497, 11.3953540670584], [76.62268602488432, 11.395354573070417], [76.6226865377325, 11.3954449742475], [76.62259491203491, 11.395445480232567], [76.62259542485616, 11.39553588140965], [76.62241217337113, 11.395536893298935], [76.62241268613849, 11.395627294493984], [76.62222943459058, 11.39562830626649], [76.62222994730402, 11.395718707470522], [76.62204669567527, 11.39571971914421], [76.62204720833482, 11.395810120348244], [76.6219555824845, 11.395810626144664], [76.6219560951261, 11.39590102735768], [76.62186446923985, 11.395901533127152], [76.62186498185449, 11.395991934340167], [76.62168173001014, 11.395992945816229], [76.62168224257087, 11.396083347038227], [76.62140736469655, 11.39608486403223], [76.62140787717644, 11.396175265272195], [76.62131625117341, 11.39617577087997], [76.62131676362634, 11.396266172119935], [76.6211335115664, 11.396267183272602], [76.62113402396544, 11.396357584512566], [76.62104239789953, 11.39635809005746], [76.62104291027163, 11.396448491306408], [76.62095128416978, 11.396448996815367], [76.62095230886905, 11.396629799322247], [76.6208606827133, 11.396630304813241], [76.62086170737663, 11.39681110732012], [76.62077008114903, 11.396811612793147], [76.62077161808564, 11.397082816566941], [76.6206799917682, 11.397083322022002], [76.62067947948594, 11.396992920755089], [76.62058785319546, 11.396993426183199], [76.62058734094015, 11.396903024916286], [76.62049571466764, 11.396903530308464], [76.62049469022888, 11.396722727765653], [76.62040306401924, 11.396723233112915], [76.62040152747791, 11.396452029285221], [76.62021827521134, 11.396453039880933], [76.62021776309977, 11.396362638596052], [76.62012613698894, 11.3963631438445], [76.6201256249133, 11.396272742559619], [76.62003399882045, 11.396273247772136], [76.62003348678074, 11.396182846478272], [76.61966698250814, 11.396184867049858], [76.61966647057622, 11.396094465738026], [76.61948321848034, 11.396095475848648], [76.61948270661131, 11.396005074527833], [76.6190245764255, 11.39600759926989], [76.6190240647092, 11.39591719793111], [76.6189324386882, 11.395917702784299], [76.61893295036859, 11.396008104132063], [76.61874969825475, 11.396009113775559], [76.61875020989021, 11.396099515132306], [76.61865858379736, 11.39610001991363], [76.61865909540587, 11.396190421270376], [76.6185674692771, 11.396190926024751], [76.6185669577045, 11.396100524668006], [76.61847533160267, 11.396101029395432], [76.61847379697473, 11.39582982528926], [76.61838217095374, 11.39583032997177], [76.61838165945302, 11.39573992860604], [76.61819840745595, 11.395740937872246], [76.61819789601812, 11.395650536497532], [76.61810627004203, 11.395651041090211], [76.61810575863115, 11.395560639697532], [76.61783088076581, 11.395562153286921], [76.61783036945373, 11.395471751885259], [76.61755549164229, 11.395473265205153], [76.61755600287351, 11.395563666615798], [76.61737275091238, 11.39556467536098], [76.61737223974404, 11.395474273941351], [76.61728061378594, 11.395474778264536], [76.61727959151213, 11.395293975416296], [76.61718796560791, 11.39529447971253], [76.61718592122199, 11.394932873989102], [76.61709429543457, 11.394933378231437], [76.617093784383, 11.394842976793843], [76.61700215861353, 11.394843481009229], [76.61700164758892, 11.394753079571634], [76.6167267703524, 11.394754592020162], [76.6167262594266, 11.394664190564601], [76.61663463370205, 11.394664694654223], [76.6166341228032, 11.394574293198662], [76.61590111706973, 11.394578324837656], [76.615901627744, 11.39466872632915], [76.61571837620507, 11.394669733969405], [76.61571786560266, 11.394579332468927], [76.61562623986015, 11.394579836235156], [76.61562521870923, 11.394399033234203], [76.61553359302061, 11.394399536964498], [76.6155330824811, 11.394309135455039], [76.61544145681044, 11.394309639158385], [76.61544094630686, 11.394219237639941], [76.61525769501947, 11.39422024494782], [76.61525718457875, 11.394129843429377], [76.61507393333628, 11.39413085061149], [76.61507342294946, 11.394040449084065], [76.61498179735068, 11.394040952634697], [76.61498128700877, 11.393950551098287], [76.61470641026634, 11.393952061552556], [76.61470590000529, 11.39386165999818], [76.61461427445143, 11.393862163423048], [76.61461325401018, 11.393681360314297], [76.61452162850122, 11.393681863703232], [76.6145221386904, 11.393772265266591], [76.6144305131545, 11.393772768628578], [76.61443102331674, 11.393863170182954], [76.61397289541266, 11.393865686588644], [76.61397340543117, 11.393956088169968], [76.61369852855397, 11.393957597689989], [76.61369903849163, 11.394047999280296], [76.61360741282996, 11.394048502399738], [76.61360792274965, 11.394138903990045], [76.61351629705206, 11.394139407082537], [76.61351680694479, 11.394229808690811], [76.61342518121127, 11.394230311756354], [76.61342569107705, 11.394320713355645], [76.61324243954711, 11.394321719423848], [76.61324192973522, 11.394231317806591], [76.61315030399271, 11.394231820791285], [76.6131492844408, 11.39405101755677], [76.6130576587432, 11.394051520505531], [76.61305714900317, 11.393961118888273], [76.61314877466484, 11.39396061593951], [76.61314826490685, 11.393870214322254], [76.61305663927213, 11.393870717262033], [76.61305561981005, 11.393689914018534], [76.61296399422923, 11.393690416913396], [76.612962974848, 11.393509613660914], [76.61287134932108, 11.393510116528828], [76.61287083966191, 11.393419714893604], [76.61259596314405, 11.393421223308696], [76.61259545358368, 11.393330821655507], [76.61250382810168, 11.393331324397655], [76.61250331856826, 11.393240922753447], [76.61241169310424, 11.393241425459664], [76.61241118360675, 11.393151023806475], [76.61231955816966, 11.39315152648574], [76.61231853924657, 11.392970723161394], [76.61222691386338, 11.392971225804729], [76.61222640442878, 11.392880824133572], [76.61213477907255, 11.392881326749956], [76.61213426967389, 11.392790925078799], [76.6114928922521, 11.39279444250416], [76.61149340144415, 11.392884844202266], [76.61140177605198, 11.39288534658509], [76.61140228521708, 11.392975748283195], [76.61131065979797, 11.392976250639068], [76.61131116893611, 11.393066652346157], [76.61121954348107, 11.39306715467508], [76.61122005260125, 11.393157556391152], [76.61112842710129, 11.393158058693126], [76.61112944529674, 11.393338862116288], [76.61103781974288, 11.393339364400296], [76.61103832881815, 11.393429766116368], [76.61094670322835, 11.39343026838241], [76.61094721227667, 11.393520670098482], [76.61085558665992, 11.393521172337575], [76.6108560956813, 11.39361157406263], [76.61067284436696, 11.393612578459965], [76.61067335334342, 11.39370298018502], [76.61058172764582, 11.39370348235225], [76.61058223659532, 11.393793884086287], [76.61049061087078, 11.39379438621758], [76.61049111979334, 11.39388478795162], [76.61039949403286, 11.393885290064947], [76.61040000292847, 11.39397569180797], [76.61030837714104, 11.393976193894348], [76.61030888600969, 11.39406659563737], [76.61021726018633, 11.3940670976968], [76.61021929560707, 11.394428704686852], [76.60985279180159, 11.394430712717956], [76.60984923067319, 11.39379790036409], [76.60994085643367, 11.393797398430426], [76.6099403476818, 11.393706996669438], [76.61003197340634, 11.393706494708823], [76.61003095587563, 11.393525691186847], [76.6101225815373, 11.393525189208267], [76.61012054640402, 11.39316358218228], [76.6102121719489, 11.393163080185733], [76.61021115434633, 11.392982276681725], [76.61030277982833, 11.392981774667211], [76.61030176218983, 11.3928009711632], [76.61039338759997, 11.392800469130721], [76.61039084344532, 11.392348460388662], [76.61029921816993, 11.392348962394193], [76.61029870938212, 11.392258560642189], [76.61020708413368, 11.39225906262077], [76.61020657537281, 11.392168660859781], [76.61011495015133, 11.392169162811413], [76.6101144414264, 11.392078761050424], [76.60983956582481, 11.392080266707689], [76.60983905718972, 11.391989864928735], [76.60965580682759, 11.39199086855352], [76.60965529825538, 11.391900466765582], [76.60947204792917, 11.391901470264603], [76.60947153941984, 11.391811068467682], [76.60928828913856, 11.391812071849921], [76.60928778069211, 11.391721670044019], [76.6090129053151, 11.391723174883817], [76.60901239695849, 11.39163277306893], [76.60882914674907, 11.391633776145742], [76.6088281301616, 11.391452972489018], [76.60873650511078, 11.391453473982509], [76.60873701336858, 11.391543875806379], [76.6085537631951, 11.39154487870353], [76.60855427139902, 11.391635280545366], [76.60837102114468, 11.391636283334716], [76.60837152929469, 11.391726685176552], [76.60827990413608, 11.391727186535297], [76.60828092039118, 11.391907990227953], [76.60818929516968, 11.39190849156873], [76.60818980327478, 11.391998893419549], [76.60800655275993, 11.39199989601127], [76.60800706081113, 11.392090297871073], [76.60791543551777, 11.392090799131003], [76.60791594354201, 11.392181200990805], [76.60782431821272, 11.392181702232767], [76.607824826219, 11.39227210409257], [76.60773320086277, 11.392272605307582], [76.60773472481871, 11.39254381091394], [76.60764309936366, 11.392544312102004], [76.60764360732502, 11.392634713979772], [76.60755198184302, 11.39263521514987], [76.60755248977743, 11.392725617018655], [76.6074608642595, 11.392726118170785], [76.60746137217595, 11.392816520048555], [76.60736974662208, 11.392817021164753], [76.60736873085207, 11.392636217400232], [76.60727710535211, 11.392636718480498], [76.60727608966295, 11.392455914706993], [76.60718446421687, 11.392456415751326], [76.60718395639925, 11.39236601385559], [76.60709233098012, 11.392366514872974], [76.60709182319843, 11.392276112977239], [76.60700019780626, 11.392276613958689], [76.60699969006049, 11.392186212053971], [76.60654156315356, 11.392188716512067], [76.6065410555605, 11.392098314589383], [76.60663268092571, 11.392097813760646], [76.60663166568571, 11.391917009915275], [76.60672329097908, 11.391916509068572], [76.6067227833411, 11.391826107145887], [76.60708928437079, 11.391824103480596], [76.60708877662503, 11.391733701575877], [76.60727202705903, 11.391732699577043], [76.60727151925038, 11.391642297681308], [76.60736314442696, 11.391641796645958], [76.60736212877373, 11.39146099286347], [76.6074537538964, 11.39146049180117], [76.60745324604284, 11.39137008991442], [76.60763649620733, 11.391369087717957], [76.6076354804014, 11.391188283962418], [76.60772710542525, 11.391187782828254], [76.60772558165796, 11.390916577194947], [76.60781720659199, 11.390916076042815], [76.60781669864859, 11.39082567417403], [76.60772507375049, 11.390826175317178], [76.6077235500371, 11.390554969674888], [76.60763192521985, 11.390555470782102], [76.6076314173573, 11.39046506889535], [76.607539792567, 11.390465569966633], [76.6075392847314, 11.390375168070896], [76.60735603518674, 11.39037617012363], [76.60735552742301, 11.390285768227894], [76.60708065315991, 11.390287271073433], [76.60708014548601, 11.39019686915973], [76.60643877226833, 11.390200374772245], [76.60643927975359, 11.390290776712897], [76.6063476549543, 11.390291277406886], [76.60634866987093, 11.39047208129717], [76.60625704501774, 11.390472581964213], [76.6062575524491, 11.390562983913846], [76.60616592755999, 11.39056348456292], [76.60616694237777, 11.390744288462189], [76.60607531743476, 11.390744789084314], [76.60607633221663, 11.390925592992565], [76.60598470720174, 11.390926093596724], [76.60598521457023, 11.391016495555341], [76.60589358952839, 11.39101699613255], [76.60589409686992, 11.391107398091167], [76.60580247179216, 11.391107898650409], [76.60580297910673, 11.39119830061801], [76.60561972888833, 11.391199301655647], [76.60561922162766, 11.391108899679063], [76.6057108467144, 11.391108399182702], [76.60570983214814, 11.390927595247502], [76.60580145717199, 11.390927094724193], [76.6057999352642, 11.390655888830373], [76.60570831033017, 11.390656389335717], [76.60570475957732, 11.390023575535563], [76.60561313484092, 11.390024075987009], [76.60561262763414, 11.389933674010425], [76.60524612876041, 11.389935675510777], [76.60524663584143, 11.390026077505327], [76.6050633863237, 11.390027078093807], [76.60506287928762, 11.389936676099257], [76.60515450402401, 11.389936175818491], [76.60515298287082, 11.389664969816875], [76.60506135822425, 11.389665470079674], [76.60506034419697, 11.389484666072608], [76.6049687196043, 11.389485166299472], [76.60496821263109, 11.389394764286957], [76.60487658805638, 11.389395264486874], [76.6048760811191, 11.389304862474358], [76.60478445657135, 11.389305362629358], [76.60478344275967, 11.389124558595343], [76.60450856926913, 11.38912605888068], [76.60450806245761, 11.389035656850199], [76.60404994003325, 11.389038156744853], [76.60404943336547, 11.388947754696405], [76.60386618442267, 11.388948754440468], [76.60386466462593, 11.388677548250206], [76.60395628901199, 11.388677048400632], [76.60395426256542, 11.38831544016192], [76.60404588682572, 11.388314940303363], [76.60404436694812, 11.388043734122084], [76.60413599111858, 11.388043234245561], [76.60413396455523, 11.387681626015834], [76.6042255886179, 11.387681126130326], [76.60422406865047, 11.387409919967014], [76.6043156926143, 11.387409420054558], [76.60431366594317, 11.387047811842796], [76.60449691362831, 11.387046811981952], [76.60449640690663, 11.386956409933504], [76.60467965451991, 11.386955409964862], [76.60467914775332, 11.386865007925396], [76.60477077151953, 11.386864507905143], [76.60477026472599, 11.386774105865676], [76.60486188846525, 11.386773605818474], [76.60486239528575, 11.386864007848956], [76.60495401904299, 11.38686350776582], [76.60495452589942, 11.386953909796304], [76.60486290210625, 11.38695440987944], [76.60486543630756, 11.387406420022868], [76.60495706024446, 11.387405919921767], [76.60495807401122, 11.387586723964766], [76.60504969800202, 11.387586223818749], [76.60505020492134, 11.387676625840248], [76.6051418289301, 11.387676125667282], [76.60514233588535, 11.387766527679798], [76.60523395992107, 11.387766027470898], [76.60523446690325, 11.38785642947443], [76.60532609096592, 11.387855929238581], [76.60532710501117, 11.388036733245649], [76.60541872912773, 11.388036232973866], [76.60541923618179, 11.388126634968415], [76.60551086031631, 11.388126134660702], [76.60551136740631, 11.388216536655252], [76.60560299157677, 11.388216036311604], [76.60560349869371, 11.388306438297171], [76.60569512288214, 11.388305937926575], [76.605695630044, 11.388396339912141], [76.60587887846577, 11.388395339072135], [76.60587938568153, 11.388485741039736], [76.60597100991487, 11.388485240579307], [76.60597151716657, 11.388575642546908], [76.60615476567817, 11.388574641518254], [76.60615527299274, 11.388665043476871], [76.60624689727099, 11.38866454291763], [76.6062474046215, 11.388754944876245], [76.6066139018064, 11.388752942324865], [76.60661440927369, 11.388843344265517], [76.60670603358788, 11.38884284355356], [76.60670552609365, 11.388752441621893], [76.60688877465016, 11.388751440117131], [76.60688928220728, 11.3888418420488], [76.6072557793832, 11.388839838679951], [76.60725527171827, 11.38874943676625], [76.60743852022988, 11.38874843492013], [76.60743801250207, 11.38865803301541], [76.60762126094181, 11.388657031070476], [76.60762075316012, 11.38856662917474], [76.607804001519, 11.388565627113024], [76.60780349369239, 11.388475225226271], [76.60798674197042, 11.38847422306574], [76.60798623408992, 11.388383821178989], [76.60807785819749, 11.388383320062792], [76.60807684238257, 11.388202516307253], [76.60816846642727, 11.388202015164104], [76.60816897436167, 11.388292417041875], [76.60826059843332, 11.388291915862794], [76.60826161436503, 11.388472719600365], [76.60835323849058, 11.388472218394336], [76.6083557785489, 11.388924227711316], [76.60844740280919, 11.388923726460371], [76.60844841892056, 11.389104530170993], [76.60854004323475, 11.389104028875131], [76.6085415675141, 11.389375234436573], [76.60863319191812, 11.389374733095796], [76.60863370005016, 11.389465134946615], [76.60872532447215, 11.38946463357889], [76.60872583264012, 11.389555035420726], [76.60881745708906, 11.389554534017067], [76.60881796528398, 11.389644935858904], [76.60918446315159, 11.389642929947824], [76.60918395483091, 11.389552528123954], [76.60936720368387, 11.389551525011209], [76.60936771204948, 11.389641926826094], [76.60945933649842, 11.389641425215823], [76.60946187856896, 11.390093434254325], [76.60973675232002, 11.390091929207916], [76.60973726082936, 11.390182331004835], [76.61028700838537, 11.390179320112514], [76.61028649969637, 11.390088918342544], [76.61046974878289, 11.39008791449318], [76.6104717837904, 11.390449521537132], [76.61056340844596, 11.390449019549568], [76.61056391724276, 11.390539421301574], [76.61065554191627, 11.39053891928706], [76.61065605074, 11.390629321039064], [76.61074767544946, 11.390628818988619], [76.61074818430913, 11.39071922073164], [76.61083980903655, 11.390718718654245], [76.61084031792318, 11.390809120388283], [76.61093194267754, 11.390808618274955], [76.6109324516001, 11.390899020008995], [76.61102407638141, 11.390898517868717], [76.6110245853399, 11.390988919593772], [76.61111621013919, 11.390988417417562], [76.6111167191336, 11.391078819142617], [76.61129996877709, 11.391077814691382], [76.61130047783439, 11.391168216407454], [76.6113921026786, 11.391167714132429], [76.61139261177183, 11.391258115848501], [76.6116674863673, 11.391256608843765], [76.61166697720219, 11.391166207145659], [76.61185022685466, 11.391165202335097], [76.61184971762667, 11.391074800645974], [76.61194134241697, 11.39107429820027], [76.61194083317102, 11.390983896511147], [76.6126738311251, 11.390979875993295], [76.61267332164557, 11.390889474340105], [76.61276494634605, 11.390888971642871], [76.61276443683958, 11.390798569989682], [76.61285606150412, 11.390798067283466], [76.61285402342436, 11.390436460670704], [76.61276239887661, 11.390436963367938], [76.6127618893971, 11.390346561714749], [76.61285351390892, 11.390346059017515], [76.61285249490498, 11.390165255711134], [76.6129441193629, 11.390164752995934], [76.61294462888733, 11.390255154649125], [76.61321950232397, 11.390253646323865], [76.61321899270074, 11.39016324468864], [76.61340224158064, 11.390162239006713], [76.6134017319035, 11.39007183737149], [76.61358498070256, 11.390070831581765], [76.6135844709805, 11.389980429964508], [76.6136760953486, 11.38997992702473], [76.61367456611055, 11.389708722172957], [76.6137661903888, 11.389708219224195], [76.61376313185883, 11.389165809511667], [76.61385475595742, 11.389165306553922], [76.61385373642348, 11.388984503328391], [76.61394536045918, 11.38898400035268], [76.61394485067424, 11.388893598735422], [76.61403647467402, 11.388893095741745], [76.6140385139665, 11.389254702174842], [76.61413013807407, 11.389254199127267], [76.61413064793987, 11.389344600726558], [76.6142222720744, 11.389344097652033], [76.61422329186885, 11.389524900850615], [76.61440654024571, 11.389523894593767], [76.6144080701485, 11.389795099355707], [76.61431644587024, 11.389795602511082], [76.6143174657725, 11.389976405691698], [76.61422584144034, 11.389976908829105], [76.61422839111066, 11.390428916789629], [76.61413676662578, 11.390429419918053], [76.61413778647415, 11.390610223107652], [76.61404616192638, 11.390610726209127], [76.61404718172983, 11.39079152940771], [76.6139555571192, 11.390792032491218], [76.61395657688671, 11.390972835689801], [76.61404820155124, 11.39097233259731], [76.61404871146195, 11.3910627341966], [76.61414033615343, 11.391062231068176], [76.61414084610007, 11.391152632658484], [76.61432409552795, 11.391151626311803], [76.61432460553746, 11.39124202789313], [76.61450785500128, 11.391241021429668], [76.61450836507369, 11.39133142300201], [76.61487486406419, 11.391329409706778], [76.61487435387501, 11.391239008152402], [76.61505760328492, 11.391238001338598], [76.61505709304184, 11.391147599793205], [76.61514871771536, 11.391147096350371]], [[76.60753369885425, 11.389380747244758], [76.60762532329422, 11.389380246227375], [76.60762583111183, 11.389470648114127], [76.60753420663595, 11.389471149140494], [76.60753369885425, 11.389380747244758]], [[76.60809004926116, 11.390552964976532], [76.60818167406045, 11.390552463725587], [76.60818218210265, 11.39064286558539], [76.60809055727643, 11.390643366836336], [76.60809004926116, 11.390552964976532]], [[76.60964919573914, 11.390815645283384], [76.6097408205474, 11.390815143538365], [76.60974132910165, 11.390905545335285], [76.60964970425745, 11.390906047080303], [76.60964919573914, 11.390815645283384]]], [[[76.62077161808564, 11.397082816566941], [76.62095487070253, 11.39708180556699], [76.62095538308361, 11.397172206815936], [76.62113863574542, 11.397171195699203], [76.62113966063333, 11.397351998179133], [76.62123128701364, 11.397351492571358], [76.62123179949354, 11.397441893802341], [76.62132342589182, 11.397441388158633], [76.62132496344826, 11.397712591842597], [76.62123333695116, 11.397713097504269], [76.62123231197343, 11.397532295033322], [76.6211406855392, 11.39753280065008], [76.6211401730773, 11.397442399419099], [76.62104854667002, 11.397442904999924], [76.62104803424404, 11.397352503759958], [76.62095640785473, 11.397353009313834], [76.62095589546468, 11.397262608064885], [76.62086426910233, 11.397263113582829], [76.62086375674821, 11.39717271233388], [76.62077213040382, 11.397173217824873], [76.62077161808564, 11.397082816566941]]], [[[76.62132496344826, 11.397712591842597], [76.62141658993637, 11.397712086162956], [76.62141710248812, 11.397802487384956], [76.62132547597307, 11.397802993073578], [76.62132496344826, 11.397712591842597]]]]}, "id": "+7510+4078", "properties": {"count": 4789, "water": 1}}, {"type": "Feature", "geometry": {"geodesic": false, "type": "Polygon", "coordinates": [[[76.60341704768442, 11.42321460360864], [76.60378358956947, 11.423212598622824], [76.60378409771948, 11.423303000482626], [76.60415063964948, 11.423300995020705], [76.60414962312488, 11.423120191346015], [76.60424125854225, 11.423119689915406], [76.60423973370595, 11.422848484407863], [76.60433136902451, 11.422847982959288], [76.60433086073077, 11.422757581126435], [76.60442249602237, 11.422757079659895], [76.60442147938099, 11.422576275994189], [76.60451311460073, 11.422575774509681], [76.60451260626208, 11.422485372676828], [76.60469587664765, 11.422484369626964], [76.60469740186124, 11.422755575080608], [76.60478903713488, 11.422755073497287], [76.60479005402779, 11.422935877118077], [76.60497332467388, 11.422934873852618], [76.60497383318321, 11.423025275658523], [76.6051571038742, 11.423024272267298], [76.60515761244643, 11.423114674055237], [76.60534088317337, 11.423113670547233], [76.60534037454725, 11.423023268759295], [76.60552364520233, 11.42302226513451], [76.60552415389132, 11.423112666913465], [76.60579905992783, 11.4231111612562], [76.605798551149, 11.423020759495213], [76.60589018645857, 11.423020257552563], [76.60588458989146, 11.422025838127796], [76.60597622487764, 11.422025336203115], [76.60597571608983, 11.421934934433144], [76.60606735104008, 11.421934432490495], [76.6060668422343, 11.421844030729508], [76.6062501120719, 11.42184302675438], [76.60625062093158, 11.421933428506385], [76.60634225587285, 11.421932926473906], [76.60634378257764, 11.422204131720937], [76.60643541759974, 11.42220362964354], [76.60643592654027, 11.422294031386564], [76.6066191966294, 11.422293027150923], [76.60661970563281, 11.422383428884961], [76.60680297575787, 11.422382424514575], [76.60680399389045, 11.422563227973669], [76.6065290885187, 11.4225647345023], [76.60652959750414, 11.422655136236338], [76.60643796234727, 11.42265563835865], [76.60643898027324, 11.42283644183571], [76.60634734504453, 11.422836943940055], [76.60634785398504, 11.422927345683076], [76.60625621872937, 11.422927847760471], [76.60625672765194, 11.423018249512477], [76.60616509236033, 11.423018751562923], [76.60616611014257, 11.423199555066933], [76.60607447478807, 11.423200057099413], [76.60607651030763, 11.423561664107432], [76.60534342639376, 11.423565679468954], [76.60534444370887, 11.423746483035846], [76.60525280814778, 11.423746984843746], [76.60525229951268, 11.42365658305581], [76.60470248620898, 11.423659593229477], [76.60470299466441, 11.423749995035381], [76.60451972347035, 11.423750998211009], [76.6045192150688, 11.423660596387139], [76.60442757948975, 11.423661097925544], [76.60442707112415, 11.423570696101674], [76.60433543557203, 11.423571197613132], [76.60433492724236, 11.423480795780279], [76.60387674957161, 11.423483302861456], [76.60387624138568, 11.423392901010637], [76.60341806375087, 11.423395407355194], [76.60341704768442, 11.42321460360864]]]}, "id": "+7523+3690", "properties": {"count": 253, "water": 1}}, {"type": "Feature", "geometry": {"geodesic": false, "type": "Polygon", "coordinates": [[[76.60575017465212, 11.4307054098642], [76.605933450203, 11.430704405323132], [76.60593294103789, 11.43061400360706], [76.60602457877292, 11.430613501296103], [76.60602406958985, 11.430523099589013], [76.6062989826961, 11.430521592494445], [76.6062984734232, 11.43043119079634], [76.60639011108636, 11.430430688377584], [76.6063896017865, 11.43034028668846], [76.60657287704993, 11.430339281770102], [76.60657236769619, 11.430248880089962], [76.60666400529645, 11.43024837759036], [76.60666349591575, 11.43015797591022], [76.6067551334801, 11.430157473392649], [76.60675411468277, 11.429976670023388], [76.60684575217525, 11.429976167487851], [76.60684422392535, 11.429704962447431], [76.60693586133698, 11.42970445989393], [76.60693535190238, 11.429614058222773], [76.6072102640115, 11.429612550391585], [76.60720975448707, 11.429522148729411], [76.60730139181786, 11.429521646068112], [76.60730241092061, 11.429702449383475], [76.60721077353593, 11.42970295205376], [76.60721128306037, 11.429793353715931], [76.60711964563974, 11.42979385636825], [76.6071201551462, 11.429884258030423], [76.60702851768069, 11.42988476065579], [76.6070290271602, 11.429975162326947], [76.6069373896767, 11.429975664916382], [76.60693789912926, 11.430066066596522], [76.60684626160985, 11.430066569167991], [76.60684829934823, 11.430428175870583], [76.60675666170305, 11.430428678424086], [76.60675717112866, 11.430519080104224], [76.60657389576642, 11.430520085148348], [76.60657491450087, 11.43070088851761], [76.60648327675686, 11.430701391008231], [76.60648378610162, 11.430791792697354], [76.60639214832169, 11.430792295152042], [76.6063926576395, 11.430882696850148], [76.60630101983261, 11.43088319928687], [76.60630152912348, 11.430973600984975], [76.60620989128067, 11.430974103394746], [76.60621090982647, 11.431154906790958], [76.60611927192076, 11.431155409182765], [76.60612029042166, 11.43133621258796], [76.60602865245308, 11.431336714961798], [76.60602916168105, 11.431427116668887], [76.60593752367654, 11.431427619015778], [76.6059359960914, 11.431156413885528], [76.60584435817671, 11.431156916187502], [76.60584283071734, 11.430885711039286], [76.60575119287452, 11.430886213305326], [76.60575017465212, 11.4307054098642]]]}, "id": "+7534+3605", "properties": {"count": 78, "water": 1}}, {"type": "Feature", "geometry": {"geodesic": false, "type": "Polygon", "coordinates": [[[76.60687020946463, 11.434315447353018], [76.60696184834948, 11.434314944583921], [76.60696133869929, 11.434224542939713], [76.60705297754824, 11.43422404015265], [76.60705195819395, 11.434043236864234], [76.60751015211521, 11.434040722533654], [76.60751066193609, 11.434131124159894], [76.60741902313207, 11.43413162709069], [76.60741953292599, 11.43422202871693], [76.60751117175695, 11.434221525777152], [76.60751219142566, 11.43440232902065], [76.6074205525318, 11.434402831960428], [76.60742310162719, 11.434854840082648], [76.60733146258961, 11.434855343013444], [76.60733248220441, 11.435036146265926], [76.60724084309496, 11.43503664916977], [76.60724237245877, 11.435307854057475], [76.60715073326848, 11.435308356952339], [76.60714920399451, 11.43503715205565], [76.60705756487607, 11.435037654905596], [76.60705603572787, 11.434766449999925], [76.60696439669927, 11.434766952804955], [76.60696286767683, 11.434495747881318], [76.60687122873806, 11.434496250650415], [76.60687020946463, 11.434315447353018]]]}, "id": "+7536+3555", "properties": {"count": 56, "water": 1}}, {"type": "Feature", "geometry": {"geodesic": false, "type": "Polygon", "coordinates": [[[76.60733656081631, 11.435759359239919], [76.60751983947537, 11.435758353270531], [76.6075203493771, 11.435848754878805], [76.60797854609211, 11.435846239425329], [76.60797905614655, 11.435936641015637], [76.60825397421151, 11.435935131387819], [76.60825448435577, 11.436025532969143], [76.60889595989156, 11.436022009471174], [76.60889544954068, 11.435931607925781], [76.60917036747986, 11.43593009743558], [76.60916985704813, 11.43583969589917], [76.60926149631928, 11.435839192348539], [76.6092609858606, 11.435748790812129], [76.60935262510479, 11.43574828724353], [76.60935211462814, 11.435657885707121], [76.60944375382742, 11.435657382111572], [76.60944273282922, 11.43547657905672], [76.60953437196561, 11.435476075434222], [76.60953386144405, 11.43538567391578], [76.60971713966293, 11.43538466659892], [76.60971765024738, 11.435475068117363], [76.6098092893748, 11.435474564405032], [76.60981133187425, 11.435836170451855], [76.60990297111844, 11.435835666703593], [76.60990348178373, 11.43592606820407], [76.60999512104588, 11.435925564428858], [76.60999563174711, 11.436015965929334], [76.61036218889456, 11.436013950496113], [76.61036167807654, 11.435923549004618], [76.61063659580913, 11.435922037148979], [76.61063710670797, 11.436012438613524], [76.61109530298283, 11.436009918255246], [76.61109581403439, 11.436100319701824], [76.61127909256768, 11.436099311351901], [76.61127960368214, 11.436189712789496], [76.61155452154047, 11.43618820003554], [76.61155401034517, 11.436097798606928], [76.61164564958936, 11.436097294292727], [76.61164513836712, 11.4360068928731], [76.61173677758437, 11.436006388540934], [76.61173524385475, 11.435735184273065], [76.61182688297318, 11.435734679922932], [76.61182381545106, 11.435192271387196], [76.61200709333757, 11.43519126265998], [76.61200760464067, 11.435281664079609], [76.61209924360638, 11.435281159666594], [76.6120997549454, 11.43537156107724], [76.61219139392908, 11.435371056628291], [76.61219190530404, 11.435461458029954], [76.6123751833253, 11.43546044905121], [76.61237569475415, 11.435550850443889], [76.61301716791839, 11.435547318070562], [76.61301665628292, 11.435456916695848], [76.61329157320701, 11.435455402405774], [76.61329106149068, 11.435365001049028], [76.61356597828002, 11.435363486507425], [76.61356649008617, 11.43545388785519], [76.61420796264854, 11.435450352894714], [76.61420693864098, 11.435269550271054], [76.6142985774989, 11.435269045166335], [76.6142975534554, 11.435088242542674], [76.61438919225044, 11.435087737419991], [76.61438816816204, 11.434906934796329], [76.61447980690316, 11.43490642965568], [76.6144792948365, 11.434816028352833], [76.61457093353272, 11.434815523185232], [76.6145704214481, 11.434725121882385], [76.61466206011737, 11.434724616696819], [76.61465898747485, 11.434182208888718], [76.61475062597344, 11.434181703694168], [76.61475011385288, 11.434091302391321], [76.61484175230655, 11.434090797169823], [76.61484124016802, 11.434000395875959], [76.61493287858576, 11.433999890636493], [76.61493185425482, 11.433819088048764], [76.61484021589098, 11.43381959328823], [76.61483970375245, 11.433729191985384], [76.61493134208933, 11.4337286867549], [76.61493031778534, 11.433547884167172], [76.61511359433335, 11.433546873634343], [76.61511308212296, 11.433456472349462], [76.61520472037003, 11.433455967047115], [76.61520420813268, 11.433365565762234], [76.61511256992155, 11.433366071064581], [76.6151115455367, 11.433185268485836], [76.61501990737948, 11.433185773752252], [76.61501888306648, 11.433004971164523], [76.61511052116084, 11.433004465907091], [76.61510898462848, 11.432733262034484], [76.61520062264198, 11.432732756759085], [76.61519806169781, 11.432280750316714], [76.6152896995586, 11.432280245041316], [76.615290211769, 11.432370646326197], [76.61538184964775, 11.432370141014866], [76.61538236188508, 11.432460542290764], [76.61547399979976, 11.432460036943501], [76.61547451207304, 11.432550438228382], [76.61565778792936, 11.432549427435042], [76.61565881261066, 11.432730229977853], [76.6155671746241, 11.432730735387999], [76.61557024858715, 11.433273143007453], [76.61547861042094, 11.433273648417599], [76.61547963505731, 11.43345445096041], [76.61538799682822, 11.43345495635259], [76.61538902141967, 11.433635758895402], [76.61529738313668, 11.433636264269614], [76.61529840768323, 11.43381706682141], [76.61520676932837, 11.433817572177656], [76.61520933064084, 11.434269578566127], [76.61530096913044, 11.434269073200898], [76.61530148143966, 11.434359474476796], [76.61557639698933, 11.434357958183478], [76.61557690937939, 11.43444835944141], [76.6156685479139, 11.434447853950417], [76.61566957277486, 11.434628656457296], [76.61576121136328, 11.43462815093037], [76.61576172383418, 11.434718552179318], [76.61585336244956, 11.43471804661646], [76.6158538749474, 11.434808447865407], [76.61640370672048, 11.434805413859435], [76.61640421939799, 11.434895815081434], [76.61658749668263, 11.434894803515542], [76.61658698394223, 11.434804402302525], [76.61677026114602, 11.434803390619853], [76.61676974836071, 11.43471298941582], [76.61686138693116, 11.43471248353855], [76.61686036130664, 11.43453168113947], [76.61695199980522, 11.43453117523525], [76.616951486975, 11.434440774040201], [76.61704312544664, 11.434440268118017], [76.61704209973227, 11.434259465727918], [76.61713373814104, 11.434258959787767], [76.61713271239074, 11.434078157397668], [76.61722435073662, 11.43407765143955], [76.61722383783453, 11.4339872502445], [76.61731547614447, 11.433986744259434], [76.6173149632244, 11.433896343073368], [76.6174066015074, 11.433895837061351], [76.61740557561338, 11.433715034698203], [76.61768049024677, 11.433713516509439], [76.61767997721891, 11.433623115341339], [76.61804652990172, 11.43362109070937], [76.61804601675708, 11.433530689559236], [76.61822929301765, 11.433529677077061], [76.6182287798191, 11.433439275926927], [76.61841205599882, 11.43343826334594], [76.61841154275535, 11.433347862204789], [76.6185031808048, 11.43334735586938], [76.61850164100257, 11.433076152463894], [76.61877655488136, 11.4330746333319], [76.61877706823262, 11.433165034455085], [76.61886870621018, 11.43316452802086], [76.61886921958839, 11.433254929144045], [76.6189608575929, 11.433254422673887], [76.61896137101601, 11.433344823788088], [76.6190530090385, 11.433344317281998], [76.61905352248857, 11.4334347183962], [76.61896188443015, 11.43343522490229], [76.61896239786225, 11.43352562601649], [76.61905403594761, 11.433525119501418], [76.61905506286571, 11.433705921720836], [76.61887178657821, 11.433706934733015], [76.61887384023474, 11.434068539198803], [76.61896547849977, 11.434068032692712], [76.61896599195882, 11.434158433797931], [76.61887435366684, 11.434158940313004], [76.61887486709895, 11.434249341427204], [76.61878322877104, 11.434249847915329], [76.61878374217619, 11.43434024902953], [76.61869210381235, 11.434340755490704], [76.61869261719953, 11.434431156613888], [76.61860097879976, 11.434431663057095], [76.61860200552023, 11.434612465303463], [76.61851036706655, 11.434612971719721], [76.61851190708438, 11.434884175098258], [76.61860354562788, 11.434883668673017], [76.61860457239327, 11.435064470910401], [76.61869621099068, 11.435063964449228], [76.61869723782793, 11.435244766677629], [76.61860559917662, 11.43524527315677], [76.6186071393741, 11.435516476508356], [76.61869877811525, 11.435515970020232], [76.6186998049974, 11.435696772248635], [76.61879144379245, 11.435696265724578], [76.61879247074647, 11.435877067943997], [76.61870083189754, 11.435877574477036], [76.6187003184385, 11.435787173362835], [76.61860867961651, 11.435787679859942], [76.6186081661934, 11.43569727874574], [76.61851652738937, 11.435697785206916], [76.6185160140022, 11.435607384092714], [76.61842437522513, 11.435607890526938], [76.6184233485316, 11.435427088271586], [76.61824007107629, 11.435428101041222], [76.61823955778792, 11.43533769990007], [76.61796464165434, 11.435339218825453], [76.6179656680604, 11.435520021116737], [76.61787402928334, 11.43552052738028], [76.61787351611174, 11.435430126230148], [76.6173236835302, 11.435433163146662], [76.6173241965311, 11.435523564323745], [76.61723255771811, 11.435524070380678], [76.61723307069207, 11.435614471557761], [76.61714143185212, 11.435614977596726], [76.61714194479913, 11.43570537877381], [76.61705030593222, 11.435705884785826], [76.61705081885229, 11.435796285971891], [76.61695917994946, 11.435796791956959], [76.61695969284257, 11.435887193143024], [76.6168680539038, 11.435887699101142], [76.6168690796541, 11.436068501491242], [76.61677744065246, 11.436069007431392], [76.61677897923298, 11.43634021101654], [76.61668734013251, 11.436340716938725], [76.61668785297172, 11.436431118133775], [76.61659621384432, 11.436431624037994], [76.61659723947783, 11.436612426437076], [76.61650560028752, 11.436612932314345], [76.6165045747169, 11.43643212990628], [76.61641293558051, 11.436432635747616], [76.61641242282215, 11.4363422345346], [76.61632078371271, 11.436342740340004], [76.61632027099925, 11.43625233912699], [76.61622863190777, 11.436252844905443], [76.61622811922128, 11.436162443683443], [76.61613648016574, 11.436162949425967], [76.6161354548646, 11.435982146972986], [76.61604381585397, 11.435982652679574], [76.61604330324832, 11.435892251448593], [76.61595166425566, 11.435892757128231], [76.61595115167695, 11.435802355888267], [76.61585951272023, 11.435802861531974], [76.61585900017747, 11.43571246029201], [76.6157673612387, 11.435712965899784], [76.61576684872288, 11.435622564650835], [76.61558357089925, 11.435623575776553], [76.6155830584553, 11.435533174518621], [76.6153997806676, 11.435534185518575], [76.61539926827754, 11.435443784260643], [76.61484943500429, 11.435446816541852], [76.61484994721468, 11.435537217826731], [76.6146666693641, 11.435538228368545], [76.61466718152958, 11.435628629662409], [76.61448390359816, 11.435629640096423], [76.61448441570074, 11.43572004139927], [76.61420949869581, 11.435721556839189], [76.61421001071756, 11.435811958160002], [76.61393509357787, 11.435813473357374], [76.61393560551878, 11.435903874687172], [76.61384396643628, 11.435904379693074], [76.6138434545313, 11.435813978372261], [76.61366017640225, 11.43581498830322], [76.6136606882623, 11.435905389641999], [76.61347741006138, 11.435906399465159], [76.61347894547983, 11.436177603499464], [76.61338730628056, 11.436178108379604], [76.61338832985693, 11.43635891107513], [76.61329669060375, 11.436359415937304], [76.61329720236499, 11.436449817294049], [76.61320556307588, 11.436450322129273], [76.61320607481915, 11.436540723486019], [76.61293115684403, 11.436542237838975], [76.61293166849747, 11.436632639204705], [76.61284002913649, 11.43663314393213], [76.61284054076297, 11.436723545306842], [76.61274890137506, 11.436724050007319], [76.6127494129746, 11.43681445138203], [76.61265777355074, 11.436814956064541], [76.61265828513231, 11.436905357439253], [76.61238336672601, 11.436906871334068], [76.61238387822672, 11.436997272717765], [76.61220059920834, 11.43699828184024], [76.61220111065516, 11.437088683241901], [76.61210947111454, 11.437089187762714], [76.6121150969757, 11.438083603118113], [76.61220673683972, 11.438083098552385], [76.61221185200864, 11.438987112407306], [76.61230349216014, 11.438986607769712], [76.61230400372374, 11.439077009144425], [76.61248728407163, 11.439075999779405], [76.6124893306225, 11.439437605251305], [76.61239769033627, 11.439438109969748], [76.61239820195377, 11.439528511335476], [76.61230656164058, 11.43952901602697], [76.61230605005002, 11.439438614652257], [76.61212276945959, 11.439439623945411], [76.61212328098726, 11.439530025329107], [76.6120316406561, 11.439530529930769], [76.61202908317944, 11.43907852298534], [76.61193744299202, 11.439079027542087], [76.61193642008939, 11.438898224747746], [76.61184477995586, 11.438898729268558], [76.6118427343123, 11.438537123661911], [76.61175109429556, 11.438537628137809], [76.61175007155462, 11.438356825325503], [76.61156679161097, 11.438357834169498], [76.61156628030788, 11.438267432758854], [76.61147464035402, 11.438267937135937], [76.61147412908686, 11.438177535707325], [76.61129084923304, 11.438178544371658], [76.61129033802875, 11.438088142943046], [76.61119869811982, 11.438088647221315], [76.61119563114568, 11.437546238604732], [76.6111039914074, 11.437546742838084], [76.61110296917852, 11.437365939953912], [76.61101132949415, 11.437366444142347], [76.61101030733711, 11.437185641249192], [76.61082702807619, 11.437186649536233], [76.61082651706054, 11.43709624807169], [76.61064323784454, 11.437097256232967], [76.61064272689178, 11.437006854768423], [76.61027616852263, 11.437008870722668], [76.61027565768666, 11.436918469240156], [76.61000073894797, 11.436919980898168], [76.61000022821082, 11.436829579406675], [76.60981694908463, 11.43683058701998], [76.60981643841036, 11.436740185519502], [76.60935824067126, 11.436742704036233], [76.60935875121078, 11.43683310556366], [76.60917547202172, 11.436834112781705], [76.60917598250734, 11.436924514309132], [76.60899270324641, 11.43692552141938], [76.60899321366915, 11.437015922964772], [76.60871829466097, 11.437017433428023], [76.60871880500287, 11.437107834973416], [76.60853552558922, 11.437108841814169], [76.60853603587722, 11.437199243368545], [76.60826111663548, 11.437200753427554], [76.60826162683364, 11.437291154999896], [76.60816998705046, 11.437291658299], [76.60817049723066, 11.437382059871341], [76.60807885741156, 11.437382563143496], [76.6080793675648, 11.43747296472482], [76.60798772771874, 11.437473467979009], [76.60798823784503, 11.43756386955135], [76.60789659796305, 11.43756437277859], [76.60789608785471, 11.437473971197265], [76.60780444799967, 11.437474474388573], [76.607802407746, 11.43711286802734], [76.60771076799874, 11.43711337117373], [76.60770923794324, 11.43684216638484], [76.60761759827683, 11.436842669495297], [76.6076160683471, 11.436571464688441], [76.60752442876155, 11.436571967753983], [76.60752238903788, 11.436210361320885], [76.60743074956012, 11.436210864341511], [76.60742921989987, 11.435939659498722], [76.60733758051195, 11.435940162483416], [76.60733656081631, 11.435759359239919]]]}, "id": "+7621+3574", "properties": {"count": 1981, "water": 1}}, {"type": "Feature", "geometry": {"geodesic": false, "type": "Polygon", "coordinates": [[[76.6345204986374, 11.46182583380176], [76.63470379159764, 11.461824808518593], [76.63470431133591, 11.461915208752446], [76.63488760433209, 11.461914183352498], [76.63488708453991, 11.46182378312763], [76.63507037746423, 11.461822757619883], [76.63506933777208, 11.461641957188112], [76.63525263056164, 11.461640931581552], [76.63525211066167, 11.46155053137465], [76.63534375702052, 11.461550018535437], [76.63534427694744, 11.461640418733356], [76.63561921608687, 11.46163888001809], [76.6356197361126, 11.461729280216009], [76.63552808970884, 11.461729793145054], [76.63552860969864, 11.461820193342973], [76.63534531681924, 11.461821219138178], [76.63534583676413, 11.461911619336098], [76.6352541902885, 11.46191213220226], [76.63525471020644, 11.462002532400179], [76.63516306369488, 11.462003045239392], [76.63516358358586, 11.462093445446294], [76.63507193703838, 11.462093958258558], [76.63507245691139, 11.46218435846546], [76.63498081032796, 11.462184871250773], [76.63498029049087, 11.462094471034888], [76.63488864394338, 11.462094983793252], [76.63488812413324, 11.462004583568383], [76.63452153799717, 11.462006634278447], [76.6345204986374, 11.46182583380176]]]}, "id": "+7838+3249", "properties": {"count": 31, "water": 1}}, {"type": "Feature", "geometry": {"geodesic": false, "type": "MultiPolygon", "coordinates": [[[[76.63724774178087, 11.410099949089503], [76.63724825992014, 11.410190349529968], [76.63715663015317, 11.410190860698313], [76.6371571482655, 11.410281261129795], [76.63706551847159, 11.410281772280175], [76.63706603655696, 11.410372172720638], [76.63688277689727, 11.41037319494055], [76.6368817408433, 11.410192394041655], [76.63697337061924, 11.410191882954157], [76.63697233452935, 11.410011082064244], [76.63706396424242, 11.41001057095878], [76.63706448230982, 11.410100971399245], [76.63724774178087, 11.410099949089503]]], [[[76.6377131467035, 11.41136299854291], [76.6376215165862, 11.411363509908885], [76.63762099827623, 11.411273109504354], [76.6377126283666, 11.411272598138378], [76.6377131467035, 11.41136299854291]]], [[[76.6437919897271, 11.432664113685481], [76.64379251098353, 11.432754513685772], [76.64370087428158, 11.432755027899407], [76.6437003530521, 11.432664627899117], [76.6437919897271, 11.432664113685481]]], [[[76.6437919897271, 11.432664113685481], [76.64379094721424, 11.432483313693885], [76.64388258382638, 11.432482799462283], [76.6438815412776, 11.432301999470686], [76.64397317782684, 11.432301485221119], [76.64397265653447, 11.432211085229811], [76.64406429304779, 11.432210570953295], [76.64406377172848, 11.432120170961989], [76.64415540820586, 11.432119656667505], [76.6441548868596, 11.432029256685182], [76.64424652331003, 11.432028742354765], [76.6442454805726, 11.4318479423991], [76.64433711696014, 11.431847428050718], [76.64433451004919, 11.431395428157066], [76.64415123755258, 11.431396456781966], [76.64415071624225, 11.431306056790659], [76.64405908002539, 11.431306571049209], [76.6440575162022, 11.43103537107529], [76.6439658800572, 11.431035885288924], [76.6439632739188, 11.430583885287474], [76.64378000191626, 11.430584913606946], [76.64377948076762, 11.430494513597672], [76.64368784478431, 11.43049502770351], [76.64368732366263, 11.430404627694235], [76.64359568770628, 11.43040514176414], [76.64359464553479, 11.430224341727628], [76.64368628142826, 11.430223827657723], [76.64368367592766, 11.42977182756644], [76.64386694741816, 11.429770799381718], [76.6438674685668, 11.429861199399973], [76.6439591043345, 11.429860685258204], [76.64396014670362, 11.430041485267767], [76.64414341833786, 11.430040456894396], [76.64414393959429, 11.430130856885702], [76.64423557543387, 11.4301303426541], [76.64423609671724, 11.430220742645409], [76.64432773258376, 11.430220228368892], [76.64432877522239, 11.430401028342523], [76.6444204111428, 11.430400514039055], [76.64442093249805, 11.430490914021378], [76.64451256843644, 11.43049039968198], [76.64451308982761, 11.43058079965532], [76.64460472579296, 11.430580285288972], [76.64460524722006, 11.430670685262314], [76.64469688321235, 11.430670170851048], [76.6446974046664, 11.43076057082439], [76.64460576863819, 11.43076108522667], [76.64460681151037, 11.430941885173352], [76.64451517541926, 11.430942399557667], [76.64451673966465, 11.431213599477688], [76.6446083758366, 11.431213085075408], [76.64460889729065, 11.431303485048748], [76.64470053348956, 11.431302970610533], [76.64470157646055, 11.431483770539248], [76.64479321271335, 11.431483256065102], [76.64479373423927, 11.43157365602946], [76.64488537051004, 11.431573141519381], [76.6448858920719, 11.431663541474755], [76.64506916466733, 11.431662512373748], [76.64506968628308, 11.431752912320139], [76.64516132259877, 11.43175239772023], [76.64516184425943, 11.431842797657637], [76.64525348060207, 11.431842283030777], [76.64525400228969, 11.431932682959202], [76.64534563865926, 11.43193216829641], [76.64534616037383, 11.432022568233817], [76.64543779677037, 11.432022053535093], [76.64543831852086, 11.432112453454534], [76.64552995493537, 11.432111938728859], [76.64553204211703, 11.432473538406626], [76.64562367863932, 11.432473023636035], [76.64562420047966, 11.432563423546494], [76.6457158370289, 11.432562908739971], [76.64571635889618, 11.43265330865043], [76.64599126862477, 11.432651764042214], [76.64599179058187, 11.432742163934707], [76.64608342717604, 11.43274164900242], [76.64608394916908, 11.432832048894912], [76.64617558578121, 11.432831533935675], [76.64617610781019, 11.432921933819184], [76.64626774444926, 11.432921418824014], [76.64626826651417, 11.433011818707524], [76.6463599031802, 11.433011303676421], [76.64636042527206, 11.433101703559931], [76.64654369865801, 11.433100673398913], [76.64654422081276, 11.433191073273438], [76.64663585752369, 11.433190558152505], [76.64663637971437, 11.433280958009066], [76.64672801645226, 11.4332804428522], [76.64673114983886, 11.43382284200054], [76.64682278674742, 11.433822326789775], [76.64682383130844, 11.434003126493911], [76.6469154682709, 11.434002611247214], [76.64691651290379, 11.434183410933382], [76.64700814992015, 11.434182895650753], [76.6470091946249, 11.43436369532794], [76.64710083169517, 11.434363180009377], [76.64710135408347, 11.43445357984797], [76.64719299118069, 11.434453064493475], [76.64719351360492, 11.434543464323085], [76.64728515072011, 11.434542948932657], [76.64728619564045, 11.434723748591876], [76.64737783280952, 11.434723233165517], [76.64737835530563, 11.434813632986144], [76.64746999250166, 11.43481311752385], [76.64747103756572, 11.434993917156122], [76.6476543120656, 11.434992886141703], [76.64765483466051, 11.435083285953347], [76.64792974645522, 11.435081739198159], [76.64792922377046, 11.434991339404482], [76.64802086100244, 11.434990823771507], [76.64802138371412, 11.435081223556201], [76.64811302096406, 11.435080707887296], [76.64811458921594, 11.43535190724138], [76.64820622654672, 11.435351391527558], [76.64820674933027, 11.435441791312252], [76.64839002404574, 11.435440759794778], [76.64839054690115, 11.435531159561506], [76.64848218427686, 11.435530643757852], [76.64848270715923, 11.43562104352458], [76.64857434457086, 11.435620527684996], [76.64857486748019, 11.43571092744274], [76.64875814233937, 11.435709895673737], [76.64875866532057, 11.4358002954225], [76.64894194021569, 11.435799263536715], [76.64894246325078, 11.435889663276495], [76.64921737564735, 11.435888115209766], [76.64921685252244, 11.43579771547897], [76.64930848994305, 11.435797199405823], [76.64931110578326, 11.436249198023868], [76.6494027433476, 11.43624868189682], [76.64940326655336, 11.436339081618632], [76.64949490415364, 11.436338565464636], [76.64949647388774, 11.436609764603125], [76.64958811156886, 11.436609248404213], [76.6495902047333, 11.43697084722858], [76.64968184252223, 11.436970330984753], [76.64968288918529, 11.43715113038346], [76.64977452702811, 11.437150614103702], [76.64977557377203, 11.437331413493427], [76.64986721165977, 11.437330897177734], [76.64986825848453, 11.437511696558477], [76.64995989642617, 11.437511180206851], [76.64996041987447, 11.437601579892732], [76.65023533378023, 11.437600030640226], [76.65023585731838, 11.43769043030814], [76.65051077126904, 11.437688880786139], [76.65051129489702, 11.437779280445069], [76.65133603677597, 11.437774630298035], [76.65133551288747, 11.43768423068402], [76.65179370252378, 11.437681646284847], [76.65179317849156, 11.437591246679816], [76.65197645425805, 11.437590212727907], [76.65197593017193, 11.437499813140843], [76.65206756802372, 11.437499296124463], [76.65206651980657, 11.43731849694135], [76.6521581575955, 11.437317979907005], [76.65215658522035, 11.43704678114581], [76.65224822291046, 11.437046264102483], [76.65224769877044, 11.436955864515417], [76.65243097407878, 11.43695483033893], [76.65243044988486, 11.436864430760847], [76.65261372512134, 11.436863396476562], [76.65261320087353, 11.436772996907463], [76.65270483845583, 11.436772479729388], [76.65270431417208, 11.436682080160288], [76.65288758927382, 11.43668104572329], [76.65288706494515, 11.436590646163175], [76.6529787024556, 11.43659012890425], [76.65297817809999, 11.436499729353118], [76.653161453049, 11.436498694754423], [76.65316092864848, 11.436408295212273], [76.65325256608705, 11.436407777872502], [76.65325151722311, 11.436226978797185], [76.65361806670792, 11.436224909195552], [76.65361491953219, 11.435682512032487], [76.65370655671923, 11.435681994584918], [76.65370498310442, 11.435410796003387], [76.6536133460072, 11.435411313441973], [76.65361282150786, 11.435320913908807], [76.65370445857812, 11.435320396479202], [76.65370288501721, 11.435049197888688], [76.65379452199764, 11.435048680450102], [76.65379399745338, 11.434958280925919], [76.65388563439788, 11.434957763451399], [76.65388458527343, 11.434776964412016], [76.65379294838283, 11.434777481868569], [76.65379189933923, 11.43459668281122], [76.65370026250251, 11.434597200240823], [76.65369764009563, 11.434145202574994], [76.65360600340264, 11.434145719941714], [76.65360128361822, 11.433332124071354], [76.65350964718574, 11.433332641375195], [76.65350859844757, 11.433151842281912], [76.653416962069, 11.433152359549819], [76.65341643774035, 11.433061959998687], [76.65332480137974, 11.433062477230662], [76.65332427707803, 11.432972077679528], [76.65314100441073, 11.432973112053647], [76.6531404801719, 11.43288271249353], [76.65295720754052, 11.432883746750866], [76.65295668337356, 11.432793347172785], [76.65277341077812, 11.432794381304356], [76.65277288667404, 11.432703981726275], [76.65258961412353, 11.432705015732083], [76.65258856603214, 11.43252421654897], [76.65249692980628, 11.432524733502467], [76.65249588178675, 11.432343934301386], [76.65240424562379, 11.43234445121895], [76.65240372164546, 11.432254051613919], [76.65249535779047, 11.432253534696356], [76.65249168989729, 11.43162073747012], [76.6524000539589, 11.431621254360733], [76.65239848216767, 11.431350055527673], [76.65230684631013, 11.431350572364389], [76.65230579852417, 11.431169773136359], [76.65221416272053, 11.431170289937143], [76.65221259116285, 11.430899091077134], [76.65212095544904, 11.430899607841983], [76.65212043163241, 11.430809208210002], [76.65202879593656, 11.430809724947903], [76.65202827215587, 11.430719325315923], [76.65193663648698, 11.430719842008907], [76.65193611274222, 11.430629442376928], [76.65184447709129, 11.430629959042962], [76.65184395338245, 11.430539559401998], [76.65175231775848, 11.430540076032102], [76.6517517940766, 11.430449676391138], [76.65156852288254, 11.430450709561512], [76.65156799926355, 11.430360309902582], [76.65129309252634, 11.430361859442549], [76.65129361605551, 11.430452259110462], [76.65083543792663, 11.430454841111134], [76.65083596131207, 11.430545240797013], [76.65046941861851, 11.430547305907071], [76.65046994189615, 11.430637705610916], [76.65028667045954, 11.430638737999757], [76.65028719368328, 11.430729137712586], [76.65019555793353, 11.430729653866582], [76.65019608113032, 11.430820053588395], [76.65010444534465, 11.43082056971544], [76.65010496852346, 11.430910969437253], [76.65001333270186, 11.430911485546334], [76.65001385585373, 11.431001885268145], [76.64992221999618, 11.431002401350275], [76.64992326625502, 11.431183200802884], [76.64983163034357, 11.431183716867048], [76.64983215345053, 11.431274116597844], [76.6496488815468, 11.431275148636342], [76.64964940459986, 11.43136554837612], [76.64937449662298, 11.43136709624522], [76.64937397365976, 11.431276696496457], [76.64928233768543, 11.431277212389942], [76.64928129182186, 11.431096412883436], [76.64937292773331, 11.431095896989952], [76.64937135888854, 11.430824697734682], [76.64946299471016, 11.430824181832214], [76.64946247174693, 11.430733782083452], [76.64955410753261, 11.430733266154036], [76.64955201558988, 11.430371667167972], [76.64964365125877, 11.430371151229572], [76.64964208225231, 11.430099952001253], [76.64973371783138, 11.430099436044886], [76.64973319481426, 11.430009036305108], [76.64982483035739, 11.430008520321792], [76.64982430730433, 11.429918120582013], [76.64991594282051, 11.42991760458073], [76.64991541974949, 11.429827204840953], [76.65000705522075, 11.429826688821704], [76.65000600904277, 11.429645889351129], [76.65009764445115, 11.42964537330493], [76.65009555202333, 11.429283774390733], [76.65000391672275, 11.429284290427947], [76.65000287058969, 11.429103490957374], [76.64991123535198, 11.429104006949672], [76.64991071231688, 11.429013607209894], [76.64981907709715, 11.429014123175243], [76.64981855410697, 11.428923723426482], [76.6497269189052, 11.428924239355899], [76.64972639594197, 11.428833839607137], [76.64954312560131, 11.428834871367156], [76.64954260270098, 11.428744471609411], [76.6490844269077, 11.428747050501913], [76.64908494966431, 11.428837450277623], [76.64844350316208, 11.42884105954674], [76.6484429806031, 11.428750659735094], [76.64825971019955, 11.428751690695615], [76.64825918770346, 11.428661290874986], [76.64807591733585, 11.428662321700758], [76.6480753949116, 11.428571921880131], [76.64798375974577, 11.42857243724361], [76.64798323734848, 11.428482037414], [76.64789160220958, 11.428482552750529], [76.64789107984824, 11.428392152911936], [76.6477994447363, 11.428392668221514], [76.64779892241087, 11.428302268373939], [76.64752401712894, 11.428303814105048], [76.64752349489336, 11.42821341424849], [76.64743185982633, 11.42821392942332], [76.64743133761769, 11.428123529566761], [76.64733970256863, 11.428124044714645], [76.64733918040491, 11.428033644849101], [76.64715591035171, 11.428034675055036], [76.64715538824188, 11.42794427518051], [76.64706375323775, 11.427944790229578], [76.64706323116384, 11.427854390355051], [76.64697159618665, 11.42785490537717], [76.6469710741487, 11.427764505493661], [76.64687943918946, 11.427765020479848], [76.64687630722221, 11.427222621151843], [76.64696794200177, 11.427222106192607], [76.64696846401279, 11.427312506076117], [76.6473350032119, 11.427310445924759], [76.64733552533968, 11.427400845790302], [76.64779369938122, 11.42739826994309], [76.64779317710072, 11.427307870095513], [76.64806808138552, 11.427306324247622], [76.64806755902416, 11.427215924418013], [76.64815919374983, 11.427215409081484], [76.64815867136153, 11.427125009251874], [76.64825030605125, 11.427124493888396], [76.64824717164957, 11.426582094910735], [76.6481555371395, 11.426582610247264], [76.64815501477814, 11.42649221040867], [76.64806338028603, 11.426492725709267], [76.64806233565317, 11.42631192603208], [76.64797070121496, 11.426312441296744], [76.64796965665394, 11.426131641601591], [76.64787802226964, 11.426132156830322], [76.6478769777805, 11.425951357126186], [76.64778534345008, 11.425951872318985], [76.64778482124144, 11.425861472462426], [76.64769318693799, 11.42586198761929], [76.64769266475629, 11.425771587762732], [76.64760103047979, 11.425772102883665], [76.64760050833404, 11.425681703018123], [76.64750887408448, 11.425682218112106], [76.64750835197465, 11.42559181823758], [76.64741671774306, 11.425592333295631], [76.64741619566917, 11.425501933421106], [76.6472329272509, 11.425502963447377], [76.6472324052309, 11.425412563563867], [76.64659096583433, 11.425416167712585], [76.64659148763874, 11.425506567623044], [76.646133316364, 11.425509141179552], [76.6461312297303, 11.425147541438903], [76.64603959557957, 11.425148056047796], [76.6460380307413, 11.424876856217606], [76.64594639667139, 11.424877370790567], [76.64594535352973, 11.424696570888802], [76.64576208548874, 11.424697599926926], [76.64576156398078, 11.424607199971552], [76.64566992998276, 11.424607714436716], [76.64566940851074, 11.424517314472357], [76.64557777453966, 11.424517828910572], [76.64557725309459, 11.424427428946213], [76.64548561915045, 11.424427943348496], [76.64548509774131, 11.424337543375154], [76.64539346381515, 11.424338057750486], [76.64539242106873, 11.424157257794821], [76.64548405493201, 11.424156743437457], [76.6454814480031, 11.423704743570754], [76.64538981428355, 11.423705257910152], [76.64538929293728, 11.423614857927829], [76.64529765924468, 11.42361537224028], [76.64529713793436, 11.423524972257955], [76.6452055042687, 11.423525486534471], [76.64520498298533, 11.423435086543165], [76.64511334934663, 11.42343560078375], [76.64511230686072, 11.423254800801136], [76.64502067326693, 11.423255315005788], [76.6450201520644, 11.423164915005497], [76.64492851849757, 11.423165429174217], [76.64492799732199, 11.423075029173926], [76.64483636377312, 11.423075543315695], [76.64483584264245, 11.422985143306423], [76.64474420912053, 11.42298565741226], [76.64474368801682, 11.422895257402987], [76.64465205452184, 11.422895771472891], [76.6446510123773, 11.42271497143638], [76.64455937893622, 11.422715485479333], [76.64455885790439, 11.422625085452093], [76.64446722449026, 11.422625599459117], [76.64446618248944, 11.422444799404637], [76.64437454912921, 11.422445313366744], [76.64437350720925, 11.422264513303283], [76.64428187390293, 11.422265027229455], [76.64428031113077, 11.421993827111805], [76.64418867790529, 11.421994341002046], [76.64418815702616, 11.42190394095684], [76.64409652382763, 11.421904454820133], [76.64409600297545, 11.421814054765944], [76.64400436979489, 11.421814568593303], [76.64400384897863, 11.421724168539114], [76.64391221582501, 11.421724682330542], [76.6439116950447, 11.421634282267368], [76.64382006191803, 11.421634796031846], [76.64381954116466, 11.421544395968674], [76.64363627495625, 11.42154542338983], [76.64363575427475, 11.421455023317675], [76.64345248810227, 11.421456050622051], [76.64345196747466, 11.42136565053193], [76.64308543520157, 11.421367704781355], [76.64308491469973, 11.42127730468225], [76.64262674939879, 11.421279871815804], [76.6426272697569, 11.421370271932876], [76.64244400354849, 11.421371298599446], [76.6424445238527, 11.421461698725501], [76.64235289071705, 11.421462212022854], [76.64235341099432, 11.421552612148908], [76.64226177782274, 11.421553125419312], [76.64226229808203, 11.42164352555435], [76.64217066487451, 11.421644038797805], [76.64217274583086, 11.422005639346937], [76.64208111250656, 11.422006152581409], [76.64208371365034, 11.422458153274562], [76.64199208017332, 11.422458666500049], [76.64199260038771, 11.422549066635087], [76.64190096688375, 11.422549579833625], [76.64190044669633, 11.422459179689605], [76.64180881321033, 11.422459692861194], [76.64180829305883, 11.42236929270819], [76.6417166595998, 11.422369805843847], [76.64171613948423, 11.422279405690842], [76.64162450604316, 11.422279918790567], [76.6416234658749, 11.422099118466594], [76.64153183249671, 11.422099631530385], [76.64153131245301, 11.422009231368397], [76.64143967909278, 11.42200974440524], [76.64143863906827, 11.4218289440633], [76.64134700576194, 11.421829457055226], [76.6413464857901, 11.421739056884256], [76.64052178611401, 11.421743672509034], [76.64052126641167, 11.421653272293149], [76.64070453297042, 11.421652246812354], [76.64070349344895, 11.421471446398549], [76.64088675988195, 11.421470420809955], [76.64088624007181, 11.421380020612036], [76.64097787325237, 11.421379507781806], [76.6409768335782, 11.42119870739495], [76.64106846669587, 11.421198194546754], [76.64106794684082, 11.421107794348835], [76.64115957992257, 11.42110728147369], [76.64115854016754, 11.420926481095817], [76.6412501731864, 11.420925968202706], [76.64124965328644, 11.420835568022753], [76.64134128627835, 11.42083505510269], [76.64134024642452, 11.420654254733803], [76.64124861349548, 11.42065476764488], [76.64124705384049, 11.420383567087054], [76.64115542098331, 11.420384079953216], [76.64115386145409, 11.420112879377424], [76.64106222869573, 11.420113392207654], [76.64106118908444, 11.419932591811815], [76.64096955637099, 11.419933104606113], [76.64096903660577, 11.41984270439921], [76.64087740391928, 11.419843217157574], [76.64087636445171, 11.419662416743769], [76.64078473181912, 11.4196629294662], [76.64078421212577, 11.419572529250313], [76.64069257951114, 11.419573041936813], [76.64069205984474, 11.419482641720927], [76.64023389687941, 11.41948520472223], [76.64023233834732, 11.419214004002708], [76.64032397086312, 11.419213491468923], [76.64032293180878, 11.419032690992236], [76.6404145642617, 11.419032178440483], [76.64041352517144, 11.41885137797278], [76.64050515756148, 11.418850865403062], [76.64050307930907, 11.418489264476637], [76.6404114470358, 11.41848977702839], [76.64040936896306, 11.418128176075015], [76.6403177367976, 11.41812868858185], [76.64031669785105, 11.417947888087197], [76.64022506573949, 11.417948400567083], [76.64022350744095, 11.417677199811628], [76.64013187541022, 11.417677712246599], [76.64013083662537, 11.417496911733979], [76.64003920464856, 11.417497424124035], [76.64003868528758, 11.417407023863232], [76.6399470533377, 11.417407536226339], [76.63994653401267, 11.417317135956553], [76.63985490208974, 11.417317648292709], [76.6398538635115, 11.417136847744157], [76.6397622316335, 11.417137360035397], [76.63976015464772, 11.41677575892931], [76.6396685228865, 11.416776271175634], [76.63966800367822, 11.416685870896867], [76.63957637194395, 11.416686383107258], [76.63957585276263, 11.416595982819507], [76.6394842210553, 11.416596495002949], [76.63948266364609, 11.416325294130713], [76.63939103201962, 11.41632580626924], [76.63938739841514, 11.415693004174136], [76.63911250411063, 11.415694540329204], [76.63911146615224, 11.415513739699803], [76.6390198347683, 11.4155142516946], [76.6390177590222, 11.415152650408848], [76.63910939028935, 11.415152138441002], [76.6391078334371, 11.414880937478934], [76.63901620225079, 11.414881449437797], [76.6390146455243, 11.414610248466747], [76.63892301442783, 11.414610760389678], [76.63892249556092, 11.414520360057011], [76.63883086448241, 11.41452087194401], [76.63883034564246, 11.414430471611343], [76.63873871459988, 11.414430983462408], [76.63873819578687, 11.414340583120758], [76.63864656476227, 11.414341094944875], [76.63864604599418, 11.41425069459424], [76.63855441499652, 11.414251206382426], [76.63855389625537, 11.414160806031791], [76.63846226528467, 11.414161317793026], [76.63846174657947, 11.41407091743341], [76.63837011562671, 11.414071429158712], [76.63836959695745, 11.413981028799096], [76.63827796602267, 11.413981540488464], [76.63827641012263, 11.413710339400634], [76.63836804096756, 11.413709827720247], [76.63836700366494, 11.413529027001015], [76.63845863443802, 11.413528515302662], [76.63845811576874, 11.41343811495203], [76.63836648502262, 11.4134386266414], [76.63836596638029, 11.413348226281782], [76.63827433565213, 11.41334873793522], [76.63827381704573, 11.413258337575602], [76.63790729422291, 11.41326038391087], [76.63790677574228, 11.413169983524305], [76.63799840642552, 11.413169471987649], [76.63799788790897, 11.413079071610067], [76.63808951855627, 11.413078560046463], [76.6380884814962, 11.412897759291297], [76.63818011208062, 11.412897247709726], [76.63817596375945, 11.41217404469805], [76.6380843333996, 11.41217455625267], [76.63808277793974, 11.411903355101957], [76.63799114766074, 11.411903866611663], [76.63799011076236, 11.411723065829548], [76.63789848054623, 11.411723577303322], [76.6378974437287, 11.411542776512224], [76.63780581355749, 11.411543287950066], [76.63780529518466, 11.411452887545533], [76.6377136650404, 11.411453398947442], [76.6377131467035, 11.41136299854291], [76.63780477681182, 11.411362487149985], [76.63780425844797, 11.411272086745452], [76.63798751860173, 11.411271063878754], [76.63798648176623, 11.411090263087656], [76.63780322172926, 11.411091285945373], [76.63780218502849, 11.410910485136307], [76.6377105550639, 11.41091099652025], [76.63770951843502, 11.410730195702204], [76.63780114834572, 11.410729684336228], [76.63780011168089, 11.410548883527163], [76.63761685197628, 11.410549906214198], [76.6376173702503, 11.410640306627714], [76.63752574035757, 11.410640817930808], [76.63752366740522, 11.41027921625878], [76.63743203762927, 11.41027972752594], [76.63743151942712, 11.41018932709446], [76.63733988967812, 11.410189838325689], [76.6373393715119, 11.410099437894207], [76.63724774178087, 11.410099949089503], [76.63724722365058, 11.41000954865802], [76.63743048304976, 11.410008526249463], [76.63742944669036, 11.409827725395484], [76.63752107632259, 11.409827214155273], [76.63752055811145, 11.409736813732774], [76.6378870764876, 11.409734768502435], [76.63788759480653, 11.409825168906966], [76.63797922442079, 11.409824657523025], [76.63797974277566, 11.409915057927556], [76.63807137240786, 11.409914546507682], [76.63807189079867, 11.41000494690323], [76.63816352045784, 11.410004435456408], [76.63816455730232, 11.410185236238522], [76.63825618701539, 11.410184724755766], [76.63825670547806, 11.41027512514233], [76.63834833521807, 11.410274613623642], [76.63834937220628, 11.41045541438779], [76.63844100199121, 11.410454902833168], [76.63844203906028, 11.41063570357935], [76.6385336689081, 11.410635191988796], [76.63853418746957, 11.410725592357394], [76.63862581734433, 11.41072508073989], [76.63862737315455, 11.410996281836706], [76.63871900311015, 11.410995770165304], [76.63872004039482, 11.411176570884535], [76.63881167040432, 11.411176059186184], [76.63881478254575, 11.411718461307947], [76.63890641272594, 11.411717949555698], [76.63890745019926, 11.41189875024798], [76.63899908043334, 11.411898238450812], [76.63900167433668, 11.412350240159062], [76.63909330470553, 11.412349728316979], [76.63909589886939, 11.412801729989296], [76.63918752938196, 11.412801218093314], [76.63919012379733, 11.413253219729699], [76.63909849315003, 11.413253731643646], [76.63909901201694, 11.41334413196733], [76.6390073813247, 11.413344643863311], [76.6390084190136, 11.413525444528645], [76.63910004975973, 11.41352493262368], [76.63910056864461, 11.413615332956347], [76.63928383018178, 11.413614309065569], [76.63928434912056, 11.413704709389252], [76.63937597992059, 11.413704197394457], [76.63937546094587, 11.413613797079757], [76.639467091701, 11.413613285066994], [76.63946761070264, 11.413703685372711], [76.63965087226677, 11.41370266124837], [76.6396513913313, 11.413793061554088], [76.63974302213133, 11.413792549442512], [76.6397435412318, 11.413882949739245], [76.63983517205878, 11.41388243760072], [76.63983569118619, 11.413972837888469], [76.64001895288506, 11.413971813512601], [76.64001999127466, 11.414152614079121], [76.64011162218247, 11.414152101832796], [76.64011266064392, 11.414332902390331], [76.64020429159667, 11.414332390117059], [76.64020533013897, 11.414513190656628], [76.64029696114561, 11.414512678347421], [76.64029748045269, 11.414603078608222], [76.64084726658236, 11.414600004097213], [76.6408477860691, 11.414690404340048], [76.64103104813628, 11.414689379263494], [76.64103156768591, 11.414779779497346], [76.64130646084058, 11.414778241662429], [76.6413059412101, 11.414687841437559], [76.64167246523665, 11.414685790610715], [76.6416719454894, 11.414595390403813], [76.64213010028006, 11.4145928262347], [76.64212958039805, 11.414502426054746], [76.64231284222268, 11.414501400196658], [76.64231232228678, 11.414411000016704], [76.64249558403955, 11.414409974059803], [76.64249506404974, 11.414319573888832], [76.64258669488571, 11.414319060869957], [76.64258617486895, 11.414228660698987], [76.64267780567796, 11.41422814765316], [76.64267728563426, 11.414137747491175], [76.64276891641633, 11.414137234427383], [76.64276839634567, 11.414046834265397], [76.64286002708282, 11.414046321174656], [76.64285898690558, 11.413865520868649], [76.64295061758884, 11.413865007750958], [76.64295009747326, 11.413774607597954], [76.6431333587589, 11.413773581290709], [76.64313283859843, 11.413683181146688], [76.64349936099903, 11.413681128208802], [76.64349988128528, 11.41377152834384], [76.64359151189666, 11.413771015028521], [76.64359255253204, 11.413951815271647], [76.64322602979905, 11.413953868371227], [76.64322655000446, 11.414044268515248], [76.64313491928527, 11.41404478172277], [76.643137000035, 11.414406382280886], [76.64304536919005, 11.414406895479424], [76.64304640953797, 11.414587695758483], [76.64295477863014, 11.414588208939055], [76.64295633910261, 11.414859409371116], [76.64286470810495, 11.414859922533722], [76.64286522823848, 11.414950322686726], [76.6427735972049, 11.414950835822383], [76.64277411732046, 11.415041235966402], [76.6424992241119, 11.415042775220659], [76.64249974413762, 11.415133175382646], [76.64231648191773, 11.415134201411414], [76.64231700189856, 11.415224601582384], [76.6421337396068, 11.415225627512337], [76.64213425952474, 11.41531602769229], [76.64167610357525, 11.4153185920231], [76.64167662334947, 11.41540899222102], [76.64158499211824, 11.415409505006334], [76.64158551187448, 11.415499905204253], [76.64149388060733, 11.4155004179716], [76.64149440033663, 11.415590818178503], [76.64140276904253, 11.415591330909917], [76.64140328874487, 11.41568173111682], [76.64131165741483, 11.415682243830268], [76.64131269678359, 11.41586304426204], [76.64122106539067, 11.415863556948539], [76.6412221047145, 11.41604435738031], [76.6411304732587, 11.416044870057826], [76.64113151254661, 11.41622567049858], [76.64103988102792, 11.416226183149147], [76.64104040064942, 11.416316583365033], [76.6409487690948, 11.416317095997632], [76.6409503278964, 11.41658829667224], [76.64085869625197, 11.41658880927789], [76.64085921582854, 11.416679209511742], [76.64095084749994, 11.416678696897108], [76.64095344561638, 11.41713069801247], [76.6410450774315, 11.417130185343936], [76.64104559709791, 11.417220585568806], [76.641137228931, 11.41722007286434], [76.64113774863334, 11.417310473080226], [76.64132101235342, 11.417309447590448], [76.64132153211864, 11.41739984779735], [76.64141316399665, 11.417399335003052], [76.64141368379781, 11.417489735200972], [76.64150531570276, 11.417489222379727], [76.64150583553086, 11.417579622577646], [76.64159746746277, 11.417579109720467], [76.64159902705488, 11.417850310287275], [76.64169065907662, 11.41784979738518], [76.6416922187945, 11.418120997934023], [76.64160058669191, 11.4181215108451], [76.6416011065829, 11.418211911034037], [76.64150947444439, 11.418212423918165], [76.64151051417247, 11.418393224296038], [76.64141888197106, 11.4183937371622], [76.64142044151826, 11.418664937737992], [76.64151207380051, 11.418664424853864], [76.6415125936825, 11.4187548250428], [76.64160422599171, 11.418754312131723], [76.64160474590965, 11.418844712311675], [76.64178801057295, 11.418843686399688], [76.64178749060112, 11.418753286228718], [76.64197075518358, 11.418752260208933], [76.6419697151321, 11.418571459875977], [76.64206134736045, 11.418570946830151], [76.64205978722936, 11.418299746344191], [76.64215141936788, 11.4182992332804], [76.64215193943852, 11.418389633442386], [76.642243571595, 11.418389120342663], [76.64224409170158, 11.418479520495666], [76.64233572388503, 11.418479007368992], [76.64233624402753, 11.418569407521996], [76.6425195084483, 11.418568381178819], [76.64252002864471, 11.418658781313855], [76.64288655754913, 11.418656728259188], [76.64288707786233, 11.418747128385244], [76.64307034234596, 11.41874610168274], [76.64307086273104, 11.418836501790826], [76.64343739176121, 11.418834448017508], [76.64343791226305, 11.418924848116614], [76.64362117680957, 11.4189238210458], [76.64362065624485, 11.418833420955679], [76.64371228848218, 11.418832907388829], [76.64371280907386, 11.418923307469969], [76.64380444133813, 11.418922793867187], [76.64380704449414, 11.419374794263897], [76.64389867689316, 11.419374280607217], [76.64389919756569, 11.419464680679372], [76.64408246241764, 11.419463653276182], [76.64408298315304, 11.419554053348337], [76.644174615597, 11.419553539592844], [76.64417513636832, 11.419643939656016], [76.64435840131011, 11.419642912064178], [76.64435892213535, 11.419733312118368], [76.6444505546332, 11.419732798273042], [76.6444515963645, 11.419913598363454], [76.64454322890727, 11.419913084482195], [76.64454427071944, 11.420093884563624], [76.6446359033161, 11.420093370646432], [76.64463694520911, 11.420274170718878], [76.64472857785967, 11.420273656765755], [76.64472909883762, 11.420364056792994], [76.64482073151513, 11.420363542803939], [76.644821252529, 11.420453942831177], [76.64491288522447, 11.420453428815172], [76.64491340627428, 11.420543828833429], [76.64500503899671, 11.42054331478149], [76.64500608115922, 11.420724114809019], [76.64509771394452, 11.420723600721148], [76.64509823505722, 11.420814000730422], [76.64528150066376, 11.42081297246485], [76.64528202183934, 11.420903372465139], [76.64546528748181, 11.42090234406482], [76.64546476625233, 11.420811944073511], [76.64573966459926, 11.420810401279894], [76.64573914327995, 11.42072000129757], [76.64592240876074, 11.420718972636738], [76.64592188738753, 11.420628572663396], [76.64601352010096, 11.420628058288065], [76.64601299870081, 11.420537658323708], [76.64610463137831, 11.420537143921427], [76.64610410995121, 11.42044674395707], [76.64619574259278, 11.420446229536822], [76.6461952211477, 11.420355829581448], [76.64628685375335, 11.42035531513425], [76.64628998267531, 11.42089771487548], [76.64619834989001, 11.420898229340644], [76.64619887136203, 11.420988629305], [76.64610723854977, 11.420989143752196], [76.64610776000383, 11.421079543707572], [76.64601612715565, 11.421080058127819], [76.64601873431813, 11.42153205795859], [76.64611036731004, 11.421531543520375], [76.646114017722, 11.422164343216979], [76.64602238453246, 11.422164857691126], [76.64602342748549, 11.422345657610856], [76.64611506073791, 11.422345143127727], [76.64611558225485, 11.422435543083102], [76.64620721553423, 11.422435028573023], [76.64620878019284, 11.422706228421179], [76.64639204690431, 11.42270519928424], [76.6463930901448, 11.422885999159057], [76.64648472355893, 11.42288548454118], [76.6464852452196, 11.422975884478587], [76.64666851208378, 11.42297485514402], [76.64666903379835, 11.423065255072444], [76.64685230070744, 11.423064225621095], [76.64685282248489, 11.423154625531554], [76.64703608942992, 11.423153595954439], [76.64703661127923, 11.423243995864897], [76.6472198782602, 11.42324296616202], [76.64722092208459, 11.423423765955988], [76.64731255562448, 11.423423251059633], [76.6473130775726, 11.423513650952126], [76.64740471113944, 11.423513136019839], [76.64740575509859, 11.42369393579584], [76.64758902234006, 11.423692905823469], [76.647589544387, 11.423783305697993], [76.6476811780257, 11.423782790666891], [76.64768222219146, 11.423963590415944], [76.64777385588407, 11.42396307534891], [76.64777437800288, 11.424053475214452], [76.647957645433, 11.424052444981568], [76.64795816761469, 11.424142844847111], [76.64859960371443, 11.424139238102262], [76.64860012609375, 11.424229637931873], [76.64869175984025, 11.42422912255941], [76.648691237425, 11.424138722738784], [76.64878287112658, 11.424138207339373], [76.64878339356879, 11.42422860716], [76.64887502729732, 11.424228091742622], [76.64887554977545, 11.424318491554265], [76.64905881728643, 11.424317460611713], [76.64905933982745, 11.424407860423358], [76.6491509736009, 11.424407344898182], [76.64915149616887, 11.424497744700842], [76.64924312996926, 11.424497229148718], [76.64924365258214, 11.424587628951379], [76.64933528640051, 11.424587113363321], [76.64933580904034, 11.424677513156999], [76.64942744289465, 11.424676997541992], [76.64942796556143, 11.424767397326686], [76.64951959944267, 11.424766881675747], [76.64952012214539, 11.424857281460442], [76.64970338993483, 11.42485625006873], [76.64970391270941, 11.424946649844442], [76.65007044835119, 11.424944586692712], [76.65006992546881, 11.424854186934967], [76.65043646093092, 11.424852123343063], [76.65043593793176, 11.424761723603284], [76.65052757175911, 11.424761207637935], [76.65052704873301, 11.424670807898156], [76.65061868252442, 11.424670291905857], [76.65061815948035, 11.424579892175062], [76.65070979324481, 11.424579376155814], [76.65070927017379, 11.424488976425017], [76.65080090389334, 11.424488460387803], [76.65079985770639, 11.424307660935195], [76.65089149137204, 11.42430714487103], [76.65089044514914, 11.424126345427405], [76.65107371234569, 11.424125313236194], [76.65107318917586, 11.424034913523366], [76.65134808984942, 11.424033365043412], [76.65134861310011, 11.424123764747257], [76.65144024668491, 11.424123248521397], [76.65144129325816, 11.424304047920105], [76.65162456051759, 11.424303015369569], [76.65162613058406, 11.424574214445174], [76.65171776429463, 11.424573698111514], [76.65171881108347, 11.424754497483274], [76.65181044484794, 11.424753981113682], [76.65181096827828, 11.424844380799563], [76.6519026020697, 11.424843864394038], [76.65190364900226, 11.42502466374783], [76.65208691668391, 11.425023630846951], [76.65208744021308, 11.425114030505881], [76.65227070793067, 11.42511299748822], [76.65227175512373, 11.425293796797098], [76.65236338903193, 11.42529328023886], [76.6523639126689, 11.425383679888807], [76.6525471805302, 11.425382646664533], [76.65254770423006, 11.425473046305497], [76.653189141821, 11.425469429104258], [76.65319280922908, 11.426102226375411], [76.65310117509631, 11.426102743230093], [76.65310169900276, 11.426193142844106], [76.65301006483405, 11.426193659680822], [76.65301058871356, 11.426284059294836], [76.652644051895, 11.426286126354238], [76.6526445756667, 11.42637652598622], [76.65227803865051, 11.426378592614428], [76.65227856230544, 11.426468992264375], [76.65209529371649, 11.4264700254078], [76.65209843540352, 11.427012423334434], [76.65219006987765, 11.427011906749245], [76.65219059353258, 11.427102306399194], [76.65228222802467, 11.427101789778073], [76.65228275171555, 11.427192189419037], [76.65246602075365, 11.427191156086966], [76.65246654450739, 11.42728155572793], [76.6525581790444, 11.427281039007996], [76.65255870283409, 11.427371438639975], [76.65265033739806, 11.427370921893091], [76.65265138504927, 11.42755172114807], [76.65274301966714, 11.427551204365253], [76.65274354352867, 11.427641603979268], [76.65283517816451, 11.427641087169501], [76.65283570206199, 11.427731486783516], [76.65292733672477, 11.427730969937818], [76.65292786064919, 11.42782136954285], [76.65311113002866, 11.427820335752637], [76.65311165402494, 11.427910735357669], [76.65320328873264, 11.427910218413155], [76.65320643292597, 11.428452615980461], [76.65329806781332, 11.428452098982048], [76.65329964005372, 11.428723297743243], [76.65339127502193, 11.428722780708899], [76.65339179913501, 11.42881318028698], [76.65348343413017, 11.428812663216702], [76.65348395827917, 11.428903062794785], [76.65357559329229, 11.428902545697557], [76.65357611747723, 11.428992945266657], [76.65366775251731, 11.428992428133496], [76.65366827673817, 11.429082827702596], [76.65385154686324, 11.429081793337462], [76.65385207114699, 11.429172192897576], [76.65403534130799, 11.429171158406678], [76.65403586564562, 11.429261557957812], [76.65449404112448, 11.429258971214034], [76.65449456561484, 11.429349370738217], [76.65458620072678, 11.429348853299631], [76.65458672525308, 11.429439252823814], [76.65467836039197, 11.429438735358278], [76.65467993408764, 11.42970993391286], [76.65458829885891, 11.429710451396362], [76.65458882341215, 11.429800850911562], [76.65449718815648, 11.429801368377099], [76.65450243355417, 11.430705363600962], [76.6545940691063, 11.430704846099493], [76.65459564290077, 11.43097604463611], [76.65468727852475, 11.430975527098708], [76.65468937709706, 11.431337125123575], [76.65478101283782, 11.431336607541258], [76.65478153751683, 11.43142700703849], [76.65487317328453, 11.431426489420241], [76.6548742227234, 11.431607288414709], [76.65496585853603, 11.431606770760526], [76.65496638329589, 11.431697170248777], [76.65524129080562, 11.431695617088598], [76.65524181565532, 11.431786016567866], [76.65551672321895, 11.431784463138195], [76.65551724815847, 11.43187486260848], [76.65579215576703, 11.431873308909314], [76.65579268079638, 11.43196370836163], [76.65597595256537, 11.431962672415462], [76.6559764776576, 11.432053071858796], [76.65606811356905, 11.432052553836305], [76.6560686386972, 11.432142953270656], [76.65616027462661, 11.432142435212231], [76.65616079978173, 11.432232834646584], [76.65625243574708, 11.43223231656121], [76.65625348612917, 11.432413115420928], [76.65643675814968, 11.432412079142384], [76.65643728341259, 11.432502478558769], [76.65662055547801, 11.432501442154459], [76.65662108079484, 11.432591841570844], [76.65671271685, 11.432591323323773], [76.65671324220274, 11.432681722731175], [76.65689651435801, 11.43268068613822], [76.65689703977363, 11.432771085536638], [76.65698867586474, 11.432770567190753], [76.65698920131629, 11.432860966580188], [76.65708083744333, 11.432860448207354], [76.65708188840934, 11.433041246977243], [76.65717352459026, 11.433040728568475], [76.6571740501137, 11.433131127948927], [76.6572656863126, 11.433130609504227], [76.65726831413633, 11.433582606388525], [76.65735995046998, 11.433582087889926], [76.65736047608323, 11.433672487261395], [76.65726883971365, 11.433673005759994], [76.65726936529097, 11.433763405131463], [76.6573610016875, 11.433762886632865], [76.65736152730975, 11.433853286004334], [76.65754480014772, 11.433852248899338], [76.65754532582386, 11.433942648261825], [76.65782023514821, 11.43394109237975], [76.65781970938224, 11.433850693035232], [76.65800298218429, 11.433849655642776], [76.65800245636441, 11.433759256307239], [76.6581857290856, 11.433758218815967], [76.65818520321184, 11.433667819480432], [76.6582768395455, 11.43366730069437], [76.65827631364478, 11.433576901367818], [76.6583679499335, 11.433576382554808], [76.65836742401483, 11.433485983237238], [76.65845906027661, 11.433485464397279], [76.65845800838534, 11.433304665753155], [76.65854964458424, 11.433304146904213], [76.65854859265704, 11.433123348269072], [76.65864022879306, 11.43312282939318], [76.65863970280252, 11.433032430075611], [76.65882297500269, 11.433031392251964], [76.65882244895825, 11.432940992943376], [76.6589140850224, 11.432940473986637], [76.65891355896, 11.432850074687032], [76.65900519498821, 11.432849555712327], [76.65900414281846, 11.432668757113118], [76.65909577878381, 11.432668238111463], [76.65909472656915, 11.432487439521237], [76.6590030906577, 11.432487958504927], [76.6590020385239, 11.432307159905719], [76.65891040266635, 11.432307678853475], [76.65890987663089, 11.432217279544888], [76.6588182408003, 11.432217798465695], [76.65881666281967, 11.43194660053095], [76.65872502706992, 11.431947119406841], [76.6587239751607, 11.4317663207717], [76.658540703769, 11.431767358424668], [76.65854017787727, 11.431676959089131], [76.6584485421994, 11.43167747787519], [76.65844801634358, 11.431587078539653], [76.65826474504173, 11.431588116003976], [76.6582642192488, 11.431497716659456], [76.65808094798288, 11.431498753998014], [76.65808042225285, 11.431408354653493], [76.65789715102285, 11.431409391866287], [76.6578966253557, 11.431318992512784], [76.65780498976766, 11.431319511074264], [76.65780446412745, 11.431229111702795], [76.65771282856635, 11.431229630237327], [76.65771230296208, 11.431139230865858], [76.65762066742792, 11.431139749364457], [76.65761961629124, 11.430958950612535], [76.65752798080202, 11.4309594690752], [76.6575274552696, 11.430869069694747], [76.65743581980732, 11.430869588121482], [76.65743214141284, 11.43023679242238], [76.65734050615717, 11.430237310786232], [76.65733630277826, 11.429514115634815], [76.65724466773818, 11.429514633935785], [76.65724256627331, 11.429153036333126], [76.65733420118762, 11.429152518041139], [76.65733262504854, 11.428881319845884], [76.65724099021507, 11.428881838119903], [76.65723678759973, 11.428158642860687], [76.65714515299983, 11.428159161080808], [76.65714410244706, 11.427978362248039], [76.6569608333371, 11.4279793985715], [76.65696030812808, 11.427888999146132], [76.65686867360004, 11.427889517267438], [76.6568670980808, 11.42761831898235], [76.65677546363361, 11.427618837049758], [76.65677388824012, 11.427347638746703], [76.6566822538738, 11.427348156778178], [76.65668120368932, 11.427167357900492], [76.6569561065997, 11.427165803743186], [76.65695558142662, 11.427075404308834], [76.65704721569413, 11.427074886205494], [76.65704774089417, 11.427165285630862], [76.65723100947413, 11.427164249325367], [76.65723205999996, 11.427345048158138], [76.65732369433934, 11.427344529947], [76.65732474494602, 11.427525328770786], [76.65741637933931, 11.427524810523716], [76.6574169046741, 11.427615209931119], [76.65750853909432, 11.427614691657098], [76.65750906446503, 11.427705091055516], [76.65769233334144, 11.427704054417646], [76.65769285877504, 11.427794453807081], [76.65778449324019, 11.427793935434247], [76.65778501870972, 11.427884334823682], [76.65805992215009, 11.427882779534498], [76.65806044770945, 11.427973178905967], [76.65833535120372, 11.427971623347288], [76.65833482556351, 11.427881223984803], [76.65842646001968, 11.427880705405355], [76.65842593435254, 11.427790306051852], [76.65851756877277, 11.427789787454438], [76.65851704307867, 11.427699388100935], [76.65870031186525, 11.42769835082526], [76.65869978610826, 11.42760795148074], [76.65888305481398, 11.427606914106251], [76.65888252901209, 11.427516514770714], [76.65924906626185, 11.427514439680374], [76.65924854034316, 11.427424040362803], [76.65934017461069, 11.427423521522844], [76.65933964867403, 11.427333122205274], [76.65943128291461, 11.427332603338366], [76.65943075695101, 11.42724220402978], [76.65952239115565, 11.427241685135922], [76.6595202872294, 11.426880087892588], [76.65942865314153, 11.42688060676848], [76.6594281271959, 11.42679020745091], [76.6591532249952, 11.426791763871972], [76.65915217330156, 11.426610965218863], [76.65906053928556, 11.426611483960007], [76.65905791026707, 11.42615948727334], [76.65914954413934, 11.426158968550164], [76.6591469150939, 11.42570697187248], [76.65923854881345, 11.425706453149301], [76.65923802299358, 11.425616053813766], [76.65932965668618, 11.425615535063638], [76.65932860498356, 11.425434736401547], [76.65942023861328, 11.42543421762447], [76.6594197127485, 11.425343818297918], [76.65951134634228, 11.425343299502874], [76.65951082044157, 11.425252900176321], [76.65969408755728, 11.425251862505387], [76.65969356161165, 11.425161463187816], [76.65978519513357, 11.425160944311925], [76.65978466916098, 11.425070545003338], [76.65987630265596, 11.425070026100498], [76.65987525066588, 11.424889227483323], [76.6600585175121, 11.424888189614759], [76.66005693938774, 11.424616991715947], [76.66014857272101, 11.424616472750223], [76.6601480466586, 11.42452607345062], [76.66023967995595, 11.424525554457947], [76.6602386277862, 11.424344755867722], [76.66033026102066, 11.424344236857085], [76.6603255262164, 11.423530643223529], [76.66023389324245, 11.423531162189251], [76.66023231514504, 11.42325996429044], [76.66032394802916, 11.4232594453337], [76.66032342197572, 11.423169046034095], [76.66023178911855, 11.423169564990834], [76.66022915905802, 11.422717568465865], [76.66013752634457, 11.422718087368706], [76.66013647440839, 11.422537288751531], [76.66004484174886, 11.42253780761844], [76.6600443158122, 11.422447408309852], [76.65995268317961, 11.422447927140828], [76.6599521572789, 11.422357527823257], [76.65986052466428, 11.422358046627282], [76.65985999879949, 11.42226764730073], [76.65976836621182, 11.422268166068823], [76.65976784037399, 11.42217776674227], [76.65967620781326, 11.42217828547443], [76.65967568201135, 11.422087886147876], [76.65958404946859, 11.422088404844105], [76.6595835237116, 11.421998005508568], [76.6594918911958, 11.421998524177846], [76.65949083973572, 11.421817725488808], [76.65939920727382, 11.421818244131137], [76.65939868157972, 11.421727844777633], [76.65930704914476, 11.421728363375047], [76.6593065234776, 11.421637964021544], [76.65921489106958, 11.421638482592007], [76.65921436543836, 11.421548083238505], [76.65912273304832, 11.421548601773036], [76.659122207462, 11.42145820241055], [76.65985526622305, 11.421454053352765], [76.65985579204292, 11.421544452679317], [76.65994742439703, 11.421543933911224], [76.6599484761176, 11.421724732564332], [76.66004010852562, 11.421724213760305], [76.66004168622777, 11.421995411722], [76.66040821615627, 11.42199333617352], [76.66040769013877, 11.421902936873915], [76.66049932258271, 11.421902417917176], [76.66049879653826, 11.42181201861757], [76.66059042894628, 11.421811499642866], [76.66058990287488, 11.421721100352244], [76.66077316762802, 11.421720062313002], [76.66077264150272, 11.421629663031363], [76.66104753851116, 11.421628105774868], [76.6610480647173, 11.421718505047522], [76.6614145941068, 11.4217164282953], [76.66141406778388, 11.421626029040612], [76.6615973323933, 11.421624990498312], [76.6615978587791, 11.421715389753], [76.66178112342445, 11.421714351084935], [76.66178059698474, 11.421623951848213], [76.66205549384046, 11.421622393648489], [76.6620549673199, 11.42153199442075], [76.66214659956623, 11.421531474969937], [76.66214607301872, 11.421441075742198], [76.66232933743949, 11.421440036768706], [76.66232828423668, 11.421259238331194], [76.66241991638418, 11.421258718808517], [76.6624193897648, 11.42116831958976], [76.66251102187637, 11.421167800040132], [76.66251049523005, 11.42107740083036], [76.66260212731467, 11.421076881262767], [76.66260160064141, 11.420986482052994], [76.66269323269009, 11.42098596245845], [76.66269217929865, 11.420805164047888], [76.66287544326127, 11.420804124786937], [76.662874389771, 11.42062332639434], [76.66314928551282, 11.420621767305283], [76.66314981233879, 11.420712166488105], [76.66324144427968, 11.420711646731865], [76.6632419711416, 11.420802045914689], [76.66305870720592, 11.42080308540022], [76.66305976083093, 11.420983883774849], [76.6628764967695, 11.420984923170549], [76.66287755028671, 11.421165721563144], [76.66278591819311, 11.42116624122057], [76.66278749841953, 11.421437438813955], [76.66269586623609, 11.421437958462397], [76.66269849989888, 11.421889954448378], [76.66260686755375, 11.421890474087837], [76.66260739427193, 11.421980873288627], [76.66251576189985, 11.42198139291012], [76.66251628859109, 11.42207179211091], [76.66242465619206, 11.422072311705453], [76.66242518285634, 11.422162710915226], [76.66224191797744, 11.42216375001448], [76.66224244459681, 11.422254149233236], [76.66187591466831, 11.422256227117337], [76.66187538816573, 11.422165827880615], [76.66141722580228, 11.422168424577725], [76.66141775216114, 11.422258823832413], [76.66123448712054, 11.422259862311831], [76.6612350134255, 11.422350261575502], [76.66114338087375, 11.422350780774787], [76.66114390714277, 11.422441180047443], [76.6610522745551, 11.422441699219778], [76.66105280080616, 11.422532098492432], [76.66096116819153, 11.422532617646802], [76.66096695691726, 11.42352700961007], [76.66105858985529, 11.423526490410785], [76.6610596424652, 11.423707288938129], [76.66115127545712, 11.423706769693927], [76.66115180179801, 11.423797168957599], [76.66124343481687, 11.42379664968645], [76.66124448757051, 11.423977448186843], [76.6613361206343, 11.42397692887976], [76.6613371734688, 11.42415772737117], [76.66142880659547, 11.424157208028156], [76.66142985950182, 11.4243380065016], [76.6615214926734, 11.424337487122651], [76.66152412515939, 11.424789483297278], [76.66161575848369, 11.424788963864431], [76.66161839122121, 11.425240960003126], [76.66171002468025, 11.425240440516381], [76.66171055127266, 11.42533083974412], [76.66180218475866, 11.425330320230424], [76.66180376464371, 11.425601517877709], [76.66171213106789, 11.425602037400386], [76.66171265767828, 11.425692436619142], [76.6616210240755, 11.425692956123855], [76.66162155065894, 11.42578335534261], [76.66134664973384, 11.425784913695049], [76.66134717623643, 11.42587531293177], [76.66107227518557, 11.425876871032683], [76.66107332802906, 11.426057669524093], [76.66098169427357, 11.426058188849142], [76.66098537916287, 11.426690983587045], [76.66107701311599, 11.426690464235046], [76.6610806984185, 11.427323258910066], [76.66117233256925, 11.42732273950417], [76.66117391213989, 11.427593937205353], [76.66108227789933, 11.427594456620232], [76.6610828044019, 11.427684855856954], [76.66099117013438, 11.42768537525387], [76.66099169661003, 11.427775774490591], [76.66080842799413, 11.427776813203572], [76.66080895441587, 11.42786721245826], [76.66071732007647, 11.427867731774326], [76.66071837288402, 11.428048530274719], [76.66062673847277, 11.428049049572818], [76.6606277912354, 11.428229848082195], [76.66053615677025, 11.428230367353345], [76.66053773586478, 11.428501565126393], [76.66044610130082, 11.42850208438856], [76.66044662765069, 11.428592483643248], [76.6605382622416, 11.428591964381082], [76.66054142057442, 11.429134359900228], [76.66044978581282, 11.429134879189345], [76.66045083856646, 11.429315677698721], [76.66035920374199, 11.429316196969872], [76.66036025645072, 11.42949699548823], [76.66026862156336, 11.429497514741415], [76.66026967423616, 11.429678313259775], [76.66017803928591, 11.429678832494993], [76.66017909192279, 11.429859631022335], [76.6602707269359, 11.429859111778136], [76.66027125328579, 11.429949511041807], [76.66036288831687, 11.429948991770656], [76.66036341470267, 11.430039391025344], [76.66045504976971, 11.430038871718262], [76.66045557618246, 11.43012927097295], [76.66073048141946, 11.43012771287204], [76.66073100793103, 11.430218112108761], [76.66109754830694, 11.430216034224662], [76.66109807493528, 11.430306433443418], [76.66118971004722, 11.430305913902773], [76.66119181673132, 11.430667510750846], [76.66128345196003, 11.430666991165285], [76.66128450538743, 11.430847789575848], [76.66137614066106, 11.430847269945371], [76.66137666741517, 11.430937669155144], [76.66146830270678, 11.430937149488736], [76.66146882949683, 11.431027548689524], [76.66192700607162, 11.43102494992629], [76.66192753300541, 11.431115349109113], [76.66211080366048, 11.43111430939002], [76.66211133065714, 11.431204708563861], [76.66183642457571, 11.431206268102075], [76.66183695149152, 11.431296667275916], [76.66174531609212, 11.431297187068088], [76.66174478921225, 11.431206787885266], [76.6616531538398, 11.431207307650489], [76.66165368069272, 11.431297706833313], [76.66156204528434, 11.431298226571586], [76.66156151845836, 11.43120782737978], [76.66119497690568, 11.431209906018465], [76.66119445019648, 11.431119506808692], [76.66110281482402, 11.431120026394252], [76.66110334149728, 11.431210425604025], [76.66101170609788, 11.431210945162636], [76.6610127594085, 11.431391743600148], [76.66092112393721, 11.431392263131809], [76.66092270384922, 11.43166346079706], [76.66083106828813, 11.431663980319737], [76.66083159490749, 11.431754379538493], [76.66092323049554, 11.431753860015816], [76.66092428379717, 11.431934658444343], [76.66101591943911, 11.431934138885733], [76.66101644612137, 11.432024538095504], [76.66110808179026, 11.432024018500961], [76.66110860850844, 11.43211441770175], [76.6612002442043, 11.432113898071275], [76.6612007709584, 11.432204297272065], [76.66129240667222, 11.432203777614639], [76.66129293346226, 11.432294176815429], [76.66138456920302, 11.432293657113087], [76.66138509602003, 11.432384056304894], [76.66147673178773, 11.432383536575603], [76.66147725864067, 11.432473935767408], [76.66156889442634, 11.432473416002185], [76.6615694213152, 11.43256381518501], [76.66166105712783, 11.432563295392836], [76.66166158405262, 11.43265369457566], [76.6617532198922, 11.432653174747553], [76.66175427380468, 11.432833973095233], [76.66184590969816, 11.432833453231195], [76.66184696369147, 11.433014251560909], [76.66193859962986, 11.433013731660939], [76.6619407077872, 11.433375328311383], [76.66203234384237, 11.433374808366496], [76.66203287091987, 11.433465207522369], [76.66212450700199, 11.43346468754155], [76.66212503411543, 11.433555086697424], [76.66221667021553, 11.433554566680673], [76.6622171973649, 11.433644965827563], [76.66240046961897, 11.433643925704228], [76.66240152404349, 11.433824723980043], [76.66221825166365, 11.433825764121345], [76.66221772451428, 11.433735364974453], [76.6621260883513, 11.433735884991206], [76.66212556122888, 11.433645485844314], [76.6616673804859, 11.433648085496882], [76.66166685351618, 11.433557686323041], [76.66148358124414, 11.433558725979253], [76.66148305433731, 11.43346832679643], [76.66120814598315, 11.433469886047185], [76.66120761916616, 11.433379486855378], [76.66074943863877, 11.433382085016742], [76.66074996531204, 11.433472484235498], [76.66056669301305, 11.433473523307804], [76.66056774625179, 11.433654321754299], [76.66047611003492, 11.433654841250027], [76.66047716323773, 11.433835639705505], [76.66038552695798, 11.433836159183267], [76.66038605353243, 11.433926558411006], [76.66020278091004, 11.433927597303649], [76.6602033074306, 11.434017996540371], [76.66002003472737, 11.434019035316233], [76.6600195082697, 11.433928636070528], [76.65992787193605, 11.433929155413542], [76.65992839837575, 11.434019554659248], [76.659653489276, 11.434021112526597], [76.65965401562586, 11.434111511790269], [76.65956237922035, 11.434112031025485], [76.65956290555226, 11.434202430298141], [76.65947126911081, 11.434202949506409], [76.65947179541577, 11.434293348779063], [76.65938015894737, 11.434293867960381], [76.65938068522539, 11.434384267233035], [76.65928904872105, 11.434384786396388], [76.65929062750118, 11.434655984223335], [76.65919899090702, 11.434656503368721], [76.6591995171491, 11.434746902650359], [76.65929115377021, 11.434746383504974], [76.65929273260424, 11.435017581322937], [76.65938436931518, 11.435017062132635], [76.65938489562912, 11.435107461396306], [76.65947653236701, 11.435106942170073], [76.65947758506675, 11.435287740697415], [76.65956922185855, 11.43528722143525], [76.65956974824435, 11.43537762069892], [76.65966138505411, 11.435377101400821], [76.65966191147585, 11.435467500655509], [76.65975354831257, 11.435466981321477], [76.65975407476125, 11.435557380576165], [76.6598457116249, 11.435556861215185], [76.65984729110572, 11.435828058943317], [76.66003056498575, 11.435827020113557], [76.66003109154222, 11.435917419341294], [76.6601227285047, 11.435916899881498], [76.66012378169852, 11.436097698336976], [76.66021541871488, 11.436097178832265], [76.66021647198058, 11.43627797727876], [76.66030810905085, 11.436277457747098], [76.66030863571513, 11.436367856965854], [76.66040027281235, 11.436367337389276], [76.66040079951256, 11.436457736608032], [76.66049243663673, 11.436457217004506], [76.66049296337289, 11.436547616214279], [76.66058460051501, 11.436547096574818], [76.66058565405918, 11.436727894976398], [76.66067729125521, 11.436727375309989], [76.66067781806322, 11.436817774501796], [76.66076945528621, 11.436817254799454], [76.66076998212117, 11.43690765399126], [76.66095325661205, 11.436906614487762], [76.66095431042571, 11.437087412853408], [76.66104594772055, 11.437086893052253], [76.66104700160608, 11.437267691408916], [76.66113863895482, 11.437267171562844], [76.6611396929212, 11.437447969910524], [76.66123133032384, 11.43744745002852], [76.66123185733848, 11.43753784920236], [76.66132349476807, 11.437537329293406], [76.66132402181863, 11.43762772844928], [76.6615989341613, 11.437626168533772], [76.6615994613017, 11.437716567680663], [76.66187437369828, 11.43771500749566], [76.66187490092851, 11.437805406633569], [76.661966538412, 11.437804886500036], [76.66196706567816, 11.437895285637943], [76.66205870318859, 11.437894765477461], [76.66205923049068, 11.437985164606385], [76.6621508680191, 11.437984644418954], [76.66215139535711, 11.438075043538895], [76.66224303291247, 11.43807452331553], [76.6622440876514, 11.438255321546428], [76.66233572526065, 11.438254801287131], [76.66233625267054, 11.43834520039809], [76.66242789030674, 11.438344680111843], [76.66242841774358, 11.438435079213818], [76.66261169306091, 11.438434038533527], [76.66261222056063, 11.438524437635502], [76.66270385824176, 11.43852391724146], [76.6627043857774, 11.438614316334451], [76.66297929887466, 11.438612754990622], [76.66297982650913, 11.43870315407463], [76.66343801506746, 11.438700551233044], [76.66343854284565, 11.438790950290104], [76.66371345601479, 11.43878938822762], [76.66371398388281, 11.438879787275697], [76.6640805348229, 11.438877704109503], [76.66408000684707, 11.438787305079394], [76.66417164453718, 11.438786784218225], [76.66417217254893, 11.438877183239352], [76.66426381027497, 11.438876662351234], [76.66426328223626, 11.438786263330108], [76.66444655760749, 11.438785221473024], [76.6644460295059, 11.438694822451899], [76.66472094244148, 11.438693259464152], [76.66472358339857, 11.439145254453003], [76.66490685895845, 11.439144212272526], [76.66490738722173, 11.43923461125772], [76.66499902502862, 11.439234090127057], [76.66500008161808, 11.439414888088463], [76.66509171947887, 11.439414366912883], [76.66509224781402, 11.439504765898077], [76.66518388569277, 11.439504244686566], [76.66518441406384, 11.439594643662776], [76.66527605196056, 11.439594122415333], [76.6652771087746, 11.43977492035877], [76.6653687467342, 11.439774399075395], [76.66536980361111, 11.439955197000867], [76.66546144162461, 11.439954675690542], [76.66546249858237, 11.440135473607029], [76.66555413664977, 11.440134952251789], [76.66555519368839, 11.440315750159293], [76.6656468318007, 11.44031522876812], [76.66564788891118, 11.440496026657659], [76.66555625073597, 11.440496548057816], [76.66555730781052, 11.440677345956338], [76.66546566956346, 11.440677867338529], [76.66546672660208, 11.440858665237052], [76.66537508829214, 11.440859186601276], [76.66537667378267, 11.441130383467026], [76.66546831217346, 11.441129862093819], [76.66546884071523, 11.44122026104308], [76.6657437559415, 11.441218696752776], [76.66574322731888, 11.441128297812499], [76.66583486569172, 11.441127776331493], [76.66583433704216, 11.441037377391215], [76.66620089037175, 11.441035291188715], [76.66620141912912, 11.441125690102043], [76.66629305748397, 11.441125168477306], [76.66629358627726, 11.441215567390635], [76.66647686302292, 11.441214524033366], [76.66647739187908, 11.44130492293771], [76.66656903027886, 11.441304401214161], [76.66656955917097, 11.441394800118506], [76.66675283599747, 11.44139375657259], [76.66675336495246, 11.441484155467952], [76.66684500339716, 11.441483633645587], [76.66684606137899, 11.441664431418346], [76.6667544228804, 11.44166495324071], [76.66675548081733, 11.441845751022452], [76.66657220369439, 11.441846794595318], [76.66657273261345, 11.441937193490679], [76.66648109401604, 11.441937715250162], [76.66648162291713, 11.442028114145526], [76.6663899842838, 11.442028635869075], [76.66638945541864, 11.441938236973714], [76.66629781681225, 11.441938758661331], [76.66629728798303, 11.441848359756985], [76.6662056493946, 11.441848881417656], [76.66620406301473, 11.44157768467767], [76.66611242451614, 11.441578206302404], [76.6661113670104, 11.441397408466765], [76.66592809011205, 11.441398451599456], [76.66592861880652, 11.441488850530751], [76.66574534183628, 11.441489893555644], [76.66574481319572, 11.44139949462435], [76.6655615362704, 11.441400537532461], [76.6655610076927, 11.441310138592183], [76.66537773080331, 11.441311181374532], [76.66537720229749, 11.441220782416288], [76.66528556387077, 11.441221303762546], [76.66528503539189, 11.441130904804302], [76.66519339699211, 11.441131426114627], [76.66519128324727, 11.440769830263683], [76.66509964496427, 11.440770351529093], [76.66509594627685, 11.440137558722569], [76.66500430819148, 11.44013807993408], [76.66500325152118, 11.439957281972674], [76.66481997544928, 11.439958324287899], [76.664819447177, 11.439867925302705], [76.66472780916351, 11.439868446415401], [76.66472728092717, 11.439778047421225], [76.66454400494509, 11.439779089547802], [76.66454347677163, 11.439688690544642], [76.66436020082548, 11.439689732545457], [76.66435967271491, 11.439599333542295], [76.66426803476429, 11.439599854493295], [76.66426750668965, 11.43950945547217], [76.66417586876598, 11.43950997639622], [76.66417534071829, 11.439419577375093], [76.66408370282157, 11.439420098263211], [76.66408317480982, 11.439329699242084], [76.66399153694005, 11.43933022009427], [76.6639904809884, 11.43914942203405], [76.66389884316355, 11.439149942850303], [76.66389831522366, 11.439059543820193], [76.66371503962785, 11.439060585362865], [76.66371451175084, 11.43897018631479], [76.66353123619096, 11.438971227740682], [76.66353070837684, 11.438880828683622], [76.66325579509092, 11.438882390584407], [76.66325632282421, 11.43897278965045], [76.6631646850263, 11.43897331023314], [76.66316521272365, 11.439063709299182], [76.66298193705597, 11.439064750383714], [76.66298140941252, 11.438974351308689], [76.66270649595593, 11.438975912706416], [76.66270702351854, 11.439066311799408], [76.6619739205514, 11.439070474304975], [76.66197286590231, 11.438889676056109], [76.66188122807746, 11.438890196225575], [76.66188070078435, 11.43879979709665], [76.66178906297746, 11.438800317239165], [76.66178853572927, 11.438709918110241], [76.66142198456461, 11.438711998374878], [76.66142251170501, 11.438802397521767], [76.66123923603733, 11.438803437492389], [76.66123976312383, 11.438893836657247], [76.6608732116268, 11.438895916266112], [76.66087373859651, 11.438986315448936], [76.66078210068181, 11.438986835286023], [76.66078262762458, 11.439077234459864], [76.66050771376375, 11.439078793809433], [76.66050718691082, 11.438988394617628], [76.66023227309489, 11.438989953697702], [76.6602317463318, 11.438899554487929], [76.66014010840813, 11.438900074118404], [76.66013958168097, 11.438809674908633], [76.66004794378425, 11.43881019451216], [76.66004741708403, 11.438719795293403], [76.65995577921426, 11.438720314860998], [76.6599547258857, 11.438539516423486], [76.65986308806983, 11.438540035946163], [76.65985992835361, 11.437997640588714], [76.65976829070841, 11.437998160066476], [76.65976776413396, 11.437907760829754], [76.65967612651572, 11.437908280271584], [76.6596755999772, 11.437817881034862], [76.65958396238591, 11.43781840044076], [76.65958343587434, 11.437728001204038], [76.6594001607277, 11.437729039926], [76.659399634288, 11.437638640671311], [76.65912472162191, 11.437640198529678], [76.65912419526306, 11.437549799266005], [76.65903255773465, 11.43755031849224], [76.65903203141173, 11.437459919219586], [76.65884875639084, 11.43746095757324], [76.6588482301308, 11.437370558300584], [76.65875659263831, 11.437371077428004], [76.65875606641421, 11.437280678146367], [76.65866442894868, 11.437281197237853], [76.65866390276051, 11.437190797956216], [76.65857226532192, 11.437191317020753], [76.65857173916069, 11.437100917721148], [76.65848010174906, 11.437101436758736], [76.65847957562377, 11.437011037459133], [76.6583879382301, 11.437011556460789], [76.65838741214075, 11.4369211571522], [76.65829577477403, 11.436921676117924], [76.6582952487206, 11.436831276809336], [76.65774542460119, 11.436834389983835], [76.65774595048394, 11.436924789310389], [76.657471038276, 11.436926345524839], [76.65747156407791, 11.437016744869357], [76.65737992663034, 11.43701726354762], [76.65738150397317, 11.437288461590162], [76.65728986644476, 11.43728898025944], [76.65729144373368, 11.437560178310967], [76.65719980610646, 11.43756069696228], [76.65720138335047, 11.437831895013806], [76.65701810791636, 11.437832932262532], [76.65701915932253, 11.43801373097852], [76.65683588375369, 11.43801476811945], [76.65683640940287, 11.438105167490919], [76.65674477157802, 11.43810568602545], [76.65674529720924, 11.43819608539692], [76.65665365934845, 11.438196603904501], [76.65665418495273, 11.43828700327597], [76.656562547065, 11.438287521765586], [76.65656307264231, 11.438377921137056], [76.65647143471865, 11.438378439599722], [76.65647196026902, 11.438468838980175], [76.6562886843588, 11.438469875824659], [76.65628920985527, 11.438560275214094], [76.65601429586869, 11.438561830269716], [76.65601534669993, 11.438742629075536], [76.65592370864152, 11.438743147376506], [76.6559252848345, 11.43901434558973], [76.65601692299172, 11.439013827270793], [76.65601849931048, 11.439285025466049], [76.65611013753957, 11.43928450711118], [76.65611223948953, 11.439646104677907], [76.65602060113467, 11.439646623050741], [76.65602165207373, 11.439827421838595], [76.65593001366497, 11.439827940193464], [76.6559310645681, 11.440008738990302], [76.65583942609645, 11.440009257327205], [76.65583995152106, 11.440099656725623], [76.65574831301349, 11.440100175035576], [76.65574883841114, 11.440190574433995], [76.65547392278063, 11.44019212921114], [76.65547339746382, 11.440101729794753], [76.65538175893828, 11.440102247987925], [76.65538228422814, 11.440192647413294], [76.6551990071052, 11.440193683727772], [76.65519953233218, 11.44028408315314], [76.65492461653099, 11.440285637427227], [76.6549251416861, 11.44037603686158], [76.65474186440146, 11.440377072906562], [76.65474238949369, 11.44046747235888], [76.65455911213719, 11.440468508296066], [76.6545596371845, 11.440558907748384], [76.65446799847032, 11.440559425681045], [76.65446852349069, 11.440649825142344], [76.65437688474057, 11.440650343048056], [76.654377409734, 11.440740742509357], [76.65428577094794, 11.4407412603971], [76.6542862959234, 11.440831659858402], [76.65401137945744, 11.440833213341971], [76.65401190434306, 11.440923612821239], [76.65382862662723, 11.4409246483452], [76.65382915145896, 11.44101504783345], [76.65373751256512, 11.441015565559498], [76.65373803736988, 11.441105965047749], [76.65355475951033, 11.441107000410012], [76.6535552842612, 11.441197399916229], [76.65346364529549, 11.441197917561428], [76.65346417002839, 11.441288317058662], [76.65309761400384, 11.441290387369964], [76.65309813861997, 11.441380786885164], [76.65300649957341, 11.441381304395616], [76.65300754876074, 11.441562103434999], [76.6529159096513, 11.441562620927485], [76.6529169588027, 11.44174341997585], [76.65282531963038, 11.44174393745037], [76.65282584418362, 11.441834336974553], [76.65273420498434, 11.441834854422122], [76.65273840132944, 11.442558050651519], [76.65264676188762, 11.442558568108073], [76.65264833550245, 11.442829766698587], [76.65246505643016, 11.442830801530844], [76.65246925247881, 11.443553997823123], [76.65237761269563, 11.44355451523476], [76.65237866169433, 11.443735314301092], [76.65228702185725, 11.443735831694763], [76.65228754633863, 11.443826231236914], [76.65219590646561, 11.443826748603634], [76.65219643091106, 11.443917148145784], [76.6521047910111, 11.443917665485555], [76.65210531543858, 11.444008065027706], [76.6519220355578, 11.444009099635384], [76.65192255993139, 11.444099499186517], [76.65183091995058, 11.444100016454424], [76.65183144429722, 11.44419041601454], [76.65155652425597, 11.444191967638597], [76.65155704852175, 11.444282367216678], [76.65146540847806, 11.444282884367805], [76.65146593271689, 11.444373283945886], [76.6510993723445, 11.444375352298861], [76.65109884822245, 11.444284952711797], [76.65100720815181, 11.444285469719192], [76.6510066840567, 11.444195070123143], [76.65091504400402, 11.44419558710359], [76.65091451995384, 11.444105187507542], [76.65018139963125, 11.444109322282115], [76.65018087580565, 11.444018922650134], [76.65008923577993, 11.444019439361085], [76.65008871199025, 11.443929039720121], [76.64999707198248, 11.443929556404123], [76.64999654822874, 11.44383915676316], [76.64990490824793, 11.44383967341123], [76.64990438453013, 11.443749273761282], [76.64972110461342, 11.443750306958606], [76.64971953364864, 11.443479107990798], [76.64981117352166, 11.443478591414594], [76.64981064984876, 11.443388191755664], [76.64990228969482, 11.443387675161494], [76.64990176599497, 11.443297275502564], [76.64999340579612, 11.443296758881443], [76.64999288207831, 11.443206359231496], [76.65017616161772, 11.443205325908409], [76.650175637846, 11.443114926267445], [76.65035891731355, 11.443113892836559], [76.65035839347897, 11.443023493204578], [76.65045003318129, 11.44302297644871], [76.65044950931976, 11.442932576825713], [76.65054114898615, 11.442932060042896], [76.65053957736559, 11.44266086116492], [76.65044793778902, 11.44266137792977], [76.65044741394546, 11.44257097829779], [76.65035577439583, 11.44257149503569], [76.65035525058819, 11.442481095394726], [76.65017197153388, 11.44248212876273], [76.6501714477891, 11.442391729121766], [76.65007980828442, 11.442392245760853], [76.65007928457558, 11.442301846110906], [76.64989600560212, 11.442302879290263], [76.64989548195616, 11.442212479631333], [76.6497122030276, 11.44221351269391], [76.64971167944455, 11.442123113025996], [76.64943676110111, 11.4421246623863], [76.64943623760789, 11.442034262709402], [76.64897804043471, 11.442036844386681], [76.6489775170942, 11.441946444682834], [76.64888587767035, 11.441946960926662], [76.64888430775659, 11.441675761806142], [76.64906758642464, 11.441674729309502], [76.64906706306616, 11.441584329605657], [76.64915870236425, 11.441583813325897], [76.64915713224387, 11.441312614232325], [76.64934041064242, 11.441311581591957], [76.64933988722106, 11.441221181906077], [76.64943152638439, 11.441220665554452], [76.64943100294506, 11.44113026585959], [76.64988919855516, 11.441127683679253], [76.6498886749721, 11.44103728401134], [76.65016359220162, 11.44103573437256], [76.65016306852873, 11.44094533471363], [76.6502547075663, 11.44094481811946], [76.65025418387543, 11.440854418460528], [76.65043746187872, 11.440853385182356], [76.65043641438022, 11.44067258590043], [76.650528053319, 11.44067206922541], [76.65052700578455, 11.440491269943482], [76.65061864466044, 11.440490753250497], [76.65061759709006, 11.440309953977552], [76.65070923590307, 11.440309437257618], [76.65070766448912, 11.440038238352692], [76.6507993032123, 11.440037721623774], [76.65079668412916, 11.439585723463871], [76.65070504554973, 11.439586240174823], [76.65070452177801, 11.439495840533858], [76.65061288322553, 11.439496357208878], [76.65061235948077, 11.439405957567914], [76.65052072095523, 11.439406474206999], [76.65052019724641, 11.439316074557052], [76.65042855874782, 11.439316591169188], [76.65042803507492, 11.439226191519241], [76.6503363965943, 11.439226708095445], [76.65033587294835, 11.439136308436515], [76.65024423449468, 11.43913682498577], [76.65024318729262, 11.438956025658927], [76.65015154889285, 11.438956542163266], [76.65015102531876, 11.438866142495351], [76.65005938694594, 11.438866658972742], [76.65005833987863, 11.438685859627931], [76.6499667015597, 11.438686376069388], [76.64996617805748, 11.438595976383509], [76.6498745397655, 11.438596492789033], [76.64987401629922, 11.438506093112137], [76.64978237802522, 11.438506609481728], [76.64978185459486, 11.438416209795848], [76.64959857809176, 11.4384172424452], [76.6495980547243, 11.438326842750337], [76.64932314002803, 11.438328391499786], [76.64932261675938, 11.438237991786957], [76.64877278742074, 11.438241088486354], [76.6487733105277, 11.438331488226133], [76.64849839570566, 11.43833303620303], [76.64849891873178, 11.43842343594281], [76.64822400379296, 11.43842498367716], [76.64822452672924, 11.438515383434906], [76.64785797329183, 11.438517446694433], [76.64785745047234, 11.438427046918722], [76.64794908880923, 11.438426531151002], [76.64794856596279, 11.43833613137529], [76.64804020426375, 11.438335615589605], [76.64803915852595, 11.438154816047165], [76.6482224350021, 11.438153784394943], [76.64822191208378, 11.438063384637198], [76.64840518847909, 11.438062352877179], [76.64840466550689, 11.437971953119433], [76.64858794183033, 11.4379709212606], [76.64858741880423, 11.437880521511838], [76.6486790569345, 11.437880005546488], [76.64867644172311, 11.437428006829629], [76.64858480373657, 11.437428522777012], [76.64858375773825, 11.437247723279489], [76.64849211981458, 11.43724823919094], [76.64849159685136, 11.437157839433194], [76.64839995894565, 11.437158355317695], [76.64839891309107, 11.436977555793224], [76.64830727524824, 11.436978071641791], [76.64830675235689, 11.436887671875063], [76.64821511453204, 11.4368881876877], [76.6482145916766, 11.436797787920971], [76.64812295386972, 11.436798303697675], [76.64812243105023, 11.436707903921963], [76.64803079327028, 11.436708419662734], [76.64803027048673, 11.436618019887023], [76.64784699498075, 11.436619051278734], [76.64784647225109, 11.43652865149404], [76.64775483451606, 11.436529167144979], [76.64775431182234, 11.436438767351301], [76.64747939868913, 11.436440314115472], [76.64747887609421, 11.436349914312812], [76.64665413672158, 11.436354553024293], [76.64665256972734, 11.43608335349953], [76.64656093208215, 11.436083868755212], [76.6465593652047, 11.435812669203498], [76.64665100276005, 11.435812153956801], [76.64664943583769, 11.435540954414071], [76.64655779837217, 11.435541469642803], [76.6465567538381, 11.435360669938667], [76.64646511642647, 11.435361185131466], [76.64646459419089, 11.435270785274906], [76.6463729568062, 11.435271300440755], [76.64637243460655, 11.435180900575212], [76.64646407196427, 11.435180385418347], [76.64646146090311, 11.434728386108599], [76.64636982368012, 11.434728901247498], [76.64636877934369, 11.434548101516413], [76.64627714218359, 11.434548616610398], [76.64627557580022, 11.434277416995803], [76.64618393872097, 11.434277932053854], [76.64618132830658, 11.433825932654274], [76.64608969136208, 11.43382644766741], [76.64608864728615, 11.433645647900391], [76.64599701040453, 11.433646162868612], [76.6459964884025, 11.43355576297612], [76.64590485153884, 11.43355627791739], [76.64590432957276, 11.433465878024897], [76.64581269273604, 11.433466392930235], [76.64581217080588, 11.43337599302876], [76.64572053398715, 11.433376507907148], [76.64572001209291, 11.43328610799669], [76.64562837530113, 11.433286622839146], [76.64562785343384, 11.433196222928688], [76.645536216669, 11.43319673773521], [76.64553569483765, 11.433106337824752], [76.64544405809976, 11.433106852595342], [76.64544353629536, 11.433016452684884], [76.64535189958443, 11.43301696741954], [76.64535137781596, 11.432926567500099], [76.64525974113197, 11.432927082207808], [76.64525921939044, 11.432836682279383], [76.64516758273341, 11.432837196960142], [76.64516706102782, 11.432746797022734], [76.64498378774967, 11.432747826285437], [76.64498326610696, 11.432657426339047], [76.64479999286475, 11.432658455475984], [76.64479947129391, 11.432568055529593], [76.64443292487235, 11.432570113444145], [76.64443240341829, 11.432479713470805], [76.64424913023895, 11.432480742248417], [76.64424965163911, 11.432571142230742], [76.64388310510975, 11.432573199453591], [76.64388362639313, 11.432663599444897], [76.6437919897271, 11.432664113685481]], [[76.6399371868984, 11.41568993107348], [76.6400288183003, 11.415689418791224], [76.64002829902016, 11.415599018521439], [76.6402115617521, 11.415597993876077], [76.6402131197542, 11.415869194667463], [76.63993822539578, 11.415870731631017], [76.6399371868984, 11.41568993107348]], [[76.65071342653488, 11.441032634313464], [76.65080506558145, 11.441032117539631], [76.65080558946096, 11.441122517162627], [76.65071395038744, 11.441123033945445], [76.65071342653488, 11.441032634313464]]]]}, "id": "+7869+3822", "properties": {"count": 20605, "water": 1}}, {"type": "Feature", "geometry": {"geodesic": false, "type": "Polygon", "coordinates": [[[76.63787716052417, 11.439929497350432], [76.6379687997953, 11.439928984645967], [76.63796828004806, 11.439838584421098], [76.63833483700685, 11.439836533315775], [76.63833535687088, 11.439926933513695], [76.63851863538622, 11.43992590778137], [76.63851811545929, 11.439835507583451], [76.63870139389378, 11.439834481743329], [76.63870087391295, 11.439744081563378], [76.63888415227558, 11.439743055606474], [76.63888363224086, 11.439652655435504], [76.63906691053161, 11.439651629379787], [76.63906847081543, 11.439922829883713], [76.63897683158022, 11.43992334293852], [76.63897891190774, 11.440284943613419], [76.63888727255575, 11.440285456659243], [76.63888831268807, 11.440466257001184], [76.63879667328219, 11.440466770029042], [76.63879719332589, 11.440557170200012], [76.63870555387508, 11.440557683200922], [76.63870503386731, 11.440467283020968], [76.63861339444345, 11.440467795985944], [76.63861287446264, 11.440377395797007], [76.63852123507472, 11.440377908735035], [76.63852071512983, 11.440287508546099], [76.63842907575987, 11.44028802143921], [76.63842855584194, 11.440197621250274], [76.63824527714695, 11.440198646946666], [76.63824475730087, 11.440108246748746], [76.63796983931677, 11.440109785077738], [76.63796931955154, 11.440019384861852], [76.63787768024447, 11.4400198975753], [76.63787716052417, 11.439929497350432]]]}, "id": "+7880+3491", "properties": {"count": 61, "water": 1}}, {"type": "Feature", "geometry": {"geodesic": false, "type": "Polygon", "coordinates": [[[76.65745094634974, 11.449221170287752], [76.65754258771396, 11.449220651034567], [76.65754048215277, 11.448859053970898], [76.65763212339121, 11.44885853470873], [76.65763159697846, 11.448768135445059], [76.65790652059499, 11.448766577496862], [76.6579070470886, 11.448856976742567], [76.65809032952957, 11.448855937957722], [76.65809085609504, 11.448946337203427], [76.65845742103986, 11.44894425927441], [76.6584568943666, 11.448853860046672], [76.6587318179472, 11.448852301307957], [76.65873129119308, 11.448761902098186], [76.6588229323417, 11.448761382467708], [76.65882240556064, 11.448670983257937], [76.65900568780397, 11.448669943916135], [76.65900516096002, 11.448579544715347], [76.65909680204577, 11.448579025004022], [76.65909627518386, 11.448488625803233], [76.65918791623365, 11.448488106073942], [76.65919002382505, 11.448849702841168], [76.65928166498264, 11.44884918306696], [76.65928324581093, 11.449120380624413], [76.65937488705836, 11.44911986080529], [76.65937541403706, 11.449210259988114], [76.65992526158455, 11.449207140435576], [76.65992473443517, 11.449116741279703], [76.66019965806069, 11.449115181130633], [76.66019913082148, 11.449024781983741], [76.66029077199705, 11.449024261886143], [76.66028971747373, 11.448843463601344], [76.6603813585864, 11.448842943476794], [76.66037977675201, 11.448571746063072], [76.66028813572916, 11.448572266169656], [76.66028549957804, 11.448120270444186], [76.66037714045716, 11.44811975035557], [76.66037661320897, 11.448029351217661], [76.66065153572059, 11.448027790790114], [76.6606520630586, 11.448118189919038], [76.66074370391976, 11.44811766971364], [76.6607447586497, 11.448298467962505], [76.66046983588656, 11.448300028515817], [76.66047036317967, 11.448390427653726], [76.6603787222197, 11.448390947778275], [76.66037924948586, 11.448481346925165], [76.66074581340659, 11.448479266211372], [76.66074528603264, 11.448388867082448], [76.66083692697465, 11.448388346841117], [76.66083639956476, 11.448297947721176], [76.66092804047084, 11.448297427452896], [76.66092856790767, 11.448387826563854], [76.6610202088407, 11.44838730625964], [76.66102073630448, 11.4484777053706], [76.66111237726446, 11.448477185039437], [76.66111395978157, 11.448748382354344], [76.66102231873177, 11.448748902703473], [76.66102390120398, 11.449020100027363], [76.66093226006434, 11.449020620358525], [76.6609327875371, 11.449111019469484], [76.66084114637052, 11.449111539773696], [76.66084220126216, 11.449292338004595], [76.6607505600327, 11.44929285829084], [76.66075108745156, 11.449383257410782], [76.66065944618616, 11.449383777670079], [76.66066050099695, 11.449564575918945], [76.66056885966867, 11.449565096160274], [76.66056938704263, 11.449655495280215], [76.66047774568739, 11.44965601550358], [76.66047932776434, 11.44992721288137], [76.66038768631029, 11.449927733086767], [76.6603903230543, 11.450379728731388], [76.66048196465208, 11.450379208508025], [76.66048407423771, 11.450740804996771], [76.66057571595228, 11.450740284728491], [76.66057624338912, 11.450830683839449], [76.66066788512164, 11.45083016354422], [76.6606684125944, 11.450920562655178], [76.66076005435387, 11.450920042315033], [76.6607605818536, 11.451010441425991], [76.66085222364002, 11.451009921058896], [76.66085275117567, 11.45110032016087], [76.6607611093623, 11.451100840527966], [76.66076163687998, 11.451191239638923], [76.66030342759753, 11.451193841088122], [76.66030290023255, 11.451103441959196], [76.6600279747026, 11.451105002476575], [76.66002850197775, 11.451195401614484], [76.65984521820727, 11.45119644182765], [76.6598457454375, 11.45128684097454], [76.65966246159515, 11.451287881070925], [76.65966298876249, 11.4513782802268], [76.6595713468054, 11.451378800243551], [76.65957081966499, 11.451288401078694], [76.65947917772586, 11.451288921059513], [76.6594786506214, 11.451198521894657], [76.65865387327698, 11.451203200374556], [76.65865334643303, 11.451112801173766], [76.65856170451185, 11.451113320858141], [76.6585601240968, 11.450842123237805], [76.65846848225647, 11.450842642877266], [76.65846742872128, 11.450661844448737], [76.65855907049873, 11.450661324818261], [76.65855801692761, 11.450480526398715], [76.65864965864216, 11.45048000674129], [76.65864755143706, 11.450118409911182], [76.6585559098303, 11.45011892954166], [76.65855432955897, 11.449847731903358], [76.65846268804204, 11.449848251497901], [76.65846216132385, 11.449757852279145], [76.65827887833491, 11.449758891378401], [76.65827835167961, 11.449668492150662], [76.6580950687266, 11.449669531124153], [76.65809454213418, 11.44957913188743], [76.65781961776305, 11.449580690114107], [76.65781909126046, 11.4494902908684], [76.6574525254892, 11.449492368096731], [76.65745094634974, 11.449221170287752]]]}, "id": "+8115+3397", "properties": {"count": 708, "water": 1}}, {"type": "Feature", "geometry": {"geodesic": false, "type": "Polygon", "coordinates": [[[76.67733062584908, 11.448023040418043], [76.67742226589277, 11.448022514993434], [76.67742173324571, 11.44793211663706], [76.67760501326123, 11.447931065715977], [76.67760448056026, 11.447840667368586], [76.67778776050392, 11.447839616339705], [76.67778829326777, 11.44793001467811], [76.67787993325756, 11.44792948910977], [76.67788153166588, 11.448200684107025], [76.67769825149765, 11.448201735234722], [76.67769931700737, 11.448382531911536], [76.6774243965529, 11.44838410840096], [76.67742333121386, 11.448203311697197], [76.67733169110728, 11.448203837130789], [76.67733062584908, 11.448023040418043]]]}, "id": "+8302+3398", "properties": {"count": 25, "water": 1}}]}