{"type": "FeatureCollection", "columns": {"count": "Long<0, 4294967295>", "system:index": "String", "water": "Byte<0, 1>"}, "features": [{"type": "Feature", "geometry": {"geodesic": false, "type": "Polygon", "coordinates": [[[78.8028335307303, 11.234365730008957], [78.80283489925075, 11.234184986503424], [78.80292644289622, 11.23418566198262], [78.80292781133583, 11.23400491845912], [78.80283626775324, 11.23400424298891], [78.802836951991, 11.233913871240635], [78.80329466985907, 11.233917248277283], [78.80329535394412, 11.233826876493076], [78.80347844108236, 11.233828227110106], [78.80347638895297, 11.234099342489676], [78.80356793261642, 11.23410001777124], [78.80356519648281, 11.234461504952984], [78.80301593392721, 11.234457452724603], [78.8030152497164, 11.234547824490845], [78.80292370594515, 11.234547149011648], [78.80292507442967, 11.234366405497134], [78.8028335307303, 11.234365730008957]]]}, "id": "+6019+5728", "properties": {"count": 46, "water": 1}}, {"type": "Feature", "geometry": {"geodesic": false, "type": "MultiPolygon", "coordinates": [[[[78.80847170496669, 11.239378021881869], [78.80847033931187, 11.239558766007239], [78.80828724795154, 11.239557417788712], [78.80828588215299, 11.239738161896115], [78.80819433642341, 11.23973748772846], [78.80819706811036, 11.239375999540604], [78.80847170496669, 11.239378021881869]]], [[[78.8104727474114, 11.24110991607781], [78.810472065105, 11.241200288257277], [78.81038051878255, 11.241199614673528], [78.81037983643124, 11.24128998684401], [78.81028829008184, 11.241289313233311], [78.81028897246009, 11.241198941071811], [78.81019742614662, 11.241198267434163], [78.81019879093907, 11.241017523120147], [78.81029033718966, 11.24101819673983], [78.81028965482936, 11.241108568910311], [78.8104727474114, 11.24110991607781]]], [[[78.8104727474114, 11.24110991607781], [78.8104741120152, 11.240929171727863], [78.81019947331733, 11.240927150958647], [78.81020083807383, 11.24074640663565], [78.81010929191307, 11.240745733006984], [78.8101099743093, 11.240655360845485], [78.81001842817548, 11.24065468718987], [78.8100177457523, 11.240745059342386], [78.80992619960053, 11.240744385650839], [78.80992551714142, 11.240834757794373], [78.8098339709627, 11.240834084075875], [78.80983328846766, 11.240924456210426], [78.80965019608325, 11.240923108665633], [78.80964951352534, 11.241013480791201], [78.80955796731068, 11.241012806973888], [78.80955864989555, 11.240922434857305], [78.80937555753809, 11.240921087141833], [78.80937487489932, 11.241011459249435], [78.80928332870263, 11.241010785351275], [78.80928401136835, 11.240920413243675], [78.80919246520759, 11.240919739318565], [78.80919314790026, 11.240829367219947], [78.8090100556506, 11.240828019297863], [78.80900937290403, 11.240918391387497], [78.80882628061845, 11.240917043330667], [78.80882764621937, 11.240736299178348], [78.80873610014844, 11.240735625127474], [78.80873678296688, 11.240645253046823], [78.80864523693188, 11.240644578969], [78.80864591977725, 11.240554206906316], [78.80855437376921, 11.240553532801544], [78.80855505663256, 11.240463160738859], [78.80901278659194, 11.240466530930345], [78.80901346931155, 11.240376158840709], [78.80892192333944, 11.240375484861701], [78.80892260607703, 11.24028511278105], [78.80873951420466, 11.240283764751169], [78.80874019699614, 11.240193392679501], [78.80892328881461, 11.240194740691416], [78.8089246542718, 11.240013996512149], [78.80883310841648, 11.24001332253314], [78.80883379116304, 11.239922950452488], [78.80874224534364, 11.239922276446531], [78.80874156257012, 11.2400126485182], [78.80855847088641, 11.240011300416452], [78.80855983655022, 11.239830556282099], [78.80892601970206, 11.239833252341862], [78.80892670241269, 11.239742880252228], [78.80910979397065, 11.239744228093464], [78.80911047661839, 11.239653855994847], [78.80865274790766, 11.239650486189637], [78.80865343069016, 11.23956011411797], [78.80874497639277, 11.239560788123926], [78.8087470246145, 11.239289671881973], [78.80856393338894, 11.239288323870058], [78.80856325059744, 11.239378695941726], [78.80847170496669, 11.239378021881869], [78.80847511901393, 11.23892616155048], [78.80856666450096, 11.238926835574404], [78.80856598173642, 11.239017207646071], [78.80893216386418, 11.239019903508206], [78.80893148120745, 11.23911027559784], [78.80929766354183, 11.239112971028783], [78.8092969809929, 11.239203343145366], [78.80938852661467, 11.239204016935728], [78.80938784408369, 11.239294389061294], [78.80975402676842, 11.239297083971215], [78.80975197948094, 11.239568200392831], [78.81057589163096, 11.239574262448947], [78.81057520945033, 11.23966463464638], [78.81084984702532, 11.239666654840672], [78.81084916491656, 11.239757027047087], [78.81057452726073, 11.239755006834828], [78.81057384506214, 11.239845379023276], [78.81066539097137, 11.239846052463296], [78.8106640266191, 11.240026796849177], [78.81057248065596, 11.240026123400174], [78.8105717984394, 11.240116495588623], [78.81075489043754, 11.240117842468662], [78.8107555725912, 11.24002747027123], [78.81084711857231, 11.240028143666333], [78.81084643644557, 11.240118515872748], [78.81093798245362, 11.240119189240902], [78.8109386645534, 11.240028817025504], [78.81103021054349, 11.240029490366707], [78.81103089260733, 11.239939118151309], [78.81121398454258, 11.23994046472592], [78.81121466654355, 11.239850092492555], [78.8113062124977, 11.239850765734944], [78.81130689446272, 11.23976039350158], [78.81121534854451, 11.239759720268173], [78.81121603053649, 11.239669348034809], [78.81112448464522, 11.239668674783436], [78.81112516666416, 11.239578302559055], [78.81094207496247, 11.239576955966477], [78.81094275702631, 11.239486583751079], [78.81112584866511, 11.239487930334674], [78.81112653066607, 11.23939755810131], [78.81130962227793, 11.239398904559138], [78.81131030421601, 11.239308532325774], [78.81149339579193, 11.239309878648857], [78.81148998632611, 11.239761739887545], [78.81158153226228, 11.239762413040104], [78.81157812279646, 11.240214274287775], [78.81166966887636, 11.240214947440332], [78.81166557749941, 11.240757180957301], [78.81157403123983, 11.240756507768811], [78.81157334929277, 11.240846880011159], [78.81148180301523, 11.240846206795718], [78.81148112103223, 11.240936579038067], [78.81138957472774, 11.240935905786694], [78.8113888927088, 11.241026278020058], [78.81120580006389, 11.241024931418497], [78.81120511799107, 11.241115303642879], [78.81102202531021, 11.241113956915555], [78.81102270744593, 11.24102358470914], [78.81093116114143, 11.241022911314037], [78.81093320759348, 11.240751794694791], [78.8108416613878, 11.240751121290705], [78.81084234355944, 11.24066074908429], [78.81065925121098, 11.240659402195268], [78.8106578867509, 11.240840146572166], [78.81056634052726, 11.240839473078248], [78.81056429371588, 11.241110589625627], [78.8104727474114, 11.24110991607781]], [[78.80928469403406, 11.240830041136073], [78.8092853766908, 11.240739669037456], [78.80937692280665, 11.24074034291765], [78.80937624017686, 11.240830715034233], [78.80928469403406, 11.240830041136073]], [[78.80928605934753, 11.240649296929856], [78.80928742463405, 11.240468552714654], [78.80947051669506, 11.240469900421143], [78.80946983411019, 11.240560272546709], [78.80937828804825, 11.240559598693466], [78.80937760542744, 11.240649970810049], [78.80928605934753, 11.240649296929856]], [[78.80955933247144, 11.240832062731739], [78.80956001504732, 11.240741690606171], [78.80974310731494, 11.240743038186896], [78.80974242479296, 11.240833410321446], [78.80955933247144, 11.240832062731739]], [[78.80956342781894, 11.24028982998732], [78.80956479288987, 11.240109085736188], [78.80974788476223, 11.240110433236064], [78.80974720228517, 11.240200805370613], [78.80965565632204, 11.24020013163415], [78.80965497380903, 11.240290503759717], [78.80956342781894, 11.24028982998732]], [[78.809745154827, 11.240471921783247], [78.8097465197991, 11.240291177514147], [78.80983806579817, 11.240291851232643], [78.80983738333907, 11.240382223367194], [78.80992892937407, 11.240382897067724], [78.80992824694191, 11.240473269211256], [78.809745154827, 11.240471921783247]], [[78.81001979300386, 11.240473942884837], [78.81002047541804, 11.240383570732321], [78.81011202146203, 11.24038424436997], [78.81011133908378, 11.240474616531468], [78.81001979300386, 11.240473942884837]], [[78.81011475091216, 11.240022755732955], [78.8101161156058, 11.239842011409957], [78.81020766148808, 11.239842684993706], [78.81020629684835, 11.240023429325687], [78.81011475091216, 11.240022755732955]], [[78.81056975177177, 11.24038761215397], [78.8105704339973, 11.240297239965521], [78.81066198005027, 11.240297913432489], [78.81066129785167, 11.240388285620938], [78.81056975177177, 11.24038761215397]], [[78.81129939249703, 11.240754488050625], [78.81130212057276, 11.240392999135134], [78.8114852128314, 11.240394345592962], [78.81148248498924, 11.240755834562353], [78.81129939249703, 11.240754488050625]]]]}, "id": "+6075+5672", "properties": {"count": 479, "water": 1}}, {"type": "Feature", "geometry": {"geodesic": false, "type": "Polygon", "coordinates": [[[78.81545548206144, 11.211593075822927], [78.81545887660624, 11.21114121253608], [78.81555041377487, 11.211141882778097], [78.81555177148859, 11.210961137448985], [78.81564330860331, 11.210961807646086], [78.81564398742425, 11.21087143498153], [78.815735524521, 11.210872105151681], [78.815736882091, 11.21069135979562], [78.81582841913385, 11.210692029920857], [78.81582909788293, 11.210601657238334], [78.81592063489883, 11.21060232733662], [78.81591927745461, 11.21078307271963], [78.81582774037581, 11.210782402603378], [78.8158243465227, 11.211234266015989], [78.81573280930917, 11.211233595854821], [78.81572941515961, 11.211685459222517], [78.81554634047201, 11.21168411875645], [78.8155470193738, 11.211593746091895], [78.81545548206144, 11.211593075822927]]]}, "id": "+6153+5986", "properties": {"count": 30, "water": 1}}, {"type": "Feature", "geometry": {"geodesic": false, "type": "MultiPolygon", "coordinates": [[[[78.81925555352228, 11.2905205540425], [78.81925964924709, 11.2899783195823], [78.8193512115416, 11.289978993300798], [78.81934984638085, 11.290159738135836], [78.81944140873823, 11.290160411836366], [78.81944004361341, 11.290341156680388], [78.81934848119315, 11.290340482961891], [78.81934711598747, 11.29052122779693], [78.81925555352228, 11.2905205540425]]], [[[78.81925555352228, 11.2905205540425], [78.81925418823577, 11.290701298859572], [78.8194373132919, 11.290702646350464], [78.81943594809522, 11.290883391185503], [78.81952751068616, 11.290884064904], [78.81952682811027, 11.29097443732601], [78.81961839073715, 11.290975111026542], [78.81961770817924, 11.291065483448552], [78.81943458287158, 11.291064136020543], [78.81943526548339, 11.290973763607514], [78.81916057765665, 11.290971742272362], [78.8191639910571, 11.29051988026112], [78.81925555352228, 11.2905205540425]]]]}, "id": "+6197+5108", "properties": {"count": 22, "water": 1}}, {"type": "Feature", "geometry": {"geodesic": false, "type": "MultiPolygon", "coordinates": [[[[78.8190686098267, 11.242438324004816], [78.81906793010745, 11.242528696687339], [78.81879328831937, 11.24252668357177], [78.81879396811946, 11.242436310898231], [78.8190686098267, 11.242438324004816]]], [[[78.82273796824802, 11.241471039181354], [78.82264642108115, 11.241470369361545], [78.8226470996236, 11.24137999644546], [78.82273864675454, 11.241380666265268], [78.82273796824802, 11.241471039181354]]], [[[78.82410710775731, 11.24202332110936], [78.8241986551847, 11.242023990515943], [78.82419797709142, 11.242114363521859], [78.82410642963708, 11.242113694106292], [78.82410710775731, 11.24202332110936]]], [[[78.82273796824802, 11.241471039181354], [78.8228295154149, 11.241471708974212], [78.82282883692635, 11.24156208189928], [78.82292038412915, 11.241562751665189], [78.82291970566754, 11.241653124590256], [78.82301125290628, 11.2416537943382], [78.82301193134094, 11.241563421413133], [78.82383585646265, 11.241569447833081], [78.82383653463678, 11.241479074845131], [78.824111176362, 11.241481083127765], [78.82411049827768, 11.24157145613368], [78.82401895100301, 11.241570786727097], [78.82401827288277, 11.241661159715045], [78.82392672558115, 11.241660490281513], [78.82392604742498, 11.24175086326048], [78.82383450010538, 11.241750193791013], [78.82383314372117, 11.241930939748947], [78.82410778587756, 11.241932948121411], [78.82410710775731, 11.24202332110936], [78.8239240129295, 11.242021982215345], [78.82392333474637, 11.242112355203293], [78.82364869245524, 11.2421103466332], [78.82364801419126, 11.242200719603185], [78.82355646673693, 11.242200050016937], [78.82355714503683, 11.242109677055938], [78.8231909554261, 11.242106998459423], [78.82319163382482, 11.24201662551639], [78.82255080241703, 11.242011936930444], [78.8225501238117, 11.242102309828562], [78.8221839344525, 11.242099629992373], [78.82218325573038, 11.242190002872524], [78.82163397168709, 11.242185982246875], [78.82163465058888, 11.242095609402655], [78.82154310329624, 11.242094939205554], [78.82154242436751, 11.24218531204079], [78.82053540423831, 11.242177937950286], [78.82053472499518, 11.242268310731623], [78.82035163044584, 11.242266969609785], [78.82035095113982, 11.242357342382139], [78.82007630927089, 11.242355330470314], [78.82007562987503, 11.242445703224702], [78.8190686098267, 11.242438324004816], [78.81906996923823, 11.242257578621805], [78.81916151643206, 11.242258249591458], [78.81916083675773, 11.242348622282963], [78.81961857294245, 11.242351976726981], [78.81961925247305, 11.242261604008526], [78.81971079970279, 11.242262274807498], [78.81971283817781, 11.241991156616201], [78.81980438532672, 11.241991827370258], [78.81980574422622, 11.241811081897415], [78.81989729132123, 11.24181175261554], [78.81989865014884, 11.241631007133714], [78.82008174424006, 11.24163234845318], [78.82008242358201, 11.241541975698793], [78.82026551764626, 11.241543316901478], [78.8202668762044, 11.241362571365753], [78.82035842318263, 11.241363241913197], [78.82035910242575, 11.241272869140843], [78.82045064938602, 11.241273539652354], [78.82045200780043, 11.241092794089681], [78.82063510162213, 11.241094135013888], [78.82063578075747, 11.241003762223569], [78.82072732764587, 11.241004432636265], [78.82072800675425, 11.240914059836962], [78.82081955362469, 11.240914730213726], [78.82082023269714, 11.240824357414423], [78.82091177954062, 11.240825027755253], [78.82090906334064, 11.2411865189884], [78.82081751638037, 11.241185848620619], [78.82081615818156, 11.241366594228209], [78.82127389332423, 11.24136994583355], [78.82127321435956, 11.241460318659803], [78.82191404400666, 11.241465009778997], [78.82191336523066, 11.241555382641183], [78.82200491237957, 11.241556052694554], [78.8220042336305, 11.241646425565722], [78.82273661121702, 11.241651785013522], [78.82273796824802, 11.241471039181354]], [[78.82118030929033, 11.24164039403436], [78.82118098829092, 11.24155002121709], [78.8213640824989, 11.241551361737056], [78.82136340355221, 11.24164173457229], [78.82118030929033, 11.24164039403436]]]]}, "id": "+6210+5652", "properties": {"count": 363, "water": 1}}, {"type": "Feature", "geometry": {"geodesic": false, "type": "Polygon", "coordinates": [[[78.82093757185228, 11.212988837211098], [78.82093892645783, 11.212808091253166], [78.82112200251086, 11.212809428539195], [78.82112267975076, 11.212719055551247], [78.82121421775481, 11.212719724149347], [78.82121557215375, 11.21253897815548], [78.82139864807203, 11.212540315243883], [78.82139729378989, 11.212721061264697], [78.8214888318119, 11.212721729781949], [78.82148680043359, 11.212992848817661], [78.82093757185228, 11.212988837211098]]]}, "id": "+6213+5965", "properties": {"count": 20, "water": 1}}, {"type": "Feature", "geometry": {"geodesic": false, "type": "Polygon", "coordinates": [[[78.82071441383366, 11.291344683117707], [78.82071509606818, 11.291254310632814], [78.82080665885675, 11.291254983974019], [78.82080734104636, 11.29116461147116], [78.82126515493535, 11.29116797774599], [78.82126447288049, 11.291258350266816], [78.8214475985385, 11.291259696589899], [78.82144691653752, 11.291350069119707], [78.82153847939797, 11.291350742245315], [78.82153779742396, 11.291441114784108], [78.82144623452758, 11.2914404416585], [78.82144555251763, 11.29153081419729], [78.82117086379257, 11.291528794622835], [78.82117018168381, 11.291619167134678], [78.8210786187605, 11.291618493883306], [78.8210793008962, 11.291528121371462], [78.82098773799983, 11.291527448102123], [78.82098910230718, 11.291346703087422], [78.82071441383366, 11.291344683117707]]]}, "id": "+6218+5095", "properties": {"count": 25, "water": 1}}, {"type": "Feature", "geometry": {"geodesic": false, "type": "Polygon", "coordinates": [[[78.82447329749381, 11.242025998565014], [78.82447465349175, 11.241845252526232], [78.8245662008832, 11.241845921807052], [78.82456687884175, 11.24175554878317], [78.82484152097119, 11.241757556445965], [78.8248421988399, 11.241667183404116], [78.82493374619543, 11.241667852559171], [78.8249323905119, 11.24184859865185], [78.82529858022144, 11.241851275047493], [78.82529925795541, 11.241760901978695], [78.82539080537381, 11.241761570999003], [78.82539148307184, 11.241671197930206], [78.82548303046329, 11.24167186691458], [78.82548167512113, 11.241852613079125], [78.8256647700298, 11.241853950993978], [78.82566409240363, 11.241944324080741], [78.82529790248748, 11.24194164811629], [78.82529722473554, 11.24203202118509], [78.82465639240249, 11.242027337117669], [78.82465707034306, 11.241936964093787], [78.82456552291568, 11.241936294830934], [78.82456484494814, 11.242026667854816], [78.82447329749381, 11.242025998565014]]]}, "id": "+6260+5643", "properties": {"count": 29, "water": 1}}, {"type": "Feature", "geometry": {"geodesic": false, "type": "MultiPolygon", "coordinates": [[[[78.82694711232209, 11.241772940086221], [78.82694778953503, 11.241682566918609], [78.8270393370253, 11.241683235435861], [78.8270386598393, 11.241773608603474], [78.82694711232209, 11.241772940086221]]], [[[78.82694711232209, 11.241772940086221], [78.82694575786925, 11.241953686421446], [78.82657956762071, 11.241951012029048], [78.82657889027303, 11.242041385178695], [78.82630424756866, 11.242039379069984], [78.8263049249972, 11.241949005947289], [78.82584718740213, 11.241945661896779], [78.82584854253768, 11.2417649156963], [78.82594008998304, 11.241765584545927], [78.82594076751039, 11.241675211441198], [78.82603231493778, 11.241675880263877], [78.82603299243819, 11.241585507150162], [78.82621608724804, 11.241586844696705], [78.82621473237299, 11.241767590942098], [78.82639782732657, 11.241768928398809], [78.8263985047102, 11.241678555267129], [78.82667314709117, 11.241680561223125], [78.82667246979739, 11.241770934372772], [78.82694711232209, 11.241772940086221]]]]}, "id": "+6268+5644", "properties": {"count": 36, "water": 1}}, {"type": "Feature", "geometry": {"geodesic": false, "type": "Polygon", "coordinates": [[[78.83786488826895, 11.238689212101537], [78.83786623550832, 11.238508464409856], [78.83804932982409, 11.238509794320718], [78.8380500033809, 11.238419420470386], [78.83814155052082, 11.238420085376411], [78.83814087699096, 11.238510459235727], [78.8387817073118, 11.23851511283229], [78.83878103397059, 11.23860548672754], [78.83887258121833, 11.23860615142695], [78.83887056126657, 11.23887727313066], [78.838779013938, 11.238876608422267], [78.83877834057883, 11.238966982317514], [78.8385036985482, 11.238964988003683], [78.8385043719972, 11.238874614126402], [78.838046635543, 11.23887128973103], [78.83804730911775, 11.238780915880698], [78.83795576187003, 11.238780250920776], [78.83795643548073, 11.238689877079427], [78.83786488826895, 11.238689212101537]]]}, "id": "+6398+5680", "properties": {"count": 44, "water": 1}}, {"type": "Feature", "geometry": {"geodesic": false, "type": "Polygon", "coordinates": [[[78.83781232776981, 11.245738370019959], [78.83781502403619, 11.245376874825242], [78.83854741873562, 11.245382197118722], [78.83854472338552, 11.245743692484119], [78.83781232776981, 11.245738370019959]]]}, "id": "+6403+5603", "properties": {"count": 32, "water": 1}}, {"type": "Feature", "geometry": {"geodesic": false, "type": "Polygon", "coordinates": [[[78.8390347911141, 11.229117552436128], [78.83903546379055, 11.229027178460031], [78.83912700801993, 11.229027842521639], [78.83912835329198, 11.228847094569446], [78.83921989747645, 11.228847758586138], [78.83922057007206, 11.228757384601058], [78.83931211423857, 11.228758048581817], [78.83931278679823, 11.228667674596737], [78.83940433093778, 11.228668338541565], [78.8394050034705, 11.228577964547501], [78.83958809170468, 11.228579292356306], [78.83958607426823, 11.228850414374428], [78.83967761848862, 11.228851078247388], [78.83967627355793, 11.229031826271445], [78.83958472928363, 11.229031162380519], [78.83958338428107, 11.22921191038661], [78.83976647293747, 11.229213238159481], [78.83976714538935, 11.22912286413847], [78.83985868969957, 11.229123527975498], [78.83986070692943, 11.228852405921446], [78.84022688388289, 11.228855060919217], [78.84022553929356, 11.229035809006158], [78.84013399499231, 11.22903514528591], [78.84013130563397, 11.229396641423856], [78.840222850052, 11.229397305171053], [78.8402215053998, 11.22957805324901], [78.8403130498807, 11.229578716969257], [78.84031170525543, 11.229759465056198], [78.84022016072062, 11.229758801326966], [78.84021814365246, 11.230029923434918], [78.84012659903681, 11.230029259651788], [78.84012525424086, 11.23021000771178], [78.83994216491072, 11.230208680046704], [78.83994418226635, 11.229937557992653], [78.83976109312486, 11.229936230246729], [78.83976042062807, 11.230026604258759], [78.83957733145066, 11.230025276387071], [78.83957665889099, 11.230115650381135], [78.83948511428432, 11.230114986400375], [78.83948444167973, 11.230205360394438], [78.83930135243044, 11.230204032334106], [78.83930337037894, 11.229932910396833], [78.83939491492274, 11.229933574422509], [78.83939760532311, 11.229572078464225], [78.8396722386311, 11.22957407031667], [78.83967358363365, 11.229393322301595], [78.83949049486947, 11.229391994456858], [78.83949183995287, 11.22921124645975], [78.83940029564265, 11.22921058250594], [78.83939962307399, 11.229300956500003], [78.8393080787368, 11.22930029251026], [78.83930740613222, 11.22939066649534], [78.8392158617681, 11.229390002469664], [78.83921720703117, 11.22920925450849], [78.83912566272991, 11.229208590473831], [78.83912633537942, 11.229118216497735], [78.8390347911141, 11.229117552436128]], [[78.83930942392801, 11.229119544531118], [78.83931076909226, 11.228938796560959], [78.83940231331268, 11.228939460523753], [78.83940096820231, 11.229120208511878], [78.83930942392801, 11.229119544531118]], [[78.83967022108683, 11.229845192325806], [78.83967156612533, 11.229664444319715], [78.83976311059726, 11.229665108219626], [78.83976378307608, 11.229574734207597], [78.83985532753005, 11.229575398071576], [78.83985331015646, 11.229846520116645], [78.83967022108683, 11.229845192325806]], [[78.8397644555549, 11.229484360195569], [78.83976580047661, 11.22930361217151], [78.83985734484973, 11.229304276017523], [78.83985599997293, 11.229485024050563], [78.8397644555549, 11.229484360195569]]]}, "id": "+6413+5789", "properties": {"count": 122, "water": 1}}, {"type": "Feature", "geometry": {"geodesic": false, "type": "Polygon", "coordinates": [[[78.84285252642687, 11.158649412247025], [78.84285386074845, 11.158468663001257], [78.84294538304997, 11.158469321771788], [78.8429467172907, 11.158288572517039], [78.8430382395383, 11.158289231251636], [78.84303890662724, 11.158198856610786], [78.8432219510955, 11.158200173990151], [78.84322261811258, 11.158109799340318], [78.84377175148144, 11.158113750759759], [78.84377108462607, 11.158204125445524], [78.84386260690063, 11.15820478391961], [78.84386127324379, 11.158385533300123], [78.84376975090635, 11.158384874808071], [78.84376841716866, 11.158565624161636], [78.84385993955102, 11.15856628266267], [78.84385927270463, 11.158656657348436], [78.84376775028635, 11.1586559988474], [78.84376641650375, 11.158836748200965], [78.84367489404055, 11.158836089655013], [78.84367422711331, 11.158926464322812], [78.84321661471644, 11.15892317115288], [78.8432172817874, 11.15883279651203], [78.84294271449662, 11.158830820290271], [78.84294404878227, 11.15865007103552], [78.84285252642687, 11.158649412247025]]]}, "id": "+6453+6569", "properties": {"count": 78, "water": 1}}, {"type": "Feature", "geometry": {"geodesic": false, "type": "Polygon", "coordinates": [[[78.84477516376086, 11.158572866136911], [78.84477583032876, 11.158482491397246], [78.84514192005581, 11.158485123982052], [78.84514125360468, 11.158575498739683], [78.84523277608585, 11.158576156827493], [78.84523410892523, 11.158395407294266], [78.84514258650694, 11.15839474922442], [78.84514325294009, 11.158304374457808], [78.84532629773176, 11.158305690561564], [78.84532696410203, 11.158215315785966], [78.84578457603178, 11.15821860553332], [78.84578324356072, 11.158399355129427], [78.84587476601494, 11.158400013010626], [78.84587276734428, 11.158671137427248], [78.84596428988833, 11.15867179529048], [78.84595962632046, 11.159304418944238], [78.84559353536272, 11.159301787158933], [78.84559420171503, 11.159211412374352], [78.8452281109639, 11.159208780175822], [78.84522877742401, 11.15911840540921], [78.84504573214727, 11.159117089152739], [78.8450470651663, 11.158936339655444], [78.84513858774628, 11.158936997779188], [78.84514058715355, 11.158665873506296], [78.84504906465442, 11.158665215391537], [78.84504773167131, 11.158845964897814], [78.84495620911828, 11.158845306747121], [78.84495687564127, 11.158754931998473], [78.84486535312418, 11.158754273820831], [78.84486668621507, 11.15857352433252], [78.84477516376086, 11.158572866136911]]]}, "id": "+6475+6568", "properties": {"count": 103, "water": 1}}, {"type": "Feature", "geometry": {"geodesic": false, "type": "MultiPolygon", "coordinates": [[[[78.84561861558883, 11.230159411073581], [78.8456152620611, 11.230611282849509], [78.84579835233447, 11.230612607083017], [78.84579634032383, 11.230883730170133], [78.8457047950973, 11.23088306805787], [78.84570345367004, 11.23106381677363], [78.84552036312719, 11.231062492441307], [78.84552170466225, 11.230881743743511], [78.84561324987978, 11.230882405918658], [78.8456139206069, 11.230792031565269], [78.84533928507108, 11.23079004497695], [78.84533995588802, 11.230699670641528], [78.84543150103369, 11.23070033286159], [78.8454328425867, 11.230519584172779], [78.84552438767848, 11.230520246347924], [78.84552707059589, 11.230158748943353], [78.84561861558883, 11.230159411073581]]], [[[78.84607768168442, 11.229981972514896], [78.8460783522139, 11.229891598134557], [78.84616989715295, 11.229892260076141], [78.84617056764648, 11.22980188568682], [78.84626211255859, 11.22980254759247], [78.84626010113186, 11.230073670787384], [78.84616855612992, 11.230073008854784], [78.84616922664144, 11.229982634465463], [78.84607768168442, 11.229981972514896]]], [[[78.84607768168442, 11.229981972514896], [78.84607701114595, 11.230072346904217], [78.84571083123703, 11.230069698805506], [78.8457101605728, 11.230160073167879], [78.84561861558883, 11.230159411073581], [78.84561928627103, 11.23006903671121], [78.84552774131402, 11.230068374589964], [78.84552841202316, 11.229978000236574], [78.84561995695321, 11.229978662357821], [78.84562129829963, 11.229797913633078], [78.84580438806096, 11.229799237767773], [78.84580505867129, 11.229708863396418], [78.84589660352948, 11.229709525409866], [78.84589459177037, 11.229980648532914], [78.84607768168442, 11.229981972514896]]]]}, "id": "+6482+5777", "properties": {"count": 39, "water": 1}}, {"type": "Feature", "geometry": {"geodesic": false, "type": "Polygon", "coordinates": [[[78.84626816131066, 11.154697275816423], [78.84627015888537, 11.154426151256072], [78.84636168013586, 11.154426808750994], [78.84636234594917, 11.154336433894548], [78.84654538840522, 11.154337748794562], [78.8465447226368, 11.15442812365999], [78.84672776516472, 11.15442943846119], [78.84672709945919, 11.154519813335602], [78.84691014206794, 11.154521128037986], [78.84690947640733, 11.154611502930363], [78.84700099774764, 11.15461216023664], [78.84699966646235, 11.154792910030379], [78.84709118786554, 11.154793567327673], [78.84709052224088, 11.154883942220051], [78.84681595796842, 11.154881970238339], [78.84681662367394, 11.154791595354943], [78.84635901679273, 11.154788308185758], [78.84635968264199, 11.154697933329313], [78.84626816131066, 11.154697275816423]]]}, "id": "+6483+6611", "properties": {"count": 32, "water": 1}}, {"type": "Feature", "geometry": {"geodesic": false, "type": "Polygon", "coordinates": [[[78.846737084539, 11.153164190075698], [78.84673775016367, 11.153073815183319], [78.84701231272933, 11.15307578693147], [78.84701164718551, 11.15316616183283], [78.84710316808564, 11.15316681903131], [78.84710250256876, 11.153257193941654], [78.84728554443191, 11.153258508257762], [78.84728487895995, 11.15334888317709], [78.84746792090395, 11.153350197403368], [78.8474672554859, 11.153440572331679], [78.84774181853663, 11.153442543468973], [78.84774115319044, 11.15353291841525], [78.84801571637594, 11.153534889318983], [78.8480163816323, 11.15344451435474], [78.84810790266718, 11.153445171256775], [78.84810723744675, 11.153535546230001], [78.84819875852655, 11.15353620311407], [78.84819809332409, 11.153626578087296], [78.84828961443083, 11.153627234944414], [78.84828828406182, 11.153807984899851], [78.84819676290118, 11.153807328033748], [78.84819543245133, 11.153988077971217], [78.84810391123678, 11.153987421060199], [78.84810457648416, 11.153897046095956], [78.84801305530556, 11.153896389166972], [78.84801372057989, 11.153806014202729], [78.84764763600917, 11.153803386208315], [78.84764896677342, 11.153622636333727], [78.8472828825261, 11.153620007935071], [78.84728354800704, 11.153529633015745], [78.84710050597322, 11.153528318663703], [78.84710117150806, 11.153437943762341], [78.84700965052707, 11.153437286545897], [78.84701031608887, 11.153346911644537], [78.84691879514382, 11.153346254410124], [78.84691946072357, 11.153255879508764], [78.84682793981446, 11.153255222247402], [78.84682860541218, 11.153164847355026], [78.846737084539, 11.153164190075698]]]}, "id": "+6488+6625", "properties": {"count": 50, "water": 1}}, {"type": "Feature", "geometry": {"geodesic": false, "type": "Polygon", "coordinates": [[[78.84810125015741, 11.154348920917172], [78.84810191543176, 11.15425854595293], [78.84819343673612, 11.154259202881914], [78.84819410198351, 11.15416882791767], [78.84828562326094, 11.154169484810721], [78.8482862884724, 11.154079109837495], [78.84837780973186, 11.154079766694615], [78.8483791400739, 11.153899016730195], [78.84865370371755, 11.153900987112905], [78.84865303863185, 11.153991362113082], [78.84874455988233, 11.153992018853419], [78.8487438948236, 11.154082393862579], [78.84892693739641, 11.15408370727139], [78.84892494234597, 11.154354832307849], [78.84855885687693, 11.154352205301581], [78.84855952200753, 11.15426183031039], [78.84828495804949, 11.154259859783949], [78.84828429282905, 11.154350234757175], [78.84810125015741, 11.154348920917172]]]}, "id": "+6506+6616", "properties": {"count": 28, "water": 1}}, {"type": "Feature", "geometry": {"geodesic": false, "type": "Polygon", "coordinates": [[[78.84991173384329, 11.15707330617836], [78.84991306361042, 11.156892556061226], [78.85000458584005, 11.156893212594952], [78.8500065803605, 11.156622087405779], [78.85018962468503, 11.156623400347465], [78.85018895990477, 11.156713775419506], [78.85037200431016, 11.156715088253394], [78.8503713395838, 11.156805463343401], [78.85046286181344, 11.156806119724413], [78.85046219711403, 11.15689649481442], [78.85064524166314, 11.15689780750458], [78.85064457700865, 11.15698818260357], [78.85073609931914, 11.156988838912717], [78.85073477005507, 11.15716958911968], [78.85082629242844, 11.15717024541086], [78.85082562781885, 11.157260620518834], [78.85073410541854, 11.157259964227654], [78.85073277611852, 11.157440714425634], [78.8506412536643, 11.157440058089538], [78.85064058897387, 11.157530433188528], [78.8503660215663, 11.157528463991595], [78.85036668633758, 11.15743808891057], [78.85027516391031, 11.157437432466677], [78.85027582870853, 11.157347057385653], [78.85018430630821, 11.15734640091481], [78.8501849711244, 11.157256025851751], [78.850093448769, 11.157255369353958], [78.85009411360315, 11.1571649942909], [78.8500025912747, 11.157164337775141], [78.8500032561358, 11.157073962712085], [78.84991173384329, 11.15707330617836]]]}, "id": "+6523+6586", "properties": {"count": 58, "water": 1}}, {"type": "Feature", "geometry": {"geodesic": false, "type": "Polygon", "coordinates": [[[78.85017832270196, 11.158159776518263], [78.85017898757206, 11.158069401455204], [78.85027051019696, 11.15807005796198], [78.85027117503111, 11.157979682898922], [78.85036269762907, 11.15798033937875], [78.85036203282186, 11.15807071445079], [78.85054507808962, 11.158072027347561], [78.85054441333632, 11.158162402428584], [78.85063593600613, 11.158163058836546], [78.85063527127977, 11.158253433926554], [78.85072679398552, 11.158254090316548], [78.85072546455974, 11.158434840505546], [78.85063394179112, 11.158434184106568], [78.85063194753118, 11.15870530937659], [78.85054042468171, 11.158704652932695], [78.85053975989247, 11.158795028013719], [78.85044823702502, 11.158794371542877], [78.85044757219984, 11.158884746614916], [78.85035604930545, 11.15888409010814], [78.85035671416655, 11.1587937150361], [78.85026519131708, 11.158793058502374], [78.85026652106625, 11.15861230837626], [78.85044956666638, 11.158613621389811], [78.85045023148258, 11.158523246308787], [78.85054175426019, 11.158523902770646], [78.85054241904045, 11.15843352768064], [78.8504508962808, 11.158432871227763], [78.85045156108801, 11.158342496155722], [78.8503600383643, 11.158341839675895], [78.85036070318948, 11.158251464603854], [78.85026918051068, 11.158250808106061], [78.85026984535382, 11.158160433034022], [78.85017832270196, 11.158159776518263]]]}, "id": "+6525+6571", "properties": {"count": 27, "water": 1}}, {"type": "Feature", "geometry": {"geodesic": false, "type": "Polygon", "coordinates": [[[78.852590229827, 11.265367378789481], [78.85259157115546, 11.26518662966948], [78.8527746841023, 11.265187953615529], [78.85277535470364, 11.265097579046543], [78.85332469351721, 11.265101550175022], [78.85332402308654, 11.265191924779938], [78.85341557960489, 11.265192586550842], [78.85341625000859, 11.265102211936942], [78.85350780649999, 11.26510287366293], [78.85350847686777, 11.26501249904903], [78.8536000333322, 11.265013160748067], [78.85359936300036, 11.265103535361968], [78.85405714558306, 11.265106843452918], [78.85405647538596, 11.265197218093768], [78.8539649188227, 11.265196556529476], [78.85396424858966, 11.265286931170326], [78.85332335265589, 11.265282299384856], [78.85332268221624, 11.265372673989772], [78.852590229827, 11.265367378789481]]]}, "id": "+6569+5387", "properties": {"count": 37, "water": 1}}, {"type": "Feature", "geometry": {"geodesic": false, "type": "MultiPolygon", "coordinates": [[[[78.85429270045142, 11.233294930608505], [78.85429203226654, 11.233385305455966], [78.85420048574646, 11.233384645805087], [78.85420115395829, 11.233294270957625], [78.85429270045142, 11.233294930608505]]], [[[78.85429403681218, 11.233114180895614], [78.8541109439337, 11.233112861593856], [78.85411161216349, 11.233022486746393], [78.8542947049791, 11.233023806039169], [78.85429403681218, 11.233114180895614]]], [[[78.85429403681218, 11.233114180895614], [78.85456867616583, 11.233116159623673], [78.85456934425189, 11.233025784749262], [78.85466089068215, 11.233026444265395], [78.85466155873227, 11.232936069390982], [78.85447846592567, 11.232934750340752], [78.8544791340207, 11.23284437546634], [78.8548453195441, 11.232847013432055], [78.85484799143919, 11.232485513862542], [78.85503108400324, 11.232486832634295], [78.85503041609685, 11.23257720754464], [78.8551219624193, 11.232577866890093], [78.85512129453986, 11.232668241800436], [78.85521284088927, 11.232668901127923], [78.85521350874177, 11.232578526208595], [78.85557969411245, 11.232581163213112], [78.85557902636775, 11.232671538150406], [78.85585366554173, 11.232673515620823], [78.8558543331966, 11.232583140665563], [78.85576278682923, 11.23258248154469], [78.85576345451105, 11.232492106598412], [78.85567190817062, 11.23249144745059], [78.855673911261, 11.232220322620742], [78.85539927255412, 11.232218345060494], [78.85540060808844, 11.232037595203872], [78.8553090619187, 11.232036935975202], [78.85531039748895, 11.23185618611858], [78.85521885138209, 11.231855526871943], [78.85521951918967, 11.231765151952615], [78.85512797311874, 11.231764492679028], [78.85512930876085, 11.231583742849358], [78.8550377627528, 11.231583083566788], [78.85503976626539, 11.23131195882677], [78.85522285811979, 11.231313277346995], [78.85522352589143, 11.231222902418686], [78.85531507179168, 11.23122356162939], [78.85531640725414, 11.23104281177277], [78.85540795310946, 11.231043470947542], [78.85540862080926, 11.230953096010248], [78.85550016663764, 11.230953755149088], [78.85549949897378, 11.231044130086381], [78.8555910448381, 11.231044789207255], [78.855591712475, 11.230954414260978], [78.85604944175168, 11.230957709389239], [78.85605010924485, 11.230867334416011], [78.85595856340748, 11.230866675447851], [78.85595923091861, 11.230776300483608], [78.85577613931575, 11.230774982475424], [78.85577680688078, 11.230684607520164], [78.85559371535876, 11.230683289413165], [78.85559571818862, 11.230412164565351], [78.85577880953996, 11.230413482636418], [78.85577747443683, 11.230594232555921], [78.85586902018437, 11.230594891560013], [78.8558696877045, 11.23050451659577], [78.85605277914567, 11.230505834514124], [78.85605211167945, 11.23059620948735], [78.85596056592293, 11.230595550537156], [78.85595989842976, 11.230685925510382], [78.85605144420424, 11.230686584460576], [78.85605077672903, 11.230776959442785], [78.85623386836784, 11.230778277271307], [78.85623453578914, 11.230687902289098], [78.8563260815816, 11.230688561158443], [78.85632875110512, 11.23032706118469], [78.85669493389764, 11.230329696293762], [78.85669560114826, 11.230239321275619], [78.8569702382202, 11.23024129729975], [78.85697090538099, 11.230150922263642], [78.85706245104768, 11.230151580872475], [78.8570637852974, 11.229970830791276], [78.85733842218069, 11.22997280642913], [78.85733575400462, 11.230334306654411], [78.85742729976114, 11.230334965164431], [78.85742529865605, 11.23060609034462], [78.8575168445024, 11.230606748836674], [78.85751084113322, 11.231420124386227], [78.85760238723111, 11.231420782905229], [78.85760172019607, 11.231511157968287], [78.85751017406226, 11.231510499449286], [78.85750883990237, 11.231691249557434], [78.85760038609008, 11.231691908094403], [78.85758971247856, 11.233137909013495], [78.8576812591244, 11.233138567604362], [78.85768059200852, 11.23322894266742], [78.85758904532675, 11.23322828406757], [78.85758837817492, 11.233318659112662], [78.8574968314662, 11.23331800048586], [78.857494829885, 11.233589125621135], [78.85758637667458, 11.233589784265902], [78.85758437512033, 11.23386090941016], [78.85767592199974, 11.233861568054927], [78.85767658916053, 11.233771193000852], [78.857768136013, 11.233771851600702], [78.85776746888814, 11.23386222666376], [78.85785901577653, 11.233862885245644], [78.85785568017019, 11.234314760560933], [78.85776413313806, 11.2343141019521], [78.85776480029885, 11.234223726889041], [78.85767325329368, 11.23422306826224], [78.85767392048142, 11.234132693208167], [78.85758237351217, 11.234132034554417], [78.85758304072687, 11.234041659509325], [78.85739994686922, 11.234040342129962], [78.85740061412884, 11.233949967093853], [78.85712597347263, 11.233947990818194], [78.85712730813559, 11.23376724078191], [78.85703576131905, 11.233766581975447], [78.85703709602691, 11.233585831948147], [78.85694554927326, 11.233585173123718], [78.85694688400808, 11.2334044231054], [78.85685533731731, 11.233403764263004], [78.85685733946445, 11.233132639244511], [78.85658269967962, 11.233130662618509], [78.85658203222238, 11.2332210376097], [78.85639893900255, 11.233219719709314], [78.85639960652266, 11.233129344727105], [78.85630805994867, 11.233128685731996], [78.85630872748676, 11.233038310758769], [78.8562171809487, 11.233037651745693], [78.85621784851375, 11.232947276772467], [78.85612630201163, 11.232946617741426], [78.85612696960361, 11.232856242777183], [78.8556692373086, 11.232852947217731], [78.85566856958187, 11.232943322155025], [78.85576011605704, 11.232943981329797], [78.85575944834827, 11.233034356276073], [78.85566790184615, 11.233033697092319], [78.85566723410145, 11.233124072029613], [78.85557568758136, 11.233123412818907], [78.8555743520201, 11.233304162684512], [78.85529971230713, 11.233302184845783], [78.85529904443666, 11.233392559765111], [78.85511595126174, 11.233391241047258], [78.8551166191861, 11.233300866145896], [78.85493352610101, 11.233299547329228], [78.85493285811377, 11.23338992223059], [78.85484131154877, 11.233389262768355], [78.85484197956296, 11.233298887884962], [78.85429270045142, 11.233294930608505], [78.85429403681218, 11.233114180895614]], [[78.85694688400808, 11.2334044231054], [78.85694821872494, 11.233223673078099], [78.85713131200765, 11.233224990646109], [78.85713064471211, 11.23331536566425], [78.85703909803931, 11.23331470689372], [78.85703843070783, 11.233405081911863], [78.85694688400808, 11.2334044231054]], [[78.8558576713901, 11.232131265898246], [78.85585900662797, 11.231950515987727], [78.85595055279771, 11.231951175045719], [78.85595122038072, 11.231860800081476], [78.8560427665325, 11.231861459103534], [78.85604143142038, 11.232042209041003], [78.85594988521471, 11.232041550000979], [78.85594921762272, 11.232131924965222], [78.8558576713901, 11.232131265898246]], [[78.85604476915574, 11.23159033419284], [78.85604543669383, 11.231499959228595], [78.85613698272883, 11.231500618196755], [78.85613631522666, 11.231590993178965], [78.85604476915574, 11.23159033419284]], [[78.85613765023098, 11.231410243223529], [78.85613898520835, 11.231229493268094], [78.85623053117148, 11.23123015220032], [78.85622919624801, 11.23141090216474], [78.85613765023098, 11.231410243223529]], [[78.85641829475044, 11.230598845000664], [78.85641896209988, 11.230508470000487], [78.8565105078564, 11.23050912880695], [78.85650984052492, 11.230599503807126], [78.85641829475044, 11.230598845000664]]], [[[78.8557567774593, 11.233395856043215], [78.85593987071508, 11.23339717436581], [78.85593920303326, 11.23348754932107], [78.85612229636988, 11.233488867535867], [78.85612363160774, 11.23330811760738], [78.85603208499782, 11.23330745852244], [78.85603275263473, 11.23321708356718], [78.85584965948675, 11.233215765325433], [78.85585032717756, 11.233125390370173], [78.85630805994867, 11.233128685731996], [78.8563073924016, 11.233219060714205], [78.85639893900255, 11.233219719709314], [78.85639760394433, 11.23340046966475], [78.85648915060814, 11.233401128641892], [78.85648714806575, 11.233672253597504], [78.8565786948194, 11.233672912565664], [78.85657936231257, 11.233582537574472], [78.85667090903927, 11.233583196506698], [78.85667024158204, 11.23367357149789], [78.85676178834467, 11.23367423040317], [78.85676045345713, 11.233854980403521], [78.85685200029164, 11.233855639299815], [78.85685133286134, 11.23394601429999], [78.8569428797228, 11.233946673169335], [78.85694221232843, 11.234037048178495], [78.85703375922581, 11.23403770702089], [78.85703309184942, 11.234128082039032], [78.85675845108541, 11.234126105404048], [78.85675778361919, 11.23421648039524], [78.85648314282824, 11.23421450349076], [78.85648381038429, 11.234124128508551], [78.85639226348691, 11.234123469486493], [78.85639359863495, 11.233942719540039], [78.85630205180944, 11.233942060500015], [78.85630271940143, 11.233851685526789], [78.85621117261185, 11.233851026468797], [78.8562118402218, 11.233760651504554], [78.85612029346815, 11.233759992419614], [78.85611829051253, 11.23403111730336], [78.85602674367803, 11.234030458173503], [78.8560287467145, 11.233759333307724], [78.85584565322517, 11.233758015003094], [78.85584498548945, 11.23384838994937], [78.85575343872682, 11.23384773074765], [78.85575277096416, 11.233938105684944], [78.85566122417457, 11.233937446456272], [78.85566189196419, 11.233847071518978], [78.85547879846587, 11.233845752980788], [78.85547946630939, 11.23375537806146], [78.8555710130271, 11.233756037335047], [78.85557168083469, 11.233665662406736], [78.85593786766064, 11.233668299222607], [78.85593853535144, 11.233577924267347], [78.85584698866067, 11.23357726511054], [78.85584765637842, 11.233486890164263], [78.85575610972359, 11.233486230989492], [78.8557567774593, 11.233395856043215]]], [[[78.8555743520201, 11.233304162684512], [78.85566589860306, 11.233304821913183], [78.85566656635675, 11.233214446966906], [78.85584965948675, 11.233215765325433], [78.85584899178697, 11.23330614027171], [78.85575744519502, 11.233305481105921], [78.8557567774593, 11.233395856043215], [78.85557368423048, 11.233394537612822], [78.8555743520201, 11.233304162684512]]]]}, "id": "+6607+5775", "properties": {"count": 916, "water": 1}}, {"type": "Feature", "geometry": {"geodesic": false, "type": "MultiPolygon", "coordinates": [[[[78.86280987730197, 11.232904277986128], [78.86280921179407, 11.232994653354613], [78.86271766487873, 11.232993996344781], [78.86271833042255, 11.23290362098528], [78.86280987730197, 11.232904277986128]]], [[[78.86290342060626, 11.232633808854573], [78.8628118737987, 11.23263315189864], [78.86281253928864, 11.232542776530154], [78.86290408606924, 11.232543433486088], [78.86290342060626, 11.232633808854573]]], [[[78.8634573584707, 11.232005122193314], [78.86336581182483, 11.232004465443993], [78.8633671423735, 11.231823714635157], [78.86345868896545, 11.231824371384478], [78.8634573584707, 11.232005122193314]]], [[[78.86363978656891, 11.232096811042474], [78.86373133325968, 11.232097467710947], [78.86373066808416, 11.232187843142313], [78.86363912136645, 11.232187186455874], [78.86363978656891, 11.232096811042474]]], [[[78.86391509176283, 11.23200840554466], [78.86382354509003, 11.232007748930085], [78.86382421022961, 11.231917373507702], [78.86391575686648, 11.231918030113293], [78.86391509176283, 11.23200840554466]]], [[[78.86290342060626, 11.232633808854573], [78.8629949674228, 11.232634465792541], [78.86299629827688, 11.232453715037604], [78.86317939180215, 11.232455028796759], [78.86318072252149, 11.232274278023855], [78.8632722692392, 11.232274934845043], [78.86327293456743, 11.232184559449607], [78.86345602795795, 11.232185873011131], [78.8634573584707, 11.232005122193314], [78.86364045177137, 11.23200643562009], [78.86363978656891, 11.232096811042474], [78.86354823988712, 11.232096154338068], [78.86354690941931, 11.232276905155887], [78.86363845616397, 11.232277561869276], [78.86363779094354, 11.23236793729166], [78.86354624418091, 11.232367280569287], [78.86354557893353, 11.232457655982689], [78.8636371257231, 11.23245831270506], [78.86363646050268, 11.232548688118461], [78.86372800732819, 11.232549344822866], [78.86373000290864, 11.232278218555715], [78.86382154965331, 11.232278875215204], [78.86382221480187, 11.23218849979282], [78.86391376153756, 11.232189156416377], [78.86391509176283, 11.23200840554466], [78.86400663843563, 11.232009062132285], [78.86400597335893, 11.232099437572634], [78.86418906678537, 11.232100750676018], [78.86418773671282, 11.232281501574684], [78.86409618994121, 11.232280845022993], [78.8640955248645, 11.232371220472325], [78.86400397806594, 11.232370563884702], [78.86400264784965, 11.232551314765402], [78.86418574156356, 11.232552627913702], [78.8641844114371, 11.232733378812368], [78.86400131760641, 11.23273206563712], [78.8640006524758, 11.232822441068487], [78.86390910555147, 11.232821784435947], [78.86390777521841, 11.233002535289698], [78.8640908692018, 11.233003848554777], [78.86409020408018, 11.233094223995128], [78.86399865705704, 11.23309356737157], [78.86399799190848, 11.233183942802938], [78.86390644485839, 11.233183286143449], [78.86390577967389, 11.233273661574815], [78.86381423260582, 11.233273004879393], [78.86381356738539, 11.233363380301777], [78.86372202029038, 11.233362723579406], [78.863721355043, 11.233453098992806], [78.8639044492869, 11.233454412419583], [78.86390378408444, 11.23354478785095], [78.86353759549779, 11.233542160853666], [78.86353826081704, 11.233451785449247], [78.86344671371305, 11.233451128637045], [78.86344737905027, 11.23336075324161], [78.8633558319822, 11.233360096402459], [78.86335516661805, 11.233450471797893], [78.86298897828293, 11.23344784415382], [78.86298964377285, 11.233357468785336], [78.86289809673174, 11.233356811802453], [78.86289876223066, 11.233266436442952], [78.86299030924481, 11.233267093407868], [78.86299097471678, 11.233176718039383], [78.86289942772956, 11.233176061074467], [78.86290009322848, 11.233085685705982], [78.86308318714002, 11.233086999599882], [78.86308252170399, 11.23317737497735], [78.86344870971571, 11.233180002441758], [78.86344937504394, 11.233089627046324], [78.86326628107851, 11.233088313377001], [78.86326694645166, 11.232997937981567], [78.86317539950936, 11.232997281115466], [78.86317673030057, 11.232816530342562], [78.86290208967131, 11.232814559600527], [78.86290142419935, 11.232904934969012], [78.86280987730197, 11.232904277986128], [78.86281120830878, 11.232723527258141], [78.86290275514328, 11.232724184232042], [78.86290342060626, 11.232633808854573]], [[78.86382154965331, 11.232278875215204], [78.86391309640696, 11.232279531847745], [78.86391243127635, 11.23236990727911], [78.86382088449575, 11.23236925064657], [78.86382154965331, 11.232278875215204]], [[78.86390644485839, 11.233183286143449], [78.86381489781728, 11.233182629465992], [78.86381556302872, 11.233092254043608], [78.86390711004289, 11.233092910721064], [78.86390644485839, 11.233183286143449]], [[78.86317806106483, 11.23263577956966], [78.86317872643798, 11.23254540418321], [78.86327027323655, 11.232546061031345], [78.86326960789035, 11.232636436417796], [78.86317806106483, 11.23263577956966]], [[78.86345203627603, 11.232728125437637], [78.86345270156832, 11.23263775003322], [78.8635442484118, 11.232638406800508], [78.86354358314645, 11.232728782204925], [78.86345203627603, 11.232728125437637]], [[78.86381822381165, 11.23273075234509], [78.86381888898717, 11.232640376922706], [78.86391043585759, 11.232641033573213], [78.86390977070903, 11.232731409004579], [78.86381822381165, 11.23273075234509]]]]}, "id": "+6674+5755", "properties": {"count": 146, "water": 1}}, {"type": "Feature", "geometry": {"geodesic": false, "type": "Polygon", "coordinates": [[[78.86374542010097, 11.180309639820987], [78.86374806814578, 11.17994813687381], [78.86393112873881, 11.179949444111195], [78.8639317906804, 11.179859068365417], [78.86429791182152, 11.179861682489843], [78.86429592632017, 11.18013280979904], [78.8642043959428, 11.180132156292638], [78.86420373407309, 11.180222532056382], [78.86392914288712, 11.180220571357511], [78.86392848091857, 11.180310947103287], [78.86374542010097, 11.180309639820987]]]}, "id": "+6679+6330", "properties": {"count": 23, "water": 1}}, {"type": "Feature", "geometry": {"geodesic": false, "type": "Polygon", "coordinates": [[[78.86436308060688, 11.158441955998029], [78.86436638304743, 11.157990076469641], [78.86445790649877, 11.157990728646539], [78.86445856694017, 11.157900352730081], [78.86473313724032, 11.157902309090089], [78.86473247687977, 11.15799268501553], [78.86537314130872, 11.15799724890633], [78.8653718209739, 11.15817800083806], [78.86546334454204, 11.158178652727495], [78.86546268438809, 11.158269028697852], [78.86537116079302, 11.158268376808417], [78.86536984042226, 11.158449128731162], [78.86527831677328, 11.158448476805795], [78.86527765654748, 11.158538852767167], [78.86518613288054, 11.158538200805866], [78.8651854726188, 11.158628576758257], [78.86463633054525, 11.158624664370615], [78.86463699097767, 11.158534288454158], [78.86445394371565, 11.15853298410935], [78.86445460419297, 11.158442608201876], [78.86436308060688, 11.158441955998029]]]}, "id": "+6682+6573", "properties": {"count": 74, "water": 1}}, {"type": "Feature", "geometry": {"geodesic": false, "type": "Polygon", "coordinates": [[[78.86747346342064, 11.233660753113709], [78.86747479161572, 11.23348000183775], [78.86756633897123, 11.23348065741926], [78.86756700302386, 11.233390281772298], [78.86784164503652, 11.233392248319202], [78.8678423090083, 11.233301872663256], [78.86811695097605, 11.233303838940666], [78.868117614858, 11.233213463266754], [78.8683007094792, 11.233214773962652], [78.86830137328927, 11.233124398279758], [78.86857601517617, 11.233126364099025], [78.86857535144695, 11.23321673980887], [78.8686668987845, 11.233217395031057], [78.86866557137095, 11.233398146441763], [78.86848247658804, 11.233396835943493], [78.8684818128139, 11.233487211644354], [78.86820717060361, 11.233485245672371], [78.86820451510278, 11.233846748385988], [78.86792987259604, 11.23384478209061], [78.8679285446435, 11.234025533411486], [78.86783699709935, 11.234024877910823], [78.86783766110705, 11.23393450226386], [78.86765456609058, 11.233933191190669], [78.86765589420482, 11.233752439905727], [78.86756434675947, 11.233751784342182], [78.86756501083005, 11.23366140869522], [78.86747346342064, 11.233660753113709]], [[78.86802341189384, 11.233574310551571], [78.8680240758207, 11.23348393487766], [78.86811562320317, 11.23348459028849], [78.86811495931224, 11.233574965962402], [78.86802341189384, 11.233574310551571]]]}, "id": "+6730+5741", "properties": {"count": 60, "water": 1}}, {"type": "Feature", "geometry": {"geodesic": false, "type": "Polygon", "coordinates": [[[78.87239809349299, 11.161120158151807], [78.87240467502687, 11.160216394495658], [78.87258772428315, 11.160217694169228], [78.872588382353, 11.160127317794629], [78.87267990696319, 11.160127967582007], [78.87267924892028, 11.160218343974572], [78.87286229822149, 11.160219643486444], [78.87286164023249, 11.16031001987901], [78.87295316491453, 11.160310669594521], [78.87294987504141, 11.160762551593276], [78.87304139987617, 11.16076320131777], [78.87303416196129, 11.161757341716829], [78.87321721225962, 11.161758641183786], [78.87321655429757, 11.161849017594315], [78.87339960467675, 11.16185031696246], [78.87339894675962, 11.161940693381972], [78.87349047198065, 11.161941343034602], [78.87348981409048, 11.162031719454117], [78.87367286461338, 11.16203301867853], [78.87367220676812, 11.162123395116009], [78.87376373207, 11.162124044687792], [78.8737624164154, 11.16230479756275], [78.87367089105962, 11.162304147973003], [78.87367023319639, 11.1623945244015], [78.87357870782265, 11.162393874784803], [78.87357804992348, 11.1624842512133], [78.87330347373936, 11.162482302165577], [78.87330413171937, 11.162391925755045], [78.87312108100781, 11.16239062626114], [78.87312173904172, 11.162300249868576], [78.87293868841101, 11.162298950275854], [78.87293934648984, 11.162208573883289], [78.87275629593998, 11.162207274191752], [78.87275695407271, 11.162116897817155], [78.8726654288427, 11.162116247930962], [78.87266608699339, 11.162025871556365], [78.87257456179032, 11.162025221652206], [78.87257587814561, 11.161844468911992], [78.87248435299644, 11.161843818989867], [78.8724896184086, 11.161120808064949], [78.87239809349299, 11.161120158151807]]]}, "id": "+6769+6549", "properties": {"count": 173, "water": 1}}, {"type": "Feature", "geometry": {"geodesic": false, "type": "MultiPolygon", "coordinates": [[[[78.87730806371567, 11.278379139710037], [78.87731204605514, 11.277836884040614], [78.8774951699704, 11.277838194197523], [78.87749583361878, 11.277747818245132], [78.87804520533764, 11.277751748024157], [78.87804454185995, 11.27784212401248], [78.87831922788108, 11.277844088538174], [78.8783185644932, 11.277934464544463], [78.87841012653618, 11.277935119335458], [78.87840946316628, 11.278025495341746], [78.87859258733307, 11.27802680485187], [78.87859192400808, 11.278117180876123], [78.8786834861319, 11.278117835595252], [78.87868414942096, 11.278027459562013], [78.8788672736237, 11.278028768901457], [78.87886661038854, 11.278119144943677], [78.87895817253033, 11.278119799572975], [78.87895750932212, 11.278210175615197], [78.87904907149085, 11.278210830226527], [78.87904840830062, 11.278301206268749], [78.87895684609595, 11.278300551657418], [78.8789555196436, 11.278481303741861], [78.8785892706722, 11.278478684955179], [78.87858860732025, 11.27856906097045], [78.8782223583219, 11.278566441716643], [78.87822302179063, 11.278476065719337], [78.8778567729899, 11.27847344603434], [78.87785810013395, 11.278292694075661], [78.87776653800115, 11.278292039096021], [78.87776720159563, 11.278201663125666], [78.87767563949876, 11.278201008119076], [78.8776763031112, 11.278110632157702], [78.87758474105027, 11.278109977124164], [78.87758407741087, 11.278200353085536], [78.87740095325304, 11.27819904293761], [78.8773996258395, 11.27837979484239], [78.87730806371567, 11.278379139710037]]], [[[78.87730806371567, 11.278379139710037], [78.87730739996849, 11.278469515653443], [78.87721583781772, 11.27846886049414], [78.87721517404357, 11.278559236428563], [78.87684892538657, 11.278556615476942], [78.87685224478732, 11.278104735894654], [78.87676068278027, 11.27810408061857], [78.8767613466712, 11.278013704702113], [78.87657822272898, 11.278012394069098], [78.87657955060965, 11.27783164225415], [78.87667111251787, 11.277832297575149], [78.87667177642676, 11.277741921667674], [78.87694646210653, 11.277743887451011], [78.87694579828748, 11.277834263376452], [78.87703736022264, 11.27783491858067], [78.87703337736218, 11.278377174160262], [78.87730806371567, 11.278379139710037]]]]}, "id": "+6837+5248", "properties": {"count": 137, "water": 1}}, {"type": "Feature", "geometry": {"geodesic": false, "type": "Polygon", "coordinates": [[[78.88393093136219, 11.161111449712763], [78.88393289518719, 11.160840318585725], [78.88411594620418, 11.160841611297352], [78.88411660074364, 11.160751234240035], [78.88420812624315, 11.160751880550931], [78.88420878074669, 11.160661503493614], [78.88430030621026, 11.160662149768578], [78.88430096068684, 11.160571772702278], [78.88439248613246, 11.16057241894131], [78.88439314056413, 11.160482041866025], [78.88430161514546, 11.160481395635976], [78.88430226960408, 11.160391018569676], [78.88421074422135, 11.160390372303695], [78.8842120531835, 11.160209618180076], [78.88430357851233, 11.160210264428091], [78.88430423295299, 11.160119887361791], [78.88448728356573, 11.16012117976799], [78.88448662918796, 11.160211556843274], [78.88457815452577, 11.16021220301044], [78.88457750016596, 11.160302580094708], [78.88485207632314, 11.160304518434513], [78.8848514220352, 11.160394895536745], [78.88494294746285, 11.160395541596115], [78.88494229320186, 11.160485918707332], [78.88503381865645, 11.160486564748734], [78.88502989314442, 11.161028827398068], [78.88493836751016, 11.161028181320733], [78.88493771321325, 11.161118558422967], [78.88475466191778, 11.161117266178463], [78.88475531627759, 11.161026889094195], [78.88466379066129, 11.161026242936012], [78.88466444503906, 11.160935865851744], [78.88457291946769, 11.160935219666612], [78.8845735738724, 11.160844842591327], [78.88420747173063, 11.16084225760825], [78.88420616269663, 11.161023011731867], [78.88429768827697, 11.1610236580248], [78.88429703377345, 11.1611140350911], [78.88438855938973, 11.161114681366065], [78.88438790491315, 11.161205058432365], [78.88447943056538, 11.16120570468038], [78.88447877611574, 11.161296081755665], [78.88457030179491, 11.161296727985714], [78.88456964737223, 11.161387105060998], [78.88466117308734, 11.161387751264098], [78.88466051868262, 11.161478128348366], [78.88475204443365, 11.161478774533498], [78.8847513900469, 11.161569151617766], [78.88484291583387, 11.161569797784932], [78.8848422614651, 11.161660174878183], [78.88493378728799, 11.161660821009416], [78.88493247860433, 11.161841575204901], [78.88511553037588, 11.161842867422454], [78.88511487607897, 11.161933244524688], [78.88529792793139, 11.161934536643425], [78.88529661943636, 11.162115290874842], [78.88502204150053, 11.16211335262487], [78.88502007845706, 11.162384483922587], [78.88492855240958, 11.162383837773385], [78.88492920678735, 11.162293460680136], [78.88483768076681, 11.162292814503985], [78.88483833517152, 11.162202437410736], [78.88474680918692, 11.162201791216619], [78.88474746360961, 11.162111414132351], [78.88465593766095, 11.162110767911285], [78.88465724655123, 11.161930013751734], [78.88456572066545, 11.161929367512702], [78.88456637513305, 11.161838990437419], [78.88447484927421, 11.161838344180419], [78.88447550375977, 11.161747967105136], [78.88438397794586, 11.161747320821188], [78.88438463244938, 11.16165694376387], [78.88420158088444, 11.161655651115126], [78.88420223544186, 11.16156527406679], [78.88401918395775, 11.161563981319231], [78.88402245696051, 11.161112096095525], [78.88393093136219, 11.161111449712763]]]}, "id": "+6898+6550", "properties": {"count": 149, "water": 1}}, {"type": "Feature", "geometry": {"geodesic": false, "type": "Polygon", "coordinates": [[[78.88593141475833, 11.162933206824253], [78.88593403113754, 11.162571698226673], [78.88620860966626, 11.16257363572206], [78.88620795566578, 11.162664012887175], [78.88657406056538, 11.162666595831078], [78.88657209886038, 11.162937727389307], [78.88666362518634, 11.162938373071384], [78.88666427906107, 11.162847995888301], [78.88693885798504, 11.162849932754868], [78.88693951176992, 11.162759555544838], [78.88721409064898, 11.162761492141911], [78.88721343695394, 11.162851869369907], [78.8873049632799, 11.162852514854356], [78.88730365591675, 11.16303326931035], [78.88739518231458, 11.16303391477683], [78.88739452865546, 11.163124292004829], [78.88693689658548, 11.163121064366996], [78.88693624278264, 11.163211441577028], [78.88666166352628, 11.163209504647579], [78.88666100962462, 11.16329988183066], [78.88656948319085, 11.163299236130618], [78.88656817531567, 11.163479990487797], [78.88638512234934, 11.163478698979914], [78.88638773829734, 11.163117190283518], [78.88629621193546, 11.163116544511611], [78.88629686593593, 11.163026167337511], [78.88620533960099, 11.163025521538655], [78.88620664764686, 11.162844767217406], [78.8860235951207, 11.162843475547826], [78.88602294103939, 11.162933852703958], [78.88593141475833, 11.162933206824253]]]}, "id": "+6917+6523", "properties": {"count": 69, "water": 1}}, {"type": "Feature", "geometry": {"geodesic": false, "type": "Polygon", "coordinates": [[[78.88395057555013, 11.296593175738689], [78.8839512383092, 11.296502799516805], [78.88422594313205, 11.296504761769762], [78.88422461777564, 11.296685514249464], [78.88440775446496, 11.296686822304316], [78.88440841708926, 11.296596446055482], [78.88449998541147, 11.29659710002901], [78.88450064799984, 11.296506723771191], [78.88505005787913, 11.296510647019465], [78.88504939547043, 11.29660102330423], [78.88523253220465, 11.29660233083806], [78.88523319455946, 11.296511954535326], [78.88587417309334, 11.296516529969479], [78.88587351093615, 11.296606906308144], [78.88596507935716, 11.296607559832514], [78.88596441721796, 11.29669793617118], [78.88587284877897, 11.296697282637826], [78.88587020006942, 11.297058787974523], [78.88550392590027, 11.297056173481787], [78.88550458820117, 11.29696579717007], [78.88522988271356, 11.29696383602204], [78.88523054509531, 11.296873459728292], [78.88431486080432, 11.296866920774558], [78.88431552346456, 11.296776544534707], [78.8840408183722, 11.296774582317683], [78.88404214384539, 11.296593829855947], [78.88395057555013, 11.296593175738689]]]}, "id": "+6924+5041", "properties": {"count": 83, "water": 1}}, {"type": "Feature", "geometry": {"geodesic": false, "type": "Polygon", "coordinates": [[[78.88446515326328, 11.226189919604916], [78.88446581162059, 11.226099542924892], [78.88455735766456, 11.226100192864983], [78.8845586743073, 11.225919439486965], [78.88465022029739, 11.225920089382141], [78.88465219514472, 11.22564895929715], [78.88474374105395, 11.225649609156394], [78.88474439929448, 11.225559232449418], [78.88483594517676, 11.225559882272728], [78.88483660339034, 11.225469505565753], [78.88501969511897, 11.225470805104576], [78.88502035326069, 11.225380428388618], [78.8852949908177, 11.225382377472274], [78.88529630692146, 11.225201624004425], [78.88520476112002, 11.225200974351795], [78.88520541918987, 11.22511059761787], [78.88529696496435, 11.225111247270501], [78.88529762300725, 11.225020870536577], [78.88538916875478, 11.225021520153275], [78.88538982675276, 11.224931143410368], [78.8855729182119, 11.224932442544947], [78.88557226026782, 11.225022819296838], [78.88566380603332, 11.225023468832688], [78.88566512186759, 11.224842715319923], [78.88557357615598, 11.224842065793057], [78.88557489201719, 11.224661312289276], [78.88548334636847, 11.224660662744444], [78.88548400432154, 11.224570286001537], [78.88557554994331, 11.224570935528403], [78.88557620786044, 11.224480558776513], [78.88566775345527, 11.224481208276428], [78.88566841133645, 11.224390831515555], [78.88575995691332, 11.22439148097954], [78.88576127260384, 11.224210727448808], [78.88594436365875, 11.224212026277963], [78.88594633698793, 11.223940895941443], [78.88631251881027, 11.223943493195508], [78.8863131764579, 11.223853116389717], [78.8864962673511, 11.223854414841579], [78.88649495215465, 11.224035168471124], [78.88640340664965, 11.224034519249686], [78.88640274901998, 11.224124896055475], [78.88621965796509, 11.224123597513783], [78.88621900027253, 11.224213974310588], [78.88612745473161, 11.224213324999319], [78.88612679699415, 11.224303701787141], [78.886218342571, 11.224304351107396], [78.88621768486048, 11.224394727904201], [78.88630923047327, 11.224395377197505], [78.88630791509715, 11.2245761308001], [78.88639946076384, 11.22457678007544], [78.88640077608606, 11.224396026472844], [78.88658386732062, 11.224397324924704], [78.88658649766862, 11.224035817665614], [78.88676958870555, 11.224037115964762], [78.88677024621843, 11.223946739141006], [78.88695333721944, 11.22394803731439], [78.88695465211946, 11.223767283639928], [78.88704619757054, 11.223767932672722], [78.8870481697948, 11.223496802129588], [78.88695662442456, 11.223496153114763], [78.88695728184761, 11.223405776264057], [78.8868657365133, 11.223405127222282], [78.8868650790633, 11.223495504064003], [78.88677353370204, 11.223494854986294], [78.8867728762161, 11.223585231819033], [78.88668133083686, 11.223584582705392], [78.88668264586265, 11.223403829048898], [78.88677419118797, 11.223404478153556], [78.8867755061329, 11.223223724488077], [78.88668396086148, 11.223223075401386], [78.88668593332828, 11.222951944912152], [78.88659438814668, 11.222951295807494], [78.8865957031545, 11.222770542159983], [78.88650415804476, 11.22276989303736], [78.88650481555764, 11.222679516222586], [78.88659636064942, 11.222680165327244], [78.88659701813535, 11.22258978850349], [78.88668856319119, 11.222590437581198], [78.88668922065018, 11.222500060748459], [78.88678076568804, 11.222500709799217], [78.886780108256, 11.222591086631956], [78.88696319841259, 11.222592384652627], [78.88696517049311, 11.222321254109493], [78.88687362550016, 11.2223206051306], [78.88687428287831, 11.222230228279894], [78.88678273792128, 11.222229579283034], [78.88678339532638, 11.222139202441312], [78.88687494025645, 11.222139851438174], [78.8868755976256, 11.222049474587468], [78.88696714252872, 11.222050123557379], [78.88696779986195, 11.22195974669769], [78.8870593447471, 11.221960395631669], [78.88706131663, 11.221689265052603], [78.8871528614343, 11.221689913941665], [78.88715220417295, 11.221780290801354], [78.88733529385343, 11.221781588507612], [78.88733595106088, 11.221691211629958], [78.88742749588314, 11.221691860429189], [78.88742420995364, 11.222143744826445], [78.88751575491965, 11.222144393625676], [78.88751312618861, 11.222505901154262], [78.88760467128037, 11.222506549953492], [78.88760401410885, 11.22259692684013], [78.88778710436425, 11.22259822434876], [78.8877877614729, 11.222507847453139], [78.88787930658262, 11.222508496162538], [78.88787864949194, 11.222598873067142], [78.8879701946376, 11.222599521749592], [78.88796822343743, 11.222870652472388], [78.88778513299339, 11.222869355035623], [78.8877838187222, 11.223050108826865], [78.88787536399361, 11.223050757572196], [78.88787339262277, 11.223321888268043], [78.887964937993, 11.223322536995408], [78.88796559509267, 11.223232160090804], [78.88805714043596, 11.223232808782237], [78.88805385502748, 11.223684693323223], [78.8881454005145, 11.223685342014656], [78.88814342928738, 11.223956472746435], [78.88823497487321, 11.223957121428885], [78.88823300367304, 11.224228252169647], [78.88832454934871, 11.224228900843114], [78.88832257818446, 11.224500031592859], [78.88841412394997, 11.224500680257343], [78.8884128098764, 11.2246814340935], [78.8885043556958, 11.224682082740017], [78.88850238462139, 11.224953213516711], [78.8885939305396, 11.224953862145263], [78.88859195950113, 11.22522499293094], [78.88868350550918, 11.225225641550507], [78.88868219151645, 11.225406395413614], [78.88877373758739, 11.225407044015215], [78.88877242362162, 11.225587797887306], [78.88886396975543, 11.225588446470942], [78.88886068488593, 11.226040331173625], [78.88904377745898, 11.226041628304962], [78.88904114968915, 11.226403136094058], [78.88913269610144, 11.22640378464176], [78.88913203917245, 11.226494161600264], [78.88894894630296, 11.226492864459944], [78.88894828932007, 11.22658324140048], [78.88885674286287, 11.226582592789896], [78.88885608584405, 11.226672969730432], [78.88876453936888, 11.226672321074933], [78.88876388230516, 11.226762698006485], [78.88867233581202, 11.226762049324035], [78.88867299289372, 11.226671672401466], [78.88858144642752, 11.22667102370105], [78.88858078931888, 11.22676140062362], [78.88812305693403, 11.226758156654416], [78.88812174240233, 11.226938910436674], [78.88830483545149, 11.226940208124967], [78.8883035210186, 11.227120961925191], [78.88802888127867, 11.227119015320888], [78.88802822396342, 11.227209392198542], [78.88793667737146, 11.227208743264564], [78.88793536266908, 11.227389497019873], [78.8875691761216, 11.22738690096955], [78.8875698335806, 11.227296524118845], [78.88775292679145, 11.22729782218443], [78.8877575285103, 11.226665184112713], [78.88748288930039, 11.226663237077217], [78.8874822318414, 11.226753613927922], [78.88739068542013, 11.226752964850213], [78.88739002793419, 11.226843341700919], [78.88674920295833, 11.226838797366442], [78.88674788756424, 11.227019550987004], [78.88656479464983, 11.22701825232853], [78.8865661101607, 11.226837498725935], [78.88665765655502, 11.226838148064154], [78.88665831427453, 11.226747771258365], [78.88610903614214, 11.226743874878702], [78.88610969402335, 11.226653498099862], [78.88592660142335, 11.226652199100029], [78.88592923311882, 11.226290692038567], [78.8854715022701, 11.226287444134742], [78.88547216032198, 11.226197067400818], [78.88538061419715, 11.226196417739205], [78.88538127227598, 11.22610604100528], [78.88528972618708, 11.226105391325701], [78.88529038428388, 11.226015014591777], [78.88510729217795, 11.226013715160752], [78.88510860847035, 11.225832961719853], [78.88501706248027, 11.225832311968407], [78.88501574613397, 11.226013065400323], [78.88492420008998, 11.226012415612946], [78.88492288366284, 11.226193169026896], [78.88473979148505, 11.226191869344342], [78.8847391331996, 11.226282246042334], [78.88455604099487, 11.226280946234017], [78.8845566993342, 11.226190569545007], [78.88446515326328, 11.226189919604916]], [[78.88594107466598, 11.224663910163178], [78.88594239027566, 11.224483156614482], [78.88603393589743, 11.224483805997618], [78.88603459366185, 11.224393429218779], [78.88612613926566, 11.224394078574964], [78.8861254815192, 11.224484455362788], [78.88621702714997, 11.224485104692024], [78.88621571170198, 11.224665858276653], [78.88594107466598, 11.224663910163178]], [[78.88702515740064, 11.226659991455112], [78.88702581499437, 11.226569614622374], [78.8871173613348, 11.226570263798896], [78.88711801889261, 11.226479886966159], [78.88730111152854, 11.22648118522039], [78.88730045403362, 11.226571562062112], [78.88720890767523, 11.226570912948471], [78.88720759260453, 11.226751666622931], [78.88711604620123, 11.226751017464375], [78.88711670376802, 11.226660640631636], [78.88702515740064, 11.226659991455112]], [[78.88704948457803, 11.223316048437162], [78.88705014196516, 11.223225671586457], [78.88714168724557, 11.22322632056535], [78.88714234459677, 11.223135943705662], [78.88723388986818, 11.223136592648624], [78.88723257521072, 11.223317346368], [78.88704948457803, 11.223316048437162]], [[78.88722994585086, 11.223678853806753], [78.88723126054427, 11.223498100087376], [78.88741435132069, 11.223499397937367], [78.88741369403238, 11.223589774806038], [78.88732214860823, 11.223589125890026], [78.88732149129298, 11.223679502749714], [78.88722994585086, 11.223678853806753]]]}, "id": "+6935+5869", "properties": {"count": 1362, "water": 1}}, {"type": "Feature", "geometry": {"geodesic": false, "type": "Polygon", "coordinates": [[[78.88839870623661, 11.163492899503009], [78.88840066634259, 11.163221767639353], [78.88849219286618, 11.163222412773457], [78.88849153953046, 11.16331279007332], [78.888583066081, 11.163313435189458], [78.88858371938977, 11.163223057889596], [78.88867524592234, 11.163223702978785], [78.88867589919518, 11.16313332566994], [78.8887674257008, 11.163133970723194], [78.88876873216564, 11.16295321609652], [78.88858567927117, 11.162951925981025], [78.888586332553, 11.162861548681162], [78.88895243826109, 11.162864128768422], [78.88894786595307, 11.163496770029159], [78.88885633932168, 11.163496125011834], [78.88885372633811, 11.163857634274168], [78.88876219959893, 11.163856989202946], [78.8887608930173, 11.164037743820638], [78.88848631265603, 11.164035808418324], [78.88848696603667, 11.163945431127445], [78.88857849278483, 11.163946076279515], [78.88857914612954, 11.163855698988636], [78.88848761940832, 11.163855053836565], [78.88849023284105, 11.163493544664064], [78.88839870623661, 11.163492899503009]]]}, "id": "+6947+6520", "properties": {"count": 49, "water": 1}}, {"type": "Feature", "geometry": {"geodesic": false, "type": "Polygon", "coordinates": [[[78.89425011844087, 11.315737062059169], [78.89425276113172, 11.315375555222287], [78.89434433600265, 11.31537620721952], [78.89434499663268, 11.315285830503562], [78.89443657147665, 11.315286482473846], [78.89443723207076, 11.315196105748905], [78.89452880689676, 11.315196757683255], [78.89453144911151, 11.314835250765524], [78.89471459853894, 11.314836554508464], [78.89471657997092, 11.314565424279742], [78.89462500533357, 11.314564772444205], [78.89462566582887, 11.314474395701298], [78.89453409122744, 11.314473743838812], [78.89453475174071, 11.314383367104888], [78.8944431771752, 11.314382715215451], [78.89444383771543, 11.31429233849051], [78.89471856134003, 11.314294294051018], [78.89471790088965, 11.314384670793926], [78.89508419925042, 11.314387277830646], [78.89508353890784, 11.314477654600502], [78.89526668818256, 11.314478957966148], [78.89526602788489, 11.314569334736005], [78.89554075192272, 11.314571289586844], [78.8955400917059, 11.314661666374667], [78.89572324115129, 11.314662969470819], [78.89572258098838, 11.314753346276607], [78.89608888005881, 11.3147559521545], [78.89608822000369, 11.314846328978255], [78.89617979481173, 11.314846980382601], [78.89617913478357, 11.314937357215339], [78.89627070962753, 11.314938008592735], [78.89626872959691, 11.315209139090951], [78.89599400483145, 11.31520718480605], [78.89599334472243, 11.315297561620824], [78.89590176977964, 11.315296910135629], [78.89590044948973, 11.315477663747208], [78.89571729950535, 11.315476360669024], [78.8957179597132, 11.315385983872218], [78.89544323486687, 11.315384029048328], [78.8954425745782, 11.315474405827167], [78.8952594246567, 11.315473102461523], [78.89525876429614, 11.315563479231379], [78.89516718931743, 11.31556282750364], [78.89516652892993, 11.315653204264514], [78.89498337892759, 11.315651900710222], [78.89498271846823, 11.315742277462112], [78.89461641840963, 11.31573966998522], [78.89461509726632, 11.315920423453068], [78.89452352220677, 11.31591977150075], [78.89452286159468, 11.316010148225692], [78.89443128651716, 11.316009496237442], [78.89443194715618, 11.315919119521483], [78.8943403721056, 11.315918467515267], [78.89434169342857, 11.315737714083351], [78.89425011844087, 11.315737062059169]]]}, "id": "+7022+4845", "properties": {"count": 211, "water": 1}}, {"type": "Feature", "geometry": {"geodesic": false, "type": "MultiPolygon", "coordinates": [[[[78.89854434621351, 11.228910626920785], [78.89881898951076, 11.228912564146679], [78.89881702730271, 11.229183696657122], [78.89854238374495, 11.22918175937733], [78.89854303790713, 11.22909138188882], [78.89863458572977, 11.229092027669711], [78.898635239856, 11.229001650181203], [78.8985436920693, 11.229001004409294], [78.89854434621351, 11.228910626920785]]], [[[78.89854434621351, 11.228910626920785], [78.89817815523733, 11.228908043554675], [78.89817619242743, 11.229179175948337], [78.89835928808169, 11.229180467716732], [78.89835863385665, 11.229270845196258], [78.89808399029887, 11.229268907485274], [78.89808268166911, 11.22944966239941], [78.89854042123149, 11.229452891833873], [78.89853976705135, 11.2295432693134], [78.89835667115453, 11.229541977616869], [78.89835601690253, 11.229632355087412], [78.89844756487788, 11.229633000958135], [78.89844625642777, 11.229813755908204], [78.89853780446602, 11.22981440176096], [78.89853715025892, 11.229904779240485], [78.89872024641625, 11.22990607086515], [78.89872090056046, 11.229815693376642], [78.89881244861667, 11.22981633914855], [78.89881179449941, 11.229906716637059], [78.89890334258256, 11.229907362382018], [78.8989013802757, 11.23017849489246], [78.89880983210271, 11.230177849129536], [78.89881048623795, 11.230087471632043], [78.89871893810088, 11.230086825851153], [78.89871959225408, 11.229996448362643], [78.89844494795969, 11.229994510858273], [78.89844298520369, 11.230265643278884], [78.8983514370307, 11.230264997372227], [78.89835209131863, 11.230174619901685], [78.89807744690746, 11.230172682029005], [78.89807810127625, 11.230082304576428], [78.89798655317513, 11.230081658570958], [78.89798589878838, 11.230172036014551], [78.89780280255918, 11.230170743904797], [78.89780149364195, 11.230351498774017], [78.89798458998793, 11.23035279091072], [78.89798328116052, 11.230533545797908], [78.89807482939639, 11.230534191830326], [78.89807286620021, 11.230805324179073], [78.89816441452591, 11.23080597020251], [78.89816245137463, 11.231077102560239], [78.8980709029591, 11.231076456518837], [78.89807221179548, 11.230895701622666], [78.89798066344284, 11.23089505557228], [78.89798197231515, 11.230714300685094], [78.89779887573562, 11.230713008512456], [78.89779953022118, 11.230622631077846], [78.89770798197632, 11.230621984955595], [78.89771059996352, 11.230260475235122], [78.89761905183543, 11.230259829103886], [78.89761970634795, 11.23016945167826], [78.89743661016368, 11.230168159343926], [78.8974372647211, 11.230077781927282], [78.8973457166649, 11.230077135724182], [78.89734506208052, 11.230167513131843], [78.89725351399737, 11.23016686689281], [78.89725220473878, 11.23034762169915], [78.89716065661071, 11.230346975424183], [78.89716000194548, 11.230437352822861], [78.89706845379045, 11.230436706511965], [78.89706779908929, 11.230527083901658], [78.8969762509163, 11.230526437563812], [78.89697821508267, 11.23025530540371], [78.89679511891636, 11.230254012656152], [78.89679577368939, 11.230163635284425], [78.89670422564217, 11.230162988874712], [78.89670618999718, 11.229891856759528], [78.89661464204877, 11.229891210340833], [78.8966205350689, 11.229077814004263], [78.89652898737202, 11.229077167603535], [78.89653029693604, 11.228896412869062], [78.89643874930204, 11.228895766450366], [78.89644136845703, 11.228534256990404], [78.89689910609702, 11.228537488679638], [78.89689845145874, 11.228627866078316], [78.89726464178811, 11.228630450944614], [78.89726398725763, 11.228720828361256], [78.89753863014167, 11.228722766736993], [78.89753797569203, 11.22881314416262], [78.8977210710319, 11.22881443628136], [78.89772172542763, 11.22872405884675], [78.89827101142026, 11.228727934502277], [78.8982703571952, 11.228818311972821], [78.89854500035771, 11.228820249432276], [78.89854434621351, 11.228910626920785]], [[78.89844494795969, 11.229994510858273], [78.89835339986756, 11.229993864969583], [78.89835405413753, 11.22990348749904], [78.89844560219373, 11.229904133378746], [78.89844494795969, 11.229994510858273]], [[78.89671339221302, 11.228897705616621], [78.89671404692317, 11.22880732823591], [78.8968971421642, 11.228808620857704], [78.89689648750796, 11.228898998247399], [78.89671339221302, 11.228897705616621]], [[78.89679642845343, 11.230073257903713], [78.89679839270065, 11.229802125770563], [78.89688994064008, 11.229802772126376], [78.89689059535021, 11.229712394745665], [78.89707369118415, 11.229713687358476], [78.8970730365369, 11.229804064757154], [78.89698148858848, 11.229803418455239], [78.89698017920412, 11.229984173234628], [78.89688863120182, 11.229983526896781], [78.8968879764737, 11.230073904277493], [78.89679642845343, 11.230073257903713]], [[78.89744315554935, 11.229264385168504], [78.89744446455641, 11.229083630326233], [78.89762756005797, 11.229084922534803], [78.89762690561733, 11.229175299969414], [78.8975353578306, 11.229174653874113], [78.89753470335403, 11.22926503129974], [78.89744315554935, 11.229264385168504]], [[78.89753143087229, 11.229716918418891], [78.89753208537583, 11.229626540993264], [78.89771518123672, 11.229627833210817], [78.89771452678708, 11.229718210645427], [78.89753143087229, 11.229716918418891]]]]}, "id": "+7039+5794", "properties": {"count": 350, "water": 1}}, {"type": "Feature", "geometry": {"geodesic": false, "type": "Polygon", "coordinates": [[[78.90075911920827, 11.302226066399001], [78.90075977704456, 11.302135689224903], [78.90085134808865, 11.302136338464308], [78.90085200588899, 11.302045961290208], [78.90076043487186, 11.302045312050803], [78.90076109269017, 11.301954934876704], [78.90112737668689, 11.301957531627714], [78.90112671898535, 11.302047908819778], [78.90121829002047, 11.302048557942403], [78.90121697465332, 11.302229312335516], [78.9013085457603, 11.302229961440174], [78.9013052573694, 11.302681847445415], [78.90103054364423, 11.302679899969744], [78.90103120141764, 11.302589522786661], [78.90112277262342, 11.302590171963185], [78.90112408809836, 11.302409417588038], [78.90103251694647, 11.302408768420499], [78.90103317470191, 11.302318391228432], [78.90094160358595, 11.302317742033944], [78.90094094580355, 11.302408119217025], [78.90084937466065, 11.302407469995586], [78.9008506902883, 11.302226715638406], [78.90075911920827, 11.302226066399001]]]}, "id": "+7091+4982", "properties": {"count": 29, "water": 1}}, {"type": "Feature", "geometry": {"geodesic": false, "type": "Polygon", "coordinates": [[[78.9021563666345, 11.273765644603833], [78.90215833370243, 11.27349451232695], [78.90224989576338, 11.273495159509213], [78.90225055140776, 11.273404782074604], [78.90234211344175, 11.273405429229918], [78.9023427690592, 11.273315051786325], [78.90243433106625, 11.273315698905705], [78.90243498664775, 11.273225321462112], [78.90289279662906, 11.273228556600877], [78.90289214119129, 11.27331893407142], [78.90298370323426, 11.273319581020122], [78.90297977064351, 11.273861845870327], [78.90279664622518, 11.27386055187411], [78.90279599071553, 11.27395092933567], [78.90242974183397, 11.273948341001876], [78.90243039745141, 11.273857963558282], [78.90224727310495, 11.273856669229689], [78.90224792877629, 11.273766291804062], [78.9021563666345, 11.273765644603833]]]}, "id": "+7108+5300", "properties": {"count": 59, "water": 1}}, {"type": "Feature", "geometry": {"geodesic": false, "type": "Polygon", "coordinates": [[[78.90565180493759, 11.157196838283133], [78.90565310026332, 11.15701608161728], [78.90647683081892, 11.157021836305839], [78.90647618342106, 11.157112214692663], [78.90638465775086, 11.157111575388626], [78.90638336287431, 11.157292332135325], [78.90592573433472, 11.15728913514801], [78.90592638191224, 11.157198756797118], [78.90565180493759, 11.157196838283133]]]}, "id": "+7138+6586", "properties": {"count": 22, "water": 1}}, {"type": "Feature", "geometry": {"geodesic": false, "type": "Polygon", "coordinates": [[[78.90623608406551, 11.279398154782704], [78.9062387030588, 11.27903664426273], [78.90660495928859, 11.279039229057162], [78.90660626852024, 11.278858473747766], [78.9066978325395, 11.278859119870019], [78.9066984871149, 11.27876874221083], [78.90660692313156, 11.278768096097561], [78.90660823233625, 11.278587340788166], [78.90679136019513, 11.278588632960803], [78.90679070565567, 11.278679010628975], [78.90734008954671, 11.2786828865001], [78.90733943516894, 11.278773264195221], [78.90743099919719, 11.278773910083912], [78.90743034484638, 11.278864287779033], [78.90752190891055, 11.278864933649755], [78.90752060024485, 11.279045689057964], [78.90761216437191, 11.27904633490174], [78.90761085574213, 11.279227090318932], [78.90733616320823, 11.27922515267083], [78.90733681761294, 11.279134774975708], [78.9072452534769, 11.279134129042104], [78.90724394460457, 11.27931488441438], [78.90715238041463, 11.279314238444842], [78.90715041698488, 11.279585371485291], [78.90687572419046, 11.279583433343117], [78.90687637875686, 11.279493055683927], [78.90641855769034, 11.279489824910975], [78.9064192124005, 11.279399447278735], [78.90623608406551, 11.279398154782704]], [[78.90697187011175, 11.278951435716298], [78.90697317910983, 11.27877068037097], [78.90715630712141, 11.278771972336996], [78.9071549982491, 11.278952727709273], [78.90697187011175, 11.278951435716298]]]}, "id": "+7151+5241", "properties": {"count": 95, "water": 1}}, {"type": "Feature", "geometry": {"geodesic": false, "type": "Polygon", "coordinates": [[[78.90759417609344, 11.218128413820036], [78.90759482677913, 11.218038035738639], [78.90768637164632, 11.218038678114915], [78.90768832358661, 11.21776754386174], [78.90777986837296, 11.217768186193101], [78.9077805189778, 11.21767780810272], [78.90787206374617, 11.217678450407133], [78.907873364884, 11.217497694208406], [78.90796490959848, 11.217498336467902], [78.90796165684374, 11.217950226973702], [78.90805320170195, 11.217950869233198], [78.90805125007606, 11.218222003549254], [78.90777661524992, 11.218220076645002], [78.90777726588172, 11.218129698554623], [78.90759417609344, 11.218128413820036]]]}, "id": "+7159+5917", "properties": {"count": 22, "water": 1}}, {"type": "Feature", "geometry": {"geodesic": false, "type": "Polygon", "coordinates": [[[78.90749194911666, 11.232317764828956], [78.90749390377886, 11.232046630863243], [78.90758545305677, 11.23204727406597], [78.9075861045779, 11.231956896074403], [78.90767765382887, 11.231957539241197], [78.90767830531405, 11.231867161240649], [78.90776985453807, 11.23186780437151], [78.90777050598733, 11.231777426361978], [78.90795360440842, 11.231778712533869], [78.90795295301305, 11.231869090552385], [78.90804450225504, 11.231869733593413], [78.90804385088663, 11.231960111620912], [78.9079523016177, 11.231959468561916], [78.90795165021335, 11.23204984658043], [78.90804319951822, 11.232050489639427], [78.90804189674546, 11.232231245676457], [78.90785879803691, 11.232229959504567], [78.90785814658766, 11.232320337514098], [78.90749194911666, 11.232317764828956]]]}, "id": "+7160+5759", "properties": {"count": 26, "water": 1}}, {"type": "Feature", "geometry": {"geodesic": false, "type": "Polygon", "coordinates": [[[78.90800850797433, 11.274891541750026], [78.90801046976016, 11.274620408476016], [78.9081020325218, 11.274621053915547], [78.90810334028917, 11.274440298390557], [78.90819490299691, 11.274440943794156], [78.90819424914017, 11.274531321561142], [78.90828581187485, 11.274531966946775], [78.90828515804505, 11.274622344722745], [78.90855984637484, 11.274624280717946], [78.9085591926169, 11.2747146585029], [78.90874231825694, 11.274715949040603], [78.9087416645619, 11.27480632683454], [78.90865010171044, 11.274805681583654], [78.90864879423052, 11.274986437171526], [78.90809941690615, 11.274982564974511], [78.9081000708168, 11.274892187207524], [78.90800850797433, 11.274891541750026]]]}, "id": "+7166+5287", "properties": {"count": 30, "water": 1}}, {"type": "Feature", "geometry": {"geodesic": false, "type": "Polygon", "coordinates": [[[78.90913853632878, 11.232510094553493], [78.90913983844577, 11.2323293383907], [78.90923138790335, 11.232329981099353], [78.9092320389304, 11.232239603008972], [78.9091404894908, 11.232238960309303], [78.90914114053581, 11.232148582227905], [78.90923268993949, 11.232149224927575], [78.90923399195766, 11.231968468746816], [78.90950864003395, 11.231970396639213], [78.90950733818646, 11.232151152846923], [78.90959888760811, 11.232151795438794], [78.90959823670681, 11.23224217354714], [78.90968978617337, 11.232242816112064], [78.90968848440673, 11.23242357233774], [78.90959693488627, 11.232422929763835], [78.90959628396702, 11.232513307872182], [78.9095047344286, 11.232512665262343], [78.90950408347341, 11.232603043361706], [78.90922943480423, 11.232601115352528], [78.90923008584026, 11.23251073727113], [78.90913853632878, 11.232510094553493]]]}, "id": "+7177+5757", "properties": {"count": 30, "water": 1}}, {"type": "Feature", "geometry": {"geodesic": false, "type": "Polygon", "coordinates": [[[78.90883126636415, 11.2750781054852], [78.9088319200502, 11.27498772768228], [78.90892348297353, 11.27498837288825], [78.9089247902738, 11.274807617264445], [78.90901635314323, 11.274808262443466], [78.90901700675742, 11.27471788462258], [78.90883388109044, 11.27471659426454], [78.90883649571792, 11.274355083025913], [78.90892805843464, 11.274355728204933], [78.90892871205781, 11.274265350384047], [78.90902027474758, 11.274265995527134], [78.90902092833483, 11.274175617706248], [78.90929561636818, 11.274177552946865], [78.90929496287076, 11.274267930785717], [78.90947808831318, 11.27426922081138], [78.90947743486966, 11.274359598659217], [78.90984368593413, 11.274362178396133], [78.9098430325984, 11.274452556261934], [78.90993459540495, 11.274453201126544], [78.90993394209617, 11.27454357900133], [78.91002550493864, 11.274544223847974], [78.91002027845948, 11.27526724684625], [78.90992871539243, 11.27526660195469], [78.90992740865809, 11.275447357686293], [78.90983584553715, 11.275446712758802], [78.90983649893575, 11.275356334901984], [78.9096533727657, 11.275355044975134], [78.90965402620922, 11.275264667118316], [78.90956246316014, 11.275264022118959], [78.90956442356257, 11.274992888575452], [78.90901504589685, 11.274989018076253], [78.9090143922647, 11.275079395888156], [78.90883126636415, 11.2750781054852]]]}, "id": "+7178+5290", "properties": {"count": 114, "water": 1}}, {"type": "Feature", "geometry": {"geodesic": false, "type": "Polygon", "coordinates": [[[78.90947890532195, 11.223383831930835], [78.90948020614536, 11.223203075615327], [78.90957175274629, 11.223203717704143], [78.9095769555818, 11.222480692388213], [78.91003468754444, 11.222483902203471], [78.91003403735282, 11.222574280401648], [78.91012558379205, 11.222574922283853], [78.91012298307948, 11.22293643506758], [78.91021452964448, 11.222937076940802], [78.91021127876724, 11.223388967940675], [78.91002818537672, 11.223387684104404], [78.91002753512221, 11.223478062293598], [78.9095698015965, 11.223474852190881], [78.90957045198576, 11.223384474028634], [78.90947890532195, 11.223383831930835]]]}, "id": "+7182+5862", "properties": {"count": 71, "water": 1}}, {"type": "Feature", "geometry": {"geodesic": false, "type": "Polygon", "coordinates": [[[78.90796646854379, 11.153507300673203], [78.90796711526792, 11.153416922187564], [78.90805863986911, 11.153417560799898], [78.90806251995333, 11.152875289823182], [78.90815404439283, 11.152875928372636], [78.90815533765243, 11.152695171365426], [78.90824686203803, 11.152695809878946], [78.90824815521678, 11.15251505285377], [78.90833967955747, 11.152515691331358], [78.9083403261109, 11.15242531281877], [78.90852337474736, 11.15242658967513], [78.9085227282568, 11.152516968196704], [78.9087057769741, 11.15251824495425], [78.90870513052845, 11.152608623493787], [78.90897970373017, 11.152610538432478], [78.90897905736537, 11.152700916981], [78.90916210625335, 11.152702193487018], [78.90916275256424, 11.152611814920531], [78.90925427698578, 11.152612453119641], [78.90925556952672, 11.152431695986667], [78.90934709390334, 11.152432334149845], [78.90934903259348, 11.15216119841445], [78.90944055688925, 11.152161836541696], [78.90944120308336, 11.152071457957241], [78.90989882449034, 11.152074648108378], [78.90989947053174, 11.151984269496975], [78.91063166485296, 11.151989372251181], [78.91063101903613, 11.152079750898517], [78.91081406772648, 11.152081026326558], [78.91081342195457, 11.152171404982877], [78.91099647072578, 11.152172680303119], [78.91099453356276, 11.152443816316993], [78.91090300908733, 11.15244317865687], [78.9109004259997, 11.152804693309095], [78.91071737685121, 11.152803417863089], [78.91071673100744, 11.152893796519407], [78.90998453438652, 11.152888693558587], [78.90998518045488, 11.152798314956168], [78.9100767049842, 11.152798952912732], [78.91007735101662, 11.15270857430133], [78.90989430202086, 11.15270729836125], [78.90989494810717, 11.152616919749846], [78.90962037473479, 11.152615005646588], [78.90961908239146, 11.15279576282448], [78.90952755788908, 11.152795124724184], [78.909526911677, 11.152885503308637], [78.9089777646178, 11.152881674087025], [78.9089764718433, 11.153062431193051], [78.908884947296, 11.153061792877159], [78.90888365444064, 11.153242549965219], [78.90897517905083, 11.153243188290093], [78.90897453264111, 11.153333566838613], [78.90924910657046, 11.15333548165154], [78.90924781391273, 11.153516238775532], [78.9090647645127, 11.153514962242564], [78.90906411811198, 11.153605340791085], [78.90878954395806, 11.153603425762562], [78.90878889747648, 11.153693804302101], [78.90860584801358, 11.153692527463704], [78.90860520146911, 11.153782905985276], [78.90814757776246, 11.153779713372757], [78.90814887113885, 11.153598956383512], [78.90805734646578, 11.153598317789143], [78.90805799317194, 11.15350793929452], [78.90796646854379, 11.153507300673203]]]}, "id": "+7183+6642", "properties": {"count": 290, "water": 1}}, {"type": "Feature", "geometry": {"geodesic": false, "type": "Polygon", "coordinates": [[[78.91178251526637, 11.221321175226572], [78.91178511352655, 11.220959662020634], [78.91187665956154, 11.220960303274017], [78.91187730907943, 11.22086992496804], [78.9120604011135, 11.220871207384974], [78.91206105056848, 11.220780829061033], [78.91224414255764, 11.220782111352202], [78.91224349315654, 11.220872489685126], [78.91233503919153, 11.220873130794779], [78.91233179223093, 11.221325022468388], [78.91214869988247, 11.221323740168236], [78.91214805041848, 11.221414118492179], [78.91196495804306, 11.221412836066262], [78.91196560756094, 11.221322457751302], [78.91178251526637, 11.221321175226572]]]}, "id": "+7206+5881", "properties": {"count": 33, "water": 1}}, {"type": "Feature", "geometry": {"geodesic": false, "type": "Polygon", "coordinates": [[[78.91224212114163, 11.233797226842539], [78.91224342147996, 11.233616470338385], [78.91233497152145, 11.233617112166689], [78.9123362717879, 11.233436355644569], [78.91251937178103, 11.23343763919338], [78.91252067190376, 11.233256882653292], [78.91261222185541, 11.233257524373798], [78.91261287188533, 11.233167146094772], [78.91270442181003, 11.233167787788329], [78.91270507180403, 11.23307740950032], [78.91279662170177, 11.233078051157944], [78.91279597174372, 11.233168429445954], [78.91288752168639, 11.233169071076627], [78.9128868717463, 11.233259449373621], [78.91297842171592, 11.23326009098633], [78.91297777180277, 11.233350469283323], [78.91288622179722, 11.23334982766163], [78.91288427193203, 11.233620962534642], [78.91279272184563, 11.233620320877018], [78.91279142184867, 11.233801077453037], [78.91224212114163, 11.233797226842539]]]}, "id": "+7213+5745", "properties": {"count": 37, "water": 1}}, {"type": "Feature", "geometry": {"geodesic": false, "type": "Polygon", "coordinates": [[[78.91375693538305, 11.226848359205006], [78.91375758466737, 11.226757980827164], [78.91384913264272, 11.22675862180207], [78.9138497819001, 11.226668243415245], [78.91458216566703, 11.226673370172437], [78.91458151664321, 11.226763748604176], [78.91476461270173, 11.226765030014997], [78.91476396372283, 11.22685540845572], [78.91503860793637, 11.226857330392287], [78.91503731014028, 11.227038087300683], [78.91494576200323, 11.227037446676121], [78.91494511306925, 11.227127825125828], [78.91485356491422, 11.227127184465333], [78.91485291594431, 11.227217562906057], [78.91448672327033, 11.227214999967636], [78.91448607417466, 11.227305378390392], [78.91439452599269, 11.227304737577185], [78.91439517510632, 11.22721435916341], [78.91430362696029, 11.227213718323254], [78.91430297781072, 11.227304096737027], [78.91411988147372, 11.227302814975864], [78.9141205306772, 11.227212436571074], [78.91402898254015, 11.227211795650067], [78.91403028098301, 11.227031038858453], [78.91393873291783, 11.227030397928464], [78.91393938215724, 11.226940019532655], [78.913847834119, 11.226939378575718], [78.91384848338535, 11.226849000188894], [78.91375693538305, 11.226848359205006]]]}, "id": "+7232+5816", "properties": {"count": 66, "water": 1}}, {"type": "Feature", "geometry": {"geodesic": false, "type": "Polygon", "coordinates": [[[78.91613668222801, 11.162964073754882], [78.91613861650744, 11.162692937040323], [78.91623014449529, 11.162693573676364], [78.91623078920718, 11.162603194768517], [78.91650537312579, 11.162605104505962], [78.91650601774786, 11.16251472558015], [78.91659754569977, 11.16251536209941], [78.91659690110465, 11.162605741025224], [78.91668842909249, 11.162606377526519], [78.91668520615285, 11.163058272209485], [78.91622756556686, 11.163055089316737], [78.91622821030569, 11.16296471040889], [78.91613668222801, 11.162964073754882]]]}, "id": "+7249+6526", "properties": {"count": 29, "water": 1}}, {"type": "Feature", "geometry": {"geodesic": false, "type": "Polygon", "coordinates": [[[78.91654875492682, 11.22054107717383], [78.91655005100712, 11.220360320013906], [78.91664159713196, 11.220360959767103], [78.9166428931404, 11.220180202589212], [78.91673443921133, 11.220180842315457], [78.91673314326577, 11.220361599502331], [78.91709932782797, 11.220364158137823], [78.91709867996298, 11.22045453675821], [78.91755641093746, 11.220457734455193], [78.91755576320723, 11.220548113093546], [78.91764730944884, 11.220548752550298], [78.9176460140243, 11.220729509844968], [78.91737137514676, 11.220727591339967], [78.91737202294885, 11.22063721271958], [78.91700583797343, 11.2206346543446], [78.91700648587435, 11.22054427574218], [78.91654875492682, 11.22054107717383]]]}, "id": "+7255+5888", "properties": {"count": 29, "water": 1}}, {"type": "Feature", "geometry": {"geodesic": false, "type": "Polygon", "coordinates": [[[78.91637562764369, 11.282813711099847], [78.9163788865429, 11.282361820117938], [78.91647045223303, 11.28236246341948], [78.91647110396976, 11.282272085221303], [78.91656266964192, 11.28227272848691], [78.91656332134271, 11.282182350270766], [78.91674645265113, 11.282183636712151], [78.91674710428903, 11.282093258487023], [78.91711336685194, 11.282095831001486], [78.9171120638007, 11.282276587478691], [78.9172036295088, 11.28227723054667], [78.91720297800565, 11.282367608789764], [78.91729454374968, 11.282368251839777], [78.91729389227346, 11.282458630082871], [78.91738545805343, 11.282459273105935], [78.9173848065952, 11.282549651358012], [78.91729324077929, 11.282549008334948], [78.91729258929409, 11.282639386587025], [78.91692632599457, 11.282636814171378], [78.9169256743836, 11.282727192396505], [78.91665097688201, 11.282725262779342], [78.91665032518122, 11.282815640986504], [78.91637562764369, 11.282813711099847]]]}, "id": "+7264+5203", "properties": {"count": 58, "water": 1}}, {"type": "Feature", "geometry": {"geodesic": false, "type": "Polygon", "coordinates": [[[78.91819658701527, 11.22055258872487], [78.91819788207151, 11.2203718313763], [78.91828942829515, 11.220372470626438], [78.91829201824591, 11.220010955893366], [78.91838356436176, 11.220011595098589], [78.91838485923833, 11.219830837714087], [78.91865949745112, 11.219832755123145], [78.91865885009817, 11.219923133833362], [78.91884194232088, 11.219924411983298], [78.91884129501285, 11.220014790693515], [78.91874974887006, 11.220014151632023], [78.91874910153507, 11.22010453034224], [78.91856600921355, 11.22010325212044], [78.91856471440886, 11.220284009522908], [78.9184731681942, 11.220283370353618], [78.9184725207604, 11.220373749054852], [78.91865561324362, 11.220375027357502], [78.91865367106801, 11.220646163470189], [78.91883676374886, 11.220647441700972], [78.91883611639591, 11.220737820411191], [78.91846993095336, 11.220735263823858], [78.91847057841412, 11.220644885131607], [78.91828748577818, 11.220643606676244], [78.91828813329282, 11.220553227992976], [78.91819658701527, 11.22055258872487]]]}, "id": "+7276+5892", "properties": {"count": 39, "water": 1}}, {"type": "Feature", "geometry": {"geodesic": false, "type": "Polygon", "coordinates": [[[78.92451523003086, 11.220325494998336], [78.92451845775854, 11.219873599776381], [78.92461000419777, 11.219874237068193], [78.9246106496912, 11.219783858016616], [78.9247021961035, 11.219784495263513], [78.92470284156997, 11.219694116211935], [78.92488593435861, 11.21969539062488], [78.9248839981119, 11.219966527815544], [78.92479245163672, 11.219965890613564], [78.92478986977977, 11.220327406846824], [78.92451523003086, 11.220325494998336]]]}, "id": "+7344+5894", "properties": {"count": 21, "water": 1}}, {"type": "Feature", "geometry": {"geodesic": false, "type": "Polygon", "coordinates": [[[78.92660596842126, 11.22241886665625], [78.92660854850851, 11.222057350054682], [78.92679164300397, 11.222058623560327], [78.92679228794943, 11.221968244400951], [78.92697538240893, 11.221969517780833], [78.9269760273005, 11.221879138612474], [78.92725066894485, 11.221881048457718], [78.92725002414312, 11.221971427644043], [78.92743311865652, 11.221972700745447], [78.92743182915189, 11.222153459145046], [78.9273402818323, 11.222152822598837], [78.92733899224682, 11.222333580980468], [78.9270643501533, 11.22233167114421], [78.92706370527073, 11.222422050312566], [78.92660596842126, 11.22241886665625]]]}, "id": "+7370+5870", "properties": {"count": 40, "water": 1}}, {"type": "Feature", "geometry": {"geodesic": false, "type": "Polygon", "coordinates": [[[78.9260702324367, 11.220517083747513], [78.92607152259711, 11.220336325482661], [78.92616306926992, 11.220336962316333], [78.92616435934949, 11.220156204042498], [78.92625590596838, 11.220156840840236], [78.92625655097672, 11.220066461698828], [78.92680583064522, 11.220070281856438], [78.9268064754739, 11.219979902679096], [78.92717266191357, 11.219982448863938], [78.92717330661648, 11.21989206966863], [78.92744794641929, 11.219893979001833], [78.92744472324608, 11.220345875059222], [78.92735317649243, 11.220345238620808], [78.92735188713152, 11.220525997029391], [78.9274434339301, 11.220526633476787], [78.92744278927209, 11.220617012690061], [78.92753433610659, 11.220617649119491], [78.92753240216852, 11.220888786750331], [78.9274408552442, 11.220888150311918], [78.92744021055925, 11.22097852951621], [78.92725711667467, 11.220977256531587], [78.92725647192684, 11.221067635726895], [78.92689028409477, 11.221065089398323], [78.92689092895938, 11.22097471022098], [78.92679938204404, 11.220974073575956], [78.92680002692661, 11.220883694407599], [78.92643383944488, 11.220881147558003], [78.92643448443526, 11.22079076840761], [78.92634293760077, 11.220790131627838], [78.92634358261809, 11.22069975248643], [78.92625203581953, 11.22069911568869], [78.9262526808638, 11.220608736547282], [78.92616113410116, 11.220608099722593], [78.92616177916341, 11.220517720590168], [78.9260702324367, 11.220517083747513]]]}, "id": "+7372+5892", "properties": {"count": 143, "water": 1}}, {"type": "Feature", "geometry": {"geodesic": false, "type": "Polygon", "coordinates": [[[78.92761235274983, 11.158162942208273], [78.92761299367983, 11.158072562608723], [78.92770452089512, 11.158073195489807], [78.92770516178918, 11.157982815890257], [78.92797974337216, 11.157984714344861], [78.92798102497163, 11.157803955109829], [78.92807255212405, 11.157804587856166], [78.92807511516128, 11.157443069359152], [78.92798358812566, 11.157442436630781], [78.92798551043053, 11.15717129776925], [78.92816856434008, 11.157172563163108], [78.92816600148251, 11.157534081696056], [78.92825752855407, 11.157534714370527], [78.92825560643784, 11.157805853276974], [78.92816407927646, 11.157805220575554], [78.92816343853511, 11.157895600211036], [78.92825496572345, 11.157896232903473], [78.92825368426772, 11.15807699217444], [78.92797910255896, 11.158075093953395], [78.92797846173677, 11.15816547357091], [78.92788693448554, 11.158164840770675], [78.92788629362742, 11.158255220379209], [78.92770323908006, 11.158253954688906], [78.92770387999208, 11.158163575089356], [78.92761235274983, 11.158162942208273]]]}, "id": "+7375+6586", "properties": {"count": 30, "water": 1}}, {"type": "Feature", "geometry": {"geodesic": false, "type": "Polygon", "coordinates": [[[78.93634919484343, 11.16527321760892], [78.93635238802189, 11.164821317338433], [78.93644391785128, 11.16482194791983], [78.93644455644565, 11.16473156786214], [78.93699373537707, 11.164735350757631], [78.93699054321371, 11.165187251216764], [78.93680748326746, 11.165185990314482], [78.93680684476293, 11.16527637039014], [78.93634919484343, 11.16527321760892]]]}, "id": "+7472+6503", "properties": {"count": 39, "water": 1}}, {"type": "Feature", "geometry": {"geodesic": false, "type": "Polygon", "coordinates": [[[78.93709675535962, 11.163109139294482], [78.93709930847946, 11.162747618857106], [78.93746542541648, 11.162750139655557], [78.93746351091796, 11.16302128005321], [78.93755504025329, 11.16302191019443], [78.93755440210806, 11.16311229033297], [78.9374628727458, 11.163111660182764], [78.93746223456466, 11.16320204031232], [78.93718764643295, 11.163200149673058], [78.93718828469494, 11.163109769552484], [78.93709675535962, 11.163109139294482]]]}, "id": "+7477+6525", "properties": {"count": 20, "water": 1}}, {"type": "Feature", "geometry": {"geodesic": false, "type": "Polygon", "coordinates": [[[78.9405127650565, 11.236615233983647], [78.94051404812919, 11.236434474263524], [78.94069715329663, 11.236435740834176], [78.9406977947656, 11.236345360956149], [78.94143021544431, 11.23635042605298], [78.94143085667973, 11.236260046139018], [78.94170551443086, 11.236261945069732], [78.94170487328529, 11.236352325001658], [78.94179642591392, 11.236352957927657], [78.9417951436497, 11.236533717800494], [78.94097116970455, 11.236528020352585], [78.94097052830745, 11.236618400239596], [78.9405127650565, 11.236615233983647]]]}, "id": "+7529+5712", "properties": {"count": 34, "water": 1}}, {"type": "Feature", "geometry": {"geodesic": false, "type": "Polygon", "coordinates": [[[78.94274260050787, 11.206171075652977], [78.94274451767438, 11.205899935138545], [78.94292760386939, 11.205901196939141], [78.94292824285903, 11.205810816755687], [78.94329441520412, 11.20581334000654], [78.94329377633129, 11.205903720216943], [78.94338531945574, 11.205904350960038], [78.94338595830163, 11.205813970749633], [78.94356904451462, 11.205815232145989], [78.94356840572262, 11.205905612374359], [78.94365994887401, 11.205906243036605], [78.94365931009999, 11.205996623255992], [78.94393393965302, 11.205998515098997], [78.94393330096881, 11.20608889533635], [78.94402484419209, 11.206089525899781], [78.94402420552585, 11.206179906137136], [78.94411574878505, 11.2061805366826], [78.94411511014577, 11.206270916928936], [78.94429819672706, 11.206272177930034], [78.94429755814167, 11.206362558194337], [78.94438910147274, 11.206363188658953], [78.94438782432891, 11.206543949178576], [78.94429628094395, 11.206543318704977], [78.94429500372826, 11.2067240792246], [78.9442034602894, 11.206723448706086], [78.94420282164113, 11.206813828961405], [78.94401973472746, 11.206812567834545], [78.94402037342962, 11.20672218759719], [78.94383728658784, 11.206720926371515], [78.9438379253439, 11.206630546143144], [78.94356329521595, 11.206628654111492], [78.94356393404388, 11.206538273892106], [78.94347239071281, 11.206537643166978], [78.94347302956768, 11.206447262956575], [78.9431983996733, 11.206445370619495], [78.94319903860902, 11.206354990427057], [78.94301595209961, 11.206353728734257], [78.94301659108025, 11.206263348550802], [78.94283350465167, 11.206262086768172], [78.94283414368623, 11.206171706584717], [78.94274260050787, 11.206171075652977]]]}, "id": "+7547+6049", "properties": {"count": 109, "water": 1}}, {"type": "Feature", "geometry": {"geodesic": false, "type": "Polygon", "coordinates": [[[78.94483979522495, 11.207360523718688], [78.94484043370254, 11.207270143427435], [78.94493197734802, 11.207270773784254], [78.94493325424031, 11.207090013201748], [78.94511634143245, 11.207091273789619], [78.94511697981123, 11.207000893489383], [78.94603241583482, 11.207007194721944], [78.9460317777435, 11.207097575076078], [78.94612332140694, 11.207098205046622], [78.94612204525127, 11.207278965763875], [78.94603050153393, 11.207278335784348], [78.94602986342466, 11.2073687161295], [78.94584677595404, 11.207367456071633], [78.94584613778187, 11.207457836407803], [78.94557150652204, 11.207455946091933], [78.94557086826005, 11.207546326410135], [78.9452962369643, 11.207544435824772], [78.94529687530714, 11.207454055515553], [78.94493070044673, 11.207451534357775], [78.94493133889738, 11.207361154066522], [78.94483979522495, 11.207360523718688]]]}, "id": "+7574+6036", "properties": {"count": 62, "water": 1}}, {"type": "Feature", "geometry": {"geodesic": false, "type": "Polygon", "coordinates": [[[78.94843486722131, 11.229800690577148], [78.94843550589653, 11.229710310223014], [78.94889326054162, 11.22971346239338], [78.94889262201912, 11.229803842774464], [78.94898417299486, 11.229804473122298], [78.9489848114904, 11.229714092741215], [78.94907636244817, 11.2297147230621], [78.94907572397058, 11.229805103452168], [78.94971658098935, 11.229809514943781], [78.94971530442942, 11.22999027579578], [78.94916599805401, 11.229986494535222], [78.94916663650466, 11.229896114145154], [78.94880043248494, 11.229893592762798], [78.94879979390855, 11.2299839731349], [78.9487082428879, 11.2299833427152], [78.94870888149126, 11.229892962343097], [78.94861733049756, 11.22989233190543], [78.94861796911887, 11.229801951542314], [78.94843486722131, 11.229800690577148]]]}, "id": "+7609+5785", "properties": {"count": 25, "water": 1}}, {"type": "Feature", "geometry": {"geodesic": false, "type": "Polygon", "coordinates": [[[78.94973189805546, 11.22764038457605], [78.94973253620067, 11.227550004132084], [78.9499156368316, 11.22755126404622], [78.94991627491393, 11.227460883602253], [78.95000782520694, 11.227461513509914], [78.95000846325334, 11.227371133047981], [78.95010001352838, 11.22737176292869], [78.95010065153885, 11.227281382466758], [78.95046685257616, 11.227283901675191], [78.95046557677081, 11.22746466263499], [78.95055712709976, 11.227465292380954], [78.95055648921506, 11.227555672869835], [78.95064803957993, 11.22755630258885], [78.9506474017222, 11.227646683077731], [78.9508305025238, 11.227647942443895], [78.95082986471097, 11.22773832294176], [78.95073831428321, 11.227737693267661], [78.95073767644342, 11.227828073765528], [78.95064612598871, 11.227827444055496], [78.950645488113, 11.227917824544377], [78.95018773578556, 11.227914675572015], [78.95018709776612, 11.228005056033947], [78.95009554728446, 11.228004426144253], [78.95009490922908, 11.228094806606187], [78.94991180823881, 11.228093546736966], [78.9499124463481, 11.228003166293], [78.95000399681179, 11.228003796236592], [78.95000527296746, 11.227823035330694], [78.94991372255767, 11.227822405396084], [78.94991436065796, 11.227732024952118], [78.94982281027512, 11.227731394990558], [78.94982344840237, 11.227641014546592], [78.94973189805546, 11.22764038457605]]]}, "id": "+7624+5812", "properties": {"count": 57, "water": 1}}, {"type": "Feature", "geometry": {"geodesic": false, "type": "Polygon", "coordinates": [[[78.94925619363369, 11.204227430075207], [78.94925874130074, 11.203865907850183], [78.94944182696575, 11.203867165437682], [78.94944246381739, 11.203776784867951], [78.94980863510249, 11.203779299683623], [78.94980927182836, 11.203688919095926], [78.94999235744845, 11.203690176315115], [78.94999299411144, 11.203599795718436], [78.9501760796956, 11.203601052820845], [78.95017671630468, 11.203510672215181], [78.95035980185291, 11.203511929191826], [78.95036043839013, 11.20342154857718], [78.95063506666756, 11.203423433817568], [78.9506337937548, 11.203604195091776], [78.9507253365828, 11.203604823463317], [78.9507247001444, 11.203695204104912], [78.9504500715885, 11.203693318891474], [78.95044943506026, 11.203783699515103], [78.9501748064774, 11.203781814041154], [78.95017416985934, 11.203872194646816], [78.94989954123157, 11.203870308903372], [78.94989890452366, 11.203960689500052], [78.94971581874188, 11.203959432182048], [78.94971518197109, 11.204049812760761], [78.94962363906222, 11.204049184056844], [78.9496230022555, 11.204139564635557], [78.94943991639286, 11.204138307128908], [78.94943927953224, 11.204228687698638], [78.94925619363369, 11.204227430075207]]]}, "id": "+7624+6076", "properties": {"count": 49, "water": 1}}, {"type": "Feature", "geometry": {"geodesic": false, "type": "Polygon", "coordinates": [[[78.95144622675603, 11.205236701607078], [78.95144749935437, 11.205055940261003], [78.95153904268544, 11.205056568461865], [78.95154158771146, 11.204695045742769], [78.95172467416698, 11.204696302018727], [78.95172403797112, 11.204786682705238], [78.9518155812393, 11.204787310807285], [78.95181430889248, 11.204968072198275], [78.95190585221457, 11.204968700282356], [78.95190394374374, 11.205239842377821], [78.95181240034081, 11.205239214284758], [78.95181176414494, 11.20532959497127], [78.95153713386428, 11.20532771049445], [78.95153777014099, 11.20523732981692], [78.95144622675603, 11.205236701607078]]]}, "id": "+7636+6062", "properties": {"count": 25, "water": 1}}, {"type": "Feature", "geometry": {"geodesic": false, "type": "MultiPolygon", "coordinates": [[[[78.95179963251381, 11.181015914251814], [78.95180090207586, 11.180835152573364], [78.95189243781616, 11.180835779327937], [78.95189307256574, 11.18074539847973], [78.95198460828807, 11.18074602519837], [78.95198524299273, 11.180655644350162], [78.9520767786971, 11.180656271041855], [78.95207741336584, 11.180565890184663], [78.95216894904325, 11.180566516831439], [78.9521683143925, 11.180656897697613], [78.95225985010585, 11.180657524326422], [78.95225921547305, 11.180747905192598], [78.95235075122234, 11.180748531803442], [78.95234948201065, 11.180929293544773], [78.95225794620745, 11.180928666924947], [78.95225731156567, 11.181019047791121], [78.95216577574452, 11.181018421135361], [78.9521651410668, 11.181108801992554], [78.95207360522768, 11.181108175309845], [78.95207423993236, 11.181017794461637], [78.95179963251381, 11.181015914251814]]], [[[78.95179963251381, 11.181015914251814], [78.95179836292482, 11.181196675930265], [78.95170682707672, 11.181196049121791], [78.95170809671961, 11.181015287461308], [78.95179963251381, 11.181015914251814]]]]}, "id": "+7639+6329", "properties": {"count": 23, "water": 1}}, {"type": "Feature", "geometry": {"geodesic": false, "type": "Polygon", "coordinates": [[[78.95153077074677, 11.206231517224817], [78.95153204340801, 11.206050755887727], [78.95217284907008, 11.20605515290748], [78.95217157679514, 11.206235914325418], [78.95226312053943, 11.206236542364584], [78.95225993991043, 11.206688445922905], [78.95207685215235, 11.206687189754744], [78.9520762159475, 11.206777570450239], [78.95198467205049, 11.206776942321243], [78.95198594449613, 11.206596180930253], [78.95189440065302, 11.206595552783291], [78.95189630937537, 11.206324410714775], [78.95180476562209, 11.206323782549845], [78.95180540188085, 11.206233401863333], [78.95153077074677, 11.206231517224817]]]}, "id": "+7641+6047", "properties": {"count": 35, "water": 1}}, {"type": "Feature", "geometry": {"geodesic": false, "type": "Polygon", "coordinates": [[[78.95301940999421, 11.176776156796613], [78.95302194659403, 11.176414633053437], [78.9531134810228, 11.176415259188174], [78.95311411513457, 11.176324878250133], [78.95348025277777, 11.176327382492634], [78.95347898477878, 11.17650814441363], [78.95338745030512, 11.17650751838669], [78.95338618222529, 11.176688280298704], [78.95347771676185, 11.176688906334626], [78.95347708274889, 11.17677928729063], [78.95329401363085, 11.176778035173871], [78.95329337954603, 11.176868416120895], [78.95320184496455, 11.176867790022092], [78.95320247907632, 11.176777409075068], [78.95301940999421, 11.176776156796613]]]}, "id": "+7653+6376", "properties": {"count": 23, "water": 1}}, {"type": "Feature", "geometry": {"geodesic": false, "type": "Polygon", "coordinates": [[[78.95318036681205, 11.270868075699218], [78.95318164597707, 11.270687314955016], [78.95336477424918, 11.27068857751918], [78.95336413472954, 11.270778957900266], [78.95363882726346, 11.270780851548885], [78.95363818782467, 11.270871231947936], [78.95372975204157, 11.270871863113237], [78.9537303914534, 11.270781482705203], [78.95382195565233, 11.270782113843556], [78.95382131626745, 11.27087249425159], [78.95391288049333, 11.270873125362993], [78.9539122411354, 11.270963505771025], [78.95382067687358, 11.270962874659624], [78.95382003747972, 11.271053255067656], [78.95372847319095, 11.27105262392032], [78.95372783376115, 11.271143004328355], [78.95345314086791, 11.271141110697702], [78.95345378038753, 11.271050730307635], [78.95336221612573, 11.271050099052502], [78.95336285566333, 11.270959718671417], [78.95327129143745, 11.270959087389334], [78.95327193100199, 11.270868707008251], [78.95318036681205, 11.270868075699218]]]}, "id": "+7659+5332", "properties": {"count": 23, "water": 1}}, {"type": "Feature", "geometry": {"geodesic": false, "type": "Polygon", "coordinates": [[[78.9550641266865, 11.211498087497661], [78.95506603330678, 11.211226944971003], [78.95552376075987, 11.211230081852042], [78.95552439614725, 11.211139700985868], [78.9556159416253, 11.211140328270448], [78.95561721232819, 11.210959566529116], [78.95570875775233, 11.210960193777762], [78.95570748711232, 11.211140955537061], [78.95579903259934, 11.211141582767741], [78.95579839730179, 11.2112319636429], [78.95588994282475, 11.211232590855614], [78.95588803696802, 11.21150373351702], [78.95597958258081, 11.211504360711768], [78.95597640620085, 11.21195626515942], [78.95579331468781, 11.211955010689076], [78.95579267933635, 11.212045391564233], [78.95560958779637, 11.212044136977108], [78.95560895238204, 11.212134517843284], [78.95551740659857, 11.21213389049582], [78.95551804203986, 11.21204350963863], [78.95524340477928, 11.212041627452514], [78.95524404030141, 11.211951246604306], [78.95515249458981, 11.21195061915803], [78.95515567225436, 11.211498714943938], [78.9550641266865, 11.211498087497661]]]}, "id": "+7680+5993", "properties": {"count": 84, "water": 1}}]}